120093
244111
408843
361878
360355
448748
215906
342504
310901
114192
371542
233829
256711
208694
332636
284031
324311
425584
335643
207773
174134
136508
388744
226443
177044
387668
114974
243087
272358
336158
432574
201701
183814
398367
219762
151282
220985
375947
230932
367328
196188
197707
242234
454715
250329
208607
345595
228325
447564
148193
450309
243876
356403
406645
221119
134389
175338
371718
133236
276025
253393
401275
430720
263143
323929
222923
267760
138345
114600
164180
161770
100100
320625
323612
416571
185114
108652
172196
415665
392567
158312
131817
438431
154072
158401
433333
286099
203681
178062
137082
430654
248888
396118
342332
282084
320878
134065
369956
229534
170333
268927
402756
122780
419014
439527
181488
411825
377244
247508
219240
394174
122410
124193
333549
257769
444518
298510
176774
418108
223690
223950
382922
158738
256854
175276
448835
326297
426246
252295
175662
146801
170290
170558
440265
117811
123631
112365
168336
329222
145518
226669
226191
399932
135647
321251
300204
345898
175087
358387
451107
332497
241900
430497
297678
179835
168007
240975
259066
435401
259081
451745
352678
420413
394172
165737
273055
303043
342625
392215
291571
135475
245047
341513
341205
389769
365821
240282
247372
161578
385179
249376
297592
309924
105451
393863
153539
114862
180415
378719
401546
160808
157084
149020
196050
179401
402611
111204
122735
206103
188209
134235
297233
438689
163364
366543
167071
369922
347474
266243
266259
356437
120493
382838
147588
217712
399392
236718
448281
378362
363930
195259
206033
121183
157130
317585
229599
439305
433647
245723
186018
436803
322112
192101
121070
445337
274042
117999
193680
333991
447144
214110
269269
340216
228909
374714
427234
312219
263884
277492
152194
336676
363787
280028
122840
222041
144254
399803
400731
134188
336111
147237
126364
288612
249417
140796
157594
245230
289548
146427
172107
361293
234158
172247
455864
315522
230292
227471
353581
314561
161085
181558
171801
169115
141560
448614
441945
153059
233003
324587
417061
368902
387776
234091
175455
300649
350233
150333
430052
385489
362378
139313
171199
133206
117970
241412
204134
416876
130685
332521
114213
106902
215833
342613
171396
227618
176402
185781
279000
249051
231765
315014
139485
271224
369374
431084
236677
455687
204199
329516
302650
303535
205004
233826
350506
289363
297346
183546
269074
129266
171426
242466
104075
263374
106408
428144
416985
125510
223284
234830
241460
305638
105171
364095
216135
258801
347823
287401
325749
415878
287431
427450
145813
395954
325512
266739
114023
217670
162832
333555
416238
101148
179912
301125
272392
355466
168414
186720
279846
391204
201509
119911
340052
352483
114154
311891
361532
434401
252935
153705
326736
391824
410869
294985
324042
251407
200010
307382
234279
253141
154223
337238
347187
304132
387000
326558
348883
429663
396534
250969
345899
307874
269190
115048
200103
421681
127688
384017
339868
320225
403181
104143
103577
140968
246477
188429
441804
329477
376936
229409
176377
250787
216916
158364
359109
375681
251800
112807
127233
223630
285904
323613
325179
445832
111060
295128
135095
223483
322450
278102
155683
172513
432051
342628
258530
137209
239214
362276
235696
383507
399487
390338
437720
430356
238799
455235
192182
162551
400265
200407
387538
252995
280323
248237
401525
306334
108090
186234
128499
403112
155986
357849
436839
293964
239557
455677
232186
331703
268896
146668
453504
425478
250930
359421
172603
373293
448381
342815
156281
384951
158843
399237
400717
417074
331665
144076
251131
431280
340394
202208
370366
284121
227322
365354
272471
119199
194445
274267
164603
180695
160363
270477
231262
242124
267938
293042
125898
313463
207762
173810
109904
275107
355326
453467
152405
371219
279419
368764
418159
107003
273375
246509
293675
124908
442204
113190
347702
417024
350136
143391
294409
400387
366809
376706
273960
399274
295834
127555
170844
301430
223246
311293
266245
351951
287485
239324
232338
100862
356055
331071
145905
118633
111809
244557
263361
287647
290624
340267
347688
383228
190054
149970
240957
253394
411358
255944
212727
320574
203490
417155
308667
170729
391460
416625
301567
286539
435659
153386
385731
154811
195605
261451
336084
447088
211327
435991
316455
115506
440406
233571
284363
100807
450483
221072
340736
155802
146768
216064
261448
328553
311645
138360
199969
264762
228113
362408
127780
233519
274652
449070
240057
181815
239524
378950
363477
194641
346243
138020
151755
111925
311135
161512
354185
242602
441421
137011
381719
210395
279064
147643
109588
438573
355392
264665
165000
382795
427619
288402
328412
206808
342521
160159
320092
223770
185472
264711
252248
343452
391599
321707
361971
197282
137932
100962
214166
275452
436257
143710
393736
252618
405805
428951
220489
158995
360555
331446
175972
205721
455673
175045
327038
152748
177807
216748
175093
332566
167501
416554
348201
190746
292801
234784
383226
243758
129344
449567
208259
410958
415984
368071
127902
422953
383915
208009
339294
441272
400957
153171
412591
193215
221120
190802
336729
231234
347044
317663
248754
148207
404214
297176
134997
148727
172512
123173
297465
332475
165788
274437
163184
303721
300361
252608
236131
251055
170367
406191
180288
224431
245560
432086
148931
340795
108071
165689
411831
112861
130331
291116
173025
419352
233061
324260
166660
267303
283929
297323
327657
411985
251547
133407
451316
265645
104416
150234
208326
288888
427940
421404
238746
427484
137943
123938
284274
251348
351828
403610
345428
388140
188617
327668
121478
171845
331863
208768
328711
160965
441246
151236
298585
279842
385284
138963
293833
430740
322563
193679
108287
357850
299157
414762
232868
317913
300268
325901
287220
332143
226267
197441
419021
184265
106012
205559
218626
160818
119050
291537
378095
362894
407562
156957
167141
277574
203611
421370
434547
421882
330721
121373
242539
288532
417835
171529
422186
230791
317871
275285
101763
351899
113596
437699
222568
320045
214437
267033
391998
249545
164592
231651
323998
103262
451356
271016
357802
282024
297046
313200
294787
175849
380236
112007
183981
343666
146096
139233
104773
154132
109302
224144
436710
155177
307625
112441
270581
375896
190689
215967
195185
312752
126761
226885
322764
437479
132071
418860
305106
369670
278311
280110
331588
308856
147080
163016
145983
230014
131573
105009
375287
234615
341471
404881
276633
262822
302156
275114
324070
204909
165914
136231
356514
107794
297184
287368
450255
361859
378254
245706
234517
362541
312736
299651
130131
435383
201637
247984
270808
244544
335986
143257
344786
213103
352571
389591
359725
156077
108513
121367
238486
377161
375130
193073
215164
451800
432632
429330
326911
339801
218556
157962
212985
450867
435851
190648
185372
452991
450586
301091
339173
195498
352209
417541
249211
234885
214222
165464
361463
235016
196192
303634
431715
377422
355927
224256
200298
112420
352631
389702
420090
281890
119488
426003
266998
444056
189660
207176
286981
107707
319333
447405
154296
351800
296132
447172
431295
316024
107308
394042
262240
183810
202196
253427
232040
144056
326943
410151
145067
360246
147658
299045
393654
253025
259821
361204
309475
411328
339556
268576
268601
289266
246779
367810
206630
171618
309630
452048
421390
441557
317673
390856
365413
380157
236686
414498
282012
147375
198776
205280
299222
409957
231819
218027
201742
421777
158661
252785
300756
168638
357479
422149
392160
198701
356225
301468
283612
134370
170704
149949
224728
120838
358164
163658
437948
319258
135281
450160
121205
307745
119946
347154
431722
342570
148427
238339
309766
208624
174346
155435
170219
323601
268615
411270
113456
203483
178339
197919
432099
426290
311072
402202
172065
102505
125840
214598
289295
141078
430722
431861
379083
368723
123939
309650
112509
350160
278003
217552
168050
237205
446817
104842
222325
314389
321405
248157
438630
392150
337730
285518
191124
134708
432808
179366
120585
108525
346460
163824
358699
200962
204346
306642
345366
413096
292390
323763
356020
424414
168455
167910
183339
162492
132558
113682
100206
336292
389114
434823
299593
451778
346204
101189
122963
271687
317400
402851
210825
227907
270936
193972
451874
248347
334909
283111
437511
354733
279288
274885
340393
358305
325347
422634
334588
390615
394582
324554
317998
220026
417636
328163
365293
351039
291562
208145
263317
306984
128879
184733
442385
416188
387170
284250
181822
363442
108153
333639
178495
245741
406906
426704
172417
431719
226295
291554
256512
344668
232891
153038
342728
199274
211052
372574
277685
108565
298573
452400
299239
394646
255763
424592
415225
426979
137067
404417
108174
160717
340809
236776
410688
122087
334950
170412
129702
322104
134874
211541
179284
144552
218929
376604
329645
239228
362226
432361
118825
154173
438812
110874
218874
163946
219517
196853
378561
432700
134488
244806
134246
258005
149059
119828
152196
316514
241002
267008
116703
315549
249604
294733
201611
301897
193111
186376
249297
174956
262511
189099
144875
424931
216312
183988
188651
113818
386044
348574
219381
297502
117572
173759
209272
413640
113773
297243
405981
445684
383720
346356
386351
406979
449677
294930
303843
184558
243029
128683
413049
450764
301793
141308
280168
120254
119369
165151
363656
450659
433373
283603
365149
411882
439362
325709
238905
428263
188864
423492
112690
364164
405236
254139
188377
402189
358596
179787
424230
102807
107857
347530
238459
400644
174506
371694
309023
455151
418364
325991
350407
377878
409580
112065
323897
423252
322866
161339
406740
247653
323844
287427
174853
390689
153650
272546
135127
100674
311723
322896
414528
132421
326613
193844
266456
218804
229884
229231
389467
216868
237874
172749
264470
292329
112048
285291
140636
143472
220284
276394
428404
426899
252074
414537
352430
318768
313170
100701
284447
290181
221280
167253
331926
228418
404376
193958
396780
323180
122245
449089
354010
255169
379615
275806
439042
134532
405535
338085
329733
370202
178065
364778
430432
128506
396519
396568
406370
372715
218597
207657
437037
191519
300211
303871
365909
175461
284426
267835
169289
193503
105468
271997
141735
175896
100658
292069
195826
140588
357587
165564
272446
408196
326265
107437
259218
348572
339110
347359
123870
401072
414686
346572
375531
368266
342546
147736
441069
201893
452895
391339
441220
133661
215335
379985
453272
244035
278478
219282
201348
364062
314945
133311
426084
157858
228914
454114
418678
329401
176882
219692
345549
447360
207307
267630
285777
102535
313773
158639
129481
173331
397959
396937
221077
271249
324629
147073
293401
244712
376582
119130
399316
116934
144361
410998
137440
111672
218738
154820
336350
403328
379310
286312
316445
276177
236093
283714
307782
343974
218420
290381
185519
137199
292179
173716
185513
121065
258995
345876
120418
308345
187173
346743
117256
243556
163313
406618
269985
334453
303353
394649
418906
312730
179930
289218
338692
180825
219137
137831
263533
248917
158563
193830
287642
370145
407099
154116
126629
448595
223886
262682
228621
125074
278286
110455
145065
343585
203820
386904
161323
388379
288099
120064
103472
339566
286950
312924
439367
307750
444305
284625
120915
106092
165712
405273
199723
139631
106976
173807
100526
261507
131105
382019
285289
264615
223721
454939
278452
425693
167497
306454
161556
159349
102200
242944
143744
169946
377251
224762
237341
267666
365692
444343
442253
345278
446334
447006
294011
218880
388331
162111
257134
362159
362260
180339
307069
166551
254468
360901
396234
409325
352837
286852
159125
407151
242197
157151
257513
128804
102931
284107
287437
328731
370156
274772
429051
337962
438498
352325
158082
324885
404916
346998
116868
279629
441044
418417
137583
263901
414998
131050
392941
201148
404306
146584
202084
148805
212732
405135
318794
308110
211624
320786
122448
241485
294977
298561
105368
259639
374210
154716
382353
362654
257980
179903
352276
418511
176551
112987
389651
193508
390253
384250
320886
298332
433626
452973
394028
401344
301894
308224
157114
213466
450471
113168
305163
303281
215903
212381
111438
424740
193941
252536
119764
181510
427366
254391
453513
205394
403609
253657
135691
311352
230845
263625
102108
293061
302734
154539
400664
222364
166716
454210
287856
364701
337212
343251
419519
202427
414393
212229
381611
413144
141900
386879
413020
114522
241978
261032
177701
286395
171579
250310
394659
149989
296411
140574
252264
115602
130665
367306
368744
303214
398780
224543
454012
220224
216554
324086
258515
295652
199594
196622
365187
139276
126393
195217
266381
236802
372502
285179
430903
147036
163720
309308
103038
186428
148556
269640
452947
212568
163280
252743
129994
291956
369516
212705
294145
105616
303061
312843
433128
378843
299716
156170
288849
101751
364086
239444
166952
247140
374277
294630
150147
417313
158969
219734
388123
430308
341940
335509
238155
343347
263338
186458
429858
313820
319345
290799
439225
365103
420913
204851
178751
443840
318371
204210
378915
174174
275817
109160
191592
194632
313207
374740
371990
383864
135904
106690
210155
420952
172926
443621
455388
416407
296843
416590
111273
422088
304069
154225
253096
422657
377948
203284
116512
445359
378174
177477
228057
272598
269572
261562
105129
433100
289493
445324
104904
266733
408279
301874
245065
429888
168034
437734
115894
237213
335249
401113
303837
451435
389179
272454
204507
293452
256127
397559
426604
174439
218387
443932
145402
351833
117948
207053
410421
429123
100389
225316
146260
150370
168142
405111
322535
428664
409569
281522
362239
119965
243176
414135
202946
217845
108181
267955
381843
251644
288952
371735
404422
354052
219426
311837
418425
330039
130637
108044
428769
398339
328815
212107
341912
268887
195057
203271
423529
211809
416519
205012
115431
139029
282898
344286
361003
186959
407531
156919
123527
374376
371884
130104
179145
294565
338133
364827
263422
402863
364647
412127
248176
394550
354527
286724
100433
427929
119723
369652
178828
266485
242864
123972
188854
373886
305711
337861
416559
124106
203934
206316
143804
408404
428581
408059
326768
304749
133023
120767
315097
164736
350424
174232
439425
177367
274659
436431
394963
453882
391266
303057
179929
133724
308275
412937
349526
358070
230913
280122
354170
381718
155741
200915
255559
138536
225755
197322
357649
338087
441115
101179
263814
106319
162834
453012
241149
154297
206309
363003
372487
307023
156476
121889
338349
143001
403630
133646
351204
453716
221138
170380
200201
354074
294102
296307
265575
131746
162892
173527
392900
290676
380081
144745
114717
391463
360609
136749
104619
154926
413790
295435
325049
137360
118152
339581
149004
158214
387054
132614
320513
234798
157869
244491
211195
186830
396323
138075
276053
346552
372306
170244
171636
331883
121609
249349
321255
382731
396917
402594
239457
185321
309210
126039
408027
347786
195009
180436
124094
430589
205072
360570
431858
103024
372245
227529
435223
216217
392850
299575
244283
107932
386653
371120
311784
293718
146102
194876
388171
228328
280358
203187
411705
323490
195584
419482
124564
153794
173672
209291
141104
214886
292833
167950
170591
301449
333326
375892
325231
108597
222635
409253
284644
138472
317898
402857
401166
424959
267055
443409
213382
154351
245472
438138
124096
246037
346440
399412
357322
132116
320211
447373
234875
376133
443736
117680
348562
255083
393908
257415
173192
404663
425476
182650
343854
390392
149092
450340
422153
127479
193153
349339
190995
193841
100898
290517
234643
375012
225314
253660
226849
258052
224068
106572
338480
317161
144923
108040
167018
303975
394996
257640
225334
221201
201056
305958
297710
351760
179914
242685
440046
185898
201356
242488
198472
455699
204914
408408
312906
130899
112218
146394
360313
391304
218469
408914
299757
449294
455609
393407
269193
279160
235026
144960
395203
239235
330751
169638
137992
351306
119612
447439
276009
382757
426734
437929
215722
126302
222632
140797
293979
153624
425668
143049
302237
141594
189862
274873
240723
317341
206390
407148
190738
236127
193876
372553
231617
320275
374417
145116
318696
114955
112061
204312
404813
178314
206314
164185
386680
162099
410079
427051
249391
384845
248319
284589
399213
175679
377353
401483
207603
383770
293812
440820
218219
101511
427780
122985
340603
170057
244824
176200
299965
133665
258018
349739
153090
408961
341507
235490
273441
429636
203935
246965
111365
298988
446671
158071
197417
412911
326887
187146
406612
428122
106145
371574
399621
115138
133844
200841
212900
348437
188274
184066
345029
428880
254124
380592
108470
103227
229000
400705
345208
223060
311441
246245
100339
374915
323090
233732
151192
208917
106425
386965
427844
313995
257779
391728
356557
154775
396335
146745
347401
211279
183219
355683
315075
424548
354439
235910
102261
300416
113231
398938
299233
416560
440966
220823
295227
265294
172860
171224
426972
369592
119651
308657
292747
228662
127994
135786
406450
196212
354936
307869
247019
405391
317002
285468
396223
244233
158441
369662
178381
384538
375412
202566
360192
212616
312498
326860
126670
218512
202908
127394
417316
242586
241434
297196
241141
230633
157370
244103
153767
106503
172669
394127
141178
317528
143540
437728
436996
351412
287707
174124
223762
237991
349884
117872
392576
209330
413255
424021
293782
179728
379818
277303
317805
116194
163562
188047
289714
156759
291756
201693
117951
284758
316031
225995
139852
241400
126185
369715
103342
341319
346633
421768
259019
239420
309074
390220
331614
163052
196032
226978
188971
397424
101082
161206
220807
190314
288598
226595
164741
137646
295126
264234
187322
255137
172585
377501
110168
425749
246262
357805
410194
362704
110743
346879
191180
355443
292663
178573
370736
298756
194336
381157
316482
124371
382912
211906
246517
297812
385492
223637
440542
315838
364718
274531
110719
267784
302025
389043
196709
349086
114956
329099
173361
433825
218888
122424
409276
280592
149113
415992
260628
320097
257051
251111
129871
116220
441861
183552
161992
122866
325139
163577
148190
295023
439301
104292
197785
409232
199105
249629
270240
159875
399138
371006
146731
287130
445621
348977
142651
435452
373054
380242
412906
135065
410772
130869
251117
170562
345856
173252
238191
162036
263318
108974
279764
356824
144374
194337
398957
191639
162601
148741
108612
365142
379833
288943
149379
444383
233254
241673
215939
344288
440732
137898
111009
137815
432428
227886
245283
106147
307464
256446
372236
450637
324765
307996
333348
245673
356252
386105
273906
217985
411566
330766
449722
423184
437184
223701
373744
364221
195612
317513
158737
401632
300344
152046
196844
165599
308634
235487
414011
407310
329780
124166
154291
263207
364968
430207
216137
281489
193718
209219
453647
181398
143654
331309
223172
303375
326465
453841
256254
155522
447626
142355
208831
366621
313539
298920
269902
349749
272991
259723
430891
357373
422419
208543
232065
377100
369668
350783
346161
145488
194865
332799
357180
143311
164034
355321
381317
297561
129143
387180
394184
184898
240600
228009
216918
418457
246385
316392
418367
346763
107447
189552
406880
122108
349273
163128
338945
442311
346442
119600
275881
372459
381924
251852
330959
205380
296037
218200
248672
115666
434605
220858
371597
332130
174386
123987
373224
111874
262095
293569
381079
172103
232088
455925
409160
324402
451209
288400
179042
119071
311111
409924
405075
297473
336601
163145
102164
445082
363130
376815
337930
102282
302066
164709
423298
229596
269282
270785
169548
279004
301486
306109
139044
190493
419737
388856
141474
320881
160743
119310
245451
114829
251354
104111
423236
262697
352248
139531
437749
159801
265623
193723
253833
393733
159341
328158
116889
154900
209031
150458
250235
200036
255051
146475
425143
100954
396246
146926
410014
405842
424557
256849
372720
161134
341870
110624
384165
202144
433376
349532
409207
346301
324533
151778
395164
323659
169397
304617
293577
101146
126135
453925
307282
161565
385254
372417
106627
444146
208793
333788
137414
196666
225844
342602
304961
142318
384356
350287
393359
172624
159202
139296
349167
290614
140928
398575
363369
427930
243720
162382
357089
273717
333204
247782
329600
391840
194893
426092
203938
324976
331454
200758
272299
299640
154761
254530
107379
347767
431163
136770
292825
440097
417665
365052
432993
450633
377846
279496
267619
215528
248457
365795
293028
174062
311435
177644
234772
421069
455313
226532
173064
199551
157658
225161
228135
108528
273976
272259
368929
184446
428367
201697
146740
222016
384015
233218
275372
252303
130120
249027
120120
150254
370527
448162
406001
383420
277116
448078
379320
429012
198875
379624
288883
210464
142154
245006
251012
285428
424190
288660
313361
331685
120027
316291
431555
424449
151592
401812
369933
302132
372582
323083
369244
400024
257788
222880
263089
448819
452085
265960
355082
412609
348748
246717
292932
410569
378575
440563
410578
448028
134361
236474
150997
160531
432550
342997
121929
202947
175920
362273
406425
356572
120560
336454
281172
192349
382245
357803
149735
110852
455172
193306
161798
187709
339661
115380
173789
210101
408776
292398
331640
331887
118374
430881
148048
420289
123193
454367
161549
321292
190833
105536
308423
386272
318430
203321
157489
240159
363105
125106
143931
166010
146164
395572
293759
165042
207993
136903
195871
291900
237782
150615
265195
359729
300292
364255
248974
338500
250604
331155
276002
243670
431146
207147
316622
303475
242384
410062
441059
376396
209199
303461
256878
144207
381877
130037
405117
185797
243195
396645
361584
423890
107374
293635
278170
117065
167664
319254
372814
101676
426581
206391
258999
189426
196485
369741
203106
187701
251862
342164
105081
394819
348526
261143
168081
170604
210620
332884
418454
333099
242120
136774
208077
194551
331833
239510
175159
217641
340524
245636
360466
376302
113704
387959
223324
210568
228645
220190
221976
295586
355323
342713
401276
415838
172677
206000
416423
216743
107268
155275
342158
260995
157975
361159
253536
302517
193627
330537
116808
292996
293129
365807
182749
147976
430343
353165
260220
232397
190567
372356
235973
105502
327652
267665
454159
403239
153702
295957
149959
413810
245587
277853
374522
166433
205512
144086
379330
175401
142630
416167
387033
330641
436871
266511
429573
254854
438566
273050
203343
391169
246565
286200
241675
189983
247385
443123
268019
273947
346206
141846
332331
286154
126628
224410
149616
416501
148432
106088
393367
104218
199856
372095
370793
291529
391271
217930
121697
107898
307393
250739
304845
446637
212153
279632
143683
127043
257174
439530
131379
163152
380529
268033
150857
169796
219711
202236
402613
294084
205801
435517
222087
290890
350067
299476
301973
192862
312815
178143
440854
447166
210910
372362
356752
137010
171596
356299
189991
428085
125541
299418
285026
167766
166376
413010
194222
335149
342282
383987
446915
424700
298036
107120
369643
103832
308943
206412
202962
337438
298859
261412
451879
174081
354806
307521
433057
214506
399275
122331
280415
378935
411409
335119
188065
221181
448964
451535
172871
281063
366127
426411
253092
193827
232544
271842
288473
235955
230294
399977
281475
134848
193320
439495
289243
240480
332364
303839
100806
127526
317299
148916
317921
220802
389848
176293
224591
303820
110785
282351
246824
119085
202153
296727
385636
302786
177054
309484
241373
452371
393377
358206
268182
318484
270319
375371
332372
352364
326770
335389
365742
211087
401829
353079
416637
253976
164987
144224
339315
106964
304539
202961
354982
256429
337279
390759
348440
422677
251496
166513
162814
118512
247163
269083
352887
170465
216434
436966
292052
377976
149308
208402
254297
444844
316774
355478
386314
384179
196762
433870
420177
179661
266439
179325
355562
207517
411185
199518
411137
258642
455110
444481
120600
324312
300404
153938
287107
363584
160010
440050
159249
272689
442650
408403
415128
148664
335185
164744
143727
318040
351743
241336
219963
131680
310538
359746
346564
325686
374567
290009
201641
343408
159847
182248
265524
171184
180039
312387
192409
140639
302286
240688
136414
435388
295716
375463
314446
100928
172742
246029
306329
102695
314877
211662
423611
430783
223462
130028
316825
306866
165747
110792
323903
262640
167624
196502
387749
371927
456087
454376
143079
120260
207347
308390
131584
166579
379110
325803
151296
324583
203064
232153
278410
136118
397757
349045
351858
437168
151428
364678
169560
411546
183627
374350
347664
312982
311990
227455
353956
169021
155012
453048
346180
239466
186528
120191
426079
412780
115803
304244
333267
430255
417766
379969
454832
307751
172610
413211
391211
325314
268491
291668
180964
295231
165820
241302
387706
420486
456059
136627
377883
270341
207842
189039
264567
144234
401784
241601
373615
145184
274062
278055
433707
223757
343041
137559
174177
143006
197198
126096
404648
318442
453427
250659
330600
123413
190616
229156
182576
319942
422782
313217
236991
449789
176265
181434
420815
343254
195700
232287
254675
119221
195545
267325
312309
379107
445088
133858
229040
316072
170235
161136
119307
215876
108489
448395
425528
399281
156205
200737
233515
138630
286140
288613
430075
380498
265859
121758
117573
456079
107569
119436
260417
449573
354873
150303
136928
332828
203147
234945
389413
115729
249087
319509
388345
371858
317927
177297
352614
288900
114552
303049
190814
352659
375693
277249
332926
133365
169424
177052
350600
204657
151026
297571
338943
385713
133849
101573
203061
213354
312446
342735
173704
221945
215813
129785
180154
400599
331714
183539
159690
228832
250845
289284
299409
382313
200565
388507
402763
177312
321703
220142
222633
323499
432834
395839
381681
283611
409231
105393
344580
306222
133754
117053
220465
440235
208968
428288
154029
429635
185417
377475
179409
245903
400473
256680
249361
268994
405957
224130
113518
133201
160129
210358
374369
282533
230250
331767
359159
180816
164868
383054
302131
262146
137556
149630
156470
419183
229388
138375
141216
108939
189771
167414
392638
145718
430506
350594
368113
373080
403240
129091
348523
389087
245393
379316
130601
321613
147754
324998
134819
390904
348908
254046
392086
228617
167794
140556
108709
203471
359914
232815
438710
195041
226681
351812
395985
341560
186238
341919
381613
272036
135522
441203
361078
418431
406426
181528
280881
237397
297497
261875
396488
417102
104290
410299
309997
401021
233300
274150
115796
124657
140314
293855
182754
410470
358372
116304
134221
253821
112633
145621
257764
290420
159535
422280
396626
127662
124891
102575
133098
419254
415035
407067
424723
211205
345382
181948
129223
365467
138399
291105
316243
353107
416566
184186
380043
119924
355222
384135
354269
137452
141936
200266
216964
148111
287521
332704
259796
186405
104205
128315
454629
245870
380576
281962
123752
125513
244868
441401
263304
412076
444460
297109
408299
207926
362638
451036
424144
340062
443328
372851
165992
214605
192577
345665
104805
454511
338413
230326
437207
441461
369258
166905
258170
371302
238532
219217
414526
273456
157364
453446
330298
365875
253812
259680
426005
222536
252071
131522
206772
384140
128469
108845
317454
326839
199621
301322
211586
250999
400978
140424
132566
190410
359598
270189
298047
241681
260383
223309
264277
243808
383322
338584
341041
358194
401094
261902
192888
347220
410219
382697
325468
403094
291298
404365
441745
365405
308562
185156
169975
148601
300657
285835
352355
254422
453296
129904
227959
126465
248960
175004
404775
299228
105593
189467
187068
138835
299330
422325
234280
149438
284730
434635
391289
404409
306160
139558
390656
435760
331634
390176
282094
429279
264659
333128
435618
101273
167935
316170
187532
257402
278552
292600
125768
354846
201916
407422
167895
243976
360364
313316
433959
232514
217156
391631
300053
390930
423343
202014
236196
414981
193965
179620
121230
252421
145201
274280
129331
423486
263488
389495
356233
254250
180097
176887
402394
341871
191213
388010
139083
336336
245758
407410
303351
109870
389861
422864
119063
228541
399607
285135
201009
229899
340547
149140
294900
286338
253776
392492
209074
202941
308494
301329
388915
455796
214413
130384
407441
216336
246480
414583
192193
300492
451205
324859
343018
326070
189454
380866
360291
290373
407255
275786
145620
137923
201189
222262
450572
431328
218246
339679
104998
271748
103728
195904
260209
321474
340189
110101
281119
453658
378247
441242
199808
136575
217213
190003
255684
243782
396352
426039
341976
101944
365931
381606
424084
393262
121814
317559
355182
131592
377108
447318
115750
340061
123499
259870
415510
366034
176843
306913
418114
237567
177168
199258
217935
373585
266307
339912
175693
125225
442062
320509
132931
388059
286876
422327
149521
305371
441620
333642
109242
355921
427926
129315
377215
136947
192805
330498
414668
322895
374117
372536
221556
138687
185391
329824
220799
414965
210127
118663
366892
256598
289422
210675
106598
108622
339505
355267
405096
135067
437219
244149
244829
331466
162241
440274
170848
140075
342316
438873
335051
213409
385637
273615
401825
103156
406490
406057
298193
406090
195654
271784
346587
131626
435140
238616
120287
374086
379199
253566
160216
301542
261447
162789
333897
341933
444884
324126
453744
377537
452030
339192
178452
381365
183491
256654
191989
129988
235470
312169
360816
218546
247025
352971
391835
219847
217600
376375
224583
232469
128998
420323
160546
157603
179902
434060
420170
141287
393951
157818
215306
394396
103737
335061
383382
291282
430299
259159
342421
171489
320270
106204
407363
357671
215174
224584
437708
181121
143057
136387
334578
307953
154021
328401
249632
338561
454898
358105
392592
148875
316576
291215
300817
361069
123156
158404
357316
311291
452391
205137
112045
312323
216881
294779
127764
388340
448313
155186
280402
130952
425949
329566
274508
381816
153120
125020
387535
247505
141187
350011
229616
290001
158865
427922
162085
313177
371157
390293
277832
285373
241361
300581
207230
190852
308037
436383
135731
168445
211133
163158
371624
180732
404564
271595
273283
144530
405505
162144
174876
349417
414757
428632
278886
225443
399901
435570
234377
147763
275388
409885
317290
300419
333075
373543
229303
385076
111253
112062
405260
303035
133708
270201
128815
227129
279404
432753
447989
368588
287976
299263
401386
157455
102648
258361
228870
162764
313798
274756
388039
186819
209572
438514
157369
222708
209559
216513
414524
411138
136652
359451
344312
386534
382599
201806
136378
100356
396376
325523
426181
106782
178891
364276
216175
210554
210891
422661
433187
300277
166002
271671
418741
107325
179830
294767
397916
267942
286454
234485
123440
392177
251043
224937
284455
427305
269459
433876
346550
418709
296855
343677
391637
227667
269411
295288
345878
218482
440607
366572
225657
178874
336408
377535
255021
111191
378451
307400
295405
330855
351522
411100
279185
230637
290842
153942
127723
110467
280768
289880
227211
383831
198850
260306
287379
148720
185045
225297
102546
379880
171466
123271
388607
192827
168512
219496
248666
146177
271059
430741
347093
143258
310875
257839
245331
438576
407610
107289
163627
255920
255213
381269
291216
377376
360591
350562
169936
399828
415653
108640
334377
153335
158837
252483
143223
269482
336357
156159
222666
232281
152490
417483
427373
273274
183783
228648
342742
290893
334293
422739
161348
275824
146777
212979
397610
164328
118644
127557
257840
374411
151227
425121
411761
357952
408604
216863
111093
409093
400464
231995
242711
188447
369664
203045
278985
394091
200542
124809
240653
116667
409128
113931
154302
232374
270600
285714
421497
233498
209680
427022
130214
240636
294327
334646
318188
406836
451916
100688
298435
129467
430901
428949
403488
266519
283117
397691
454469
258769
123684
224966
406200
399618
216921
426130
181530
104333
101240
384957
400527
251116
233834
387293
124160
145570
388312
381323
276167
367059
130808
324833
440755
221739
441693
112560
449840
403695
309552
101825
266911
363507
359145
431192
236945
116096
107368
134491
374396
260759
163107
232525
221103
112810
430729
432386
322820
444903
372575
156381
336210
141981
367973
239852
219135
422246
150922
423764
364016
205410
335940
223389
382573
358312
229442
104261
129413
192169
185380
362185
250602
311464
172424
444072
295428
339805
253681
179277
381441
229635
164464
367234
211598
206183
216893
207353
127123
439905
136271
224162
410250
357647
423516
140224
219342
267407
122577
309429
137813
306847
314199
106394
135727
337978
313899
159218
241935
307839
259061
381366
235161
388884
399446
195702
210306
446390
101597
192732
352628
296120
267263
274964
453371
116929
226199
417174
350149
229839
291752
215381
213661
274695
429937
441653
358584
269849
428746
344739
330759
334864
396055
422873
195893
158186
365004
314216
111969
414964
402177
268143
357355
118149
230010
448867
421710
401585
427638
225073
107201
138387
406361
411219
175187
409841
136748
407219
262376
297844
169063
385365
339549
116630
448730
363495
144162
275921
115022
437314
236176
339403
345003
443291
102121
292738
239103
205768
247516
225257
196876
406543
255242
291054
283964
279200
169154
332847
398544
231041
324005
239933
159545
265675
261284
344459
201432
411627
106947
174918
419010
395221
356844
404639
313717
339091
270021
127063
392780
208056
263833
230874
421377
389052
305952
371612
152000
143928
295940
170918
281603
304218
294743
126314
179925
324836
168519
417373
443925
344238
191784
358027
391958
328519
114948
225586
336349
345444
328787
389194
106634
222080
198276
417909
171833
150091
416121
237252
264448
305436
278788
253119
149864
190237
399687
263749
433398
283272
147864
230110
454973
332447
365723
128548
391995
134941
154756
279194
263600
132106
379414
264349
366411
423973
245262
154127
321381
214212
404135
409951
397917
107073
424517
409618
369081
428536
224693
359364
290301
366682
439046
290897
208789
108747
395130
122402
103501
444470
186699
317605
437309
271599
228976
157056
181669
378831
184862
401478
150679
259241
332031
124162
268035
304217
420334
167671
191966
452700
402192
223161
373512
118242
338397
260975
450355
375211
176245
353704
358763
192895
424745
225465
335148
227737
196326
251581
136097
378472
433915
377959
174592
103679
132955
176006
266939
341738
102320
180776
163885
216326
377062
376728
164849
220862
230422
170142
330346
210345
327068
204988
138233
205914
400999
160524
150581
393991
195989
288958
266382
219781
284896
127357
422777
288173
409992
116420
293310
271535
230215
112573
348441
342692
126427
171187
256143
440443
216078
385624
283860
140182
291092
197505
129837
280660
218897
440161
190014
174564
410779
258294
223758
157524
128621
398823
296268
213740
320542
289006
213379
340780
253931
287243
368384
124672
410492
259739
195868
329970
402228
429454
233716
339798
161975
180849
108086
201299
363910
446230
277624
412679
401898
190785
295749
319107
168377
384593
298607
300815
161876
176900
123240
383331
177353
227624
269406
165194
263744
378295
318158
400650
338481
144078
351010
297700
344247
174598
201756
315426
417480
417164
348116
407834
325171
276677
104557
106552
441432
109099
408020
272589
357642
118216
115911
208936
279709
277824
204313
244590
411223
235180
364245
370059
431685
394601
185670
355717
449838
429401
251902
167399
178072
233946
277340
190512
415384
304349
190085
100227
229008
364437
227284
301373
225210
278149
444288
370513
301066
412332
193034
177837
297968
436981
421212
203803
309464
235394
244748
405600
345429
359679
403485
204826
147298
394941
317625
338069
165553
160724
132910
420021
421018
102366
197286
320849
270168
312073
271053
300896
355713
205808
130170
380485
413507
343043
219501
273634
351631
348382
190239
263459
418647
197911
427749
396704
145924
239613
137526
173058
177782
442680
421901
330167
219117
399445
257087
275699
376558
428094
428656
298710
404579
162661
170786
237914
437384
345374
411514
199412
110303
281230
268981
133689
287548
147261
323522
341287
365722
140089
449793
185253
104522
221878
330930
262888
110903
316563
302316
447334
233748
265712
244981
184690
336889
298614
257919
433212
218377
159793
383820
361783
294866
400378
366301
278759
307866
391744
321400
336896
279296
297936
302934
235767
263052
433623
268462
402064
225510
254069
262808
202639
450610
413701
135149
132425
197339
393037
175038
181807
366372
159750
312344
149813
315498
387244
206518
209419
304584
334232
150580
208770
293018
101634
334283
377172
372757
195452
315059
106580
401766
224385
454498
233725
212544
177641
120501
259891
409244
233560
424934
234771
318002
245696
414508
145770
443819
268563
227095
256765
276537
444649
336177
206050
200169
349312
410720
216059
120788
342592
274473
221811
421607
436015
121010
430930
349983
210664
114039
135355
426407
390896
448485
312511
392393
353818
165429
404831
128503
242866
412574
203677
227958
274616
377133
111464
189733
240691
442932
382815
223875
319718
228987
123335
288526
163911
222683
244918
305883
371241
424649
442140
178338
128865
253280
436549
219375
367463
448266
311053
439196
210260
191605
415312
335336
252030
213309
169985
337064
436499
373329
194446
345651
236370
240273
373761
320608
331425
422122
248982
443141
332402
160022
248909
411981
163573
313289
164020
403887
292808
125313
191251
302794
384470
393919
163095
456165
224034
287970
168504
407652
361889
326896
454553
258102
361624
247512
152008
352031
154593
109576
171899
232427
267287
352665
355095
201769
417207
320086
132872
346563
418570
280906
175290
289914
407502
218587
370700
254258
412445
411207
254393
147482
261650
269512
363464
182900
243998
382376
141698
298765
182308
239171
442759
195224
252393
170579
356411
129924
102937
209316
253656
436185
203701
307468
130617
419713
441073
127844
244843
213627
288588
216984
111533
182086
401694
390339
355789
298727
179443
241220
100340
347114
300490
397083
381928
329597
396594
355430
158062
228508
171019
253154
111529
134911
132183
199201
215192
101433
349593
209114
345508
426878
433931
330897
318185
177271
116785
386580
142401
415972
422318
447386
270734
143885
249803
181816
362349
164206
266090
342627
122522
148462
109268
120837
299699
228896
425021
393794
228527
290081
445913
278403
186122
372929
451165
271069
452660
287683
165089
437371
324775
337575
114866
204331
108323
278557
183509
439757
181341
115728
392569
435105
311437
171192
149745
224620
355188
428638
408455
318899
295494
193801
373821
375167
404762
382043
437637
153131
398840
434901
312646
427828
145980
439674
363720
365173
324471
416347
214092
197912
148743
399651
146275
110153
212310
390912
372581
211390
455602
277897
245436
214821
342992
319807
202251
432057
239807
160222
247237
125194
350167
221001
287706
257090
442133
210445
302031
117997
436586
302482
277149
241667
379045
401819
104983
221938
137020
155247
130547
315428
315963
264206
234219
394844
406326
290742
417497
362410
323602
363969
212947
244660
234335
202623
111137
426161
193773
107612
272292
275002
410123
117554
264718
433380
260735
108035
225457
396232
376845
245735
294428
416663
350094
162626
423952
448648
362687
149664
301383
139003
338132
190052
190479
240827
351001
205212
255808
201507
198322
162446
260158
151531
279378
117322
147198
180197
215087
147899
100519
430415
153522
148405
184243
283878
381999
412477
166663
208654
265267
357763
233699
307703
291716
340812
212224
353645
153939
111759
361508
251167
424628
305492
372862
451889
454785
384648
372769
424371
153071
348104
206981
115067
183376
101381
394227
393685
205028
103834
322932
393676
229947
194721
373273
337526
400844
280120
332525
260521
166424
138511
185718
152223
299483
103249
405938
330695
284378
142697
344073
319932
215456
312650
194479
311659
451542
205017
352328
130276
212050
280507
131807
199814
353109
316908
264668
199875
140252
276739
179246
114966
437286
377032
346438
183695
325943
138053
337956
310279
207703
119759
261174
206913
316937
375716
237286
438052
327388
327020
150456
303488
211494
237822
253624
259179
412540
318168
107866
278512
359240
107342
454289
220099
251596
275155
118993
191673
209249
143647
422818
386269
425353
240849
318839
178042
426827
421417
131993
231644
153907
175415
420196
269715
363036
188610
337630
102889
210264
325507
446612
177918
333136
381336
327312
113715
296115
135437
275732
395562
373478
252057
140019
403115
282395
172937
248052
424033
231577
290888
241904
455386
244864
286232
123846
295743
207150
351314
450047
391934
271399
235176
303690
387508
408328
319221
258142
313821
422769
161252
269786
297341
433417
328947
373360
439096
314437
200704
345325
244485
233904
162415
260817
228504
237015
142027
155953
366914
179526
259541
178461
384440
360914
429616
244512
381402
261016
130555
178994
317948
207923
255510
352769
104716
399642
409575
185791
260904
419301
287336
141102
242002
306621
379618
338634
113053
375960
179174
112379
241911
151001
330394
409762
293721
179539
231365
377964
171679
450064
289194
280917
390797
189359
267560
245263
240371
352259
238259
421010
388361
271486
436904
245800
305954
352461
151193
101633
116057
389607
373233
143926
150403
407395
115411
334301
113159
330920
134445
415785
136102
414936
270517
226184
162234
254994
298724
320557
196870
370654
190509
200285
233452
273307
256639
227491
165121
255782
415603
229510
402146
123036
342909
446934
152560
285294
453202
229581
167210
295433
138702
139608
448562
338169
246344
374681
215423
242524
299605
138467
254614
146660
244370
451089
233454
354568
161889
443401
191938
393759
223083
359837
375664
258957
191983
179764
237163
233841
454704
421199
212884
379005
373593
349912
151893
123137
381773
217358
130996
408749
220789
258466
410990
178089
108797
215215
124561
448667
323159
134876
411966
423784
399354
453563
335920
354005
366687
392222
313329
116663
346461
359397
416924
111557
230421
432713
416768
284064
380213
145034
444437
418179
331860
441469
401916
185075
399782
244373
300712
426148
412835
397264
228736
129686
279430
128660
352481
448791
171353
344553
105836
126417
296437
254681
437876
218076
267441
169843
323273
149770
378222
262998
234574
257008
227106
276609
210994
413452
208044
325242
377656
190285
187580
411682
400835
359522
259310
310248
263351
409366
136384
406686
390986
287749
370872
170586
393729
168341
343316
110261
139392
355467
248137
349956
102518
105687
189568
177081
269635
429326
109790
390823
198864
221491
244245
230444
279116
397683
179487
201224
134170
383511
155925
143053
192714
236687
303621
394841
352180
267300
296856
401261
101339
268578
324167
385327
331568
223253
381389
447913
245100
219838
389535
323646
124342
250133
311060
159496
205378
240015
356787
448428
422974
114190
116799
219776
304537
289479
183021
227415
244862
198067
361147
151605
206890
169209
358265
336545
189628
415125
378229
296234
162274
183669
374768
445422
448253
197342
257684
402457
269639
171588
291975
425771
167583
185142
452786
423568
248740
317334
141184
139713
275901
403647
284210
329014
384983
268248
282360
354493
377950
372564
326122
455832
408673
175489
271888
147481
304795
254825
161828
407401
370691
269539
254717
354747
111825
139586
360318
239150
102354
392468
287910
448565
180989
340867
208084
342426
252210
268837
456066
163830
449328
210483
115687
324050
301572
398213
140449
278231
282641
266191
277644
427296
400692
182521
387216
368785
205926
395633
369907
162571
250892
126206
381236
169751
213328
112854
160149
108337
278857
216436
423222
392973
298525
260405
149651
204186
290277
310462
280042
151202
444232
413022
298544
428607
105673
269476
174684
308102
107366
351901
442004
350566
186979
343582
371867
350686
237718
260454
359222
130095
427335
131302
195610
230261
190438
103724
142213
277622
307355
147024
450931
264218
224944
291814
436677
203494
397453
150852
337086
302547
427477
445905
316203
228913
211899
311575
412437
213471
146898
211628
137756
145078
397754
418545
353490
150301
371164
309528
333794
296808
410899
308374
244780
415837
236618
106969
124640
341646
362448
279509
115484
227394
426221
159362
356870
224293
109951
358251
306462
386326
159258
241974
121278
447776
361755
259852
325727
172185
417773
190958
219040
400686
300434
241823
172645
209310
342354
318256
447526
144045
424318
158774
102266
336772
266782
418051
245322
208351
318960
370046
205050
295859
318644
452134
430579
330491
342814
426454
133126
144608
168401
254010
190789
204064
433289
394665
283006
217270
271023
306654
325120
439543
243459
101009
132098
325154
166935
224743
354162
374962
414467
204168
241757
302269
333883
117235
190638
449913
287255
254572
219743
238451
259057
318237
242601
397515
282866
387669
275872
227719
132524
105862
225855
395441
413587
438102
356850
169762
367161
310196
131520
135552
396515
420071
307681
425683
190348
126687
210048
262250
302329
370623
219419
146227
124455
329415
204564
422647
377007
291010
227307
420236
281820
244062
272771
151398
129817
140353
298497
185875
313317
419652
354529
165192
407504
329828
349991
371819
128723
448273
250738
441215
240218
142595
453812
302523
414018
190740
440934
170111
336200
157213
421594
422896
266620
242041
140829
418932
271068
164490
314015
417167
376797
224439
424417
127573
189814
435821
259961
278948
352568
248116
406039
318893
382088
317179
382261
388595
204785
373288
167984
232024
430717
117790
190481
259360
269289
331796
183337
111363
212808
435561
337974
366191
353511
442325
135030
175294
115419
330190
318066
429346
192553
158844
296116
231957
372950
418059
243705
409892
285362
429358
142981
342080
421908
193391
404103
253650
103746
425637
134706
183007
442913
195999
255804
440090
272720
407938
205065
322171
252331
256068
149719
289303
179675
151020
237412
444002
111458
142278
308389
161767
453279
100380
400405
304165
137871
148927
302315
385740
224348
322066
431769
184469
429007
396990
148271
386046
409990
425302
107155
115553
156623
390631
171143
313936
336806
142484
313212
452434
445965
239950
419326
231747
326603
210887
430994
382777
145961
435792
235759
292716
380482
344448
369804
186502
313103
216389
333898
224035
298422
363723
211991
135193
409519
113775
151953
170905
279607
299553
241392
362289
125123
448831
267406
185808
182131
270813
126386
261377
232620
450707
407552
364017
132709
212903
165394
446899
171654
253873
214189
190632
352770
163624
300823
302554
397151
345047
108639
383311
189079
225277
271206
407319
399518
357544
266929
105857
308581
185595
373561
434531
134578
193010
307615
233182
298197
197407
255103
278798
442525
203728
232503
411388
242036
156364
111217
151306
146222
163823
340793
288537
260736
253403
336679
411097
132274
351644
274283
389746
250622
372775
247524
161602
397450
384241
183338
112585
232718
381331
397692
288846
249799
293694
400506
124770
419983
144627
113949
448506
352903
196789
181827
278285
252563
107567
400578
441715
210897
253498
200806
238089
267546
353083
129546
176799
102412
301367
166417
171202
447156
136824
125989
248938
197853
381786
415378
339047
247362
317387
307201
224940
428514
370430
309414
394041
297120
111043
156353
221167
262498
203604
444046
435843
109581
389735
416080
445808
282277
306499
394173
366158
135534
177474
416473
294361
313613
207253
355889
362952
222677
226457
101909
224081
419902
381917
318478
259610
380966
384589
387905
377474
365950
287940
419547
213807
204518
354485
455619
167326
137379
129103
168262
288503
401215
210615
355263
354557
357129
157281
382869
329257
326728
227962
448145
146293
286736
316152
345406
105518
403860
108527
435576
199484
123233
141392
415044
288920
366775
381927
104392
350178
443610
301942
278848
307048
393251
450889
263869
382555
293875
258237
121955
199880
361388
138823
131295
253784
402562
187751
216629
392650
347994
447785
262205
219654
278797
333419
285171
147728
452235
349501
451224
336049
424761
259798
130535
197609
154501
445941
439001
250603
219957
284700
304726
370683
152122
186161
410043
381265
221978
381222
145505
168914
382096
317006
406399
339932
424804
343350
199319
341060
174568
413140
345369
333975
395716
127706
263084
249981
145087
180897
251018
149273
378357
202412
437740
301811
236404
340320
135453
382037
193364
360738
263874
252368
264997
229456
441224
406993
235902
358866
275689
259210
447511
396766
283872
378784
398416
203768
360685
299825
297048
383092
300077
445184
294656
402725
454926
256582
411257
169500
318867
175695
245286
384349
269627
397247
128813
113853
407979
357714
148833
400362
452165
341426
151050
245146
319045
184316
434699
370491
176279
375990
173170
291062
358623
265429
186469
294435
195544
211057
306596
383853
308402
246843
188680
116104
318429
130669
417782
188939
177667
425200
283567
339094
182281
330939
387444
346326
259426
170551
299443
295268
386663
140379
124884
379489
124453
366335
120229
413862
420711
318026
133256
266505
343262
392379
154576
144456
442240
299924
268069
324763
454363
253389
422951
286362
410556
430910
339223
282251
269106
392166
153207
189527
166597
336678
130527
333264
441755
145594
430379
384399
206706
259976
332841
257012
381541
255516
140869
239205
274719
106483
225152
345546
318100
384346
114584
231482
310916
246530
435015
245504
234666
390669
281368
431830
354131
223311
153494
408451
146274
238289
342726
391644
391890
180098
343528
168879
246316
353200
224862
247670
229181
406064
193466
456000
417504
411839
157613
173081
359627
401838
383514
442904
376210
377486
239512
375008
202225
307709
164875
433030
374337
359033
389077
218371
330255
101532
309128
130961
363763
329010
283698
283602
336379
387527
355531
434979
222064
389293
310550
181400
162887
252581
255000
198960
208816
384410
321736
248862
296042
407056
124718
176623
253035
419903
172371
218563
137513
397359
389005
278200
423473
216228
399409
357166
300929
197894
302291
249120
178786
283948
194747
328955
159625
235851
161148
386354
240533
296099
131532
130570
254992
399339
344335
410294
228873
269343
400864
160307
284761
325893
169525
252776
226756
346307
231512
379995
413784
442660
346455
248603
204757
446312
104750
149111
125822
172828
116651
443926
399442
141295
254357
113881
239935
168199
159680
261547
371916
110635
183175
202770
186601
424055
133452
388855
405390
237738
255262
207166
427582
429520
117704
235596
162221
288941
356408
353659
448057
136125
257656
287743
441792
374122
355232
206293
316189
115496
144501
189545
184225
148124
360226
162432
319520
175741
110549
270949
328199
383142
166076
150564
408547
284352
230354
352298
302851
417132
256916
257851
356103
245778
391905
143447
114614
121801
448065
392378
293830
378212
160826
320303
266209
133077
456044
295424
178964
196275
120808
206274
103700
421133
389781
186480
122320
302793
221795
250550
253801
125997
420454
291915
181708
120527
408737
440187
415412
169996
237097
419964
377360
216206
368876
273119
127737
100167
136038
173729
251004
428658
254275
220167
105893
203184
237352
193016
356856
189286
235096
433978
145906
196770
344870
106112
298219
170904
231356
287045
390101
403313
129604
117068
213318
275022
357656
305257
229969
298624
205393
438028
388543
180167
356461
438263
172885
408473
354914
345698
372567
286253
392605
316193
283544
181991
419660
305559
113137
321623
386331
172553
366719
350545
231005
402836
200060
324680
337696
441263
326026
396383
372558
450876
104684
319971
355498
423685
200364
307759
440949
369587
227628
367997
291568
234725
341915
215624
387870
391108
249175
256427
409806
293312
126970
130318
403002
262761
453400
374644
135666
174732
283116
148847
151295
352538
339511
222102
146854
156904
284137
292845
293440
309739
222132
249962
272294
312541
394098
453540
285820
139151
191170
346648
113472
146383
228593
309661
234060
192150
107797
309605
422275
382542
416083
246297
305377
320239
242624
191223
453211
254798
100252
431262
428549
200891
293995
127743
178691
429900
285281
282869
101729
399797
440889
340303
203146
444550
174025
125244
297850
114214
450594
326249
360436
423080
282097
381815
312419
263776
244440
358941
422431
289510
143972
133848
291503
307419
431876
128772
183149
231159
279022
291248
111250
243158
358484
259398
383749
121706
174511
372566
448448
129954
442212
284185
198139
427895
198267
279954
351111
242297
412016
245695
268138
292419
352462
206018
343207
101997
161843
190115
414853
357103
325866
229436
120033
390265
215080
249914
355347
157433
311940
453545
274817
338654
190288
277281
267409
309024
387499
185644
265541
435220
232206
105753
440013
395740
297830
368160
300493
261262
205913
296276
168155
445149
180596
243503
183755
207297
383241
341660
367034
399051
453334
425502
149205
193537
268587
171672
263270
388524
455396
308737
368061
431236
373062
279345
421937
141678
149887
101115
333678
152066
179808
122911
165555
323755
313623
193493
375353
411098
383575
149080
374611
438039
441612
434386
415928
231328
388684
109817
166511
209051
400973
396504
335302
414097
235184
242118
156439
198177
139837
180372
107469
134577
296076
121775
212154
327115
238737
396980
218194
441623
112384
339156
214567
195725
392506
312075
242992
360089
442296
411523
196483
435907
281082
263014
386727
252753
274886
227613
141598
251584
276752
142121
132880
170300
416751
398620
202562
193197
126324
201689
174171
147605
195571
338168
273029
102142
309440
387767
406776
236410
135918
204848
185330
421306
242189
269483
163923
159868
123716
355916
390185
244693
214562
439432
399384
360446
190769
335430
366190
120602
325945
125839
144059
428191
307154
228612
287468
324331
194134
383641
414130
112113
295282
335828
420953
439418
231383
173289
325342
345448
104390
396001
146422
222736
426555
232487
357128
360264
443342
291881
102981
122858
322292
134138
362032
246221
373812
423801
258562
341283
237123
207908
368294
148695
143259
169715
214343
141885
148659
354460
236139
198921
451362
294623
105506
228912
144288
127667
294408
361140
327867
277506
447880
162487
144735
156016
108150
328239
418665
418134
244946
143098
277611
450232
373981
272734
245142
423575
211527
257454
208932
275908
184756
218994
435026
434879
300006
237771
422361
426309
118256
154912
423946
219123
349154
332370
277819
414956
124058
349359
119797
120494
290662
346275
437806
113172
380197
210787
109655
217116
418373
308945
300099
236456
257673
131244
434652
105600
283662
112424
350359
144430
342937
152294
128742
150103
385025
377801
360365
374707
352822
267723
364172
289768
400117
402168
253361
139730
415160
189823
121531
252609
187908
173280
332491
139337
416808
443017
454635
151655
257993
113493
122526
232920
412282
160787
254777
412439
151063
203546
380302
429296
176983
258353
285216
109630
221271
381413
116666
444952
143937
103977
350695
435325
264664
314481
266121
423987
440651
291714
311900
267558
416198
417275
116366
316238
293568
385436
235849
310486
220244
350008
451303
385660
212125
104754
204665
430752
452055
131917
410906
134656
244303
185273
344348
278928
381292
155559
340902
186247
405622
173638
240635
396244
390988
130454
431185
315463
249396
370713
195851
180804
205712
383872
348983
182469
232437
306007
211256
167580
420897
370903
201990
445005
267648
246946
114925
283338
272982
180283
282390
169813
305103
230301
254289
283861
382231
441330
248369
147420
312989
221182
399413
122168
369575
278729
125881
329050
421348
357416
454299
361582
291791
304542
240681
265846
204408
159030
208459
269003
427497
155278
274427
168784
273014
230181
455480
117566
230337
407152
177848
136206
418797
399675
296006
108284
370722
139024
240375
399238
339319
138498
388091
117601
164121
346707
264312
309311
109685
181269
253969
229743
363308
171522
139411
343529
194633
385235
128249
291283
333124
257373
155384
142161
320396
390842
183801
270081
219152
219697
196320
191103
429720
219151
274236
351600
119560
103887
150358
337958
432364
354166
338968
346416
310911
148054
203732
249128
264235
244859
181176
405797
187865
238138
179631
119760
452075
182089
129404
134587
440070
380138
246131
353736
372492
195254
323360
115555
393611
212073
407022
161494
115254
301852
108706
160489
136721
279268
332442
383166
424497
116264
311129
348178
346532
296105
154614
402061
276967
192102
203714
409116
188779
438459
266829
107436
276368
315275
274796
355725
368993
255481
285594
103416
358252
270103
163648
231444
359823
382104
386876
163664
112547
217060
375115
306891
377533
308890
196990
150989
293513
301217
236180
170192
160253
332872
119244
202479
235098
309186
225124
329406
334904
367991
309332
266306
227079
404787
198537
198936
112079
196702
147619
276033
388437
243617
227515
217948
113513
158320
115376
396831
109312
300679
359792
121399
330474
215630
424056
417368
193119
315632
384340
349621
333092
118516
126876
124743
110320
132403
189896
334566
241311
341121
453768
358094
140456
268726
386765
151256
128394
133787
276839
134435
398631
324207
373653
147331
319480
365010
372121
419946
132975
378364
221645
184048
301807
163554
133009
455312
141271
221037
386661
168643
165273
327232
219758
350049
388706
245554
312030
123195
240459
226070
274685
293536
440791
396213
300250
101514
427830
307519
245004
177551
113131
327575
201858
412501
197096
130165
109290
199951
266348
166662
432774
433310
216934
262542
203484
268088
424589
190529
306243
197398
347005
194411
320554
153405
286390
320994
201661
397201
297772
218423
225645
132581
114639
144309
176417
195721
284638
147550
363248
228564
368050
385950
362057
252371
287467
247648
292135
266825
274849
194261
114618
224881
143823
382034
217828
307621
286568
236560
433649
314506
453087
214740
179063
377296
201482
455039
287978
199668
339015
237795
353925
155454
340588
447093
364175
424224
210136
189297
181803
213902
200304
451598
274925
139629
140892
101974
315456
295247
421207
114534
388166
369173
152941
197929
412000
299770
323913
451849
433880
368402
196714
304288
416318
412309
163541
295816
416962
452692
330786
427838
367421
229784
322725
117447
354685
280071
307715
250573
362585
268904
249052
242304
273869
175340
373549
197864
274073
320277
322526
100857
316991
438330
447187
199122
264049
266377
302844
337518
297925
363727
276965
324956
181571
239066
178907
118566
206015
363046
100302
380944
318771
269838
375837
270245
272788
278520
222038
168661
270012
193752
292241
123454
181907
319392
433858
384054
355491
205577
205338
398693
195599
363739
302333
290656
425887
205574
128555
151040
381181
109449
302438
369214
455043
305248
451599
295938
219155
150921
256394
342723
404618
222209
248697
442990
223319
351289
426912
433349
155167
183724
454237
263586
129097
384339
352464
412592
326511
373992
358481
423379
226241
407937
237713
376783
439972
256520
258994
239116
168338
284728
299177
240648
409405
273581
352280
270898
134617
193687
376600
348272
408772
299328
325979
101893
276712
444651
234487
422529
223879
113746
453307
368922
381639
311500
445861
294111
171014
192944
386622
125674
310666
256106
145787
272530
292838
219457
148898
334233
452346
438834
191364
374013
310096
304102
377214
328709
234342
403674
274451
343160
307599
291226
182100
160855
429798
203506
227468
240119
141821
444521
126846
241378
332072
205896
170346
324912
166482
391737
110445
297653
169392
290313
301820
307170
285163
440441
139020
285228
432638
418040
159257
406779
192521
412014
304362
134896
334043
391496
221831
385779
161113
373684
180266
404615
389477
447262
330673
212526
218174
396421
370011
143704
120633
378297
333535
422242
299859
161161
234093
215530
286458
272288
353070
332294
235788
261831
151786
384444
355070
440817
130660
227861
202428
330307
369053
303305
143125
401666
238212
300422
120551
451041
404372
211921
177289
434254
363632
212541
102461
400530
358859
391553
377544
175198
330982
370034
387562
122786
317224
260130
431053
444325
297160
277515
135237
309830
306953
389011
233035
273504
424086
120085
421596
344293
204249
441470
392139
350061
372915
259199
244656
142174
441816
444635
447717
380430
227677
385805
107960
382971
152733
249627
272918
108430
318750
189682
450784
230229
252007
233408
291406
375470
337030
455524
353283
211441
234428
195118
177884
166540
286542
315062
408132
229806
340184
454978
184393
369095
374977
345368
114486
284249
238411
277951
133855
435908
160422
119371
326156
349829
100786
374824
247550
152804
173935
374996
141808
212486
442415
184411
308771
174953
365196
134641
202612
150318
213348
136624
241070
414210
311183
413837
251325
388180
331038
292387
306770
433208
238181
107214
427402
191973
318559
303805
257708
381897
127270
382334
317705
436270
293838
295714
138815
172576
105418
396135
444535
281600
308621
239849
292638
316824
181780
408884
226313
222617
103052
395883
189941
214235
192936
452145
157994
234089
229781
326837
222910
273718
277894
366444
166354
116180
174283
262589
391295
175235
346046
247684
299103
450168
215067
202680
424477
269774
113641
449703
177838
294280
206122
124837
419655
400499
137061
391992
193820
190173
103031
287166
309543
216030
439251
367750
104034
449345
296448
324382
146161
234138
269096
142377
215345
293124
175916
124255
274384
118003
402665
160012
362406
117611
219025
305512
191892
336982
444239
400294
338880
225879
339220
111995
346242
148489
212138
381355
443497
328759
250200
374283
115953
289354
202381
394459
194753
441131
452535
290073
401527
446350
118478
370245
149473
118938
412674
284017
284978
361346
208251
283238
117290
113347
361646
380822
116981
140180
131740
353325
132450
163972
247135
301701
305010
224156
131992
212454
157874
168289
386185
402723
339062
240242
396825
316288
394167
189503
438730
240483
170901
132181
283473
119623
352143
247903
396616
391479
414618
224842
138886
263659
227516
412905
138812
422035
444498
198357
187925
136577
421651
193540
427986
285922
126271
294695
220836
225395
248092
349428
216123
448174
272432
292389
358083
212256
249610
319660
451566
454822
438369
349080
250037
427206
277068
341759
193652
201636
237650
158864
365887
371142
434084
450264
396098
242735
174448
444023
337083
199792
395367
401317
443509
334111
151230
411142
383355
328421
181142
418362
214305
382662
142382
149206
275205
373187
222688
345238
335422
369040
385071
171737
324434
416011
118011
369100
455565
184012
153145
287699
333753
455040
189750
225593
281794
142349
408538
394368
234862
209850
242957
244036
416991
114716
418152
242628
440345
386191
249984
403900
415772
121393
335521
424488
265046
117259
131850
204512
196167
142077
217133
375743
384930
286525
376148
389613
305754
200102
204145
377035
359881
338386
413637
370384
386756
271211
224021
428173
272254
185436
366000
437287
292348
281887
189517
380220
409819
260771
147902
299197
154588
244404
339686
149368
326275
265317
361244
224088
196640
410920
202224
166005
276680
119213
258040
427908
435135
322430
329830
243126
447428
385474
215494
375549
352977
304324
192731
104887
190611
365138
442795
402531
286943
396694
237913
108628
197820
369808
436432
415336
110361
192996
260174
391138
142504
266295
109278
257309
216731
410502
379649
105002
421315
142950
209612
417896
373158
428426
264925
364298
262383
241155
345257
116520
266934
212977
270267
370768
284161
193696
109873
362291
197209
291412
455788
377971
247623
325371
322469
197809
232251
310401
224954
418189
450318
208187
337206
405048
161417
179228
270668
413449
345594
161613
291738
184722
303176
236243
382939
424652
254790
184562
390179
283535
140235
250989
135159
333134
194180
352883
424098
148388
107322
355673
361188
417822
363461
333416
199982
283389
239459
424936
237112
118724
242325
164874
250399
205844
244342
212444
309063
441604
306575
281858
367149
384066
209956
123651
287686
157407
199487
423319
449491
447081
446117
133051
142802
247373
174587
346056
440712
437151
329331
227916
446818
183080
114811
218697
376937
345219
209371
191444
343092
177674
246462
114775
445376
347954
355854
290175
157583
320718
265687
242108
338753
141028
269739
377042
196761
338513
121329
183705
123665
132849
286020
146379
434821
181617
373742
416682
337670
253005
140156
276255
329786
291141
110174
150554
141690
428840
259562
232918
310119
236674
449923
232097
342596
163147
447800
159794
261491
166850
440421
279959
239016
193142
384358
112682
303445
359173
102893
147277
230258
342776
113859
187421
339704
305608
327375
146589
294768
313901
137563
141413
451452
327110
431229
287154
454834
434927
284919
324392
306336
167667
437970
188593
217660
389653
202582
350500
272638
293547
177845
411483
422862
298784
282044
196339
150670
427691
312057
351189
166075
424443
405573
126709
335995
369171
455345
265378
399320
228304
403990
335821
432127
307684
195879
235533
139432
156666
390983
220702
377603
165244
389129
266050
163694
442892
341622
305565
422124
258898
398812
155198
220105
181670
216385
231337
225592
150500
315346
272789
376425
390947
314882
315360
333125
288638
185655
114369
156324
174720
114914
407737
378020
410969
417516
273587
272082
247319
241230
240193
229837
163432
144862
258568
232895
371447
373858
409745
444157
106777
193638
148243
279884
320044
366871
268728
329801
254028
171832
197523
421622
221078
179872
391094
160020
327268
285319
322513
241688
100827
386683
193923
225856
400712
369000
124344
198698
204386
199920
346522
369885
255446
256027
282227
141606
426579
429249
322352
217599
173992
421155
394968
185661
442072
427758
378681
220895
445415
124211
165485
168535
178068
425335
332493
306324
239619
121303
244729
235790
172017
431557
235080
155991
346183
169356
392864
389095
247735
262684
130658
348349
394553
104835
225653
137835
442216
218325
353425
358817
118866
397182
391790
381533
335357
243966
332885
372696
309050
359812
171215
318808
370275
324303
203228
209264
412891
136081
103894
257911
247845
252631
251247
220906
186779
388245
382468
229532
293939
230207
115025
353552
426419
138325
154205
439962
261860
118283
289878
403218
372260
176410
221768
440378
306474
364243
171435
154516
420262
210000
430447
382042
424930
452996
405483
439621
138446
119139
111081
143351
295572
452526
311047
263194
435336
116537
104222
342265
266901
361810
336232
393763
263452
149495
168616
376181
111144
342279
164988
163198
245342
176923
316262
351285
154508
375999
254491
221467
307039
225417
264130
146762
296757
149086
243320
200925
122916
188073
111837
423467
120016
130834
309448
409043
412247
221721
301803
406096
348978
169334
269976
285381
358310
289655
189702
408859
317637
367433
380286
148103
405230
360060
168223
415793
233193
116809
176046
391807
294544
407530
142633
337024
110100
397339
335769
203121
327974
305181
226709
323102
415453
347701
172597
376622
153369
441389
275355
399995
173455
145234
400749
188517
337677
313247
263772
343026
266207
151991
317609
359820
362943
244670
225182
334259
281991
304987
152391
219893
315467
130071
226904
421314
300839
160643
141772
303400
454996
335206
375801
292759
286949
140460
290416
388061
195170
314767
214279
115358
358524
115701
341835
216161
305419
251946
159508
136518
364020
414925
251659
127977
127095
125282
157256
139120
455693
254171
427681
421004
334767
413814
264052
215538
244075
222211
243035
345787
142853
401133
187417
286119
366431
108360
137274
247444
452775
131368
125707
309351
101865
384659
355735
431627
340506
353392
367007
229583
209221
250074
341392
401866
325638
133062
316882
140197
208591
115192
451371
290061
253608
100052
196347
308888
179600
176097
337302
327978
233188
353533
303709
430430
256356
194502
455503
156843
152852
449303
147472
392891
148547
213217
189955
279377
440341
290627
352113
337982
306155
386516
296700
420443
113661
346200
283670
226724
410591
343129
177336
292620
213236
199768
123479
164063
409603
300984
231941
240302
133274
429894
138783
142117
354061
123767
422737
263579
269819
301361
451141
280077
102716
310006
449886
277865
127019
314232
268656
276980
348718
351160
238255
324059
346380
378588
285326
417739
442490
166901
250567
369020
115855
168556
364919
310098
431307
395003
193121
131408
360659
442515
262427
292396
137350
272997
436124
125894
341530
196871
300700
361509
243994
427898
425491
446185
263954
203265
401213
229222
156908
423609
447779
353975
374743
445261
127034
399008
127191
404053
368410
205568
247056
170032
133546
168357
356555
313061
213363
386583
340559
348063
229854
319375
367235
392387
256521
399600
146980
320641
286434
298962
325646
431098
170123
247928
343762
325270
120009
224558
331162
116950
132769
152474
227524
428183
223717
284854
134602
237743
397850
325810
108204
448159
334123
423562
279573
320946
353904
173572
334409
341048
243274
313007
451738
433260
379786
364670
414775
368058
376374
407794
174556
349853
327744
387656
274859
399173
165536
177293
314765
308010
234741
218508
245463
434792
362914
177668
235947
179571
362056
162756
389023
322204
226687
313001
342765
419275
420048
164872
330359
151146
175513
296251
186320
165127
136858
280291
313513
228184
246925
161539
160722
230385
168706
410332
159094
409517
168042
147069
281052
423068
324477
169660
142700
265326
202424
215905
350835
386176
411727
381881
314871
210214
393862
341087
144449
104939
328723
416830
182080
203481
132273
293724
145161
385782
305567
265986
201590
171465
113700
171840
414828
170533
149097
305967
281354
297713
395202
241501
130863
122436
137138
327536
442142
334082
333366
319127
365936
413621
412662
367030
232477
146396
326782
355558
309139
364551
395092
451672
238748
304452
409666
377572
142214
311506
396908
282254
103447
451641
147653
344650
144465
231860
284577
342143
335546
426738
273605
421454
195736
425188
309861
454224
282243
138865
300095
261483
286149
372970
127328
140256
215416
379623
225849
292762
426808
302752
247823
216906
157512
391294
429375
283526
194549
388977
141509
426689
387099
124333
118208
437880
184473
302363
411249
253525
221006
259616
142687
217049
367348
284431
154524
255257
176771
407156
110511
382291
343272
221572
350517
129591
246120
282073
339963
366408
228637
179195
227788
165952
197158
396672
253558
323676
119271
400862
152935
292349
391875
233359
424377
403447
160183
156101
179964
430143
426712
440140
115103
233313
183637
221154
423370
296255
451503
134434
264301
120011
137459
380094
341053
297870
298662
404702
357606
231447
255868
293252
129145
135609
280287
219828
115628
213746
420042
401911
235243
119995
205582
389015
273741
390757
139301
308635
230807
422104
266301
340748
302188
297455
406882
447761
449720
374282
281554
197678
117152
227974
166233
313189
290920
293217
230426
298953
157368
119562
309114
232666
345220
417312
270277
255095
342175
318632
435101
451336
184475
422089
231702
307487
440491
256012
189793
287163
428977
371964
428522
201125
312571
229026
446381
396606
415628
370525
422616
432784
310382
212479
439847
261510
320825
198712
370152
401289
325666
437232
243219
173001
228273
328155
227241
287017
402847
220643
363317
296860
235654
138366
159418
133532
189149
454050
446261
126436
155703
132445
132206
377078
131793
323574
373421
165707
382986
399924
327227
339669
290858
142718
270420
392547
103396
456131
312964
238951
440420
387129
440552
110137
325024
449610
318977
276403
282344
189753
441944
406717
222461
369327
454520
272328
251696
119056
357463
303724
256094
259292
411077
197578
236066
204871
356483
303600
288187
277923
319879
171509
390114
330418
178014
444730
128612
446644
298255
209414
349511
171188
192866
344845
328111
442750
340240
384635
101837
247212
293672
388738
331391
369630
341457
147531
281925
341049
131367
314700
137353
328317
219435
102786
103159
225539
103687
185259
328608
214290
130222
260942
288528
263964
243104
277564
312195
380427
257909
349429
314779
362523
389084
333226
302728
229634
379062
214966
103800
281844
411374
232941
334162
299183
373623
233540
280601
178269
427248
164190
418794
266126
121972
339847
353984
374870
444951
197215
155148
170575
253478
415162
379317
192460
383666
244776
243773
308473
368674
137057
240263
306179
122917
122761
218443
243091
282340
149367
233613
229881
158191
247203
453697
329137
328164
306506
423313
100756
230295
351540
278373
289723
161088
157753
244542
148395
314658
203641
383319
219617
168463
306406
349495
224335
201542
297471
185255
367427
264959
210836
219046
370226
155411
305904
438157
391424
359576
423452
439007
223032
272079
412968
209404
337230
402140
203143
123261
318574
378985
373276
182732
401975
238890
381916
281980
361074
320177
326286
326515
137963
412896
281550
134260
191286
346804
362911
142351
152637
446414
287560
159365
147821
110939
204939
117226
455446
448497
435889
394361
324905
281086
202756
384431
151989
353979
105792
366522
424731
121397
379166
345114
359428
364244
312376
176759
174032
131371
255656
344209
281140
213507
447927
416201
222035
453622
307465
192232
321553
332582
119978
273834
202042
426711
167773
346222
425311
117482
385075
220044
426659
123719
351228
408855
450553
286940
420503
182881
220662
280364
411751
149186
306595
364703
360121
365533
212984
344721
117393
451202
258032
198062
151608
104025
213727
392944
172606
343995
362851
240008
229812
417281
141595
169729
335298
265553
273630
126633
276654
380120
241396
316912
267261
160120
433471
427313
174116
130761
452784
138197
187132
144624
176135
121667
408293
134245
327016
140940
118183
137396
145229
414436
414704
327767
375805
138158
381015
317810
127770
326175
228630
150916
278453
225326
193720
418397
255467
350220
363502
112779
452186
399037
422211
209999
196818
158472
454821
192579
234934
185149
435758
245798
268106
365684
140321
304036
403357
313240
352154
101959
152335
411770
286510
103637
370780
353820
132968
329725
267059
404119
429307
230029
356595
447720
439023
310688
181314
168382
247170
219254
153836
447847
384522
103106
161534
228079
195715
312739
436769
163456
415288
441080
111476
359500
236195
300792
196141
418129
263969
451413
278008
449879
377364
169506
434403
119484
351432
401746
112239
147673
357703
231687
374817
396329
360522
380453
307593
160062
174385
291553
205242
184058
416666
372830
359220
248965
237095
356883
426588
406935
327877
413858
126111
204598
403711
309243
336267
415385
179100
376626
322836
311604
270761
321973
128554
158817
240652
391636
262956
271550
190157
241178
432623
289615
272895
120716
297481
333817
137781
202915
375800
433182
321120
328846
131551
224491
397108
315400
239007
332658
105680
186105
421408
428346
138224
177628
175622
392091
135168
192042
214626
297376
300418
129258
217610
435155
164595
265621
302880
436362
147969
238208
164598
261899
224364
236544
132466
263543
396319
287721
202158
274926
144625
100425
171890
118439
142766
215467
185152
399218
264269
139502
335269
253691
226500
211361
248320
316840
142884
195866
288196
247580
130604
271771
318519
163431
336000
214930
368925
352937
219513
412246
440288
346895
293261
191965
446479
400443
393456
203294
300322
360604
133371
252624
361067
364753
116931
280363
284971
326589
305627
310613
399941
428406
310955
197370
253622
438517
385291
404835
361380
162690
256006
427997
347964
259235
359870
293127
231712
167269
147349
117297
368403
300908
208759
191953
233823
354731
212410
103248
150406
139482
207507
448759
154892
433006
264594
241780
167686
107994
217483
379754
381795
408803
445228
427536
330740
369563
344010
116456
429281
298644
207488
133446
311919
385176
135248
401903
294167
433292
234752
332108
100499
290149
259806
421660
226476
378166
344955
286928
139393
183890
107427
120571
335777
141466
222830
339127
380577
159002
164237
350042
122094
241272
188050
151003
197248
229811
320168
306730
415935
251917
296091
102725
184565
186986
231313
395073
298225
222130
383237
117933
343989
374907
160409
304607
138442
319074
285993
390608
354885
210746
132496
183548
268202
143891
227437
297886
198992
375708
282627
119096
190676
429565
384512
172535
246157
190723
363995
430185
154012
337144
218035
186377
245790
323426
284273
330980
384662
232032
373052
451050
207815
203607
140288
231162
341006
253916
387116
101496
167915
106738
348339
128418
257125
206488
119210
167498
339470
373584
147633
200793
436075
282034
193011
139620
351123
261430
370629
286090
363594
143480
178653
294443
435262
364015
444902
289293
350560
337917
284264
443636
297223
384796
393438
247134
427136
290449
345345
272679
215581
409690
191930
134259
443148
337838
313315
118775
261129
235729
424239
192426
215716
205615
430273
298942
240366
344391
387796
234327
316330
454907
355147
408354
425220
397978
348444
303004
337824
147950
351979
337486
109522
179843
330044
312202
126043
443195
320170
355199
260285
128681
436461
331152
410221
184427
223441
246005
219321
318884
191115
244215
401412
183381
443399
241551
230645
316390
146118
358090
441789
220388
435932
204668
253947
110794
214050
237753
241985
169753
285660
107985
255609
377694
404811
218764
437262
385368
267699
238372
354381
226744
261372
122434
296271
267292
402992
233365
162297
429158
276165
144472
314426
447932
227193
415202
102362
188631
358806
411778
371034
273898
407197
372872
398096
335100
245561
121912
323174
127250
450631
202385
114344
272640
192263
455590
257095
256207
407786
177399
290622
130226
415805
173994
392756
117535
309878
277347
239037
442518
365188
269165
296217
447767
290586
201616
159995
138478
135137
134472
208449
323084
207188
191551
281317
125110
295450
241475
188113
278696
184302
256154
186215
341175
275076
208311
330495
209269
133571
215893
443951
208766
162811
108062
258820
246885
316804
380386
100395
101786
221423
144437
114005
216526
377417
255530
399745
299529
111865
321376
203199
378731
210105
276095
357628
175567
180786
426452
299597
163910
146728
196474
333166
184984
143283
183456
375425
139885
190980
134995
265402
319457
245017
109770
165367
397981
225389
120257
153385
270281
205654
253883
189331
229372
351529
185041
234246
150899
358453
103048
375718
229936
178200
419416
380876
257070
355859
150170
255844
427340
157429
454725
113120
329285
355403
256053
245602
107770
375394
146389
428650
438366
377968
320694
134482
383934
144440
168853
163126
111430
151925
356493
285011
107618
336530
364726
249797
208670
399530
425081
333110
273081
345487
119290
202658
107369
212628
245338
169178
419490
331581
407903
107398
164624
428878
200968
431016
247743
191935
281196
428251
219789
111720
333740
343667
271678
351406
405993
186900
226147
216044
336877
386994
285666
151205
385737
306644
320234
177647
378964
243807
305367
208218
124907
153912
298442
242650
442096
280980
226632
362507
105892
144545
279473
323707
387812
239556
100727
425733
436261
290264
126603
393294
391868
392168
105858
264737
307881
290749
268650
387469
264065
351809
386721
306762
389450
143470
351775
405028
194535
451191
300743
393030
158710
196047
102153
215712
287155
101579
379676
137754
316114
231497
357760
203616
134094
265323
412404
165835
331933
294235
131745
255409
228347
398124
416526
423020
374016
289981
271396
314263
355711
324568
145668
429334
258009
441206
334016
265554
332767
190238
325618
240108
232571
251397
218917
302133
316282
364856
249314
180219
230173
268194
120427
256055
405882
118939
133410
322381
211495
213107
306246
364231
120798
304869
163902
251417
218452
348471
260336
108872
302868
316624
361193
325385
229712
131833
225093
299797
326534
113712
344851
220180
329487
184160
447750
114616
173816
346759
419853
216518
275890
165954
141018
342737
104219
110651
168258
422176
274957
409260
444634
228615
109394
330268
400646
351437
194699
295765
236005
251404
106237
159152
387340
400583
210128
138740
172359
173592
111026
349976
382639
182328
330597
440839
356347
227167
443000
178315
210329
153840
364463
455592
100678
104342
312522
132848
243472
406878
145044
309538
114475
441970
293818
112288
394570
203794
175243
412721
281487
275156
428683
250834
316967
104403
181846
401484
197130
429843
376213
432694
370414
169423
111983
228886
239015
200334
269127
344300
168321
399229
153953
282762
345633
328798
278015
409866
107664
224806
335720
246027
390799
266602
381990
222233
302689
268771
192122
291035
228970
272456
439337
337074
311186
395767
270701
118423
261957
247259
221088
167191
411556
443309
188380
345994
234923
294844
191347
272289
435110
335844
269070
220804
298300
404861
116279
107153
218754
320887
414295
309436
309258
239240
112274
234991
184908
279913
330561
344534
325338
282752
215482
135747
407309
283725
349769
425786
206422
202875
148059
346973
135209
194762
357686
300943
215851
352235
300699
360585
120339
159638
282374
209529
151217
403537
243336
436115
422742
320816
165387
440385
276983
117060
138512
433727
343255
216797
181744
220776
293928
115879
148756
397961
307902
140841
254636
335523
213094
421714
275823
141142
300160
428465
156633
454072
311432
197338
230002
431982
154231
438248
269366
440427
321603
174756
225893
108063
301181
408925
390970
450067
246035
201926
252583
301813
428145
420132
253354
115487
280031
175547
448346
162678
164991
264826
188410
427687
373945
186905
242870
226875
260099
258822
260709
112890
173026
371550
268500
169151
264611
174378
266593
348856
397563
118884
138148
441483
317219
137916
383907
172211
200236
294081
107020
260967
423339
163938
253648
379741
395727
232298
332371
416989
172875
267314
234432
257998
206353
327533
130395
237083
153788
316569
357134
334549
410203
105211
166227
332114
141273
451577
327302
305539
178105
182628
174222
359323
173085
195537
155136
435185
422929
317393
439635
327778
308144
346151
130927
220368
192362
256035
179738
100640
173010
221434
388083
156784
112753
385598
389773
196653
306010
407177
407246
160112
135397
240410
184122
340014
109089
208481
146905
372151
107412
258535
342605
110817
319134
152751
195436
356621
135046
263364
440619
171498
209429
290682
118067
238998
260002
331539
350561
438941
117332
335969
282303
124764
252559
234748
407554
100076
200018
313685
263247
119475
152569
200827
230806
164689
235962
257606
148261
272231
413182
273282
358037
275960
368832
140145
400175
224423
263738
129020
313582
133774
393369
171109
254074
277991
105875
384335
226725
393198
151580
374438
158422
227513
189386
304076
210491
420907
197990
336682
324249
278869
127021
348530
242592
169207
319947
315266
428301
446974
356484
342582
293483
244563
140292
266684
367271
267151
264640
337502
370612
326642
102542
175700
439803
247493
190837
341756
118260
189516
145616
452193
201179
411479
262506
412690
180553
152105
275317
277284
385672
281139
207879
336245
172876
373836
375856
327289
391002
296491
148438
256169
290286
135210
296384
278927
388425
187243
321658
404978
212466
380510
200100
432684
385784
327168
146659
261320
118896
287717
452971
440779
439043
397561
435739
238122
239984
344590
364663
413835
236493
196179
415663
110767
137523
212301
408401
440983
106604
169181
218928
100454
309747
374499
220295
107550
439348
148615
335812
154446
166467
141068
418485
203722
353906
155691
388577
354783
235224
406205
371101
183730
306688
381523
267911
301392
285527
255223
293132
250751
158495
440034
325272
192764
255183
234598
446774
350044
354341
317639
244425
417465
198922
301175
233085
129739
300161
103911
127145
445451
176222
331922
325845
208314
157229
185746
159912
230225
211668
283772
404696
145558
290892
166610
368444
407905
243092
210457
198275
149219
171508
200492
384670
422037
263417
270435
129704
288328
319247
126073
372029
280571
405576
122119
158139
109948
181620
197308
333003
172500
275101
182710
385251
167707
191410
207757
181408
417622
143175
345276
134888
187187
272226
281862
434270
105014
180347
230470
273182
422119
433666
302537
185005
454936
102495
447987
245729
189220
128792
296257
344824
412600
124273
184017
325917
426675
369392
334784
235242
299570
236327
316268
226964
284078
188397
282040
397223
261388
219552
167309
190614
118286
419268
164932
441981
267311
101171
368017
252861
277082
343860
220127
210907
125272
273710
224253
286385
178768
379264
251231
181726
142784
155191
396402
139429
307071
200665
422172
213279
262293
402758
122455
241999
452306
239372
191478
320229
217653
334805
408556
455221
103987
152102
152134
315397
206720
122254
317589
246104
405955
325631
123280
367033
408232
352114
133595
405200
140642
202541
222889
100147
245603
143545
102706
244629
315536
234067
286945
201271
377812
361319
350572
176625
277702
288492
336173
421699
145597
113793
410018
375163
345255
260418
167606
290623
244583
141359
228444
382774
419481
276281
289879
184336
278365
291793
329952
272912
432323
205402
157862
435715
304172
209769
203137
241166
210759
178180
348242
308544
366283
125444
449058
395206
358004
223326
282764
316207
166385
370786
348056
398468
229691
232000
243477
186869
336718
291462
326599
292172
380813
269897
328593
105087
185663
422438
446416
360012
193242
242583
170986
174233
216080
397189
106051
212160
285950
303960
222055
170384
359642
391777
417502
191505
201454
406955
373459
165940
105037
324790
174122
389877
122209
204555
137946
227858
245415
198457
116706
268880
126036
124173
128547
415131
215249
262703
419958
332685
242135
449417
294248
311576
188874
268633
268830
355552
256727
441791
454977
396655
237649
147102
285145
365360
138175
233877
379647
268141
227673
241743
395393
417929
450362
248646
431984
174980
418211
350425
182441
154466
404783
221546
306383
140444
167660
394702
382044
103434
385802
249356
434053
394637
334493
255751
257319
390352
120087
429439
123799
327764
366814
438867
396136
265226
131078
129034
448953
445537
386232
131460
346547
418624
155226
317852
441517
417559
296579
335528
392377
199612
292952
270325
203091
248449
262208
331949
272934
343579
165007
353520
150474
163194
146577
340737
340935
199494
276950
196240
387726
346175
202912
154965
153843
239027
165257
148318
448366
276254
222739
240325
361880
227441
383993
260766
298144
148134
363480
336116
343895
145328
335455
103798
164002
343323
261972
291612
190034
221730
142550
337612
320204
231275
276524
430078
384227
284642
320685
346238
148965
209059
169589
337134
339097
405027
153891
155067
454203
271688
332512
398275
372931
450345
358527
398593
256926
444112
134762
244209
115187
375714
339896
183359
247563
371359
280576
367078
159873
397364
363795
180338
207790
271568
306666
280747
237101
278473
178520
220507
307367
347312
279819
317949
421934
359709
357939
455029
336174
323996
399387
101733
306589
443025
300593
124972
359043
340481
316583
387445
406087
384959
376567
288857
408837
432735
453880
304873
207259
272793
142327
132005
169022
453542
376844
121559
403257
183392
408899
124612
185118
235446
141299
273769
102714
352604
399657
228722
246145
195708
276492
238560
106567
158316
185219
124134
397947
105581
158582
367092
372496
196086
349040
127239
150239
145588
237263
330619
213144
213498
307544
361367
298375
267132
115313
394197
285607
335776
235756
334097
190267
433879
364092
167023
151752
382216
336836
101208
234848
109141
436557
272658
325219
447192
250578
224974
387540
340349
274737
312053
316394
169443
334650
247004
235734
366490
361505
240967
253604
410175
353763
110567
424603
370053
355169
257970
200328
313259
151442
390493
453722
269717
295920
286427
113648
254180
379531
442496
248521
289462
212926
221221
106809
326547
156894
181766
146626
101560
109745
282180
294794
366194
212551
253030
362043
298777
150612
250485
292519
243633
131665
161936
270311
258440
295925
336459
339164
147265
239382
148513
265756
353430
360132
397342
255014
289176
271413
360630
359313
167943
313073
103789
181687
133561
104919
367911
230960
255818
120461
146791
385018
279882
337459
243337
352424
372290
407205
410347
196413
161726
341086
355933
127541
153995
146881
313003
320529
351337
315158
220660
244423
242514
387406
182720
372353
425726
202794
133447
455656
182779
313875
159247
193256
276278
260792
348057
222317
358868
406010
200809
423329
192551
203127
252034
133368
155224
131631
296233
132138
341179
341214
330260
210950
145273
263501
371658
112337
269226
235823
322697
173217
256624
285371
128629
312001
236986
448129
137014
263160
163491
103043
222817
453038
334015
323284
300004
373172
451876
232671
421167
414077
347904
323364
326416
382967
434895
263726
306504
214978
182555
364691
397142
362529
227528
221505
105658
376996
127745
386969
219030
383560
337219
211461
126221
290220
314605
288209
114126
349424
130591
120455
425283
248611
315770
357153
236690
368840
447530
143840
351886
228120
439479
220057
265473
116418
370944
435664
423449
101571
413265
342231
317371
405862
380972
429561
286483
434229
430364
401670
318592
438910
364865
192729
237343
413929
300730
368450
123561
305728
285634
322889
310326
273653
326835
202850
385312
255105
324417
131813
402327
375813
148650
106099
296033
195079
300222
157930
277873
454355
254054
239847
328910
170613
434086
449922
376077
431382
365589
320863
250707
261321
118438
355636
105511
448924
195831
188842
346603
347852
177815
363459
218395
376300
319714
159003
252213
331801
336238
176216
401731
158895
375482
181438
271362
296817
318525
199036
408717
260804
124118
201545
404759
108198
224298
384617
295129
126601
236154
337085
112768
156879
181936
137282
147248
287282
427678
144748
265981
272391
131770
256589
404563
355730
332255
375443
308448
308022
293731
443372
330571
114785
177721
282739
242945
123075
174547
110688
130655
376770
210197
131986
231921
249564
333730
369979
240885
281735
254206
192985
250187
134788
160287
443072
400373
169593
118748
144233
108172
397145
133001
182507
289610
299361
305054
309158
297735
316665
394769
260280
251189
432497
386472
205882
285574
205853
224555
135547
425028
446338
170608
440033
184155
417868
377415
169661
259606
379012
237444
376835
421011
454667
176577
133894
317343
307652
318034
156137
438782
272741
196538
244673
223915
194210
116559
164120
357740
150246
235688
285209
267777
372464
308793
425062
348886
294675
388432
266691
306761
294449
123624
181527
115364
203192
170581
302726
179879
454206
151670
141545
390341
343379
284698
100213
398216
257599
451401
353396
349255
178418
134111
284593
258042
153504
172841
201091
241337
324214
357076
355932
300313
441910
308461
206461
401104
105011
298085
430559
396503
142109
391524
193281
373845
209541
255757
381251
327376
206473
374604
416344
114410
279625
380514
375273
358367
209654
141363
104265
264393
277186
407527
438026
246030
121677
344470
268476
186487
283985
158802
306185
245744
282291
348330
313483
367685
167579
379366
188147
135902
445478
421498
439638
423567
353620
384406
397403
302264
433857
161780
314180
175019
375107
398761
208201
318230
136949
173185
184799
172249
336591
454001
303617
337924
123444
326758
376139
142203
397843
364555
318569
238606
302152
270104
249237
321657
428678
117130
117509
314455
123746
182736
399674
216296
328499
421487
202637
416436
307803
420072
238622
341487
420923
138944
445338
141616
238805
179026
264638
416878
185175
185174
347741
384797
294992
130286
271931
414953
129567
431367
131507
219324
284015
316829
308386
225696
307434
145689
422403
407957
134987
327707
222294
431702
404628
297006
267138
425888
217503
450611
277230
227059
263897
186542
420556
152127
351040
446100
118004
267494
315965
135631
447060
384255
328864
288088
404629
363983
446919
167282
293708
357028
186087
391764
356488
286048
231566
363336
408811
185952
187677
352653
263182
384289
106414
201055
256287
242433
364612
448443
394205
267693
402339
328320
370860
449257
446782
131698
289178
222255
121581
347663
159891
311309
374194
180177
130546
431310
131165
345692
286364
240760
302244
429909
281948
448481
135993
342661
447686
113691
401191
232114
379386
388050
402072
338471
316839
177706
402856
218568
260044
184500
198005
166737
151750
222460
115901
155355
347035
143574
153541
302892
421610
428899
313870
187974
368511
356130
228230
115828
351723
435940
122651
208048
356251
311382
169140
212014
434405
314469
434938
249503
433488
191671
140048
281959
229538
157156
408428
265273
266327
161809
273031
374663
255519
204258
134692
389659
262962
385184
144104
392771
222680
172080
186341
377043
409439
352141
396312
103671
358226
344854
302543
418044
278328
278740
154245
242020
302813
199159
167069
383459
132895
142347
145778
450239
377207
160480
212576
385211
277011
131757
357254
302577
213638
210165
247164
369162
183535
439314
131836
124639
124701
309780
252403
156489
138953
451964
379074
141547
212294
147591
228363
158656
243355
297213
357661
328270
425320
408724
217486
408257
295540
289606
203114
252994
193370
207636
271078
348766
346878
136163
180730
385865
409635
166635
446305
197120
266920
267014
288945
197193
124917
178375
348083
326112
185154
427890
259520
249612
353551
153818
337131
230561
306105
193634
178175
213533
355698
430793
220134
194672
452042
279429
185829
201157
237675
132205
362380
230586
112447
265892
238971
377851
173798
106864
100101
322982
322143
358933
212400
176802
276549
312728
316128
104789
394971
305189
199716
229239
303842
209250
223938
222615
449086
368192
300005
131102
223349
420423
326315
344481
269816
365911
252928
207722
228483
357972
247587
228459
378271
379671
276340
401683
382728
199071
376015
420185
120660
338892
165321
188754
190174
128948
154052
193658
341963
288342
291707
313036
355060
194130
414479
402715
348689
115231
173806
448712
311894
310651
337380
192502
126346
375016
166653
315668
430982
136538
220050
248462
341046
337189
115774
232633
191874
166494
146895
140839
299082
151268
313713
145882
208295
122523
409308
256646
196203
356072
445659
343694
109907
211910
148685
427977
281510
286333
203060
137206
287916
313130
110569
412681
134832
296293
394972
446330
157811
264452
355373
182896
158823
453064
184584
149451
260178
167116
330155
426635
350345
312418
388792
213041
426798
325660
448787
268298
134042
351290
381132
232366
258174
270080
345645
179933
319627
109332
395188
154790
149464
354695
195159
353969
300567
285241
197712
452734
227716
164242
139496
114995
168201
316735
361513
181404
452491
130392
283201
121723
106158
225926
397162
386605
426832
308570
328648
387911
323421
212862
215123
432506
275214
250135
164135
163883
249383
361211
121658
359906
355449
273959
156460
245889
348872
418135
371076
223318
140848
339431
138986
116750
122040
407686
202255
269681
454585
376689
304205
423666
302274
160154
187182
153418
236450
120332
255300
432303
310722
299583
296263
146424
259573
313472
222346
161078
409159
239678
231350
320324
345531
305443
143144
375277
144051
223446
125154
445803
308848
354840
309137
155984
136637
350878
114722
261316
287363
222781
105940
376661
107715
274811
252710
166912
438871
338322
169991
220328
140526
140644
113828
116122
312469
431654
116010
110177
181188
164103
349452
371912
307489
194752
244123
235285
371605
452613
320194
173290
304470
453234
157706
240628
339917
301989
446650
331343
388113
398301
334122
300662
310919
409793
118575
191929
435724
390482
285980
164795
105913
434799
311090
259039
236376
271297
136250
144299
362427
196850
409640
425484
395484
326137
182630
277180
389876
295029
227562
159306
166462
135456
163436
361749
431380
234833
246529
249579
103399
263494
223091
383467
319285
166867
124198
453365
100359
341909
350472
177443
161666
136315
147546
441098
309082
114251
268757
191913
414878
248256
185845
191001
230092
228652
186123
172463
137419
244972
420028
346033
453977
246254
290741
207229
432066
129555
244524
139583
387030
373672
266868
107822
305477
272542
164433
246870
353589
104803
234668
364532
314333
102107
322177
399121
266599
315573
308518
275142
425244
377049
232014
171366
149731
172963
424247
219269
313004
108959
143163
157413
135741
455856
386427
114318
455511
133200
147414
143291
358583
215209
305449
120028
382029
318456
196117
175049
373515
417706
214734
415373
117438
167334
419778
203531
455534
119132
381547
422654
238535
442044
323467
444436
425073
316691
115338
351538
142141
204985
210673
452665
130751
173659
438141
360982
223774
111460
300728
285625
260663
300012
120586
118659
134675
144132
246372
353648
174445
184353
270214
209856
429176
153246
194251
145341
374474
260575
454942
375383
245164
148518
296976
257975
305290
314618
165913
454424
402034
356079
152338
115640
352126
119694
230284
190772
343267
236937
408671
214247
158394
217748
202012
440812
113896
236372
320095
307447
175750
242792
198286
371151
181777
347494
451886
146967
352555
273759
194869
442614
422215
303575
108759
101199
145808
449798
190609
294405
179491
219044
212244
421040
246623
157718
201117
342532
276708
222886
134437
343103
340719
442455
155647
157110
422267
448042
108078
193772
323227
339822
426222
362937
107580
138792
362382
375725
200252
383930
334026
128007
416019
157117
240907
114183
233294
441534
333470
109681
218982
196986
348583
348085
212385
397221
441311
279892
419735
353992
231490
310026
161968
131397
347393
307098
296445
159165
106909
374944
181650
207331
200716
326359
320970
176640
249492
125639
170892
159617
397461
250123
438510
449849
333685
106465
349619
455011
419244
165295
313590
190424
281051
442136
292923
335199
397801
241578
429362
118860
253543
365025
184412
241387
190499
152231
216384
154471
269444
298328
439474
297942
445647
339663
347676
254065
111257
313710
108052
185626
159992
293775
293658
286285
239333
109392
204828
430260
213642
278171
204016
157844
151253
227940
252626
232630
318933
388074
112880
310525
238621
388767
300407
360406
266653
290915
251371
319388
430653
126581
212729
228180
119951
142533
441133
173775
405615
441595
101106
241083
357728
195936
350537
302618
228875
205651
164111
380087
385303
179632
452686
399295
194631
442735
113982
195157
400507
196979
152049
244801
159722
454161
119449
296181
105450
213720
217075
428981
134679
146657
142536
408844
153974
264379
195015
139786
103021
416491
405394
362856
425575
134541
385501
279379
418796
204643
143403
255639
340432
254038
455020
161679
304501
148044
365850
425866
390458
341900
112828
218077
307694
324333
142452
451722
137863
389513
176737
260197
232201
417694
130249
216527
223432
429006
385393
402601
392858
154135
324794
125517
114234
381561
428298
283688
289509
411333
445227
135499
265743
241701
339357
254457
352295
352703
154647
190398
109166
247872
369218
279666
292609
140721
149316
193200
136284
105018
330435
313307
204787
217308
101506
359020
259546
253211
306428
116382
282700
344418
200218
367542
283035
199180
165609
385644
331702
145619
418790
315817
202245
327728
248417
269277
317511
140157
383828
367979
406165
261788
148597
379038
120617
436857
217572
352664
411144
273065
354580
145913
399532
351119
180450
432862
273384
340580
183882
214692
340658
125806
431879
321669
185305
443731
157394
445019
365241
145454
377028
409112
292093
186777
217780
449531
345588
323470
254868
454805
115607
172364
203522
438864
329466
170963
163434
422123
291498
380798
382101
275340
282607
191590
335128
174819
263913
172474
430454
323845
292433
169333
398125
451978
218732
139433
168089
164820
318194
180951
231800
194649
235496
153415
255800
407615
122544
167734
379461
364277
432576
397649
296718
193067
280253
359062
417413
316728
119349
136481
400210
183331
130755
430355
390730
171821
147701
160831
445555
114074
195631
325002
198518
190335
370742
268382
298875
100860
204133
246515
451806
226697
438900
317929
375799
369582
335519
449187
339750
193995
365009
415177
192908
271663
200399
187177
123873
272496
388828
238580
419923
410475
106983
380433
273875
321959
233712
443913
139480
401738
400565
150942
257615
440110
120348
329630
369015
153148
203954
181681
382169
106949
409993
181065
307773
445657
292717
313006
394111
419932
360080
306058
372709
369085
283775
268789
111895
119907
340713
129209
219479
383762
405705
242246
211433
276791
113900
153637
170506
367345
206332
267130
367683
166059
451404
307332
292107
157215
383563
422489
419320
172467
304134
170702
163564
263342
311531
447048
214381
436850
283546
206615
293453
238491
232485
266683
375819
128686
234367
164485
412296
263230
358349
196895
354723
191050
369707
180767
251678
366218
428890
184095
304186
231451
242066
429916
447321
421007
295776
313427
444501
442031
396983
394880
383760
268724
118817
308859
323089
132256
159542
161274
130187
352687
115129
150752
352251
387940
420785
394931
161833
293762
125710
154160
197025
381018
407271
396026
391307
412917
114048
272057
308432
309135
400430
400617
248725
249600
241154
127081
332684
414187
303896
153545
417792
183543
329111
279619
165725
275291
247786
242312
194245
216320
329299
261351
432253
359851
120799
259022
315434
354324
278352
273468
336999
252941
371543
452214
379053
142738
180900
360097
223084
190091
353828
422496
333502
181086
162550
235175
380472
420753
336906
340313
283496
287277
374756
194920
278420
231492
174374
235684
200685
445013
391380
447793
176125
183764
418770
184892
147879
411261
261896
327785
371321
413719
144511
208957
358229
128436
360789
112451
149641
219649
410054
364313
257188
387638
122512
414689
231145
231179
202939
381007
149788
105429
115289
274361
335415
232805
208791
329267
289926
120616
347737
176937
110778
267139
322645
190090
111902
151314
351403
179074
236909
257005
224809
414407
217062
343840
320113
400881
199805
244809
343036
359630
387094
234818
298603
108011
311961
108061
231025
209496
338023
427341
241975
229800
165727
455777
111261
299911
421657
366070
405907
386604
363500
260515
272614
305297
256558
171051
316917
406525
251478
275258
203824
388782
122191
214813
367067
291414
408297
124968
332045
375009
110068
125050
342682
288665
442780
123730
355659
203452
143424
193786
314136
149623
139472
437413
181834
430311
161434
450547
295827
353033
136184
382467
386615
244236
275308
383340
413726
441669
179773
143395
183354
127437
248765
109147
362282
394496
243806
280736
176564
416644
364129
351980
448882
148061
391251
267627
438591
310517
421556
257498
382389
189027
398736
101635
371812
172186
214214
124435
278793
338226
146705
134712
179584
258424
197536
352169
420546
122782
438911
398947
355881
307449
296584
148616
446739
272986
225031
421263
190352
352178
277407
327829
378294
365125
378647
374547
180678
316420
382926
345239
264814
216236
333460
108291
440590
279995
291813
365594
144046
205286
235926
200414
111507
378963
281110
353258
323476
202644
117581
278148
355611
374972
288748
165889
428875
296562
276059
190017
355402
313526
452230
203166
261894
410865
454536
446751
126007
186069
385403
308602
405453
431133
294515
313867
152199
380937
215094
182410
233380
365650
207581
206227
103925
416421
386995
230325
348187
357626
125907
296995
403156
337705
396867
131827
348986
197042
420442
209254
298812
337940
156500
421310
133308
126813
328430
297452
363806
152707
288344
134076
391171
220341
372305
177292
348539
419684
242704
428964
370585
315661
215217
177810
123993
414017
289315
189067
241573
210285
135112
418067
355091
364843
400288
362567
304550
146082
318050
300171
405832
311084
236426
383955
425688
162341
243417
217026
292395
451430
295996
231310
359303
443524
193732
100644
155487
350992
434914
150865
432408
431742
332989
391378
247445
268742
174379
354141
204456
351888
204390
302302
207298
364213
259289
345231
241925
388394
435987
418631
395491
144425
271996
305980
100207
244253
381873
450446
318710
188857
155670
120175
255435
359888
382072
382755
142622
331310
424829
340193
214917
210090
295849
390454
355213
340180
115390
150968
265608
354262
374753
329172
229804
207771
168626
432340
200176
159779
140739
227521
121649
118069
317031
314441
335855
386595
262884
445990
439125
272349
300811
444775
194298
416483
140826
378808
360493
136502
106467
307390
266761
261217
275893
322379
201790
423642
121661
378030
434899
321382
164844
409843
271463
362180
352755
313191
182603
123744
104271
121769
110346
187509
208026
169647
200457
196516
122063
253431
222693
301616
215276
274981
375314
238725
296791
108931
390601
424301
351690
162967
126843
178132
239484
348371
330527
330709
368563
237494
319105
171315
126187
332757
182493
323689
341299
324688
293114
169875
280713
425776
101083
138562
419184
130719
426901
178921
155696
428392
353222
348192
152782
265199
345194
276279
313075
365483
198458
334698
172629
317989
166368
296175
123117
455613
392541
347982
266068
342213
246465
383983
299713
292263
214594
176104
293612
260283
159085
292339
135263
429848
426811
253860
173551
232406
231418
213955
350054
261398
295756
336798
369685
279034
398567
234370
150213
217603
423059
165286
181619
108700
192314
152880
327953
400537
323947
302122
158704
192145
398422
398973
448836
110032
409307
136262
161535
210761
393692
191139
333777
435064
363109
212883
445787
288427
206118
361546
246829
253548
101704
221901
204058
329504
454062
125512
133912
176278
158023
325202
292560
404824
444427
201425
347907
176120
280064
186427
323047
335375
264731
224484
327311
338304
275876
399325
434195
392887
401883
429317
295866
138810
409326
435329
365003
371887
364288
442704
130141
180385
173945
340076
352552
436520
317657
196886
370674
101556
219913
382156
403641
364791
283391
275082
372550
128502
334256
455403
295798
173045
348991
135616
292256
362812
199005
301800
233731
366134
179645
185196
363053
274665
113210
261670
291073
174682
179031
259393
298276
137104
365679
130354
446106
350625
215429
345945
265861
374809
344587
227966
107837
401663
255618
197995
380509
340913
289525
290811
189786
227083
294582
310828
213986
261125
372841
156039
269828
120067
401558
141176
124245
374104
217281
339134
417811
246190
338494
180629
203417
208362
391103
130944
267254
186389
201140
271128
306851
308425
355624
115232
310403
227946
433986
206182
274722
440551
143371
424978
432487
398651
181592
360441
162663
456055
218954
185457
179638
446038
359708
362822
204695
393681
196214
222846
218688
344684
216729
204557
169408
417527
222468
195411
119035
218971
199928
333171
408613
407500
274831
373798
412417
127065
211423
377502
345411
290601
351411
294009
360675
207705
126986
301349
154450
353760
320236
167430
426792
341186
226082
145123
276562
182551
243990
365291
296031
426988
121512
363067
235421
209038
418959
206982
297939
400497
241586
103198
453923
112378
132971
225207
378642
184236
228751
293077
381232
395931
114216
400858
291091
146418
131909
417476
111934
113925
222593
276639
147917
276012
129882
284501
125064
122381
354396
211465
413761
261571
143133
212967
330326
210447
119298
124467
140555
262357
295283
354331
324056
107132
453922
106786
153540
339871
251635
445518
126201
249079
334388
220406
303431
435655
429842
426551
308529
222090
119299
253374
159864
249150
303284
203297
378685
275318
144816
408287
316520
357980
226127
373282
155036
203190
372535
397438
330607
416206
286439
316775
448974
405903
426787
104067
419336
279772
174504
435405
380689
455372
272497
108014
133575
104990
446943
149699
268243
313601
227427
386035
356895
389394
390627
394419
189594
288432
259683
428433
151473
290166
296591
380757
233871
244369
270179
368562
146183
196783
107146
253497
283604
109562
216907
312697
423000
297551
390395
281753
365558
320261
363145
356089
340811
197179
180527
396168
358455
149143
311269
275726
404482
203251
222841
304686
167426
112283
401085
110186
149961
154004
423683
254240
172581
330976
155710
393411
164828
395135
308587
453734
413043
162059
202496
452097
301261
363802
264374
349284
216201
183385
183357
233992
110996
181195
249024
296770
260342
135740
429175
432358
188740
123186
333396
132534
121859
270343
276773
391365
187876
155516
381574
300143
120925
111474
311445
342179
263202
429404
206025
374939
116013
374514
195028
364420
443275
254322
357014
399024
225067
411401
453869
450783
223106
117770
107767
151770
149994
354423
363943
392726
135627
329412
355297
428247
344165
178656
376717
123340
235733
132720
448111
344971
200919
153780
109059
143493
250069
435779
442269
418502
385496
127715
146281
249456
136086
263218
436958
216871
124128
375431
292746
268318
334324
263145
154962
312394
291118
118540
145363
260400
301518
371123
349364
420957
324534
377297
290391
313138
404524
152790
368418
249483
400087
306086
263433
298468
270255
342243
192194
238967
386186
429225
416208
146699
326402
348926
232766
240465
389187
342875
356608
362274
237674
390333
385077
393990
187575
331041
454971
113877
248253
260463
399044
151200
250835
339876
104681
165893
286635
154401
296294
268210
448706
424292
130468
383060
136717
114943
126124
132159
178971
227898
276220
354972
177666
270075
384592
313938
188425
406693
290715
211190
400898
120114
158528
408711
177923
177928
214907
254313
455510
294527
383466
364650
153361
276687
195988
353072
135692
377367
183733
314823
174225
299347
134669
123049
160458
329778
215749
326977
409899
157671
194112
450450
246198
118948
296157
277006
449290
322295
274450
147093
387609
256262
414361
367213
330734
230660
225722
216615
119936
412698
227402
246108
167814
216050
138799
186541
246071
412961
119426
102970
432805
410074
233941
290860
436488
407741
380097
430439
289382
413245
281228
412506
307777
159592
262106
379739
282394
442581
269923
111246
266391
381089
221126
187067
200454
437860
223010
330464
126550
224098
435301
321046
325425
321220
255511
257105
142335
342364
288331
409548
321616
250139
218142
411355
254564
256415
409322
144187
338972
180561
229193
403015
226825
356269
153373
125626
425507
259713
386360
297096
402393
277369
246656
261533
406560
415194
142040
312044
422349
408336
137175
406391
399475
136115
162141
220731
336700
359239
106213
410868
451918
187236
439293
283419
347394
281992
111919
363294
220573
118826
310807
305621
327107
262797
250197
229469
313815
334980
266893
348882
255652
376265
309686
256735
190125
369538
114808
232398
122626
450490
262773
451240
153073
432704
269166
221900
209639
440540
241748
110584
308825
139066
303823
165162
441770
124130
329748
319752
305156
247697
163713
370321
252576
449486
328838
305758
353627
255710
109623
311204
225331
151457
424966
421815
234237
395729
104928
362283
374954
119423
256549
283686
117878
383036
428102
174535
117492
366890
334887
386903
120797
436547
266777
207998
131970
438607
189567
409956
174747
128716
382193
174118
312244
187864
275942
186211
315172
152694
114235
106046
450018
440240
258303
244232
447964
235716
388065
399298
158334
219587
207606
208699
128402
343400
143672
168074
364169
324453
285048
214195
247511
163405
126308
250725
316319
231161
119746
352502
419428
138252
123571
391135
287201
452198
153958
144868
201869
240020
145498
141029
351286
445668
301765
381801
120000
165658
382653
395433
145794
261050
268492
184926
291977
366898
427952
147795
338309
356109
202501
190212
291549
309524
231190
445220
114200
143988
448932
341847
102825
311144
300544
393598
302950
145575
418627
326109
217611
388470
447448
454855
230713
130797
444829
252634
386746
265460
185597
299290
405377
328506
271395
292509
219846
292786
368055
173861
205492
167861
293609
116161
265702
231181
372006
441973
327670
103797
249046
172958
182810
289544
214939
398007
292656
271963
438895
175878
383407
272397
379729
179509
213609
443980
111027
259969
136864
281625
265740
287971
405977
190303
167790
380735
364190
185933
156000
140375
326585
117190
211332
370999
342483
268719
324013
195657
403308
242937
351735
325311
212361
271136
450713
119539
261497
430351
256597
268598
108821
291514
408177
346020
274221
162748
353473
298646
319548
388352
170895
173635
355357
161520
351694
185784
212549
348828
271109
323793
113236
425222
444721
340628
144077
335042
259046
150505
320520
250802
394992
357529
208913
103517
410139
448518
448496
187693
316440
308006
426771
401595
314519
385173
191866
173999
299021
255333
146144
161541
314564
213147
121847
386503
391538
113607
222206
407616
260754
222853
281892
114679
233469
179321
388716
269468
211880
190326
437857
438611
143622
197161
126758
153445
128752
430686
173199
241335
177388
404770
214987
401579
358674
430209
218902
456147
101539
303143
122618
320338
111628
338116
290840
295455
215874
449277
188999
428627
165062
268063
164675
236315
379753
286252
224204
367995
100113
193324
155092
181928
269705
387642
417705
138965
438785
128467
178258
372917
252237
432760
265209
273708
129973
157893
450003
371668
200212
265094
114848
208133
123770
251510
139612
214338
366795
127586
312443
421322
270952
401815
211385
436492
315479
122920
357835
266066
132486
108347
396851
296938
221190
327644
397625
133772
312625
318732
394856
270274
349799
163719
387240
161676
282556
143799
278104
234616
356546
204844
327090
427358
206153
342152
383107
300541
295256
414754
361454
354550
217502
304224
133353
305124
234166
174088
304390
114308
392895
261678
431291
253511
368651
361107
127505
187539
151196
139483
316448
322906
369507
322727
435616
395682
305974
144741
241522
406316
249411
244313
271937
212738
456061
177699
200713
230905
298222
417478
171553
444922
382995
143635
151339
247895
205433
170574
298552
195297
156510
156753
336161
194959
333888
357549
151291
179383
398972
329672
257968
437096
133291
400219
189838
112570
206838
340784
291384
192467
113250
143668
102325
133191
273602
454921
114472
133196
428773
389221
352780
175095
288914
243357
193682
221930
317744
323243
204078
393032
209536
167650
233220
257913
366224
295685
156362
281044
235713
415965
312245
322741
388586
138938
439231
284450
137169
158474
334538
263188
354618
298237
254984
392892
346959
344812
405422
132700
151381
209673
442777
199288
415596
160438
327052
428956
251698
352076
396051
238475
134168
400878
227260
251736
142018
108304
281686
166664
437730
232276
422651
285231
262662
101953
453645
116299
428917
164177
311974
198236
134388
349764
404198
409644
238940
353211
326809
340060
161670
263620
262075
337606
214827
247217
259260
366075
163932
243052
236934
166434
264031
269160
367762
334556
396697
174241
103395
364776
229420
113923
250570
223499
211181
271335
115430
312661
209694
206882
258797
320820
182694
395594
445517
311979
159228
301204
181859
343390
199986
418509
198623
436932
450528
127306
365300
447572
419288
337964
288524
346115
148402
427377
287532
231121
105710
313347
202705
237228
172816
450969
278077
256441
425681
122501
279135
213738
390945
271726
332321
104469
156514
375324
163740
343616
438203
138734
260094
110299
103910
234773
424792
359098
353417
201533
371793
425084
203907
206396
227143
324569
374261
217246
410328
235649
196664
231154
253020
277107
270689
169635
232924
177211
269271
134829
202330
177823
290212
168710
385101
331277
170638
181966
126621
432311
269982
311993
115694
180034
337944
188264
169270
161210
259555
136889
316349
212198
342202
125598
120659
275145
149032
429255
121366
133834
327814
368885
403041
447645
451559
267491
399541
321656
366493
121389
151293
271182
440282
360340
417801
166565
351198
130102
305516
152399
292793
382337
275255
361930
298122
114865
322853
299810
329743
450101
441831
442705
330284
136480
219520
390570
246285
408545
394060
274069
319652
146924
319337
100216
213037
353702
403106
359644
130487
268172
205372
111372
277595
369553
432010
266370
106837
294966
114020
149865
157123
183010
236462
336748
391567
155290
227181
356449
202778
196131
430788
124804
329234
270112
417848
177058
255946
131243
438048
218586
396657
270789
267824
177232
176869
357895
332065
134415
360295
271528
338975
328443
278538
163826
255719
254759
249514
264182
432348
180056
159311
340453
164848
259826
335154
255414
288989
343770
372485
371168
415790
426307
136839
217548
381782
125888
281297
317534
409730
268947
212297
302149
212563
201428
284104
379020
418253
449646
241745
204887
250152
221664
415399
164615
453732
186082
166169
229953
333741
174803
149689
192110
441395
190151
231170
100923
240381
319672
392326
289018
326254
211816
407488
250182
236497
228071
224299
167949
224941
228795
381057
137504
328472
186035
224332
198548
305528
399112
161025
287210
345443
230465
344825
416944
354955
270369
394663
230224
449269
161647
354259
158548
329486
339590
206671
274065
149091
187527
389335
348202
404010
311022
316487
297239
377469
272260
124116
101613
339146
210799
393086
275400
434564
247562
280313
187601
339520
405379
239504
144566
173169
312888
134699
254752
367798
349513
416698
304144
181072
280600
158178
155519
310451
352227
348664
118543
143508
325240
119023
147067
140324
209314
366309
288175
258927
379561
439563
388516
452566
179121
439498
234500
363546
244496
240298
181813
255837
352558
386945
347617
286143
374897
137729
281266
348275
347085
116035
237582
270988
111706
242441
118012
102722
426329
444141
277176
432619
339476
359168
360309
210741
146337
110396
275386
164543
388281
318307
385762
235237
202690
175423
257351
242654
259685
441039
249071
453872
354626
348671
364342
302796
181353
448170
443844
400851
191859
438554
187281
341800
247200
288701
421280
194146
426879
394038
137996
264279
206976
141571
152859
230614
207759
395072
262010
437648
426426
169865
357806
266169
125884
405332
143324
436331
331156
260901
360547
342801
296837
256110
357669
235371
169305
449516
250717
441409
335503
416261
245702
217870
221579
455842
335626
429070
339803
372943
181249
125089
253136
446056
295187
165193
195814
148527
360780
259287
116774
287902
185402
188761
363904
188127
236317
270801
214698
331344
360868
312478
356675
326387
380653
291478
174581
150281
400780
191733
442837
196546
414154
431117
408846
389615
236182
126458
165105
163631
138027
190159
395641
337373
289228
336731
261844
435599
210316
201614
398787
365908
327813
438454
102466
301904
345110
170228
350088
403423
378767
164993
330683
443479
116060
103369
443050
162762
252475
293063
136426
192220
120163
386515
251860
329746
405766
188661
169977
302083
218290
213708
332089
353254
269832
171633
238060
222207
142910
102884
276463
339797
242494
249130
438456
382611
268612
161198
207063
150754
379388
187508
318566
228879
455904
252714
251703
456071
408942
170861
316838
109090
112222
159382
302702
219536
274458
116184
297910
243682
160798
377437
448508
207623
335172
304502
328136
188191
168527
396661
321274
308693
141928
144647
410121
182545
123661
256786
106463
335504
230096
165961
452988
418751
422395
299066
344147
231318
185110
130189
183201
107620
353789
168025
339445
192533
384587
448533
419397
447012
406307
262150
323046
306600
206117
156625
157793
210680
361984
167547
184468
296333
242519
380149
279196
385639
276850
360108
129366
311532
140634
384350
272857
325737
403367
270500
227269
311561
274823
201410
283373
263583
158274
442435
279090
303339
246537
266254
428281
116636
128748
348016
396706
261285
298542
311433
152500
315052
234528
286448
264057
366601
142389
305001
384348
196406
439377
118333
440747
415401
336732
165678
390720
279750
254198
320896
124766
372546
294872
412615
345775
436335
203223
173080
375183
147845
131389
439114
406586
292471
244714
328982
390798
195448
223580
408453
454628
343507
301919
344472
105473
313431
205679
279322
430057
282320
215183
232642
429932
123786
247225
392045
404244
357734
295502
177911
282623
367556
415608
294092
210498
291896
320534
253382
431640
293720
242449
228768
123428
348560
377938
439346
396217
168344
302153
421128
286834
192363
119649
373425
324925
430140
140133
414630
402802
416648
333197
113667
362169
354342
123208
123181
445532
243737
259357
350275
346459
140308
387095
280951
234956
199582
113211
422241
278951
316626
178131
313629
362391
388489
127742
373907
115300
204338
372064
111079
427089
269234
348263
318974
396146
227230
320473
188894
437644
323341
240223
251857
304130
100029
351853
312723
364039
110166
131217
156248
175229
427512
175537
243500
162899
331745
122981
179322
403157
148699
246063
165086
407251
450801
269447
373143
420572
281843
446764
123358
246586
338566
106828
331625
112541
269721
373794
406014
160773
212946
444839
377899
359705
118749
326334
426131
125958
285830
230737
143273
425505
392257
185839
347560
243426
111585
386398
392631
439421
239700
137866
433750
119768
167880
316733
376775
357903
176597
232971
227550
346525
162972
335556
170416
220944
344124
199689
244289
101747
274130
361034
209831
110519
180721
439885
118668
407622
426100
162163
410214
329758
136818
336395
450718
138257
199427
101364
361854
419938
385590
166256
186527
258071
259244
307261
179052
166799
408795
337280
281262
189890
402537
393572
199178
156831
449007
209410
177564
351668
260186
189186
323714
164646
382981
235632
142516
369080
451515
204033
349454
159048
333207
150140
348381
199428
199684
155956
450614
349524
251492
139500
386585
402398
199937
289481
340832
374388
335580
141688
122178
322742
328079
297980
355040
351236
285630
233667
342370
226972
273351
437577
278576
201656
426515
166445
235249
288592
206514
185160
337853
375214
361530
191462
441436
141590
121068
121368
300531
452464
286431
120402
202905
248543
345192
211460
220727
321299
215483
444804
326040
269526
176994
339666
129429
156701
152096
176729
131538
240788
442018
431093
222311
238759
425175
427573
139343
191276
289053
300218
330505
304417
425871
341025
391363
125832
180055
141710
182796
360811
451786
452389
212870
296192
128586
176613
134529
130461
132877
196424
195329
256665
190944
102427
128713
117540
421174
435844
271589
326440
255216
330117
248112
392885
252204
320374
147227
106966
145600
262116
432959
215664
398358
426474
214754
351955
277629
421480
332691
412104
448097
421101
197807
404430
196613
328494
373325
340492
135101
289846
118484
328204
388338
346787
121027
151083
381602
433133
342362
373628
365449
201190
116759
145369
284716
276942
298447
422107
110135
423019
282886
320503
231894
105199
153816
136925
195208
193734
140211
228640
445441
290101
302381
225584
114904
305221
277678
387915
403400
400980
289113
340740
249395
170634
249132
127984
300947
429185
374642
236055
386946
209553
300677
380187
204532
326963
291320
403563
226908
423549
220345
163979
382609
381061
316973
440109
316166
322232
291567
169797
306719
332203
352858
372288
372501
197085
366233
182665
182920
156347
454425
354236
178357
217855
307618
272958
422457
207262
165655
222570
345957
255072
144750
253865
413610
300064
179564
413028
227221
206370
203414
244146
200693
274887
205007
213215
263497
167810
431240
231575
425539
263442
416402
270502
220947
364452
322355
252795
105336
230810
126935
132053
138717
351751
277025
301052
321766
238781
200849
225859
275910
164750
154439
279405
272447
356657
384175
167710
129335
258720
300423
196313
118190
377315
347697
262980
175853
199152
103975
411989
184458
276564
446686
220945
328753
306963
288018
416050
241680
377228
157894
385007
431346
256538
329308
285708
332965
115838
104897
238351
296670
132231
120430
367143
438939
112518
375562
290756
309373
454316
174974
420426
229557
160258
307299
106400
381362
240873
413972
425572
377281
337579
411442
217328
226540
282357
261655
330258
306926
276898
406523
392642
108688
417306
126094
382308
356498
210276
216456
258675
184833
294039
411927
389437
442842
213455
409775
372326
143570
242252
259213
107484
368726
435340
267145
370089
204378
202460
280616
310237
226627
192821
143377
426223
111389
139529
127035
260381
117794
405790
343050
351582
222524
155686
163358
422421
247158
300278
253772
201719
377442
218186
104540
432599
203394
194766
420823
238001
162329
384126
137829
333434
154366
209944
208677
116441
207958
312600
248575
132655
214108
276766
111044
194185
192134
297769
110649
138962
218212
415578
212065
138134
241846
231740
223080
268905
101688
223660
124284
130600
320358
230384
316398
263110
305609
190255
168598
369530
418832
452366
250633
110446
240732
246276
190851
289796
339229
278362
190688
386074
173689
399313
333313
214879
113070
394592
443640
413853
424793
319903
138828
101702
223162
335075
260483
143504
204811
202415
369014
211608
359961
321515
344403
328454
186081
398604
213699
360302
257803
237169
236535
428747
268534
133620
360046
334583
282289
310113
422120
447826
437957
180179
206228
132873
302260
441416
307192
176172
288474
363093
447035
308908
317816
302839
143770
450795
254617
283465
325566
214642
110845
388983
266503
391457
318635
245592
186716
431923
153144
356300
294143
353382
396083
328215
175838
255777
369293
428574
293389
108997
408607
447662
119420
208594
353903
358288
307107
218064
391003
204013
352348
375833
267925
154036
345160
374501
184626
449511
281383
264443
177406
419074
281384
251103
355926
434159
376973
359144
331808
212904
291482
281025
178211
342515
431284
207186
270451
135938
318715
101927
406440
401705
345486
450906
383630
332536
366737
247010
407700
250440
309757
116311
424228
174937
207125
135988
230140
243731
298827
223252
160475
147688
212821
140265
271901
401494
187478
231066
225225
286974
362363
325806
115062
159787
179471
199555
436109
382452
309871
140612
206330
424073
196814
231831
143854
297733
233898
325046
250442
262806
155555
331078
172830
132678
250923
433974
353198
119046
382382
419896
276636
178968
230205
226611
426408
146543
183846
167640
282769
415145
148886
165573
213248
166765
132498
296706
267201
200281
306833
253978
202928
245886
108600
321895
212711
224467
433551
159206
143051
163449
347132
245600
249485
158083
193178
273092
398710
280246
160827
397303
378680
387723
377904
124688
254034
279868
118081
413582
155666
135646
276139
302756
207675
418187
110756
441733
146467
130168
318247
449623
294169
133178
293023
374232
324491
176985
174413
352512
304890
324161
128711
281540
115836
335116
386278
433570
221186
109478
289559
440461
381283
265835
444029
140219
168167
311490
110706
323532
309203
260228
127863
386095
165219
200078
271557
154111
143452
176407
377378
104723
393459
229758
284303
407328
363263
149448
237770
342428
182522
265840
351467
357944
218061
176716
125834
445541
265653
377420
218868
366644
335642
435468
344917
441687
262436
423773
211276
109828
198346
360390
171286
190941
375417
425941
342674
185528
337366
183811
224827
200698
243397
423878
156911
168993
452969
302081
369888
403631
217715
152516
396785
419506
227428
247551
117916
226459
166234
177377
374936
436587
361911
324162
364889
367485
300576
203900
378969
384936
295606
394059
129149
272701
172557
229981
353296
365833
376017
437886
324523
301580
422351
104673
246521
414474
425561
132705
370681
378617
204112
235010
174461
130579
327209
174862
163174
254466
130055
344557
347339
141434
334696
205298
440041
374132
426019
442176
346116
305288
350411
167914
240630
348041
101957
243929
138063
446609
121429
268562
305099
293753
309252
119196
194196
194946
364002
234893
210740
429131
430232
152955
397895
360276
348844
253840
338016
320944
401103
412513
208406
276397
320576
303855
112233
439722
438379
230510
161193
333181
283386
310740
352831
302596
293999
302357
329722
437899
126309
175956
121750
412086
173579
450460
328388
202111
156559
214945
151453
249437
193753
199349
239939
109334
190163
232910
264042
215948
174662
263929
349480
151537
162057
324966
180112
152886
390849
123566
303587
353076
371019
446262
409771
421659
294746
409424
335899
150567
340390
280416
443160
124783
215809
220551
114781
189168
355280
131975
405744
291717
112968
260894
409768
357154
301500
397651
367442
156490
248836
372794
384647
359401
332693
144291
115132
140447
303574
276331
207733
166893
419198
135313
434584
263294
194609
285822
226550
416108
273187
366640
207334
386257
358894
309809
397291
447669
133384
341014
261616
374190
261467
394335
152911
443048
221156
381308
109043
179414
284528
373128
313260
211653
319588
219113
128458
146017
265303
321556
313203
380164
111961
346876
336794
283475
411847
209399
271894
330697
182149
114687
182889
385846
443405
325293
334782
440413
414184
140438
434611
158147
193055
215178
337169
151673
352548
161239
238245
210187
208287
245403
379578
284707
147071
253464
387050
173106
426632
136752
217914
266111
163525
224248
289597
349423
196266
438188
422845
353931
177391
338549
145243
100288
232527
173973
128802
422231
299149
118269
298390
376110
421115
135630
431300
233534
162925
270815
449023
300400
304402
372078
241424
351554
263039
196121
364528
435441
367053
375497
201800
200014
236169
161851
251366
187183
118013
111638
145046
144364
408682
159808
263114
127411
232057
406072
275710
107046
133008
254136
117718
256569
355663
451454
242577
340999
159045
169878
210063
423576
333640
440194
437583
334896
216493
388885
262881
255129
441160
160835
277826
248446
384148
438474
195882
291329
102047
374676
349875
375111
314524
286323
336143
396774
455266
273998
354226
354507
182014
327511
416191
250499
201247
306423
309173
120290
432634
272713
205329
221743
327409
206573
236409
123706
384425
233006
100632
418091
432502
216343
405776
250820
342484
217224
410982
260718
129843
270322
161481
411695
402535
146748
151629
107200
188678
115903
323035
297334
315916
259488
269554
352202
411616
403330
273735
101154
252086
428586
392263
401298
256359
366491
428809
282557
181093
175856
224678
265186
376562
261289
364893
390695
103201
291876
149313
409045
247875
319634
403459
262570
278843
391785
419424
424738
161413
343374
139021
196207
380804
370819
451180
369058
124944
144630
302338
454260
319831
224086
223007
227496
240297
454626
417272
348454
383553
352354
404219
321177
129983
287846
217202
240837
308535
113440
206405
107897
317168
311521
202693
412352
435136
349737
284985
130859
278588
269967
256320
359200
309840
333447
250976
334295
317741
243992
259123
123581
122949
390488
307714
262932
217482
157786
435473
135617
196315
390762
380945
128920
313981
121587
349336
406657
372725
202452
341869
175148
413380
105585
402180
106678
271630
440888
135659
422371
157477
161363
378411
290883
420550
250370
256063
263234
267563
157757
205935
405893
125424
143725
212352
116073
308566
312113
107400
402405
200021
178540
336342
441964
287573
210895
266252
221686
403124
305740
381260
279543
180590
259157
156493
360859
398314
407533
397255
213619
339197
148897
195210
193224
239476
302129
142604
128203
136085
282833
193269
206552
161329
418324
184067
442950
166140
273337
370993
329705
240289
243652
387834
279234
113536
140756
368104
364588
367976
142656
288393
135709
199516
309819
283566
347406
152398
288549
277869
100703
282905
428539
137557
276715
174147
372738
389534
189904
310289
117971
372257
402216
432611
323443
108867
151458
130809
186657
269564
394723
300500
172059
320523
345855
340161
214428
170667
335544
224984
308208
443950
370671
258250
327193
103267
321076
341440
261904
230525
205915
337550
348576
350656
425896
293050
219865
406033
131109
147926
357904
132083
385455
233014
271623
436820
129797
336694
451200
237521
211642
100614
424151
266369
422082
127917
239870
252592
292625
301402
348128
279612
105822
321874
247564
358988
382658
413939
394751
433528
149094
257771
135983
117803
168090
453506
418722
235064
258991
257734
347513
331350
106642
426113
193076
295712
409407
378771
189138
175246
438140
221708
377954
348964
346181
229799
324594
311641
234213
394428
431979
299967
340829
411794
188294
145549
313723
280057
338661
217945
196905
333009
332280
382613
322465
141485
353467
336920
190736
337797
135289
284349
261258
245998
113690
370843
178400
256479
224149
132460
165771
318610
424935
212798
389833
157796
158577
217428
126376
178730
330000
183389
378531
399099
309487
451164
340230
146750
320480
255980
156245
200566
168180
200519
206371
425417
221382
332110
354498
178738
235068
260574
207441
160345
412657
230747
374083
122835
117537
110030
139153
414072
208233
270667
310253
366310
329144
451306
264963
265853
253753
410181
269791
232701
304922
215943
374725
257306
196965
115605
268801
385613
153244
391297
259893
205033
311030
248140
243045
307423
239223
378272
366994
114368
262794
423322
108675
318779
417828
143329
339983
114977
195968
221294
146114
180612
182324
407321
103696
337173
362299
340010
198792
355179
343638
406268
168937
157227
386666
132953
228359
179696
319701
326863
130481
117892
122789
136366
410002
375374
295398
370618
302214
200942
105778
122171
306277
334988
381703
310340
193039
357692
335589
314678
249510
211913
293166
411867
320333
365244
137852
436268
172918
443748
184813
217619
130247
193106
161671
321690
197700
264498
433696
259858
279905
253167
106407
218811
400585
367690
157560
253471
382219
332026
300921
403642
180463
274132
217518
275248
298767
151611
211529
253823
217107
289856
161551
337713
435047
108283
424706
172431
155635
314632
340781
141552
221109
262699
376063
135058
333015
207388
421604
425724
304456
259769
378038
430870
210802
434682
379229
436532
141456
334217
396122
161309
447466
331576
177264
406957
299921
100461
334141
299000
433724
213650
392345
402673
352290
365088
178758
224602
344203
415813
304383
145749
418867
189673
315539
335260
168102
431986
100096
414611
280410
329380
254236
134431
442788
328860
288925
180866
140041
157060
166382
428260
107298
328084
181164
121809
439462
126186
113319
196350
430776
168228
323839
414116
239696
312882
154432
221939
433885
360891
257247
138846
151211
243160
275548
425327
362886
315672
278438
294722
231883
191602
432853
179312
165169
317301
222156
208114
168976
290854
298539
361222
361112
322737
197760
275833
228460
205860
455851
400754
377143
107552
243888
363827
258289
188440
155025
426911
419027
368624
100904
262626
391438
406187
381474
411414
454258
257643
229252
251726
100684
340817
159000
194525
449066
373966
451842
416639
249239
434886
350401
362998
171122
117881
287854
146211
221286
390545
259910
421745
372173
207761
179380
305252
422700
204715
451695
378369
302111
346542
452520
223461
323881
226252
197164
137029
320844
162063
414715
420793
359321
414847
287812
139109
286117
185444
252786
236887
121493
198647
384029
307579
369362
190063
412605
415318
132824
388412
349096
138064
249977
442231
371673
287950
326426
131446
392214
224030
388573
188422
270377
433520
191472
208916
307658
394389
446170
367867
285243
452141
452013
164344
272470
229102
253848
192571
404948
145858
258541
428970
294106
349070
208137
376384
106564
319301
295960
375084
379830
360821
383339
176029
155132
356004
282630
292913
166377
278624
331738
418247
141137
401283
303317
228975
192817
363484
158518
333306
210092
311871
382931
122110
351074
380585
411763
212237
377203
379228
332115
379420
318741
220286
225355
306440
108141
272901
209767
388535
399846
367660
235462
295959
167869
330446
304545
333894
258320
442544
344522
238677
442701
390776
330608
291566
217009
112515
163342
381370
299042
125703
233321
217682
204832
356804
372455
375749
256361
350793
194226
309148
325549
191570
442636
213077
225836
309697
296820
346613
351325
146123
302181
217950
348556
277750
294902
294784
341464
356026
194913
292291
185061
368648
257591
166728
349115
128690
156765
248771
129940
123282
364572
185042
254318
362136
389957
287414
206915
238183
352163
357390
365008
109894
209140
108361
289833
325729
250426
179792
139376
179734
241862
261053
106197
195556
279841
444565
342762
177901
226167
413663
316945
315352
133050
432176
322817
129286
416467
435312
337195
128243
139365
223618
248123
378144
448598
251390
273179
263357
305067
237788
355993
256797
222826
422817
326949
244708
299430
369292
131320
133862
430998
333206
408438
140440
363468
273842
168419
187265
269654
159434
359253
270026
419018
105232
230405
250594
344173
164635
400972
182997
123465
326431
351673
256929
144270
352672
349473
121590
399626
377061
107187
296549
218560
100286
120125
379660
295978
142599
215676
401566
389629
125367
233542
194126
215458
252858
245650
175194
202652
370959
211449
145754
375546
335718
333106
190048
127597
162402
357718
308426
395191
112639
256171
288208
337439
150360
246160
241358
190644
342218
148951
368375
292243
311897
451142
430608
278175
398335
122093
118234
191002
405437
341142
215713
270601
261818
267435
128651
241893
285992
289038
164508
221026
350586
155694
383292
246424
372578
286378
364890
375281
373391
288604
195459
403102
254463
272046
251060
296853
258299
339390
343889
424240
108591
364486
186178
414048
313273
273090
153149
257397
394516
251424
112513
159671
263673
381262
398856
225928
371932
123295
340080
372636
153970
256491
176488
287533
141843
110987
146808
280928
188732
448541
345974
186725
211897
215603
381970
327100
340891
157038
342304
275527
145665
105236
152706
236449
287918
293867
147259
149673
134801
154034
439241
229670
360895
100960
421104
324157
299435
332175
388975
179779
276666
348021
413928
163254
266609
308291
446989
158311
181018
451021
410060
223126
202543
339150
428547
306830
335839
377274
302224
398632
139430
150760
260467
215957
351420
171106
330592
108158
399402
206726
134666
428337
368336
328869
393093
155054
306152
350772
290019
207969
184407
324728
250654
430555
348608
345451
366145
391922
168924
436688
185502
125222
433846
133931
154651
155061
447032
342345
330796
247456
240072
301581
419258
367509
178761
278560
403301
264716
285009
264231
368445
343834
155313
218881
147558
329006
354464
234417
437856
180024
452113
310939
449806
440837
161645
182938
254402
118834
238297
378718
192647
453828
255211
251927
411040
440063
229613
198629
386341
267248
197000
270597
385193
201204
262224
186533
141151
152571
256881
253516
272014
103281
413805
140538
193993
284956
148279
188059
363947
200077
143495
296537
308058
250393
451234
198905
414955
215745
184763
295551
316446
130945
193543
347730
404616
186896
346391
253573
345864
381650
296641
251895
337567
194085
444171
295454
312082
397425
156708
144185
170345
407712
398540
323020
271061
113666
267557
237240
313652
340476
391127
226055
315584
323117
151164
401834
181934
288363
441013
449530
193336
440806
441002
431514
418466
101001
337791
351216
299390
238992
420465
195282
297863
324958
429908
162175
102709
441932
302967
222805
118453
155459
377839
300809
395976
280690
146870
106106
241499
383478
148278
453816
244002
194312
258738
209412
416974
196470
100295
266687
426935
258564
389936
201359
292321
151436
190101
370592
374303
226953
168265
424523
114571
239762
379015
226989
254893
156169
323560
309218
379344
418116
343642
197757
106832
275207
300917
392475
267733
318676
116837
266574
205292
347544
102796
419110
348096
262126
174214
246002
112110
439040
296671
190367
193925
361042
436014
425573
439559
127950
161807
366828
424432
313225
175546
433582
155672
119805
283933
188623
446215
135958
239440
259615
332978
432493
314177
252120
331511
195624
227729
221941
147410
326924
114558
303636
351211
303577
232645
355009
225814
379619
246770
223467
127922
400808
150958
122106
290312
274189
338051
249707
221637
398162
351598
434757
428613
116772
179803
402240
406705
332739
394925
169056
438080
445212
447315
235301
242547
373178
169147
298783
262423
296553
326100
260041
151327
183006
418110
104742
341163
240944
169265
181881
406545
237445
100889
446010
169407
348805
128828
447170
408568
398741
244034
355745
341118
346928
417302
256760
400471
435750
142681
409856
184710
210295
120118
206057
430511
409077
250608
167202
370383
436749
407662
245413
346579
371826
122801
249700
447843
188403
154751
196874
429521
329189
197660
272064
305618
264241
123321
184364
213784
281241
285905
120775
299288
400155
184520
218987
400225
131617
233861
121177
252301
256837
309556
214934
180035
375207
168120
446511
332866
381556
403336
443507
259709
117292
315269
139464
196009
125341
417913
182915
344533
299345
254897
409605
425856
257795
309527
173364
392706
421904
372435
233015
285005
174681
213029
285510
274655
118171
361224
418740
369384
252156
222872
353012
430701
180956
325383
103030
108589
229832
366345
220502
215920
160104
100556
279249
106335
256148
249887
268671
401658
342907
271141
189437
389770
157480
190985
235422
375740
394325
391045
155057
428696
281237
261379
194034
386719
305704
223785
271571
195194
429376
145646
120636
438742
437152
296796
113869
385696
172847
306265
238305
198098
112617
223968
415949
453035
193670
245716
172031
167670
336710
149743
211427
145015
186241
234628
245907
334915
275046
132768
445582
102877
376029
115935
236060
447756
226254
301969
141979
291785
258341
423619
188107
235329
376838
216675
308585
144495
118808
364066
431621
434351
441212
113164
164342
235817
129908
281083
199929
317391
408046
177715
449553
218937
270283
350419
236365
169086
220794
387226
402865
170323
349019
286006
438964
238000
444259
111417
282547
422248
237504
354829
184903
253693
209626
189181
267196
347942
400045
353890
207748
315302
403507
335624
152151
155237
335215
153806
191036
197181
446501
196700
444422
292714
263045
216980
103549
454965
261722
338208
128820
266663
307938
160885
253626
380829
269221
143446
177347
391701
328364
152825
222732
298420
443681
431426
143248
308079
268901
415784
339609
374160
371097
308854
319708
344144
122938
122167
432462
401998
121016
362114
287396
409834
237130
393221
383953
288438
332236
340941
321314
187904
290097
422857
122030
169332
214869
347619
391508
229489
177139
245885
107150
169533
327968
189600
386483
225756
383408
269886
232233
199281
266483
132309
223439
410384
386042
250004
171999
181577
373234
387188
418073
394887
333828
230339
128807
146861
259774
242845
353129
156056
389802
146525
391402
346750
434417
110864
175944
270632
367324
354124
256474
420958
332510
105707
424561
222766
335095
320549
363328
261315
181238
369505
219532
411707
181974
102442
190841
218970
147767
275489
449757
436349
349580
340228
285380
350366
214319
151970
352929
347368
342714
184673
408217
376830
389905
426201
345806
327129
433426
290805
269981
138654
181014
292692
381851
265636
169159
225655
395125
372011
128067
183267
276650
244278
205108
376440
444168
410220
155570
226050
384709
271172
440055
325521
325777
256092
446005
241906
224559
321186
213218
423970
142861
252437
115409
292680
256098
185237
164203
264306
366829
383588
376673
327200
267062
130507
435941
309165
190894
354078
265953
188925
265358
207014
420235
143063
261420
410152
269603
257039
251809
178430
438903
284891
254860
321911
388509
133156
437284
180705
335786
415208
299356
242267
185852
268832
212247
427725
179283
370865
241394
264590
450864
378571
453193
376232
146215
119711
298543
183782
224732
145387
272647
228294
198705
140516
376568
251653
395134
288903
173895
145360
351632
392934
431440
285926
433875
357328
172226
140030
384823
288144
119790
241922
281981
170944
103113
179931
314847
179369
297773
303136
233002
342017
450509
341394
239364
129938
287350
359340
307790
180544
143752
299518
446138
375189
269830
181108
134003
230348
445322
211861
291625
150196
421335
351093
142199
251673
124934
363437
255197
360638
215023
151177
362006
248380
345270
104796
160049
408946
138525
243042
453897
433943
366219
277677
291903
386764
306556
198788
115601
228699
388735
219267
220270
439184
393062
130484
453596
354901
440942
413023
373455
295846
374181
198341
333987
342599
157099
299561
346202
271611
444107
201921
352910
273189
158643
249268
281429
137249
414221
179125
453554
270111
244577
108625
239368
109857
110050
207991
309109
274667
190850
218815
416143
320907
329567
380582
247286
116360
382571
385339
351499
160227
219204
396478
316627
275202
133443
331607
220072
144084
345286
361328
443094
161999
112044
301755
374363
164312
227409
271464
454145
114240
343555
225391
251024
380649
299084
323561
126397
364252
220447
231621
227718
444356
134477
161793
367724
151956
327423
266937
327125
284110
388768
439428
395782
346047
315380
453312
299416
160513
445301
155757
201248
198028
137239
226277
143554
297951
165369
131874
155213
373816
210410
296413
304409
352466
293763
437234
376122
438449
133556
421222
188681
444536
394100
110244
365616
261046
130208
425508
444110
325101
450729
428321
130279
322011
345658
311196
397799
327902
314799
339670
172075
162718
225511
273694
197261
191007
270872
313355
353355
449228
158228
452388
271299
288565
451292
371859
165756
294812
286012
356257
140995
146044
217662
408629
197233
330731
411162
221366
194030
296046
441197
280589
444883
372788
202600
313044
193504
122594
314934
170187
299152
395811
313680
214398
179243
302683
155311
343933
400989
214983
169006
174906
273772
156079
240128
324205
305009
355759
383325
113617
445868
204355
226798
395535
144560
263344
186571
408698
348498
323441
283215
444885
147473
163995
313395
395995
146970
232204
373874
228766
267321
380583
407357
269588
154138
327325
242166
437716
441919
288981
166681
434748
273271
413490
372683
406554
138073
230540
334487
214852
180359
254685
205447
400448
181727
378616
281808
113448
109231
214485
399592
235656
320315
304674
280235
119032
164238
446521
248880
101868
167541
452924
271525
316616
250580
423859
386690
308652
434201
274438
225507
356219
428854
110333
289832
399334
127812
446745
380342
243162
366033
297766
452796
200013
448618
316057
409513
118740
353734
316399
278855
367640
257367
396030
417237
251253
405725
109247
227556
337079
404538
354545
334690
232197
108273
198967
454806
180161
176932
167008
280448
445736
116791
323565
439884
385004
128495
158371
296346
154068
196217
403290
305857
226381
358241
314276
135840
259863
276016
359766
306791
444703
117048
343008
423676
112850
234312
238792
433917
261453
139377
137952
354413
429068
451022
141752
446897
238995
300152
283890
163086
363868
400517
255491
429977
378998
176748
334567
348525
229978
325632
332610
315579
425885
428283
383763
439282
409135
129791
332388
455330
316460
290402
120367
274031
120164
319721
378866
286746
159813
138523
366826
134007
386612
165786
153793
185458
426361
437956
171850
214459
360413
406292
414811
373864
301795
240978
150063
331173
426276
144728
435834
330591
194734
305396
282861
149952
435738
276438
272562
361524
261205
117954
335190
101899
192707
324971
180687
102464
222855
398130
294563
383672
249194
177849
272814
420821
386450
305804
225433
363688
265182
258067
161601
273417
259634
327816
379282
402347
113372
312852
258260
102375
386700
256197
255376
399904
144760
377383
259938
390196
228266
213148
422573
203424
239098
119140
401698
299771
226385
311717
242156
130502
260179
326901
293727
358661
378298
329079
429116
440767
127108
324370
383750
263296
190059
223675
124888
225887
412146
412655
286676
254324
240058
165512
183860
158887
126429
252777
136759
208578
181264
315902
405080
335053
258370
377953
343472
425232
164176
337616
212013
314866
294149
365867
208617
240088
429806
106027
160164
439004
111022
233046
252336
348318
455051
377850
271031
353815
272229
118873
135780
329186
413946
399463
225902
364264
263607
224834
183000
331459
249994
112935
305504
244717
162793
139898
415973
386578
394725
353728
161183
185025
350486
438631
332502
407796
217955
236211
104813
241677
168388
367107
339815
333516
373551
336405
223508
391383
401232
439908
140565
345183
375499
173698
317040
424329
433037
377275
150870
207283
142618
277795
181539
176761
135978
379719
171777
222535
230725
411894
225296
263480
350910
339454
440567
148220
370350
365113
233595
316461
225322
292144
414535
254011
156343
215545
254764
255566
226535
268619
220265
165052
353480
131192
290807
163888
297835
107435
240219
164282
243545
184803
241808
387887
148966
220512
105164
331373
193699
365730
224660
266088
420386
107945
396145
339489
158609
270716
396177
175590
350789
411681
287492
417004
308763
211114
252716
300684
390886
397703
442106
174251
409604
102088
160679
262657
436827
344351
275297
407080
127089
320160
441122
311482
441213
196824
182264
292147
367930
356635
285608
405506
335230
411277
185386
186302
180330
136702
416701
115016
392791
184760
335767
235543
410183
147063
162074
114007
121336
118318
279965
128115
394960
361978
291979
128685
259037
414732
323685
317004
354712
355093
424472
428432
395500
100986
437661
147376
160997
295990
236734
204046
228492
434524
268706
380052
152121
439555
183835
206561
205610
217031
307233
173558
400760
264190
111858
314077
197410
240270
273165
211345
277490
203913
105430
197703
129119
208930
107082
333063
152337
138567
203453
179979
424767
138011
176466
193610
159161
193635
399631
129272
178808
375172
250168
256743
453079
223386
210596
445678
178394
114640
105783
182684
328047
304568
223102
359479
188965
438860
171857
240918
194359
317131
197433
439929
233691
433844
452162
254587
353390
298838
133224
440001
363583
334450
334731
271381
242527
109078
341489
265070
227514
179861
203118
105422
147644
312644
170740
277220
359203
204025
442485
351319
294681
308013
118406
396981
102335
158440
332999
347373
214116
341279
359448
324199
304430
190062
255304
102978
364004
314926
301888
231505
342511
399148
257600
330067
183521
286725
331040
277398
206070
227179
186445
171066
404039
366946
241063
248981
301051
399809
433120
136288
445471
267957
310732
226985
148369
177971
406551
325259
379700
294424
253545
340027
417861
259725
108316
242072
307411
227757
449339
435522
385485
348045
249250
207855
400677
115453
435709
293799
341509
174708
315625
307102
179555
263424
170044
252317
339835
102044
417960
248625
269356
407281
260764
257517
235217
169284
101376
332864
378498
294450
129863
277965
329384
180671
409181
274119
377619
392695
143178
419495
250257
227875
148712
440011
275512
237044
302821
156739
455858
324294
122545
311439
164837
352010
306040
381060
220405
129877
190673
391830
428725
221671
224105
132954
453597
406298
226108
426413
173416
175436
172309
118907
123620
353470
332363
223474
446332
432233
243295
118816
425090
403707
186989
194163
408584
273549
434681
232990
245211
238353
287007
164885
246375
350153
314432
366478
323474
415760
193065
421258
401066
410401
198781
173723
329204
318580
146964
340186
374551
417668
233092
287190
352728
296638
212966
243922
374806
104698
324072
320066
258796
169823
323348
441180
146003
102324
264163
415112
311174
405357
422430
335173
159784
361300
220004
193609
361723
440586
312680
341668
268040
275410
326489
180503
313564
125355
197622
324638
236095
304777
230884
395250
265257
192785
356712
449434
163914
385694
423729
443649
271866
137612
182668
211785
357934
319055
311762
183531
142617
198729
390717
350872
353197
326955
330347
128259
253560
447297
133218
261602
271214
240229
282118
401995
149830
345749
275087
183329
392831
154230
455823
330884
401753
260397
228911
104693
235191
102776
344807
245038
276450
338434
266914
102220
132696
121692
453991
445003
404745
393966
181486
380084
311608
417331
381342
449272
415368
147470
363458
362233
396721
245868
335420
425257
199876
283847
321523
225064
256404
360710
207410
330488
217433
390641
434200
316138
343506
388640
364817
267003
139632
119680
435235
426008
220452
212647
338039
116195
314562
429981
212849
263959
214885
329087
330150
244840
384789
131661
200270
413030
285685
127966
205867
218511
235079
192218
448134
285302
286480
290670
221803
258930
425171
219130
204783
356037
390894
289125
198852
204382
154295
324436
333994
368199
324318
327157
379056
431181
345303
278421
400522
155190
311497
271272
321375
381625
231971
102001
279393
409470
326484
217091
177623
417094
138242
425092
408137
248299
400010
202123
153173
406668
343265
439008
199489
173149
438968
235509
349864
403350
420536
211035
347732
339074
341119
164726
408785
415381
177934
260560
372708
254396
249933
173794
370408
368394
410728
251824
198071
438457
223711
336409
106651
431848
290046
361083
300019
257770
426622
202849
419012
210972
244368
322894
439623
213923
427932
145054
358971
257152
254182
345497
159803
371743
296453
320551
250619
223948
127208
302464
353836
314163
442226
247464
155332
135612
342574
437550
269131
237633
265588
139819
103264
400872
162061
322637
209077
353432
324896
138284
274240
322006
288727
209801
264233
348166
379238
151719
138280
437424
198017
221521
451192
412183
178539
342072
325339
321611
273890
322090
154528
285682
149103
216023
207599
324154
193145
104061
379396
252268
406232
190868
200766
121385
407453
352912
415028
364331
295310
202707
279729
376240
214968
247337
158886
242815
400907
435178
366716
411625
132774
148366
263500
380898
443916
243869
390297
313282
245343
436813
252969
201598
223176
161883
172379
297338
422400
417037
432026
349997
169726
205370
295937
179987
195400
129176
107999
370895
224001
133089
437443
263905
190321
395421
306151
157177
170206
330388
330712
229434
299587
114939
197739
238200
207837
242448
348860
372358
376162
415892
357766
251483
255470
192480
238921
331648
249762
406698
175273
177006
273509
258344
315949
254291
418949
289613
260757
159586
163865
130853
108724
156103
209924
414445
385079
300413
269604
328952
402971
322037
194723
119090
168872
109450
415388
272279
234037
438163
163572
331502
406907
429059
311662
228624
453321
349140
329919
427968
132444
423175
250730
192670
347400
210739
187362
445695
255208
114467
386586
214747
119799
284845
245407
122310
123908
406857
275213
437579
266786
174257
190665
331899
210653
388414
447240
253122
339734
169441
333361
307309
448173
269546
395783
206732
174308
367214
452200
254716
365841
122295
181162
415645
158286
104576
131651
446292
442976
262957
250736
184284
162051
154081
173051
110344
436884
252496
163969
186313
126213
392744
175919
255901
396559
150331
368596
158272
120631
217449
249862
288142
179367
255912
201975
211690
429220
348535
314272
378389
380326
435089
409342
431745
120762
291641
271512
348501
230502
374553
441370
208589
227024
430212
196055
131325
182458
273685
171189
313363
327028
157052
184553
249455
154435
216671
386379
320106
183085
368118
426090
140341
369008
320738
181760
441739
448453
300925
192478
114090
182664
209296
325920
159054
333811
278307
438097
395347
219971
226145
160957
263406
359852
454465
265102
360967
294618
158119
353331
280346
234366
177100
408934
136098
381725
133704
269493
206993
340357
391895
296907
384928
403651
171055
281751
305572
331394
181218
273934
322766
250758
159490
295622
173378
172124
240014
386679
255400
159505
228892
443389
370985
335037
442175
254603
172187
286070
393317
368957
425566
294124
164905
306860
168184
433787
248944
404088
241538
145380
239192
449448
366018
442266
264153
442637
398403
275729
264270
302454
409980
148846
379033
347329
397848
408818
332161
364913
151805
117539
178203
434624
102901
235510
404638
118778
277905
235527
332224
421126
269607
445281
329438
359227
290334
107812
266034
228245
414684
240763
281652
406453
152339
180631
244976
320083
426239
252605
335865
158068
264629
368940
191480
141144
253996
242465
110947
363729
372042
326937
442908
453126
170688
297053
350750
267896
150191
151025
292475
204892
392036
186904
368396
383603
363418
283374
230849
450425
217972
378942
429351
278795
286054
436632
112653
107228
103597
246088
410957
200422
398571
184035
310440
225168
132729
123711
106549
136178
158502
448264
437593
336872
440932
454863
302586
333682
420722
209716
355559
335309
200874
181058
295556
239135
391754
154780
436513
135109
154804
369358
229752
341492
330727
356053
390963
161215
143932
166988
154735
181922
261034
316236
385832
233241
178304
400211
407797
199968
156512
414741
411457
453577
436361
246453
316743
105881
429578
365890
178889
183842
440879
392623
291524
222614
390831
268522
144149
220357
172507
398037
431947
222454
344316
438400
101162
418516
410343
182679
115268
262971
240933
225324
435331
303652
439813
154954
420120
123183
311513
161338
266267
364103
313558
433012
103916
176777
215816
364594
164489
361101
390783
211904
205010
260288
394901
144062
205534
238771
378603
426839
332822
248946
252335
142616
140478
162434
201396
453503
292124
299940
447866
234577
153769
356479
433967
362651
426971
280773
157517
380150
443963
370340
352313
254480
135267
241204
293613
279780
104768
404504
236310
449340
303557
345572
436571
451945
239555
432305
156518
123442
444189
135879
226542
128425
174694
437946
413721
319645
442975
361968
251337
431437
316001
140107
163471
410130
102109
121195
337766
384099
314652
428158
344613
165329
243102
171888
248824
232394
369468
308020
210604
315025
385770
436172
349557
128695
427902
400633
433191
105222
403868
220245
274777
208316
431321
408212
308482
220075
381371
257470
438334
319880
184414
254076
258376
269467
269318
363680
130586
331448
222539
419869
253933
335878
112267
369918
173576
123610
387607
183638
338300
308582
249448
453902
230475
375919
245559
111179
161942
168049
300759
299402
347810
144468
439709
261575
380602
261139
440454
334546
357392
267944
271183
195029
226135
203631
161513
390313
156495
249562
219912
439186
243279
449962
324721
181946
436264
270408
106066
362782
178251
157218
383033
127202
157493
146701
167655
340318
137308
265352
234036
403514
258935
149151
200647
342278
396328
257104
416267
294708
301641
426991
387443
338921
140474
424149
231158
362909
171974
130758
394157
186118
402207
419570
210911
121147
152221
242038
385535
428655
232243
368165
333180
442648
360511
118113
318425
175954
145115
408782
393077
143682
214653
155352
372309
199176
140999
337447
403096
164048
318944
257436
314569
227187
405037
357067
436057
270910
370963
375428
161224
445754
450295
433534
176550
252534
393853
328448
197422
349703
107549
323063
154278
208773
332297
256167
444797
243571
212298
195618
158672
144976
301385
310627
189412
126860
184280
216148
324564
390342
203024
293616
169844
443877
407285
337722
237838
108230
238877
242922
156945
399378
273592
247707
253029
211731
345146
196426
180107
337180
293026
271471
240463
345263
285668
232907
290721
393114
240623
335125
229842
395168
176243
433194
456145
178150
272818
305864
243516
346254
400982
155524
407020
435742
382535
403481
199748
264509
364610
290930
157142
374077
314463
456204
165088
310921
152251
420671
249309
144553
129957
394507
280865
145459
317571
277462
134650
195018
356471
361044
302179
319183
202475
157791
280640
202798
345959
370314
376691
303396
342460
344349
121561
220657
224394
313308
441844
131838
380712
110672
402483
166904
240268
106606
299473
320835
192441
352221
123404
232255
328018
312334
140326
431521
258715
357333
289221
105066
116587
335359
141623
443078
187226
172276
101407
423823
189764
259358
444618
388632
373838
108208
144858
147166
133696
152849
232636
322686
128218
225892
336388
107487
419431
171338
323315
231311
340685
383952
347384
323807
412079
453497
353061
166524
145751
137921
256434
157582
169053
218116
191617
366603
394233
246473
192403
422764
316981
214601
350226
324757
258755
121874
124566
437325
269395
403379
278223
201268
232585
436703
388580
264465
435322
117592
258159
313832
455753
109448
139672
346147
456053
316284
394563
130355
328478
397728
328248
417580
445292
445583
398334
210424
120209
118229
165879
170695
330717
195383
367484
118780
421100
162321
165676
264012
262201
234744
130342
249724
430634
449796
234714
166671
455097
390655
173898
237717
173978
234277
104181
253467
427765
317042
440919
254683
129387
169910
381380
243909
254443
334051
412078
109530
106623
152092
132135
353501
344486
189394
443281
431724
266450
308519
256477
401875
190700
248614
389167
449169
119183
119101
371796
342889
418674
247338
239956
203598
227678
219348
140809
270652
166265
275498
111433
215695
420121
411431
265672
357989
100343
390515
400658
349450
411547
447565
367792
423380
178311
318584
409506
320036
303485
195751
109840
344505
285569
135340
334795
392589
194416
441250
358849
155875
363775
174508
238886
106507
228785
116155
324357
448397
160453
205145
398218
451687
439876
157138
380622
197842
453847
324779
296009
410600
427571
150831
355165
268951
169654
440745
270422
405157
360207
280240
242093
417466
375825
354647
121402
156418
415178
270250
434862
170347
208704
227573
178636
219317
330996
254687
206134
336225
410887
443477
335193
190606
259175
174330
423476
313503
176426
153453
248060
262833
201549
230409
126530
226411
360237
319784
253690
452838
182849
444408
322108
312072
418205
105990
331815
344543
205985
230977
242235
199883
438411
249593
347372
192184
176263
421251
433730
256720
140479
212137
224181
439921
281690
355238
131762
220211
194772
125871
328594
233117
305386
409658
154533
283212
365500
323606
241147
386981
445685
281544
289118
291795
252765
206988
109625
111333
414095
398785
378756
107937
160755
240369
153078
425488
342240
291897
322060
346395
112587
123522
406761
362860
306287
217645
389103
397340
260040
349387
333311
261442
401367
307640
284510
209833
415720
100365
242496
436277
291363
168043
424051
405664
298301
157889
148810
316032
267396
352754
293938
213380
421113
324039
444531
311048
430727
313534
170060
132240
105969
157608
393327
103139
146676
121669
142466
180203
355914
126155
206901
343338
200750
170198
125169
177120
257845
185000
121298
216289
157631
394975
312367
357462
153460
290642
293409
436530
120080
398666
243631
300833
277214
111350
302522
389695
398156
240066
380701
417985
288387
130836
436208
205715
362538
328373
166247
177643
381891
111970
348796
432904
146390
362719
186648
283780
192438
144269
300577
259170
156335
454014
183804
367041
412813
132168
279883
454609
175597
237390
299300
284021
414927
115335
189751
179518
268835
351212
380481
399472
241217
304648
183942
146169
383785
384784
115328
249245
388774
251252
184854
298706
167135
313269
291221
204556
210795
432963
215189
394853
448807
333712
153245
237017
179139
403028
278996
218527
214285
339622
342071
351528
132854
354013
263516
228998
275602
265571
179161
300321
421538
221215
102232
110047
129482
262737
247405
297254
101192
267706
238096
323997
379419
220818
142786
319985
251146
169978
276440
346140
201953
165738
125455
341275
305658
254881
434303
392572
300685
325493
431069
424896
204293
190359
225505
183542
173071
417715
415187
174219
352505
110746
446446
308813
167678
273252
286236
345803
373214
360113
408573
216803
427859
164907
410437
401938
437778
109863
285278
249131
274212
312560
431576
318932
187218
303594
231019
187354
210463
178510
348996
367604
234233
294131
454534
430749
136419
357670
426348
452079
359637
242569
149742
383334
244915
346898
310712
173832
257927
341822
332444
349892
435812
231852
291484
217546
380116
374242
249855
150675
119102
386522
136934
230745
257945
266035
199209
157400
175721
302972
281615
136203
205791
276383
269626
200205
203845
411367
396008
338423
405887
202030
410124
183567
383254
149459
164903
446794
187802
220608
397337
223222
301138
110575
130510
360782
311373
150755
410601
274228
443635
175714
433375
139244
381976
314358
401318
381922
376441
266846
278477
454670
303945
387711
264669
258213
301501
151499
364876
348626
434500
205115
431213
260879
428280
442965
299683
139111
409913
383713
202940
348730
196924
295412
354822
214723
408521
232902
164473
309634
456023
378546
370543
352842
228945
226840
294268
396280
401445
113960
160414
227708
254694
391521
353046
108386
139963
223959
310665
391489
324702
273368
368237
147361
381887
255982
284009
415009
195071
228884
296296
286180
110459
374795
434700
179959
185531
122722
422083
111292
191928
166849
284719
397446
337799
225069
420261
376881
175613
288428
447010
324805
156955
441327
244107
299708
409321
221112
360370
120662
282336
284330
178492
389407
324503
283540
197329
103167
272607
233580
362765
149511
444290
263395
399264
448963
185545
168679
268455
201313
422034
304784
391513
447057
389846
143182
107688
329492
337531
152965
247777
337667
217878
234728
438850
169599
205759
102902
451062
225180
307562
427382
407547
416958
443044
335264
152334
289711
100004
413226
214019
317378
201261
113678
149179
438252
371845
340302
172916
320283
328177
370557
274775
105553
134914
364076
247082
410001
397230
441571
245446
403141
157831
163744
419531
163656
125240
440237
408665
432319
437794
121268
423192
375835
356010
363966
196665
208452
363069
117031
148296
118552
317950
362956
454869
449650
160482
157815
220709
184511
204418
261342
412468
269061
437389
129027
308038
176193
293346
272830
351390
451848
386202
215430
159954
274016
158030
450143
233813
398114
454710
319202
438226
375401
127956
104301
107102
232008
258886
249522
253253
292381
378545
287310
430771
307532
359054
268800
124499
288797
358832
235388
173932
411366
142768
102864
356006
114813
260188
185624
303440
304137
132025
434998
336347
398362
294674
164863
245562
194303
312799
244277
198240
330519
416943
261449
281694
402666
346534
170678
297347
189943
451922
270434
311477
288692
299746
112340
443954
364398
249475
265721
262327
234949
446007
402962
424367
143499
115981
284775
374301
103921
414494
174544
211015
452580
285073
337281
156052
170567
328466
197973
263392
447802
113170
397784
323121
453219
367246
115919
153985
175902
313111
231319
428256
445000
283400
413789
387317
125889
340613
413539
100231
338818
303175
341349
149603
228221
448586
386696
453644
156801
381604
401437
248894
119927
413750
349644
263135
122490
246997
359017
438037
176833
154894
190291
118970
248537
423465
416543
305098
276544
223200
187255
247842
203387
347679
432887
213912
193403
100270
401588
301654
362044
283357
291096
164475
377824
411578
436106
200282
126851
240269
153423
453720
122889
315803
204157
222899
160832
146739
100283
144851
235321
155472
283375
299498
100374
449939
429568
186698
153659
259542
116472
436012
279799
140179
302280
195249
198021
180894
123169
445760
270043
261215
332633
281587
243839
199286
335667
121091
102304
307952
326514
192650
153528
401937
122897
171836
103070
259375
153870
255081
109556
156163
405218
249533
173431
419863
395978
172858
144287
424527
217252
294429
380938
168394
237558
312241
272774
447527
136623
158141
169827
413827
345058
393516
147525
107057
308276
277773
357756
112381
410524
206813
317296
328793
125102
182240
179530
199346
283733
117271
353655
302864
330027
349831
153035
220326
111815
160162
212902
287696
164114
372503
419466
263128
375414
428139
342520
392810
236728
138356
416680
335323
146057
239311
227930
229903
405595
315797
436013
345659
134684
319667
154558
362330
341884
137517
450452
353722
232543
213304
101695
193943
380348
344182
415575
421724
329685
266712
280102
418586
253507
312944
261545
248608
357186
295589
373156
265772
277754
211374
365180
292467
381708
395681
263847
195800
414813
300924
436357
452858
406559
228413
425024
387400
365452
136599
347573
304189
221705
317576
158915
354487
151209
436254
214557
415722
357796
394500
316998
297885
184839
150446
162556
283960
353516
251622
349984
254588
298963
418228
380247
379953
270972
100138
282931
234791
439852
419963
249223
288800
390603
365279
146157
115623
436134
276352
353474
351439
134696
192463
452479
396031
420723
337789
312767
397397
345398
290994
227147
380697
236204
258867
216632
119942
258202
216665
358359
167978
122560
377056
283631
439835
390077
192527
289216
121903
208038
377523
325750
389926
136174
129071
135111
182418
172134
348782
165740
255889
285706
312762
285556
281131
345137
357543
371526
247891
284353
171555
158105
110407
193335
347832
310297
163329
128266
219961
425521
222695
289489
166149
299809
199984
298251
334824
271649
263669
419622
235029
373670
421197
359327
434127
311114
332295
243924
365256
451940
329103
231147
185723
297625
318438
446161
357424
252659
303977
193935
315477
128448
246163
326130
400118
288105
249225
272184
283101
337443
281713
355315
380284
441075
103833
328965
339674
120674
274916
390301
315029
435184
125754
374046
108055
356834
105424
428390
443967
267964
210711
250546
378908
377638
121214
352026
213694
226114
393167
377120
241065
305778
422406
130469
238084
443227
182834
324206
413955
392748
277922
284786
271421
376114
169135
186981
323270
406573
440079
114896
202811
370875
122340
248153
247716
297212
403304
411859
382632
294846
176855
176244
391083
174921
108043
415657
435495
246579
203844
228962
411110
155681
397491
432387
423366
187430
443532
264598
364687
250032
213840
320383
282742
300793
251394
302254
448740
427957
129035
298901
361460
222438
435351
308297
199384
427980
445542
288715
157034
389045
357842
189701
134315
423347
103309
342359
451014
339480
255602
452790
171591
183805
340633
453984
201114
307919
450615
357875
428989
382930
435188
452397
199990
118238
123495
133933
430757
149009
110927
177516
279938
411891
453887
439547
301155
100205
141173
145682
443192
185609
268755
410681
418909
401030
297127
340766
233949
421794
380732
373320
418673
321814
197353
419724
352476
419339
401309
275555
451087
189047
400817
235033
230175
174231
411811
228551
278198
178002
127669
265142
232448
248876
210919
164345
242016
369924
223861
451877
144867
130606
394478
135184
133321
118323
303825
209441
138318
392244
440249
274309
233415
330787
408000
413906
178844
156408
173753
432388
220691
131137
238655
406949
163201
141259
248764
281198
260796
420890
279818
125619
178547
431577
299129
422320
203230
103903
440505
125083
110980
176667
445269
178480
286647
103150
413876
301648
106794
132184
299453
352157
261396
353671
304589
163502
338855
365436
181351
200828
272839
226312
329634
392922
101858
337361
435796
238829
268152
159058
366643
354828
134166
120738
164153
163712
194208
401272
296904
129076
439646
350956
248741
415492
289675
138245
435494
243803
333016
273691
175744
100854
291878
326316
187504
157136
453221
155760
262033
440414
250350
272802
221605
448054
227559
430843
437512
223906
241755
112022
430716
104461
142746
218156
305259
317595
102926
384129
318970
390529
318534
389343
452466
173966
403407
305188
147911
236153
417747
281994
181044
120825
315614
314831
377616
295267
421566
277759
353500
107701
414934
190093
314406
239912
264495
197867
428525
263396
456160
257488
289713
439607
413620
288529
386100
291986
431230
133989
404941
330107
327001
246716
269344
178141
319351
111381
298655
261953
102824
411725
282301
111530
412548
210631
178851
362093
175149
206823
336469
426241
185471
331217
290495
239493
117887
285318
419425
200688
271608
349311
200903
364225
390697
415697
262044
180760
358860
294425
219369
130284
385422
192595
157039
120990
203370
172824
436811
448821
337383
136743
156164
270905
238144
244466
262121
104657
144307
279891
158475
172495
120855
143739
310896
403329
383156
347977
203961
235299
350304
139096
161296
212370
186577
391089
238477
334035
195181
212681
247843
170728
196030
290079
126062
160959
134062
210008
177070
389800
373488
274824
169819
419782
208819
120987
357921
403536
389229
447624
403556
405396
323067
232068
114394
342280
293005
355359
240912
439772
159934
363636
135106
411887
454790
105303
215597
316451
221815
349011
137671
271690
212487
262156
215790
101685
411058
318412
441583
289029
241104
180350
160738
398680
169446
218235
150015
439817
309359
156580
215439
118620
180324
249667
221056
133867
228461
343899
344227
197383
171719
354029
438888
384953
247091
230022
375373
258229
428873
337545
306931
156312
311457
160788
181263
306906
254741
418164
389736
399273
274181
321286
237707
151981
382134
200042
357949
397535
194515
257055
106932
229058
247072
109013
372387
386575
167791
221416
165834
132571
211387
360371
390779
168339
272338
269173
250293
411670
237509
124029
400678
134777
421606
251017
432644
109621
426705
208912
121116
288512
297535
168492
444196
160021
333773
280442
446621
204278
254216
170569
285467
388099
150030
242480
241972
294317
404659
337822
295240
169728
177233
441167
273279
354048
210514
397786
314743
318624
139499
221350
212938
173154
420992
163874
287800
326370
450916
183995
141699
285752
238895
274744
446531
386068
433821
365220
230447
280812
199306
306442
428823
188499
120400
270870
275756
321347
385859
443955
151369
373316
275084
416960
184099
142298
368342
112456
317575
342631
119337
177916
325673
285063
167248
439380
371539
304783
264458
147337
275027
154813
106231
314361
333341
128415
163455
179889
440275
181163
309427
141279
365919
287538
355489
331484
218459
180327
237894
134597
366041
170961
206540
171733
339677
314457
426657
161692
170448
330110
447309
234716
325356
407195
136497
149149
403391
366445
269043
263467
204012
127698
144478
266501
155872
377633
242195
309707
160700
397419
182084
191563
143476
400266
105554
175020
406910
357445
105915
335550
208034
171735
113916
171082
449392
118315
139593
341603
389725
384481
286075
120869
330653
266495
171256
358946
187189
182712
304171
276474
351677
419233
104519
354210
200096
140707
224200
260518
113538
102016
148177
293473
376383
378633
135917
113865
176524
382369
215171
239137
215710
343212
344702
317853
192715
147392
166619
342755
122822
386548
438155
433317
288332
280993
189859
156191
214294
344609
349076
276885
168138
214070
339933
336192
407812
329496
162230
377588
233139
146225
318148
161822
129115
420965
107286
269787
171273
374070
435620
405348
231329
117029
339969
168152
199970
161032
319282
120709
405922
325836
449367
103811
445237
351340
311000
145986
148928
420788
364722
199821
289815
284824
364981
234654
218204
115140
176671
134589
132540
141153
108278
400371
227494
260245
383032
390612
133390
145395
142592
228173
251806
341248
334830
147369
161273
266706
151151
407408
400033
448329
432582
124643
396778
109589
277617
324749
398415
406162
304161
100974
440424
284697
210417
143335
358582
166679
292857
300965
453047
369062
103793
115131
262341
195841
416254
184632
111003
160388
220219
103193
245750
454945
187235
229110
388593
312415
310397
113363
318071
337989
325123
268428
230023
429795
178681
389019
251571
385325
129714
131136
288171
313667
187247
180069
292000
147648
372849
390975
106973
453994
197786
157568
215891
399065
199221
241292
355377
298292
397298
225176
337815
348582
279601
130364
298031
344676
152599
365091
399448
146702
275829
348405
353242
140187
419423
249401
156606
449704
381385
334280
326113
397063
442024
323579
311042
406535
123667
420466
124357
112286
103780
276197
420892
310500
134423
292237
404252
397758
381675
111994
455407
395170
276529
440076
425996
389754
283096
310929
267543
451047
202070
259003
286413
344140
296030
209255
306550
193401
250614
215126
410638
270569
212028
231755
122887
335133
205085
301296
355985
404322
412268
444552
255497
435006
141510
124047
204162
418881
165491
270093
414314
354823
440780
100877
307209
415067
423328
210359
237483
184141
219255
446275
139073
198396
407481
359149
183196
121860
328660
259646
451289
111035
155176
216401
384545
215582
243979
248234
409534
448430
290318
205177
306122
121591
301846
327548
346710
340882
244338
210363
199089
299567
113039
124790
241644
130877
231197
433699
131236
192697
121713
313827
157127
273445
436372
112841
185786
390985
152297
431975
123627
200735
150881
111160
144964
201512
173233
441895
373111
424610
234209
143077
219175
356296
297973
108488
302806
384270
446289
307191
139682
311222
346994
105982
153019
332863
202285
127949
136413
400129
372423
311023
439640
260720
302230
441999
173356
401790
198588
166167
231399
369284
216943
351363
199203
139511
107380
214139
416429
104012
162784
441472
138435
385974
391106
355754
334736
230249
328492
140161
183311
196349
303856
429329
334458
150994
156634
320167
193410
234271
423488
139614
267194
371583
341369
305669
423261
306259
368978
313784
106423
211522
362127
112567
292310
405623
413433
196495
371607
333592
258445
375126
264623
266342
318245
142341
220319
236160
409560
256967
132771
162467
119846
166089
290463
121938
370405
228708
377220
359745
230005
314606
416046
347197
357177
427851
418663
426810
284011
231820
422912
297690
300744
301901
348927
398530
370158
289991
372026
388200
301231
321222
140729
379645
409063
172682
119408
321503
218755
352816
285797
339525
241567
358746
301040
110008
415532
294234
123327
281838
370236
147866
324388
424783
305226
333379
342459
400912
104905
410702
319824
295225
167724
155475
143233
251638
279745
411838
175647
381197
331123
126702
322702
385070
124092
245710
454748
259307
420023
181151
243696
284085
187237
422435
145630
213278
322714
426117
200456
297552
103935
203613
261076
209147
395384
431470
116798
412219
256903
428343
167892
216503
163764
238818
310959
311799
101965
297787
157714
122062
372826
109255
145783
204685
344056
351709
127265
144228
371830
368895
252114
314174
396072
241079
279523
315110
113154
305440
452578
298345
369268
369937
271270
235220
357682
156222
318655
454331
351372
339364
339413
192835
275106
310882
356829
336570
227110
431607
362194
424185
408823
202757
130128
108491
221994
420687
350512
375318
305525
436667
293422
253908
378962
389251
401350
141862
406373
455279
253645
140014
367758
431073
193059
148925
362464
337267
191767
126610
433723
188654
257786
324378
448679
443666
438360
300311
137655
449944
180087
301953
231975
179008
390139
205172
131785
355943
268125
393314
420049
414396
207536
419379
346686
279943
444681
196248
186298
280770
104777
374948
431187
248589
351209
375093
433435
115252
140789
395080
167237
417879
322881
209486
438760
315087
234447
277208
413008
255595
185708
288368
182745
148904
118927
418452
291133
218909
315960
205437
434719
201031
292752
293554
146378
430040
163418
235234
290236
428066
110054
122540
188483
340413
310110
174144
285727
342698
435161
362526
218262
215226
276912
114137
230922
236658
332922
239008
275649
120448
267005
366563
138051
224366
359816
105165
390566
190124
119624
180418
376968
102783
270107
132354
404750
263251
112623
380212
366641
119282
420031
194748
453699
173344
407011
318830
298913
267903
119602
341677
148367
328744
432431
326217
281569
307783
234564
433873
438019
274876
264936
363968
161147
450701
405768
401416
336991
221612
121237
344707
116298
269134
400874
335312
249916
425893
260930
358813
255752
288500
241173
434705
413915
142092
226279
334602
234055
171622
369703
147748
216153
204056
366660
188809
386607
264063
401081
153671
398550
168376
110021
328318
146087
212220
182297
151415
448677
383421
159443
245544
454685
261861
207702
373574
111219
109380
241450
194685
308697
287786
278292
114529
235006
265428
102565
318920
122380
103260
397957
160004
171988
254484
326055
137243
269048
172421
156331
409620
141168
141966
316971
205193
442261
438811
351848
137421
124598
294650
304476
225815
330809
151602
388278
193546
251600
312393
137018
264089
188782
214532
257568
301492
119880
236524
385216
304021
392164
121088
241022
168197
155789
427193
399279
175883
121382
329153
390611
324838
362249
296493
184312
173926
364202
312960
117699
378761
148023
232604
270859
368122
333612
246532
166097
175387
247436
165404
226125
161350
114159
250395
323705
200978
229725
352317
386526
322310
401807
285101
171196
241224
236443
345908
362925
432389
252919
128395
140988
289292
365034
294581
418022
104128
202995
337741
287231
125191
172357
451708
143026
186565
325911
168281
410574
385011
104561
136506
305255
191660
232500
341453
288713
320226
191005
408891
257882
447182
431118
270700
284533
264770
285085
120965
166324
296298
273695
178056
201361
274991
410603
268626
367055
318550
413267
341310
246361
134690
126541
360951
246328
125481
205993
209052
146753
320802
451988
308824
346403
203482
236329
375028
280050
347343
130745
213273
316826
317267
353656
261496
374540
203186
431789
199308
360995
312108
180049
347826
409111
101993
121848
335714
359284
389545
449360
219698
330960
104667
145156
308716
356187
102585
163017
138855
337325
216760
285459
222356
392161
186676
245346
106432
356430
170338
307161
347390
198738
315874
157024
279546
421443
257619
352230
246966
219751
331550
453332
424949
314795
250876
453147
378259
325927
453225
333254
428427
311375
147471
219830
276662
308033
231163
216505
205509
259619
223667
377838
329953
363271
116884
278349
421334
220047
405724
165602
292699
445821
406529
140329
210960
341533
348842
230556
170167
396776
348278
107093
186569
363835
316500
320450
194101
354687
281135
226932
201892
171746
135853
119328
423478
371851
117263
267807
186217
180943
191704
406009
100956
174969
242430
409484
315608
455307
400635
293033
293096
375585
225074
309033
249033
125745
429505
298941
351254
347270
318778
419640
283549
268632
253061
264068
203468
120774
338457
429045
307891
275868
305920
199674
285328
128584
344602
249301
418092
417310
228302
389032
125299
245654
318611
217876
454546
432277
372907
255176
168746
428132
145465
308088
374973
376943
398617
331819
332028
380617
176369
236547
112620
254527
393802
175872
275724
329003
120399
256239
385160
177355
230981
383110
179365
269133
380890
201198
266775
265498
321373
151766
286531
126712
330867
123027
186040
340706
105124
358385
401691
167449
439699
382188
334369
349157
198910
126741
418097
170571
429187
357431
131609
170532
261738
311880
119754
456151
143294
295689
228416
386239
115920
111821
199641
284663
216084
288812
132375
202614
318321
254231
184536
198051
195846
163579
143551
238130
275182
159153
438998
345670
282210
371958
422510
277556
149868
174227
120513
299210
361070
385314
128740
448600
183769
134906
177592
321495
287095
393104
432019
114044
382952
163718
291690
327939
452159
375514
409697
209184
317303
166214
122710
288256
208851
315407
304167
292012
224219
353882
367091
424635
402349
208141
121261
324027
266263
274751
191974
115180
259217
244064
238745
386796
204447
202297
129841
102774
163936
147381
359660
407446
332350
348647
150930
418850
242403
201956
212685
204159
358088
243020
109076
359544
126244
370677
313158
430365
406427
350258
237299
297379
373322
405609
433999
181129
187674
374464
382524
127609
172383
392292
288020
153064
155212
140801
137905
195921
182192
131139
423253
257539
217872
226996
270034
306028
311137
346825
307266
278569
324422
199932
160596
332811
300088
428352
199464
113395
132726
102343
178922
341641
250753
208206
446518
318840
313990
424604
310729
428278
287140
226205
314461
300801
220378
279805
266454
240704
209405
191864
289872
394154
186772
258350
150799
255613
292461
102183
299130
397135
217269
281662
434488
290075
363197
123383
150934
353276
258214
292046
211003
292614
330009
237262
313070
445195
435126
387799
224922
338242
429820
127942
186836
157147
221289
177943
382648
221577
350993
242545
317865
350949
264289
207502
262340
159919
221964
446627
214910
139743
280065
344694
453191
228522
371610
207566
271896
272765
272324
449795
342094
200458
176826
122629
131107
309586
118943
122798
294078
150323
311877
305365
227225
328433
216785
220652
232037
173513
396821
362098
368578
441915
189837
133872
258292
381636
210159
294638
380707
246780
101034
367572
192557
437032
445495
146446
261100
222842
420513
451300
101619
273628
428370
375286
333724
147656
261765
294797
258730
249942
419182
274939
389690
158743
108370
404137
314019
234527
123474
376669
146727
364404
367615
383295
210253
324497
179488
112434
155412
356544
376395
257033
428428
210640
261986
275685
269796
361948
144463
399948
239583
400829
209368
336005
403752
247803
214576
183508
360500
180183
119117
326605
142171
105834
157768
329302
171437
158866
223548
246757
216269
345475
357919
305830
320352
262019
119962
448232
370257
257721
285537
186585
409481
320854
214669
154621
179619
169421
232452
392524
287761
323702
150096
304830
348356
264325
335749
231579
429896
140906
400905
435797
367390
150262
290348
103695
233690
218074
332278
448827
215129
182770
162238
414607
247790
207495
324665
142136
369754
175399
277855
367281
359803
393379
283370
264324
431704
116894
265237
137050
247922
234683
223088
117143
382546
418400
313344
143501
183179
121304
187018
294720
428639
399216
380079
279955
139241
218414
247285
370299
187416
167000
184251
268316
293135
231719
437066
169976
325366
399233
369805
282819
388325
319936
409641
166332
384024
192820
446779
414143
104291
143757
444215
417128
395754
321672
131464
185577
351300
425841
225169
279184
164144
155735
161280
322876
427996
338998
221356
301536
295200
228329
163866
260906
224188
358035
261418
286801
415504
190265
132343
414439
332808
184036
170555
226585
394032
350109
424670
212624
118835
443622
283206
194286
143366
327451
414276
335520
323758
221821
188224
258011
110061
441445
210428
133011
279151
185401
451352
436815
151595
320048
258692
219196
177936
190989
413557
333654
165184
240941
321137
302283
230152
349035
229826
449347
439754
131337
299112
286563
361799
364629
237360
192211
287798
153648
312718
363953
286136
361331
243194
273521
448418
128700
172081
367594
233020
174723
107409
265310
194375
330556
400449
373033
170619
416258
146143
320410
218707
402786
233232
155058
318875
188093
214697
349509
374510
305361
180476
200498
167173
228398
360376
172016
292984
282491
259580
334119
203457
299624
259197
182164
267359
159839
133683
176757
284139
382895
427113
364901
445271
253765
222701
416585
218137
286650
169027
207463
104023
237178
108715
449541
289206
377506
451951
194530
158449
393944
402501
236820
431529
358896
385697
118563
172464
115148
382993
124660
225977
184621
197071
422982
316590
396630
179404
344863
206375
400899
112883
242299
358234
348973
364491
373813
336593
285558
201408
447956
220032
381909
103622
302535
131630
402110
174927
289902
241819
269078
216152
241597
174243
203597
350736
454526
377371
153249
342896
366995
422933
394586
330517
154103
152458
244001
425553
338832
379370
413568
390884
450789
366655
105235
390398
135689
422446
438716
322046
111396
369206
412620
231879
351504
200165
161803
335039
455865
454372
384493
192818
413548
151712
390197
284773
208214
111312
310791
442041
254441
129945
181899
198485
213857
355481
196672
368320
277193
167327
224164
444931
456190
380379
107951
434141
109842
294053
176372
140385
372262
337767
341875
194824
231259
129401
445214
172190
215176
226626
404188
232716
351599
188583
299013
186615
227347
303765
206384
110758
293546
333704
122713
270811
320814
378955
202039
279708
177538
263522
276969
277171
207064
234030
105094
245495
200987
276973
134604
282791
262077
240599
158085
453057
250411
238657
248493
100344
237075
342633
348943
140134
348552
249618
392917
140652
357428
248168
258587
272384
175007
252515
420977
325151
248382
372310
163019
418389
120025
171724
174647
251919
234249
223380
257475
349531
453817
154261
238049
366787
110203
157315
394048
162884
431021
349089
342326
113331
119422
412805
293296
332403
344983
279492
441019
276999
156475
121926
254401
202810
283781
419356
108878
280656
132913
413762
453358
361000
128023
131980
372065
235667
241798
440858
260814
413794
447080
330214
159098
165265
318217
376901
316704
110240
352682
336657
252916
317420
168440
171093
394278
230583
308199
159410
164266
207878
307723
424027
232635
257733
364620
361760
224311
377683
273069
208324
219943
295185
417517
203094
258435
120002
437241
149288
421228
214361
275188
201419
369405
252667
252431
220957
421173
239626
438096
196776
127634
194302
350943
284656
308982
199040
169775
319558
112122
265223
126565
138136
430821
400605
179591
239850
115895
353388
440811
273576
183352
265818
285251
377498
227897
454086
224405
259918
270585
404184
155999
124433
422206
227341
343353
360819
337707
270899
387246
400523
228338
179391
340442
216711
332412
186306
167656
331410
419415
267495
166574
446162
309077
272920
230011
396786
361103
203408
154901
306987
221681
288527
444663
270538
128200
438185
446927
231859
337187
210854
274480
381220
157490
410375
339439
237612
149200
177439
343314
218267
234839
279497
355244
349680
449473
243957
348592
241661
333088
114495
104731
291787
445823
236004
412012
202183
419321
174300
391676
393444
296256
271808
378001
192123
173012
301301
277601
382010
225170
437124
315948
436809
453877
325087
427729
271291
275709
102753
392971
151675
138805
184323
370983
328266
218554
140043
144832
122041
436580
241008
382905
115885
385552
358738
233980
280276
368636
221413
194820
108787
379379
171238
213704
328903
432809
187426
321664
345735
395930
243877
423291
263852
238391
218574
439031
130924
285391
293918
107186
343569
384384
135158
430224
254620
441757
454709
400997
188369
182003
385255
423251
136799
103692
143953
164458
204795
406801
188179
352600
438500
157383
455781
335454
416192
248286
400791
304061
385937
210580
166118
101036
258079
378002
454963
281193
252519
411520
430015
181557
306769
138627
418161
227564
426462
179468
140673
313541
256069
347960
445112
319362
392565
208204
252623
374397
331890
245204
276670
229739
401817
310778
191780
407193
328321
337585
339551
434155
344188
273246
304471
103675
329564
261810
418381
284706
415198
405825
420496
332817
175164
358877
285265
340514
160407
441149
115212
385540
227960
350435
424075
451911
146491
210765
370324
233503
333368
120996
269726
131455
362548
161792
206779
243688
308702
307533
197157
322744
210200
365349
205945
278106
379292
352268
216418
181977
318483
376776
156055
141135
344679
449825
105048
238604
128356
280587
318133
404640
376415
368175
382476
237955
199935
212395
244805
219964
181937
432508
258118
309449
390241
136883
445872
425122
248633
331460
287421
396204
261383
123831
198840
148401
245469
146377
359126
122163
258162
294684
111282
309784
337602
294243
286008
346567
274074
116917
415617
330725
190817
167263
289708
180615
190556
382228
284007
333123
336826
217440
274755
407950
326468
132417
236048
149908
433340
310968
395281
361683
307104
360032
166780
384267
132665
380250
176022
162253
329533
364090
179796
438666
186659
108267
349377
382947
350031
147666
185098
304037
430157
134114
263638
245976
184240
322013
246895
162705
271014
384228
119381
397234
152411
303693
215757
390556
434691
363211
305238
378869
290804
190283
454131
144343
357825
236173
442973
111508
311431
228276
206325
274002
377482
312687
202433
256059
285345
200353
428945
407972
152912
310903
282191
305464
207532
137495
221312
115579
143594
158021
392343
302926
132175
384337
372058
448893
188932
238957
236000
224645
306388
431414
374413
371299
199631
362945
259007
399692
131553
402125
300381
288770
125584
178703
350459
174193
383008
195507
442836
243872
135010
387182
242568
307260
379851
275553
233843
417877
408982
361317
107667
114381
452259
340926
422434
103518
226391
427519
334942
387388
198526
324829
382698
335290
243333
167440
110973
217461
144540
335711
111409
110566
177459
268767
113341
421894
136393
152284
436754
400555
429617
178642
201149
238192
423768
255573
325528
300289
111791
250547
114336
226138
258993
449457
341022
147149
409190
241983
236151
147949
421214
400435
239702
293831
187095
262027
268748
165548
446661
241306
185015
437388
398022
391681
368499
116952
144170
432786
238773
273784
197468
145171
321462
176178
434856
453700
338769
228694
444644
248455
206256
367450
310135
195865
392870
378870
137141
165710
179044
169532
189119
156313
411175
139505
333413
147937
377455
296854
370758
337166
309038
191122
406756
242504
414557
246982
266924
386762
295742
126799
360031
160082
164850
345370
291436
320751
343406
180653
101681
269434
245961
175151
416161
202306
117644
262565
380478
153848
402176
166115
295189
322562
183452
220848
392768
453789
281469
234596
371921
424525
442991
375678
356699
247125
246684
296786
266887
143243
280683
378447
216972
152931
418849
179389
323302
142426
133641
368406
347989
227973
158772
338061
110866
241634
202709
246119
443343
295328
381904
174120
118918
362496
437549
276691
315815
402692
362835
102636
309088
171330
181585
219048
220196
449190
449010
404594
315510
393376
203563
132284
105525
428274
245365
384922
450321
343613
105313
161978
198368
344201
284927
150256
154436
345676
355594
434227
148868
409839
344494
204128
227499
195428
200892
265227
443330
288183
317151
241867
212217
266315
439542
422097
340383
418775
391420
129385
267425
360201
343635
198817
328889
181158
349597
375722
325426
330894
367100
415175
302608
281726
297758
193181
415019
205584
324813
155648
233647
349072
376703
445485
337475
173421
226497
327512
260924
142645
107163
246760
208128
130928
145191
190423
381607
180750
392259
320644
369896
335613
122311
108049
145468
359390
202268
391763
383957
177216
170171
224217
145159
344837
349999
295767
232258
341281
345881
446022
225321
108434
372105
349655
445935
346398
281680
402904
217408
395674
162124
104997
265456
203062
114789
238250
355553
367742
196147
369287
377135
247106
396119
242948
189791
339090
337353
314726
447358
307046
113914
160990
165444
383216
340869
100387
430192
277608
167136
285972
217528
405504
325386
342865
104720
121249
293046
362586
170234
178721
418225
345869
305890
367018
347725
261490
208014
249882
126757
197882
139636
320104
370561
191227
323194
144673
230736
341378
260951
177670
423434
207223
231405
391611
162430
289563
310535
155881
270893
184429
450208
285033
408813
158868
350960
449242
246338
439057
444823
429169
207493
189486
312682
325416
414131
446747
188143
240045
240996
240245
247093
168263
296627
130397
150712
142091
172868
146787
176235
366634
198762
377514
360644
243602
338961
217274
326810
278256
433517
414447
216849
365042
372168
288120
173092
126756
338149
247096
390944
348133
182449
406587
104780
300062
314214
161222
228605
453342
339418
335891
388581
394948
236759
325177
333153
310063
301365
226703
395410
270816
225963
334022
229226
283011
456216
114128
446492
300890
398562
334849
356210
190480
230602
156954
295980
417892
385548
450104
407216
281258
259446
121241
436927
267580
439412
295897
157636
343441
156217
357269
426796
366150
372311
136507
224360
447666
327666
158313
404193
200551
179592
240565
247459
438086
232810
328701
235167
185150
400806
195764
322919
216213
455817
436103
298429
259924
201505
431955
358267
316963
293078
401710
184403
415004
355694
328651
318123
170492
162527
125965
181325
343351
216726
168839
170666
306020
390232
423934
430660
248296
225919
412652
453754
173083
443698
115797
133606
153927
402032
255806
285910
360641
179716
293479
200980
337508
161013
322201
419266
367401
151574
398587
223827
351099
372135
234420
231092
362874
130987
395552
365726
193458
217191
447677
251637
371460
322949
153366
286685
307926
269201
224997
259788
186124
158515
365700
236745
280998
301865
233001
369461
220195
357568
374285
173346
392155
448237
404128
263760
266900
330463
390931
243495
283723
369051
360617
111525
287509
130420
122431
414531
416304
149975
194638
306253
412547
227593
109761
275839
302585
357768
135022
395067
383676
436649
452264
312778
411522
152649
233195
272951
417804
148358
206136
209925
148763
260192
223657
270687
231891
237251
233076
239239
213481
138438
258864
162670
284526
174473
371273
228695
334337
277147
255269
328663
186914
414950
105395
206780
150956
418900
310373
324012
452695
316604
286002
212180
126870
301049
344428
267569
415796
369236
433253
362772
199722
290989
272899
311377
440173
187266
156576
397290
425706
337483
408519
140044
312713
266151
103595
333540
217346
214204
399452
313056
103569
310774
383727
205273
299205
192966
443052
169473
424174
114485
166856
189060
287367
200626
438706
396610
176767
233257
141676
444973
453610
344586
281870
144903
187591
229852
316033
337157
438709
389530
322735
278868
427247
371048
294801
290327
332213
218091
254032
328087
359789
287101
415168
338624
342066
375195
161058
378600
101900
322616
406851
344321
246195
135161
344298
196417
397966
258699
152068
383076
296702
341945
445201
439652
168662
334840
270128
124569
133864
360799
212901
445021
377320
182608
105765
108328
219488
243103
123408
108145
426785
159869
130919
242172
340690
375955
375689
231445
258990
191916
249219
347627
101510
330251
337282
454819
148540
262466
387032
318844
268340
356549
190104
375572
430670
186474
289104
168293
359976
412673
148109
315127
441658
263129
235944
308816
402520
135118
131070
377101
248485
385412
133767
385057
161753
140023
169829
441121
296898
226342
351324
274143
164329
254508
318934
403273
210106
420734
354475
145753
178911
102730
302330
156416
219089
240828
366474
433129
384269
163689
281143
191097
449359
290832
321500
186030
271882
246655
339379
199770
403478
449952
345243
265735
421698
409005
182455
299547
159733
428805
362692
452979
296602
324730
240049
368559
225358
276774
231057
357281
333189
254991
355311
106886
282864
407868
375880
340439
422234
263910
149170
246177
440120
331804
159316
243285
261752
105958
442447
260181
109477
364638
326759
332653
318637
141605
187295
396996
326711
359130
426600
168540
133925
446732
310125
362939
237489
221812
232741
195115
261254
415294
389374
318948
413535
226246
323841
195325
211446
283351
386990
102186
443466
358936
150051
266480
102420
270300
198106
450466
280594
361096
183290
433272
246463
135006
192114
328333
425225
406706
374383
345529
232550
115806
210423
336300
333905
368655
232070
386793
166831
326850
267802
332906
150184
251491
369409
309930
261470
403683
186708
166148
417319
352661
352068
452742
147610
200543
347096
329108
226680
179651
351804
415265
338712
193298
141288
240914
309113
234501
272450
304354
138762
159627
404352
211973
372330
336175
365085
161664
417496
204315
229368
203955
401674
190114
151110
146695
331267
402651
351826
232561
231686
407415
434473
140679
234100
121189
265550
216773
416741
140070
331952
394273
100026
112382
450293
450711
406236
370907
401986
124063
362670
434756
165128
353100
157476
312402
128363
392496
240408
345423
415648
190210
360887
381614
331318
230267
153254
338838
404204
437310
333064
330401
301889
418710
244441
444559
434412
213813
124833
299885
443985
402706
227812
223297
137956
310889
114470
110867
175209
127915
425606
337469
293921
275143
314119
114841
418271
117505
182652
292068
283494
116278
380530
386966
123097
360632
211255
295632
297486
147324
174797
265779
329095
243858
149645
356212
430803
132669
165015
125187
379699
200785
202243
391526
333646
267319
407245
142231
187285
351352
185381
172909
218388
401910
317937
134571
109254
113171
280123
188927
391115
442478
184528
344653
255584
323749
350451
445157
298879
414105
137798
173261
348040
350869
438201
371204
410164
148546
316640
444438
158457
378203
311391
139160
368496
256677
165124
210894
302518
288840
200154
338326
450368
159599
320986
155010
359343
365604
382456
208599
156700
287135
322400
248864
348490
164208
227113
339116
250307
246737
123060
239269
248683
228213
373661
221951
181990
214234
406720
276736
115352
217315
245840
309909
412432
439485
324151
443530
232379
379529
166588
340487
312665
157595
366440
332100
176264
181923
445511
160995
302838
287652
199490
188275
393679
339587
168372
104313
111385
250504
174588
243568
245336
283073
195406
405635
422336
340465
107987
198835
348074
393907
261893
124914
191434
449358
283459
176840
298153
260682
316648
301196
262162
375949
378378
210029
362534
307975
306410
407428
413403
195981
187452
221123
266092
319263
371402
384446
391426
152675
330043
316727
311726
251081
303501
383264
162840
406823
229314
438511
262406
420608
127945
286410
383367
224723
175784
124592
412656
345059
365058
427904
119493
316068
355784
125988
361612
290846
386440
415278
165608
225796
251632
105291
265022
140666
143349
436341
190775
422239
345929
399163
410364
352050
168660
408906
282848
234074
288782
115224
379825
190356
211005
353651
341185
131678
297915
221325
260969
168592
327250
210722
252967
219239
134898
294378
189606
225778
258313
317820
385418
170561
104498
249003
373694
351172
168702
114851
232952
249393
367820
339976
261045
427560
355303
451110
400569
278646
136251
385528
321142
254654
162179
367802
244964
114685
356287
219820
444642
222682
159185
415685
405800
324648
247408
367666
287927
363368
410450
331780
185652
442883
383721
307203
163245
277199
195898
451215
175013
341325
233242
261159
276598
114979
366587
102816
288436
434689
263192
267951
266061
384369
215929
131915
192064
250479
380142
294098
334386
155344
195040
200368
337558
377494
310334
119529
405229
326363
147568
409399
434035
414391
130679
109866
178683
307353
289076
288323
388546
259662
359158
362133
218974
269992
306221
153438
399817
233943
418571
245185
325044
285856
402060
327042
181175
233190
326071
387439
162755
271154
169238
240198
289397
145466
351571
251175
124051
336594
289707
161163
131562
257305
374887
393249
239141
357990
281949
371606
116847
169357
164643
137084
139663
307361
219512
393795
171710
392339
132337
363346
172088
295349
291173
235609
196802
204581
382683
164706
182180
132111
431160
395873
169226
350453
435424
174898
142323
294094
194680
143415
249938
427743
332806
164047
401758
277679
163897
243432
282043
450099
387775
179350
274328
365168
166651
440174
321402
184759
296108
201297
334529
169498
201995
241614
104042
173591
242600
163435
302112
367122
346010
258618
230869
208672
305556
214750
455738
245982
380270
286667
224585
204120
209157
453798
109371
262142
291547
308357
436237
177254
167005
102603
397019
449444
345760
313231
160951
305134
265032
294944
416515
348897
313704
359513
114593
100262
168465
105026
212473
250435
144474
443502
234010
280453
428064
263892
411521
216111
289445
138014
107450
232657
205009
352889
163381
304303
272513
283158
103864
154781
124568
318335
304298
188933
406751
396023
394470
199672
222169
136941
119956
182144
303633
289772
181862
382278
268730
308072
198041
376744
321386
395129
150599
349972
136530
400533
130609
410330
110825
454630
409704
386979
137684
316961
231591
252645
152737
229856
307410
321966
433446
190913
426353
365633
387611
397875
302713
455755
214215
363156
387573
203480
154270
265761
322129
136921
232488
295278
193819
316034
286059
417872
338233
226426
415990
160583
343360
243620
365511
245895
345827
417738
308271
454686
334813
431104
233163
440822
158602
449914
342778
428844
112786
388115
113600
452830
308044
244547
141857
317851
133265
417459
191978
402451
182211
356724
223354
364498
317870
197717
358450
317612
273780
114120
342437
430832
181447
369132
370132
452177
347891
437392
436849
271817
389046
288260
262350
100545
266168
454882
435644
304511
350756
118348
430598
369238
193724
426482
159773
376223
135061
103268
408298
116058
409118
334427
431137
252394
199735
267049
453858
396858
343021
137795
246567
219443
285074
189151
238090
185596
190232
270766
165631
172740
323167
243025
290197
178244
164579
235437
176445
382299
330217
100848
444202
119733
255857
387153
363880
135055
417923
301833
412524
124572
169011
341111
142985
226586
149747
447196
127469
322358
178412
427361
410196
185758
419942
365617
452961
254087
237986
392206
115367
398525
357088
397995
218913
333065
323419
253603
426251
330828
193024
333569
443500
318706
368662
172201
136138
192575
327874
234376
346971
115272
348569
157488
107854
179520
396716
334416
224882
220390
357394
233504
223516
145443
290439
115471
171738
316773
161755
441594
177763
251930
289546
438844
104728
236026
435146
260892
327360
130963
378438
369748
147646
241698
258097
171327
133876
159692
320214
146943
318240
144628
101442
130684
449451
435660
272913
219402
426968
118049
234224
318374
383832
445063
434518
318800
357160
306276
400393
197180
295262
432171
434477
132395
371630
165976
410802
290823
151851
123673
363234
359463
139038
190233
206659
121358
231094
252188
424844
351986
426041
287086
407820
141961
197317
109403
282918
102616
428455
422036
280486
405067
170957
284801
149211
251694
107340
175008
211772
188648
284156
223676
417282
387704
355035
105854
281681
345652
447078
267191
345535
282201
255108
357008
189319
390111
151945
217608
384262
227768
285999
258776
271049
344575
155257
252590
198719
371782
380888
329505
330071
416195
343533
366131
440772
232395
268925
331094
216872
425126
213537
264194
158150
455116
334592
409020
118380
136328
350062
332970
384033
402841
139199
392310
394304
232987
160600
271856
265878
149789
347545
449528
432998
419106
178532
248832
360245
197036
251900
140322
349690
146341
140428
135931
232378
143549
120278
252209
123853
280263
358509
353524
370222
170882
416821
418058
409205
157649
136746
231843
412509
387177
275861
293290
425187
319006
423060
211812
191904
431882
222226
440465
208276
283315
370645
158179
173740
229546
133439
358846
190810
200554
312725
177794
214467
140647
346713
143956
268891
202088
233295
187054
102793
451973
247434
258339
349968
312782
409606
123777
292629
405940
451824
210408
254235
175413
321380
361779
211786
291171
208234
140071
389993
278665
425586
272319
185108
373513
308542
323776
214307
178973
369090
456236
278187
351136
307358
270132
410229
440370
154626
118366
231461
404675
240357
152592
150520
375105
246617
145929
385415
258063
378825
404672
148755
300502
347559
370320
449748
201810
122400
177341
197170
361420
338414
456220
314516
259740
230358
345383
423190
138725
115554
318953
213659
303235
198601
427480
184010
339554
351767
281302
360363
246677
106171
178361
274526
102538
244301
191014
261567
161396
380854
347576
261841
278891
292781
183066
259069
229914
349342
272941
443496
437103
291078
396149
148734
408374
178191
398328
357182
141951
425168
221324
319928
206962
170170
307298
304642
338007
395938
378180
346758
391985
200848
388257
229640
142535
228358
353805
348136
160165
344788
115225
132972
209201
240858
455690
181304
370113
143084
449003
448358
316974
100008
266966
396486
225451
182252
123264
158520
321264
402555
425504
294894
443142
306215
157785
365670
180504
127925
438928
103763
426926
442867
102493
348877
263457
267868
321349
375755
118054
334779
201760
424461
394768
341681
133899
260743
186969
267997
201898
190391
164159
400789
245847
353850
215924
103642
200300
181997
155488
180780
231522
158299
123293
220915
318826
416964
314381
452238
121992
390878
159589
371252
229161
356259
374741
176796
125176
158433
139889
337041
263784
437240
259935
443111
352781
455877
226083
163444
153008
264981
229295
360962
427190
192853
351396
269606
430813
268129
163462
290992
325312
287830
135726
152887
209681
285438
151154
122996
386209
390764
335049
243454
441126
154339
205854
316820
137263
209601
341220
285724
150732
372812
292225
308690
401675
208700
181877
274411
252904
114910
272810
189338
266185
359114
302095
347652
401236
415601
272402
252389
219125
402837
361316
372947
191343
242853
173159
173660
228002
103032
323267
267730
260747
127031
224977
208413
218050
404020
188911
299423
104459
246553
211223
301712
169095
293798
230429
240216
311533
119098
237432
173411
413570
402582
201787
429431
204030
296887
222056
116080
361852
166801
447162
393423
226525
187106
410318
397113
213487
311924
121634
311528
406018
314587
209349
428716
262494
316202
393393
173525
300387
340300
431252
346259
393957
421052
184213
319648
385934
272373
383529
144505
364643
233018
181495
399761
434290
202320
359883
436818
245254
320452
124242
125636
430094
261153
277031
449239
329473
243546
370131
210905
248761
266164
194918
125269
334983
184677
166645
407869
344492
326031
307976
352187
284213
137208
254702
440402
370298
308802
442017
354509
172126
184952
251124
197810
280920
287932
198836
216535
406245
252542
224115
213736
175153
253864
125416
446829
106021
316658
125069
168603
304690
137148
426692
120576
248592
177401
314589
309034
252794
133613
430742
377470
440149
317186
325415
297015
386851
310121
400968
434397
325519
158406
145217
232501
359996
171177
161987
187742
307364
226373
310829
256401
315353
218653
294099
131051
419019
360937
161688
121477
260073
389073
369523
215859
400293
425227
341300
116249
276638
329644
323244
406447
390245
404958
160647
225157
414355
454096
292154
243324
305900
231721
267185
305111
141361
174791
136988
393449
115779
226305
423832
292163
350848
368738
142277
139740
122397
119114
266285
140708
182611
135608
147860
127282
408872
184172
342512
241611
244885
214745
164141
269363
399806
384455
448811
127420
121540
167702
239734
189164
445886
263196
229335
321383
404236
105152
417549
453189
429618
233788
128975
400036
442783
202596
448306
294819
282042
257886
166119
275391
451750
197298
272812
227879
284111
184216
449500
189276
273048
138834
306938
282941
425172
231390
356700
152678
455300
418971
307546
253300
217742
401953
402801
118141
335939
153991
236342
344443
289867
374758
257936
413474
389742
161137
398105
234172
277373
198203
171236
106768
142116
302627
384498
170466
364320
266976
396002
439011
219872
258780
364490
179774
381223
352616
358057
253476
183844
301307
362430
170252
406193
419086
268898
147299
290248
217613
316573
138348
355003
206843
131187
321293
109226
161902
143612
295144
397250
388363
186804
269441
150697
203485
163871
138787
345649
438567
422881
170818
168037
198828
448474
165134
385786
155822
265405
124933
135538
111593
365310
215922
152796
369163
435457
170706
346210
324165
172930
185748
243658
254616
456088
376005
231886
262504
187793
428328
193013
263515
222118
265055
364204
264808
258908
163779
105787
120207
239986
319342
176434
175558
254214
362577
448274
309808
146892
283425
382651
343371
196686
430109
103502
202094
267133
327685
147243
370017
124690
127712
215781
123322
261223
190435
303052
383596
200652
279662
189972
137601
221251
248141
231501
363826
214107
113196
204137
169221
295170
146834
343357
444489
117889
162302
117394
109436
348673
209854
198207
219863
221175
224287
132607
140409
304572
329094
376615
381967
453498
390142
341610
287005
268662
345040
314274
345185
420184
366984
226003
148304
332106
352320
265354
165964
275694
246381
419554
270083
268183
425646
180461
224354
120859
436967
241294
240307
211192
395606
261607
195965
340609
287770
217170
455019
328096
342931
161731
232499
111998
418049
226927
163460
299556
105631
103140
374960
229727
317688
375340
451681
378268
335114
442268
298336
226040
442536
244265
308775
154494
207039
452804
368600
174907
141942
280018
343938
140093
338046
108422
134730
164289
317750
354066
403172
253106
173384
257925
384291
104187
272686
229150
312587
129691
370279
365228
326625
445399
333992
397410
322318
212391
379651
133102
394178
244433
439381
274238
193341
265824
152771
417084
199570
385420
147441
151799
306754
143308
368259
446260
133572
367474
306890
163941
448259
118695
150264
297442
373244
285591
319962
262334
408875
177040
113693
218199
108415
312427
420584
365876
219596
250950
247229
248514
367576
427238
149571
266213
145777
124373
281828
195593
172538
321681
105100
323044
413914
291526
293998
309899
313915
239138
347693
434725
407711
251458
338713
324237
344628
353540
223292
173727
319001
126418
399219
236136
231776
328851
394412
410894
350201
127679
360963
450378
170127
103456
246238
229018
182254
202935
437864
137561
247591
313824
110437
445444
120305
163997
319830
372987
261949
259608
368427
166029
183158
152418
167307
160090
218678
193960
169083
121820
191164
140765
117630
274207
296096
192004
375557
421639
160473
320458
297505
143330
340026
162277
361759
288103
148656
135187
407327
184519
347514
130683
108749
368285
428462
313675
421943
285350
251523
318929
109924
110185
114386
212045
335678
214420
212122
287673
391759
251875
343023
435170
264308
104284
435059
380968
446789
350138
128153
445733
265830
227300
394864
433423
422906
243524
211752
254661
385206
246755
294176
283851
443517
193854
103604
440155
224417
131920
404755
376016
140511
205925
218533
136531
289721
139906
169503
141674
129053
417350
434016
395863
419786
358393
200965
445176
107299
232846
327578
208978
351381
235129
311454
292228
184135
264376
319673
131185
144029
284921
201950
107806
410743
117279
337960
311545
450084
439740
296184
281658
243202
143289
152581
323814
170557
215285
437331
207243
254455
192099
169439
232399
192496
221720
201764
383640
320108
371999
119360
209160
235749
223591
427229
321397
356984
256545
426067
453905
249784
175692
208987
276507
152172
139526
228548
129574
423644
343709
174364
234319
429276
303918
183367
257128
391244
261014
369837
218396
182601
396129
176626
225536
232265
441984
414780
215511
328338
245656
151919
258374
195405
366997
234684
306957
172026
233023
309231
450639
429925
252308
209450
346131
455999
443723
446878
365959
165408
305601
357132
119910
151047
195062
376378
375726
343170
302948
407394
134457
273953
231911
364247
333101
312636
359790
110251
133897
362055
342507
174883
352731
276369
105257
183634
125569
110248
246661
226723
207209
131541
156615
236800
240356
127979
291626
264943
107309
147084
434627
356743
111302
280672
207931
157381
322718
378933
147500
278067
338419
417283
113177
443002
309886
197420
408186
362477
268285
117742
406651
382283
259200
221918
334760
430283
131949
191482
277302
360453
348123
348185
203144
149132
249954
326651
152863
176586
287108
311558
297770
223282
394832
441481
320671
130196
410381
385744
186874
184376
349325
200227
333792
361057
350945
134752
195636
155230
138738
426865
107681
187261
410037
280184
453482
108969
142552
207306
139668
272242
409410
357367
131934
343884
225121
289391
313092
435406
298104
188477
298618
413095
257822
455797
159163
144768
154106
412085
269010
290307
439513
385881
249696
370890
160568
361056
299731
140052
324776
106951
433718
308686
324856
391009
301532
332421
125419
416598
102696
331140
296126
346523
290398
339923
411421
132165
209144
161115
168251
156112
221613
136529
176677
133753
384850
231724
370818
283082
234650
149381
297135
330852
297118
456229
254477
150693
448131
229879
259122
430935
179847
283618
379043
215871
357360
138183
117588
414435
255908
288137
343831
428825
365385
201991
326587
256828
433952
334875
172453
217364
175161
329854
132312
253897
362683
233546
455588
335019
307601
323778
159006
294323
144518
432670
312232
239035
399801
171694
329058
424512
254891
296156
104053
271129
169489
252703
328088
226436
140832
275051
223697
138751
215427
378912
273901
156122
315575
357586
106034
258087
340397
333760
247478
321444
152444
360485
369196
264099
443630
199493
141704
440687
125570
270100
437054
396357
208586
369539
154564
196132
327568
183843
440589
244787
158213
376914
350691
370454
184205
136873
355712
279874
101302
263553
438207
256452
408869
260244
202559
312659
419773
107169
267291
185294
194715
301057
351847
324525
424659
156354
318636
116932
345076
275974
451444
213787
223003
393436
288199
325818
159180
174779
245730
137260
391121
280761
230167
365682
277728
275570
347720
172822
238110
417635
148821
453190
212807
321516
105637
169563
308939
406094
199479
200455
371938
171404
225824
146107
327069
119966
255997
337764
367950
267370
112618
353638
403432
180814
181898
286901
150920
262985
386024
431624
300415
449388
130723
176818
380946
445967
180820
287222
246411
343734
339904
328140
237110
192387
430004
392467
219724
166779
344856
306545
450858
334812
383104
113176
431267
380634
176722
228490
150832
403334
246921
175806
428083
243464
221170
363908
160235
250429
216644
257236
171029
125854
257609
295104
216134
260260
134860
298653
192495
262465
368195
349798
338643
360219
296559
206749
307811
273250
116072
420938
387394
326974
382435
419357
142539
400135
109357
391502
373531
309824
142462
232588
275073
391282
102191
281154
144688
445231
400598
368355
236111
353292
314887
266655
373494
447520
191615
264985
285274
312615
146609
254446
419200
334379
411792
126931
444494
384445
281318
244701
301997
217958
204458
376362
215990
374171
308111
369104
259144
114367
326640
202650
165921
295177
392268
454326
256668
173164
391829
384783
366106
281091
233799
220545
221067
220437
290880
174941
108995
262532
343919
380463
262652
163606
122655
253368
165662
338218
450356
322329
147769
395657
193041
380658
291114
160587
381295
394616
448984
330911
380135
105883
248432
332116
450404
264920
428572
408295
167298
200127
373619
274649
397030
192370
387011
336797
280014
331858
137902
264377
263252
411230
430279
274017
226841
377131
118742
411458
318594
176318
229022
235694
434585
227711
208280
359589
150823
367262
151229
162769
126474
341697
340369
187121
332780
145903
277046
296664
123704
358336
395664
398905
173990
285255
193505
205149
152547
319111
366930
149650
172013
267683
434331
364631
328109
432174
352583
259530
394407
152746
282703
412904
411078
422252
133485
455509
427916
158678
219958
139611
229310
175807
350842
297355
208423
289138
371422
241559
308573
337617
127846
104697
175863
189792
150197
391946
265393
268991
415017
362218
268364
217411
287316
191450
144012
176224
158222
119036
145432
182200
383193
398079
404481
430913
273992
123411
216667
226944
388723
252639
327402
157133
298828
262706
446498
131569
413649
157956
250281
169604
227706
302899
147647
167691
163111
324962
304820
339577
388641
243660
409724
431097
308371
365456
217382
188775
226024
455923
429293
325076
180343
301568
413422
138667
389056
166943
159020
358429
214671
272971
278217
135892
219020
431838
299304
117844
237469
193202
249105
244975
397078
225268
273554
226676
173029
438406
302496
182546
109494
156975
234978
229622
201795
299601
419493
140742
308070
174672
316671
148105
321155
191523
187142
339829
406513
254996
201834
415816
104798
408883
419929
423956
310211
378659
135238
141471
435410
391889
184237
246460
155021
428946
102207
139527
453386
134466
114404
439723
262513
159646
300029
130299
373148
125348
107834
165732
372229
422604
206849
194116
316504
284974
160150
380255
442820
252546
259004
270233
266003
173668
399548
319288
360605
281527
198153
162017
132426
170925
185252
110235
354212
101632
364422
220559
363101
300281
203384
153174
229695
192380
414906
190228
221394
342104
291208
446632
157726
324487
185482
369886
454917
107478
145692
235922
244838
417508
144366
335976
318461
266226
145550
102355
384691
205441
414421
365902
264382
291098
199642
136380
194079
339828
346136
267795
133169
433124
180657
438041
151553
202068
331422
157637
153469
172550
134092
442115
202989
358091
448950
166372
364265
263878
225228
319128
100378
248742
275375
363137
248515
415815
397457
407272
265880
377145
130866
440445
276604
293236
248939
436292
350467
266030
321111
322502
122025
292214
149702
292751
369729
409357
178702
277704
294693
215411
398463
140543
309771
237803
211089
213256
341430
260827
433479
314600
395569
334257
280428
338308
172278
254096
317900
383701
409365
138912
216960
246072
147453
151823
234446
316296
419780
251415
451363
132653
412580
108458
367164
133857
307418
130978
176207
242849
373843
121178
455528
133000
161917
216690
213432
254894
235534
350045
326688
230924
132529
327356
291936
145877
227105
387888
159219
347445
137369
202247
231710
106764
354672
202081
451546
132755
228391
123823
273532
283864
250626
239500
159888
130898
337888
199330
287063
342112
376939
319536
351778
252333
328112
125856
150049
179812
135442
302136
126566
286749
378253
274059
207780
129800
275722
348685
307333
153045
353315
371305
188298
157885
278243
243322
170935
408296
223301
333484
449920
325831
264596
316200
352787
302407
440419
161153
215690
324317
140900
322805
270242
257027
234465
384833
264478
325061
126391
156034
357641
143861
390677
165059
115517
413247
267286
445646
270615
333408
123185
427179
229895
134895
375091
438298
208967
153215
254311
194579
257225
409264
194626
194360
386869
356617
139240
168095
120262
100448
119320
296920
390040
332869
153454
424907
418354
202317
265296
370516
186214
286828
415599
351844
130139
385775
210118
405570
109917
162171
423015
335658
171911
187764
185707
255362
336025
293111
276178
290022
201494
397705
445049
405434
115550
384472
292265
262247
268160
333298
442338
447264
197292
356466
280039
113615
254374
333328
105510
232462
135303
434090
113595
250140
243422
439556
420912
296771
279274
190448
110422
156590
405614
220941
160751
227442
110612
287121
327170
385478
365869
245149
342965
394286
310737
107127
329850
221217
366751
132778
304799
192465
336632
184252
126877
242954
329218
449300
181525
162483
342130
401374
257344
424383
330266
262796
228804
174902
277604
113404
167038
318597
171928
137971
282441
165989
222652
413012
109386
197521
108775
132357
344179
440399
352986
217779
237855
161652
224058
369146
171211
103584
346496
333389
415471
442920
195173
210037
456191
426862
159880
308400
315375
203345
430038
395798
217994
192874
295395
315185
206990
371037
214637
331807
268101
275394
125472
286972
226810
388666
246860
228033
135464
239403
410715
195565
353502
284203
412054
324452
162962
406442
133362
259789
295287
201121
103155
107852
444514
213282
417104
162593
322747
138672
112661
115012
366551
425863
129997
420757
338338
237436
265278
385632
272945
215495
256435
241317
118612
209322
313261
403829
427683
338064
349016
263268
229880
140711
446674
237569
281934
258247
394298
454118
398158
168712
260321
288889
449378
256851
181407
113262
248929
306964
308989
382937
327324
331723
285220
323652
109757
283979
120733
166825
359008
211862
288147
272556
216016
262259
199868
281206
247700
401650
422948
178220
161561
366555
107714
105955
264168
375669
452889
437179
435636
178522
435727
361381
165668
145359
447898
201918
296749
326223
432674
340021
108103
155016
125462
245174
271509
194759
122476
427451
139701
170463
261353
453033
162641
342813
368435
350786
340295
279062
412661
214815
388846
344743
147537
413815
120202
184190
231594
415151
255679
289410
395608
194332
256862
284586
118476
409129
298081
117975
421833
426315
148144
222764
262601
260801
383002
271372
330072
378615
118083
322268
325655
289485
161289
119903
112252
117740
174467
113868
407119
157945
221018
277807
251790
372584
189687
426914
123149
288044
422841
442793
229844
190550
418257
421035
333889
193026
281163
218620
420586
216276
326063
331853
370877
414856
153623
268257
215434
310814
166039
117146
412597
343410
156798
253618
232375
407055
140710
382550
194199
439668
220508
333922
168965
197946
300976
286187
323961
310533
280318
297589
422454
351613
211683
161818
159170
306919
406532
397387
429357
326127
228406
378153
284463
159296
153256
411061
435654
142071
431570
339084
324516
322319
154186
332914
152367
217166
187181
381630
329039
437367
205639
123268
171952
142080
200347
350066
433456
451581
311914
124421
303076
119970
428095
300082
112454
201579
414258
106715
227976
254174
204687
336105
322571
444723
377257
159276
149683
375842
389570
368910
351832
172935
406810
427530
450171
174542
301070
115282
373151
406591
199730
226282
273588
356896
405737
149070
417374
191268
247291
116922
399602
439128
125115
248437
340088
115716
135073
203051
142301
113679
346190
443510
444594
341820
405347
385543
239542
124120
259497
134313
384116
412485
291929
209905
128933
257075
284711
267064
249501
141074
280393
432899
309877
343428
248454
306013
163448
246216
118679
423310
209731
198434
209995
453123
355696
140094
257212
152999
294772
278006
112980
125007
434687
281761
212653
238533
301375
185941
137107
190693
277546
420506
101782
129548
194309
405127
267653
412962
225548
374715
274094
278110
175182
402088
217598
152496
130784
388927
434737
422247
392507
215955
382484
446168
393613
239247
281758
444441
416661
147292
135297
166221
280087
422493
171361
196365
132197
260674
300513
101333
172258
399126
276252
193961
241215
304967
281741
177893
209928
240096
362235
395963
168094
349901
331366
177597
290722
406185
371403
400413
215762
270344
420845
381510
312356
144172
239250
127588
261145
183053
270094
417551
169892
155908
390240
440993
169857
418924
207329
223025
304638
396452
227153
276081
414145
249751
286740
334564
274986
230626
237370
421203
384246
318752
439869
287302
295721
418451
341265
318052
336911
119640
270194
154421
359461
337906
100873
164505
362819
327639
429020
428097
392159
131953
383510
407009
260793
198818
411987
192974
118421
407524
243036
287043
400325
198563
216404
349950
328046
413642
140598
191633
185800
122379
236678
149486
160766
353603
395640
306190
403082
318336
148709
185026
311564
437623
187213
394524
250120
234977
311873
320187
440512
264898
311410
453204
315404
101771
377957
321016
333727
444513
165531
389660
208447
363215
437518
405745
447216
314471
264884
208666
269497
150285
317670
283868
288600
454054
304808
129598
346652
348563
126384
324613
336473
230106
323168
155287
288568
275556
328241
145831
232171
147708
162959
154697
322220
320253
153799
349347
354812
188083
431020
301439
341578
125820
423266
145425
285894
164352
247770
255545
281724
321752
361485
388629
420039
221470
140529
318167
392141
366054
384059
223692
274588
224169
393590
272753
431415
397069
314900
113592
132750
112461
455789
379058
227526
396639
242958
324720
158506
144128
452476
393554
426356
124662
345420
425750
395855
332459
308355
422594
162751
443579
261311
121463
316345
250948
233000
415567
338925
138329
330174
405408
188497
451193
388337
131449
239288
351659
242065
276984
431843
111524
138705
261820
236297
404907
236338
262738
382201
223613
191622
448393
310671
356226
320594
217093
251774
301399
279586
192754
133460
203378
173748
441786
189667
410801
316794
398887
246719
258805
372277
314385
205202
296568
116385
197662
359657
376364
149963
350093
240405
384713
337782
304055
178686
350267
447189
241980
148215
434778
288274
191197
131708
139396
159918
108911
186619
322791
402050
418878
356766
234919
376795
290064
258201
228690
324864
118284
396885
380864
307523
447465
225925
312025
301075
258761
325559
297085
454598
353433
451181
153941
432575
335702
137103
193030
318646
308526
130576
379332
306745
186337
187081
249919
109488
181074
168560
240841
456141
421805
168236
180998
185719
185300
102384
310750
383146
213332
123592
273127
160315
381860
241795
451967
409540
285982
170773
233199
363065
232224
315381
247625
433257
358171
217082
440859
243964
397531
233640
382315
237387
213759
346493
373104
236903
294936
152343
212096
363757
368688
417821
228281
389645
305633
334558
336472
360216
252252
407722
448154
323133
191769
295124
126350
116899
183886
241700
121095
259926
210980
354943
160512
265485
104468
177976
181719
448574
315439
206108
289304
455476
256734
304230
195676
226307
312484
109601
421112
416066
449846
425193
451929
212514
207197
205921
233389
262016
283849
272463
397546
259872
175044
337844
430044
224367
376187
252192
182423
404902
174394
359270
353865
338452
151124
311009
324246
421249
203909
176000
382514
380558
161806
301560
250796
257226
168513
292520
324028
123964
291143
433693
193930
182697
202126
334460
199239
105743
359366
395293
105166
123520
292572
355088
295161
352677
214776
109879
158164
140319
278769
435789
351141
340934
278808
312747
312857
444256
325105
389038
136769
204679
433306
353235
414101
172989
431550
300414
166142
126840
412099
405722
125363
343252
445920
361549
226477
349316
422332
210851
110543
320243
398235
338687
341493
323666
387902
295633
441289
173470
325988
249060
162132
123302
315854
292963
333512
405594
259887
363257
220894
124083
223286
332489
274217
223451
182547
315099
351477
395217
289765
175376
124886
294122
101765
177540
296990
420927
192206
155874
329507
410279
387014
325304
401522
214048
358987
148409
244490
282515
205481
282378
340003
373411
264745
290679
324446
214958
385610
372429
150843
254431
364721
163138
359774
229063
416185
349212
358293
169630
277306
364488
228658
353348
341073
273249
288705
448291
202016
340044
286065
307478
184923
153030
395025
314899
323423
308546
444899
275010
285320
109805
182764
245777
157320
114176
328940
444631
431348
348118
455329
230957
353548
428817
380276
358323
240275
117716
245507
170573
329242
250223
135884
175923
255697
427018
232128
423770
342038
231034
107853
153741
283060
183391
264820
150804
365162
110444
238518
432647
417708
186546
135021
423565
245201
140590
290569
365995
319259
353343
134426
230643
149034
188666
230293
370129
364000
380160
369793
308765
292121
224526
272430
175105
103222
420450
321161
448656
446105
338916
103726
234767
199887
214076
316322
452621
115461
218045
110057
396440
183048
264081
259614
172282
144602
286359
446045
305148
337938
322222
147852
287053
430873
376694
118908
360085
139950
439211
281199
414476
367491
362858
281462
411111
146417
427194
249991
112208
173742
103964
290165
123010
257890
446470
118607
234217
184496
267915
278124
362442
196968
348092
360747
357879
141163
284248
188525
137993
379701
326788
211837
147076
257487
157744
148667
132010
387690
206190
299040
238863
106288
218715
208444
367428
363654
202260
146874
252459
156544
298299
226947
234625
134345
261278
235584
455294
246647
232800
248800
214029
376014
366878
177925
246513
331481
122854
174095
251087
364689
288390
186864
387339
308882
215529
299701
126959
351509
375932
215175
339167
349823
438440
354443
304731
224557
141950
324501
233123
404034
335793
382293
241180
290636
396320
377951
174237
312392
174905
136500
167348
102326
392055
188061
236347
186152
363275
298180
184744
446533
252821
327277
368634
124109
372014
259106
153170
270464
243330
408341
229099
449738
217114
120889
119816
175421
134353
387601
210550
152630
361772
244408
426206
260240
105130
318197
102552
127700
407204
450629
266772
315001
242657
290917
210845
345262
181835
140718
385957
146490
453351
206268
388702
383694
257160
375181
334009
369084
422114
398287
107856
175410
352373
410356
112578
191135
153232
399312
387529
246179
230412
225751
371448
261387
208548
222533
344545
323231
248682
430514
345378
357829
411412
248497
170504
220264
367622
103850
136403
211715
375465
356941
292772
131984
309388
170313
169759
337780
437473
179123
418811
337837
108633
349835
337733
136812
262485
345245
123188
216488
279540
240233
148378
219462
234682
166431
103118
114652
105381
347172
258421
294418
338538
133215
104138
310770
231797
450828
332037
143443
445233
213180
300020
334364
121404
414274
428777
441505
202213
225600
179387
116178
225338
109574
455030
225761
353130
279416
138226
155300
366364
157266
450559
363287
247577
212431
177145
168196
256622
263713
116873
139600
125797
329408
232483
193984
132806
254725
421455
384012
216450
226751
322241
331751
155303
295275
451477
151573
199530
306968
210921
331002
232058
303008
125824
324935
392194
365961
440892
197992
128155
101388
418800
338112
154453
238035
278642
118462
442427
429987
130893
232111
207114
125736
274336
360223
202870
232765
259288
454523
150797
316528
443143
358272
262254
315441
334443
149044
416737
265827
327205
350524
168943
341234
456068
433571
174242
259869
169316
354711
128765
121971
104377
290244
148324
331974
227871
363150
357619
395094
267667
197665
270276
374723
240580
303585
185151
301495
318233
329966
192326
455225
391225
377295
230898
167292
104256
166675
124543
296958
135201
455743
453941
191109
288577
440730
359712
156073
219470
191029
118511
155669
301861
412923
384194
421626
394449
403180
133922
322492
165396
281706
144117
330407
292403
113684
450549
434011
290497
152207
156609
113663
447314
103152
319463
348745
418626
264135
115559
351961
351704
205283
133164
155827
329944
262871
372127
172462
244302
407207
237496
241092
320637
371427
319015
401955
272206
381679
119998
290386
435733
383901
408414
212043
230652
339194
264591
416333
290362
105746
191396
258766
419897
353706
299923
445843
119241
215675
225394
260598
386559
161406
231398
199237
257835
127405
178138
237664
360972
438965
391667
270426
427470
220694
127982
304465
327960
387316
124863
207640
237249
359124
224050
265641
189116
168781
150277
212100
362904
274272
229870
365185
296694
171990
252104
311971
298017
334466
113216
432029
427680
378829
181829
385001
133198
324951
103409
240255
213844
454128
223786
366004
232330
358565
174169
417049
324129
234610
207836
378932
266300
394922
279811
449609
246403
345316
390425
296198
330768
249663
250472
278294
278785
404580
364627
110551
337472
191046
304839
254627
429540
308288
183488
244085
295017
357294
374833
298935
442591
287898
358791
128936
342826
183241
157283
125150
120428
240720
101586
431673
124461
104396
156242
371440
403953
454444
356926
254645
449916
233420
273647
301340
323456
230045
250523
103774
361617
329426
360777
273969
216145
373877
311065
256288
388613
142961
164013
171795
161062
105264
349681
411932
306103
191277
237317
416616
135049
423654
248336
110108
401188
129368
207124
173251
274395
103913
343729
219495
102527
297629
129334
194036
109810
275620
442086
171484
367424
363166
111871
226220
270848
168664
189141
349600
136604
208862
201217
286130
356370
229630
139061
159689
254768
435772
271245
280088
154870
443139
111410
148988
355166
123214
286588
101316
101358
124687
365649
280494
341644
357922
135311
264021
290947
195508
263456
401624
424482
145349
275926
100831
353020
406047
415943
447909
426850
356323
397398
133266
175577
361770
312250
112765
343603
226543
113523
414516
413165
252553
421385
195527
113825
379354
435318
372628
368668
366346
294309
395501
155220
278433
206748
158937
441948
259640
122132
449404
396673
157697
106899
288162
394748
449275
121223
440327
294882
224793
193161
151460
221408
284486
206045
360635
305598
136975
435412
405795
387175
366302
175078
337580
135961
378634
380538
198478
390199
238931
437129
292961
324548
435276
333449
401528
337462
376100
340695
101583
170249
322813
136795
271365
241441
454521
384756
231090
348292
367460
340206
103723
170525
201173
142823
155090
177238
400111
239725
107164
145890
197165
429206
354238
236723
168483
314936
379900
401001
174638
225108
331057
326846
438033
206486
399018
237225
381526
282940
144689
121708
372273
120522
170614
187525
195358
133971
254786
324645
265416
392406
392670
413525
340013
163752
228718
438172
390714
115106
138875
331290
424611
148918
248990
145313
379451
102836
415057
299503
116486
332492
208096
387007
311887
220212
205602
111774
333010
362929
168062
160590
287829
426492
455106
107524
364287
266337
188131
124002
231167
144319
297569
259263
451881
193559
236772
384137
243469
106655
296622
371608
159615
259395
320351
270603
150720
297891
357485
312604
202340
238970
258937
328573
102999
193815
417015
298150
363861
369842
257971
147803
186164
445172
299873
101409
414723
348843
353038
258176
200213
159007
345348
446128
420737
200627
176431
212656
231766
223053
219459
451870
377026
347837
302362
400587
164138
105942
209487
378488
337385
427912
431716
235818
408827
115893
328902
146342
433691
392471
230839
237138
424518
158358
153419
145376
100814
240656
241832
306434
128809
296067
396243
441943
196548
408271
110250
251316
248654
149303
102955
330675
395845
226456
118097
377556
435881
123913
353582
112109
215197
219105
280099
408396
303792
324089
158434
217353
219338
286786
130144
188018
403479
330168
220117
366073
340249
313614
168771
106792
394341
167315
115760
236262
392017
127141
123926
206529
420528
427104
204859
274347
149604
448205
403778
330516
270793
414827
190623
416774
145275
311653
189749
210238
106093
303423
350497
160254
349280
427466
374255
401164
104659
135921
123462
123735
100805
260063
105566
342261
310891
299549
281842
372804
401888
374877
394168
298805
318471
366941
186133
110027
381853
378597
372589
138548
369520
310892
186354
238885
218705
155026
214711
415829
451645
400414
113436
387061
120350
366497
436717
413406
376254
132226
253539
417586
166044
261326
419207
291131
141395
155916
427407
299392
349261
197330
190242
209276
146453
363348
311633
435753
399821
428795
117167
320130
330801
227011
283944
186062
395742
195470
385921
200396
390870
188201
436808
216427
217357
455525
132069
419367
432285
140875
316421
344371
161842
231264
219738
439014
453993
124567
341109
222220
400752
135990
105559
165164
313450
348767
226699
190717
225768
309338
124629
167029
327880
294065
307815
266647
138039
257291
447506
450037
455109
201383
378813
291650
318850
128065
177340
325310
156940
350886
429969
189763
225253
125774
160358
256570
325906
432054
429277
254373
433299
300635
330292
195741
142090
133425
227614
426851
372010
409461
454940
449265
377103
157267
163967
422837
308751
185079
227838
410794
244488
414043
119312
335875
387049
343755
198085
265302
263745
144011
438035
340593
265221
201784
301631
347945
388310
280271
112965
214665
190338
150681
385559
296365
242730
366200
196245
390667
374213
276585
146308
126686
445727
289404
241989
445515
133174
268912
446336
141525
373525
137773
284660
395861
393817
448994
301263
288398
384849
263767
196973
317681
297865
145492
199430
157934
343389
269613
286144
324346
211677
303615
337299
321864
411563
176392
200069
177903
213748
207048
275365
435689
238081
400873
130610
217693
448172
127617
372716
317201
145922
390393
358972
102270
254794
426857
424141
253651
228864
189662
335823
301930
420237
382060
430858
210828
331257
214243
224736
339251
175491
207433
153225
282016
158467
141522
259569
139026
422595
222137
282717
134326
245035
451567
154532
196573
176214
443329
271013
374673
165974
245416
395008
156554
282316
145422
455015
342979
330350
246821
185315
125935
211840
354195
172563
337357
298250
256191
346533
198014
122606
195569
304658
393228
405548
357438
189950
356023
231977
436267
412354
406381
281160
390775
354463
227627
424181
236848
348984
285019
275081
118159
362140
403758
125161
388346
181604
209760
126998
295994
102632
161264
347248
129724
324408
254419
210199
147089
270763
421140
314511
428025
143610
390039
433702
312865
368194
342245
148869
261109
413509
257831
268529
357733
450550
407617
391982
352177
154746
248403
415920
220978
227180
260386
211934
352794
147579
347608
231281
129572
412429
297488
110493
171870
161217
345584
169222
450940
431597
136545
104467
328644
359913
436732
155806
453861
185610
263161
185558
405859
424179
321642
343880
212746
314581
315086
267306
272408
287330
450120
120024
128168
193576
177574
167324
290055
269079
290619
162356
244315
222009
284849
350846
398188
347435
295103
211963
447747
155843
335724
354075
107496
218725
221099
141783
141877
227809
448144
179852
378802
122216
382605
133904
329483
392581
129150
325747
160758
278001
412853
257939
198625
165340
144564
154101
427231
196387
407759
342303
223604
261540
382677
430810
230315
215515
439478
370387
354086
101775
305561
326596
104726
427483
374206
432420
312372
336211
436479
221065
222427
339435
166748
363375
189133
374712
123639
397976
340296
242008
120038
115654
154459
350940
305429
365073
189895
283554
425940
157754
176436
444286
433240
117179
399076
316716
220145
212867
198832
246379
430899
445363
344611
267007
430235
369117
267554
440284
309554
225823
202729
213123
389867
429380
185364
389989
228316
252359
278992
296592
182744
179158
224210
238735
387204
271079
151360
390644
386343
364052
392461
370427
144969
116845
331424
141738
395461
182115
308895
192627
330267
173918
146742
320122
422815
456209
419668
455376
364158
199429
338664
420389
247011
396422
276323
431516
147097
404946
348347
261933
142450
363522
111964
263025
350483
298148
295895
330230
386901
334102
197984
249296
385722
400512
220379
239099
371648
147814
445814
169633
314867
145348
251643
289947
386367
135913
268696
211989
337586
251876
375941
397246
194978
391556
436334
436828
409000
453178
153926
226063
192246
397798
343701
227827
253424
174447
192653
453402
145340
252150
168066
239408
223464
344547
120615
330086
126780
191600
175652
429609
119525
418664
208781
145965
107009
237536
129045
305193
231465
105800
363075
226180
344675
350325
260899
218910
449787
124286
101604
359274
441806
271852
239231
215311
346215
336939
436776
142123
381053
247961
369023
387863
242316
157968
304133
180725
248198
301857
398225
300847
191730
355477
453286
397669
368576
296878
170949
101852
262789
266645
107583
315395
327617
318011
100192
372241
362265
331106
267961
326597
124622
420719
130803
376672
141269
314642
239964
228842
239547
444988
228421
136803
328173
299126
224496
450262
175476
179083
267022
308446
232723
225822
300251
318404
402764
336502
148943
416803
262100
237222
414468
373810
316698
381077
121155
324826
153199
128057
173325
346375
205680
168673
349535
373832
208051
431708
356620
101803
188503
390055
281006
276302
423555
360829
369460
316541
267186
170884
117220
160046
136744
268367
381404
275701
170141
443643
260514
275124
173125
244281
315905
273850
445238
307268
312803
121339
315296
166690
421413
191840
139018
203661
170429
130173
131370
168875
375297
183239
395663
155887
315686
143055
316396
176148
344423
178279
421856
291031
270635
119958
431169
373868
439636
367702
185208
327530
402892
148942
370369
397834
361108
272644
402684
123549
209270
383229
271066
155258
386402
427816
307269
143884
191962
347176
324931
267473
354591
124991
263900
142568
264546
286214
179084
317076
356827
339397
382888
382839
341546
264008
260151
394900
268798
191980
229990
130202
253530
312592
347408
448625
324989
129137
113548
315811
246643
248248
218899
214981
182017
248658
106584
226371
112450
347685
404891
402597
379861
449810
239096
240539
313770
168018
362460
247244
180716
394916
349498
387574
445125
298527
169182
192360
285964
354646
156446
135306
334313
205698
149843
218408
208795
120984
416858
287183
359213
300267
125743
407659
150464
162441
215992
408327
231426
281978
268068
261834
263097
196466
323132
219937
388161
173301
108331
421767
221913
225453
110110
145185
392796
331107
431802
196297
178081
374905
191252
134999
346677
444235
279575
421518
296182
321049
343077
178397
231548
409266
440736
412982
377530
325563
303392
255080
225682
369388
372461
168926
203474
110534
153707
288508
320606
389430
187297
161482
166505
148313
431938
117180
141555
131186
390984
104215
225096
192072
197747
434245
349383
290796
207072
175594
447279
291538
118357
149306
198490
212199
290424
249141
404046
245394
186754
141351
310484
222201
110063
105217
428748
221536
198611
368753
369211
346059
109146
269630
315270
451752
326210
201713
195976
242677
246600
114058
133763
379232
281149
342996
401460
166965
174103
369131
140209
373860
302938
328431
365858
322767
250035
106862
405998
282926
341649
304413
147327
241341
167412
393090
158464
275571
274307
278371
304525
101170
439148
239198
278184
198803
426209
220998
250337
239492
311338
190858
241260
401277
365829
219372
332876
358131
249344
179595
431556
396569
112869
240886
175066
273726
384825
254281
312800
150556
309291
239218
344678
215471
258297
190203
212831
453395
357575
352854
172667
219750
293162
266297
292076
374398
106714
150423
450431
156397
298977
227045
276449
251651
329913
407770
304633
100310
217388
270172
405554
384675
401633
257403
306823
447449
426774
274682
397811
190826
262929
312860
117058
316015
171968
207729
199717
353774
448369
280389
357689
133950
335406
446392
424040
146259
113061
186783
153286
281775
417063
165854
388877
115983
238080
128591
194037
235845
334180
160728
113174
351087
327151
245202
186465
382965
236900
263454
175789
449237
254009
134625
268201
396218
168955
206877
299293
444826
450184
353741
357487
127992
285052
375146
136881
239119
333374
351938
192724
378741
124313
376807
126360
166241
388701
351417
296492
206996
124869
179865
354447
430854
421058
158476
335318
359706
260243
131338
115597
269551
435553
251615
259524
112511
189145
241623
147873
420729
401687
262023
260850
324997
162869
381618
304228
168697
441764
201369
104483
120034
415219
397488
170132
413745
414107
158076
294146
274114
151881
272532
442732
100064
116707
350974
271257
388557
408235
126128
352662
412300
133631
424321
171700
217169
124835
403191
440438
275427
252089
106779
387627
231235
446109
258273
374208
380691
421951
129838
217275
404701
267647
260163
301101
192603
379992
423607
272356
238640
394774
137468
277834
240334
116046
140186
404480
246796
383604
203626
254395
372013
133471
310787
400203
119294
112675
154822
170071
320949
308304
198592
213297
319159
279048
210055
272698
170420
401914
160677
382744
270866
449143
228212
160001
172428
216683
320103
309014
288246
419759
305336
122614
179315
281049
337133
339201
247486
338433
132249
243733
130840
375911
239513
110229
361026
280017
321568
418756
303662
291027
284214
312838
259186
450956
426800
265220
346817
193977
179363
318660
179823
211679
285299
146002
431878
271024
356275
310194
192253
268368
166351
178903
281564
289931
245077
426918
120931
453912
205265
127901
421831
286028
444243
260531
112519
193405
234170
365792
189300
451221
297941
400143
246916
380367
354668
203917
143917
249284
341504
245068
405083
103533
392289
228934
318345
273196
219573
286504
422943
381119
134206
308656
312167
178332
360214
287646
381699
438691
404698
400092
392715
232293
215400
124015
434869
309798
183361
237578
125091
447833
164935
295541
115087
402284
108025
359613
259165
324021
273930
164112
335435
426224
294517
179514
322834
241435
246004
234526
222291
150624
259219
263293
418299
331841
230200
455269
165350
176294
190781
145604
427836
421096
125473
397967
194233
129167
282734
184381
254864
231324
160395
192832
111625
187560
181461
297617
347108
414057
266413
188013
110496
383219
358603
336977
453662
356876
365231
208950
296680
292260
349678
363194
303199
382779
413816
117468
366559
223472
304484
264684
254331
350082
420751
116362
324797
161868
423001
131703
103229
373164
228724
115493
149463
355787
130121
259385
134681
360546
426745
298198
113933
149784
349092
210988
167168
287012
195640
143940
131233
279623
306476
451321
325807
114197
216584
187144
389288
141501
126456
134484
332198
422212
334076
337855
232777
156135
450964
348734
127728
190257
353776
326115
190938
423178
212268
310571
272510
213260
382634
288006
247033
398882
129306
265495
153644
232696
409447
416619
279711
323667
150673
233993
290453
345427
187317
172766
274457
267768
330389
299370
270519
175395
218319
426538
423004
273151
356205
326294
365623
253110
300629
269244
176910
168559
112754
454905
119082
289378
149242
392494
293936
193325
177461
197564
208931
304949
205301
198821
107678
430362
401765
134478
444898
446995
152470
264461
245390
117530
416339
292112
143688
173267
273146
415766
348865
139193
198412
216789
395850
423498
193353
103664
332410
394259
194028
389224
355389
217810
196644
436759
321558
296961
156757
352537
267717
240601
262445
219720
166489
401590
105154
188951
203724
258533
395341
243945
428843
114096
355266
448885
208823
172979
237204
109185
225419
215002
447151
107720
378724
391873
247126
105889
352122
416399
160445
329309
343739
379663
279054
115199
324781
357513
308777
425697
148397
268932
126848
120933
313478
282513
169937
334046
408183
214260
396675
272238
130846
310830
275160
321006
333877
341252
175479
109397
440633
237982
115157
195926
267171
339189
335284
327865
279170
299266
422135
232731
368912
222952
346731
155187
115260
255531
432559
212846
361995
205795
235931
416608
222345
432840
279299
302243
426105
281293
395818
335212
387020
187320
224388
269121
130562
175024
113801
412175
194358
145076
126410
347237
264967
395621
247882
332206
251173
159920
408672
289778
245781
197765
161858
136067
175829
229585
352689
231607
419877
117763
242329
313049
406469
154238
450596
193147
373394
120668
399253
238698
175585
300776
243435
341097
263065
345014
166746
195775
231612
130733
102813
164672
307219
404611
171820
168573
426943
393357
454263
174687
306592
263711
132998
102718
362850
181763
403833
283828
395486
106227
247028
131199
179467
187725
309803
303597
319173
186092
196805
161278
232077
228800
434904
227367
276948
139726
416064
122274
422192
126697
285920
246683
154800
449438
360866
344510
217589
336644
436437
249162
317514
266190
182377
296523
431547
361895
395190
420809
232302
311755
340004
130531
285335
147210
390062
369576
158647
256382
324883
122447
316613
154863
373085
188468
255302
258682
196481
278026
180892
418510
357255
387053
229243
241158
396013
353106
233674
430369
420012
198043
392961
328603
170153
215225
164487
258026
240400
274410
137538
412293
205497
160385
271193
135775
378238
100846
356798
257451
243395
306704
316571
242727
152278
121603
287266
375624
224731
179900
414332
351793
211968
318085
383035
398998
269814
445889
240234
293901
181640
295369
179017
403025
242177
232079
281048
231110
243367
370352
179385
425653
117229
408916
105387
416370
405020
452153
232078
255055
125497
145486
107208
261922
324073
225543
369877
339531
197111
117317
203924
226479
181795
410903
250390
124703
101111
429608
150830
423733
450646
157088
316554
272985
427339
325257
120117
433439
332003
173709
133480
285585
433516
345693
167159
263727
127067
309951
110000
336483
109195
130830
131358
207649
248507
440153
418517
319391
404359
180871
334708
117497
411237
104509
366143
290665
397612
257747
278354
295952
141429
312306
309070
166441
212162
213535
168550
220187
144281
438809
420457
388974
300972
139022
306460
374885
405440
132565
216395
131023
412044
137589
232960
153959
239321
133212
106365
347027
427260
413619
137551
400568
398244
402139
101369
149077
336845
328770
145637
419866
420313
307076
198003
161994
132244
294996
442177
181594
130727
260312
196069
142929
115848
273297
252707
382964
326038
451403
399094
255862
307725
220287
201822
401523
378257
271400
202189
422609
199021
264843
401109
160421
387874
289448
257529
445250
418965
233630
386800
248788
237121
366910
153768
154590
244978
302098
438488
391377
314891
392322
271298
354242
321655
236099
258008
428490
431260
305242
432740
201573
410266
356841
382173
197832
103715
147096
357331
424600
279915
246397
166865
133231
209132
108626
354448
280977
149904
378125
389608
263213
122935
303256
306751
138990
112033
351726
111731
237922
421449
333404
178308
134562
117993
281124
171981
346831
444095
416593
301017
396728
267397
280132
376359
199202
391848
154605
230176
203398
260067
298177
175061
314302
390066
379143
427943
203204
174873
283599
370631
454374
173296
218944
282245
183206
220317
349774
154247
179669
448815
223705
398170
114375
165293
220989
141325
137076
189493
312551
301875
104021
187002
311671
155518
443047
354151
358713
203539
324777
340192
416424
138381
296585
335505
359199
179299
145529
106331
442798
331782
190987
251945
212752
444455
179479
224589
299777
353101
125901
164641
364071
447637
414301
251788
415203
155373
376043
164524
389233
355036
355961
331793
210539
147540
378544
274485
133782
175003
137804
439667
293258
290553
173120
221713
136641
247249
107728
208989
323464
352609
453266
136005
141026
185870
206407
379390
387093
343838
359490
300316
327479
337980
252148
157812
358766
115651
447175
194764
228024
394429
114973
280162
215657
267642
414431
385476
263982
385831
369604
399931
419113
117648
242933
188301
218412
234263
301541
344262
248101
345322
245070
404624
406364
274351
394395
136334
374126
431456
447254
341881
438536
140169
173761
291601
412307
335635
172960
275925
121424
196908
211455
423645
442884
323233
132636
161151
262915
214210
429016
369704
173910
336900
301409
339926
343295
435458
404159
106652
112059
157542
395658
145687
222779
300579
329987
243578
181035
401979
219161
399557
331325
284032
289573
276106
335670
170103
171932
365199
162983
375494
440389
163417
162724
270911
412156
408065
443548
287990
313516
442425
428006
303020
124140
405355
320237
134443
304184
372197
156453
453007
234964
177013
455428
326462
351553
225086
452872
312006
390147
267328
108552
146689
417900
135932
386171
177591
280465
284987
423539
401475
131723
181480
119824
286751
319010
222006
284948
395493
103685
335534
451135
186399
355388
179545
121509
150023
377578
281213
118831
440383
223984
334399
224911
183326
305002
166616
214209
296557
257183
176156
164074
194931
133021
109036
183962
211855
281021
450842
122914
416518
189303
406483
363498
403482
421077
296121
261970
299235
388230
244792
400825
141934
296381
226025
363017
133543
422603
363173
313700
350819
433103
318737
358115
357441
392098
145004
220314
308839
168314
284905
275891
280066
341810
236308
253489
385080
305833
394932
100795
201106
375348
281358
433322
121352
297010
126334
241196
427814
299932
392846
221359
109219
240324
280776
182949
191041
195006
419316
333461
116987
369119
284617
414296
379223
313262
265796
251705
394268
128233
155907
174349
450720
299822
312957
177426
449611
119427
390172
422396
352326
324181
110910
443421
169234
116381
352947
257196
355742
302803
245066
202210
316674
149353
196651
374751
453890
164069
259155
430628
318460
429290
334586
366933
150058
226795
306436
222580
429153
332585
216432
169438
368359
433676
378817
116430
303677
354275
397645
268940
152045
357660
108723
440588
125962
388675
187246
363004
409107
372325
190079
147782
264953
152684
144458
370926
333121
352033
160862
127623
369147
268634
429097
346065
111147
251315
408900
213971
174320
163020
309851
165034
343862
132993
443121
400191
402663
354382
415681
324203
236558
182872
213221
441834
420483
385475
177609
312307
329865
396667
291366
387472
265585
327935
334528
269294
373495
189197
341110
246981
426252
174123
294413
379967
427100
307941
394027
427756
431301
341233
295677
231413
133721
390577
320931
334156
246644
301369
120940
164381
108140
167931
188530
429824
130078
161784
147581
416510
447726
142379
205891
260941
367402
258812
320162
123170
405849
174860
376995
353936
321060
414837
104869
392902
452562
153417
192710
275434
255303
415863
382864
268518
107378
218243
136859
274779
202278
131894
238482
235939
207000
363770
311304
427699
395490
131588
138663
436946
337572
445295
300256
269329
235362
191066
332802
375399
209873
453004
278528
308056
186103
215615
449575
451625
425082
150447
443206
307216
234416
349686
139601
164757
180030
390734
350013
417299
256577
102508
305232
143220
303703
113481
249582
227280
105728
241733
312771
182244
377965
180378
206093
331183
415565
396050
440522
447282
290704
447415
162346
388545
324025
417284
217322
200435
451256
290034
111342
193114
171525
107610
101671
196190
301526
140121
257491
410206
251262
264175
417699
125650
239432
430144
310978
257253
455073
316084
189430
281295
272693
266988
132612
326390
148939
370909
328428
257758
422799
401540
107148
243683
167930
453492
196564
273894
356900
298281
348110
295655
248775
117673
219154
232286
298418
251098
196300
279326
258725
349380
360448
360513
175378
191871
307884
455512
340878
371098
221810
299889
136055
294340
440225
421401
242607
383623
165502
408576
302398
130057
321578
313086
417379
259730
364977
281335
151615
444221
266527
304561
375123
157155
247880
260087
392053
246589
180136
164809
366667
394455
347465
134209
211796
338959
327768
347706
263996
407158
262185
372759
414882
123882
392464
383852
299179
408528
330037
144080
412157
348997
316518
254990
351017
106076
303129
333832
305066
199214
102604
276181
270084
203998
327203
272606
314720
102906
220045
178247
435284
294516
198072
373268
314009
136112
394610
372282
134858
448784
307151
203406
439163
247178
317194
259638
127254
309275
196414
180745
455136
350150
198202
149024
349993
453678
184153
333857
228790
406522
134011
351711
259882
414429
166839
141931
130900
433643
216052
429921
415706
399848
160547
406547
338449
395817
213798
279089
281732
286138
236498
257499
150494
209385
449661
342051
197472
409182
164195
190930
202015
455094
103013
128006
395414
345506
231795
212203
222109
364573
148770
400271
143180
144917
315399
120877
318311
162056
107431
276924
355023
388464
240673
421008
331297
432463
366481
137329
447243
187916
360669
233959
155971
285022
360862
372462
385657
141121
262098
220566
387634
425186
406255
319919
183184
312527
250839
288009
363567
199142
331483
125585
201399
253968
416857
193282
332877
447775
228096
387154
276494
206127
392734
157076
241650
409014
355447
209239
123319
203802
366461
400949
332080
313033
283913
241575
396771
124380
333854
332889
335872
204038
320411
138510
224323
293064
319505
383243
452045
103837
374737
221591
219634
131069
216689
431711
402914
125579
161388
291631
113115
232886
127884
113774
225898
206285
120911
262476
238659
163840
438906
150387
193900
307512
328906
269076
181589
228684
283584
121890
121761
235506
147296
248108
204587
378980
134886
311142
305917
197133
303880
418804
100726
182855
385875
383317
245795
304745
230904
266467
402051
207133
120373
201707
237143
226871
260344
242398
294119
105851
206730
157895
440956
286392
164831
199047
130091
336928
210462
111766
147030
310970
398040
211953
268081
108462
151125
434917
364143
450724
153183
200917
409943
167508
235613
425849
184819
309207
417220
420211
163006
262870
328265
403993
250115
331148
163543
234008
349217
320517
234458
179122
365508
382027
434297
366499
413058
216292
179065
260380
148017
305033
431713
266971
244222
366376
240736
238158
330139
210883
241527
125545
131627
313716
104465
273089
274833
342281
264779
188183
105082
213751
312016
296501
189054
331045
344647
318462
249675
299749
373887
280136
206406
263363
151885
307327
303789
125209
272352
259053
264002
134047
339450
225159
401684
324216
425070
385645
194667
132283
405910
195365
362709
313628
269264
303172
419312
104702
230702
231838
147912
264272
385453
127705
357136
191939
441022
229419
128889
108730
129425
196631
301467
209800
329080
209195
386563
114219
331737
168284
371074
128056
156873
367462
162314
242867
160310
246392
342771
286776
193079
276643
281560
166531
351921
227845
201951
344254
283246
346075
106374
395833
229945
300021
443218
379221
221982
236420
141057
204381
208717
309209
119019
227120
352047
364163
427633
305897
368275
173706
138894
275151
161429
180457
342015
160121
340007
329836
298337
392174
415287
132328
447143
396906
322019
238481
307995
120974
259823
328468
365974
140482
179337
232555
412083
204867
206170
313585
221362
364348
161909
406990
308672
353159
346917
143456
238316
170689
142800
211204
338215
372677
122335
413589
375846
427003
434292
411286
160912
260025
220648
451968
345907
325639
162229
257905
171766
398172
209190
314613
380183
120141
282651
436928
341468
148815
166378
436683
305832
433867
326718
410795
208364
173000
415144
435341
208171
241370
315294
451864
327198
122769
152397
102216
419038
434411
309101
204367
451896
264933
428829
230227
229211
374591
450136
202429
324263
364132
345138
143560
188186
331408
198124
179683
379167
444219
316129
321961
416153
376969
361730
321816
348623
332550
427847
244196
324934
321597
296774
163136
345801
119960
374321
336385
108471
393316
417085
137519
167715
159307
240164
301257
313202
280354
313903
290454
203168
285534
209860
222970
250094
145574
271337
119823
427579
159046
360361
207555
133784
253799
248555
128479
369309
156672
101048
235304
425114
111437
187342
431641
449915
314313
429526
367662
155031
223759
278089
307701
245080
101707
277913
415317
417752
110726
191467
188590
360027
195443
319235
352743
298029
210053
446635
254635
414582
119753
250265
448331
306056
106846
204543
363919
208041
272883
450796
144053
239824
137964
347207
299600
203432
396960
247618
431897
305320
146586
386151
197137
200194
313745
141899
132222
201160
110872
437788
220229
442563
340662
283934
251154
203697
395204
164005
186119
195815
186881
365844
171108
386058
267087
384477
445779
344061
389424
424802
168612
393814
149713
418825
295625
135181
395302
315316
228748
424717
297329
215682
210334
398725
395445
114188
407996
159844
389598
228883
212054
335450
132933
250777
445827
339646
402717
420505
452161
184315
424176
193087
252843
205387
246414
112697
183717
212565
328316
191459
206462
395691
321005
380661
260394
154180
403340
287058
279658
153667
383922
430480
211996
233990
357216
117832
383690
357735
359783
253722
225383
432916
269915
355879
384069
289102
165450
155712
234740
312959
237349
415843
172973
245556
380392
278139
116556
215764
311505
152201
364926
388690
130848
363260
298721
419452
263733
128231
360007
297413
199911
166481
294202
267231
208923
302275
421329
377599
279641
136151
246277
101830
108396
268722
446133
363218
115326
284301
240271
419965
409660
398664
172655
231697
322814
392654
238448
364790
350657
277770
136906
266554
198927
423209
117909
394256
142348
182783
352702
454305
109063
318089
419679
138557
233939
278304
127383
265024
303117
201687
136327
175696
403749
235178
154909
350444
370962
152044
219005
252094
243222
262764
393570
238911
290261
209152
243254
239903
384367
381866
171235
416132
451009
203903
426594
449490
285737
258150
278018
318474
302418
382091
177469
119342
266355
311811
428676
182143
171923
258155
303364
209194
262301
209163
298952
177084
314123
260790
139760
189203
405580
266627
150660
112640
359929
249927
222082
274260
147233
153010
161775
433771
108960
144448
215195
137890
295774
157888
358776
254521
360753
176912
374783
261536
272654
237943
368896
163365
417720
441164
110148
216462
235522
430085
182480
423848
454548
184415
369680
187789
122357
170793
158941
219090
338942
321989
361295
223065
174388
127427
357541
408777
148630
222142
248428
223602
326685
421925
310498
387936
360870
388403
286225
295979
166184
345086
424910
382855
382248
168567
330522
305812
443178
120834
326725
246838
385607
105406
371172
385026
180373
303909
376251
164745
247448
203530
202295
123485
184772
447350
383479
204517
123583
369522
102520
203589
211174
454588
300688
251093
172391
418243
257428
173131
448991
389719
293107
173180
439873
192504
156022
124385
454879
129268
408064
209465
284046
226657
132828
368372
309919
414989
288268
231768
331439
367877
393244
368881
307845
441933
289254
114162
225102
165412
246587
416636
240335
433508
179988
375330
420743
183116
186385
244951
446065
277285
452528
441666
136157
310969
329910
363205
401826
334093
282790
347457
116734
169842
123722
275486
164467
180346
323366
116834
364833
426730
401064
161188
377004
175911
159940
386916
340321
176562
289441
321384
130782
370709
322992
314035
422245
326060
338616
413927
179810
405406
100581
131533
361875
396891
351674
309587
400440
281352
405420
361498
171280
393927
370816
400043
119930
318352
325897
178679
376958
148194
388588
452098
454006
280163
151576
311080
282995
363051
223832
258883
101905
406811
125813
131554
192852
408472
448327
248190
421969
454351
370258
125712
231902
151857
298843
407390
274917
383160
388514
186272
169646
183373
231681
298840
227438
339405
164423
354203
359433
412159
453901
227196
286744
216323
291573
445747
103160
379216
196951
385272
262545
354614
273051
252397
204356
447643
435863
316355
425978
201010
309756
454171
370047
253629
100905
254451
357139
265263
377956
350827
447830
425251
213601
141675
145236
119040
164585
114135
184592
246281
400722
296618
288125
190358
388761
280729
125143
239899
412689
361248
352374
225957
414305
232134
302105
395806
229065
233004
264298
282724
218313
213786
194690
418255
364652
272674
304179
324980
111935
225765
189677
121736
107869
450417
403710
404373
397465
225812
293682
200144
452603
192225
121554
226991
423897
343980
100164
283418
330297
232381
191803
409664
153851
370498
297291
221971
347392
192947
425420
144916
191852
171340
256170
213296
125219
287061
355777
265486
311039
249714
417007
446030
335032
136723
326307
348143
406915
201628
324489
315251
189806
231541
161470
423315
332609
109113
269686
414658
253207
263426
441877
241246
339928
121787
260712
447539
147681
378788
406677
208729
433543
293637
412786
328654
447363
186410
261002
133639
241981
206193
410053
144586
160554
301233
147467
188964
134398
277563
421376
214304
204368
272605
165245
203805
411131
438312
370524
206943
195020
217806
395531
312097
188428
123568
165730
285437
417616
325743
129273
111311
376839
408950
385507
159889
408858
418823
395598
161890
285815
213577
196735
286046
162515
278898
412272
452103
281687
310735
155295
185003
415149
432184
269888
162209
189969
375087
191254
132526
347749
293221
401978
383332
101054
136597
178961
188817
185880
275734
234437
423650
380277
269898
208069
450504
133380
207418
346119
399982
124208
423330
427504
455913
382266
410253
199264
411444
304116
442019
415817
407002
263094
242968
202985
408274
167019
333672
235359
145401
408173
252594
418713
234167
327384
118547
362737
220140
415512
190720
227352
424345
253781
315565
228139
432042
300979
128332
249735
386143
265115
452776
311374
307598
303018
240973
147100
418292
443587
445017
259400
168103
180930
111996
414067
239809
302258
122909
162999
320241
145801
173975
328951
296275
233261
142003
440271
214114
341145
245255
382074
175471
309947
214940
192543
260256
359713
317482
374780
391689
354193
131261
121047
153542
331847
312235
417086
430864
229141
155195
287559
149148
419885
386092
285524
225557
262853
366371
202211
441259
119476
452174
248564
204098
278474
389710
296652
113570
402009
361120
324090
387938
283696
161564
322981
430456
335171
434309
197694
277619
402842
231475
122919
122051
340105
372473
122480
454569
121849
137216
355123
149447
415535
144235
182875
371082
411630
105379
124055
137848
259389
279127
394786
145070
323982
154554
347075
210888
268618
313115
202321
289162
411491
380279
245010
264683
437890
158652
223823
353252
387231
312347
383284
313660
189526
168979
296224
243763
246672
257696
265610
315367
241062
361815
365240
213575
166677
336452
418589
255701
100651
336415
168278
224350
387437
455906
227623
418997
402622
244030
439749
254965
435537
249449
454799
306057
303572
148275
218582
176857
250587
415862
182790
218635
414374
154370
376897
225895
223919
166980
399300
366881
360764
119695
189342
449205
430823
373326
168395
149567
336237
213402
110156
416204
299798
379289
127769
391312
446562
325286
357295
425801
417095
103548
434871
400159
192971
353485
271034
160327
201520
287828
319253
160247
100612
109004
172491
455485
139669
140276
172951
203324
379952
247762
185146
346045
107759
394189
272867
349588
356682
316301
359974
196790
254698
120234
286738
449937
143907
309370
237936
110656
130372
167818
205763
229925
408879
261256
374072
218932
285174
309807
265036
114118
356185
136794
119741
178819
398440
394408
234746
393065
276974
436712
389906
449316
231157
120992
162942
206521
450894
122739
406620
129839
284992
441956
352918
373558
156084
129417
361282
197163
178840
123686
450664
123801
360721
106884
105449
187807
171132
118931
445648
327206
254499
228452
200489
288694
354726
353376
125277
106008
286162
166686
316830
376331
302733
175899
248561
208209
151952
268528
163750
320476
352766
271826
318549
350770
380331
333603
132144
160736
351483
257738
120750
424890
339299
433641
176050
289345
131985
294475
163359
134505
280638
345541
329283
163301
108678
230526
333862
295202
421722
369534
200872
184768
279885
269862
270582
386599
391320
372939
380982
167589
453160
180245
250609
106039
429876
182196
300008
386372
190658
340307
249669
242799
200208
398795
121338
300332
193754
111757
242688
404436
208464
385159
239303
118934
222161
393739
328607
243809
253726
364154
454931
244596
107685
282287
155772
281452
290732
242882
300911
180651
280231
391532
208836
114187
308480
194636
358060
409589
379877
439669
377536
228985
409495
377890
191393
326503
276067
271676
335689
193625
194517
131937
245845
127575
325740
181473
302784
382403
159991
343464
122214
276353
201818
302289
264678
194394
363710
262099
172218
346862
270433
174476
376675
425194
355609
107019
373777
339020
175873
188615
358523
299721
189534
205560
408620
163163
318848
136561
117236
215879
259522
125445
393006
160439
121629
241875
355540
242594
145472
426906
296521
325850
207740
306420
374076
295666
140740
339982
246487
448696
305347
164087
106195
267429
269413
147672
118745
240737
429998
395362
273844
226688
256974
207573
350804
400926
346511
370870
339209
433512
308731
115149
270630
206647
355421
316747
109508
130017
286100
227582
373544
182831
348541
117121
240166
408125
248352
256689
377859
407419
112739
267922
407975
428325
130858
420494
303458
190500
391514
134239
403720
338939
346078
346816
268176
247304
431363
188845
397349
346025
215662
355242
392896
234401
206022
297937
189514
454772
390097
428861
172119
305906
436720
372302
282085
331266
126559
379847
420732
316578
372689
124789
282690
327104
101835
347273
192325
190470
304049
269419
323487
340478
118854
152970
382286
102025
221865
164990
368747
232646
249254
451434
269837
156219
167479
307676
363812
406444
397358
395457
160760
379468
449687
323245
268123
369858
251030
409013
441716
199757
180424
347159
442374
148711
128163
111322
366439
138903
189642
241106
266402
230460
337673
273761
314608
451284
353844
242339
340818
302488
387468
155616
160934
106468
272176
429486
213117
357629
284729
425662
349141
301406
133731
248120
149837
159971
374624
168689
207303
102963
119470
349528
289737
214969
174411
330008
428472
119165
299767
268442
409754
238272
123402
398883
343358
455739
133813
157771
310521
130369
147160
137799
270157
268824
357125
402432
286492
252913
129051
156938
253518
262701
409263
273995
200522
374874
224548
430062
356198
349811
108482
409151
342034
403480
264829
439923
325165
142888
271793
162657
276486
151212
219214
166396
209959
321110
445449
338967
429865
384331
172777
238366
100635
100888
172978
353570
204902
334168
130343
398918
183258
182112
441990
277060
413006
175702
256326
282326
236584
387162
254770
317550
347413
237127
202353
192570
166219
257387
123694
413793
453086
171240
198535
298244
343009
245203
135546
338666
156181
207224
219109
158579
313088
122718
189770
245311
174145
124724
347466
164330
421864
231664
454559
275158
350133
384149
381624
421262
285357
258673
352358
350378
325511
274687
222511
114315
136389
169201
221954
191488
414066
302697
350948
239820
210621
347865
165836
170512
227665
161044
299096
158379
312180
178668
357284
254667
246841
371717
117546
199413
134648
327224
117507
100014
387650
381837
171405
307463
438268
225658
382545
366183
122764
222337
109294
448654
434128
210377
194944
362650
184586
182814
151262
280196
137416
273547
283620
314809
352477
184168
313218
422233
431401
366544
347051
177244
369753
111352
304708
291044
165773
445916
430867
199329
410767
176596
180746
247365
295649
310920
358051
141061
184495
240152
154515
387691
451052
263699
413737
434381
260302
222350
122393
104550
390536
267395
249813
187031
147021
259059
283574
284143
165112
217809
314080
141615
382938
436999
237769
416431
108807
438728
190395
167662
164573
140476
191389
185529
168740
394962
444200
239142
308129
289673
138978
415419
234850
250116
125261
129184
183387
141706
116443
430995
334491
110362
373594
286727
336551
416771
326666
333557
330184
309004
200952
453876
200983
133396
245843
298745
423405
148633
252031
100818
455167
199118
348686
210343
323123
308356
230281
335682
118295
226406
295665
196938
401247
214111
413092
103108
430937
390221
134199
233999
355262
362947
349135
147737
405711
119225
356070
156158
438626
250122
395451
153775
214746
304847
448477
127699
113013
179384
200616
226746
305800
326004
253872
342658
211020
450922
355047
361487
437606
309497
105189
394889
190588
161096
159151
125526
278413
391563
275479
214794
402133
260911
197230
136148
155617
268435
403243
146010
390735
182451
318280
108560
260642
277792
300384
250225
445327
406226
288750
387759
250823
406407
119305
131781
167101
277786
195324
173876
222251
199546
266524
342149
310455
156286
212064
399027
100199
337862
134276
437139
273776
340707
329926
117141
122090
391155
182986
128636
316491
245505
152290
357430
400012
303239
108022
398845
175204
282631
199712
388009
197091
328735
207791
115488
340065
444626
170540
331399
281342
307656
405590
202194
353429
151969
176111
195022
106504
410596
251735
147660
125295
127032
319326
212601
259515
415310
309874
421099
395001
405714
333032
326111
125134
220676
232442
309575
264383
414649
340427
298310
250528
257772
419230
323698
257664
268629
221133
129874
182290
273383
195396
101699
214785
260841
411866
307470
106781
206138
182339
341570
232686
425102
253455
339722
403844
299834
330097
101672
346880
234918
138033
237836
349438
203940
451018
173241
199629
162629
361085
120896
434137
143842
209084
124398
157235
110402
249425
120319
161762
236250
333827
218802
208495
446735
340156
176389
281699
196145
107503
265162
115115
379979
314874
343952
394678
279273
231351
107284
400437
366249
414727
380221
173785
408608
199399
309111
223815
408842
223348
361445
194284
415244
228866
377074
266718
365289
321699
411911
394244
343951
417530
416859
174999
329213
316343
173640
213190
376010
270158
265355
291397
350563
216024
184424
342073
289661
144831
135211
126855
440017
170528
374851
451054
164659
366730
448632
430614
222759
135277
350729
257208
440062
276175
348632
239470
421522
363157
152754
452794
169981
206937
123803
417776
164802
142559
220515
358333
387455
262557
319663
328237
264579
432870
454089
385695
260864
208895
238095
376189
254039
103318
363689
253621
291902
296921
435425
206124
400302
168227
272347
301445
421633
417641
331085
390200
148265
270439
126504
411650
271080
406902
176062
130953
429819
427513
138753
304095
113420
113873
295623
277307
273949
204884
186244
303250
423634
318042
358872
216215
140085
360314
353884
116522
295588
157573
294645
405050
168735
340604
125335
363556
343896
168226
115725
336596
386122
343339
424956
287320
280277
221229
377555
338323
127074
346015
235325
281428
329895
122987
188185
353587
300871
145335
308363
295800
250688
107690
117548
433863
367342
217289
440928
329734
144907
172302
273085
361801
174693
215385
453805
344136
238471
334932
308791
294609
118062
105975
357744
387207
244568
232665
394391
353338
381100
208375
393336
427852
183043
319269
343148
176788
100767
238887
184332
217256
376053
223864
338021
137102
422969
384222
339348
434255
331809
259575
141789
372427
133219
453535
436789
300084
454297
327458
261640
275810
148092
354290
252015
241175
105907
172179
374179
165950
146279
137384
140250
375821
370813
192560
204496
127287
184399
339309
154356
315923
209849
329933
151674
180394
209188
107956
112733
138515
286167
274520
274720
316842
305875
335650
416843
103563
266178
101978
163537
394557
372063
233234
327212
220570
303150
416434
418912
153622
167585
394133
149251
386128
392932
105953
338923
201161
157238
399457
154040
262497
168305
172544
211717
127871
147271
403006
267072
172378
362673
315363
108463
311821
393109
288848
415508
196189
223936
160704
315709
418973
445386
434851
174561
450809
240396
257230
336667
423851
128784
194979
107742
197713
216341
197011
187470
256313
408360
176707
125985
377310
303753
125057
361409
128252
420194
277778
395615
128829
325578
444632
280635
152466
229768
454549
163045
438762
257705
433176
386418
293628
113461
373774
396841
451944
294591
121574
280355
291734
192986
290016
176685
323899
102364
415634
207169
135982
252005
357039
255296
406662
326687
351394
321666
396091
320555
157122
274543
267507
409783
197618
298073
273793
240654
173673
146524
139298
176926
273459
326662
387861
278097
450839
364189
106646
387912
141473
432134
161594
101342
429252
320350
216464
353696
217953
149783
216559
214848
213617
254078
116632
179086
205062
270181
211269
353039
373892
241115
451334
343384
180040
116336
271729
182515
118300
293698
325616
444335
209656
439860
169012
330383
115095
230891
123723
363352
237535
137492
404862
109239
391126
312132
276786
163810
410201
359569
343958
171250
116114
177929
443554
223946
376228
156657
102976
181711
408904
285107
182409
236348
284263
185957
135735
399800
345073
308151
206056
220605
306844
403461
278426
119558
323661
330502
189112
224418
179880
388070
283918
166440
177427
216370
364085
406539
317763
141814
345119
404104
261903
276985
105716
304591
205313
153403
369052
446630
158601
414313
401335
218454
454440
444608
208460
211067
210382
324828
453337
393856
222782
256347
234957
115288
322102
320841
226645
224579
404725
178616
404630
155349
173114
371759
285090
165197
418195
181842
185649
152998
182890
383395
235783
296941
253890
219429
105771
383582
231728
265794
342418
352723
325802
160918
201797
103441
446722
298558
309597
121988
178706
270567
184404
197696
339553
371405
405034
244698
437965
383353
255241
376690
187299
402135
343975
388838
340333
394536
214037
180269
365266
352871
171209
323863
102950
227138
234880
395223
299969
303913
396400
108425
132840
123299
194676
178931
306902
315121
290542
416241
253230
181031
229943
166175
235380
153984
159200
426188
451970
318797
413067
212025
441166
297068
405801
250702
310091
104911
156741
455089
206352
330601
336905
122541
276899
423528
245192
365571
401549
418468
340499
112957
101646
128431
448711
209871
222019
293624
230955
416795
403636
243651
218226
232364
295172
100689
394823
207245
288424
385257
147109
356093
178774
161984
102228
120330
296130
332642
286229
280083
257389
198170
255178
179305
324521
255579
428776
152992
449809
175141
243629
302810
174584
396810
349469
317090
207401
245523
282051
274098
210570
237053
271112
362175
121337
228263
190092
155998
311093
450823
106513
242872
183788
271584
410757
375874
190324
391309
151536
395472
110707
354938
370223
187105
277907
453420
346348
108578
170038
372634
403863
418422
138786
237010
174351
159798
303101
371510
117877
268831
292438
375966
282815
266181
397619
263407
400324
169431
436889
424037
170606
436903
380793
246783
333967
327642
137200
288126
419536
153021
249829
280500
177280
156754
187389
285266
217168
238599
336018
168721
443494
138662
355167
173821
290554
230726
388750
201305
280700
351488
258390
276722
384265
359435
390628
221652
299459
213499
426609
108526
359019
184824
323595
183602
439730
321803
191972
366040
159987
402292
170452
112069
248874
456017
265391
194127
251236
172809
221068
354661
454156
393745
287090
316944
204672
453488
290829
429301
304258
394376
186653
303637
348227
327826
410921
353997
253309
149217
179820
140915
236956
265011
301980
280972
303694
129082
383626
426336
121413
283145
357506
108039
187174
363381
179330
243762
166125
253885
138072
127379
242114
411117
327669
333809
454760
300985
136915
455385
216650
265848
249613
396688
359989
394034
287562
292406
430196
113249
231974
104340
393903
185599
255062
449681
111071
169111
102911
149821
174030
410562
145082
199335
219686
394584
440865
271764
134038
239108
290094
106702
276036
171248
126725
300181
438914
130868
127179
441968
215119
148505
222856
254971
201588
244977
312318
163295
425624
389029
403909
292482
328488
272777
244297
263428
156379
292174
196633
173422
204389
425375
293343
368803
307698
445146
371035
105660
271900
160169
426193
399220
297103
245806
269622
367351
239329
408555
410188
240329
219595
170133
172044
183559
441067
171501
401193
433854
319008
228908
216149
117117
100154
347486
389893
322056
165886
177359
355580
328104
370450
369726
213845
208832
414522
307690
419242
372505
107909
129022
121995
280519
251641
244725
162686
195402
217203
339394
290577
311981
114459
160434
128473
209319
188340
302573
388796
202710
384573
253870
324783
257504
261574
220891
363095
241708
295674
124485
313112
346551
124635
194730
178818
144585
219108
300162
349987
232320
393653
415457
410803
282588
273989
379040
295366
363813
239265
239705
309631
334260
313155
202842
149986
441104
284599
299275
187779
216025
232611
379049
121956
274566
158878
162121
287356
406594
376230
218674
366899
245733
429714
200483
256111
134194
109423
363716
241144
403519
373397
276065
161724
160349
385118
317917
294451
159746
317254
139103
241185
426430
198706
169902
360136
441139
265281
384752
186033
455459
403202
196178
412791
314029
373059
224931
250031
267573
345064
359399
369882
228445
434102
410254
178948
367364
247569
421580
414721
273470
165116
290214
373140
222147
257981
345545
233722
290218
287072
152021
369574
404173
446718
377325
451665
365250
212201
298980
184641
324926
216230
436636
336627
297188
452689
251721
454816
243146
260504
151924
118628
400055
151788
438810
336691
389561
423840
232964
231058
267734
298983
362085
109211
377464
279957
101568
171557
382045
364394
449222
373427
377833
336677
103600
215295
195684
146503
111300
240538
107588
406507
186278
257582
358207
101889
273740
205593
436526
171278
423422
137953
443740
358965
320675
105507
218890
442740
370154
387873
438371
370247
155512
273296
111521
441641
275532
345084
128696
224085
197238
427322
166239
379078
314464
189818
217996
380986
258315
188860
183469
216140
303642
186031
156178
124910
389067
159731
409016
437732
406846
333771
326962
354175
439568
446490
253882
279316
340428
194240
103394
316249
369900
398585
201571
252064
318080
299908
353393
206133
301471
255523
349958
350641
159947
245796
452206
148273
212929
376153
232668
378485
292510
300964
162883
261977
377823
284902
160533
444310
429089
124243
206860
426498
234614
443205
412978
173908
362620
342583
227895
451867
283442
234128
196441
455310
394565
219744
132347
413344
175888
353457
256458
134309
432260
392247
318063
167374
182690
121969
366109
222377
191988
126373
124778
152687
230236
274686
435531
300070
235443
401580
226612
228143
198391
345456
132126
125559
326668
115908
149872
333815
329813
302184
242225
163070
132927
343460
235411
312298
152244
182559
351700
450813
349305
244256
395101
377690
221781
445701
146913
445609
258718
282580
403907
148682
340910
344097
387027
200248
271329
205355
129261
354945
200160
307935
288371
341106
260168
306574
125864
448294
317140
210313
357126
412520
265475
208072
317208
242875
206668
346760
129681
132377
415809
294521
110674
448767
401319
368248
371230
333942
278140
375128
219099
306903
226596
185822
241845
253925
283276
252118
215935
275639
305574
136412
233187
207323
102559
123177
451441
422130
212331
214042
166763
349642
209179
208427
268208
282523
237556
226809
191594
248542
239934
159811
419140
150186
238498
356248
257852
266415
362897
176303
145970
420145
157351
396186
215437
249656
248634
205500
430443
331284
382825
245126
314915
275138
426056
198290
253272
328408
221475
285735
225190
388549
317313
258777
427224
455501
226765
289265
385676
252306
164545
295780
204200
289389
192620
306744
181270
166948
392158
364881
394700
178416
301507
288779
404197
451541
258561
435309
379887
215162
389414
137998
412787
298696
103856
400640
294799
318716
440840
274709
279986
338870
407593
184476
277181
213232
176885
426881
249860
453253
273838
131432
413780
317749
247966
157638
171909
369824
347180
367443
392916
251372
116773
391063
403024
236152
190053
350243
296240
114110
343070
314226
157770
337104
307058
260204
272959
449449
303864
138396
266521
412727
227436
113215
111979
121441
403216
197756
130393
167065
382675
286173
118065
414014
421693
169665
454094
133155
191752
451172
217273
420388
278680
220711
204741
140885
389793
135551
140503
444354
255352
225558
442556
287551
226284
404273
351985
199659
283983
210917
431522
304193
280992
262108
448860
343979
252377
363838
247767
372515
242942
269507
328135
229165
133180
195857
222860
375200
209406
291808
369417
284457
223955
260516
200629
169240
108105
238101
311154
202341
264287
114578
157032
274115
222341
302205
344153
431015
222125
410488
167194
420786
247039
417301
337641
360184
167748
317372
237517
237691
205974
416730
426045
250815
107267
369736
254254
251645
391153
145815
203514
114422
298452
194173
333156
276684
147575
257746
274668
235552
194070
308004
415088
153649
331243
189188
358026
371981
395372
321631
231201
309751
336730
359848
376603
288897
115468
434329
322762
113424
187658
363675
278726
289456
179956
242416
439173
360556
334294
106321
379783
399416
382492
135601
151702
243911
362715
230275
358857
308932
315713
352534
218668
378764
350221
424331
355063
328275
145901
160175
229137
193428
337843
410629
242512
203788
256690
146117
263574
152780
362828
315570
388941
117603
414534
351983
339259
138781
123178
358628
346228
286479
342841
377647
220144
187547
257586
308049
240879
241617
329675
261654
260884
356422
437578
273768
352504
212586
221007
139172
241879
325607
334842
213584
209136
453330
247656
438779
284401
269198
389836
444064
129487
161554
326034
363874
328367
366482
145182
116738
427731
418706
283026
228523
241714
212530
386873
105626
288204
262111
165374
156836
133582
390326
113064
352970
172674
447753
155301
380537
101275
306097
377304
363698
325052
350530
152503
232618
413671
241153
332968
156067
151672
271633
231521
376174
212506
228601
379448
414477
231098
223583
363278
241003
249748
335046
134469
103392
343073
109275
244595
217724
355145
354093
111397
402249
229569
227328
213480
301453
121182
147665
453340
407220
447335
114059
121911
314237
325540
234368
163398
398236
309689
372339
159897
435942
360794
143238
279901
137891
237522
161958
302050
188479
272426
396909
353737
360578
382650
433801
446566
452990
439237
453328
359466
297306
421270
139731
284588
225868
256865
135246
231308
143288
273591
338353
107789
190721
138950
367726
355690
198741
334464
371429
295587
102473
270153
111057
188284
352906
447274
118956
333805
419322
389568
336223
102202
361375
365325
228264
125765
215995
301488
165328
325812
195425
303776
431729
273927
103951
421372
185885
264184
230943
408882
138643
377525
129293
327676
185491
215834
315769
162199
224995
192168
101452
423341
272659
429211
202774
145821
197570
249018
357503
228634
349471
416409
219280
278783
352337
138420
360057
317674
361421
122321
350492
173850
250382
203642
416572
363127
316106
153551
132385
247000
181356
430029
415775
150864
182572
205196
411263
362976
269141
176616
253495
247466
386560
381973
334625
261629
323359
297677
438865
390195
116056
201315
175048
205374
354810
448560
150452
175314
347615
103758
373197
304757
441832
211884
444075
408420
166437
140255
149775
296630
114060
398824
153129
328413
301991
443214
155779
366862
347772
342588
372263
125654
444977
332826
141740
220528
428184
421330
103071
281578
220990
328862
122428
161166
248021
121533
337009
453020
301018
341710
332265
281508
242261
163957
226634
406942
202018
443547
169161
189496
286262
301676
445958
317447
246209
309091
201634
203718
387359
245197
105205
287576
426282
138842
203890
323282
278107
164463
276234
277377
173134
450269
117650
448959
346737
233053
338091
145511
133734
111152
309294
382619
252901
126532
303803
165507
303137
138798
307383
243468
134498
187517
169084
446731
331565
202406
397796
334727
449931
316183
169776
245457
259644
273175
395416
396416
265518
291974
214445
246727
147087
420962
240073
216609
206373
315956
388715
215289
371560
425728
387048
352316
341739
149859
182045
431429
302198
284962
389597
198571
436914
404017
419603
396650
204655
311982
414865
169568
400558
391688
161641
145405
268882
427400
422093
414054
182817
278685
171950
393849
171578
429188
279238
140066
331420
431800
225770
389699
171972
150412
316037
408849
177804
309839
120645
374581
353347
126703
374486
223792
204533
441636
312078
104031
436449
442968
217460
251729
447711
284975
451812
218037
104872
287881
108190
413840
281562
398077
379037
325365
155597
356911
262346
229845
345256
234045
188721
288894
396006
120077
135250
175074
453729
363578
412927
208613
161497
396011
395303
428142
266115
157324
291431
356800
114138
341486
157223
403411
415639
173086
184461
210149
428119
455663
185239
281288
360491
197846
115344
433901
228055
317015
446146
383888
372222
439417
436597
179712
197023
100115
293598
402348
235150
210232
237329
128924
200938
397592
393241
302853
160231
424969
198583
312874
194693
248186
296048
391941
178801
104735
176131
378811
356218
304359
168967
217697
424586
207784
324510
353170
427529
196580
309009
218771
406237
124275
299887
241547
110210
138091
453802
174223
114057
399524
383633
324032
371943
415171
315369
257941
356884
297533
396914
329155
356534
123989
153500
161102
255390
254644
152435
269799
126845
252984
412347
158473
191059
100089
380083
118989
134310
329497
292816
189626
282932
191599
376933
392360
321698
397988
296484
297318
423279
107210
343559
175596
109466
349127
195997
312366
180683
360961
324265
258330
125756
381056
434459
426625
106489
438294
336811
289588
451557
393868
112887
299744
398126
171764
198318
195533
323365
234612
244259
209966
258905
319989
431259
196036
116792
349862
155008
143503
133074
145764
167732
191492
211719
450567
156537
139084
188320
442517
421930
129370
446014
334759
154676
373896
104952
143018
179018
345099
104117
124070
200949
241296
310450
387311
173868
436374
296798
370153
365906
213276
185463
200256
415143
286051
127312
391453
179274
376859
127611
154226
332177
280078
128351
109730
423062
214927
329546
127459
377119
339054
400691
342643
447039
249435
234272
442006
125851
231844
260061
160927
299455
395939
142894
197718
344827
422205
288831
261436
445816
323925
188814
196234
355162
281112
354690
452800
456201
452661
358920
110675
434285
205637
280167
372096
139498
411469
408572
101317
350907
445272
414676
349003
440898
184634
428467
148167
424433
328225
327293
450607
387623
221474
295232
104832
437270
424380
413223
271336
103175
177237
351552
322857
134946
331506
428712
145441
335508
321421
269634
393560
256286
341402
298821
289210
446104
149757
300266
285621
215573
171038
416412
180235
373287
227522
148032
293730
264428
190854
247101
243379
205624
346357
453864
386593
218867
133800
252729
446725
164102
368325
376195
226649
306553
165298
305596
156678
262673
212827
445410
360200
396173
141405
354918
171084
133277
439026
429233
362971
198981
221704
434274
442428
294599
314885
348784
332291
325455
395775
429923
389709
389342
350636
174053
127059
126915
338626
200706
309374
218676
388064
123776
207782
293342
186055
438580
158702
113573
108606
316567
125936
146839
404866
142099
250662
322084
222104
159964
339582
165851
104637
213342
263921
413048
188981
142472
112389
192940
233786
403859
309215
317388
326319
435206
282925
100620
269249
400231
189996
209668
308548
393847
436315
119054
180636
132690
351691
212143
139263
224857
444771
187244
435090
150467
231688
307139
394049
378273
220185
378611
286387
100870
327543
423808
454947
302071
445309
162067
277314
340154
391288
399868
211476
285106
302611
152476
302904
161499
251392
272709
424587
270805
428087
242160
152289
382745
258644
226907
323106
320908
434075
269376
359967
401892
329831
133287
161225
398390
303334
276995
326523
397075
401355
146019
127011
108017
234032
141990
433258
449344
408258
266792
123135
199639
266591
357595
217040
417568
394481
361761
227355
302678
206544
366557
342381
265587
323590
232421
214547
239332
102419
387897
282229
342474
182318
350382
382364
169071
319743
132650
120068
153733
387038
432270
293189
112527
258689
314999
405793
407209
357257
397763
415619
238788
410100
150248
176805
323440
114972
237082
124020
450400
403912
323654
261494
252734
452329
115727
268116
129352
226804
159194
170700
362471
453058
220007
354753
186291
194047
337402
385876
163864
356622
197312
387827
323754
138159
165277
118094
295005
302426
366973
441719
156692
165847
189949
150171
235949
346943
242831
209895
343866
447857
200416
290135
279102
333036
129026
300431
319984
392415
365350
254005
289415
246927
350215
418149
441678
392520
243615
125051
335085
427855
133759
229830
430900
234572
250184
304754
313914
413321
422909
137493
256292
377077
123432
406520
360527
184368
327047
406732
254173
143325
160530
167311
298562
450401
373176
229620
311458
454053
444179
455990
116415
392110
103411
110915
169590
141664
370043
250575
328837
120372
245550
149414
299933
361765
209083
370370
359825
159477
396056
380513
133398
165742
210947
236997
130322
179124
122306
244988
314653
273626
299662
295376
449758
427027
374166
193443
298278
328165
444326
243825
342636
219680
368240
249996
332990
258798
160843
321573
386129
349083
129638
350721
415710
102723
268349
366501
350609
428270
303955
339386
152806
352393
446457
117223
294703
219894
433983
360038
194448
301986
216144
153558
167456
229766
437425
221183
344579
396508
122471
401231
104687
311995
270678
308272
184900
330784
248298
366769
225424
162189
313102
453907
397814
421094
152407
166724
195875
293579
423686
277461
281823
137972
433039
213810
151060
245937
279141
152629
230712
228473
133451
147362
351729
208381
424485
287583
438011
399871
207588
363384
410609
454861
125905
302187
166752
166304
362578
267739
415880
350195
251479
187461
375066
342444
183413
253633
320213
379632
451173
287782
373614
335930
365394
126209
433369
227414
366015
192488
117863
105192
295204
174114
120384
149465
363616
147586
168505
387742
250532
197467
253314
136308
378217
334275
156921
395045
330419
304998
368933
382940
304766
141198
275298
317992
363833
266892
241100
450150
136470
197009
340724
451668
205981
309030
211280
440299
446181
438804
387148
107818
306687
419343
106473
140408
110427
414306
389372
247869
343284
314224
358259
255415
322610
378814
437725
196741
214730
270964
308826
378014
136486
119737
375871
133779
371907
131560
413742
353767
157021
281040
377548
105971
381281
201403
330722
356030
136555
345309
355911
208733
429679
305016
370531
424269
133304
360443
394791
349863
435499
138013
360239
143196
435868
156992
286424
363383
280557
400273
125780
453455
423558
332543
328788
289641
168396
392928
101220
330477
161720
152840
306779
166593
385787
253129
250874
310339
125192
374124
129879
420755
360232
376452
213269
185926
366448
359718
247383
326288
236589
452966
131784
101709
346826
310886
189558
369422
336052
315950
339512
366713
153639
432530
141873
210762
108161
424759
320368
134975
253336
361301
102940
398026
135414
147655
369210
264394
324574
136689
322008
101792
255149
406771
219081
285127
393347
347294
333058
232856
226961
382507
250450
443724
138024
447820
229645
410566
205719
448215
336384
374728
246366
225186
350509
420448
355031
200325
313197
187145
265808
223329
187251
418204
176817
240391
355939
174667
380747
443015
257227
300876
307460
118061
402359
201754
302706
353701
384464
256082
268643
254187
313090
398744
397637
254755
115032
155674
353662
229667
444138
127055
254399
271898
202965
304372
253170
155093
248166
325994
241594
382742
388520
322436
422565
210687
408073
382397
404952
382386
443438
179027
278322
381324
441117
148174
363631
326552
236722
315962
167626
283045
244957
448645
454378
295723
439533
168160
450825
167380
358551
177937
128086
124752
160973
155328
379195
140350
148588
139641
439194
121702
281729
402464
421472
312647
192889
126166
242400
452703
172920
259984
412569
147170
338402
414730
407861
238051
276740
397731
215476
250090
271903
382260
294569
367609
291190
291441
103792
385437
157449
179059
175611
296011
380696
376216
393345
396910
217625
104382
278494
142128
421481
261192
307833
283242
328249
118024
371253
223523
281461
375513
446421
147986
150210
182678
378235
348584
216824
239064
326868
113038
347349
286356
342229
380949
163520
165087
391431
221297
416216
324993
155966
396100
185036
456015
356538
258915
315248
366662
433406
452911
164979
446307
191226
322612
318358
112994
299688
331227
254575
273734
239957
448517
297297
442011
390796
173554
183225
200161
244317
115331
131249
304532
322996
134200
332245
171897
119535
189015
330745
317838
438826
269077
193406
154980
409391
333543
198509
195230
157269
387841
177570
353244
198582
411601
214069
275720
160744
403128
262011
219765
127263
293823
216586
166152
398152
239514
166015
383778
153932
303701
332429
303236
209409
407258
221062
293329
186365
413047
314338
216796
415132
442719
117204
201846
181128
369396
233144
120519
130482
251722
135667
283033
262897
207216
379438
388960
239679
241666
234252
101187
402143
419738
368989
358740
156691
433302
176385
264488
454468
134705
404531
388162
251940
114576
318540
201680
224291
146544
198561
117768
380872
161962
226887
162774
414482
317129
283058
227645
142952
244790
140165
326525
239060
440112
355024
410724
442964
124659
228625
276937
261443
135624
113676
130149
341045
123251
432073
111141
259909
261338
249357
433227
150073
373093
374233
143318
356685
354469
174654
318736
439758
279610
297878
402132
344673
364845
113903
209685
377124
136791
131167
331547
213593
348135
375260
377855
188211
242434
277219
375868
266118
154099
177542
226801
407010
373441
226454
301277
190057
199611
301343
404338
110754
279425
176772
448431
148693
120521
388413
293665
332905
234970
168021
233422
104361
151709
189918
447043
452755
160659
206764
336975
165056
110221
188630
424357
165565
261112
201065
226120
245448
257893
263740
147965
415138
360592
206090
396839
298112
334366
358755
368059
262090
369641
163867
284029
287341
296162
149534
171912
329457
233801
117401
281207
390225
444770
147800
176237
389944
348433
421782
444253
370977
274203
238644
103803
407034
205805
326138
439149
250057
267742
351263
425494
345700
290426
115562
129181
121101
177398
218016
306858
141268
118648
235458
279661
297343
289671
123510
102389
302521
191750
377058
288930
151555
320112
375437
353967
148495
289412
260143
150608
305291
123514
335597
275014
275540
153614
289922
231997
321852
102784
381024
204143
106958
286026
388067
210011
399785
261306
125448
300826
224854
452825
109442
184534
390429
150062
217340
195935
393838
241560
189128
297180
380961
143138
336640
114801
279149
261954
216188
336790
236828
175227
419568
221015
278273
279941
363286
289208
314815
348649
316798
309936
116672
348841
237493
118859
161981
355295
302865
276976
199919
105681
226480
276406
371553
218500
226714
420504
251459
101989
266632
227617
398911
223653
311282
180778
166159
223927
387575
442215
387384
379398
234245
393002
451199
323073
380285
200381
394842
160314
258708
327467
311223
121924
197356
112090
132588
245521
131265
407375
256609
376471
153778
256387
408655
342825
336020
157319
235558
105133
343964
389199
363282
274741
137931
177890
166909
371635
162693
260664
153964
125711
343601
150678
359162
409178
134938
376802
312102
411529
442806
186837
154484
231626
358487
118999
412587
171339
393993
273952
102102
218239
166133
370421
150637
437785
325659
387558
217673
116120
101553
246651
218968
302344
405919
340107
210545
376146
355440
113551
455891
254013
451216
219296
269700
283936
160779
434854
258605
240597
178100
453929
284147
352222
288639
166824
435393
223845
203634
366935
216937
239274
359391
356960
249773
359605
270389
324212
160427
125548
236436
273574
272477
330051
204803
254389
189929
361702
359561
404972
189132
117894
207903
363973
290792
376659
404869
142639
405433
436986
213835
117491
195630
309570
244576
418320
185333
251007
265715
367200
180315
385166
128885
360902
376055
162530
430422
215725
383251
163304
215654
280847
322293
145643
160645
268277
120683
128613
416234
359046
211093
296800
431669
292694
393130
228756
374807
340087
451644
365077
436064
110489
126717
306880
244861
399235
324189
329518
220250
275460
427357
158903
339901
322703
264865
262795
105624
166625
427781
448036
224838
155327
191612
304404
392637
166710
136841
281492
209742
425864
378024
102143
440984
315183
349338
329396
284254
325560
252816
376370
263340
421630
304009
299722
402190
121396
264232
232994
300371
264797
103367
249014
278278
288546
345168
396758
161694
422352
426350
318108
105383
403100
389482
301913
344458
237235
260254
133093
281989
397500
264987
294411
422954
137836
301770
356058
397897
362570
380412
366464
443117
384535
136377
364423
227131
166009
260670
105252
280488
220410
416328
271295
171015
124498
263412
327869
221348
428684
227655
417552
326775
172262
275951
419777
426707
327146
314664
194707
422103
115188
370989
442440
192487
225985
282966
441365
128843
254814
325236
172929
101527
350337
197726
380624
329254
129794
453649
112995
341825
100906
441963
300846
159329
344478
255130
357948
288586
388364
274576
240003
167055
270476
176058
427452
154088
389488
107466
177734
229322
185238
102983
352334
201901
111326
155259
285466
218951
273620
164617
243613
220597
179333
355741
368164
149428
229666
448048
379201
184481
306325
379245
164772
265812
370883
417149
156254
230276
324106
303664
221139
408031
266046
186408
197038
153936
225402
350120
350197
254156
383389
337102
202378
196405
248814
396038
187606
412851
444246
322552
259576
107824
399478
382185
390058
376809
141033
218109
269903
408461
209090
102454
404528
314292
312015
283423
281622
218561
371890
267301
198194
343372
112459
355680
127020
110035
157728
302068
131237
188502
134165
168659
318617
141827
307267
304843
165878
247773
240034
203622
170372
318733
345752
223261
392530
369149
411706
135675
408685
295698
335582
183200
398341
157430
161727
393548
137115
241425
187938
311416
135906
275526
329281
124929
126110
263693
390103
169556
409488
303412
119254
322511
158092
414339
197452
383637
214663
318379
414419
145506
127041
355076
423198
268849
168639
373470
449012
242686
404451
226274
103127
337693
302343
430721
158149
408231
204348
194190
276923
127047
232208
433956
243817
247250
387785
385249
101746
354576
119077
124437
114220
180987
433650
434365
304981
328700
348139
107358
451149
404990
368943
413830
170513
204708
136907
416656
330595
255383
442526
455855
420482
275923
113321
314368
249653
289915
323501
280117
266690
417233
418269
153714
344065
443969
251781
387098
297652
400165
291008
107198
425023
271151
122077
366669
119571
300123
337560
297012
318272
276763
297764
303059
442387
223898
240759
334961
411380
213246
101257
309537
306158
318325
309205
360825
448118
141378
415013
115498
103945
128393
429553
251798
370861
386348
248913
388709
256248
103497
433049
115333
424404
391711
200324
361275
379418
404371
296399
131207
303167
270920
273737
229661
344745
424129
379804
365967
388758
306801
195960
179984
186721
202932
239266
273805
226778
452118
172312
359960
400428
280338
249307
124003
177473
321458
139152
126958
443820
249699
287246
343109
284825
194119
346660
319218
303282
241088
167460
425001
275370
174849
167778
442943
371661
255205
285218
115660
211744
232082
186923
347632
201292
270275
366560
293281
392354
378921
419117
147577
301520
295645
385978
315533
377822
422382
158143
435095
120210
147674
225217
411991
212856
375774
302890
282343
184491
286759
310444
313371
448197
412974
417106
141523
197991
430583
119429
273923
121975
242742
322885
384785
310109
428349
239648
241280
248571
246723
115784
362506
210175
425018
410604
387828
250699
316449
229200
208404
136448
113056
295469
446361
154937
446515
407460
352756
142485
447316
270294
292725
102457
192089
104378
368643
257878
440016
448655
388060
323459
221137
187391
243312
386275
174519
340787
165070
122546
437085
343187
113603
367985
288373
173884
358360
253185
214829
190016
356814
453460
199960
303907
131407
282775
213564
204746
367874
359467
307392
409404
341350
295717
247519
308174
424926
425840
214543
319539
115845
324954
325406
215925
391752
240966
103839
158198
155797
443145
172125
137880
117248
143517
401727
235707
106727
317893
267004
293271
149489
227197
254957
243304
208771
343174
194559
378143
351261
367085
183933
403066
122439
162568
441484
200598
194835
377165
293528
263050
228941
146290
372094
446135
287777
399484
308511
186277
375566
364010
304439
109398
156841
195747
170394
358398
222126
291575
420103
149867
303601
426481
278119
261803
441252
366268
111756
294947
363066
454658
448052
197325
209968
340255
239594
263186
218299
246929
130754
240449
268541
273346
275477
246031
113588
371711
280824
183916
247321
136473
107924
302581
407187
294697
367360
241610
400848
314243
277538
337013
371070
221742
235474
343842
371410
452782
243261
250846
344106
282949
210473
383351
191189
434546
426795
420346
265374
387255
115814
133577
399023
293648
274096
324228
227186
120638
173738
275163
218663
127703
108406
179064
277451
202677
241633
205572
153621
404354
136048
190357
368611
198753
258325
146911
358053
354156
235370
245910
163586
407040
271161
217687
327963
130865
165324
302866
149382
107384
254892
223765
178664
145671
125761
332347
360024
356310
356668
302445
178371
229214
235705
134905
433401
242357
346368
340402
123988
104357
318362
252300
316017
287601
153313
345203
183775
390129
386691
383504
127324
375772
267919
126345
144135
115535
361837
133601
447661
276506
426163
171285
414240
115159
153910
206491
283203
295518
404449
256526
179538
341680
349786
424378
155087
314931
196490
411002
351443
341007
351890
326696
152158
426670
251450
316240
129732
172722
204160
295797
228320
197539
308955
216242
378948
187334
108893
279163
442558
307040
195744
323880
118232
285081
112471
277169
392696
159621
408594
155558
285333
178249
197358
292798
394333
377210
107934
144551
156330
384963
214580
352121
450938
261156
164108
278796
432925
212942
417353
262128
307472
236947
170464
235603
139933
411255
101639
157683
162528
292859
100932
243362
244502
210435
214508
172028
128312
308778
112522
333660
391430
271414
153547
439899
345746
445746
365796
357923
221627
429886
427001
311681
160413
286544
284477
314745
212765
165848
320265
205952
165960
394246
228176
110476
139818
296429
345943
367265
119615
224157
368026
382672
211315
345028
211972
348746
366258
363536
427590
242825
215327
171693
275773
342672
108984
333494
274306
393029
396473
374565
454133
427112
109227
180800
321583
265359
310240
433942
246449
337714
374279
417240
353913
347956
127219
117904
335800
167783
440006
449936
140548
190140
431946
152959
266685
375466
169409
204174
129948
106991
268553
280112
274399
426245
316615
265472
382988
425595
170436
425788
160053
306400
130705
441299
226943
437464
255046
390926
203208
193619
347524
317823
340715
341775
388409
254914
345599
226566
153242
363786
446450
420269
327890
110474
197883
103037
404299
411266
209908
267537
414009
173933
309754
313688
419647
206055
160051
154778
432136
294123
171926
145573
394398
327425
112470
369199
441765
435246
422076
399565
324871
185139
373647
450630
376185
214819
304521
237218
157916
190417
449078
172626
235062
102435
415343
432558
349252
423779
146483
170003
183117
318440
117882
126925
357916
327174
339255
289637
132228
356069
102685
393766
404425
405004
414722
400156
224340
367416
138587
322669
119926
260873
164669
380471
212529
412526
426829
193155
386089
380208
207776
418491
124031
398937
326709
344078
321188
132447
104154
323979
193592
272984
228396
435632
259348
324367
265904
334838
140099
268342
154217
173355
305058
209754
285261
127350
122613
415999
283729
412617
340029
305047
424855
233911
336088
242070
449493
156909
291489
250384
144052
276183
390565
140348
443541
168036
436831
270008
242955
326950
121057
330422
239799
391950
317636
362847
141401
213272
107929
312923
362824
424494
442687
269628
326339
135103
180507
213512
293858
285018
268488
356861
426982
315246
122815
112412
437742
316027
264489
107629
230551
132576
186641
285334
454243
316544
140205
204976
198696
319243
422471
409680
141829
333739
222263
231415
455916
353673
161826
292041
230968
283650
446282
400648
319272
100513
339530
334940
168724
444443
433685
431103
223981
216032
443311
322452
450436
359734
220095
323864
104505
362107
323519
377122
179103
280799
190501
183677
332776
122805
135338
112699
368357
117369
116967
178835
286869
252258
192398
387266
279932
352319
316337
390855
173119
401088
183898
215098
162422
425577
188769
400402
101630
388672
394947
126493
199705
152060
240134
249098
402195
134843
235007
256800
277319
282126
250042
186326
398638
234114
142720
406887
163047
444786
288718
228481
118863
217259
198522
315452
252328
398386
116984
447406
218703
428700
164631
376270
299225
292088
127804
388268
263167
346209
306864
266274
421723
313035
421944
330424
409444
293772
128615
220383
272131
203316
417604
383706
318901
101534
433683
115135
200705
397174
342186
138210
271247
371300
198551
431493
121500
359111
377682
278002
352193
356178
235695
120092
153923
456180
178411
310208
288962
289467
119157
426687
446023
320543
289440
118963
171906
417521
152529
321571
433640
222173
121041
437704
190727
195540
118412
147203
174341
103099
230879
114093
396779
242198
388732
419532
147668
318532
394788
318212
242784
341466
452352
435252
189676
314111
220928
330512
398147
136913
202733
362429
332540
299200
147683
442738
298689
388789
387708
183377
425078
104580
222463
311420
212536
105591
319357
399937
336907
371686
203397
361002
388725
198156
285178
447518
355010
404050
116038
195757
278693
227841
235441
105619
116355
142086
181601
260716
173636
391345
114468
191256
222956
178593
205333
375901
220397
420011
192630
440575
449863
396326
102026
152882
354845
259338
350604
108076
363237
332010
298365
186032
393425
433230
154905
119988
253836
317136
379393
392338
141884
444315
182922
422498
113741
291887
438171
363981
272940
240283
364201
258183
432581
312256
376307
328844
336402
155467
226224
170991
343777
170275
177407
416514
175096
273416
383162
164564
425603
325278
399470
107508
360857
301583
230948
288587
425844
438322
106160
397994
439500
314768
243046
175381
177140
159197
317472
427181
426310
396682
146314
369303
247475
264738
297568
438353
448067
130923
261423
211801
388658
406296
242896
271846
312569
103366
184286
202405
184981
260119
352288
233011
207799
259679
150590
447690
347882
114532
336404
261537
223860
390012
253289
275462
261757
109406
120739
247936
174149
427189
172796
177320
314179
351816
156943
355706
167840
194212
113580
397720
216956
408840
364604
281150
313983
250934
411497
101306
141228
454987
444102
353911
267475
383350
328630
445815
120902
404654
195620
107638
365318
250118
144023
209936
352386
107227
269520
408011
356193
127731
118875
134965
167193
261801
449630
281291
356728
408927
210824
365632
159706
184627
378410
104312
270732
393726
216172
186286
130799
291442
268551
320546
442810
229410
427833
400773
257887
101800
237940
178880
307323
311308
293602
199501
209867
393898
409239
141543
199309
421842
224945
287795
348868
166012
421732
286790
317214
314485
452569
121913
321988
321541
165753
444416
214447
444301
340691
102249
303787
279893
100324
412806
261439
261639
369407
210056
425318
143862
162949
412360
145434
350970
174904
355761
443940
100667
446198
213933
349056
357518
425578
305858
351654
421599
389033
198521
437307
184790
313025
439773
118449
202337
172176
148919
256732
366409
218288
326456
379259
298664
211753
448339
178955
372756
233920
130321
103107
270983
366441
322193
256181
153914
417372
267967
411862
357049
238652
231866
333365
296932
427831
226374
200427
371449
279926
240816
406131
338932
445199
248376
229196
191023
395194
189898
380147
188996
176981
168766
285881
369285
102973
365538
333051
440449
317622
267068
210686
346339
299332
143841
387343
370867
186167
144485
117827
307359
230359
441697
453762
191188
379135
199893
313352
331052
220859
376172
263604
336401
127907
317414
363816
278488
425202
365898
116085
372367
259390
358637
266073
274413
386507
248097
361477
293902
189157
360422
226217
223054
216859
159374
266789
139287
271342
331120
167663
402144
349110
390535
293475
293813
354277
275886
415670
215625
381852
260392
257347
378789
218665
414134
243010
125440
209993
123690
169706
187838
291097
445676
389485
100704
200130
364080
134932
444534
342580
155520
420080
142033
210736
125724
188109
171987
277020
308324
136871
120203
433237
122636
347585
225872
138808
216678
417942
336788
180444
140246
377569
174595
372300
309980
128524
234676
386508
249355
166342
296221
435158
429423
155863
124330
157602
182107
207524
303863
255363
145817
120619
286687
129447
442482
337042
128914
177684
203662
121251
237312
266857
419918
453293
413328
335079
369750
301923
105440
440917
148950
337977
247422
338688
100804
156100
101012
433277
322859
124958
413638
176595
410721
412929
367159
255743
198796
387222
238510
297908
232090
202518
113902
134156
275269
166809
312688
255094
150321
322163
351719
311017
157813
310056
243577
291927
223122
357814
403635
219816
281188
213400
413700
235514
421663
118746
217464
232521
200865
258599
224316
363170
323865
314197
163341
450146
308648
268967
237024
386031
371312
320661
302711
312116
192234
291393
229699
325839
314352
106380
421447
442946
251855
120485
418083
254535
338701
255762
236815
316868
274549
378774
147110
228128
322142
446805
276857
374306
319921
187221
424622
436128
321200
359866
301394
447680
418075
254804
316876
405172
105284
170756
326832
268788
451758
271938
134767
300757
222491
365806
164653
168769
304824
451038
171088
263957
244994
218431
228274
395981
454910
444080
248451
418839
385969
236763
411377
307083
317600
166843
109860
167600
422716
430658
447413
109330
363018
351007
114647
220703
154510
184361
382752
300611
446690
195112
348033
206143
368387
317424
280487
297644
376462
288062
178990
111749
292928
136675
178879
352484
215652
217013
286573
429184
113568
422264
365828
377911
184671
185378
219013
435657
348374
310944
144668
332555
416460
250987
374855
252453
331044
236104
214501
176879
208355
258224
323773
405059
208439
288352
393706
375627
428056
362453
222100
241643
355126
227849
112721
427445
296834
213182
267728
339081
384637
202032
308273
115276
108951
425211
196592
321429
278570
132512
317383
440628
325804
352083
374476
382370
270228
357622
221657
390756
256444
259072
113150
331428
441643
326433
283175
178110
182105
179698
250125
174279
224800
223930
400349
149625
209356
144223
119561
451409
105188
273322
164943
403309
137788
132270
132635
311692
189250
357783
375748
174878
320493
329002
248478
161557
108164
296475
342086
291948
122659
354305
141265
150575
225846
340449
260043
228311
306000
410155
227828
393025
272595
338629
444604
215286
393636
422175
155657
409946
386306
397606
228880
308730
148526
217094
248545
369263
195111
133719
133294
118522
199077
225049
153680
105665
360172
408150
180361
182320
420024
365032
118880
116571
366045
221728
428513
189457
284659
349388
148608
264729
247584
422443
238190
106988
114351
100719
364351
388426
208881
210303
178704
165018
149912
428874
386864
100937
150072
200346
142769
134956
448371
447348
268484
203325
316969
171628
264257
441799
296989
451314
439281
178607
367541
239755
334644
279409
415429
126104
248211
432116
134830
305109
448857
410435
273926
362527
102037
359764
415196
442568
398174
148430
418241
177155
381865
453288
129212
244788
407549
352640
154921
177786
337476
398948
357970
400665
280359
160540
174733
389387
243563
365662
118437
234557
359957
193002
300658
246182
169382
440337
213378
380181
299105
401435
340670
216782
204829
157424
108660
334655
122962
453717
183588
242844
377018
404358
424243
168359
451275
453385
395979
302113
203892
250903
146818
169943
189848
141190
219871
345534
204022
298645
362356
412130
124127
379280
142157
275237
295975
299213
114650
140954
155917
138272
139484
107536
150037
147325
254107
229786
278551
296832
200789
237013
219942
300780
355843
135690
265562
308487
221925
382200
327724
271459
265750
237226
145091
440093
283625
244538
404171
281573
275360
222727
329524
321201
292832
419280
243240
185145
385333
165068
439397
374094
330253
409110
212319
143982
226777
299407
362333
391343
244773
286887
307038
278775
105984
128589
238982
176553
127483
219794
314326
134522
121594
332034
387463
109200
187670
126100
430298
109926
105610
350314
408339
445035
109824
237315
251071
381076
171222
355251
343881
438975
248065
208861
364256
215540
156869
152433
165223
284090
117422
347659
150908
203299
134103
422793
405596
370028
372446
150295
133421
378499
270830
121246
396579
300051
255638
208486
390753
138821
346401
384417
213118
454972
281771
173519
166711
246451
124315
423553
432300
129906
376507
370348
419515
205991
436302
289400
328942
149016
149141
135315
101925
215167
270491
355672
151008
296402
298107
397056
115590
434783
451004
188953
390956
125346
406914
208138
111828
324102
257139
184435
446736
453705
383288
132080
315190
374498
123005
313241
299535
395290
159406
305772
157305
150427
156454
397582
390978
389982
140904
212169
113658
130910
327610
271508
343189
229180
110160
229404
215244
432198
307762
431338
101526
147045
329167
256263
219301
428093
255681
308616
121110
243686
135548
141872
281740
159785
313091
101471
328922
373856
184836
253294
145272
440516
401115
410539
371778
377212
100049
176099
265885
182868
159588
423217
287157
298067
173875
123821
361337
126446
445241
409955
344325
256737
127527
123054
346708
282970
423526
452548
257308
399513
286775
324334
308080
432723
281754
125655
303697
354228
290802
449310
395824
388747
345340
437678
385828
371100
419032
317779
356615
158633
141581
313643
188619
292175
192153
445624
370170
250924
361921
312084
444380
420817
145823
274012
382316
159982
200341
204037
168950
415797
355851
342990
304763
436160
206048
386454
141983
324029
246753
408429
407134
226967
149285
113187
104415
264978
103119
198217
215260
163912
258499
150328
321758
146110
167804
129544
322272
150796
412872
311495
407582
115486
149037
387065
426769
260246
425077
260903
269338
363862
104826
393487
185895
192522
450053
405249
176314
187550
371879
216742
135594
107053
236946
294891
288336
116478
218559
234864
435538
292673
325885
145117
368038
216267
400100
319271
224053
384103
189954
148290
276821
244744
192744
412971
444430
414784
298236
241332
220225
147870
346061
245172
280514
303355
290295
433318
257836
104036
398551
354655
105372
267146
109129
285191
214286
422712
342200
307395
273859
198059
418334
165945
143763
163054
453954
364641
366923
191086
227519
381186
166760
258559
301799
271045
313733
342644
314598
200092
265852
356490
264276
359150
113389
415356
435990
394213
295607
135427
233988
191176
433930
263822
432289
361601
341171
272204
163308
368124
139622
181266
200829
102127
338828
390936
110388
246159
364684
184800
123822
182926
436282
285316
157408
326619
127439
324543
397134
273597
141837
165196
158398
154702
110945
265211
284200
434265
212634
354017
123852
240167
206948
392669
364426
200507
360642
434063
448638
281028
411318
437292
418901
244231
122190
402382
111383
340415
142629
191091
206865
210163
412747
132066
318333
244254
130032
316013
101828
136648
219306
286821
120078
211954
223184
274558
220320
207325
205289
383366
430072
124387
249248
218360
168399
128901
193909
376799
207711
200503
447116
217774
107813
428480
218959
362066
339840
233221
350534
109983
284118
167119
169954
402380
326648
419370
411998
332000
101437
175832
282279
197053
407296
218716
387676
198531
321217
423620
410781
218082
338527
350717
453671
131637
447351
290028
455471
343597
269295
317778
349344
341857
122906
388504
194024
426364
402208
363586
291488
336054
354455
110495
276008
111075
380930
102103
374257
214408
401410
184420
172283
195076
450536
227233
120565
252161
129621
174917
376660
243840
146867
172339
224996
309229
186285
217057
250023
102295
152843
168121
157783
102514
392162
320754
283859
196911
385362
218370
405457
188749
166854
305944
235520
189644
288724
166880
241364
127732
343086
455169
189766
190655
427734
135758
299644
451102
276914
377594
217258
192524
234481
125075
372034
309938
286706
294962
318178
119287
454437
167610
408762
235250
238185
369337
441187
241055
435749
252588
144129
405746
238777
366495
341628
239645
297124
303518
149948
323886
362001
288822
344251
170960
401087
383055
264631
419672
262635
330886
132517
188526
441532
144216
274512
100421
115884
441357
393956
149869
435656
108302
272165
390805
256070
425469
182182
181965
359879
198314
283128
367135
328437
105494
285142
349563
454187
241660
112091
454394
327895
442938
277038
439964
268164
275292
130720
187377
446290
316742
413838
105941
266007
157656
110763
414883
404928
109543
454847
420256
377311
236570
229294
137319
185964
340164
297454
359441
279634
388092
246897
234484
331084
350650
364940
214136
130759
142735
185793
261233
290531
155508
189046
289286
219985
160199
314130
132546
274635
221063
285933
265387
303091
140918
373434
170055
177092
142388
309628
444502
261553
417285
217450
276777
365127
106461
301535
115652
378553
296889
372185
149000
108863
135481
349441
418229
253400
183893
297361
126642
342804
352591
272553
180284
136511
344551
441821
180970
283652
323630
151545
268477
135440
355254
385099
241764
129853
358887
440958
178113
386015
313238
365411
263866
413133
229501
157933
401044
179010
369082
300402
373772
295803
130352
308087
437197
252033
315051
279216
306463
261371
276305
324096
370211
319716
312327
381627
288953
268136
140399
362281
380964
200513
180232
125677
227051
130429
439689
417981
192186
135207
342999
227629
175114
280534
243592
304190
233642
348211
121023
173275
392152
372443
254134
177806
350450
153247
127301
199647
142879
274598
231605
178000
223497
299980
200992
361384
400966
298053
251377
328396
235658
330234
292050
450819
310270
114330
274377
246020
236439
435945
397828
199200
454431
233047
300675
140206
163835
188765
346462
291657
299315
396852
100761
450979
265766
281935
229655
301170
430327
454291
350759
141604
297499
421438
371702
301669
438183
108561
335144
299671
215105
442088
328520
168237
122057
196103
251118
428031
165326
130011
339880
331512
317081
377882
383803
405809
354408
277813
365395
110369
397936
162083
228308
217481
180228
223972
173314
436877
156188
189740
180029
323766
318501
122309
331874
206717
138887
162552
146538
334894
360524
267129
277402
350967
447755
343972
133634
150959
372252
389810
211471
393700
129746
333856
358709
202059
433284
427468
140216
210348
238675
411824
146460
293572
341559
405170
399085
356925
115080
397441
106495
120122
393439
260096
246435
369709
329794
395375
343867
311301
307035
278895
372831
310622
418908
299386
349882
163439
208471
435728
127426
103778
276100
391655
134926
321791
272448
223513
245110
318524
114735
417287
447310
399558
166285
399189
250768
145629
340731
434512
120047
397471
175390
237172
233369
344733
281426
219519
285983
201308
347980
353935
440901
201166
430174
347718
220730
454769
161563
103417
366187
404909
274524
436691
220967
312919
306869
441962
456127
441815
136045
279898
334328
109899
427511
295075
245161
139390
449076
150769
446018
411756
395597
380731
128330
167971
209224
263003
190035
166725
275601
265933
266303
406111
122504
387644
446820
329906
276401
161448
253173
435209
320501
332436
163544
230487
172702
447380
165639
388144
297888
179271
438515
227777
160201
188806
311514
244465
227172
429298
437349
224153
178377
130004
405482
451563
213724
159856
385401
185653
454848
429610
286686
296425
250932
183441
119610
369787
244821
136422
441540
101569
214083
354247
187011
355414
225742
278346
294600
337155
375904
351941
351032
237426
139921
120687
418776
222095
255648
436030
100364
144106
215509
263300
332590
204402
111752
175657
259832
418853
164315
165629
438835
346733
229009
223606
349952
145212
366114
216499
143412
151590
228723
339287
166516
432549
406485
263068
159479
288388
228582
428541
266397
124937
149537
299118
309651
330080
454041
360120
209819
296261
146537
379568
181614
445089
146031
428384
381540
269793
249322
120019
290748
175109
402989
368439
212694
215017
360109
236013
175156
358428
149055
347249
137847
113258
196292
385564
157976
125615
234554
238232
356268
377264
331315
236260
217469
406219
176150
209511
319679
317263
201021
170627
220577
355643
150004
382438
345620
247263
321121
450424
248200
174075
161049
368760
300228
385311
223644
305916
296065
165189
422649
211817
246775
448525
337463
132579
260779
287983
355688
157344
104199
428182
311287
226851
383298
178360
186504
254144
322976
222005
148123
379759
411149
237969
221166
438593
105487
224077
274880
167113
450599
203930
161112
337762
272020
227497
186727
360548
120259
167467
397054
104585
176089
283316
452737
358903
309217
301154
421354
110246
340897
402059
309954
446221
304934
185195
313673
116722
200721
116554
172192
294344
129862
140979
104182
254780
234658
242033
297662
333042
164459
391851
122519
286815
263589
179706
168008
420404
139815
289086
217183
307573
432394
161229
124746
331445
191470
316347
268480
286622
365568
420372
231981
386420
409974
225369
226036
385819
385192
184070
109148
208528
408648
273478
254142
203442
306380
304556
173563
287343
178410
430888
169025
139765
141161
377048
169136
419166
237884
123284
398359
373928
145411
420568
214908
369248
339796
247926
450222
276514
323503
338900
341553
347105
426393
115227
282131
308803
237885
373522
200558
276028
415345
232978
134067
128010
237404
318003
207914
413913
378775
235420
157079
223104
102599
103247
174218
388114
276607
373106
128826
204244
169096
347774
287393
251842
119838
299119
218206
203680
359059
397502
168494
170375
168851
286256
235614
304252
448530
339741
170121
223039
188297
237999
346614
361893
220342
280819
425366
447066
270549
108757
367185
311246
215701
430633
170348
329928
263073
370886
303665
391173
381857
293750
425203
428595
255020
304087
268860
401106
314357
230840
449425
452070
419212
355212
212558
345351
453475
148543
128947
229011
301589
443213
113771
340619
348676
363469
417142
301756
169019
323094
265534
311807
321634
269611
150978
195414
351428
237072
395002
320505
270503
363332
349210
200162
166743
308085
228516
455979
414087
312628
383344
117962
375247
260750
392627
298273
358232
393250
391736
334281
289491
185630
111489
360378
360865
196939
298415
128756
156814
217812
184373
287477
252373
252503
445581
155134
181030
369596
214768
320132
259584
455303
385424
189842
429179
300237
144265
384244
348500
122296
409053
316591
382474
126343
136037
380293
320182
415551
242517
257181
111082
360474
205384
341456
215297
175753
106728
370965
453026
243981
432281
245429
216214
412107
152682
339377
116451
338201
145235
166911
103880
441480
234285
119637
366855
132393
177957
172721
121522
219525
318734
338265
144650
292117
350046
393323
422061
149716
295203
332644
416651
393226
198288
131772
281640
210228
430098
197388
163886
288558
370044
351450
227354
136155
131710
449049
438529
136408
166687
265746
198480
392385
134208
206442
161364
166869
121920
430070
250465
178270
397827
313976
343679
372967
449896
183629
170603
367453
423911
228393
217077
387067
412757
270169
417919
200564
145166
411180
182769
289288
287730
376656
229736
128530
226185
109289
388908
256018
407287
302261
389880
124125
409378
258413
228511
272751
455540
345569
228524
142353
249270
380586
382622
301218
258648
234709
337511
369949
143103
213367
278790
363823
258452
261825
164033
390741
335060
375392
391464
214694
115164
303714
452083
386729
313126
384127
449736
361649
385471
165791
289262
311922
236512
381286
389974
223788
378170
265041
409596
424626
264147
146582
173553
437692
282038
185942
180301
231999
182278
376175
164940
329920
134929
262517
332964
196601
207491
360938
253515
406642
220819
251697
420013
389567
338525
437469
122554
368010
429839
344000
111953
381712
113642
374869
320463
261517
127112
422364
287267
388834
432398
161371
315578
103094
239114
126662
434972
219540
211581
410013
119940
409271
129496
195706
327377
298282
329800
453452
222443
201240
295730
431063
124146
362238
150061
107271
429633
223129
236265
156670
369467
365269
310372
424068
179278
135858
287716
376884
384720
412314
323469
365727
189226
179881
160060
135582
448041
168934
263779
286474
216251
359413
292507
147923
232420
237694
140171
228211
160529
296617
366204
404458
314311
397065
402866
150391
175184
343294
111131
205414
245850
446097
148929
381052
375576
202386
136309
350860
304636
423898
225397
111691
232036
411646
276490
283407
223132
132476
246168
129896
292528
121060
227209
341404
261089
154400
314937
373457
279866
258272
185478
404082
410674
214921
384541
391794
110056
297328
137083
436232
373048
298885
364055
187257
376141
192379
225435
317162
194634
450886
101596
350390
305143
331192
417288
231238
336613
410718
398828
270755
143882
312336
305874
130301
250888
188024
185930
124457
181429
176880
196262
101621
360432
268408
214918
266897
271004
350196
454764
308910
256423
192080
254729
125098
424388
396947
313447
329999
155414
126256
223685
171186
221625
317577
182368
236670
287838
388436
203888
328141
341778
100415
454098
148577
211724
114828
301469
431934
316025
158271
416032
425782
109265
283801
144370
286765
114373
401864
217675
118156
276162
252615
315715
100555
341439
251845
404674
308031
365038
130086
274866
146435
249969
134379
172845
128105
403539
323081
151221
248893
122658
155645
248379
449208
275008
282414
158346
392877
279333
318721
103991
409911
231625
214403
159319
434603
316893
142926
268640
413343
239598
160537
140487
288195
241697
429500
307880
277868
130717
115699
365556
428974
356812
160408
421576
418746
372526
340741
333280
375769
367011
444992
137387
192446
398847
324143
365775
132093
151844
315461
243305
315032
201329
455727
397527
309916
116078
211531
299419
352849
347496
174825
109713
400408
220213
412029
113699
135039
269699
441344
291922
238447
137095
139143
399852
325986
307823
231035
160987
409973
114594
210034
298781
399130
116358
132589
302917
272877
381266
163181
450410
273464
431483
288511
319093
393120
337384
402560
379958
221777
132735
373423
254369
196754
448823
421176
245515
400305
327588
450802
252001
360082
329702
190924
390523
322435
162821
192584
237764
176784
145732
171470
238408
176014
350526
368932
225489
366195
225325
358166
273447
185414
134382
426848
448899
271711
169039
392487
372612
433137
289633
227208
439120
202408
298434
389942
175524
426965
341079
202893
158382
443714
148156
437657
331479
228174
152502
274597
319834
245022
319606
166411
371665
341654
211757
221464
337139
448195
257362
362480
127716
110892
250385
259498
133976
265710
166397
450815
399495
223605
386124
391473
216519
362912
401221
385869
164937
210507
158258
143779
216920
281225
381941
141370
198823
404635
294342
163475
360357
286179
183155
149507
305684
137864
296850
223908
366229
226754
309201
208956
344546
437874
307346
358223
272171
319793
394142
125476
382803
150790
152896
344439
303929
158654
416458
454793
103122
323228
216266
369487
223903
225595
143892
315913
440614
289885
254140
291473
284483
255551
436226
192136
227953
213939
403629
184170
276997
234634
126083
281168
402881
384303
293367
395642
180959
165217
233587
266039
180980
418111
281945
262486
278504
135196
195767
255388
448957
312247
192716
339482
300174
203705
369070
443600
409114
200767
437920
267278
103041
426958
228017
188744
170923
393127
431660
111522
276888
455564
389806
201938
206921
269202
172347
291578
178898
396324
402010
353437
356794
321636
163496
212840
306586
331121
378910
158080
391166
163474
432725
278056
297162
352305
422571
418711
284678
322795
326012
171251
425255
273132
432359
135842
412223
440047
391454
114633
228665
209590
405013
449968
244401
167793
114623
302267
271238
405381
364634
122842
105237
379524
177371
303874
172239
143795
395368
170862
151292
263554
300873
142821
435175
279067
173358
295755
341531
275521
185287
378976
425043
226603
204475
133067
218356
239564
455596
176304
325216
351629
245186
304507
268431
413176
377407
207677
376941
378512
434028
451580
121180
330678
311240
325329
106583
329753
254855
395761
298267
141986
238707
108394
378535
279479
416203
119730
332113
441842
164779
321348
445434
228936
438905
137725
263821
395934
126987
294820
190037
182103
350605
429773
117118
124501
182453
373944
123729
314026
100980
324823
409643
234434
315767
303134
263936
336179
218540
218980
385614
228553
136482
129507
406101
454044
129405
342632
443887
175090
323268
164813
404752
224821
294262
361268
261259
258070
161728
259845
291722
267948
402915
142127
177429
364894
300837
196991
101483
134592
145487
323759
240129
278792
274545
420131
339280
256119
235414
431552
126945
121008
359811
285633
416922
287805
384590
314341
305727
179612
418321
422477
114533
251773
237018
359281
265351
312729
129337
415866
136874
426321
232658
372111
412963
225260
218752
414655
105184
450935
137959
433633
201879
287964
161455
410350
163954
444379
265987
233890
247686
357792
306540
342821
270594
258446
409345
152773
207142
290616
229942
361323
181248
114980
367815
195368
197493
413723
406748
164107
275972
208678
200999
260107
263848
207874
449891
123459
355037
193323
245370
254021
121716
314845
288468
367168
380741
354987
331112
134779
189620
251769
255065
378133
278418
262695
237453
383111
332079
448438
252477
180211
239451
211012
385591
426456
385768
272687
252260
374146
176405
352357
195916
374602
413429
454747
146244
142688
397734
212742
411544
331312
111306
379693
378918
226239
412985
305315
299928
207092
360786
196549
275983
312429
211589
286037
192937
371757
352142
153481
399021
189469
378742
159404
270448
169100
288485
237966
299194
238375
163253
292198
434225
420689
262222
230043
289214
163259
305547
139068
280148
350682
265639
329221
334395
228738
440410
450803
294871
299219
110123
288080
164335
156226
246230
142417
379602
339010
416358
383212
371489
134189
184909
393299
368541
222585
377814
438724
214378
190848
308669
100909
246169
393725
387270
431398
192044
249521
450457
339620
390595
402219
130274
195816
265883
420673
333925
329399
105843
346812
338541
357391
182908
340367
398719
388989
227023
443692
174002
377718
156435
375596
209166
140078
385371
382049
407294
308036
112772
112375
425691
103321
165332
144573
317157
275234
120514
420425
278118
150703
248343
361435
436191
107025
415039
126273
395801
385947
331708
280925
283886
348660
299342
155473
225155
402322
331209
322671
254827
113959
347409
200055
365597
177557
278763
335449
421034
364319
231032
306884
155071
447495
396764
350546
103142
284559
181651
365086
135568
219341
294229
318302
155582
331998
240822
141553
411796
324647
156373
123162
366755
324782
122233
142546
398012
377488
204797
231547
175791
236183
186912
265339
241994
232913
433546
353498
413581
388942
433437
275681
435799
358401
304428
429342
440636
332875
157917
254705
202193
259202
169210
153786
181104
107732
114516
142541
407665
333443
234290
421667
427103
384685
213225
296144
188197
344421
366842
173015
190857
120044
285619
315118
351549
395714
271573
434633
153692
155271
272500
259391
117708
411649
141828
407931
272033
228236
170705
365526
349005
371442
202546
380397
313137
268233
409313
300485
167689
331396
449959
392419
174946
164187
121089
247906
206907
279673
296078
282524
429960
312403
360243
158771
365278
277431
295270
380769
410238
396724
370726
160134
437172
140630
331305
292524
188818
125296
237661
290599
117365
180427
411552
333144
137312
433729
211982
182462
271323
340800
229986
138500
225249
435637
149981
256514
448936
353705
300085
355189
372935
235516
419047
280830
310833
403790
212131
140296
129907
151116
433538
254362
184142
189745
151392
206829
268895
289066
332539
317753
186332
248590
217739
405459
257339
377019
269026
446235
198577
160838
173863
119904
129394
361494
145356
437585
217266
251373
340085
157244
273040
360105
199301
219181
240291
112609
185250
227176
153355
420447
378556
131954
454960
338630
157384
393712
329451
301850
312540
175792
100432
444410
218558
220232
424183
435152
421730
176257
226737
247996
279732
289659
215667
303876
205743
275403
146907
391692
342895
307584
136581
198366
205267
308412
128345
273098
170649
326007
265924
442411
218819
300234
422414
381739
431197
374364
225429
450009
388207
402401
408553
373572
137580
344687
442815
204617
351768
118001
383094
131653
363351
325538
193847
110986
359850
454873
386362
198807
174772
264910
226617
398455
112657
415997
364088
215932
404879
257272
404051
117735
287555
358196
102351
335330
305350
165585
411564
378445
406839
423981
393645
407111
281073
294057
388826
153478
190278
388973
395070
285991
261235
126507
214422
409701
110956
418879
415604
184567
299844
126411
212062
411876
256490
160650
402437
286209
333184
190403
309386
398014
163591
391434
337197
117359
246510
268956
357402
442475
204720
293426
314855
314440
347356
120197
314777
368639
403717
403934
106384
139949
324327
436221
264525
186950
155949
387505
445954
208116
306208
378200
203099
402411
180979
425370
126183
415827
106089
159292
252657
157841
367115
112134
245473
415199
312836
298726
409527
235747
224167
224700
322059
394728
443947
174765
303367
237854
265504
414294
295411
318273
452860
265365
345605
176836
146849
423595
413966
293115
194593
272005
214300
380155
397293
105040
436500
198154
154845
215365
147975
263525
331004
365045
107433
337060
286219
204938
323545
113640
209851
250743
265342
364725
389760
171631
389307
280965
397639
195712
256769
174453
375080
140370
448661
342178
407397
253114
228081
163999
204545
404155
356180
438461
405881
183186
185912
111436
104566
230597
106443
189718
420316
111113
257972
115569
206088
161294
268344
213351
116062
321090
259816
222623
231632
266180
156990
424456
205544
267813
335372
239390
273043
442887
116021
323794
371821
113140
203356
219612
178368
257636
372703
142648
157205
434701
345715
389853
307732
306533
316080
424726
221561
277870
383222
174826
128173
122734
156428
322107
170064
403317
389089
337309
283381
297430
330144
341985
368131
391346
224351
346103
184274
351859
207135
195567
306251
180380
278375
407930
219218
154009
172532
336681
432007
383250
387250
299562
126643
270384
249031
223899
226769
444974
235317
191265
180196
186580
440612
166384
109791
215503
192135
415858
112038
171536
223531
270258
254935
220350
273896
338270
181309
395884
410557
292860
248807
220223
225715
316938
406951
352503
327322
148372
203101
261199
338585
118222
119791
364692
189658
418530
394612
128606
439700
148020
337434
249217
198291
178753
261401
366599
349128
268297
416193
281529
153525
196725
401253
372654
233686
400979
175868
435633
238841
217516
227648
208354
220154
315694
314790
408530
395343
454189
254436
422689
132950
341217
113477
310381
450061
229719
269292
217414
195475
316365
275229
305909
280954
387191
423537
350726
295699
161815
166693
159534
269896
383211
178535
232870
280606
141375
174290
161622
422262
317171
100317
356647
209130
185887
334859
423067
390486
292887
311832
192596
254708
216424
179840
440095
272571
374564
329576
337110
411868
146127
401944
164415
265940
197444
305537
391221
142367
158888
154275
170559
211813
149776
355149
136520
181143
124276
310758
359263
223268
256782
389184
281069
207469
110897
345836
415716
125105
207454
416977
301618
424046
223910
376625
158599
105098
244850
188963
172727
260778
219387
275186
102745
369265
106934
435143
143904
210902
132511
247792
347017
404995
238016
297403
110972
321399
390821
248532
409351
175854
335946
414088
449743
437724
409306
436971
302612
140359
108957
337017
395948
127707
135736
108967
249208
445839
298844
277957
294270
285684
156649
158872
330392
355857
255839
155286
238400
453413
203784
287446
202024
191816
199736
134240
379207
158822
344860
164941
399063
163799
360167
110193
312918
424201
105930
396605
213867
259023
150443
177850
301603
196176
229449
341389
130333
363115
260594
156121
264200
118006
133909
291049
443514
262217
217569
105064
207578
271707
225533
447855
167560
173203
234639
260835
407701
158541
114661
244530
206222
376792
117310
141294
309162
234435
173024
340661
295484
340069
445010
286819
211322
420672
389849
425246
375564
367637
171432
365755
172021
160517
313881
455610
381963
191996
105855
107336
283902
343781
121567
370899
107998
355216
334440
236398
125700
231352
260135
398237
217242
236015
421791
143886
377967
269843
185975
320483
442217
116642
424552
325685
167306
207280
290271
134552
138153
456043
387167
237682
379675
282983
410178
381496
259840
113387
259422
185132
297780
430388
374080
213417
356773
150024
225643
276872
128242
231539
114024
228216
265817
321449
211450
224829
365846
215522
313672
136953
174893
382688
352181
422105
365239
226782
354370
111214
233460
264472
428381
362678
302040
448952
383571
264812
396130
419223
204825
273440
437293
439951
418443
121727
450780
150372
165993
122007
212082
324483
370191
273203
188915
186067
337745
412189
296258
238749
176687
420451
297593
192736
206431
288304
430510
273126
164720
107500
353464
156399
297219
188124
283302
302788
184126
322847
438643
362440
382841
370966
427239
161729
396349
330669
419004
454510
407891
245670
124370
213050
216837
297827
209484
221141
185671
351960
256934
386668
130145
262909
347930
114233
428016
147153
181590
252847
165718
191618
147662
129419
380004
406690
214634
276356
396842
314269
380702
203747
145513
263904
195449
152189
161748
285667
439887
177677
304407
125483
383105
351868
358285
195363
153722
346739
334965
432989
268471
164811
334208
417597
173960
286613
304815
451446
289132
391747
384583
246954
154048
395541
442619
241249
271804
304787
338609
167706
201355
197552
229225
148962
432208
125549
387752
337005
258309
286372
235866
136027
421919
261538
442706
204890
189234
115512
367095
395139
169949
118868
151727
411609
248222
311171
203020
126734
117108
432021
152857
162472
210117
424191
403322
207898
286320
133807
198824
209454
124578
234647
337342
115222
376985
175119
268372
287513
439858
440673
270660
341637
401909
194437
426249
165920
203777
334770
363228
285495
216203
412001
371922
113597
102680
257408
132044
367182
255418
181980
354468
305345
321777
409720
365295
285094
404873
314322
193388
367566
135494
187510
391528
390036
376243
152455
391694
144794
304085
444025
164023
230822
266081
189700
361938
166314
281821
102579
115208
194613
411338
380440
166680
334170
425357
385833
419092
184188
398503
330536
219590
435914
204792
355685
336611
123580
380975
427692
218958
215339
188910
133594
385558
282036
374470
183553
267556
443444
276517
378385
229513
425325
128112
408118
112764
382902
308165
313278
126461
177743
410022
136166
338213
111663
112602
374170
129820
169806
127719
123058
184344
395444
311079
153165
266716
311101
341351
190906
106668
451294
190711
454968
274843
424217
454009
278910
323597
428885
187170
129810
193892
149069
100110
179242
213224
166813
367077
169023
224746
275677
274369
156152
142282
422868
127445
179533
219257
245071
271434
180451
234456
391569
151096
378008
429593
429772
384067
101996
420910
120536
234593
206803
319809
182075
353495
150795
234053
370776
328547
310961
432087
405452
279126
428501
204819
235316
348981
153503
447846
295420
222493
313353
191995
336037
130792
361030
250419
344605
166027
379917
237300
437603
329661
273492
183620
219393
167599
108107
372116
311504
325045
322009
287234
423868
202751
346040
126208
406901
326193
431078
307116
245410
340830
355474
217551
190819
405926
399365
123731
187099
304208
337028
304098
221632
353733
363152
305022
105786
340675
398204
323098
401927
154495
355613
355111
281766
436619
258188
431277
405925
306772
120365
134376
129656
330005
115849
112668
193855
398526
243792
138250
190269
187288
207911
238047
446066
356778
423419
157642
248071
135351
165180
238423
281611
378548
226230
216509
130442
305973
111151
423804
110152
231396
332509
331061
384418
132154
253083
345837
319407
346313
295860
310749
314066
411662
351604
393472
147554
354486
354465
293992
234301
323619
410826
264253
451311
453380
221914
261292
179464
346433
449782
111502
213774
453454
221106
193043
125692
449255
323097
288799
448222
423991
119002
136101
106865
367765
237402
346606
338487
418735
125621
189760
262876
424799
309134
322076
364226
299192
388051
131847
338264
163662
375614
331585
136784
436091
170543
171438
423674
308300
295440
371014
136896
165591
432491
205401
442944
264019
205482
138720
181606
374539
161051
337775
363660
278962
128146
207146
187351
371855
236227
341084
382597
351334
278897
284862
427257
200514
218097
341395
449823
222950
357133
257274
333720
116497
219299
251347
216119
411711
250849
274117
266815
416134
394511
330879
394030
288785
210671
296254
121770
154440
251563
168725
398302
289957
111785
422290
340047
200481
112195
148973
364497
224863
214956
318258
403572
453630
351190
134875
375213
164173
105615
341474
443209
224482
383586
268352
225466
288860
184996
416414
453207
406356
309671
190812
121673
115201
191849
321354
331766
335283
255886
229441
331238
142149
219583
115997
325871
273512
450489
113257
135722
435737
249971
292249
247939
319757
146218
199119
276838
374410
122060
309741
397160
177444
360905
333656
251194
297998
200438
157898
378391
194922
202323
428429
433357
242266
133610
111058
294398
450983
319706
278805
445912
265770
365687
347780
127008
368758
383071
239301
229701
128308
374838
125493
112410
347731
221333
262837
314349
339701
346646
431345
336506
251153
187767
123364
360267
394980
354467
446971
355723
101937
376791
427457
175772
244211
176544
147359
404341
149893
347668
368395
131649
449220
164973
182111
287595
270841
452847
374191
130545
328223
257179
405928
289140
123887
355135
418822
387101
310171
182166
446900
245993
239932
429518
351569
192808
273123
125562
397004
174235
173645
230153
195031
142391
133982
320068
238994
105562
308766
176621
445973
104903
170640
332546
175905
292401
266142
365835
116742
263223
221963
302906
148774
174768
276005
322277
344098
394694
262310
122308
298642
183534
360890
204459
420930
214645
335900
136040
267009
187629
179179
414378
364442
439182
268396
436099
276874
170658
384146
119932
443518
260857
306079
423505
191123
227636
448410
375334
447602
402493
437047
192424
209035
264155
333323
382691
313508
354350
184335
381802
262757
440693
371861
117896
281970
225727
267936
236704
275624
234620
437406
306054
390337
368873
436661
209350
272273
414664
307688
127125
386312
388956
319080
110727
396755
327625
381745
440487
312067
189024
403306
315155
400404
456227
361417
428092
204023
103846
358358
310407
223520
142911
194919
153048
183580
301742
319647
241449
434204
412141
340016
111092
118688
207763
455928
132369
297399
419111
394392
308757
411034
320727
423276
322205
180290
162578
409359
293627
123063
231104
212102
109024
318095
382687
385523
265769
388922
240521
101493
258182
180530
244817
150006
291328
206884
266451
137794
395838
292019
267831
137226
178905
354144
258015
178749
389682
261220
455572
162609
317426
109061
231003
410106
364323
168804
454642
355480
392113
174339
305807
394462
235238
304000
374281
290163
415097
394886
144193
413361
114971
174042
402330
281547
196750
447177
340880
106996
177675
349346
400059
346013
325189
428681
212855
186510
391484
423109
258813
418109
103526
340852
401393
150486
400345
295480
102036
238105
167177
387862
301552
194420
296230
181900
220153
233330
325015
228994
386370
208365
416823
378003
300625
447487
252439
407719
253140
414504
446265
182250
311415
189832
405891
219885
130973
188305
262123
124758
109633
290729
109335
267724
375633
105167
442567
315219
188026
218855
437938
323181
444920
157335
183446
206263
163505
124529
261822
286190
363844
155315
216948
254964
178552
302349
255687
328617
179329
363444
208879
147348
225490
193263
311669
442373
353555
237413
127515
327678
117334
402510
381848
319403
134432
455035
129031
358725
199879
145652
227961
120898
239602
202938
102132
100204
173028
205917
440213
316131
136484
172152
193785
334551
269306
380722
399819
301996
122225
264040
288787
102700
168052
308533
338277
246047
217001
453928
142660
266922
408817
274530
406508
300121
165774
381322
376605
166120
200840
343110
298445
145266
171142
243270
345544
280909
113722
420126
312086
330813
415897
319038
108357
123443
414515
360156
420710
268283
295051
112963
442432
301192
400372
161409
424757
391536
176576
253108
362655
241679
273128
366273
116555
409191
426487
125340
168908
410033
104094
385246
331683
228223
446343
286376
206023
143083
254974
367192
226174
423254
275590
434906
276396
172625
141568
386114
242180
182728
128301
236992
349684
274273
215776
151806
253301
137140
295751
386049
360128
374370
284838
295230
330871
414725
312721
437011
236209
448581
259410
216757
267410
185643
405617
339359
452155
420566
411304
400145
308753
126748
382721
424303
277476
367063
166486
404626
206845
205124
183353
377173
266069
328782
294482
142970
294887
157589
142482
306875
426214
397504
112959
225300
397781
192039
398167
389995
322398
139623
253699
313168
293786
259775
221871
385493
330021
405915
344089
419564
165813
312894
248873
265446
125976
145050
296111
251674
187501
186292
369034
133737
224637
155347
187788
263885
390308
235190
204197
344583
279413
295754
314089
327162
311917
448061
121951
317093
347149
134960
421343
416222
285823
419101
291036
128932
192742
334031
383648
356338
323789
453483
427931
368556
322139
437994
317659
208085
211010
428180
303125
224048
148199
237646
118682
408325
115470
325083
185927
372149
393084
173630
181297
205959
364395
409474
109755
296373
334501
256253
348928
320365
393899
186464
377321
368093
169994
455598
342070
225556
390354
104486
121600
362855
240050
296090
341856
314188
340242
137596
297711
420100
271125
150489
282635
142675
370208
445421
325460
284362
151584
298937
147122
379996
387287
164661
338033
193561
374180
393825
152258
362302
116945
207445
373880
332307
351233
157439
414100
186785
249810
151550
136232
429947
373563
346170
285493
312146
338823
416099
341675
365619
279956
109267
179281
354246
418933
314425
407211
102513
152236
197258
342622
408034
223141
280585
456179
236326
305590
293467
101869
131274
220659
319284
417143
417473
105213
210459
239918
336368
311494
211245
433554
415270
308234
377234
157810
331104
134063
124780
331776
258409
347441
151619
214391
283967
295404
395128
125662
340348
296435
257864
331378
119279
333177
156951
314814
104192
429420
148977
269472
359468
171140
197213
112238
352861
117410
326394
215020
351568
136564
148883
385267
337859
283787
403071
248547
135674
221995
281059
199348
403437
361718
373649
303026
313857
216890
214668
306792
386078
404918
209066
252879
346792
242697
193485
133453
326553
142256
117231
303869
238261
429052
256420
161573
255640
197868
412387
217210
296430
363007
298632
248079
140413
293131
355260
433843
102111
133558
283695
437971
201627
137262
435317
418094
281523
159921
434148
302820
237443
428442
121985
176587
454447
417674
153151
232362
205845
246114
443652
288145
185974
355564
374860
361794
187860
388630
310136
176644
207827
125543
427891
379150
377010
361234
187523
170896
211030
407568
210695
390273
321580
105960
180794
394670
188807
288449
311119
337436
210874
386469
309444
365393
126940
118671
305433
197041
436561
173329
394583
283159
351009
279603
129979
331437
273110
385300
218925
272379
390675
359301
139270
109189
424085
349656
437321
290628
311379
305245
275483
400102
445502
310060
237920
310265
346990
220877
270994
267426
333245
435935
223095
327612
223780
238031
122787
325345
301254
452900
368162
296015
130750
160687
343424
166157
386882
309944
183217
304295
382824
223986
204125
239048
346518
302914
296724
318689
418874
371519
343689
160506
369193
300721
298826
199772
307160
383333
349876
377041
273163
181286
211654
350559
191049
114115
452541
309422
174842
390292
403580
381577
165299
356586
269969
432498
133686
110572
157801
360352
217257
443151
426524
177830
181768
330508
228859
382975
128805
216819
335816
435567
390809
412588
268055
104431
181531
166212
309644
127165
233917
346251
372661
288730
266062
267073
170256
340404
257215
141231
198671
215962
196005
329214
282644
430665
339492
271436
221218
269619
248088
268262
186371
114693
286080
159652
226992
368296
263335
395687
420116
267085
144017
208153
223647
268400
316239
338230
304868
316323
295195
216313
163930
140594
171303
451617
441112
155001
119807
194702
421940
255252
266437
314370
376608
136371
411150
328907
194080
329126
117461
358469
405898
358471
199947
215933
439545
235599
127796
268161
254533
327349
274310
447729
185497
163701
338693
439531
153140
286963
291175
230431
357942
452640
252246
157030
237134
399802
351487
309835
450072
344062
372433
421737
269930
204918
426202
434941
178253
450552
187696
391882
344177
356500
170241
321174
274609
168538
254689
294127
167234
333648
158670
405630
435431
431568
435996
234521
403805
287664
109331
203986
251306
133222
305644
123098
233809
295386
343370
380873
237572
257813
320508
384322
112781
449376
117986
260661
160102
180950
168183
396053
142297
317962
397402
367205
121922
107611
225676
163993
123916
223809
305747
207327
127642
419462
302130
193399
271853
252991
368947
419711
231760
238820
298484
391792
318339
194991
250231
232277
282852
184081
451301
177123
146666
142338
335840
356115
394211
251914
267761
140472
249367
437580
425524
216344
362336
440346
360296
300463
155006
164123
253695
365505
271820
297225
312887
277962
216376
278600
323207
339415
117583
380320
275247
448504
398435
202118
359249
418358
358461
116477
147934
241193
419048
183397
375967
387602
274519
133761
423272
253285
254886
426615
179969
262726
224166
137241
439081
397259
121732
281183
445111
348253
440800
368128
264564
443173
136629
324426
447840
242476
164323
151101
146235
151854
350834
308392
247311
130525
393446
262303
335094
358413
108928
203926
409511
389502
326749
179568
240807
128863
198172
362313
179637
397933
249463
100264
294366
404362
288698
389822
181106
286618
204136
397711
324943
375376
390704
380858
171893
384612
391735
421098
370906
400706
419556
438674
387035
317925
441647
129041
282324
352285
404253
396720
165425
404057
396753
419695
112840
139951
395879
149732
212130
422877
413688
158516
161655
298189
197685
240987
350859
178672
357720
258795
398809
322228
453643
414208
160249
407964
193158
441955
127775
253055
177724
293897
356019
449554
162745
389775
116445
170039
106168
296329
204410
248556
427439
246788
151876
304624
440098
425221
317418
452855
401079
108988
423070
352581
121151
104229
113145
290336
303179
315954
336690
437420
104231
446603
194709
415020
447313
196129
441238
335625
268548
279155
331822
424513
136401
333251
141165
127746
339908
397297
236430
417297
210017
163396
333607
376021
106183
112413
159252
404205
381709
368503
244645
409445
273999
405572
352817
203464
112899
165407
335675
391761
404518
222834
378021
401987
300726
318116
231934
391064
451179
174676
330443
377891
136768
438162
433168
433961
210636
163172
159761
406438
180175
144013
249976
187896
178773
237500
275657
107202
242446
362741
136519
440248
307080
140901
433529
226854
394939
213742
263641
144682
232101
189335
189002
220604
191179
145190
363304
155711
387655
433061
269225
226924
172213
449342
152814
283829
269853
401000
341138
217197
143363
187893
426721
383337
424143
192652
197634
219672
398960
422602
345648
414152
307218
396872
133750
281847
191125
446908
402909
212063
298985
359873
106742
217899
446347
400215
252481
208691
131904
365896
135017
393203
354587
165016
246682
328570
269291
149248
362884
105827
374686
415976
179558
196062
374107
414570
437061
188588
212735
218747
169758
432902
186861
285229
285411
135068
319340
297601
115635
255594
311488
307893
157137
355391
346571
219211
252061
401359
451259
237776
360790
288057
309371
100799
297337
437375
303796
389583
375144
258789
435232
345101
387632
105575
395684
290157
405042
324839
206944
366063
121025
185620
318326
306685
266124
265927
449983
168468
300180
279584
141266
132698
415376
346226
178262
403585
152504
414157
172290
275040
130345
414886
222658
249167
160498
432776
180592
121726
400007
373789
191710
357411
112485
176972
218024
321472
415496
448130
117987
372390
369527
263588
350796
295833
131722
139547
135131
219378
371516
333552
374446
414794
361422
445556
133456
336894
102359
428728
107901
214339
391668
351358
440002
130199
302876
388751
171824
449658
127253
371124
435784
142733
219439
102879
353127
113731
220163
121831
256651
398894
174444
194763
112068
123685
410461
378507
419889
439263
179769
289148
347710
394905
142623
220736
327056
156091
437625
200911
147304
279472
121568
397558
107044
446429
316104
182781
217139
287728
149646
240194
104791
134060
211009
213789
161667
226990
265819
166885
251527
104492
262645
424166
126837
233128
172687
232440
172319
293155
360266
373954
423455
155603
340796
264699
335705
415268
385618
254192
136543
362595
292941
312735
276223
307493
186766
152062
250842
238426
266047
110560
188385
331770
364185
429231
367148
379712
324900
136955
298400
345165
357482
385758
247586
184124
114579
452939
374889
444377
445524
276806
209287
314520
437947
290304
451677
318564
254147
236708
110107
450587
357662
105496
326965
342939
243360
294666
259301
234965
452758
182913
205094
332728
366672
304810
134127
441455
173187
101984
127214
347169
156340
175521
281093
283195
194189
366832
202727
437448
171770
223664
211485
290870
447997
294614
342883
126009
144942
142994
208626
116761
238363
309991
207442
132803
132119
250373
172191
109464
417921
135920
389291
254122
165232
243006
342443
399386
170644
372237
170802
152173
242540
321294
336069
387904
332139
178067
345903
327468
367884
265570
153248
258391
182898
290253
283075
220592
444836
122205
116966
427525
431200
316929
121341
309041
400132
289490
449631
410055
212158
335086
231595
295364
154165
426198
438707
413961
367700
274584
181646
292024
309378
435832
398284
207190
241977
432715
288024
311984
357968
127266
433196
218038
360417
367968
219386
348475
162164
251589
146339
149718
272042
268180
452154
327321
288642
143093
376785
406243
367949
145079
335559
309157
107942
453839
268018
148779
390787
275837
415964
256656
315488
252400
415357
280069
214465
394589
369227
121967
292431
314904
385497
268785
360169
102690
407670
195596
356203
356152
364848
197714
117694
198444
372391
173752
270052
319348
303014
125950
239744
304926
198375
261881
437387
248340
399763
206855
393775
112073
172704
422503
319339
270418
298755
214704
180479
433501
280859
274967
338412
371464
143967
265697
207548
287938
432160
270055
401628
224547
272922
324470
330109
283551
445404
194618
216118
247866
323304
392625
443019
184438
398136
116076
105173
356643
116983
150241
439943
447598
166983
415245
307375
189040
123991
323677
104816
249692
367943
432913
185931
353455
408161
220576
449379
372296
338926
420713
384043
206301
206385
262543
258186
364443
353715
110628
298403
446858
378396
255683
448972
372156
373149
220289
143846
455129
232806
173202
299930
445962
383476
389328
145885
110838
245893
204638
393284
455479
455218
100034
378878
443574
216362
291265
261504
319905
115575
341953
201152
182459
118758
324670
250443
287584
162874
230512
420405
401124
271863
196560
310410
235260
275621
308051
210665
450441
220209
250437
125775
178460
452946
406694
396194
197628
280075
256425
263358
314301
264123
138433
337278
310642
294097
191518
205758
189928
348443
356610
426726
169849
278441
205255
318115
187611
416910
171543
109457
208892
308027
240211
351305
210504
241011
257557
294394
323764
182957
162778
340137
258960
358914
289264
164707
439918
105952
145747
311736
109127
259714
216749
195987
372645
260813
340258
438164
400018
195313
391427
368374
120993
439169
415215
423795
109694
136258
445631
345388
268955
434685
415620
440489
169068
343779
365929
189339
103779
177896
267562
234179
445173
396485
127332
215817
170697
416845
154562
133369
147687
433149
281409
451618
310802
451620
204754
325006
104139
211622
103153
365686
447076
385464
200254
155201
105891
118535
324279
322792
128556
321834
237487
377893
354904
380659
265569
302773
383213
276833
326822
116378
400852
391143
264459
163212
302429
173367
383354
212371
199838
401718
454637
451828
387230
186884
216293
380324
318359
107542
140003
230080
342122
365140
117442
155918
451860
142083
299626
219192
270890
116616
424165
157193
209304
443863
245487
208501
407506
288771
410825
165301
361780
232458
298683
249184
447852
422379
388205
350189
270391
312601
344473
323785
409634
357847
268505
280692
332879
174600
184966
273465
216301
173292
320926
274632
197966
269191
146965
401324
379452
384300
380063
374263
345866
285115
375254
435370
239893
113451
129207
162965
220285
243428
387722
391082
261212
105046
172094
449814
129409
166776
260339
327722
189522
413900
249861
256836
277880
246350
333686
238444
297377
439691
429073
246056
350421
201564
306887
249917
287461
148435
115090
100054
356309
188398
192250
248247
287309
453273
244361
320422
293660
208765
202683
116730
330163
134844
453344
302075
342050
371485
341158
445613
141011
284587
351873
114001
421790
368954
264852
262927
162913
337061
138076
242776
340371
455025
447122
205899
423027
335806
344049
387692
248724
332474
413964
325863
274766
435975
206392
197748
143945
102223
262133
231106
334957
238809
350923
263811
442834
367302
103960
322366
335513
135107
221766
215372
182130
298883
359750
243842
219710
112943
204391
252027
176971
209857
321906
276726
410758
111768
103131
447894
284336
192060
140759
449311
455927
437873
335098
253448
406544
193948
300670
353601
324354
339130
390649
385388
353612
413189
133173
202923
265696
375406
218548
187643
340497
246659
219736
154059
245621
229140
117990
421236
156777
321751
350488
123534
229722
176694
347965
375164
323803
167627
267937
117760
157928
364328
248178
402231
279820
370848
181343
395208
188132
160901
176134
176967
380303
348055
375812
315421
410863
288616
373715
408721
453259
205428
428721
116250
245584
425622
317429
204036
232584
233275
167538
406991
286192
115971
371496
306335
280542
375285
107233
188345
144863
253954
445154
421674
373453
281202
230248
442326
410415
413524
107788
173308
374669
165288
127433
241168
152241
320439
328695
410928
298174
362297
291299
172241
158247
368491
380314
103859
431929
220642
162857
443930
354903
106471
295718
122278
363896
319526
334012
195188
107424
366264
235398
362557
212672
373766
274243
154682
331368
253225
266938
102203
273211
136019
323323
276695
230375
318776
142523
431193
113083
342519
442609
144921
201413
361969
375435
341327
344581
146862
255198
355039
328129
134735
149048
273084
134927
246325
422110
130172
199943
145626
440553
252247
120926
385927
241184
181801
276513
420610
226409
286449
139754
436490
301444
135333
187752
411791
437154
221191
318730
276062
294858
225936
372712
219842
238800
250515
362003
114884
261378
134204
394534
214841
158978
186470
188751
144578
208520
147232
403159
215356
225105
262569
178448
386626
454125
192688
267962
237678
167788
439510
137009
207661
207225
117528
385338
453408
227403
450557
263701
239718
212214
124184
110733
209475
273367
397872
283495
273583
413808
303293
426542
237924
350654
445844
257085
158069
174256
351933
223275
421148
428294
337446
237775
290514
235822
308830
230861
128386
388328
337834
391008
416993
349879
248551
299019
122664
159120
216580
247552
219699
352376
385851
306948
123570
269608
192215
126168
281077
143584
266873
448757
440472
140677
337929
226934
274992
169805
249287
380294
397072
188445
277705
408953
307586
140868
387330
254018
324138
172360
248844
407063
256184
298650
315120
416627
421888
208648
421855
308936
439967
249881
242165
417131
173375
174470
247817
429986
416038
269735
397509
246126
434382
300408
316835
395717
265406
372904
239010
185096
399701
184838
281153
159398
266989
349763
194731
217614
282018
349487
184775
295876
187363
298317
250985
185159
300365
265786
142196
443384
413312
445086
361410
239707
384415
250797
137265
203200
274294
135129
358377
383179
116166
284103
240801
277254
149145
331352
361628
448982
359053
205034
203823
300949
246963
125669
146872
387145
283088
239735
327632
427630
445416
138437
293899
445707
135441
349817
117606
312339
150068
426324
122926
205830
445144
389505
428905
270649
141021
349647
346154
341139
316643
358446
189595
192338
370063
248061
366477
430184
291907
126952
130584
136020
277633
360639
101958
190010
255622
350383
149798
159913
120769
119323
265873
120363
191391
406161
421900
396261
196933
327961
297914
118297
232781
368725
134175
386682
336965
224791
434441
339005
431980
108359
278458
410072
279219
171367
451634
423206
308150
223390
429145
315283
273399
153975
415174
221163
124408
154929
219561
152577
139401
412783
277404
296026
184444
386924
386484
269682
365123
320875
245527
443501
278699
258279
445061
268605
191323
133983
209431
334278
220666
427378
362031
280581
255610
311059
400483
209317
214450
104682
204676
442675
414982
395140
439159
391772
351113
451965
451378
304652
149769
454867
288939
195830
157662
417809
256081
279585
301420
152524
308052
416446
454067
274264
100427
377770
211583
263970
225537
333269
285088
307554
420018
193957
413935
144743
164351
365156
107705
340976
317175
338407
284425
177857
184962
300080
324606
266277
338043
292425
321841
407351
206980
323275
190165
404260
123021
104538
354347
106757
304514
404888
163247
224802
374231
391793
399078
387381
453271
302345
351900
254808
207270
379732
245425
268681
415212
417842
220069
408251
287610
103086
233976
181022
112865
347298
352212
209171
409078
115429
400794
107014
302002
432315
453639
158175
100676
263823
335270
126061
243409
366888
448445
417238
207269
108765
225273
365475
185352
413576
376928
193315
217921
303555
403150
106673
341767
364441
301427
450810
104705
255983
307314
102081
290272
260047
287245
128980
200802
117134
210509
390624
195430
333882
411545
433433
309127
380090
185433
406366
380338
339347
244586
283970
433726
235218
329146
392102
361482
104825
319386
104147
268178
263899
442748
239805
108464
135451
227087
226957
299989
278532
341922
140843
437703
144763
363425
237905
350307
125538
234256
310156
340643
318503
237534
368926
259657
238399
432345
406192
404980
250300
117397
147556
155492
315737
274161
251661
100858
236616
450167
325197
194161
220543
110389
356221
235560
368390
103082
204523
279130
371119
433601
347733
354799
338212
318680
270049
410507
174991
165028
337774
411373
183872
341292
263483
399252
106561
318968
343521
298022
251878
242947
232051
194464
131037
204589
311587
391593
254871
422449
364184
135721
275676
455676
225497
329689
163735
405448
389569
181914
179743
200177
312166
282989
135994
420431
419056
414994
160229
169391
130881
138173
223728
155291
134270
206157
107215
172327
147070
293558
243259
227178
236668
210254
386240
388981
328487
260083
385953
178833
217741
109892
366708
325676
297489
421418
308314
443552
196020
209325
283474
336961
273218
399696
173633
396264
424093
440012
202256
283449
141010
355913
271451
453037
391628
142711
379342
421927
324488
441707
349262
394894
452426
204495
109811
350718
303249
214385
306192
117274
275227
207241
283339
305715
236206
220359
351991
254473
296446
161453
217585
340900
105761
284010
370403
363402
176837
389503
159100
326713
437912
100829
211237
429282
213136
352332
319412
111682
285531
174524
389207
306594
175879
147858
274496
325088
338241
384306
408558
386861
412575
103712
431753
234749
260138
288646
319806
205126
268666
428775
200485
282795
296567
414441
300494
108590
292059
128751
290310
188760
436589
147897
415786
124962
200550
394114
340884
283610
120897
433817
153439
187473
416673
320950
302944
445914
452589
185289
226264
203355
233256
240551
150549
177652
346705
396341
110442
404741
420963
191079
330175
188243
265527
269648
394785
202061
119667
187561
206632
226743
315299
191454
115522
152499
132048
340234
214670
258078
336353
285000
368495
329263
189670
336191
219290
289134
433737
144378
451058
188253
448848
164613
256839
246147
319255
267416
248076
115753
305168
445188
332070
100035
274559
259337
317624
396613
193310
186362
299758
264690
160947
177227
228360
223912
245518
196423
347116
448336
262987
252736
134401
430941
281269
309612
235111
369054
432974
101314
169662
344405
302511
344962
446508
440940
236710
271485
297325
452986
195005
147255
126631
381405
239054
276155
454688
131995
419847
129434
293347
323745
225567
127779
370149
137337
393338
375721
347975
332465
406929
297058
164163
114646
221306
442329
355513
308299
417815
170618
275123
291059
415220
124736
283352
239954
135420
295948
167098
339542
279636
362425
313814
232365
331099
143025
139297
421312
451467
126243
215723
313042
359250
167879
336839
131672
110498
211037
419789
321587
155856
385034
198343
272140
393082
129470
305786
416073
454307
241833
284219
336753
284887
115882
448797
233875
366447
212018
293350
163305
208800
269752
404056
398843
374702
273396
136861
187423
163346
379986
393662
348725
412670
280856
140724
146513
327337
105914
420575
196334
242092
407933
435673
186177
411735
201229
305000
127147
146192
155896
340983
266268
330613
306316
334238
189178
123895
121685
270724
317390
244872
367888
444007
220588
453305
235199
189746
324322
143919
372317
348946
342077
219685
455211
335600
285691
230006
392119
202513
368075
362155
229282
250767
205774
429204
183887
253423
314330
220149
316507
369360
254505
252409
111914
188418
300377
122672
390613
362972
281624
448085
347145
221370
245693
120975
349209
399985
140616
255588
127396
282914
418567
399418
371443
116612
424578
311487
438827
247571
156764
149681
335265
158209
287080
188452
271271
315877
265019
210218
326627
277738
239806
252180
296528
373261
402285
222253
381290
234613
126193
184646
261336
172987
293955
409668
258464
136562
248979
109481
324066
147119
166200
419386
261874
366392
447623
335147
161846
117663
162076
435231
372782
143498
440036
275914
289642
241442
324740
122599
309557
248396
286737
451998
261312
108674
121499
253487
257374
160432
341647
209756
303192
275128
261709
403804
367618
163151
237050
397411
117022
140108
138608
342994
327342
390872
255370
384275
431075
264264
288652
283742
148277
386251
323581
370836
175631
145697
165863
421577
110233
382736
368182
170914
276231
410939
361294
224500
356625
155542
362664
434955
116850
344706
124076
123717
226726
299131
399920
209721
188379
443225
275749
443013
443138
380245
148311
254723
257246
102637
122767
346625
427436
355089
315181
315088
412869
167127
201006
214109
349044
293315
273374
396884
213922
380795
244618
360934
453388
193932
328870
336633
248531
375580
288534
247327
303737
393098
115661
371018
124107
202238
273752
167819
420769
446167
157207
223452
161881
248339
228261
338586
136970
228844
424065
438773
212877
166804
435304
189373
384925
294587
388624
255005
323867
422484
193276
433147
145206
221449
287592
450055
242960
247070
222053
316368
321492
319513
193012
172265
271019
273973
298580
149488
445696
441616
397233
345419
152448
178222
340856
162081
400221
186814
335666
207806
300573
289669
363470
231148
158325
318138
265388
358255
356254
300974
196616
114106
426833
297382
438464
339387
328356
451718
321096
283605
281888
263596
453130
451170
386146
225983
183221
279452
438561
209251
198726
315688
307506
167342
276634
153182
374508
348620
309517
240309
257394
386109
231722
280492
122550
343119
426550
199585
381539
372204
229683
192769
238058
434726
446648
304801
266215
293022
316378
319977
414448
343343
388005
355485
162014
229710
148532
361110
177301
169189
273264
116691
195560
261890
340543
449321
130185
134256
280417
185668
312774
369987
415465
372577
230061
163512
214390
194114
345088
370125
186688
118350
307130
248203
446540
291684
243630
367774
411574
145291
322137
311160
415094
450059
286442
296635
129998
300089
299161
261923
140291
290570
341435
174420
441977
237644
318693
199742
299106
437451
276920
164873
440286
291652
394136
414181
455662
181487
163488
368475
267445
349296
118954
455210
145755
356761
367730
130438
386392
438291
391242
432109
286205
155208
390532
445586
235162
268916
304714
128398
154997
198556
374649
253320
270802
390270
357828
171613
379230
403924
302942
448037
142788
192233
160387
145031
327913
322303
154618
346426
229317
128796
244924
278044
455652
386316
128672
374654
271603
149737
182477
159681
131291
361102
380977
320787
260241
241901
337801
205964
286922
101717
138910
259737
152789
177078
145686
213657
249259
452917
366223
382374
181454
241349
190613
337323
248436
291293
105877
184925
296923
307380
211883
345019
439603
197584
175298
441522
449295
350666
197174
105759
417853
306914
186899
135662
213271
284125
385515
425914
384649
305694
235376
304740
356469
393047
233227
142449
403087
107886
220839
249586
122039
151380
414148
155557
262899
144030
234595
295034
181918
298262
252693
184976
415271
420783
173991
286150
392585
326992
405407
427211
325723
406086
141776
402026
361353
167675
439554
372569
444861
150395
314305
103938
181823
139454
276315
139557
313554
124978
213160
281512
447071
368776
328235
260564
438123
289042
154766
296973
189562
155128
451276
299166
323943
156020
415410
188346
364110
264144
103218
148574
310973
354973
143631
346616
299621
229660
300907
172475
426296
119405
371663
387189
169129
262236
414053
301193
123856
139126
143249
175837
168653
278257
317521
278427
151031
283623
227694
334544
252512
330113
332871
344899
245380
173902
438318
375048
385600
161756
360375
207244
271260
378792
225889
300540
217765
206608
122300
359350
216448
127637
274184
419161
371870
243145
312154
367850
106378
207302
235247
284837
416538
232605
443577
171744
346472
238161
128956
251051
166019
164912
157169
147836
294426
405788
437069
274626
365628
384619
405068
292657
377660
323480
321241
113780
444783
409737
237802
370137
427564
216086
308149
129046
272775
102490
375013
251702
366450
280284
136563
288266
361996
425677
443482
176891
133822
287640
290602
451500
356881
205901
109261
302965
238860
320307
402215
409376
391068
139445
226253
329756
426416
245320
239865
253977
403653
331754
319068
431834
112872
352350
381977
233585
356061
126669
435916
338398
423680
202732
192161
454135
155260
111936
285317
447105
296657
440821
120410
332208
406379
249602
123475
403926
285729
300566
383486
393722
217300
429071
199760
416092
202950
248719
150022
387477
275733
429683
279028
233194
150924
138023
109672
450989
372937
142202
252449
292719
158717
235360
152037
233079
266692
219641
260125
145746
313937
122771
116523
160365
440068
425542
147898
289239
294121
407559
404105
280560
106119
122670
247333
142964
181714
240882
118941
162720
312211
202529
124786
162617
421168
252351
407728
435022
106439
452687
112229
145444
300398
238485
345440
185759
254372
160856
405335
194357
210720
317217
271546
279114
336873
443319
155834
360182
178102
375251
442916
180957
323269
110171
377798
271717
362037
385780
405990
366418
374229
170406
209797
404667
434150
229348
430624
263377
343502
118736
175560
292061
450013
423468
308829
406621
350479
179495
238815
452678
416503
122679
235856
175286
106200
148155
253293
239437
440580
204960
304866
246065
167565
229560
276502
200601
226293
120450
246641
239348
240506
440846
369982
425570
396455
164186
161790
185572
296260
202240
346846
192745
249023
349664
129824
155972
442673
237811
309792
318304
276681
376057
282919
201215
260562
158134
454993
364464
455634
175072
420758
216166
323320
354944
121598
202421
392665
295546
219307
290733
279714
448717
333405
455563
109568
191683
111337
410333
340160
221046
154434
131927
423229
234831
224133
143141
136194
314526
328211
256411
175732
384654
409699
438227
115900
365489
410521
309240
431037
182253
395620
213458
167936
425268
407744
435337
258367
244711
214170
213805
188003
134655
222551
350897
248006
306723
364083
338455
285786
262059
331632
210439
253483
134366
441884
452628
322012
209471
417394
207595
143398
117683
445909
334318
217452
200312
115099
241105
159375
310683
124281
288222
371705
333950
338903
352100
283921
205056
108921
160204
174783
250239
383021
146443
108152
347143
205963
258629
233847
370949
159799
376934
374840
288783
407484
442238
118514
422610
110917
161321
325902
389571
393704
329363
364074
429379
169172
315910
305808
375026
375548
227090
248933
444148
232505
374517
286639
309460
328304
124050
136677
152083
195667
167245
192932
333001
284201
348199
122894
246712
231576
124112
210320
170411
153388
138103
391781
448491
349938
235351
223242
289406
234386
387498
301068
265558
366188
331043
373629
424575
174935
233028
176813
353953
137486
360646
182195
297049
260744
203145
172607
185254
172883
390552
328773
120218
426381
113232
391355
139220
142399
256601
315865
341331
123884
111181
441181
171486
153789
358808
445858
294890
242079
426450
121326
129505
155406
220254
444452
336937
398255
324646
181399
317159
331007
233641
430544
372521
288435
438531
442208
309572
209337
338071
353471
109376
100778
421217
217092
346130
145855
277269
308313
391575
179431
211695
404551
269792
268119
442138
401638
165200
213918
406362
115381
246296
390895
347288
116975
333947
445223
167185
365655
211689
197655
315109
346267
322409
252962
419045
163465
187239
340918
225147
361690
141663
144328
359539
353157
401176
373692
216013
302077
134967
139980
378269
287216
292943
371268
283460
419364
258531
341949
443257
224832
370809
134454
452817
404671
185258
394501
341333
160576
401504
171734
280767
412538
273919
160671
293884
125109
447860
190160
444493
148640
199500
329091
202943
131778
116330
178724
385991
152167
240632
224102
324014
160248
420523
267516
454627
298537
452869
306578
250696
363474
252607
269911
333951
174138
171782
240958
118028
372607
237422
335750
154717
172639
302565
192673
149921
203495
144749
234737
204198
179535
101629
410423
242358
423427
113228
285839
193444
101881
105212
246650
312675
153532
308673
120424
211053
180539
432450
404030
404485
437319
176012
423439
124731
444034
181865
269242
133513
174143
333938
197719
396892
437814
257561
379428
319176
230750
273808
176312
188344
323414
286348
289362
364954
113584
234296
407564
301008
168491
356407
347549
180364
137078
173666
232135
236042
113221
289543
175941
289852
369464
399403
264805
162494
256880
358270
111028
273565
323012
116409
112053
454951
169035
447275
163260
112839
437992
454225
399652
395082
403285
381328
193797
150502
246552
351974
174057
189884
399062
232583
128144
339436
329863
145945
224334
453530
343047
182243
301951
101131
224063
186559
175655
279502
386925
220539
451611
111645
203400
450798
103673
344555
269592
301096
151075
302444
298725
204040
145499
356673
387774
296643
312742
278626
412475
336033
276192
227073
377123
219752
158719
246830
228963
225673
105432
140587
328331
452485
394479
439331
256228
282846
101018
432999
167186
176416
368623
346892
275103
400725
437568
144620
257830
375262
206569
167063
392570
136292
347739
304619
123997
290023
224642
424347
403092
413198
120134
215030
297365
395644
321395
242797
112784
347448
135652
337514
309745
309629
152656
423271
287597
395078
411161
302251
293416
310043
212376
143894
262349
307959
178139
191427
336386
407606
188580
322280
438492
206559
172615
314683
275818
198711
202130
375177
100578
251906
146988
243199
401900
209148
398854
368012
406667
291999
189721
138517
256157
243066
107731
225430
391324
435438
414650
373044
236363
192327
291769
423900
250332
363830
216817
386229
436142
236210
352400
436569
341140
394914
405242
430425
105477
201970
134441
206148
342712
298906
231009
242478
287407
193442
102948
230411
437158
101847
392143
359927
381279
268885
243920
158900
175339
323151
343076
413079
235903
294457
391750
369657
115170
385434
361592
129696
283048
453078
340753
106333
397618
233707
194438
141746
340837
450283
434728
205136
107365
238409
181933
107237
184505
210707
403027
169908
319615
210258
422801
385277
274663
263634
383684
389105
335187
424167
364195
152924
400603
139799
248712
279806
349520
308927
143893
146201
162292
143192
145948
404986
245216
120360
182874
375227
292684
315832
344362
180026
389232
151334
285271
448190
200444
409561
279224
376438
206580
227220
362948
219549
143858
260098
295400
140890
414397
325334
418944
278040
172069
134851
109433
418628
375957
307188
142694
178337
186852
453653
321147
135908
244746
116086
397920
200051
355292
237786
335043
125035
286794
406294
287373
354842
379236
281557
138382
223293
227204
161358
447342
404501
303184
376333
154207
453637
434638
133715
223033
154162
383387
330538
268998
188745
199645
180650
136336
135514
409715
111500
270738
337335
230255
256645
142209
295888
294089
243901
127069
380143
166028
418522
422161
384499
182963
451930
423871
167853
314868
418127
379575
189070
222031
273920
238220
189960
123176
172405
286816
162911
231602
309377
369578
169046
201016
199282
328623
364350
206906
257014
300820
222122
450573
352263
146116
230881
151427
374865
247392
306024
178376
270030
207322
275542
385315
392066
145181
187700
397427
224608
406436
331067
167352
316608
320663
191110
116652
290457
363570
242452
373456
432683
302119
140363
424583
311002
446264
395898
208147
199901
123965
225547
363989
211925
343127
203584
172001
399655
212346
288365
207556
327466
120003
341718
255090
130942
293214
175965
442752
137925
206181
130770
351718
336004
287487
301841
244031
438027
263490
199194
456065
273303
240370
132973
148642
436327
242895
331562
249555
393965
127651
272061
195985
212783
123950
175226
260389
145967
360308
273609
421808
343313
334823
349031
418212
175319
238669
129744
394902
264486
154768
213088
374761
365445
112698
259762
167519
236518
326678
278028
216812
206562
267408
204796
283241
198450
416171
135160
403439
331928
455782
136108
347287
306870
128825
190912
348090
381983
103578
156157
142468
192216
112888
202404
234168
300312
165581
204453
173432
248698
451960
281491
324202
456012
398128
257465
243372
383795
209880
266902
119202
329694
106074
456240
226455
354707
355272
439027
272645
164361
385808
438897
384843
435964
307230
428264
333890
348691
160491
406405
118827
216506
403058
280296
268585
199466
319844
439254
307304
424396
339031
362025
198213
171351
438603
212953
174855
119375
406676
207199
161227
415452
398751
115120
131211
344672
358865
333697
206277
137531
302374
406524
109691
368383
396191
294732
170200
341674
216443
439819
296318
254796
396293
452747
149619
111096
305624
239605
429556
295890
438305
114550
388390
262440
199854
356706
301635
159414
181787
244171
403774
435083
115975
380692
329268
232542
181609
205025
175124
102574
308285
227766
190194
418554
132757
375913
144649
271510
434639
114541
205388
323544
420993
105260
275814
178807
194182
174142
226973
328696
267224
361010
139294
205032
338535
196998
260225
309635
281329
341524
192499
264513
328740
286715
199225
156677
117472
126352
251522
351033
223071
123886
347130
259484
131104
184817
420162
336341
220961
324077
382765
320443
307105
181223
430532
180187
383516
145824
199233
435493
214224
258950
202249
130994
367237
140902
167939
278767
132293
387338
320142
266967
363614
147262
366280
367057
100211
266952
360507
281822
351367
404658
158505
321247
232888
260214
268333
324551
247041
362859
192162
162489
231231
239185
333522
246984
194910
275267
162072
395136
210458
325053
408171
100681
277827
160446
192047
113479
441983
133431
369069
293375
338140
267933
378251
211617
426157
431033
196370
250894
326058
350155
179795
218624
408444
281330
133454
328822
199695
340965
429787
426744
283588
394029
138208
155810
343477
163318
190946
352517
123788
357202
308801
382092
294785
303507
298350
214817
381490
403375
426925
180514
144406
341176
390542
287639
130916
102767
385923
304872
367875
395018
301455
395708
270962
265075
339567
316356
309477
358399
347971
365495
405077
373666
287723
439522
217198
309503
274982
309611
200062
138755
451533
257107
262931
330654
110463
449182
204774
411892
135323
399406
369433
278465
357754
285114
121019
173324
300715
433078
289439
228196
343356
401736
380413
347397
326517
285370
167536
394933
356666
208545
286994
128667
360042
181144
362225
180417
168758
434692
183269
167568
250559
441317
313378
153470
201624
453015
391087
416084
175467
282443
273331
378482
350515
342869
416949
147595
449199
128797
173657
160155
179292
266608
191716
288431
171847
295708
443480
307526
373688
382343
436493
223568
145445
419421
293307
221073
197620
234084
297663
146719
171074
388930
443282
288123
358904
207335
422836
205257
348518
229717
416628
250703
302411
376551
310590
145103
332439
279117
435279
239057
235077
308025
359329
408348
427992
293280
171908
223182
371472
210399
100135
156193
455729
158721
101210
395683
254859
244662
320318
288244
192661
299727
245872
235333
409024
118432
395634
426060
254563
222622
188066
359688
375176
355119
224275
391124
329180
304314
400551
261054
108558
394112
139692
430194
429114
329162
282554
349468
321067
264974
441241
430715
300098
323344
177346
239969
109518
191714
357081
140941
397163
147312
265381
323205
267310
294702
340646
345363
253532
390415
361872
333202
450609
176674
199751
177364
172117
169317
217496
442486
201534
421189
151625
269033
267789
345777
100682
121627
418076
203461
136400
137220
168088
181329
199894
385754
338929
229932
188075
336664
314234
201488
168732
272790
451246
130486
410877
413154
400213
409395
413879
269534
391610
272755
375151
266056
205155
146687
342142
266421
238398
330055
324565
342874
125130
135134
437088
211251
390090
119094
178581
429100
306695
236458
164160
129333
118554
235395
374291
445987
205486
127444
207558
106594
358753
420434
181655
410028
415060
166650
371765
261036
421103
282909
198148
344705
389395
363290
184003
213893
175452
456251
235550
403605
306282
116396
435560
241073
335088
280297
286934
237760
203359
219024
401337
436445
219127
183706
434495
165406
410035
328082
413253
393631
392267
253818
429704
106998
177879
408645
323598
214104
250441
198338
211236
428838
105811
444938
394817
138814
323534
384718
201053
117150
178098
255695
215154
293626
420105
169337
328944
226515
409902
418406
446581
365118
296847
260627
225474
377283
384271
283009
436306
222332
143700
109112
309561
120618
450675
229448
188146
210371
251580
339137
371823
299540
295517
234920
314193
369311
410228
191607
318958
387427
418641
381557
165885
380056
385837
236931
128661
379443
371863
273234
250258
103829
241508
421458
330029
353476
427352
228926
434970
134977
228417
292779
202069
181580
130271
213040
182585
394363
119974
298057
430182
303224
356356
256331
325108
156847
335274
298739
383886
416077
389994
288808
249165
241114
244908
403584
331642
160347
435278
341160
418234
226088
174971
263841
101807
252448
455249
112268
428669
349989
139173
175604
246042
102532
332747
183524
259243
107601
241652
231854
364360
276270
273241
293503
365014
259116
149255
336488
392189
349348
441940
405492
151764
109787
271634
129930
108301
446463
240697
294147
389649
343131
412683
259062
427864
333325
348384
243393
360650
101351
350987
396266
195125
324588
351004
261414
143290
364868
429687
427095
269008
136570
379530
373073
132713
392842
238323
185200
185761
330868
146269
224702
300033
188906
346249
426674
224269
337682
335578
417181
259583
285888
315585
108285
107717
367047
140934
193575
356537
421005
320485
203932
380523
105453
274809
412238
100188
234955
216037
360505
366384
425879
363900
451760
269174
428405
362761
438859
361670
289987
173417
153853
149998
337123
455091
453834
310761
283727
417550
385172
174288
221920
302086
110890
313291
399776
246389
162268
434572
252945
283974
348376
257494
121146
305999
311524
291504
104406
121984
260726
344069
231692
278771
151184
288362
293355
368939
374006
409183
407473
335997
356793
363929
398874
101303
205101
204094
183676
166261
308767
422335
209000
154005
145567
129713
281388
297626
310144
411092
291836
328515
403311
101727
431322
288451
239436
105837
154154
342662
422955
177472
442422
382023
320023
372711
423460
263232
406666
440648
359166
369289
196345
213987
158117
169808
180633
304016
110270
445466
219080
236700
348916
123774
307909
449442
442926
112443
308243
321053
293368
406633
306457
422653
310295
403225
400318
122529
109440
287288
396208
387592
108868
167070
247626
394014
315107
171050
150166
116023
127856
189921
220771
367934
144160
247081
130995
204111
412973
406183
329060
275781
281539
165481
346933
221172
133484
336424
390814
123057
377516
276746
282335
187694
241034
254445
211426
244761
139507
367272
314963
153188
117506
385922
163881
254307
109536
176506
375124
344866
162781
319098
335050
130670
260352
192990
317502
179531
240064
235577
226903
321417
446439
376173
215902
406582
400042
333729
425149
280370
398564
300452
200854
267970
273706
390072
124618
306722
411864
191865
160342
432273
217849
104828
164965
234899
132492
326609
336142
371800
452977
339128
298732
159430
404300
129128
443334
240980
434525
346382
273978
115455
288104
120056
354329
112349
356936
251280
450170
298488
383632
253816
148638
152222
204119
231888
454420
374038
145705
215045
256902
204705
182850
340863
382772
247198
200814
447204
176643
178194
232314
406934
284337
229559
100247
286015
181432
234104
345098
125206
253237
294043
189271
337364
170782
159373
449131
331773
243404
400557
117415
134640
405000
400484
283665
347153
185779
287149
319207
105118
327643
237737
106870
285819
107159
163412
288295
151587
179489
174778
239604
454937
146029
181861
188259
278946
383090
285896
217435
143797
419129
356710
189190
176057
197252
265137
241386
354736
199637
317215
302401
105388
358613
184842
408382
269651
450092
173474
124192
143319
177056
164647
357077
181511
246347
204306
123979
241190
338691
445393
317474
206629
214624
182288
151641
337983
202293
181853
164155
109360
266765
104065
157077
384280
427885
217555
225040
446062
372954
249789
348587
123040
237879
445194
219032
258819
436466
290090
402742
306889
169345
236864
439336
179208
237954
446640
244479
107117
332498
272972
274987
130793
301924
227819
170908
289577
396765
180184
145584
140509
205081
150954
205389
364803
446061
248815
310716
107756
436439
404421
258082
351686
292868
338380
168421
147371
133699
251507
428394
431246
230357
388519
193497
314339
346762
304097
431636
289747
288032
375586
212135
370644
119314
342419
324904
246590
148345
152712
119175
111260
372355
384290
421871
221023
441450
391456
216314
414462
271468
319091
238425
219475
368286
127640
219954
172322
416609
124858
243243
150036
222918
285400
141146
429395
217369
289207
238501
262370
247988
173430
182374
281392
296419
241558
323742
230859
433703
150525
189739
378210
398984
280159
127066
400057
129278
338708
180309
114437
367687
244505
368842
115910
172293
264672
162610
144865
390943
328312
174019
159708
420749
294272
215139
173410
365362
222079
269498
350781
377202
285141
298856
150647
156750
322674
271964
296477
299108
103016
309219
379709
316458
101143
313015
228599
166782
261184
303571
310225
293861
373259
444203
372343
151663
304791
288214
450510
394613
452823
117577
377112
385790
308366
159127
362868
367321
159452
165735
403624
276612
348502
125138
407518
336364
202719
213066
105996
215133
414290
455469
300862
199538
420796
319960
341343
269339
107000
285938
331321
435456
419451
264242
325253
126326
297837
263242
151371
396405
203857
422299
149931
374243
130417
444691
317702
308198
397315
110997
245946
446986
345931
415735
284950
174108
132380
377467
383070
371240
227089
178476
369204
178073
261884
410485
314411
218536
246837
247279
381520
224632
292133
103503
381062
219350
183633
326556
402488
353266
267122
338262
125836
274154
182633
368304
199034
139330
266886
316636
154461
220065
316526
235045
400072
255258
140620
157567
453369
220964
455191
171558
231499
150421
194540
110426
282851
444947
422914
418769
360957
145850
143788
204106
282091
381085
415711
197459
204429
263610
433772
380092
419382
155245
149753
105849
224662
426909
209040
304306
252914
231593
178507
126278
366516
275816
246459
123507
324482
267315
328839
412473
267256
136560
266737
343876
244609
144177
427227
262411
166622
323439
347178
128564
312633
163169
125767
398855
300076
379177
143974
345729
273961
145830
367006
191810
394861
100134
313169
356719
156771
107288
218311
168079
124224
291382
273679
288810
327114
400508
296320
225181
415610
151690
315650
389928
424385
213025
309529
243506
214771
178195
175694
241859
343175
334048
384731
374100
342216
333205
287951
143400
103738
249638
155725
340652
181042
338881
209988
154323
203593
138370
172528
100217
298158
361737
201366
380560
281516
169846
200920
275184
317771
253187
317046
314758
242253
188159
120828
198081
274242
399989
221905
118853
177945
162750
245116
208718
407297
166969
365800
107172
329639
250124
367244
144905
114022
186282
285096
418095
405481
218793
265017
220971
107528
426129
305742
344084
391407
130289
126051
195852
299639
160664
310137
376469
234912
408430
146195
221188
293250
362462
354722
382516
180091
126597
345985
430417
336485
399772
232677
180299
280019
139334
206522
435947
398312
338122
380189
191561
444750
452181
240672
297285
428303
395196
295382
243525
379966
173631
313198
312745
352763
441862
165319
233031
111940
209587
273379
257807
219997
275618
298509
443568
235719
181365
352895
301111
229122
276407
404967
336668
177873
450316
259517
229047
255368
284451
385414
208173
334709
131679
330321
394966
352865
291244
268120
163140
110053
454871
401394
353802
137397
188515
340742
337725
219263
102189
448120
417671
453739
247499
211299
207591
187122
154986
159955
257323
185088
410642
272811
330615
365638
313979
244648
107076
126729
185921
133938
207378
214483
397675
131193
381129
186189
144158
123791
409670
282411
231233
178666
261186
197981
167242
221247
336799
336186
142138
106700
123528
169362
246367
213849
334339
216009
407068
239804
376956
214749
393001
178933
201046
176649
113934
226464
280241
438572
276322
422848
203306
401563
392014
252604
428038
441057
325432
134749
244275
289377
187083
243418
303019
118092
450240
351889
241993
180023
354932
248333
344936
315562
235032
393375
326300
365078
331417
339376
397589
370606
278911
253434
399695
345130
212239
151997
383851
450551
288117
211868
170652
225520
226084
351675
362840
213806
389193
336259
366512
402123
244293
258110
246596
451953
430865
405918
416640
152386
313961
115027
360354
326541
344640
166976
232882
207900
121973
329049
347353
199231
230886
445479
370799
356110
249798
288975
175434
292351
142509
336780
274884
352203
159640
267223
125992
146540
307882
386887
271263
134873
257418
381781
358046
324759
449725
118996
235515
280499
182317
197372
124755
436403
157371
272880
271229
157525
227016
174080
161830
339264
294699
308617
184533
443228
426939
192024
321045
326151
412830
112564
315750
160401
106287
440945
402194
226761
235600
331999
251218
199788
220534
138331
171167
435479
416155
191387
216076
162768
281698
272807
226292
130496
338473
379642
118674
406590
416100
278247
186358
222521
113274
158027
411732
250726
128221
436167
119545
446130
181738
437450
248657
277485
243421
223069
141823
225538
170625
102328
327921
367299
420840
209309
440702
256565
349181
456113
328036
394158
222986
370181
393099
242900
273009
321595
293685
205343
389866
236851
328582
259717
392657
271378
267828
346232
330073
197175
227184
329012
334685
353055
180165
294299
103901
161292
239455
193804
257782
262176
280030
206610
230613
423882
221219
147310
423758
175219
219343
374462
190241
175508
393561
292888
412792
341208
107587
372783
422209
375459
247467
402712
250537
243225
229345
190660
401562
373216
253991
129845
146366
299296
451776
222832
136220
418833
324065
220253
292865
117027
349156
273223
376836
340581
321231
221331
101952
269778
278856
287074
243368
251089
291917
172106
162588
108963
423728
391448
371937
376120
247489
221396
210613
141117
372638
320388
232564
151751
378264
406093
285092
183378
132620
269582
292926
415944
400083
420474
142864
450205
317009
411788
409547
256915
233844
192302
128307
402295
258847
266631
109419
285869
327883
455505
387419
233644
138974
398320
388795
184159
432797
169336
131468
137135
144093
161827
380170
443620
150890
441367
218972
392681
215391
427794
175552
451471
321004
350485
270226
157792
203239
308620
397489
350673
379703
102588
259726
150868
429418
170240
227554
403782
240529
182160
285533
175601
177621
277639
307559
247998
338370
145019
144493
260742
295173
450188
142934
319978
294496
303147
171571
446129
260653
412457
316256
232376
373076
193253
259383
296845
440544
406703
354951
308646
115153
177400
413345
337222
101231
392516
427427
254203
170227
189736
290701
264098
306797
285199
185960
275579
169277
155233
103234
182513
201064
146448
260501
351013
142022
437760
171272
210929
386181
207155
436729
258356
330367
135781
285053
111317
282147
212142
201553
316452
444260
428947
190914
253220
206493
197873
323843
307931
222168
164391
217163
148384
207915
336073
255315
354054
321721
425473
120066
326207
254615
316459
374020
281635
196408
383302
443995
361099
410056
404491
218040
127485
154235
214880
165472
338765
351354
183989
250780
415776
445818
296738
433295
268239
231403
107595
242489
363217
231611
302439
249506
444062
263949
370680
287236
105609
435653
317892
249727
227237
339349
130101
312111
418546
141006
298992
281071
190027
206725
302569
108619
330323
363479
244405
294683
241909
230797
410532
391964
380162
429304
262344
133241
275563
113431
224801
320832
396783
169371
379997
277586
379350
347422
135984
359997
313987
409339
334363
203578
315009
265132
394053
210110
362058
409854
375134
356419
375641
454934
305892
113370
362554
253915
348840
107473
438565
348236
172746
338222
266043
222472
152797
221552
335730
340205
337860
328741
120456
378416
227938
225238
360817
426337
186312
343763
330662
391149
245295
133829
384888
104689
379941
172242
298259
248206
314096
433241
454274
109908
314857
156117
234836
425145
119674
407300
277670
444761
300853
100420
149322
330330
343049
188386
305960
260854
335335
232572
201864
190332
355112
110833
272003
427951
297081
274376
198308
148684
224238
389654
120960
115137
445718
320323
211530
343568
253777
358670
403289
422887
264070
129758
425346
168134
400935
228428
158408
335197
354952
344257
171024
261390
423307
259250
167330
418515
380105
437181
217997
273141
302959
184377
411042
301627
212882
356450
392126
161849
439856
272700
183684
263618
181545
171439
344832
254148
139202
241500
189554
226396
131308
437866
365851
263070
369895
134198
170717
183987
226389
237893
423078
298311
194896
149191
114597
320688
124304
287638
118252
112816
229134
255328
355793
409314
273499
392420
443188
248957
348435
359895
320337
405979
426536
250912
391100
316361
376256
215293
399984
312574
337812
245660
438023
246320
217685
439238
292242
357552
417020
134836
323751
391833
383862
122382
416388
220048
133958
241685
161950
251132
411805
257459
411629
270720
237625
314275
161236
380374
194499
398846
322183
336602
250549
271188
332603
262803
290739
283844
354786
314215
390442
433377
316715
163850
158657
433671
415912
184083
277939
134428
191095
115330
244584
312619
119174
139800
248119
279624
205320
149595
176637
415448
169672
212864
305771
426184
390892
100376
200562
415451
227289
173977
381631
179251
292707
371801
327775
216537
299819
242216
154941
137276
363476
350693
250674
330893
294660
201370
162984
191300
391819
137723
426908
302594
271715
406070
359362
363107
357330
294326
423902
207909
218684
443398
387736
343199
100338
435010
305053
255583
436610
399649
292761
393490
244684
227555
383585
288738
238715
103677
195303
192413
216440
364568
191558
441162
217100
260235
363406
418939
303626
273124
446873
432264
143563
265066
411762
406458
160050
110259
366415
314518
115395
103350
446656
148611
263986
342146
424540
170683
357493
273571
438595
277982
397374
357036
263889
193007
339854
448889
449674
356509
300083
360358
232804
238465
237813
169841
100948
298339
229911
307169
264952
307501
404588
150165
436469
315289
243439
244697
285573
366096
267493
419985
224352
287497
417670
354283
244930
402065
351449
212017
234720
178543
142055
265458
190733
220098
430290
262428
360722
206558
224649
187511
235001
337553
295391
309206
101790
332532
315315
431453
347699
298338
251846
332223
262730
340980
327304
294909
379806
174345
311783
380849
427406
445206
239890
268206
120392
328360
206588
139251
308341
181843
254844
364182
244446
298305
417781
294589
440246
344896
152885
220457
314636
296458
185148
348307
375101
245539
300512
428910
403906
168206
173257
330733
435639
407912
450849
311213
264166
108401
420651
234275
362184
282281
295430
387391
274840
382077
400582
408211
376138
363482
179129
435218
198273
158242
184178
232017
122732
245229
324630
435282
196336
103890
277659
299445
176717
401747
208904
113107
316028
191629
150792
403390
449729
226129
327430
316551
106016
346250
256740
421486
313408
235655
190640
140079
236056
195412
414118
310728
315828
192778
113241
213322
197099
390724
350962
335194
346873
231718
434228
265502
267613
311334
165751
318972
305211
141341
406930
446939
224355
131469
139156
303853
149838
163778
404819
127973
156792
228981
229754
319490
135968
313790
127457
218852
281943
298351
264137
236225
273522
432344
422650
186378
432173
396014
398238
234747
364602
276316
125178
455731
269864
229439
251148
121753
141445
412704
429713
375977
294727
325903
172110
424593
306737
351755
446474
438420
166344
117079
244751
133125
201610
373476
184391
330630
293207
360233
438925
306491
308815
335987
303760
204170
307859
146099
212032
290750
131510
453624
164499
150540
427559
324459
124452
157172
119830
190488
172423
263943
141913
430118
227743
420742
187966
100402
171232
244752
123065
339363
364717
368522
214853
302485
266912
180926
250305
270671
198684
436676
408333
106999
176812
389292
405497
361025
159855
302376
265822
294363
302477
277265
300724
172974
251161
139566
423437
221374
334362
378465
372177
335715
126899
327810
200988
338284
217298
356664
181648
258878
162437
291408
325048
337346
380679
307094
111520
127290
190933
127389
198965
154587
321114
113474
384031
399485
380377
335540
421670
330832
128370
109876
410491
149457
441642
251405
172509
445385
370958
111930
161893
261638
397756
216799
365159
426892
259771
164051
101000
414685
322507
252572
309288
241320
403886
357324
214875
172401
419008
387318
149027
241656
127314
110208
100419
385207
133812
317960
225570
334563
108398
424060
233622
355154
328213
306225
296382
455141
419368
179108
443641
234211
174392
172011
169683
125147
242462
367596
158089
253770
120892
203279
154077
289041
362745
308195
127801
298536
233789
207862
141890
238177
242006
209803
382700
376308
107016
201987
136165
138641
322989
203032
401661
234843
100576
383594
347995
256280
131359
264647
167280
282601
252741
196335
363373
129144
416486
188607
223092
104778
357898
398872
128692
341432
397998
253307
200844
339101
153701
454111
368313
379912
317985
416664
162254
260520
256979
171797
142197
118703
271999
223191
178355
447205
182055
411619
260343
109982
448691
280046
356412
422641
125230
176443
393005
331658
103616
340314
322317
348413
364304
164483
405161
328673
354978
165355
139142
158292
341207
258046
102761
455355
361657
207122
417659
182622
170701
137443
434529
394903
272515
164626
258359
283007
183789
129056
445378
240293
383619
288513
190427
414805
274631
255134
267713
197821
188895
133866
139853
113293
396300
440564
346649
310477
389688
262425
305720
263005
454100
383372
358982
212230
161763
337965
387988
248900
127344
437118
374480
297867
409122
166811
254269
337301
169018
159195
245199
256958
112734
442618
154348
171000
167817
441787
170778
368068
291819
213785
124779
112198
297261
326918
140486
354216
293671
144856
209079
213754
255943
253453
356677
240017
211201
244785
235913
210880
222276
178991
332711
355501
130822
232967
322754
408709
290574
372723
174852
138071
321123
194352
328094
177096
269716
183194
387495
332081
415432
352279
233754
114582
223185
348414
409963
109806
343785
449930
380534
150221
134462
380312
191297
436746
276970
215190
271027
112155
417972
285446
278393
374064
316332
177914
450040
188033
384734
344490
349549
362398
244248
183959
374433
171008
251515
134269
228034
309094
160047
303348
422576
248837
406678
152043
296404
397574
139469
104991
212396
209870
326264
265316
327000
213344
455618
146622
421619
319750
363146
321891
144584
361671
310134
109509
233828
411310
198746
171086
236605
390980
449204
318986
195748
255650
151774
140757
227754
324297
201922
178885
161052
168114
442143
454901
120653
186808
405375
286785
335539
357495
331195
225867
431411
242019
398395
135482
362643
336456
299482
313383
326674
140936
218800
226059
262843
308666
370437
139847
191593
277329
279248
235101
334772
306385
173067
248324
272459
245684
192566
317185
179393
285843
215338
233455
333954
254888
161047
375733
312578
406164
273736
190202
253349
215593
392000
383474
363934
172422
292301
165803
395877
411893
260404
211664
370762
181874
398310
388528
279307
199910
402839
264552
225504
308336
196764
298226
187140
444613
407400
368116
247090
119158
194138
247889
289522
410866
159618
131777
257849
381654
100410
270680
395189
233066
196479
354391
417506
170989
260593
290376
421679
312237
370898
109420
291973
100887
399910
367922
116489
141860
310584
327378
126298
164765
156482
172087
160989
204010
371839
193939
243218
326742
384895
316523
122923
316646
417069
105287
360976
138722
444669
435449
110332
211848
338887
308878
397859
149701
247345
397012
157204
362796
300302
207036
289752
334951
230986
118042
255453
392557
310180
281393
398868
137772
162951
367511
298297
162563
336947
411273
312690
243370
265202
338198
380266
213370
416111
303578
241607
142194
338141
104316
195348
213505
169621
420597
160032
349155
177593
267958
383570
269290
430764
146024
273534
280489
216334
151345
412386
232979
108895
370493
279984
278374
355527
418380
410131
400613
306343
426299
359457
101464
371920
401629
141886
102947
259653
335932
260224
111642
418622
385604
187761
208858
243153
196175
113024
180435
126948
207411
352459
188341
275807
390925
450320
101166
118419
176749
404893
150124
126769
227256
378358
440089
300111
253347
354891
446266
268649
244380
425356
377902
377495
363111
323684
411917
119005
179776
325187
175382
217843
443432
129494
276083
353685
365521
380336
124042
255931
191008
287070
160378
454136
303942
130163
210257
437870
342986
451387
159415
131886
332194
153383
392770
439138
406959
100465
341961
124041
218263
110541
113717
247322
289552
231535
167123
147107
214888
117642
259850
288242
365197
103190
283102
262375
293898
215804
351072
256163
376417
299246
349009
212641
135143
315328
445456
119438
423578
326813
136036
441038
305757
290516
263156
215998
231898
285219
339218
181817
433540
294594
247142
441110
181280
298238
243724
326158
278738
231236
299629
151405
275031
214577
351503
140733
258517
132356
126491
190223
438553
262261
268289
235663
416726
353472
205841
310675
255330
412376
368931
298958
320301
206835
411256
165816
278290
221082
403197
108163
196104
414161
438980
450953
156536
341814
286269
247247
180832
302168
397506
199448
181680
256232
139335
146479
387002
381299
347987
216106
122246
127872
437784
318356
302505
367039
102682
401429
349064
410252
288789
415632
356075
421116
215018
266719
182941
414884
161669
346503
133567
436865
382257
378947
425890
147956
180328
333131
150183
111188
140431
367669
161282
194078
446914
178719
393392
396090
285902
453231
220509
149782
252339
430141
214672
336294
222247
148128
378395
231876
319699
442194
412554
265951
450021
420268
235031
288581
317678
208061
196263
418504
282610
198210
288406
203224
189028
215144
258280
365651
455453
178099
219399
415405
171075
261919
202868
308857
102702
375288
389186
323713
170616
343808
210844
286560
154799
287352
227810
441960
299519
326257
398913
243420
449370
104400
378941
129812
217140
345615
112760
395765
170004
449407
444665
308626
167241
253667
285348
413908
286910
257077
359181
224060
261127
394658
242456
378282
393538
199467
131689
175070
440809
139488
420272
207650
430737
284174
206131
195771
260299
120396
186790
294368
351063
166281
336869
109057
345521
187683
449432
214183
436489
185123
113724
404496
292101
321901
128832
360444
309812
122137
257185
233986
310255
199649
321230
270137
364455
233563
421435
373983
223463
272724
140336
403810
225914
163130
364041
219444
185602
408221
343117
402368
182136
223929
121490
270845
363125
210392
367255
435357
217019
114792
266144
200887
313136
408436
352138
399010
155996
334133
117915
180251
302704
303729
172840
345111
243917
284123
111069
278260
311403
353922
131646
189794
392875
172869
187834
378663
265667
272102
195143
141786
281050
249234
285123
450678
262409
221973
147863
120879
198993
198890
237264
198950
377266
281993
116953
381573
387253
352761
328849
429448
145416
397730
367355
411557
273370
135228
286148
417273
276922
292861
419465
269396
126774
240274
228464
301745
167106
383593
223622
352417
440198
301933
262892
344127
448802
284206
400026
227688
387090
279365
313009
290571
159666
413033
282496
267583
368614
413202
307312
126413
100820
327368
426318
204361
228675
301371
419527
290716
308905
363951
322482
148732
284954
384068
223013
371125
132691
214057
227544
432857
224883
212103
143720
412064
371210
290906
118847
198935
382213
310756
288301
249807
187453
244516
274895
411708
261368
300157
147519
287139
114994
244593
261269
395399
319933
323898
348573
176420
127935
401384
318465
219014
256095
273528
245287
148160
270427
227774
392873
197596
131319
328406
115991
351524
298214
122146
115951
308855
339555
166334
445004
330454
341999
239544
122820
117151
137575
424045
228422
328590
255939
360351
408358
248147
193053
368106
231743
134362
309687
320569
203881
262823
259245
430469
240667
456196
188578
177520
317095
366717
196380
417787
194096
418995
368870
157621
220089
132378
348658
216716
151479
223381
206951
361012
199196
206662
267959
350629
131115
435606
343283
439867
195794
433689
237358
110621
248458
193784
142628
344291
164041
204379
234632
104875
334187
300609
159458
133079
451031
147496
307552
426629
163532
383135
371931
172332
368718
381167
385426
381348
214525
149920
117389
243561
173434
356840
242331
221661
109474
155561
225730
142445
299950
366102
382081
334264
199465
197284
217530
178487
195964
176143
381254
109639
181227
231338
424070
197063
150515
342648
210028
418038
372131
129628
288870
223570
368837
146085
415364
304068
118538
144014
186919
396757
304833
378191
410782
278921
449036
144313
388000
384377
309666
102621
418831
440684
266255
297041
342734
143756
170373
196309
106681
346605
367108
199605
387446
158019
420343
240240
412625
132187
207434
114342
267234
345748
125550
297500
223962
405131
195913
235587
113323
128019
314676
322954
391585
153553
445664
149827
348152
170070
245267
183978
215270
185901
373934
282290
103666
367585
268777
137275
331546
320537
106007
448249
114413
100610
192582
388469
453842
292109
264463
120472
152468
343765
228350
358000
303065
186710
340639
199952
265156
421705
260677
133915
340265
360462
223931
240148
124278
388288
296673
364125
312326
255707
278046
125168
331882
275625
265908
316235
157225
427625
454144
226028
404803
426156
412933
218569
348161
420141
337415
247243
353414
320556
303048
283694
333025
115213
364499
168481
397245
451051
199993
150836
417609
386163
309760
226554
296548
111659
145897
242571
345848
102209
429433
357452
387524
256515
388500
307239
213578
240328
352054
185137
373142
246205
293108
415383
410979
359621
297679
259940
309828
284016
343065
415182
420016
138293
416957
240928
154126
122367
369239
103307
341575
285383
358063
196422
126085
305682
277127
161590
100449
242663
212589
123198
135563
158383
261428
138016
207435
237398
241717
370857
348425
244471
198369
320471
263155
418089
449159
313955
316405
314813
350976
278481
327323
245630
171451
334510
196467
444055
308964
435755
341054
398803
346498
218044
205150
179069
442120
279162
201142
455576
450714
119955
373012
294615
327848
450585
387196
321494
436626
302035
356141
279669
127388
201139
452304
225726
221130
276346
277469
122882
179430
452960
113102
361903
372369
325620
102851
415309
231182
433997
238055
311413
317102
210606
234422
279264
184279
390487
295253
167769
374861
397635
352585
154725
425612
265322
341854
335869
409332
228951
242152
377900
208321
103226
236925
127857
381813
356520
170194
243316
339096
433428
121174
220028
373881
368952
370365
291253
415098
156185
149766
124144
140160
444597
322439
131727
190083
194790
124939
180310
288155
360112
424029
212356
374953
390023
344211
182562
383900
159119
272711
135898
331275
240913
390651
285707
328339
108780
119598
450985
191185
290120
255306
197766
340860
242986
383669
169067
416837
306366
163842
306581
352185
330714
417314
440468
231959
454011
272203
397018
287165
328009
421075
247420
198994
225011
341405
448818
194426
297753
440537
404772
303595
114807
229366
403950
286403
451895
200284
344796
450977
403503
427171
380369
156115
136646
312781
341033
336059
274582
114464
299214
197211
117069
402489
348415
346255
238235
107923
155227
151651
225871
213703
230678
438930
361977
429929
333536
153407
342189
322913
323633
204492
162433
128712
272887
347911
137019
419604
351405
121949
195568
248433
239917
135524
395998
277740
106406
190249
443865
268067
229989
172245
242558
251991
120014
380321
134147
295273
285043
252099
260022
114218
124784
409002
132592
310518
430883
262819
451572
396225
106891
159607
432321
172872
336892
214266
217965
328618
405108
250694
162731
374709
389874
118557
348235
273877
232763
293404
123272
342110
291032
338382
195397
113983
421164
230137
184115
231340
290519
294899
179549
298874
422695
378302
235737
418066
120499
133134
423627
321301
441441
412897
143866
293237
138001
206368
153603
346349
431091
302171
343670
278276
209210
295327
141621
299058
185811
443453
382920
208572
218610
383465
170687
328719
261614
347781
113964
302435
361385
101521
289611
445333
445596
427277
126139
452365
139822
185752
404397
448558
363239
323002
295544
124512
224083
426059
431166
257079
366894
345472
338739
371286
217212
319766
220005
127368
121861
345503
210355
243465
239833
194027
320262
139679
312459
187263
243820
384536
240487
344397
365267
202064
150800
322476
137702
187595
350704
410987
438664
374347
283993
288523
435085
431958
300066
197925
176825
140289
208490
220172
352470
417494
140728
282058
258285
385322
147973
112463
162502
365192
454791
449123
250687
220658
193439
101238
379795
236168
226420
340039
150711
260494
145230
199881
108222
184882
114720
235294
123405
237911
358779
282714
447103
161591
315901
248277
352594
393837
258442
195909
130295
313895
409067
237599
417360
392700
391621
372962
159065
274673
359403
184027
222777
222522
432470
240726
435254
191775
191275
425101
328214
430758
440657
386802
312221
415327
344104
324009
201358
385428
357262
229748
159520
293336
208059
239028
283601
387199
106246
272705
441262
118182
143193
445097
293903
103635
434202
284636
453818
359471
391085
355203
425097
203789
109121
253219
349290
320801
187293
358431
350428
252548
150695
212522
424088
326889
326584
255444
415029
232735
434067
447695
247687
117372
382093
385725
405029
186519
397979
155505
187901
201194
410061
350551
308601
395228
115897
367354
108684
185345
388134
137016
294093
233930
431978
241103
144041
140613
299936
308112
172580
370639
167068
415157
160750
398930
452152
113059
369166
390132
415893
431351
292294
139635
379277
186579
373483
335529
161626
396141
129155
349856
207406
121917
404091
249645
185756
363225
139115
294162
121270
164625
136325
129497
248142
212749
392989
347431
333993
274947
253798
270285
315492
318119
286769
377566
327485
257992
171036
284815
220844
377679
437764
206704
264293
438887
375525
206034
257468
124314
367423
112332
357667
229728
409732
140544
112432
218647
164128
368735
134835
293186
327942
361575
265682
314419
295934
159965
151695
449429
100121
333973
340730
444140
203545
164566
224904
316904
402343
247945
413173
161383
232928
256991
257193
272415
217240
188495
151424
227287
427580
143824
137472
317479
316227
243444
343335
254813
347464
120880
416495
242791
164810
135413
130268
264707
418743
104985
131134
172530
293947
211029
277570
433243
366524
338194
258942
204238
294788
151916
448437
129624
338966
215200
145261
387715
139571
386119
136779
287809
405564
319115
326776
446628
155754
315509
263567
212053
127883
188007
428050
111010
451496
280493
337488
267246
274009
312777
224373
427942
452374
319925
217890
220138
142013
385840
315180
206010
136247
288550
283252
254356
112700
264146
451269
332895
386390
277257
357517
406037
163237
439436
427426
413889
359357
354155
251896
411818
249711
237889
222772
102866
307747
327506
134140
284469
425699
407929
157466
165416
331733
447786
268813
202843
370464
429815
193459
421484
121717
235308
269657
267377
187219
410722
269668
222943
449266
349382
334145
343983
144693
248901
409186
386104
216875
287753
274301
407566
233696
428846
176666
118698
302562
383921
202531
193326
434394
105143
338263
361869
199944
338443
352652
140362
427287
128559
129550
363521
153371
204319
430940
421361
381638
158239
443629
158418
165810
160613
209704
147638
455302
432255
227456
255822
415298
375771
293601
350147
324123
367704
329454
451187
406557
454641
135619
216614
126599
306515
408640
142345
418986
177273
105262
156524
419884
258871
239916
410029
371209
117629
170223
178228
275775
146489
299697
158419
236251
401779
267595
307840
219023
309222
191968
278233
365786
430833
192020
346624
358297
296004
178167
423042
384413
186974
324124
361991
448686
197037
355395
326745
438853
195493
226139
168033
101402
133838
237363
419572
225896
266547
424434
109575
332011
331097
239783
217759
140168
249573
124717
452475
256061
163602
371637
392966
450456
335970
268203
455689
415861
221055
120657
455978
371188
332535
179473
361909
263095
174309
258019
381834
238728
138095
268737
241662
289896
384948
253685
387124
217525
263880
406424
308567
136299
374329
294922
419881
437056
298464
173243
208122
269215
205938
154636
342850
370381
290444
111516
348614
409853
221471
167775
169942
421187
226049
371379
283552
317139
197430
256230
342710
225699
138516
387917
228220
245433
226009
120157
220297
111325
228140
334136
211179
358073
269214
156646
189309
332830
369962
333105
234108
389724
295375
126023
114019
131419
430215
105668
274104
239835
156438
446670
135586
203666
321543
318468
265288
277097
352408
385570
197839
340745
196722
278407
185694
349207
212557
290080
384026
454590
312027
410977
261696
343123
361262
201333
256128
406233
397518
397473
413097
150834
388314
405274
263552
389576
309589
169499
266649
291585
455976
278571
367242
159280
192993
427123
256739
262835
318487
268128
332742
135444
209677
105120
267883
190853
393806
319224
447850
229589
266490
280256
256028
341211
204499
100794
349206
197392
291508
163026
161997
162335
190068
167062
345614
406460
219974
346896
136305
145649
248274
288934
392907
328699
153332
298796
271620
331133
242089
253774
274387
114142
174759
316142
238913
238727
430774
145189
329670
405484
273635
347672
266771
186434
208767
349462
188035
420824
206955
439449
282129
305585
136024
427600
180204
209226
340951
433545
156714
413930
192538
222523
283545
240054
394463
259892
175185
379395
419054
378262
263743
444044
185113
380860
339064
268339
190729
271959
363516
267487
387919
419814
230733
185170
224878
365956
393180
321858
289949
334826
240699
295875
422535
403056
422418
276257
337760
440486
210354
287443
408367
126286
195732
263867
396540
364736
105274
148246
238464
422563
317195
407557
194845
273517
385321
439135
421259
119258
409499
278271
308675
345140
441494
268256
321800
311729
211016
208532
341957
160269
407202
239447
293048
191900
304965
435548
140443
292495
170090
339611
454213
322756
257346
221298
308967
298334
253644
227842
452657
400521
115013
284071
334403
277250
367593
378326
406840
142799
117460
336952
349602
114346
221025
279339
266995
377009
160696
360980
380419
260765
243137
324332
407472
212091
282806
437581
311751
140850
372528
348101
449550
357864
354244
400209
437398
296107
297744
354065
282897
377370
188797
337724
182756
246784
247138
309716
389212
245811
132559
226039
288944
345909
243885
109606
382307
344471
382608
378765
327982
255437
214736
328682
324557
195590
152439
438329
381528
191786
126600
404529
131600
336093
140354
308372
311906
234910
272232
247940
205305
286113
293424
316281
141122
351195
410809
261239
208261
220261
125442
267137
277201
215099
308687
290652
272742
129798
364003
416317
204861
128406
443489
350027
110665
413411
101132
334949
228642
278989
323196
164294
429128
170011
105057
269369
137803
394523
175241
145139
443660
180769
369724
197460
391163
317947
138228
421289
347284
199103
412585
323852
168829
180236
358643
208150
311200
192672
121674
235352
124247
401515
213074
222829
284851
130842
393798
433613
427592
445312
451108
270926
299676
117582
389456
105821
358306
106082
228566
367966
374236
406464
201867
257996
385567
321229
120055
445862
310346
444793
166451
168432
403026
285789
316545
164866
347036
119944
281488
351821
248776
456137
401377
174022
135077
235928
414520
134667
242493
309352
199540
234254
290332
260201
113015
206102
290621
308837
323580
204602
140411
268784
377346
389404
140671
389582
105935
364229
371411
176988
129474
412931
252075
451080
237403
118034
448487
311043
197007
169324
276128
225810
438849
269063
307901
343120
435591
369702
159270
328299
421288
122596
344503
337928
149973
357516
280943
130890
325352
100890
344036
306872
180877
123994
105847
318990
155851
195206
236812
373940
341886
221650
299606
175726
238569
104848
269210
369455
426701
235982
118987
446611
333047
433028
268452
293380
185567
203752
342849
168297
414756
195554
343839
252297
354957
257737
412195
108013
289253
321628
225873
429638
149879
385518
298693
210867
104558
284489
190594
117304
370979
101212
145428
104358
245838
103283
329657
193828
132282
303466
310057
196442
356842
374000
162957
329470
352605
139136
175000
373253
162060
121749
429333
375817
222378
256010
340474
392072
136373
340049
151297
355227
269927
412388
124899
302408
215041
238079
115043
391400
335992
328482
285129
378484
365852
369519
240007
305213
439889
451346
427918
214145
425549
437372
246546
154312
426545
158746
239993
398317
346176
402814
104225
430499
107864
122881
348260
411378
175559
140971
210662
176161
167145
149690
442103
240080
232099
266429
400356
281975
132749
358180
135329
143313
230017
314979
337513
423948
265363
421507
364601
286948
137362
369059
383324
194705
257683
248070
404935
306985
133536
445091
303178
408343
407179
162877
364044
120860
447714
224127
139671
294330
335584
374968
448043
101817
430265
424133
258890
203451
341838
334754
288506
197484
302201
176364
297316
419945
290265
439465
260307
451841
260481
431217
279795
170868
331488
295784
370727
220234
441751
318837
310457
354833
122028
210296
320185
395859
295076
390992
419418
424499
166898
119900
293069
335998
407317
383473
351666
394816
399633
436346
287882
349917
311987
270071
364450
453857
450445
279981
251230
130798
387315
443661
392993
258917
181491
310524
256508
114776
162997
436772
283941
118914
139888
293468
357752
103360
197818
394964
116538
141906
197186
249822
416217
452730
405939
263246
185119
361318
117158
389950
238966
175388
232827
449721
226736
437414
361790
434398
223617
215601
218988
326380
361097
262846
245597
267277
324515
270889
277605
133640
294404
100233
352494
224888
151922
168734
255099
241852
406431
190126
389655
410768
156770
361333
361736
119384
413103
168470
352759
168907
208803
425737
365202
182487
400053
388615
298707
141016
287409
308258
336847
452635
108784
289526
348392
232757
413639
227646
417511
237400
366270
397830
446405
371343
450470
372698
281415
417535
350547
105309
409872
147799
442423
130405
245268
239188
402587
125755
252319
224981
191352
253401
361876
267839
333094
288318
383782
256336
451106
170137
108453
329996
378156
276014
221317
258340
135936
194532
206386
325690
277135
193871
156102
334380
133725
355919
110342
118188
108444
239032
161265
124324
219807
351997
143881
245350
133115
455785
152111
394413
364445
329658
439433
386033
316836
419807
109962
343565
377412
437526
401147
410385
327473
295336
142291
238624
278329
287342
294576
216646
444960
250255
389391
101167
242290
125748
392256
433497
394037
175541
439058
437627
226538
291276
436460
203710
305191
378643
328349
327166
404931
385521
243041
200337
211949
307571
353672
293017
192952
305860
114602
335819
352801
359950
354502
331663
178118
443221
178035
203778
198827
224424
330652
236335
122511
116449
175009
121842
429343
209917
246083
115799
244445
160097
437872
279270
239477
254589
341642
120735
126527
368006
113836
107537
373903
431880
309614
387221
398018
224794
256857
175460
236730
254029
260691
181671
452940
268294
235624
142081
175470
208709
413143
263399
366620
300401
183960
136790
420576
428348
454134
409336
341571
148214
212944
375995
410649
448960
222660
218856
124600
233881
322128
391334
178545
106856
189693
407816
288885
408773
262514
407913
395349
218995
178142
390576
166187
239688
424786
242451
206278
297187
292736
348968
204246
190472
272881
134642
279003
230772
348568
243767
434622
328873
157527
137639
430352
130537
297459
244900
456050
204841
179056
201318
390258
360389
256362
117413
360464
432033
405648
163833
323621
112997
117104
196264
431264
189281
361021
269108
255283
417800
242202
314138
142374
122528
252360
151721
202175
297186
228550
157870
427432
203491
337203
267508
185508
125486
167575
106962
136932
205271
282868
323384
193937
172410
162296
109835
149063
336246
246924
267296
415981
192660
318662
152108
226315
194751
226858
228618
183103
227712
247612
206107
181854
327252
297560
386039
375739
324238
258092
436901
370310
122763
415247
360525
416620
265983
405359
350064
107032
450448
415222
178020
176760
433593
138368
367909
185455
413372
303882
220306
375632
220701
242213
339882
227096
185920
167729
221390
116286
348947
243727
451891
277636
215832
288852
393527
411980
163256
359224
343391
142217
218606
447576
351555
338775
361490
386134
220532
290948
198088
422463
180662
124797
234630
151693
407723
319429
135774
184675
325713
129601
301546
220335
263941
277643
189706
150969
278995
154987
384854
182495
291533
219633
410078
153697
343872
330896
227512
368809
148003
452035
332528
414040
188203
436699
211452
188112
205406
203538
292479
439488
330705
331781
273846
252245
167885
199938
427479
265293
190096
167344
142094
104217
160807
305782
189732
411151
302636
182833
454339
135999
249737
302762
297357
322963
251982
430687
152671
275167
250451
133085
297138
128603
229657
182725
155782
418267
251803
355500
381746
370663
175836
315558
100892
360729
346330
302692
229249
374524
286381
430137
116503
373960
385826
367548
196859
162896
278697
273767
111732
362264
168017
319069
352072
194642
320008
183047
179402
151156
301150
175600
304291
422997
302529
120876
105491
449200
436305
361721
367447
356304
344619
303260
192112
455603
157284
436340
178544
256099
442864
412719
153264
335439
367932
367708
436188
143307
319495
149088
418069
295947
320327
437955
314221
181384
444336
355458
292008
177252
266335
319848
351132
371926
403657
257955
316136
361208
263425
442402
111931
385965
311412
139150
399433
367838
346516
146391
332059
369589
120447
231008
443798
311777
160086
376989
430787
304401
428705
239279
444121
107042
324842
380786
224859
288311
425178
414483
266696
448978
441899
219826
137021
149560
306188
312706
427327
233141
236455
344844
158909
400444
187545
421122
331918
316381
319031
215985
370452
126390
370249
452382
233267
227885
349048
389050
123725
102764
366339
114528
256451
214524
372052
289356
420543
403639
170576
340037
362234
236859
398873
380891
221093
200361
239793
119992
365884
270820
350896
349682
171535
242548
225463
332151
290504
333836
396876
264824
355444
368701
232283
251888
436275
345439
258657
170067
409797
261684
359335
187726
351128
161295
411054
449964
453590
230101
301215
414877
375946
279693
344634
255053
280443
385502
230269
441631
396857
315944
216223
156589
372811
203266
428375
280490
371154
284436
143490
171822
377499
218005
151842
278590
210592
168501
283741
193857
384237
239445
246099
249010
175569
230749
424315
415140
344354
119941
200943
100408
411503
255375
273357
257455
426736
227893
143787
330403
183668
274454
345701
410021
349444
389498
221337
332316
162178
261851
293742
349948
382512
319469
262654
104855
358804
127356
154619
143963
240977
281602
239600
236218
154371
103057
293593
245553
436402
281707
217561
293319
290653
373057
253343
284452
402747
367801
207980
215216
176306
153204
387890
244326
375490
106424
313499
358283
247548
370693
349368
312349
221363
222542
345905
448637
403927
226922
269151
155778
269545
274711
208225
273451
440978
385089
290354
179581
370269
373169
303888
403095
415842
407761
108413
411167
375561
365036
310081
290254
143169
177600
142960
143497
145460
376971
171349
372597
173116
261750
174716
379149
419317
153344
423172
373314
254851
102895
214798
336136
191330
401636
104335
257101
248964
309862
327136
107596
431952
329015
390600
385472
232463
197306
285917
256388
315702
196655
377624
221022
176807
227061
398777
130151
376131
157485
317110
339336
119884
138471
304715
115084
379233
225775
311555
122270
383858
423047
306909
212860
253053
115824
159305
303285
114062
387181
101102
186182
208163
438213
354177
233956
213187
439518
308594
301316
294468
328467
349460
414713
263791
277083
331219
168380
386048
113819
109901
284251
363541
205598
405968
334804
283940
214187
341055
337809
456175
107060
152419
118977
148573
250779
364138
283244
150168
102035
203693
385574
317049
403779
239537
112706
270566
178348
142113
368906
215498
254309
428299
165667
174773
108123
219164
443254
397706
249911
103374
376904
413275
297423
436319
124071
401382
169822
175886
152128
106684
286837
422721
418276
178870
263102
113629
191405
255452
147997
312500
261866
219539
174678
162475
100007
176969
215738
217164
266102
109734
426626
412502
350256
297540
434944
271223
341032
437466
299799
239245
378740
226621
382727
130096
107631
402818
404699
447545
279016
127937
295052
138617
382445
446348
191800
227955
237202
321243
448378
239979
185882
452588
339653
330457
289393
413385
112192
202151
158111
207279
167375
244731
137983
265056
205671
438843
314353
209443
249765
156743
442566
143681
208763
246288
392889
139308
442812
333045
353660
450193
421683
438613
332293
432624
392443
192381
402427
249890
186417
224943
108608
429725
406714
215349
444158
170767
331286
412697
325931
142607
334207
236577
324640
255454
339894
426803
110966
102440
369600
220473
248630
326187
298740
121800
428300
339767
243560
141274
331654
423657
177958
240313
415166
220321
117444
261900
114155
206715
245652
178533
225794
216639
274428
182223
294752
236635
276157
332659
148637
291266
452151
204951
113753
137172
223332
365251
260869
304662
229328
207414
411143
199744
332640
341197
391099
399432
339635
255361
197445
192067
226471
101524
419467
109797
454666
401271
194198
191591
244966
148132
446582
261838
442503
378630
152185
266845
129927
235323
145324
333825
384197
175206
156351
381004
430710
127497
185665
155289
130326
382670
432094
190610
123524
343707
422807
256044
303430
257543
140633
125610
100242
160770
372413
262594
214193
211895
387733
296951
264088
370595
451759
154538
339163
300441
344235
322519
164977
273645
112798
279396
168596
370504
273474
330400
168318
128080
144206
103228
301879
213898
449375
358419
390071
136117
291991
141064
185923
201664
146645
246115
274658
157932
320416
243977
304862
358522
373354
320748
104277
345307
262805
283700
384816
385912
121395
411999
188780
125949
130829
300172
305843
389075
169919
102313
262895
269428
285312
286923
154570
328411
274445
426664
427412
406323
206116
174054
239810
257043
118982
427724
109777
202498
224963
239949
294034
239313
165514
236926
169213
140150
426449
324673
367359
305032
449997
334200
445113
332099
410544
242827
132852
368644
436616
140228
398986
379099
389642
448829
393287
361899
158257
406188
405961
176651
257669
134821
121190
171663
293060
347091
408628
136144
271164
331957
369381
284054
371238
238432
256679
113816
424913
211593
260770
297817
297938
418538
293197
316784
154814
324784
166658
306947
363736
416847
249730
205934
406833
275907
357258
206963
277614
178252
447774
206195
255466
415556
447317
295393
446804
321547
354887
292067
291968
342391
254809
185077
292424
188368
424880
131372
203811
434062
371613
356122
331717
212315
360636
374252
455606
349980
333755
200659
113755
209476
355692
368604
120782
183735
329291
176861
100024
284541
407651
223957
446145
340799
420370
243938
206219
196556
177603
139570
344175
328523
447404
166637
375346
260250
425051
412716
370436
276700
136316
129354
269831
422665
280098
308242
154939
258377
306096
404792
406579
182210
100731
229194
222361
288286
196744
399838
192738
149047
329510
174823
299155
454182
382420
199895
377809
156712
413346
187962
279559
409018
367261
312875
292876
326228
451667
422792
283083
433721
146152
249240
317014
431180
175023
385355
226364
276092
212750
168099
220595
158063
348335
217286
106917
174651
452870
347509
355316
220939
105601
178633
277129
173226
198687
435166
192046
413415
281171
444184
267052
335935
334639
250109
224381
133766
161457
414589
418079
139410
403352
113235
222803
386927
236561
355473
433462
410293
340245
146128
118282
437144
187028
161370
340854
244059
426335
113885
172228
262714
420708
266311
247570
327611
349041
319465
344160
453396
420014
242926
172968
150534
294981
280054
141182
208628
400212
148213
151416
149999
259440
295763
147776
373643
123905
260373
235662
404016
450465
137190
151399
161211
256983
230065
395557
134632
402121
140753
246271
444656
382810
282280
271352
373031
301434
417383
425883
323641
314753
384985
201466
382084
365075
104890
335211
398201
178938
428246
404344
176409
359916
128175
322475
297205
328302
340316
326375
332216
249195
186056
317355
305743
387648
444204
290938
247320
131234
219836
372635
350263
129104
163347
450520
338488
283312
399367
427098
410075
249375
241342
376194
438703
345229
383116
153097
388944
295012
195623
391980
281866
177304
108567
276213
204627
392746
426546
208724
115851
280059
123623
393808
189035
124073
307106
319772
160251
241913
182090
445670
165031
176427
132475
162075
398478
251898
280904
366929
386671
429652
321393
113414
270335
100373
291835
311273
312704
162888
244399
100748
432215
382006
180851
360135
236902
325034
378861
428202
405304
385766
270234
186605
413099
375547
327661
417270
399963
390559
192179
324715
106511
301000
198699
278841
143067
163741
165569
150872
145944
261882
127470
420928
327234
203925
120121
174038
274201
447018
451607
101594
378793
320060
223133
320686
424445
428470
117800
348009
134416
209941
202718
434770
373198
262359
208285
415217
347165
206595
290085
304718
173600
115469
422617
409671
279319
246728
138856
336539
385433
179869
313833
156659
431025
362739
255798
412654
436795
371696
242192
260745
257812
104038
396942
120253
298627
333865
429927
452962
414038
207352
156513
247809
387998
422684
134321
237937
119752
235896
256299
128938
261216
364301
110984
425147
188498
347234
156671
178626
397497
255726
139139
316707
283138
381836
318199
323327
275991
304826
169089
387845
111284
327225
209618
126754
128634
214679
367767
327934
177018
369989
151815
115397
259746
410852
139279
179434
372576
265148
319532
251863
163851
195121
168271
345288
310160
169990
386997
169122
320074
165690
135089
249067
192307
166129
402757
415372
155375
335972
193301
265067
341788
226553
224529
171079
427906
240547
325558
296467
136729
386374
134743
298884
172231
161552
437825
148178
306782
336317
133069
343431
390792
271720
401681
419096
106359
377291
250068
238902
235251
360921
316061
290459
254413
217998
333407
211612
339180
308499
285544
245478
275592
205366
385186
143685
421881
110207
337426
125159
326817
340555
334272
325838
299388
325745
108817
330795
241122
178998
283436
154326
162664
249960
353797
421110
351059
373997
282392
196704
168375
101485
263168
202217
411465
407015
223400
326808
133101
339619
376188
426075
454029
198316
114888
320492
370214
278768
440530
444738
455526
106337
350055
163092
332221
183529
446351
316245
296560
251223
270896
323626
104533
274354
263398
455406
302430
309652
201431
319312
251327
203159
203827
209888
437035
260325
100538
456139
272472
144163
440550
245092
290342
132272
274732
429019
159408
365881
443658
427369
137417
427755
184826
442079
126794
428378
441306
399064
284044
285757
237206
368146
348288
200119
408277
386238
293478
330434
451562
340936
350329
221132
302229
106328
368062
196521
373973
272196
113890
370900
380687
132174
244845
168051
228161
387417
378223
145715
368119
192997
384187
237868
155679
429723
387072
438077
158812
308209
166292
249590
138867
103603
428615
409047
442865
248475
253377
255001
187837
171099
244450
372166
437877
183731
256391
220354
213990
337015
415674
129192
297583
418856
385465
285995
135708
121879
265269
159742
250355
340150
211984
162101
419261
283735
343554
450893
120496
231979
447168
426004
114131
234530
383341
436743
283284
124953
421597
393373
119537
209633
188559
454028
291144
113275
320446
371071
359643
364834
214410
373578
303273
207974
128579
418171
443027
224265
433223
123317
235280
164050
117465
334038
250677
374089
287211
144864
208643
217690
133923
441404
419333
306353
110690
246882
282813
112534
429614
106193
137938
383137
138766
140340
442511
316779
370065
341003
438423
396247
362074
384674
117792
107168
101479
335846
342151
147944
316589
437386
275696
234761
166040
229617
234121
428652
367772
284872
241312
177784
311918
149053
438417
186335
183458
414188
420458
242559
391499
349599
396251
159568
227046
184462
147078
213540
336085
350619
170710
305243
127288
268614
299333
135539
263983
140873
272591
287100
141096
255203
238042
186570
356417
318562
225365
122795
427972
364664
265397
218090
158455
281436
454312
208686
264074
134691
154125
101129
271887
437959
278631
329762
363662
233370
436038
369915
110923
322510
106056
387673
281553
220353
262137
140074
326849
132261
192615
369710
302616
120213
335178
198736
389999
323217
257983
199008
209398
224279
393019
226473
161066
134001
204441
276686
235605
330171
399420
405750
406782
140714
271289
330045
434813
103741
392968
278585
437116
149135
140286
222297
245921
110399
407381
130691
319502
212368
212845
456060
125443
228984
442942
437312
419135
420604
304078
347442
135687
235921
361170
389869
439892
366816
383287
316592
360111
224639
360051
358406
327023
224371
102623
146819
122803
191058
284744
224413
140562
139324
417099
294393
105845
172952
406130
245144
341501
231514
327413
204035
315732
164399
302888
151354
398496
329577
108543
321133
106220
363309
157520
347520
181950
373362
238302
413501
408582
188625
371020
383281
283541
435818
390754
108697
425276
290795
415870
447128
178049
317037
218629
185844
294479
138899
172266
268351
125844
120219
362089
241554
183570
435025
421809
391691
121316
360558
306254
370221
412993
444680
262020
437148
349121
228588
287292
337689
242769
267715
334463
139099
207987
165216
232241
349293
148283
366222
241865
220718
391892
154674
250011
135139
363628
159790
193469
157648
393154
205063
341353
153363
372312
178977
357917
118347
104108
124025
417843
125535
194249
132396
435004
368214
192419
424510
245672
320366
287040
206446
352456
359306
334326
178255
224933
444685
369655
145902
437914
216273
357531
435413
257797
443333
206443
238909
406885
293325
130195
322484
274892
411671
238383
370650
141328
347921
142487
371480
111932
294707
428657
102777
429818
133823
403998
337107
254618
167941
385662
250606
213162
107364
188238
401544
442725
221558
133252
332627
226587
366653
451638
117156
189748
112481
178166
432806
239330
396193
239414
127936
250850
354683
337352
106444
414581
399236
300507
338498
249112
183670
356642
120833
370396
256259
182505
422755
283720
191820
316052
370060
333102
149848
135623
347762
259451
445796
106445
358657
303029
339063
204490
352144
283773
217327
446271
113271
237626
273233
266660
128192
291383
385997
446703
440333
402338
344409
241307
314737
236636
117510
341979
182693
425472
311802
306988
329590
274135
385983
378782
421036
134686
206341
246953
219854
381710
455258
179113
283185
425590
393977
393651
186636
296280
118274
328283
250291
186271
443133
149169
307471
411793
100325
420944
159858
334927
409761
129180
294381
257321
333107
404151
324323
450236
249213
122947
449752
208510
233216
191805
113348
139676
135436
413338
229069
130092
163292
270583
231395
432956
129931
130310
362106
422502
145448
271925
188242
443240
224695
403089
263764
308055
251290
112431
129795
336068
356930
324657
353861
228050
245818
110071
239258
373038
399563
300308
383056
359534
262578
411561
313493
270470
438917
431835
405180
256647
232768
299704
263587
452392
445896
240799
299613
446040
374339
403007
277272
274148
453824
317007
220922
376764
291125
445026
220522
211104
246497
215065
424057
442633
282655
178188
137273
376960
164356
194184
198250
432512
247717
411724
320105
195328
304903
452482
419544
267103
239467
350893
364578
352061
101585
235069
371205
449137
201124
263144
237747
395374
349303
180508
436666
273619
288036
426263
235831
386853
231869
135685
283453
185009
319436
390211
345201
398704
334392
122329
128967
145278
236091
104234
443377
123695
356188
267016
223302
123318
427670
229950
146286
245353
126501
131451
286368
338331
303138
384914
220433
220131
414249
268392
188063
240201
203238
233618
282213
230555
194684
170368
141708
153983
368687
308852
445969
128114
322251
409380
332598
280677
154998
242313
119937
212323
247947
436753
215032
427289
304129
311162
363104
154316
178967
236147
103868
437701
350932
227686
148654
390272
193955
230274
298748
109801
295818
321979
138513
237243
218289
125067
183081
165704
298914
309176
210634
424184
370301
419966
328051
368692
161454
154627
124038
437416
230577
395799
332413
168807
106885
424798
315368
219222
419190
170118
103967
426782
253063
420225
262729
188378
308642
347144
221501
419102
372500
389081
357141
331024
241047
257519
192747
406434
412133
299059
242408
341781
304302
424323
320602
167692
437437
223154
372770
320382
235276
358124
214725
304958
372927
374880
429361
383848
133336
218318
195377
412676
133202
255525
246457
401669
216354
353199
247160
191921
338056
228598
368710
337959
315835
323034
140690
429316
183068
297022
162193
161152
175651
405933
306571
202521
267615
309232
134820
258961
229904
107147
355801
176933
144606
231565
349291
134226
110660
290251
100145
251573
219566
265163
391348
110799
235003
108268
184958
403196
307529
338731
123410
372945
118122
389733
133914
380515
348661
310210
334225
154779
307977
447220
344952
170479
393108
209444
158118
269458
314264
417318
189098
313562
422482
386376
288933
355576
308740
139606
349340
132751
267509
225857
307337
317498
254294
343941
107185
403510
350105
432688
395554
219874
245093
124374
318415
230452
176422
255927
202342
375761
152180
271410
101647
162439
411192
316582
408889
389061
377339
232055
124946
388348
178158
206672
395960
245147
201213
168787
110273
240331
379269
308351
436887
333259
265031
407666
167385
404283
326301
150840
328085
400232
298862
125903
174940
264539
186956
183296
273766
182361
230160
443779
158391
134169
188676
327191
363503
350755
350116
219297
321374
346062
326278
323402
192762
189014
382911
389692
383267
361439
228194
182759
279936
438605
358125
302461
349170
221853
266270
287660
442857
248828
363072
320342
332787
186481
393502
271119
121558
339856
188684
408158
254630
317330
325799
185833
166676
249362
353940
227882
389721
401534
129295
297800
397686
340785
215373
402246
220615
425189
118399
199657
271312
409770
138611
198589
233083
114453
168591
210546
344214
439806
156261
207670
229897
438892
338611
293943
251198
166465
154883
129846
325184
346291
173443
211259
103090
430595
417271
354997
190111
420818
284550
202821
377452
378627
307214
379592
186305
128293
388027
185727
372114
369545
247341
323399
213930
144663
112394
380177
115218
362732
380627
315273
127899
329279
350341
158836
334479
216239
176598
199571
181526
441682
438530
141154
106173
276209
163637
280673
290719
143665
339461
343835
181701
398672
379203
263126
326379
315401
299111
258332
354596
151971
260795
422450
397964
294104
179205
299851
452130
251782
448308
184362
389673
360706
115896
218967
366627
200091
203497
210847
361290
147252
394150
104950
426608
409087
212854
161404
154497
369488
136708
407157
442995
139686
201485
293455
380422
133189
128073
228687
182793
104979
202828
384396
243898
194897
173690
229032
149990
438158
232457
225183
170677
287545
230876
238489
116856
174894
446477
406541
119363
310319
424410
449988
454016
268843
408450
105054
183388
419686
159739
452726
242130
393578
224378
317085
114988
362617
327184
335563
339065
244329
341555
234932
272317
418323
399250
444873
323806
361929
339314
414912
338219
392299
290282
395789
106479
413820
448577
194147
185392
315936
338546
238217
224240
276261
197771
349816
415642
350475
136282
250170
442389
344708
123187
371061
303139
258180
346868
153521
272050
307172
106948
361925
205884
118862
340574
298111
146376
115906
389354
436117
160858
282749
230569
196076
222026
411624
246799
338621
368014
399521
350466
400094
336034
320033
160052
270164
111667
206337
422859
285047
234890
215380
149505
101430
138115
100886
412250
256805
348808
281182
300554
278827
401612
358002
249776
348036
452554
439064
373304
196428
451956
214053
113374
162719
165026
229088
331920
245940
252672
136291
211962
174276
243939
325014
282648
434649
205999
378846
192388
348837
316952
349567
286189
179761
322311
374958
275487
165483
314051
425665
269932
346346
270278
306979
238696
176081
281682
299250
323884
187062
332960
264772
375152
361080
120317
314764
436972
330143
356005
128161
311831
114260
378012
159491
370138
178325
152762
425934
352226
132085
302061
358825
186370
255113
337520
442823
389200
152263
414675
398434
198944
175598
386357
435625
296241
298833
411631
297351
239750
176913
384451
283505
354836
219383
322245
393142
449084
378279
383061
104793
320268
279871
180316
258375
305190
306162
421766
175228
256312
276879
400283
276789
267320
218605
175939
384040
253261
363376
260810
332101
160603
392799
120277
211152
314145
308783
286713
262018
294597
268782
133066
173880
317684
279049
216877
158830
229453
425679
385971
316757
169684
201566
149331
326521
300750
217836
297288
130265
379613
241963
122955
439191
130741
190462
289556
119356
240813
224186
225840
402495
407864
387628
199407
387212
423881
418378
321279
424554
111470
261166
450933
303545
278195
164703
306798
365794
135015
248414
153499
110120
448290
341872
143547
282625
402063
415439
359668
308975
373269
375823
330256
437826
150021
126582
429622
215212
102828
346667
138491
218127
218059
407924
146361
448649
246936
233885
106954
408090
323900
427753
118233
216216
327930
450451
373265
294510
314207
252023
371163
173111
205457
122097
174646
356137
398190
294749
447471
181800
384623
166483
409353
349026
365115
151747
362050
234101
228772
363635
267233
141818
109382
351583
121343
328988
348024
192583
359954
290392
282801
406076
198311
248408
162323
336184
210049
359063
146065
316054
210951
171037
286176
149655
154380
214954
329703
352488
248845
197592
234190
228084
364835
122844
384530
434233
354991
309392
285956
113971
264965
181896
111483
280628
365809
139323
165943
287062
178893
131226
164690
185817
358044
307044
253735
181516
423374
179663
348739
114765
345842
185632
429764
353869
231964
260758
390231
142402
109154
402711
148721
323353
163191
342369
329357
278364
178562
219458
275981
176886
235264
364321
362311
439139
199622
391938
394054
261179
449816
320516
138987
370481
310679
171790
429270
258802
279553
168100
344693
424771
344566
228229
113224
191259
255748
295593
164024
408499
243691
332791
451002
135339
443223
372964
127910
353411
211518
331534
418936
233806
289019
107002
219691
354319
347014
335007
161668
119568
171984
113899
279704
345767
257898
215305
212337
175667
443108
144203
406669
283430
280577
251275
145773
209348
447311
177436
379817
223501
207943
275667
233435
347430
392296
431797
343923
214298
171076
137692
278012
436092
351702
137063
233574
366506
194855
218485
438320
130548
292554
185986
286671
184211
119876
135513
172138
275245
287105
308733
321637
385763
214262
163087
234821
385946
177856
258221
351640
162810
303598
269383
339977
218751
361343
269970
235330
174163
414545
398831
261015
343778
300265
102832
442225
360634
187169
397821
181696
272803
281465
168587
165570
218019
370846
147075
383247
225513
419860
392180
173686
395815
163697
444682
228109
184365
285785
334809
448032
236747
429668
454795
437513
257100
151430
297493
334036
297362
451078
409785
264447
129468
362888
321002
124920
334068
214560
211474
372614
347631
277450
136361
250542
439056
142842
264230
325715
376056
351155
453677
101142
180839
220481
441867
410820
319616
178390
168500
331103
275832
244826
367419
139105
167952
144757
452202
298314
336419
112386
435876
342131
143333
240937
164621
398104
313030
350038
439602
342548
272892
187128
241663
408915
237285
395734
153049
312048
252744
418170
240466
164260
225077
389003
152491
454456
273401
182369
275655
218985
226093
114119
359650
289424
388294
420770
278522
339112
224126
361458
253929
438999
328301
415902
352387
360286
170821
431747
367703
354691
178970
377366
126586
338560
250362
207962
338072
397548
126499
352595
141199
294231
451790
388327
287055
413207
120001
365301
130230
120850
439728
155929
268939
363453
256251
108417
401769
446353
189474
400528
437391
147449
102856
112305
253554
156314
323779
277733
270066
165434
370424
333732
173409
184413
315882
281497
375862
384943
337851
360903
318481
160884
119605
424511
230751
256482
222582
222884
109009
399625
158070
246161
142957
150779
129864
104248
314694
127517
346581
247862
133220
366732
116550
148293
224588
131663
447462
401431
367785
177913
120083
302951
111232
122241
434768
224873
268638
157806
279707
290462
143708
181533
389427
175279
137184
320309
394913
438670
291272
329890
364431
298938
334239
223619
392662
220929
363303
391925
376315
323664
332935
377269
352218
385239
416256
364565
372483
428761
253074
331100
193873
244880
178769
307958
175142
164614
365346
215759
160522
282209
408021
225029
201158
249353
370024
142904
383257
221807
338910
191106
378433
423534
112919
135695
443390
430482
455149
244933
218445
123702
361153
169675
349309
143487
224747
155602
267803
378290
315379
351563
430180
132666
302141
124559
381986
435751
304453
312971
138716
422032
135576
307812
124992
311167
158055
448588
222557
320005
246696
233931
379770
293748
313813
240362
243857
364440
164551
254502
292682
178852
334279
110353
370259
264362
216941
185459
106961
399122
249017
228597
249746
437747
144756
423018
113383
236844
387348
156664
277780
302097
360019
250179
207807
169900
455283
263258
220948
252418
349351
147401
360481
276262
286564
275132
436943
150927
223317
375065
221731
277322
262319
333578
387640
279443
312330
368774
452563
291201
260552
181371
292290
377343
197323
446954
232517
303772
141636
192948
376164
174910
401707
362533
192414
368551
119033
416536
423883
130587
205732
397972
116888
330704
295864
305629
124143
397538
231890
261847
343211
128654
351272
323709
107497
380411
354605
293088
153412
149172
109007
302242
375653
339022
156745
135605
210534
303618
279768
450648
370553
327776
345141
200124
439441
250081
192540
455006
357750
341920
201805
110830
101357
350321
152622
273329
194682
324173
176274
224243
176999
247062
392975
188700
342944
367803
332393
447944
102323
109640
157126
409859
265749
384793
218875
192733
165314
127602
226835
214811
102117
156528
331529
291740
385432
426570
392342
290611
405787
225240
428506
423961
348975
133262
429260
420381
141854
421060
191442
367162
149174
174381
429849
437318
347125
329701
202678
341191
151166
454413
357106
287913
199136
209175
280818
287032
390548
168260
132798
162203
106164
370200
225626
102012
114678
455997
168798
225372
165860
336152
348467
362457
312351
266822
155070
207845
328697
447791
109181
106876
323790
258001
446317
269658
309266
422258
224967
372454
225377
146546
426365
294484
300475
426438
290072
437471
295123
282415
194300
121052
454090
281057
289712
432349
314225
207015
146414
412177
349773
281786
123918
243785
226390
219285
203478
139848
204780
436900
423278
224399
399987
114338
431525
432554
248849
212399
406059
213790
155024
117667
343813
271869
386898
435722
102930
275607
419053
195776
193337
453666
432144
248188
182596
141366
252837
391940
245947
314255
222628
443627
181395
146963
412297
280458
123041
249062
320497
442319
354388
339481
315448
282400
181818
434499
105185
152161
296809
343019
236600
425593
226078
262539
113765
236607
423563
286574
302394
357856
414317
389580
227699
398784
121676
448116
384897
124177
315824
192541
454003
334354
396295
384469
201287
142015
157938
158417
251928
283286
279728
199581
412808
405327
180973
177612
158850
439404
300953
109607
436929
339171
389966
185916
393412
189584
140972
388020
124069
315676
364693
319356
437521
393945
319360
117005
136658
399907
133459
454953
372436
149433
431222
178193
173838
170760
186324
125694
217725
357867
213729
237382
100297
402767
320145
294158
379540
360623
108551
206545
129942
395107
377517
301864
149705
105613
399715
227144
217797
241603
308596
371187
227107
350536
251367
153879
439870
438937
225234
414860
183474
206664
357095
365853
295324
247228
227374
319150
353858
117759
286870
101540
263942
339026
368378
357554
196660
244983
143925
398708
106665
175478
157211
171866
311025
143331
146392
229307
156632
455492
135923
454562
318937
386073
231810
333463
390935
361974
226211
104638
381372
121014
158460
150523
214677
163916
245547
166171
135023
340165
443305
419914
229390
286704
400879
101743
196348
280356
357681
138431
369086
299512
314665
260662
126033
239690
229807
292466
275426
186855
111237
293843
243051
361219
179007
290698
301977
112130
349534
134248
329106
186012
285455
362960
124226
232259
202548
153020
350892
149573
199851
424888
404038
327035
164687
223880
357981
339760
168594
436318
245805
415010
451539
398376
331802
293072
308287
393116
229964
179196
184802
322693
224306
289685
162338
249857
330926
359108
186512
203715
231327
275510
354047
330170
143181
183129
305426
356405
415938
217681
342155
132675
358244
208338
136897
106609
145918
147377
446746
300112
113489
342374
440368
358395
117230
156675
185261
356227
116339
318170
295291
402027
132064
454459
389286
361590
344993
326533
219168
325022
348421
317547
323091
445070
325796
388042
346680
424036
352021
311368
317409
409525
402734
141170
419446
247748
440659
377012
354912
257329
131818
146282
154836
177646
147215
189986
256221
186564
199918
330593
444739
234244
244050
426742
351574
347303
253271
104733
249385
455017
147582
408093
432165
188491
319737
425800
198593
396153
350106
349559
115539
388393
439960
265719
440649
188278
284898
394915
293100
194825
202926
320762
385491
333625
322806
241440
270654
219833
137463
326819
212876
337067
398730
147394
256308
300519
257649
131146
356928
271877
304999
116186
244000
393567
289050
128583
151892
327008
126620
117655
105198
354260
344535
131961
431116
348829
229485
288544
410431
385232
175533
234680
406209
349301
408979
454338
105022
432850
127365
145934
147930
281882
122169
155002
314659
179346
182876
324492
192568
360297
373601
188800
327044
178305
292924
129943
122064
295196
374312
316416
185664
188222
401365
186575
299672
102487
124980
173063
235631
439751
423203
248215
418172
265013
318060
402521
425016
255527
224338
249430
171166
363289
345365
195387
347493
204742
375682
196163
177402
358845
312538
201463
316745
238242
351373
308019
272960
263022
453157
165984
433684
185582
117743
261864
362561
206421
426863
145059
329994
248700
268622
401401
244078
190722
401057
123270
225911
440051
209975
220175
215415
199310
193614
422412
410738
318961
329750
391224
320600
271712
127120
409874
343055
377341
436689
382754
274857
187813
144637
268204
435571
373713
262767
450987
176423
208197
334808
344193
307316
229414
138311
139776
369916
383908
146707
314476
404786
348542
441805
241136
429312
128490
366810
202298
377451
135191
338446
420693
402117
108433
113503
213613
275606
283200
144977
405562
396245
322095
320000
376877
445680
279241
194247
154752
349571
194091
438251
165875
209430
444022
403190
368217
163343
423005
316251
352939
102708
435677
295771
283207
343971
328726
263233
217788
337570
346302
193456
353633
147510
171112
177090
210493
451249
197447
210077
244865
138934
344170
254779
382279
154189
158562
232531
101755
379369
334876
343937
330232
223532
217208
135915
144674
442814
244613
107453
288007
144195
148691
217053
160371
258270
455261
186799
130744
167750
424450
444490
237147
409073
167316
362553
226297
256354
113728
439837
346676
373915
191191
238303
305593
270984
453149
283062
448230
351023
286478
452486
368371
345407
158593
285161
396643
434453
452651
391200
104955
361207
279197
392854
187041
338514
108414
307908
386567
127127
128362
200889
220472
315225
343913
383386
199687
391779
324134
130764
203761
311744
349629
308043
111736
258775
311126
453450
202581
268375
273015
175514
111145
237470
140388
438757
281403
275033
431242
132919
116036
207293
142075
290040
401420
366312
344712
309136
330875
219796
287480
246393
266494
122112
294559
143064
444013
283311
230246
220046
399147
308283
278782
165281
201401
259827
232538
134367
288856
106515
178673
219395
264577
171935
318405
382966
254102
291385
101533
284969
114013
291829
102496
253577
201163
254217
116628
215577
332805
360170
375010
452798
106512
400441
198602
221590
324890
199259
313917
184120
447489
309911
211602
417594
138514
427244
421502
452757
316388
328848
338564
422022
377887
322370
290487
334451
303371
313600
206592
162816
310569
275852
347274
163062
261716
333738
224152
420129
279337
142308
182586
339355
157004
219335
220756
406118
370029
147137
178866
443990
344200
365390
256640
300491
423187
214320
186719
336763
319624
289032
172377
125087
260640
375327
132935
237852
127708
376453
367887
418063
150182
107952
286086
191453
422999
280396
296607
140687
389263
399629
415557
403048
427404
165733
128435
360553
348594
301608
289455
211707
394427
418550
410658
210103
432124
273936
400109
305933
355974
280559
129990
326439
199886
363843
281066
219715
131000
203011
118861
281002
402646
108216
178538
289529
442488
152987
364832
389369
292170
293174
107027
249686
418266
198411
446848
190799
350617
416336
422408
357546
384285
454148
451552
322929
346274
338493
118255
417888
414211
352261
223371
211117
348191
431872
305612
266534
207778
184182
323497
254232
215629
320169
342012
290625
225495
203252
182592
401307
180506
137900
131004
112014
298814
320871
224203
120474
187108
365337
250683
152110
243271
278711
375978
399245
393617
454078
365621
201421
218514
332643
428788
221295
444881
363013
239149
444510
405109
119136
353856
180246
144939
127494
412335
281446
436256
433511
335328
365205
212302
312375
291255
107734
318682
358609
230055
268581
169899
162374
384379
389979
451549
201239
412364
299394
312954
429443
150090
195272
175697
290851
136135
143095
327401
302391
257547
370449
434950
364943
443861
416570
187953
378776
272842
163416
147585
423511
164354
390254
112103
454582
277766
377562
131466
110128
400944
268654
196160
418921
173401
386556
264662
215409
321606
445107
399762
452260
338220
127791
176107
196654
337591
383779
367263
447472
376589
399917
133544
351860
255842
227371
115700
451728
104161
244503
165763
150974
309591
388141
386425
433697
289645
453561
275450
140601
177860
129715
401205
320862
419291
163746
146985
281290
336725
422229
388967
236846
411640
199224
155321
391177
199816
325855
246060
262089
142026
168536
358488
402553
282186
257915
163921
202009
224146
405339
249369
102064
336890
447940
268579
202801
216507
239152
239655
428856
153205
374984
271872
399347
395300
160277
122155
339693
403018
115689
359775
146241
109053
160486
455365
325175
113186
374129
151946
450270
364040
197975
182021
222977
219253
279992
424077
317337
397389
188424
194348
109658
351894
323836
112025
129328
320496
350463
415482
309599
440193
112259
429041
358408
303204
193170
230632
157549
240185
184590
222240
252931
167215
141243
309452
369364
227222
144565
377031
353112
401056
124188
299790
278620
107966
141133
371831
320085
382950
285538
173757
258232
451426
135335
137548
255475
302313
204680
316570
431950
452046
406500
294067
126414
177375
138504
305256
287490
279581
447712
138615
265582
101923
329520
150424
363049
453302
122141
417542
344028
292862
270441
211044
426208
280029
212920
290834
442728
269908
204562
344018
113578
426541
338751
197172
146572
388578
214640
315710
292216
119382
387109
265604
361123
226820
221996
138768
321930
284951
110163
181689
121798
455867
247236
436454
367418
449632
273575
399050
355774
354474
390609
229875
225701
318965
305780
262457
193656
329740
453612
327079
128733
291810
362899
339757
299884
326247
188279
390093
395240
213311
301203
187425
188168
208954
239174
401363
220436
331695
421535
383618
247553
311544
140080
333823
303425
274915
332743
100405
404106
221595
372623
432727
138032
402753
335562
199787
163315
165333
375354
338324
182832
345050
112586
250808
262693
133596
283478
399292
430885
171288
190485
335239
323730
154660
121001
186245
220726
256428
160433
275968
112102
192662
191868
236761
364104
148857
380730
117302
137694
334801
296226
207034
307569
381118
190520
173566
119401
201079
203939
219707
455226
426520
342551
381817
399517
342176
238750
333068
433180
335210
174440
302901
298477
423195
449593
231284
300025
340883
209525
152246
342320
403293
236879
125356
395169
343258
342677
315007
106648
348313
384652
236731
371313
222073
178937
267179
189664
406856
291167
142334
382378
394953
191705
214417
267820
142714
451723
215043
241067
392646
327557
344501
233277
321612
124773
349236
419552
127773
214157
137306
444616
199065
143303
138732
170951
226117
218012
267977
162417
176978
378563
202190
284643
212997
185081
221020
379051
268091
331575
122757
259983
153852
334531
181751
377840
151598
185947
384176
423265
412579
333878
258045
443936
382510
410049
345805
443729
329368
398810
154638
326322
192854
392005
208124
285644
153210
311719
224752
421743
361474
212251
141203
113589
436200
122851
209835
125019
223665
411651
287187
205083
304870
450382
113944
416939
432556
259802
442418
276873
414202
310227
319904
201817
223125
234602
376003
446795
456083
428112
249948
155277
313958
220969
254434
108275
201493
315534
172783
244261
453461
354888
443717
300347
426661
235430
407477
153827
272413
213780
281036
451664
137047
446288
256630
190012
142566
342502
393893
452576
444487
257931
405812
234125
253921
370466
327801
389891
362611
194776
396388
386735
196846
204498
224249
431445
184177
195034
110122
245898
394831
245098
409837
381664
389128
449624
285919
371266
184640
159297
133954
243008
380265
200023
157624
129893
286851
446950
300637
412084
436899
302451
181574
289078
282785
231209
336247
103643
332838
315834
277330
183976
435948
253100
306897
274371
237763
226370
444187
162561
217176
414198
210969
233872
328459
105016
339850
362105
186128
366425
311585
181310
199240
441918
452129
107356
197817
214825
257158
292115
125942
405044
117432
153832
131173
162300
351565
240997
273997
389062
350904
357442
233197
436495
228148
187006
288610
332820
376782
259220
404061
275141
301042
228061
165392
160678
141923
431820
432736
382306
386975
165044
303009
435097
205929
241287
132114
140854
407433
228633
427923
104703
250220
359759
143123
246107
179896
232840
277942
241445
417687
254469
194277
325029
262901
360927
363235
134582
170934
297570
317481
345187
354183
351575
144840
446500
191310
342205
250163
327443
108460
275478
426960
366007
349688
432177
210209
107695
119144
382704
388808
144431
427752
433791
111790
243132
169916
296325
174771
237688
154886
437775
262377
150266
404285
144268
358614
255852
204953
107386
238981
102185
138178
344131
165503
420933
443741
209897
282393
295676
260773
215203
207584
168030
450131
220152
398482
430122
296474
274109
317365
129682
424034
145695
171915
233418
158742
345794
334203
306773
396957
279120
387587
125882
198791
430831
299971
235363
171442
279060
186917
438325
439452
346244
104491
431586
367912
333230
363185
235539
173100
288446
189325
370705
264702
330060
357029
116429
253342
309167
256554
211974
275250
443659
347993
101069
211054
159177
416917
350601
158897
390340
371133
257871
344244
114804
261774
175473
377789
179046
275785
281396
207416
146736
348458
178431
319453
251541
330013
191770
445078
436273
315810
148051
423227
374588
364985
422256
373569
359160
276342
288106
321339
335646
355332
325394
136464
340991
431548
329785
369351
406332
121271
161430
308253
421719
181994
214137
426924
203542
173924
343549
413109
425671
236510
267884
292405
156327
269386
217047
364589
183412
130711
269384
441337
381248
174125
209301
177221
174993
399381
233184
439360
220986
416350
203543
182330
183923
423771
441457
227007
325766
177515
341204
384256
215300
281316
356421
248676
356440
182654
161615
282452
176996
436895
327827
247506
435272
236355
426046
188277
182178
135909
377629
315490
169415
275759
312218
154502
130049
393066
360078
113807
156138
419471
441099
141491
347278
204675
142394
394004
225869
159623
279098
246977
237160
128821
167214
431701
345247
131180
339265
284001
446591
247315
421838
144841
396080
171569
446922
174970
454290
134565
113834
213683
444925
412166
143898
375814
170554
427461
254511
267536
100557
397484
394129
309340
305172
211071
445574
293322
193890
219727
379580
333103
404895
123430
412222
324215
131912
188102
129096
435379
351547
198398
450271
282123
422052
444341
350218
177859
244984
201241
101963
162671
426158
226153
264494
366084
447986
384138
230387
121817
177548
444269
319910
380644
270314
126519
310244
193066
226407
261207
205943
131999
128366
288541
391385
445901
303439
336229
134152
419874
441759
351470
265589
420777
295136
122922
296919
418071
187897
205346
330410
184669
111948
222871
197690
210297
223346
178479
123501
317775
388291
319474
357971
178954
155293
121752
393152
354067
238043
344508
106775
352343
213477
354704
448750
273376
270547
401114
434059
142192
110608
345488
219825
204144
283349
101469
405182
296531
427474
101457
269446
417838
132510
298467
194742
202132
135071
329442
347603
288153
358188
147993
159754
173480
252973
355161
439385
140857
171514
417092
209162
128810
299069
270381
270067
375363
270050
158374
111451
195007
257685
358769
332994
444757
452233
412070
186753
274510
331721
152576
415918
173767
385194
412924
230251
212703
127105
452787
208637
453097
381609
447368
409289
237374
386071
270839
402593
422363
392926
424279
446058
300578
311210
288048
237191
186865
452077
159130
403751
219371
254641
232407
246493
403140
423407
280261
150214
164046
113811
108793
302353
214084
135165
222146
124216
197310
122361
113001
343609
206841
297946
205461
248067
356921
393520
226269
403794
355006
232679
422532
159495
336475
390305
254279
433541
423647
305734
394285
446154
175092
288307
112416
246241
306836
390204
431718
238473
104220
106175
312087
118005
391393
323690
131923
304396
309733
211799
380546
145153
146938
408912
421243
276796
304822
351012
444689
217821
276250
141796
292788
310542
333104
337266
274516
203167
343986
149304
274314
313507
146803
416148
350760
245184
154148
165635
343586
418783
194296
188886
141912
272495
347485
205449
205446
341407
304187
212596
359071
293019
432013
263020
390632
415660
279354
404258
321012
191719
248674
261667
319058
418984
454101
347844
124078
266549
126573
294546
405144
345403
402365
424842
258055
430125
422917
214573
258234
272078
232727
319136
352620
348920
416541
240610
330856
432672
223327
165533
198586
283699
337154
190231
205510
392179
330767
161801
181989
301692
302502
107022
451850
389379
283404
414755
321127
242574
143908
198235
382384
320983
397008
425080
361038
361771
228440
355864
306231
128565
353223
130913
328656
173877
193735
121869
143670
162112
171085
178283
165770
232721
307407
349803
381958
364786
331291
166895
446481
350271
408657
213433
354552
267845
121112
315660
180632
169251
197780
399593
310080
183639
220983
414288
263621
291314
325556
424131
362951
308752
156142
112418
318918
275461
154743
190823
316086
399514
425627
126079
290532
452124
107762
399288
407739
380329
128477
418062
386086
417585
223539
123585
309119
305862
188776
451388
410723
255036
238710
385646
265649
155580
264918
181303
419800
300591
365555
353401
307662
419241
387991
227634
211349
126811
166458
197737
234586
202984
275585
194889
123710
420756
325728
385698
267483
219404
251818
450576
279412
134877
165356
337046
234157
336927
455287
406036
244028
374574
437324
231407
387089
454966
251916
349256
152316
215368
283777
150308
110116
213343
428177
250343
376255
209294
151659
434628
362528
167039
174427
146234
427068
409610
259834
349378
190960
399708
299261
148446
208032
233757
379631
357932
409134
285702
175962
268325
363272
240195
176103
430287
266982
386743
455130
243043
115626
274716
328930
195914
332049
414999
124791
312270
417556
324344
143829
273049
282017
412067
189170
266098
281891
208255
240122
353866
411392
155416
380402
147190
393506
231361
143134
281815
217126
358174
160469
317946
115642
214674
276832
113268
379896
112277
414695
276185
430616
252874
446121
399947
163927
306703
122305
312556
242178
309699
274173
187906
287325
224376
339614
447573
324580
277879
400924
119831
224141
220017
155995
370064
389381
356954
314286
455058
328351
131789
313596
423444
412700
256243
283356
238223
387268
238063
449363
376816
335824
439753
292565
108223
135742
335271
164733
153285
404395
340372
363320
327331
306166
304739
106355
354163
108686
276944
264499
301998
144118
439793
181677
211160
344881
127489
353360
288314
351037
358784
390960
393394
202226
245301
250497
142875
421353
258083
175181
102691
256781
102377
362279
414080
145055
165231
265025
209817
263603
390807
159381
333274
444674
173148
219373
257268
187049
384182
272290
229133
379846
281521
361552
308759
452691
199548
138692
310095
127453
198205
182104
400669
216630
177017
412149
277261
230013
126419
327640
302850
130434
451771
202493
351737
427964
449052
393068
368631
432091
260816
294954
430270
351721
354717
253654
260931
124349
233832
140659
442260
233491
342505
451624
186073
416235
447851
285715
221455
204460
155460
205027
216309
383670
392938
260059
136492
351232
384010
133261
421296
226482
191392
321531
275543
101103
261941
246505
115123
408623
292584
419576
169631
265668
456146
266378
112373
209738
260019
301797
306669
182703
215048
103429
209745
402328
353275
306146
433614
238505
214877
154482
417337
189622
368572
262481
388845
353246
384677
182848
145797
306033
282402
216329
449589
124367
172409
420660
146493
381028
162161
254826
176931
184780
402142
429827
294651
174344
148206
215394
194001
379193
126347
296044
363247
293164
293870
165826
265214
310005
278062
285164
400185
279736
387029
389600
297956
161496
428957
412168
119672
157271
373358
188804
350676
146751
304538
230871
394717
210782
369946
341125
415295
130746
254670
127722
305400
133885
355192
168544
306164
375280
324046
413811
352846
223695
139916
434486
120629
355138
257191
360607
128299
272990
239121
281561
376823
194368
193544
290873
241453
188881
424671
196098
209644
447685
308071
279236
212697
143759
140007
129571
328410
176311
208154
265120
106174
185323
232993
130794
218149
207473
411260
375024
321994
119705
312009
121983
282781
304979
113976
429155
318707
413902
237898
254832
417971
279103
212813
185720
312937
404855
133853
258088
418531
315255
387248
296141
435596
263136
310851
387006
217840
296278
154363
208612
104902
227278
150528
208537
368694
372349
132471
118396
114917
198405
118600
163763
351344
381316
101960
151874
179209
223110
233403
325759
403264
147357
409440
237548
176611
174434
420920
267434
149605
236323
334717
195796
216838
399865
192129
172548
261761
331403
134974
438452
156293
434458
358639
386426
354038
178003
231676
159063
106605
377877
175981
104686
338271
199680
345638
201936
389791
295886
250747
169502
334598
109920
444193
324403
277876
216405
283173
242193
324053
400023
316201
143810
345452
238610
130210
400461
270442
146410
137730
339946
157152
240909
172006
107086
273452
235393
359180
222450
202203
302459
109507
336009
236089
174457
170174
387451
419696
128049
194179
334667
160457
126477
129541
456243
197615
202258
282738
128088
181096
203920
107793
433950
296583
347671
258420
166151
157377
333662
294539
380253
409703
430983
207542
427438
101404
151299
294126
118673
140547
376834
376593
327873
254407
366360
409799
413818
182175
329484
449987
242542
435532
354884
263651
125846
423913
194795
371336
234857
197220
268658
361663
175417
329315
189958
301649
417036
380232
300779
324121
225167
140342
380690
186201
223960
309982
117408
158697
415917
322500
431226
135418
253399
176829
247979
377394
450375
124194
346272
381337
428453
383362
409780
218481
376868
201702
146920
396686
246588
319330
103121
244855
422986
265915
280912
416907
291777
205764
260034
126623
201669
111378
404825
276076
253477
297594
207087
410234
136638
283989
258084
334892
386675
102758
213350
347768
178007
389992
126907
355765
103419
220330
412122
272390
315855
230776
448873
408267
242419
161595
224479
181468
104425
416867
196701
305854
295447
454328
329072
325173
186972
323226
120407
421798
374026
286417
349386
138034
343268
100511
120706
351855
408612
143374
357784
199801
198161
420852
449976
211394
419347
251706
147578
278598
435897
341433
412653
165739
441608
393689
119495
160887
255627
194265
195237
409373
368322
265788
359676
364137
190108
293605
117153
309649
262592
373403
360514
277224
113459
282424
124772
224784
143078
130699
391561
453776
135663
379821
171898
243226
243413
154645
291990
252812
160286
219610
434849
281395
250644
289035
418835
272600
237073
196562
216878
187937
318856
184433
127877
312608
244066
445204
344900
368409
154653
199124
302945
294620
316038
275194
442606
317988
340792
396259
354824
359616
443234
136450
135600
265811
208307
312858
365705
174576
448240
272122
168644
154721
227375
428086
286069
272210
427901
178450
299314
210450
354664
129488
179770
123062
342522
190230
173580
453786
286595
432181
316982
230266
158964
277357
123657
279123
431604
315420
375396
276817
442615
416057
359664
100441
363891
281471
421508
318514
369568
318376
241881
247801
199279
278051
279752
323734
221343
138690
283609
403161
158120
310509
382014
124152
216179
373162
209546
129570
338717
450369
358869
219574
284275
225288
100951
169505
355356
219901
349630
191764
177809
218453
382335
309453
427345
184283
305591
153390
264723
185785
282992
373419
368839
158436
325039
336542
438794
442370
193292
112557
245034
418199
112905
121882
162599
241433
264108
223753
123877
329821
123713
206085
231385
223818
104183
235867
227786
398242
417657
258952
430249
310069
168221
420775
398410
446888
102048
356997
429758
248689
116110
381943
362419
191431
436654
301707
403449
432214
387482
326570
267099
131685
205488
190176
308512
234703
203439
177961
125293
354965
279766
192867
380371
455464
396730
145789
222074
325762
287848
352099
100594
290178
190749
449826
440387
193826
378809
164823
307985
176842
280495
145406
370502
421364
129008
350224
233785
163234
407116
333383
160312
353772
237442
102299
396969
413753
116721
390303
303561
135357
394255
146495
133837
249450
277090
374793
104130
208236
312019
232230
411105
122197
335248
352368
232683
190724
146896
264886
177620
216248
293975
133847
184801
204729
374820
207381
116770
171363
302475
371733
119173
310704
188149
154410
289423
101263
239697
291007
383601
196260
401859
212033
232351
420605
311392
430046
323928
393626
384903
144634
333659
199677
374667
197297
190725
119053
175429
318229
158090
206032
320933
100435
390441
325446
245205
287615
191269
124988
442295
214267
172437
204241
302323
199820
185263
201803
219445
363691
277350
171006
168086
108820
281576
356835
131760
134766
427909
276938
363323
316958
291249
304307
386590
180518
169834
441403
404367
298212
172760
349369
144742
168413
446155
356162
350549
452954
217438
216971
129664
288174
237614
165261
407872
117300
201725
166101
145118
268287
336429
273986
346400
416916
360687
179127
229755
228603
185732
404169
146370
402719
203858
332289
158507
366897
151762
398215
449668
213677
308867
368019
337300
385735
341465
316632
133611
375781
350771
108252
407075
341584
271426
381524
355610
148605
360077
311319
386684
169934
149100
204217
218354
232937
276499
316619
205555
218940
134213
319072
115171
131413
152810
435552
287974
363138
205082
168816
242113
232354
251713
405427
273430
330478
351239
454728
180585
404915
261625
204406
154175
314805
242631
387633
338503
243086
271330
181013
311901
407704
110072
145302
283176
370095
455936
174976
350587
414090
218526
313911
453055
320124
245865
371344
287565
309260
292376
376303
369181
292345
382064
271986
117785
446231
367325
166204
298270
372990
164967
190800
120643
346798
438071
198219
232409
324335
153447
135618
139625
395894
372163
260524
260965
240471
335288
146594
270129
144102
327563
300117
316175
113045
167366
149073
333754
422625
263875
169266
234870
454008
438447
447764
313373
183968
150589
454227
382812
328429
384582
318327
437138
301737
391568
325548
233494
382590
175925
168509
311501
114587
269484
231004
243985
275538
262994
455737
107316
449521
216066
151899
346344
114733
404810
369428
324450
433493
437845
286515
195196
225774
172372
317483
350502
414058
125420
107209
382722
377191
229199
337184
132985
194486
148736
150812
338657
335862
445118
448187
165772
127293
342211
155526
333746
261119
117733
412852
288224
235128
163221
130423
390049
248707
335581
351154
199615
309076
324022
316682
257016
263325
421137
148787
413115
197779
341334
346963
204702
113767
323143
322793
372223
400621
263496
233135
353163
244506
411459
312814
112380
251026
118230
437137
294401
440043
353792
412426
124443
261229
440952
190794
171324
184825
236325
371368
432375
196295
375364
232647
370162
147690
162289
338378
379991
186936
233345
384681
387977
111860
389764
117380
250711
229320
197237
176942
221722
103081
231928
123764
289316
126930
289276
329519
368800
321924
323101
157963
443028
319797
424960
186633
361131
169716
286350
120006
446024
170424
311847
138151
280926
395268
252654
439916
305851
239398
399537
362118
182961
260651
222083
161872
152036
281437
409252
370341
440634
167195
332179
404737
451475
269021
202983
216925
273862
103373
214541
280853
217896
108621
415806
124903
301319
322532
334834
338740
369456
170759
386823
412649
195381
300164
234379
406729
434449
413114
446978
218124
379814
414082
225669
325719
224875
255023
415250
196566
362602
309263
216839
115733
188831
393666
339714
399531
350975
388537
391018
198361
443373
201457
394377
159131
100769
361563
305815
236309
127771
350440
402912
442998
208580
383069
214055
402990
366623
106519
141431
200544
266917
263430
335217
345554
453102
414216
258392
437576
118221
447718
378729
401127
333291
229644
286437
108481
224143
222204
125490
105438
148561
441661
328785
389951
156586
108856
200739
426732
306998
390834
174979
454677
346394
251172
321270
356855
232337
309357
380425
430065
182741
179371
272970
438883
279346
371600
185804
368592
293825
135392
200107
445575
379570
415882
177414
290118
408144
193280
436182
340345
295410
134525
280684
170726
277613
113267
136164
399263
197202
425702
384966
123911
197141
273486
332345
398149
342969
222295
420146
129134
365369
445008
370130
429889
139816
129999
153155
396151
162155
428306
438807
443112
326612
387218
353453
242292
250482
331571
155830
313779
110744
189927
340807
293747
204407
193533
110310
384458
168219
173778
191018
258625
218089
451992
100710
241145
150290
274254
348397
421471
108598
103341
379100
246452
206318
407083
133618
234049
350432
340274
140976
241109
307422
239868
150479
123589
123700
376570
209474
258457
273045
204945
420542
163377
183036
424453
239011
193003
427605
276374
127440
335737
200589
197749
142247
163876
143096
232529
307897
340537
316225
202896
303218
219900
287773
247166
341636
345395
374120
290757
291447
331795
427675
152340
123372
346651
256043
240025
400279
310724
103080
402379
191739
300897
310906
155334
261409
455027
221428
434395
388477
419396
415169
108005
175195
202739
145005
433419
219244
356143
116123
364759
299340
342262
282936
257092
435295
378715
165899
295233
447114
143370
410354
228677
153201
255496
310402
173087
132394
375665
429023
197450
415576
295105
211028
229922
293606
121236
326105
414547
323131
220943
228670
287700
362261
250229
424350
192726
108918
317873
308904
433841
200597
275956
366098
265125
326262
453608
274848
327019
108927
305646
246964
268559
111440
147311
418031
138441
174731
342334
329573
293977
205494
355714
188085
248483
101998
354405
213707
423554
221970
322939
140676
396532
413045
427779
180494
104894
360654
387158
261943
304565
207374
154895
259885
437125
429682
335668
399152
108679
338520
284008
290475
238837
168707
383256
365972
162826
175876
311448
110313
363062
336940
330772
339221
144699
169040
182899
449017
263154
223947
416913
163282
342977
223146
114147
346208
307178
360745
303912
118158
360037
310938
368479
306965
435544
326326
230157
361843
333961
264369
191361
451836
336057
100991
247610
313498
259856
326582
228314
386648
328574
447803
166333
350845
236921
105147
216446
242275
408631
273802
120545
350158
444177
439298
103688
437002
443676
149849
261698
133081
234656
306149
169741
244235
403163
378620
277355
253475
297927
214582
181366
314559
355979
246212
452399
107334
281944
314156
322761
418080
241282
209331
381619
338432
105149
359118
451813
152839
148809
204546
285490
379930
429698
331566
434457
180170
131820
142069
121872
224212
355928
326023
343271
236552
451902
219374
207294
182740
371803
294115
102356
444753
293058
318411
433786
137367
265020
243879
311179
163928
395198
391581
279368
384403
410776
169993
116898
448316
310733
144303
306582
433513
101664
269456
153043
453389
201847
372047
245289
185007
159597
234724
172227
157776
330672
189742
137525
152409
275566
320952
214119
109768
232956
133409
147777
196158
145049
100736
156467
317105
189455
422185
437263
357446
379214
335982
386391
346592
129895
232600
396685
148060
123142
410051
148521
327429
257203
291456
389183
369513
269870
295727
355397
337884
317745
222703
193457
412147
416841
454076
219460
395060
266223
240069
200905
145133
166510
223743
381893
431439
171939
205284
199093
131079
174597
225958
285734
266019
170921
367225
380646
437453
278752
166361
233417
329861
396321
230674
335022
124475
344761
238104
348732
198477
248468
238556
196535
256483
452697
431355
433429
160707
448053
418922
192777
107735
361404
343903
297451
439756
356003
336970
277139
130941
372247
199043
137826
357966
268888
377686
204800
245964
237435
147046
214946
311089
430500
305680
446762
297411
353358
427186
234323
453584
144766
159485
187227
379325
258328
153829
186863
310585
272732
436296
413412
201412
245852
451555
256806
416765
421642
301620
107517
213496
404120
349562
159744
242807
247669
325089
387298
297342
434651
356165
289827
188826
255321
217120
221050
109523
109659
421857
247167
309097
118397
106672
321164
369972
426134
123095
440377
213814
437535
167699
351739
190760
213469
291457
353588
246923
118793
187985
275023
215075
226984
237597
421525
153801
331865
305251
108239
219714
271822
103079
175845
337468
240005
379471
420401
363288
183349
248852
307794
358005
288603
391335
442868
443931
401270
101029
259889
195082
137987
339737
275803
238620
430561
162933
436605
397231
231730
360922
443752
218509
237186
261694
267165
185656
396953
406631
443475
271294
356733
405747
163125
260297
256812
452772
240945
228606
275798
349021
392949
347955
445249
123160
350728
344576
313163
287085
185216
192845
250790
176317
373319
187931
441474
130460
128623
241403
193051
259177
378730
190366
378721
297477
340634
416371
379948
316493
318045
195066
348047
277471
155560
432625
131080
198808
275471
289172
274341
234180
105972
374390
270543
292002
208667
158123
182724
192694
311823
193241
378999
307875
248073
423274
328900
200651
304312
181372
439966
389428
204093
440744
271006
406013
200531
362334
400661
447443
430457
101522
144197
145627
224022
181478
291937
111186
155351
314350
354874
282275
126492
304458
418873
109486
104235
348198
158550
454163
286933
306252
315362
366675
113739
172710
308491
326296
352045
358068
273103
363436
169103
406809
350889
353398
178953
186284
306453
166236
333294
104788
159572
183122
215927
186235
412245
137434
182395
434754
352874
332244
122056
247503
344599
225485
415890
186797
333486
222746
277203
401963
439639
450579
273979
253714
442717
175608
115102
399070
207607
367717
187929
189802
383902
305688
268854
317166
372805
383266
144215
429554
201470
238804
132253
192198
302380
124302
226909
403910
336428
242726
361564
360173
326854
114768
157737
391337
389364
258130
127532
188655
405985
346342
104795
178899
446692
219478
455680
456225
161873
446861
203976
138160
240854
285908
248442
256255
241760
377670
167844
248063
254260
176654
168700
227282
142912
329395
409164
371625
189598
390546
227549
201514
432044
116300
419267
237185
185542
216514
215355
318784
436065
279928
406144
230591
423403
423850
299248
401587
434637
441041
393584
132570
338953
137585
319210
430849
355342
342000
406443
356878
233495
391205
189547
274265
454823
454544
276745
324016
289130
180903
305438
431120
432246
314620
320840
100456
314152
135283
101455
201311
159665
193070
172817
360090
373017
259386
126885
360568
398193
333414
158588
222611
377109
382511
201289
277763
252830
199909
162900
433185
432708
330221
266346
140029
225213
126212
190130
411154
385274
314582
411926
147135
242183
386697
334724
421083
123740
437789
446698
141291
387081
257148
320984
164705
399262
196949
219878
390173
380738
206807
228142
448702
235952
370035
362271
159096
236118
393533
363658
299879
175557
338544
106052
449985
131098
319423
352752
410924
277124
351181
321778
316443
193221
112354
414538
339056
406617
185168
338649
121002
168456
106223
436179
446947
160844
443602
306319
224624
265542
133538
268735
328559
259988
358363
449595
397038
276946
390916
299072
126251
369269
106685
312304
165093
341981
210243
311969
169510
390810
106323
355350
432161
168649
218115
354751
252327
115337
449645
395481
185976
201379
288690
359117
174111
151423
284542
160320
162607
421460
142268
442055
353748
267882
190551
123915
169868
111546
251739
350752
350404
216500
351416
444872
441374
141386
241259
100639
337655
257842
410040
190539
187875
414422
253075
447121
168693
109324
281174
119458
235785
260615
448114
175112
134584
104592
271101
405139
133354
420919
336817
113756
240617
107841
392128
394934
279372
395793
346852
348513
172938
314586
431219
395962
328662
355535
429215
385456
196448
372881
378853
344023
148906
349333
321182
381799
315907
228321
246520
209113
354442
331613
140984
418830
408054
113486
175689
255314
422557
291030
276393
423035
345891
220471
141020
411690
339337
262268
367665
162871
232674
289372
266356
260324
223595
204065
380549
250368
200146
145589
304741
244721
282060
382649
254833
373381
242746
195697
430188
276935
354490
208500
241803
176557
236149
206080
153175
235627
195530
417498
338355
100536
207543
316954
130471
227988
409916
290869
342573
265629
217553
121538
118936
359986
102133
176928
410213
216451
270414
333049
134882
356387
210071
161646
336561
417864
409469
356434
382693
159624
423822
371285
209790
304214
244126
168473
259523
167799
135520
280233
193272
371338
320251
125103
398017
273655
136493
281610
105833
260026
445882
161109
230134
267354
113996
409042
423791
430599
338529
266152
141319
286027
393166
438616
319234
174798
277498
117232
149384
292459
167262
313372
452537
215873
372784
173793
455238
213803
270338
207127
267875
208089
453192
407253
195283
189974
180627
287395
287515
160556
357986
132316
300270
229775
289309
295138
198313
270944
251831
324177
370577
179370
314062
297767
244383
140269
323468
404906
187332
221479
419222
398917
277649
172691
200800
248565
277042
435928
393396
402415
167404
387788
257775
156151
309190
206014
186893
379914
419126
360616
428307
114588
364934
127138
126498
302859
230041
266385
397001
114595
112026
341164
404467
374716
415058
184408
361155
332383
317776
315074
257233
306339
118019
162703
131644
440668
301754
143356
340454
357893
305866
386319
350464
229218
394107
231526
198277
211937
120113
229174
278326
124183
262751
218863
395178
301134
355283
229678
143434
267162
238764
320877
224119
205939
325503
401827
410007
276272
418942
338839
239779
296902
381388
190363
139451
213655
437958
436657
324766
398598
318422
239087
171310
184200
103976
356992
110713
286068
300027
313747
390428
441236
232775
138213
306492
223855
229987
188889
117950
433669
207236
106312
343386
337627
259843
106149
378476
437634
151810
370081
397845
237679
100398
245165
304774
429695
184585
319908
139440
330908
132233
165239
439063
199280
441924
438997
300796
324571
212760
348266
343075
330118
183031
230705
163619
163736
377944
420224
434392
338699
418093
107191
391084
113080
309469
202712
258799
180536
283122
140046
290867
338032
145060
359406
196412
410346
415640
187578
333132
179181
428258
102654
338505
282381
191830
383349
128405
349878
244300
101265
202567
263069
389065
201712
363451
393383
216036
160462
202864
272623
158826
241174
440844
110951
276527
127424
436303
168812
144399
134013
209892
456172
261503
419283
405017
202487
387174
210229
194025
308094
238843
390607
121114
442207
254776
367204
211727
413483
231673
421209
385494
390239
342508
108538
401061
256761
357914
162167
108870
419245
262999
196290
432024
229637
314417
179708
439986
287242
338294
432155
146554
445719
210326
431017
267735
453867
286491
235082
125591
297894
214884
422190
220062
257004
423362
187271
282568
251163
264444
377104
299307
167687
131714
320246
363579
290934
297696
177465
304611
419636
193867
182357
148461
385700
431327
222101
181113
388711
398197
165898
234731
148936
156277
435918
335002
420398
369879
390377
147505
447772
163453
375539
330958
174495
286409
105964
358473
303685
230773
369610
376754
321165
225704
289341
235086
269509
432461
299895
377223
295611
132461
334761
261243
115223
259842
390788
415795
282598
397439
322185
356845
420715
168701
243269
355442
323380
349402
127152
153859
215937
142851
451140
320079
447502
208980
385788
396827
204632
452845
428334
117002
254424
246989
393208
154451
319483
219051
202013
310015
137118
150945
226625
141439
160705
330264
273201
413856
372218
410239
298670
219365
323115
324159
106350
226113
163611
246167
188252
274078
394414
438230
340949
257800
296572
201381
158136
377168
206669
307479
276803
400457
436325
299025
291966
325973
209129
443427
347117
325404
426584
159800
438976
220556
163905
412343
305337
403780
357338
409098
180718
392739
335035
272786
406472
106055
313657
133535
123608
141258
423038
340293
453943
399884
157257
210291
391620
408425
222631
316483
315411
139846
137663
300694
326555
430959
295976
112200
431572
241319
236516
338401
267081
286304
236228
131168
165251
158569
357341
454503
174414
141848
199492
122224
415495
286273
313766
138383
397931
251178
230992
370620
106997
237355
441366
107787
255923
194587
124100
329897
145647
427353
292850
123350
103672
404513
368863
145538
216275
361138
377972
320972
425319
455461
342302
375142
438817
252229
141546
187598
376513
451466
376039
250947
400714
183251
151962
442101
374578
276868
318315
134002
389282
259275
449785
232773
127499
415185
345756
424796
268526
336862
279427
345371
399737
373510
392995
369245
407635
380548
133504
171519
315044
264857
311069
433530
339519
133473
269328
454621
388954
447592
320586
144893
296036
395149
299242
419454
402163
208504
293040
439494
387765
177412
416832
226375
119701
270360
418317
326173
119864
360515
353357
177108
375082
300889
122729
163261
203440
164688
269565
412002
325706
121433
201352
140175
299383
200909
191577
134797
121625
207916
262692
287041
246900
340051
280072
392114
242034
365425
414761
371459
120420
203049
109520
264117
313392
299486
411626
183319
186350
371009
246581
109434
424599
356458
194945
358912
298164
428440
196246
170643
397164
367845
407799
107697
427034
174253
217302
439665
113871
189134
233766
130823
126773
450944
354804
229379
151865
239682
107461
193938
197304
306332
273269
122220
307700
312056
203758
297876
208533
131401
279373
455486
186534
387295
198113
319442
272641
162082
383297
152605
362587
164754
274197
395335
379306
161063
202275
303894
446586
179934
293526
215264
356378
344430
268734
449590
150984
256273
456027
211250
271951
288707
221499
349561
345037
451139
340896
231043
424480
257371
106593
144547
154649
432478
117126
155107
353731
307775
406017
160030
434930
237039
156307
143726
411284
148127
436648
182765
192873
117333
437773
132108
147869
372903
250344
273888
430779
193005
186868
238162
287563
239981
436601
396510
448612
352550
383238
174432
199693
449862
170322
289528
166498
256871
300791
293655
222737
286001
386555
137562
363443
247233
280655
191082
392767
379907
200691
306867
301245
383326
110928
270409
111101
150655
252514
443411
399101
306365
367917
363825
104246
387197
446420
391394
309360
443061
224919
429360
319104
391716
403129
180734
282321
356756
208101
292230
205769
152727
102357
284105
314935
332917
274570
104100
356839
310232
246942
281270
227684
265977
397331
175300
357937
386428
304192
119413
118839
252495
146937
178676
127604
351053
289385
146216
396197
346432
282028
109262
233561
440933
266510
242215
293582
297996
408266
286878
379352
338081
192288
435275
449122
132494
187272
393325
361166
413717
361374
260646
258212
259216
409381
277977
126592
374184
306693
149202
343046
297214
287199
256827
387569
302557
361917
210763
333439
350305
188725
237135
108330
254237
394605
382781
418274
312371
124479
419680
448813
170215
118619
345009
179481
414910
436443
321219
400930
427602
204353
303266
205865
286245
225461
291706
247913
368497
198260
412275
305732
147347
439464
367520
371062
406089
394973
212815
357978
326153
183510
359245
414434
226356
281020
174018
290228
356348
436855
344943
117536
231937
427849
243583
145105
148464
237600
177539
392184
329660
139881
124459
134740
204127
432665
128075
340850
101520
174613
274564
346236
265971
313277
348149
242935
171097
218232
208934
173514
415329
245484
219068
158163
140477
250627
396965
188144
449206
388318
286674
190084
425138
261689
261674
438495
452711
426033
295882
256741
378645
366024
193100
166426
240388
299631
369594
201402
310615
149345
373987
244782
404419
252402
233609
151249
126534
127876
291443
310396
254941
181845
447446
205046
240768
357030
178287
392531
128902
200667
314121
354675
357414
207637
232745
447195
168449
391778
438267
382319
162257
106470
411429
329413
124016
199318
375264
444994
150565
330674
366839
225575
119302
454126
395424
327405
256091
312590
425500
206765
377843
213690
332622
322542
377091
244686
109426
341312
237485
207990
131724
245990
400699
453277
206313
121681
186027
314510
277918
414366
289586
152921
401208
281883
268586
124136
142586
141047
331730
380188
427534
369478
213664
272827
141079
150900
273406
320962
160203
197080
178119
439496
352111
141171
244188
423799
238125
344563
102040
242665
367554
325107
441074
183996
165054
359972
276080
440608
251472
250171
303679
157552
130811
169223
241878
354356
149410
221429
172519
338591
136611
175490
438466
356935
308589
109878
160845
309104
344584
323182
169459
264899
193807
230630
441849
257285
245548
283910
244722
122682
140781
234310
146412
428954
150583
129515
200528
127976
377636
223407
243704
387483
198488
396641
306683
223256
395607
428912
124153
200397
408557
171385
243033
169583
110607
256129
235905
280553
149853
365857
118346
168426
180965
207274
237081
353829
219607
355832
182284
280268
216160
252441
325466
213411
335609
333916
391303
142019
230450
384900
353189
446203
137609
412254
370507
419082
293615
364048
286532
125391
438491
426605
446003
171347
311798
137634
420445
104548
333763
128172
341250
104485
356866
411955
356782
295032
348787
246578
259474
358544
233205
198080
168629
340627
180667
326722
444633
100124
302029
125317
404495
153314
335892
382235
388483
370739
174477
213579
162050
391954
278143
198516
324513
407065
145899
246054
174735
306472
209236
225939
249488
364750
124017
356358
284372
386815
136952
409879
271438
280498
172172
405839
398346
332226
422353
160344
153657
301558
203268
118070
126475
422096
343924
250971
300555
280895
323756
217425
231376
443824
150344
195413
284611
107181
192019
366393
445482
163255
372530
380291
140403
285577
400580
441377
359176
196803
102424
314075
342407
348783
449397
298438
191098
271985
371308
326399
206012
171524
374773
412991
175117
381844
132167
198061
349696
286251
173833
151696
287944
328071
309946
356511
339749
353575
426502
323183
161106
400096
135545
248175
412599
416978
287674
192816
147888
450750
454833
195392
137920
173899
307090
352107
150131
433618
301165
161543
116303
374490
450695
191043
414051
260279
132267
228407
355157
187669
268493
233849
154535
348423
368408
435355
207393
356972
385964
187387
147978
352757
144932
265436
190988
168631
353041
106362
341618
248838
338545
237891
329233
222246
196383
295146
103305
382725
106464
423435
366267
375438
138102
373318
289159
164920
357300
227951
190466
193567
116301
212460
301465
364200
121586
349725
116182
327780
427684
407592
355948
202265
184894
417743
155072
381914
380973
304227
333172
450405
109728
402058
233541
197263
223425
443563
453084
115923
175926
134267
429735
454410
282893
242187
206186
439142
128011
340246
227553
440683
313263
417655
106129
151849
325669
183073
359409
393670
377225
201681
165343
387034
352444
268815
219988
111951
318069
176656
270932
268345
396975
421840
153568
319377
247381
407858
401600
358954
369380
306255
293958
133589
349672
141724
177704
148510
230799
268725
399638
449480
201095
343764
269914
241703
117197
379906
307158
335763
105293
110305
367642
314423
108088
415305
226038
258885
370260
435805
150668
218327
282689
372344
319828
357579
159981
295190
304692
344289
335677
346698
197856
264641
376938
180054
263465
422474
244234
405238
207691
109455
293074
340944
310299
312173
136084
415142
100949
240609
332329
109163
421118
359877
170237
386055
249119
230796
412198
271449
223247
355191
146139
285953
375185
150751
174997
428978
431847
426936
429742
379672
410495
396407
417602
286780
251625
372376
436690
293940
364180
343218
106571
278549
321679
175132
309576
379137
131129
400256
159079
273940
206016
167545
243780
230785
252207
214301
329659
114424
278072
203877
373693
430827
241384
344129
110739
320359
152686
137272
211713
392115
408121
439690
137065
353295
276645
329284
161916
304817
252611
202464
404951
326912
139060
380465
449485
287027
442502
372918
447098
117214
344440
175739
275251
296985
268024
286290
358269
392855
290717
382800
363561
249273
124375
369764
246664
122303
164396
375829
356447
337951
159810
378585
430789
267814
117849
242961
334117
101832
177989
106120
112504
318754
449697
328465
396163
365944
421741
245097
295474
396188
397980
113019
177991
389492
170738
442459
336968
298263
121873
163547
217179
333747
385710
289542
389588
403173
164471
284292
371935
132384
385224
339765
150821
425860
223279
195059
397626
200480
248621
451061
234436
300337
167314
329024
424632
117748
287099
139052
350905
242990
421773
263960
137874
320180
429629
413791
168112
252871
367972
204664
218151
202350
406722
305940
357957
222571
258809
230288
411147
211185
338372
379978
332313
160814
180304
428584
418542
315332
155404
380550
438503
265029
369866
133373
397094
222716
128354
362304
242255
382004
401591
167996
269439
216545
311530
394493
360236
338415
369950
140856
140251
390043
264140
122272
352826
311843
118031
445180
434794
411003
227929
244814
260314
260069
322255
207255
384174
248323
412366
290472
202121
279032
320938
109355
166251
428444
376765
290824
423421
138599
306618
206740
354996
156568
257143
327659
182490
358250
438202
160655
206886
436456
237926
437745
322099
427726
223166
441163
261468
214963
278408
431786
448997
324577
290302
239657
272147
234070
212386
422560
298439
196021
350204
229430
440326
268631
156749
447889
408533
150097
117820
314223
305901
380862
278430
358678
345504
442959
389474
238346
314497
122140
287737
346148
335237
129765
200239
401122
212561
362842
210025
130656
115529
345727
369213
402020
275552
283783
169054
380562
138885
286907
285658
176093
442772
417849
232250
138972
316782
449929
148099
110254
325358
384976
240705
325374
181401
357946
440159
155242
345925
122481
415914
430410
264607
147301
119390
309393
241481
223445
165161
292905
228646
124812
187553
311598
354837
286722
305775
123048
110132
166621
334094
158987
343439
428309
315703
308098
335496
260230
204103
327228
366550
164931
365448
100865
143239
328749
289248
410067
302351
163404
246314
440652
358787
381882
418415
174165
332385
341607
349667
323958
397272
190088
121505
302659
268811
250483
322294
248809
285966
456085
272843
288948
268674
225668
377082
165278
328805
385332
124636
384465
178748
424811
152610
118662
325249
294904
385597
206266
318612
434541
104285
154530
110759
406898
216330
386158
194391
440504
252578
347389
359724
297692
152245
242612
168334
297599
358882
288122
348468
231985
157295
229113
309483
341601
132946
364108
420033
145198
144962
368555
369853
364408
208082
308630
435647
123590
286793
181126
440447
355620
332594
102301
276141
141469
347345
130493
433249
154449
198849
368149
437598
148480
328202
135429
281458
149656
315791
127119
117841
142839
420468
345446
286022
432081
187798
285416
336145
440753
440727
348728
385764
409729
354441
363408
259782
409870
286757
146774
351510
384822
260218
170408
295377
321844
356389
434104
211370
241826
269990
448603
179522
426207
313445
436301
120158
301981
326373
280922
448684
390302
132903
397809
252717
105594
287265
362126
353690
172035
421749
318604
446385
283852
227947
392024
106953
372777
286771
243231
245762
224717
171611
162216
194921
345516
426216
379365
430064
301280
154667
442444
376135
250536
356352
111229
130439
394621
437802
264872
372604
274477
157531
269931
371392
326276
209563
130219
139630
389997
224606
327452
316143
437641
247745
396307
154642
340890
249616
405431
196952
335740
109796
312911
261294
431042
215201
295695
331001
392274
390264
232053
172852
346530
209837
370212
377816
120273
299031
342078
440455
278159
379706
178929
409934
166507
245189
132199
353870
273684
254255
354746
122341
369723
279077
393160
416655
362303
337523
230331
266028
366701
398928
166875
367676
118678
437915
322380
150102
452822
213268
335679
119149
385675
168211
303834
407805
166828
202584
152410
126878
248793
211852
388831
168877
342623
414098
279258
345082
206242
361924
311057
455605
175889
383139
415350
281478
338844
377745
192139
441176
194341
330694
235290
390369
282536
175967
113759
157601
449568
415641
114666
265308
115302
317621
379169
360742
295851
239129
251065
237758
126598
364800
231531
182508
331333
137988
439307
117471
297272
315840
174281
180370
287247
300666
218057
247963
202601
246496
404930
385746
118867
103451
414975
443642
330024
430508
415015
389125
166021
409890
363992
353125
394328
360665
274692
305431
255787
396967
171467
208888
147508
409104
272545
375766
361136
116810
450605
331263
276350
265505
148504
436070
121679
448000
357024
399117
395913
313838
114196
447589
344804
210160
126558
342988
237277
239022
280797
124295
142913
141781
101163
210992
203456
131435
331559
301577
250613
222092
175801
105031
320947
278858
287928
132363
163250
169801
341162
124557
415907
369617
289457
123582
291024
314228
350873
221710
190310
200860
428167
228136
105315
380432
206167
274675
405770
159527
229512
228638
239409
327518
225886
331507
149153
329595
260990
185946
321271
180392
378992
147103
277793
316532
367013
424408
240365
188357
124364
211725
425010
209813
389360
153305
438279
315884
127133
143120
452771
123028
264572
279212
278890
434580
221553
302478
447702
409338
292323
206506
164486
170109
169941
199934
288457
251383
280848
427514
211458
103510
194771
442323
383215
429887
271232
441518
100258
399980
237655
276285
445115
205314
162500
239049
370812
426566
391381
203513
449244
449686
231417
255879
365883
133964
401008
171949
208664
209048
223066
411603
446239
100195
177016
453909
222301
240162
302402
132294
245951
269487
239147
252516
291691
401242
111701
111916
363970
329132
185943
317010
247451
226341
287000
369376
264866
191440
303411
146039
291176
184568
410383
221819
455168
115758
387594
351130
394221
334193
427049
154487
139956
430173
191400
360162
405373
187810
194200
253013
240870
320096
195967
340846
340141
245963
163950
103165
317706
432400
269426
144936
406311
376031
276894
234203
341266
429942
166428
334347
426142
351865
431459
441322
298922
383614
355488
141220
260922
329272
438356
336934
436680
100016
429821
306043
436862
250507
237229
447732
377072
338394
226662
315286
110441
215313
281058
149585
370300
117936
143130
339278
422073
411331
357889
237834
138902
331541
356320
346110
199667
411422
231419
347007
208715
229029
401631
428666
245292
416266
428351
152853
261362
143451
165036
231210
412264
160319
142110
347118
238769
354081
416086
454636
145590
423393
119721
257245
123042
117777
324830
184156
143386
377198
333424
380636
139830
313746
294242
180924
225798
113417
377630
299292
355125
352951
191984
206534
332496
132350
234352
449115
453487
308414
265775
190336
359411
356864
172476
284922
296351
353239
419678
180028
274883
402791
442156
418809
173648
123637
109834
168918
258439
319740
401948
325667
152614
357043
451082
172568
237902
404559
278718
346311
295905
152744
305785
373117
182394
144705
106791
420412
397702
411604
423552
412888
166001
152153
110059
399857
195575
155774
331331
404975
393182
142620
426784
252443
198767
146948
170588
398553
396604
280511
316654
208416
132879
430175
100179
293879
281693
182806
310471
173674
130427
299245
362192
445262
238983
104500
261234
179699
141844
177513
369878
421073
325946
165671
214443
243953
329950
427471
379075
227775
206600
273102
337484
371140
305982
382206
123205
349465
220344
282328
361561
416574
419160
430807
455767
261950
182589
351664
266612
256593
422879
275439
331844
397396
355844
126272
205341
181605
128847
114262
106309
100683
375180
422399
229796
269892
247737
397329
195864
106371
315162
130668
351341
420062
226852
433167
337933
392617
385728
115614
169131
260957
230075
251251
320427
453393
416864
310986
331108
197889
198146
304836
438918
342061
436998
366776
353593
182325
431752
243519
148719
270102
146258
365248
153116
274106
140243
327240
401799
314100
347892
307711
176712
128903
390317
197754
355137
358165
419228
180395
346508
441626
455240
174106
196185
242054
151126
102011
123152
400386
363945
334206
120573
224122
320726
152729
361372
268987
184907
189543
114018
333265
216927
117695
453765
297988
324623
447617
414688
216889
114063
306405
413506
301529
116699
341741
330357
243641
361258
296761
350548
429766
151199
192514
333478
342731
440718
387302
299198
329458
112727
348245
188308
360690
148126
165741
440065
308942
213842
253491
200048
293153
252277
219947
392691
228623
202109
396274
418696
229556
113138
224224
291186
349247
428176
366250
129028
447694
431932
259399
419855
317981
149939
114160
109626
119237
308785
188450
173140
179814
441771
229929
260249
123970
315256
305346
419311
429724
369009
291006
215680
194904
359652
401678
197776
116732
321234
365101
290765
214081
341215
403773
405508
318739
176894
314135
391776
178941
117891
397253
181957
378687
325600
416441
295379
436166
208399
329971
210995
142893
370788
169653
385929
310199
101085
270312
193705
444776
110618
275300
112801
449210
388775
232975
295693
424516
423031
180159
345454
400735
179232
211219
362255
144217
369324
262867
394182
233383
302830
339897
278777
381263
308238
194736
445134
117822
158970
284416
266746
406342
143509
146749
142281
320072
299180
192273
204912
217764
224517
108194
228903
112152
147157
140617
243105
396820
110224
412363
206736
431610
197594
302501
444216
224677
314498
449692
425744
167289
429076
202104
104978
115325
230143
442853
242764
155097
183921
312783
366135
158389
305597
270453
239289
178245
299041
227611
236881
134984
228805
304819
179254
442363
418209
159789
374344
209670
284067
265931
398476
386737
172794
118245
377292
350260
288374
380215
153744
311578
202401
441931
322856
453448
334327
302570
177440
310945
375453
340211
425347
433080
159167
120531
107930
309307
449769
140240
428663
231882
302032
418815
310909
447488
424541
339042
235381
210210
241225
112823
406502
136381
453472
274007
225219
253304
178310
330470
341907
139421
419083
240277
302265
131048
353617
219932
195726
121877
