244111
408843
277828
361878
157318
214056
360355
448748
215906
223026
342504
310901
114192
371542
233829
256711
208694
332636
284031
269710
350188
324311
425584
207773
174134
345105
136508
388744
226443
177044
387668
114974
243087
336158
432574
392597
201701
219762
151282
375947
230932
113068
139438
367328
196188
197707
206870
242234
403234
250329
208607
345595
447564
435565
102855
450309
367264
381302
157175
406645
221119
397344
134389
175338
371718
133236
276025
253393
401275
263143
323929
428803
222923
267760
138345
184840
114600
164180
100100
261646
416571
185114
108652
415665
392567
158312
131817
119916
438431
433333
286099
203681
366679
340368
350575
178062
224805
389705
137082
430654
396118
282084
246955
331784
134065
369956
270115
170333
402756
253084
439527
181488
411825
377244
247508
394174
122410
333549
257769
223690
223950
158738
256854
175276
448835
380929
426246
271736
252295
175662
146801
170290
170558
440265
168336
329222
414614
145518
226669
226191
399932
135647
321251
300204
175087
358387
451107
332497
241900
297678
179835
311841
168007
415189
347138
259066
259081
195342
451745
352678
420413
394172
143552
165737
273055
342625
392215
291640
372619
135475
245047
341205
242563
389769
365821
363963
240282
405315
247372
161578
385179
399366
297592
105451
393863
153539
180415
378719
401546
160808
220088
157084
149020
196050
179401
402611
111204
122735
188209
246260
134235
304772
438689
366543
252173
369922
347474
266243
266259
356437
120493
382838
217712
399392
236718
448281
363930
195259
293857
206033
121183
157130
317585
331577
229599
339123
439305
102628
433647
436803
322112
192101
126917
121070
445337
274042
117999
349848
142652
289894
193680
333991
447144
214110
269269
387762
374714
387456
427234
282271
263884
436223
112990
295298
336676
363787
122840
212757
222041
277016
144254
399803
400731
134188
336111
147237
454286
385873
288612
285414
157594
245230
289548
146427
361293
120564
235502
234158
196337
330618
455864
315522
230292
353581
314561
161085
181558
171801
169115
141560
441945
134885
233003
324587
368902
298137
234091
173133
175455
350233
150333
430052
385489
362378
139313
171199
133206
146838
117970
241412
308215
416876
114213
215833
342613
171396
227618
287989
176402
185781
279000
249051
231765
139485
208676
271224
369374
375397
431084
236677
455687
223798
204199
329516
302650
198045
444523
205004
272978
111559
427441
297346
183546
177864
269074
129266
263374
106408
428144
416985
125510
223284
234830
241460
305638
105171
364095
216135
258801
347823
225101
296389
325749
415878
287431
427450
145813
100942
325512
266739
114023
217670
162832
333555
101148
179912
272392
392147
355466
168414
186720
433838
279846
391204
119911
108443
340052
352483
114154
361532
434401
252935
391824
150508
410869
364167
294643
234868
251407
200010
307382
234279
253141
336047
154223
347187
304132
387000
348883
429663
396534
250969
345899
307874
442512
269190
115048
421681
127688
384017
339868
320225
403181
104143
103577
140968
232194
246477
122172
446672
264239
441804
329477
376936
229409
250787
216916
158364
375681
251800
363016
112807
319100
127233
223630
285904
437428
325179
111060
295128
135095
278102
155683
432051
342628
258530
137209
239214
362276
235696
383507
399487
165815
390338
437720
301744
430356
368338
455235
339585
192182
162551
400265
200407
387538
280323
401525
339568
306334
162534
107265
186234
128499
148963
155986
357849
293964
239557
455677
232186
331703
268896
146668
453504
425478
250930
172603
373293
448381
342815
163622
156281
384951
158843
242282
399237
400717
417074
331665
251131
431280
202208
370366
280935
284121
365354
272471
125204
194445
274267
164603
160363
270477
132424
267938
125898
181490
313463
207762
173810
109904
275107
355326
451753
453467
371219
279419
368764
107003
273375
246509
293675
265757
124908
442204
113190
417024
143391
294409
400387
366809
376706
187602
273960
399274
389469
406067
179556
127555
170844
301430
311293
266245
232338
100862
356055
421227
331071
376653
145905
111809
244557
263361
290624
347688
383228
190054
149970
240957
253394
411358
212727
203490
417155
308667
391460
416625
301567
286539
435659
344638
153386
385731
351335
154811
195605
261451
336084
447088
211327
435991
396215
255550
316455
115506
440406
233571
304980
100807
221072
340736
146768
216064
261448
311645
138360
111744
228113
233519
274652
181815
239524
378950
363477
194641
138020
111925
311135
161512
242602
441421
210395
147643
109588
260605
195849
256672
438573
355392
264665
165000
319896
382795
222014
427619
288402
111780
328412
337976
320025
342521
320092
223770
119143
264711
426322
343452
129965
197282
137932
214166
275452
436257
143710
396166
405805
428951
220489
158995
398822
175972
205721
455673
327038
152748
177807
332566
167501
348201
190746
292801
234784
243758
129344
208259
410958
415984
368071
127902
422953
383915
208009
441272
331500
153171
201436
193215
163699
190802
231234
347044
248754
148207
297176
134997
148727
131385
172512
193149
297465
332475
165788
163184
120199
375830
303721
226607
300361
252608
357484
236131
422350
251055
170367
180288
224431
245560
148931
175907
425377
340795
108071
165689
411831
112861
291116
173025
419352
300412
233061
324260
267303
283929
142507
411985
251547
133407
124495
150808
230834
451316
265645
208326
427940
421404
238746
427484
137943
123938
284274
152714
422888
328038
251348
403610
345428
388140
188617
429437
125603
331863
160965
151236
345983
279842
385284
138963
322563
361035
234667
357850
414762
232868
317913
300268
253795
287220
332143
226267
197441
419021
405612
184265
106012
205559
171009
218626
160818
195036
284621
119050
291537
150226
407562
277574
203611
421370
434547
421882
102507
330721
121373
398184
291021
242539
417835
171529
422186
230791
323110
275285
351899
113596
437699
341793
214437
267033
391998
387435
231651
103262
451356
271016
353064
357802
282024
297046
313200
175849
380236
112007
183981
343666
139233
381008
154132
140213
109302
224144
436710
155177
307625
200104
112441
267463
270581
349927
215967
195185
176724
312752
138239
126761
132071
305106
176872
278311
280110
331588
308856
147080
154209
163016
145983
233593
230014
105009
375287
341471
404881
325695
276633
262822
365816
302156
275114
324070
204909
165914
417045
422580
396548
136231
356514
240905
297184
287368
113985
333714
436244
361859
378254
245706
446291
234517
229597
362541
312736
130131
362357
201637
247984
283424
270808
335986
344786
305661
389591
359725
156077
402166
108513
121367
238486
377161
172388
375130
193073
108156
451800
432632
429330
326911
385769
339801
218556
157962
212985
435851
190648
185372
235288
452991
112002
301091
205295
352209
417541
249211
286660
214222
165464
361463
255963
235016
196192
431715
427876
355927
250524
146049
200298
112420
352631
389702
420090
189544
119488
426003
189660
207176
107707
447405
154296
351800
431295
316024
394042
262240
128794
202196
378623
253427
232040
234608
144056
326943
410151
145224
360246
268512
299045
393654
143698
259821
361204
309475
339556
268576
268601
289266
206630
369294
171618
309630
452048
441557
317673
365413
408603
380157
191797
282012
147375
198776
205280
299222
409957
151342
208198
231819
218027
201742
158661
380609
301386
300756
168638
205376
357479
422149
392160
198701
356225
160207
218143
301468
283612
134370
100988
149949
120838
358164
163658
437948
135281
450160
121205
307745
119946
347154
431722
342570
238339
309766
273824
112477
208624
174346
155435
212595
170219
323601
268615
411270
113456
203483
178339
139228
197919
432099
426290
402202
172065
102505
425247
214598
289295
343426
115443
430722
431861
379083
409922
368723
309650
112509
350160
278003
217552
168050
446817
326909
222325
314389
321405
248157
438630
392150
285421
337730
285518
191124
134708
304118
179366
155753
117576
120585
108525
346460
358699
200962
306642
345366
413096
292390
368802
356020
167910
183339
162492
132558
113682
336292
389114
360197
337728
434823
299593
344577
346204
271687
317400
437485
210825
227907
270936
193972
369586
451874
312039
248347
437511
354733
279288
274885
340393
336512
422634
246666
135102
146804
390615
394582
293757
289091
148152
447783
324554
322017
220026
417636
328163
365293
351039
137856
291562
208145
263317
363370
306984
128879
184733
442385
416188
130611
387170
284250
177847
108153
333639
178495
245741
406906
426704
431719
291554
256512
344668
232891
342728
102139
237041
277685
330857
108565
412200
386011
452400
299239
394646
255763
424592
415225
426979
137067
397266
404417
108174
380672
160717
340809
236776
410688
122087
334950
170412
129702
322104
134874
134402
211541
179284
144552
218929
151897
329645
362226
432361
112806
397869
118825
154173
213919
110874
218874
219517
196853
378561
432700
134488
244806
134246
149059
152196
316514
241002
385313
116703
249604
301897
193748
193111
186376
249297
270773
174956
262511
189099
144875
424931
216312
183988
386044
210006
348574
219381
297502
117572
413640
148710
297243
405981
445684
401136
346356
210872
386351
406979
449677
294930
303843
189638
304529
184558
243029
413049
184914
233100
141308
280168
120254
223935
119369
165151
356619
450659
433373
283603
439362
325709
238905
428263
245333
176673
423492
112690
364164
405236
254139
358596
179787
424230
107857
238459
400644
394685
371694
455151
325991
350407
377878
166300
415400
402113
409580
418489
112065
423252
322866
161339
323844
202472
174853
390689
288590
153650
272546
135127
311723
414528
132421
380417
326613
266456
301368
229884
229231
389467
266869
411962
216868
237874
264470
292329
274067
112048
285291
140636
163248
220284
276394
428404
426899
252074
441456
377129
352430
236086
318768
313170
100701
284447
290181
221280
167253
331926
404376
193958
396780
122245
449089
354010
255169
379615
290189
275806
439042
134532
245493
338085
370202
364778
430432
128506
425199
396519
396568
191317
406370
218597
207657
437037
191519
303871
365909
284426
314195
267835
105468
141735
175896
111868
369800
412274
100658
195826
140588
357587
353451
165564
219242
299754
366253
325699
302375
408196
165493
107437
313283
348572
339110
420052
347359
123870
401072
414686
346572
151097
342546
147736
441069
452895
391339
441220
133661
215335
379985
221160
244035
278478
291989
219282
201348
287067
133311
157858
221690
305637
228914
454114
418678
239306
447360
207307
267630
285777
212209
313773
381228
158639
173331
397959
396937
221077
271249
324629
147073
274828
300230
293401
244712
376582
322556
339900
119130
116934
144361
410998
137440
294464
111672
218738
154820
336350
403328
286312
316445
276177
128107
236093
283714
307782
343974
218420
433190
290381
209983
137199
173716
185513
121065
258995
301802
308345
187173
117256
243556
310392
163313
406618
269985
334453
303353
418906
312730
230752
103039
289218
338692
180825
219137
137831
263533
248917
242388
125498
158563
193830
287642
370145
407099
448595
223886
296754
108339
381234
314393
262682
278286
110455
145065
343585
203820
386904
295001
161323
288099
120064
339566
286950
439367
307750
444305
165712
199723
106976
173807
100526
234958
131105
263757
264615
223721
454939
136826
278452
167497
306454
102200
143744
169946
377251
237341
375329
267666
365692
384333
103254
125217
444343
442253
345278
447006
219658
294011
218880
180074
257134
362159
155320
180339
116980
166551
254468
396234
159125
242197
157151
257513
128804
102931
284107
287437
328731
274772
429051
337962
438498
352325
391098
109175
404916
346998
116868
279629
441044
418417
137583
414998
131050
334757
392941
201148
148805
212732
405135
318794
211624
320786
226666
122448
241485
294977
298561
306496
186297
259639
179372
134961
374210
382353
362654
179903
352276
418511
235244
131769
176551
112987
389651
390253
384250
320886
298332
347300
433626
452973
394028
351080
187615
301894
308224
157114
450471
113168
305163
303281
215903
202545
212381
111438
424740
193941
252536
181510
400515
409631
453513
205394
416348
253657
311352
230845
102108
293061
302734
154539
341611
400664
166716
281869
454210
287856
139264
454180
364701
337212
419519
202427
212229
381611
413144
141900
413020
241978
261032
177701
171579
261074
394928
394659
149989
296411
252264
115602
362817
136680
299760
130665
367306
368744
398780
224543
454012
216554
324086
258515
295652
199594
196622
365187
139276
189874
126393
252279
190000
195217
266381
430898
120646
298086
372502
285179
147036
163720
186428
185052
148556
223980
269640
452947
120185
163280
252743
129994
321180
321839
300603
310336
291956
279809
422111
212705
294145
105616
326114
299716
281548
368470
402546
156170
101751
364086
353378
198597
239444
166952
247140
374277
294630
150147
417313
158969
219734
388123
430308
335509
238155
343347
262175
444043
263338
186458
429858
313820
119622
319345
290799
439225
351996
420913
204851
318371
204210
378915
155065
174174
275817
109160
191592
194632
313207
371990
135904
384616
387694
210155
443621
455388
416407
296843
416590
111273
422088
304069
253096
266791
422657
377948
203284
116512
329314
380246
357122
445359
378174
272598
269572
261562
111271
105129
433100
289493
104904
408279
245065
429888
168034
437734
335249
418238
303837
231896
451435
135613
389179
272454
293452
256127
127064
426604
447136
174439
218387
408275
443932
145402
351833
410421
429123
100389
225316
146260
405111
322535
428664
281522
182184
362239
243176
414135
202946
217845
108181
267955
381843
251644
288952
100596
371735
404422
354052
219426
311837
436515
418425
330039
130637
108044
428769
398339
291613
328815
212107
317726
268887
331283
195057
423529
211809
416519
255548
205012
282898
323479
361003
186959
156919
371884
211843
179145
294565
327948
338133
364827
263422
402863
182461
364647
412127
248176
354527
286724
100433
427929
119723
369652
242864
123972
373886
337861
416559
445683
143804
408404
428581
408059
326768
120767
315097
164736
350424
364219
439425
177367
274659
436431
394963
153357
391266
185969
103897
303057
432363
179929
432966
308275
349526
358070
280122
354170
167988
381718
155741
176039
200915
255559
138536
225755
357649
275476
338087
441115
101179
263814
162834
453012
241149
154297
206309
363003
372487
118882
307023
156476
121889
338349
143001
403630
133646
351204
453716
147536
170380
214259
354074
294102
296307
131746
162892
448634
173527
380081
106238
144745
101091
391463
360609
136749
104619
154926
413790
325049
137360
175698
285891
149004
158214
387054
132614
157869
147802
186830
346552
372306
170244
171636
331883
249349
321255
382731
396917
402594
120007
408027
347786
195009
124094
430589
205072
360570
431858
103024
227529
435223
216217
388882
299575
386653
371120
311784
293718
216425
406710
146102
228328
280358
229230
139091
203187
411705
219483
323490
195584
419482
373450
153794
173672
209291
141104
214886
292833
167950
394397
301449
303309
266240
333326
375892
325231
108597
222635
409253
284644
138472
317898
402857
448890
401166
424959
159728
350589
223203
267055
443409
259402
213382
206501
158045
154351
245472
438138
380911
105354
246037
346440
343285
399412
357322
320211
447373
443736
190508
117680
348562
393908
257415
173192
404663
425476
182650
113434
343854
390392
149092
450340
422153
127479
193153
349339
193841
382349
100898
234643
375012
253660
226849
106572
305700
199504
157108
338480
250723
144923
108040
303975
394996
257640
225334
221201
448666
306236
305958
297710
351760
179914
242685
185898
242488
117560
455699
408408
312906
130899
112218
360313
391304
218469
449294
455609
376727
333598
393407
104200
269193
279160
235026
144960
395203
239235
330751
169638
137992
351306
119612
276009
382757
426734
437929
215722
428516
140797
293979
388917
153624
425668
143049
302237
141594
189862
180213
274873
240723
407148
267293
190738
315915
236127
320275
374417
149123
114955
112061
404813
298550
164185
386680
265122
241286
410079
427051
249391
384845
388022
284589
399213
175679
377353
401483
207603
383770
200415
293812
440820
452005
218219
101511
278448
427780
122985
340603
258290
244824
380900
299965
258018
349739
153090
408961
141630
235490
324278
259485
273441
199056
279577
246965
111365
298988
446671
158071
197417
412911
326887
187146
428122
106145
306256
360418
371574
399621
115138
133844
348437
188274
367014
362053
294345
184066
369291
263562
428880
380592
426647
393306
103227
229000
341491
200180
223060
311441
246245
100339
374915
444206
323090
233732
151192
208917
323516
140060
313995
391728
356557
154775
396335
102237
186562
347401
211279
183219
355683
315075
316151
424548
354439
235910
332809
435539
300416
398065
113231
398938
299233
416560
440966
220823
295227
265294
172860
369592
111402
119651
396456
311032
292747
127994
135786
406450
313298
196212
354936
307869
244569
405391
317002
396223
244233
158441
178381
400415
384538
202566
360192
312498
326860
126670
218512
232973
277343
202908
226594
417316
242586
241434
297196
241141
245024
285292
157370
244103
148752
172669
394127
310842
141178
317528
143540
436996
351412
287707
174124
223762
237991
349884
392576
170831
413255
424021
179728
297877
379818
402586
261185
277303
317805
116194
298690
188047
289714
156759
206635
201693
117951
284758
368637
241400
126185
236175
369715
103342
341319
346633
421768
239420
309074
390220
196032
226978
147645
161206
220807
190314
226595
137646
295126
199390
187322
124761
172585
377501
110168
350130
425749
410194
362704
110743
346879
191180
266884
280452
174848
397326
178573
370736
298756
381157
316482
124371
382912
273982
404433
211906
246517
385492
223637
315838
274531
110719
415835
267784
353108
354307
196709
349086
417196
309975
433825
218888
122424
409276
280592
415992
260628
320097
257051
251111
129871
116220
161992
325139
228262
396575
163577
148190
295023
439301
265053
197785
409232
199105
387797
270240
393461
112662
399138
371006
146731
162677
122524
445621
348977
330180
142651
435452
373054
380242
412906
410772
170562
173252
238191
162036
254345
356824
144374
349584
194337
398957
253892
191639
162601
148741
108612
325501
288943
149379
233254
241673
171257
344288
103942
137898
111009
432428
227886
106147
409998
307464
256446
372236
450637
165255
307996
333348
245673
356252
386105
273906
417916
217985
411566
266006
330766
449722
437184
295160
286678
195612
317513
181146
401632
300344
423867
165599
308634
235487
407310
329780
303394
363664
124166
195294
154291
263207
430207
153085
216137
281489
193718
209219
453647
181398
143654
335762
287391
359061
223172
303375
453841
256254
155522
291812
142355
208831
313539
298920
410365
305203
269902
349749
272991
130428
259723
357373
422419
232065
377100
369668
161327
346161
194865
357180
143311
355321
381317
297561
448140
129143
387180
121286
184898
240600
445009
216918
418457
423306
246385
316392
418367
346763
189552
406880
382494
122108
349273
163128
338945
346442
372459
111920
194622
381924
251852
391993
296037
218200
122642
115666
434605
220858
125263
371597
332130
174386
123987
373224
314042
111874
244032
262095
293569
381079
172103
232088
153222
455925
409160
451209
288400
179042
119071
311111
409924
407361
405075
144823
297473
354055
336601
163145
158797
445082
363130
376815
150504
131230
102282
164709
423298
355545
269282
270785
169548
279004
301486
306109
139044
143101
190493
419737
281319
141474
241477
320881
454741
119310
251354
104111
138529
198495
262697
352248
437749
253833
435873
159341
116889
154900
294875
150458
200036
255051
146475
425143
448385
100954
224840
396246
367901
424557
421341
256849
247976
110624
202144
433376
349532
346301
151778
323659
169397
304617
414081
221054
258165
222865
126135
453925
161565
237250
144704
198677
372417
106627
116251
419997
208793
333788
137414
196666
226046
225844
431676
342602
142318
350426
393359
383306
159202
285754
290614
266037
398575
427930
243720
387220
333204
233479
336850
391840
155944
203938
324976
331454
305271
399502
200758
272299
299640
154761
199116
401702
254530
107379
347767
338130
112615
224218
431163
136770
292825
227116
229171
432993
450633
377846
267619
248457
365795
293028
193447
211110
212626
285639
174062
311435
177644
234772
455313
199551
157658
225161
228135
428367
201697
146740
378823
222016
233218
275372
252303
130120
120120
370527
448162
406001
277116
401845
448078
429012
272274
326302
271501
369567
379624
293348
101508
413194
210464
245006
236642
251975
251012
411507
128033
288660
313361
331685
278303
120027
316291
431555
424449
211661
151592
443314
369933
173041
372582
323083
369244
257788
222880
263089
448819
452085
265960
412609
348748
246717
413907
299813
410569
261128
378575
399022
410578
448028
411381
134361
230057
447150
236474
150997
432550
342997
121929
202947
175920
406425
120560
336454
281172
192349
357803
149735
110852
193306
286196
287294
451593
161798
187709
395819
339661
115380
173789
292398
331640
331887
118374
430881
129956
327285
420289
123193
454367
161549
321292
199443
190833
105536
169787
386272
318430
203321
157489
363105
102155
336115
143931
293739
146164
293759
436001
309642
165042
207993
195871
291900
128183
265195
359729
300292
341188
364255
368663
248974
338500
331155
179966
276002
243670
431146
341748
316622
392213
205883
376396
209199
303461
256878
385423
425667
130037
405117
185797
157696
396645
361584
423890
167664
319254
381998
372814
101676
241346
426581
206391
207109
258999
196485
203106
187701
251862
250487
105081
394819
348526
261143
168081
104649
175628
170604
246278
210620
332884
418454
127784
136774
208077
194551
331833
175159
217641
121530
340524
387278
245636
360466
387959
210568
221976
295586
342713
401276
415838
172677
312927
216743
107268
155275
342158
157975
309511
361159
302517
330537
130646
326520
292996
293129
365807
182749
147976
430343
353165
153367
260220
232397
218280
190567
372356
223612
235973
105502
164060
406928
267665
403239
153702
186383
295957
277853
343309
166433
244204
434230
328147
205512
379330
175401
142630
377352
416167
438276
387033
330641
353403
436871
266511
429573
254854
438566
273050
203343
246565
241675
189983
247385
205647
268019
273947
346206
141846
372188
286154
195832
126628
149616
106088
151361
393367
297843
104218
372095
342659
370793
291529
391271
185772
217930
121697
107898
307393
250739
446637
212153
279632
143683
127043
257174
439530
131379
163152
380529
268033
150857
169796
219711
202236
402613
355894
294084
205801
435517
222087
290890
350067
301973
192862
274971
133773
178143
440854
447166
210910
356752
171596
189991
125541
254346
285026
167766
166376
413010
166851
194222
335149
383987
446915
432851
424700
107120
369643
103832
308943
206412
202962
337438
266044
116641
298859
261412
451879
174081
354806
307521
433057
214506
185659
122331
280415
378935
393054
253367
188065
448964
451535
172871
281063
366127
426411
193827
232544
271842
424087
116589
288473
310429
235955
230294
399977
281475
111980
134848
193320
439495
323221
398450
433233
251815
332364
303839
127526
317299
230155
317921
389848
115086
176293
224591
110785
282351
246824
119085
202153
183408
207003
385636
302786
177054
309484
248404
452371
358206
318484
270319
375371
332372
352364
320230
326770
365742
442483
353079
416637
253976
175010
144224
120321
106964
319680
111962
304539
407956
354982
256429
337279
251496
277989
166513
218583
162814
118512
433648
247163
269083
352887
374691
170465
216434
202703
104669
436966
292052
421608
377976
149308
254297
444844
316774
355478
386314
196762
433870
420177
266439
179325
451197
411185
199518
411137
258642
455110
120600
355904
300404
153938
287107
363584
160010
440050
272689
442650
254458
408403
415128
148664
164744
143727
318040
351743
241336
219963
310538
346564
325686
374567
290009
166613
159847
182248
265524
391490
171184
180039
312387
192409
373116
455623
240688
136414
435388
375463
164018
314446
100928
346399
298695
441777
202284
172742
306329
102695
314877
166939
211662
423611
430783
223462
130028
316825
306866
165747
110792
323903
262640
337589
387749
160684
456087
454376
156604
120260
274836
131584
166579
379110
151296
324583
232153
136118
349045
437168
151428
387809
133947
315669
183627
374350
373168
312982
330534
311990
227455
376116
169021
408586
155012
346621
242321
453048
346180
239466
186528
426079
412780
432697
416154
115803
304244
333267
430255
417766
379969
362689
454832
307751
413211
391211
105285
325314
337254
268491
291668
180964
235065
241302
387706
456059
136627
247099
270341
207842
189039
144234
401784
241601
102184
252353
400920
373615
386865
145184
274062
405383
433707
223757
174177
229350
143006
197198
126096
404648
318442
222022
453427
250659
146137
151547
330600
123413
190616
229156
422782
313217
209967
236991
449789
176265
181434
420815
343254
195700
232287
254675
219989
380000
310907
119221
195545
267325
312309
379107
445088
133858
229040
336417
309965
170235
119307
215876
108489
425528
399281
156205
200737
138630
136901
430075
380498
265859
121758
117573
456079
107569
426062
119436
354902
337874
260417
449573
354873
150303
136928
332828
367372
203147
389413
115729
249087
319509
388345
371858
317927
344195
177297
352614
297517
114552
166084
115571
303049
190814
349491
375693
277249
143709
248659
326340
133365
429837
350600
204657
361229
151026
389223
338943
101573
254680
156437
203061
213354
312446
162738
173704
221945
215813
129785
180154
400599
331714
183539
410942
159690
228832
250845
289284
127736
382313
200565
388507
402763
321703
220142
222633
323499
432834
395839
409231
105393
344580
306222
117053
220465
208968
429635
162413
185417
277465
377475
343229
245903
289152
400473
256680
257089
268994
412795
405957
372432
113518
133201
160129
230250
359159
164868
383054
302131
430753
262146
137556
149630
156470
419183
229388
138375
141216
167414
392638
145718
430506
345225
386699
368113
373080
403240
448376
370083
129091
348523
389087
245393
364427
388417
147754
299614
323350
324998
134819
432059
390904
348908
254046
392086
228617
140556
322613
197309
108709
203471
359914
232815
438710
195041
226681
334267
339543
395985
341560
186238
341919
381613
174664
361078
246228
406426
280881
354544
237397
297497
261875
396488
412582
417102
412981
410299
244974
309997
401021
233300
115796
367864
124657
117490
329282
140314
182754
380998
358372
116304
134221
292131
148096
253821
112633
145621
257764
175303
290420
159535
422280
151276
365603
127662
124891
133098
309073
419254
415035
365491
211205
181948
365467
138399
316243
416566
184186
380043
420106
113005
355222
137452
141936
200266
216964
287521
259796
186405
128315
454629
245870
281962
247673
452694
123752
125513
244868
311677
441401
412076
444460
408299
207926
362638
443424
451036
424144
340062
443328
372851
165992
327579
451026
214605
192577
120012
345665
431275
104805
454511
278208
338413
230326
437207
441461
369258
166905
235660
258170
371302
246694
238532
219217
414526
273456
157364
365875
253812
259680
426005
384140
128469
443476
108845
317454
326839
277252
440710
199621
213783
191788
301322
211586
250999
400978
140424
420134
132566
190410
359598
298047
241681
260383
223309
264277
243808
383322
341041
358194
139093
401094
261902
192888
347220
382697
325468
403094
133652
365405
185156
169975
167112
285835
352355
254422
453296
126465
175004
404775
299228
105593
408160
187068
241539
234280
326933
403371
434635
391289
306160
423597
390656
334355
435760
331634
282094
264659
357608
333128
435618
309515
167935
316170
187532
242017
278552
398080
292600
125768
354846
201916
407422
167895
243976
226911
447242
433959
232514
217156
391631
167658
338117
390930
423343
202014
236196
197225
414981
238296
444350
193965
121230
145201
274280
186574
404723
129331
423486
247784
389237
389495
104302
356233
207894
180097
384521
176887
402394
160502
191213
401583
388010
139083
336336
283427
245758
407410
303351
430449
109870
317761
389861
422864
119063
234387
399607
142432
286338
437049
253776
299664
209074
308494
301329
417308
455796
214413
130384
437679
172594
407441
216336
246480
315667
280471
300492
451205
324859
411362
326070
189454
140824
360291
290373
407255
275786
145620
137923
201189
453075
450572
431328
218246
339679
104998
299864
103728
195904
260209
321474
340189
453658
378247
199808
136575
217213
255684
271572
396352
377163
147766
426039
341976
101944
365931
424084
121814
355182
131592
377108
447318
115750
340061
259870
415510
201648
176843
306913
177168
199258
217935
373585
266307
430023
175693
426095
125225
442062
320509
132931
388059
286876
146832
315968
187995
305371
193655
427926
187371
129315
136947
192805
181451
330498
338025
414668
172879
221769
322895
372536
221556
185391
436664
220799
414965
303119
210127
118663
366892
349988
450535
256598
289422
106598
108622
339505
405096
206081
135067
437219
244149
331466
162241
440274
170848
140075
342316
438873
335051
213409
385637
103156
298193
104374
395723
406090
195654
131626
435140
238616
374086
379199
253566
160216
301542
261447
162789
333897
118247
287345
444884
273347
453744
452030
339192
178452
381365
256654
191989
235470
223512
360816
441287
247888
218546
247025
208327
352971
177209
219847
217600
376375
224583
232469
420323
160546
157603
179902
330290
434060
420170
344137
157818
215306
394396
103737
392039
291282
116412
430299
259159
342421
184953
106204
397889
231270
407363
357671
215174
224584
437708
316956
181121
143057
136387
307953
328401
249632
360502
159642
358105
392592
148875
316576
413716
300817
194288
361069
123156
158404
357316
311291
205137
112045
312323
266428
216881
269692
127764
388340
280402
130952
225947
356858
425949
329566
274508
111254
125020
421938
423731
387535
350011
229616
427922
162085
380667
275988
313177
223341
371157
390293
285373
241361
169329
300581
207230
190852
308037
347227
135731
168445
211133
115386
163158
371624
180732
404564
271595
273283
446571
144530
405505
120426
174876
349417
414757
428632
278886
225443
231884
399901
234377
147763
275388
409885
220351
328453
138192
229303
385076
111253
112062
405260
270201
307211
128815
227129
279404
447989
145436
368588
404604
287976
401386
157455
102648
258361
228870
313798
388039
186819
209572
157369
222708
209559
216513
414524
189653
359451
344312
331392
201806
136378
100356
396376
325523
426181
106782
178886
178891
364276
216175
428203
210554
232198
454357
210891
422661
433187
248805
166002
418741
179830
294767
267942
123440
289438
251043
108876
284455
269459
433876
346550
418709
299533
106172
227667
295288
257729
345878
414334
440607
366572
225657
276267
178874
336408
111191
378451
307400
348286
295405
330855
411100
279185
230637
437572
153942
304755
110467
280768
190198
376410
227211
383831
198850
260306
287379
148720
185045
114244
225297
102546
171466
328449
123271
192827
168512
219496
146177
430741
152824
347093
106419
143258
310875
257839
245331
438576
368076
107289
381269
267686
377376
360591
452607
169936
399828
423639
437063
323333
332205
122943
158837
252483
143223
269482
336357
156159
222666
232281
152490
417483
427373
273274
183783
342742
382893
334293
422739
275824
426713
212979
397610
164328
321983
118644
426822
417280
127557
257840
374411
151227
411761
111093
218869
110720
400464
231995
242711
188447
369664
181457
203045
278985
394091
200542
124809
240653
116667
409128
373726
269429
232374
270600
392453
285714
421497
436864
233498
319621
205135
209680
427022
130214
228806
220719
240636
401720
351473
324309
294327
334646
318188
406836
451916
226035
100688
269723
157767
298435
129467
298063
430901
315214
301357
266519
283117
397691
454469
108350
258769
123684
224966
406200
399618
216921
144241
372986
181530
104333
101240
384957
400527
192181
251116
233834
387293
124160
145570
371409
266249
388312
381323
130808
324833
440755
441693
452144
449840
403695
309552
101825
363507
359145
431192
116096
107368
134491
374396
163107
232525
221103
112810
430729
176162
432386
444903
170544
372575
156381
141981
239852
240432
219135
422246
150922
423764
364016
205410
335940
366471
382573
418390
358312
104261
419196
129413
192169
185380
362185
172424
444072
295428
339805
413728
164464
211598
206183
207353
127123
136271
224162
410250
357647
423516
219342
267407
309429
306847
314199
106394
135727
313899
159218
315022
307839
310438
259061
381366
112321
156725
235161
195702
397697
446390
101597
338984
352628
267263
274964
453371
116929
395869
226199
417174
350149
229839
429937
441653
358584
428746
426910
330759
396055
422873
195893
158186
365004
252009
314216
111969
414964
402177
452516
268143
357355
118149
230010
421710
401585
427638
223495
225073
437815
339303
141754
145345
411219
175187
136748
447503
174844
250028
407219
262376
297844
169063
385365
312732
416534
339549
116630
448730
363495
275921
115022
119121
437314
236176
339403
345003
443291
102121
292738
239103
362292
205768
247516
225257
196876
406543
354516
255242
291054
216128
169154
332847
381001
141239
296947
427861
324005
239933
159545
440731
265675
261284
344459
397154
201432
411627
150109
118317
106947
174918
177607
295903
419010
395221
422681
149508
356844
338919
404639
313717
127063
263833
421377
389052
305952
371612
436321
152000
143928
170918
152807
102015
281603
304218
294743
126314
407292
148298
179925
324836
168519
417373
344238
358027
328519
114948
225586
219862
345444
328787
389194
106634
198276
171833
264448
212816
305436
409100
278788
360379
182645
253119
190237
399687
114699
263749
433398
283272
147864
365723
128548
391995
134941
154756
279194
323310
132106
379414
132582
423973
154127
321381
214212
404135
409951
397917
107073
424517
296497
409618
369081
428536
224693
407865
359364
290301
366682
439046
147796
290897
208789
108747
280425
376545
122402
103501
444470
186699
317605
271599
228976
157056
419302
148797
181669
378831
150679
182584
259241
332031
124162
137606
268035
304217
167671
402192
223161
118242
338397
352563
260975
450355
375211
221200
379290
358763
192895
424745
114658
225465
335148
227737
196326
251581
136097
433915
377959
112659
351241
103679
246322
356705
132955
176006
432563
266939
407724
341738
102320
180776
163885
349951
321248
216326
377062
376728
164849
125735
177245
270951
220862
230422
170142
210345
260964
361011
327068
204988
138233
429807
152995
400999
195104
150581
393991
270288
195989
266382
214332
219781
426993
369798
127357
288173
208788
409992
184727
116420
293310
400223
271535
112573
348441
342692
126427
171187
256143
253260
111316
417539
385624
140182
142251
291092
197505
218897
156440
440161
377351
110911
316886
204419
258294
232402
223758
333778
128621
398823
213740
320542
213379
340780
253931
287243
360911
368384
124672
410492
195868
329970
402228
429454
233716
339798
161975
180849
125811
201299
363910
446230
277624
412679
273446
401898
295749
168377
298607
300815
161876
176900
123240
383331
177353
369777
269406
165194
378295
160739
400650
144078
351010
297700
344247
174598
427837
315426
313844
367132
417480
348116
308252
325171
276677
207967
104557
393788
106552
109099
357642
118216
115911
208936
358061
277824
204313
244590
411223
364245
370059
431685
394601
449838
441378
403872
251902
167399
233946
277340
190512
415384
304349
229008
364437
227284
225210
278149
348373
370513
301066
193034
297968
436981
203803
289250
443187
244748
186879
405600
345429
359679
403485
204826
394941
422181
338069
165553
437935
215282
132910
421018
102366
197286
270168
180810
312073
271053
300896
355713
205808
130170
380485
413507
120492
162376
343043
281715
273634
351631
348382
232855
263459
293950
197911
427749
396704
145924
177782
442680
421901
392357
330167
254500
399445
257087
275699
376558
428094
298710
404579
162661
237914
350737
452570
372098
110303
268981
133689
147261
323522
341287
365722
186440
140089
150837
449793
185253
104522
332578
221878
330930
110903
316563
302316
447334
233748
265712
244981
336889
298614
257919
433212
218377
383820
294866
400378
366301
391744
336896
279296
297936
235767
236870
433623
268462
225510
290172
254069
303583
230850
262808
202639
450610
135149
132425
107986
382204
197339
417008
393037
175038
181807
366372
312344
258153
315498
387244
146398
206518
209419
304584
334232
405631
150580
208770
334181
227123
293018
101634
334283
377172
372757
195452
278103
346167
315059
399981
401766
388120
454498
233725
212544
177641
120501
221773
425659
409244
233560
424934
234771
139517
318002
414508
145770
268563
227095
276537
341004
444649
206050
304849
349312
228285
159823
120788
342592
370934
274473
369549
421607
121010
430930
349983
333572
210664
114039
135355
297564
426407
390896
311466
448485
226225
392393
353818
404831
128503
242866
412574
184913
203677
171115
435039
236201
274616
377133
111464
189733
223875
160553
228987
332676
123335
222683
424649
442140
178338
128865
253280
436549
219375
439196
210260
333403
191605
335336
318028
252030
213309
169985
337064
373329
194446
345651
240273
373761
158153
176633
331425
422122
248982
332402
160022
413178
248909
411981
163573
313289
116347
169887
125313
191251
302794
384470
393919
163095
456165
224034
287970
168504
407652
326896
454553
258102
361624
285480
175852
352031
204983
154593
109576
232427
267287
355095
417207
320086
132872
346563
414908
342590
280906
289914
407502
218587
370700
254258
412445
411207
254393
269512
323564
363464
182900
243998
382376
141698
298765
182308
239171
334270
195224
268387
252393
356411
445690
209316
253656
436185
307468
130617
419713
441073
127844
244843
213627
142709
216984
111533
182086
401694
390339
355789
298727
179443
106879
241220
100340
347114
397083
381928
187013
396594
355430
158062
228508
171019
253154
411512
111529
249368
132183
199201
215192
101433
349593
433931
228469
354189
330897
352629
300931
386580
142401
345164
163834
415972
447386
418148
270734
143885
249803
181816
362349
186780
266090
342627
122522
411204
120837
299699
228896
425021
393794
290081
180487
445913
334155
389314
278403
128104
186122
372929
451165
452660
316059
287683
165089
437371
324775
337575
114866
204331
108323
439757
181341
103093
392569
150492
149745
310258
224620
355188
408455
300208
295494
193801
373821
422863
404762
294227
240627
109889
382043
437637
153131
398840
182362
220475
434901
312646
427828
207162
145980
416347
214092
148743
399651
146275
110153
212310
271750
372581
211390
245436
408492
342992
202251
361347
432057
160222
247237
125194
350167
345520
221001
287706
442133
220824
395666
210445
302031
179374
117997
302482
287466
277149
323307
241667
379045
401819
104983
221938
437833
445994
201959
155247
315428
315963
234219
394844
406326
417497
362410
323602
363969
190732
212947
234335
392309
329617
123925
202623
111137
426161
107612
347086
173746
275002
410123
117554
277298
264718
433380
260735
108035
318208
225457
396232
376845
165578
210132
245735
294428
416663
162626
423952
448648
362687
393380
149664
338132
348231
190052
190479
145285
444134
383468
453082
255808
201507
198322
391627
162446
260158
151531
297918
349723
117322
147198
180197
400615
147899
100519
430415
395033
153522
148405
184243
283878
381999
412477
166663
208654
274708
265267
131756
357763
233699
307703
407604
223943
151261
353645
153939
111759
361508
251167
424628
305492
432513
372862
451889
454785
384648
372769
424371
153071
348104
206981
183376
427006
114345
456210
101381
394227
393685
190177
205028
103834
192600
448455
322932
393676
229947
373273
400844
419398
280120
138511
267187
152223
299483
388019
103249
284378
319932
272507
276595
330664
312650
194479
451542
205017
130276
131807
287340
342402
199814
353109
407968
316908
264668
140252
276739
179246
437286
346438
172736
183695
402001
337956
310279
207703
119759
261174
206913
247154
316937
375716
163780
237286
327388
150456
303488
237822
253624
259179
107866
278512
359240
107342
220099
251596
275155
322576
395244
118993
191673
209249
143647
414464
386269
336048
425353
240849
426827
421417
131993
153907
325876
152482
412707
175415
347856
348866
116826
188610
163209
360127
167418
325507
177918
381336
244514
327312
296115
135437
275732
423391
125721
373478
275304
252057
140019
403115
302490
282395
172937
248052
424033
324015
267034
231577
304635
144681
285201
241904
244864
250700
286232
123846
295743
317366
207150
218111
271399
104015
235176
110570
387508
408328
319221
382956
258142
422769
161252
269786
297341
433417
328947
373360
314437
200704
158605
244485
184346
233904
282188
260817
228504
360595
155953
366914
179526
259541
409438
360914
429616
244512
370233
257917
381402
261016
130555
178994
317948
320024
207923
255510
265441
352769
104716
399642
409575
185791
260904
419301
287336
365332
251561
242002
306621
379618
338634
113053
375960
179174
112379
151001
324831
409762
293721
179539
231365
231506
377964
171679
289194
280917
402392
390797
189359
267560
409907
245263
240371
211045
238259
418409
388361
271486
436904
245800
305954
352461
101633
116057
389607
373233
143926
395257
407395
330034
115411
334301
113159
372760
163663
330920
134445
415785
136102
414936
270517
226184
254994
320557
128764
196870
370654
190509
200285
143676
256639
227491
165121
255782
415603
229510
402146
123036
342909
446934
152560
415050
285294
229581
167210
147295
138702
139608
448562
338169
260032
374681
333873
215423
242524
112770
299605
110271
138467
254614
172237
146660
254757
323378
233454
354568
161889
443401
191938
393759
223083
359837
375664
258957
191983
179764
237163
233841
198831
433832
389935
335131
421199
212884
349912
151893
123137
217358
146548
408749
258466
410990
248993
178089
108797
124561
395529
448667
323159
134876
411966
423784
399354
453563
330286
335920
354005
366687
392222
284370
102943
313329
318093
116663
346461
416924
277499
230421
432713
416768
138895
380213
444437
441469
399782
244373
300712
134716
424352
291792
138592
426148
412835
397264
228736
129686
131362
279430
128660
352481
365477
448791
171353
344553
105836
126417
254681
437876
218076
267441
169843
323273
200199
185038
145216
268215
257008
227106
276609
210994
413452
208044
325242
190285
387636
187580
411682
400835
359522
259310
310248
263351
218367
409366
394208
406686
390986
170586
343316
211175
139392
355467
248137
430754
349956
102518
216576
269635
134032
429326
416942
198864
221491
340078
148602
230444
115347
279116
397683
179487
382028
155925
143053
192714
408864
236687
160466
423918
303621
394841
352180
296856
401261
101339
324167
449714
385327
142729
223253
381389
447913
126626
245100
219838
389535
323646
124342
250133
311060
159496
338118
205378
240015
144382
356787
448428
422974
114190
116799
304537
183021
244862
198067
333066
151605
335179
358265
336545
189628
415125
378229
296234
162274
183669
374768
445422
197342
103348
257684
402457
269639
171588
291975
167583
185142
452786
423568
139713
275901
403647
234867
284210
354493
377950
326122
455832
408673
175489
271888
147481
304795
440639
161828
247174
417526
407401
370691
269539
366980
254717
360318
221797
258816
239150
102354
287910
448565
180989
281485
340867
432757
157990
252210
268837
456066
449328
115687
324050
140449
278231
401967
275971
266191
277644
231849
400692
344184
182521
387216
368785
395633
369907
438663
162571
250892
126206
381236
169751
213328
112854
160149
108337
278857
216436
423222
392973
298525
260405
240026
452220
379894
349062
108224
143471
290277
310462
280042
151202
444232
413022
296228
412682
298544
428607
269476
174684
308102
107366
351901
212001
442004
350566
186979
343582
227313
350686
260454
130095
232861
131302
195610
190438
274259
208224
231659
307355
147024
450931
264218
224944
291814
436677
203494
133987
337086
302547
445905
228913
382100
151478
410226
412437
213471
146898
211628
137756
448191
145078
397754
119658
418545
353490
150301
223724
131834
103995
309528
296808
331839
410899
308374
244780
415837
236618
127260
124640
341646
383143
279509
115484
426221
159362
356870
224293
109951
358251
381635
306462
328693
386326
185359
159258
121278
216798
311790
447776
361755
259852
325727
172185
417773
190958
219040
400686
300434
241823
172645
209310
318256
192581
424318
266782
430517
338283
418051
245322
208351
318960
370046
205050
410549
295859
215449
179628
318644
452134
430579
330491
426454
430084
133126
237733
254010
260229
190789
433289
394665
283006
271023
306654
254170
325120
204296
243459
307686
101009
132098
325230
269873
166935
188215
354162
374962
414467
204168
230588
241757
302269
117235
190638
103656
449913
184030
287255
448387
379522
238451
259057
262800
318237
242601
397515
389107
282866
387669
275872
227719
335659
105862
225855
413587
438102
356850
169762
310196
131520
135552
420071
307681
267949
353614
425683
126687
210048
370623
219419
250463
146227
103831
124455
329415
422647
377007
291010
227307
420236
186871
281820
244062
272771
151398
129817
140353
298497
419652
276291
165192
407504
133003
379926
329828
199769
371819
397870
225493
128723
250738
441215
170635
374516
386028
453812
302523
414018
255263
438428
181305
336200
157213
422896
371387
381504
242041
418932
271068
164490
314015
417167
376797
453688
224439
237974
127573
430684
189814
259961
278948
352568
406039
388398
318893
382261
204785
373288
167984
232024
418455
430717
117790
259360
201662
269289
331796
183337
259853
111363
299125
212808
141558
435561
337974
243951
366191
133934
259923
320533
135030
175294
254213
115419
330190
318066
429346
158844
296116
231957
195884
418059
243705
409892
285362
142981
342080
421908
411803
253650
103746
359999
134706
183007
442913
195999
152783
255804
440090
272720
407938
205065
322171
252331
256068
149719
289303
237412
444002
111458
227807
142278
308389
161767
453279
100380
400405
304165
137871
148927
302315
224348
356693
322066
444446
396990
129153
148271
386046
409990
425302
414887
107155
343819
395207
115553
156623
390631
171143
313936
336806
426534
364459
313212
452434
267793
239950
419326
196519
231747
283945
430994
306427
145961
435792
235759
380482
325098
253980
369804
186502
257178
313103
211595
333898
191111
224035
298422
363723
135193
192633
113775
151953
170905
279607
444610
362289
125123
116569
448831
206959
267406
185808
182131
270813
126386
261377
232620
450707
407552
364017
132709
212903
165394
446899
171654
253873
214189
190632
163624
300823
432243
345047
383311
189079
225277
407319
154769
266929
308581
185595
417177
293011
373561
434531
134578
307615
233182
158578
197407
108452
349411
442525
355476
411388
242036
156364
151306
177788
163823
340793
396958
288537
260736
253403
336679
411097
388628
331692
351644
274283
346517
389746
250622
372775
247524
134693
161602
397450
384241
183338
112585
381331
397692
315010
288846
364636
249799
293694
301757
124770
419983
102312
113949
448506
181827
252563
142447
107567
400578
231252
349000
253498
200806
238089
270561
147757
353083
264903
113313
301367
166417
185657
447156
136824
248938
197853
276001
381786
184452
247362
317387
224940
428514
309414
111043
156353
221167
262498
249708
203604
444046
356459
109581
389735
416080
445808
282277
114970
306499
394173
366158
177474
178052
291022
310898
416473
294361
313613
207253
355889
362952
222677
226457
101909
419902
381917
318478
259610
145265
380966
377474
365950
287940
437294
419547
204518
354485
137379
129103
401215
267124
355263
199643
357129
423512
116094
157281
198149
329257
326728
417870
316827
429319
448145
431996
286736
201133
316152
345406
105518
403860
108527
435576
123233
141392
330172
288920
428758
366775
333244
104392
350178
443610
338259
278848
450889
258237
121955
199880
361388
138823
107031
131295
235760
253784
402562
216629
392650
347994
447785
262205
219654
333419
230003
328659
285171
147728
349501
441634
451224
336049
259798
391839
130535
250603
373077
219957
160933
370683
152122
410043
381265
221978
381222
145505
168914
382096
317006
452381
339932
397357
393384
343350
199319
174568
413140
345369
110840
333975
395716
127706
263084
130044
249981
337681
145087
180897
251018
149273
378357
202412
437740
301811
143201
236404
340320
135453
360738
263874
252368
264997
229456
406993
235902
452036
358866
275689
447511
396766
283872
187059
398416
203768
360685
398660
299825
297048
193523
383092
300077
294656
402725
454926
256582
411257
169500
386544
318867
175695
245286
384349
269627
397247
128813
269641
113853
407979
357714
148833
400362
452165
341426
245146
319045
147995
434699
370491
137995
176279
375990
173170
358623
265429
294435
195544
453933
386490
383853
308402
246843
188680
116104
318429
233902
417782
188939
177667
283567
182281
330939
177598
387444
346326
259426
269733
170551
299443
295268
386663
140379
366335
120229
399975
420711
417901
318026
266505
343262
392379
268001
372847
144456
442240
268069
324763
454363
422951
286362
410556
339223
201118
282251
269106
392166
153207
189527
166597
333264
441755
145594
310895
152081
430379
412037
384399
206706
259976
257012
381541
361351
140869
241382
239205
106483
225152
318100
114584
231482
310916
246530
176119
245504
281368
431830
354131
209545
321821
223311
408451
158956
152513
373347
146274
342726
391890
365164
180098
168879
246316
353200
224862
247670
401129
229181
195639
226014
406064
456000
374174
157613
299836
173081
243082
401838
383514
442904
376210
377486
239512
202225
307709
164875
374337
359033
218371
330255
101532
130961
354254
283698
336379
387527
355531
210757
222064
154392
310550
181400
229927
162887
252581
255000
324381
198960
288725
208816
384410
321736
296042
407056
143002
124718
176623
253035
419903
172371
218563
407585
389005
278200
423473
216228
399409
300929
197894
450324
302291
249120
178786
283948
194747
328955
187872
235851
122989
161148
386354
240533
296099
130570
254992
144982
399339
344335
379300
410294
348690
269343
400864
284761
169525
252776
265549
346307
203649
379995
206535
413784
442660
346455
446955
204757
104750
149111
125822
172828
116651
443926
168696
440376
399442
141295
325844
254357
113881
239935
168199
261547
371916
110635
290924
161355
183175
202770
218284
424055
133452
388855
405390
237738
255262
207166
427582
429520
235596
288941
356408
254525
448057
136125
257656
441792
374122
355232
130283
206293
316189
115496
138137
397921
264661
326496
184225
148124
162432
177529
230321
161293
329565
110549
270949
328199
383142
166076
150564
408547
284352
230354
352298
302851
118270
423480
417132
256916
140788
356103
245778
410737
143447
114614
121801
403903
392378
293830
312970
378212
160826
456044
295424
178964
196275
120808
206274
421133
244667
389781
122320
312930
253801
420454
291915
181708
120527
408737
440187
415412
169996
159160
419964
216206
368876
273119
127737
196046
100167
136038
173729
251004
360114
254275
144405
220167
215068
313318
367333
208258
105893
203184
294266
189286
235096
228167
145906
196770
344870
107341
170904
234584
231356
325819
104263
287045
390101
119829
129604
117068
213318
275022
357656
229969
382906
298624
289722
173621
388543
336165
180167
356461
438263
172885
408473
354914
345698
372567
286253
392605
316193
283544
236610
113137
386331
257598
237676
307682
366719
350545
231005
402836
200060
324680
337696
441263
396383
273018
361763
450876
104684
319971
304746
423685
166004
250665
200364
307759
440949
369587
234725
341915
215624
165699
148346
391108
249175
256427
126970
403002
262761
453400
374644
338442
135666
174732
283116
148847
151295
352538
134427
339511
222102
146854
284137
292845
309739
222132
249962
272294
223625
312541
394098
453540
146958
285820
139151
191170
228593
309661
234060
192150
107797
309605
382542
416083
305377
320239
207527
242624
352118
191223
453211
100252
428549
200891
293995
127743
178691
429900
391618
101729
399797
440889
340303
203146
426618
148901
444550
367532
125244
114214
450594
326249
360436
423080
258906
381815
312419
263776
244440
358941
289510
133848
196440
291503
307419
128772
183149
231159
279022
358484
259398
181370
121706
174511
376409
448448
442212
443349
275858
284185
198139
198267
104142
279954
380655
351111
242297
412016
245695
292419
155837
352462
206018
343207
101997
352101
104783
190115
317915
414853
325866
229436
195862
120033
229217
390265
215080
249914
355347
413601
157433
311940
453545
274817
338654
190288
277281
267409
309024
275573
387499
185644
265541
442282
232206
105753
440013
395740
368160
217037
407043
300493
261262
296276
217276
168155
445149
180596
116545
183755
207297
444946
399051
453334
425502
150811
149205
193537
268587
289075
426649
286379
263270
388524
308737
368061
431236
373062
279345
141678
149887
172289
289454
101115
152066
165555
323755
193493
268292
411098
383575
149080
374611
438039
125891
441612
434386
415928
231328
388684
109817
219527
166511
209051
396504
335302
223087
414097
235184
242118
198177
139837
180372
400377
107469
326508
134577
296076
121775
327115
238737
419561
264970
112384
339156
392506
242992
168530
392822
442296
411523
196483
435907
281082
263014
252753
274886
397698
227613
251584
276752
142121
132880
170300
416751
398620
105705
202562
193197
126324
147605
195571
338168
427835
102142
309440
406776
139802
310870
127472
236410
135918
204848
185330
421306
242189
269483
163923
159868
123716
355916
390185
214562
439432
401194
236165
360446
190769
170977
335430
346195
366190
120602
325945
144059
307154
228612
279518
324331
194134
155456
383641
414130
112113
335828
420953
439418
288213
231383
173289
325342
157741
454981
345448
396001
222736
426555
232487
357128
381975
443342
291881
102981
313616
122858
322292
362032
246221
373812
120144
258562
341283
237123
207908
368294
148695
282206
143259
113205
169715
214343
141885
148659
344610
156587
354460
161275
236139
424787
121484
198921
233874
451362
294623
144288
294408
408415
361140
399961
327867
277506
447880
142655
162487
156016
108150
328239
284393
418665
418134
143098
277611
450232
373981
272734
245142
423575
211527
295973
208932
184756
218994
435026
434879
300006
237771
422361
118256
155413
288742
423946
219123
349154
332370
277819
414956
124058
129446
119797
120494
290662
346275
113172
380197
331682
109655
217116
308945
300099
404387
236456
257673
131244
434652
105600
283662
112424
350359
352753
342937
152294
128742
150103
163726
360365
244566
267723
203898
400117
402168
415160
189823
121531
252609
340311
187908
173280
416808
443017
222062
214639
454635
151655
257993
113493
122526
232920
412282
160787
349508
449654
151063
203546
445986
176983
258353
285216
109630
298428
381413
317938
116666
444952
143937
103977
350695
264664
314481
266121
340879
423987
440651
320532
267202
311900
267558
304911
416198
422003
417275
307246
293568
385436
235849
310486
220244
350008
385660
212125
104754
429289
452055
410906
134656
166282
244303
185273
132633
283275
340902
186247
405622
173638
240635
390988
340283
431185
315463
199023
249396
370713
195851
167154
205712
383872
348983
182469
232437
187849
306007
211256
167580
420897
201990
445005
256265
114925
272982
345476
321593
107870
230301
285973
283861
382231
441330
248369
358826
312989
221182
242161
399413
122168
278729
125881
419366
421348
454299
361582
291791
304542
332446
265846
204408
370930
159030
283539
208459
427497
155278
274427
168784
273014
230181
455480
137315
230337
407152
136206
418797
288636
360932
320799
126705
296006
370722
140932
139024
399238
138498
388091
289161
117601
164121
346707
264312
309311
109685
189450
251027
253969
229743
363308
171522
139411
429972
126134
343529
187746
194633
145478
385235
128249
291283
333124
257373
155384
142161
390842
352812
183801
270081
219152
196320
328992
191103
429720
274654
293531
219151
274236
351600
119560
150358
337958
432364
129037
338968
346416
310911
148054
203732
249128
264235
296140
222208
405797
238138
345831
119760
452075
158377
129404
197928
134587
193072
380138
353736
372492
195254
323360
263505
115555
393611
212073
407022
117826
161494
115254
301852
267864
315582
160489
279268
332442
116264
160210
311129
348178
146868
346532
296105
207631
154614
407544
192102
203714
343377
291950
257310
188779
126617
207936
315275
402581
274796
355725
255481
446137
171314
110990
349899
285594
204566
443867
232401
103416
358252
124744
174154
163648
231444
359823
382104
386876
241720
108026
227880
217060
375115
306891
342595
377533
308890
196990
150989
293513
326171
170192
160253
119244
202479
235098
309186
225124
329406
334904
227079
357770
211678
404787
435877
198537
198936
112079
196702
147619
388437
243617
217948
415555
113513
158320
115376
283333
396831
109312
202179
300679
359792
121399
427175
183891
404742
330474
215630
424056
417368
193119
315632
354198
384340
349621
333092
118516
124743
110320
132403
189896
334566
241311
341121
453768
132820
358094
140456
380407
386765
129777
151256
128394
133787
390909
351638
276839
134435
398631
324207
373653
147331
412077
319480
339400
365010
249835
419946
132975
378364
221645
184048
301807
163554
134670
159584
455312
273570
221037
386661
265829
165273
219758
350049
388706
245554
312030
123195
226070
411319
274685
293536
440791
396213
373900
447135
300250
160618
101514
432427
251505
215785
369656
427830
307519
245004
177551
113131
327575
201858
130165
109290
199951
266348
166662
433310
262542
203484
268088
432953
274357
306243
247199
168337
378874
197398
347005
451060
188670
286390
201661
212353
297772
431174
218423
114639
144309
407672
176417
236988
249957
284638
147550
363248
124235
385950
362057
266825
274849
194261
114618
175341
323651
224881
143823
382034
392830
286568
236560
433649
314506
453087
214740
179063
377296
201482
455039
287978
199668
339015
446384
353925
155454
447093
424224
210136
189297
328108
396111
213902
200304
274925
139629
140892
101974
315456
295247
421207
129285
114534
388166
369173
152941
412000
356644
245919
323913
169074
451849
433880
368402
196714
304288
163541
295816
416962
452692
330786
427838
367421
414123
229784
354685
119087
280071
250573
320438
100917
417904
362585
242304
273869
184321
373549
197864
188292
229311
322526
316991
438330
199122
264049
266377
244728
337518
363727
275640
346237
276965
162240
181571
239066
118566
206015
363046
380944
269838
375837
270245
278520
222038
168661
270012
434280
193752
123454
181907
319392
433858
363366
384054
205338
236699
398693
330504
195599
363739
302333
290656
359893
205574
128555
151040
429680
381181
109449
302438
148895
455043
295938
256394
342723
404618
222209
248697
223319
351289
426912
433349
155167
183724
448475
454237
263586
352464
412592
373992
192837
407937
237713
376783
439972
256520
239116
168338
284728
299177
240648
409405
352280
270898
134617
193687
376600
348272
299328
325979
101893
162606
276712
444651
321759
234487
128206
422529
223879
113746
453307
368922
135581
311500
122050
445861
294111
178759
192944
370608
386622
125674
274419
256106
292838
219457
148898
193078
272791
334233
452346
191364
374013
310096
304102
328709
403674
274451
343160
208121
307599
298163
182100
171630
160855
429798
203506
240119
141821
444521
126846
241378
332072
170346
280919
324912
166482
391737
110445
413740
169392
290313
274050
301820
269924
428484
440441
190039
285228
432638
418040
174864
159257
406779
192521
412014
161306
304362
438653
134896
391496
221831
385779
141726
180266
389706
447262
445985
330673
212526
218174
288258
370011
295332
143704
352398
378297
333535
422242
299859
234093
215530
286458
353070
125429
235788
261831
454843
384444
355070
440817
210670
130660
227861
202428
330307
369053
303305
326675
401666
337435
238212
300422
120551
117200
451041
404372
211921
177289
128194
135126
434254
212541
135783
296093
114577
391553
175198
330982
370034
387562
166252
260130
296893
272280
431053
444325
277515
135237
309830
389011
300870
233035
273504
424086
344293
204249
350061
334150
259199
132987
285045
241937
248631
444635
447717
380430
227677
385805
107960
382971
152733
100582
249627
272918
108430
318750
288189
230229
252007
233408
440972
158686
375470
455524
164070
353283
317545
211441
234428
177884
166540
258311
286542
315062
218095
254769
408132
345910
362618
337075
454978
184393
374977
114486
284249
238411
257995
133855
435908
160422
230766
119371
349829
100786
374824
247550
152804
173935
141808
212486
442415
308771
174953
365196
250284
134641
202612
217024
150318
333421
213348
136624
414210
370754
333122
413837
251325
388180
331038
144848
306770
437350
238181
107214
191973
257708
381897
127270
382334
284465
293838
295714
271133
138815
105418
396135
225667
444535
308621
292638
316824
181780
408884
222617
167752
292686
103052
395883
189941
427934
214235
157994
234089
326837
184708
222910
366444
288712
269059
116982
294925
166354
113675
262589
175235
249690
247684
299103
450168
424477
269774
449703
130346
442803
294280
206122
148713
124837
400499
391992
193820
190173
342415
191249
226869
103031
174084
309543
216030
439251
367750
104034
449345
296448
324382
146161
234138
142377
215345
293124
124255
118003
235934
160012
362406
117611
219025
336982
444239
400294
338880
296593
225879
111995
299086
346242
212138
285132
346554
106348
443497
328759
374283
202381
394459
194753
441131
452535
290073
401527
446350
118478
118938
412674
284017
406493
284978
206264
208251
409914
117290
348832
413651
361646
380822
291137
140180
131740
353325
132450
163972
247135
305010
224156
131992
212454
157874
168289
386185
162642
353201
261280
402723
396825
316288
199084
351109
394167
189503
363883
132181
283473
177178
119554
119623
352143
227927
396616
391479
414618
224842
110925
360353
138886
377898
227516
412905
422035
444498
198357
140985
136577
148039
421651
193540
298521
427986
285922
182379
126271
224733
142390
220836
291698
248092
216123
448174
114874
292389
319660
451566
454822
442193
349080
277068
341759
193652
237650
158864
371142
434084
368085
450264
454581
396098
392480
236936
174448
444023
181180
134392
337083
199792
395367
415165
443509
151230
411142
383355
328421
181142
418362
297008
214305
149206
275205
165498
394130
335422
369040
385071
171737
416011
455565
149461
216978
184012
163831
153145
287699
333753
455040
189750
225593
161939
142349
408538
394368
189185
234862
209850
244036
416991
114716
242628
120289
386191
451183
403900
415772
335521
424488
447553
131850
204512
196167
142077
217133
375743
286525
376148
305754
200102
204145
359187
377035
359881
338386
370384
386756
271211
224021
185436
366000
437287
292348
316233
281887
205603
380220
409819
138028
260771
147902
299197
323478
175575
154588
425795
149368
361244
234701
224088
196640
410920
202224
166005
276680
119213
301708
427908
188384
117541
435135
322430
243126
385474
133952
322622
215494
397026
352977
304324
190611
442795
402531
286943
239230
396694
237913
108628
197820
436432
415336
110361
192996
257623
391138
154661
142504
266295
109278
257309
216731
410502
105002
421315
397131
401801
142950
263222
209612
417896
373158
428426
264925
163199
283932
364298
262383
345257
116520
266934
212977
370768
284161
366959
193696
109873
370653
197209
291412
455788
247623
325371
274339
322469
160956
151759
370695
197809
288355
266212
232251
224954
418189
405048
179228
125685
270668
450799
413449
345594
453421
426378
128042
437639
372118
122637
184722
382939
424652
254790
184562
390179
283535
250989
120827
135159
333134
194180
424098
148388
355673
361188
417822
363461
333416
199982
283389
239459
424936
237112
183972
242750
164874
250399
244342
212444
309063
306575
281858
260282
384066
421496
327779
209956
123651
287686
157407
199487
423319
280418
446117
346056
440712
383968
437151
329331
227916
183080
114811
218697
213383
345219
209371
191444
336028
177674
246462
260644
347954
440481
355854
290175
382398
157583
320718
265687
224540
437120
338753
141028
377042
196761
338513
121329
265860
384580
327788
132849
146379
373742
416682
344649
253005
140156
291141
151725
110174
150554
141690
428840
259562
236674
417073
312074
232097
342596
163147
166850
382103
440421
279959
239016
189513
384358
112682
303445
359173
102893
147277
230258
342776
113859
187421
443549
305608
146589
294768
313901
137563
104546
249012
141413
327110
431229
417035
287154
454834
174230
434927
284919
417378
324392
306336
167667
200087
188593
247795
217660
202582
350500
272638
293547
411483
422862
290317
282044
196339
150670
427691
312057
351189
378387
166075
405573
126709
335995
265378
399320
335821
432127
307684
195879
235533
139432
168195
156666
390983
252954
411488
220702
377603
148818
165244
389129
266050
163694
442892
341622
224173
305565
422124
258898
428674
353791
398812
220105
107144
181032
216385
231337
225592
150500
272789
282885
376425
390947
314882
315360
333125
392300
114369
287432
174720
114914
407737
378020
410969
417516
273587
272082
421283
247319
242176
241230
251954
240193
451468
229837
163432
171148
144862
169156
258568
232895
371447
373858
409745
387982
444157
106777
193638
148243
279884
289883
268728
254028
197523
421622
179872
194940
160020
327268
285319
322513
241688
100827
386683
193923
196845
127644
369000
124344
198698
346522
369885
255446
103035
256027
306217
141606
289998
429249
134017
322352
217599
394968
185661
193185
442072
427758
378681
200719
220895
289009
445415
124211
165485
178068
425335
426168
332493
306324
121303
244729
235790
172017
431557
235080
346183
131445
169356
392864
431041
262684
130658
348349
104835
225653
442216
218325
353425
358817
118866
391790
381533
335357
243966
332885
309050
169286
359812
171215
255764
318808
324303
209264
266361
412891
168778
454325
136081
103894
257911
358525
411664
181679
220906
186779
229532
115025
353552
138325
154205
439962
261860
403218
372260
250309
176410
261925
440378
306474
364243
451297
449352
154516
420262
210000
259731
423655
430447
424930
405483
274603
439621
407261
119139
295572
452526
358579
311047
202738
263194
435336
294826
104222
342265
266901
107505
361810
336232
345096
107814
393763
263452
149495
377709
168616
376181
111144
164988
294226
163198
245342
176923
316262
351285
154508
375999
254491
221467
224202
434744
146762
296757
149086
243320
200925
188073
111837
423467
120016
130834
341329
309448
413743
301031
412247
221721
301803
406096
269976
285381
358310
289655
189702
408859
317637
367433
380286
148103
415793
260310
226865
116809
214397
176046
391807
407530
287654
142633
287462
110100
397339
335769
203121
327974
305181
226709
323102
415453
292402
200879
153369
441389
365472
275355
173455
145234
179634
400749
188517
337677
229993
419371
313247
343026
266207
161121
154739
151991
317609
359820
362943
244670
441881
225182
281991
153740
304987
110998
315467
130071
226904
411909
421314
141772
335206
375801
292759
286949
433687
140460
290416
286134
388061
326432
195170
314767
154733
442107
214279
358524
115701
341835
216161
246180
305419
131032
251946
159508
136518
364020
414925
251659
375980
350937
127977
239928
258333
143811
125282
157256
139120
455693
108593
358039
240205
427681
175582
421004
314575
334767
413814
257501
215538
244075
222211
166670
243035
387467
296829
345787
313839
160642
425118
401133
187417
406537
443415
125421
286119
108360
137274
341676
125707
309351
271036
384659
355735
179512
431627
340506
248690
152368
344012
367007
209221
113516
341392
401866
151300
112430
133062
316882
140197
208591
115192
451371
253608
100052
196347
308888
176097
327978
452910
159502
197364
353533
430430
256356
301038
292812
156843
449303
148547
189955
279377
224769
440341
290627
352113
337982
306155
386516
296700
420443
364962
113661
346200
283670
343129
357114
107335
143798
292620
213236
123479
164063
409603
139605
231941
133274
138783
142117
354061
372768
123767
422737
322035
269819
329114
280077
102716
449886
127019
314232
268656
276980
247045
158607
335789
348718
351160
238255
324059
346380
378588
285326
417739
166901
250567
454047
218036
421646
310098
431307
395003
254251
193121
131408
344447
262427
426231
137350
436124
125894
185962
341530
196871
300700
243994
427898
308214
425491
446185
263954
401213
229222
156908
447779
362787
445261
127034
210184
280875
399008
371604
404053
205568
265902
247056
170032
133546
168357
313061
213363
386583
220334
184398
340559
348063
229854
256521
167776
399600
146980
320641
286434
298962
403806
325646
431098
170123
247928
343762
120009
331162
132769
266955
152474
229627
227524
428183
223717
284854
386733
352656
237743
397850
354588
325810
324535
108204
334123
180025
423562
320946
353904
173572
334409
341048
227657
243274
313007
451738
433260
146615
379786
375741
364670
368058
376374
174556
349853
327744
231815
113307
387656
181046
165536
203729
177293
308010
310984
218508
245463
434792
362914
177668
235947
179571
362056
197401
162756
389023
366437
233394
369205
153549
313001
342765
419275
420048
164872
330359
296251
186320
165127
136858
280291
313513
246925
161539
160722
168706
141290
410332
425628
409517
168042
147069
297107
324477
142700
265326
202424
215905
350835
250055
386176
349934
381881
314871
210214
393862
341087
260476
144449
130377
104939
328723
182080
147954
203481
145161
305567
265986
201590
171465
113700
231232
255010
355050
171840
170533
149097
305967
281354
308935
174284
395202
241501
333558
348305
383396
130863
122436
327536
319127
126154
365936
367144
342403
412662
367030
232477
209039
116206
355558
309139
364551
395092
451672
238748
304452
284024
409666
377572
142214
396908
282254
135154
103447
228580
451641
192549
231860
342143
335546
205757
421454
195736
309861
454224
282243
138865
300095
261483
204225
372970
361111
140256
215416
379623
383513
272979
292762
426808
311333
302752
216906
157512
391294
429375
283526
299779
140727
259987
141509
426689
256385
184700
387099
124333
118208
437880
411249
253525
276482
221006
259616
142687
217049
367348
284431
154524
341573
384281
176771
419094
407156
110511
343272
350517
276536
129591
246120
249431
384627
366408
228637
227788
189743
165952
197158
108694
253558
370005
119271
436934
152935
292349
391875
233359
392432
424377
403447
160183
156101
179964
426712
115103
183637
221154
296255
451503
264301
137459
380094
341053
297870
298662
404702
357606
231447
255868
135609
219828
115628
213746
420042
205582
390757
139301
308635
105896
423599
422104
266301
302188
297455
406882
447761
106192
449720
281554
117152
166233
313189
432845
290920
293217
298953
157368
119562
173741
428894
309114
431486
345220
417312
270277
255095
342175
100950
170898
318632
435101
189876
184475
422089
231702
307487
440491
256012
261462
189793
287163
198089
301410
371964
428522
282770
201125
312571
229026
415628
370525
239292
422616
323309
288557
153804
432784
310382
212479
439847
261510
320825
198712
370152
401289
325666
437232
243219
173001
407124
328155
227241
402847
406168
220643
296860
235654
138366
159418
133532
454050
446261
126436
155703
132445
132206
231864
377078
131793
323574
165707
382986
399924
141839
339669
290858
397301
142718
325816
270420
392547
103396
456131
312964
238951
440420
387129
440552
110137
325024
449610
318977
276403
189753
364564
441944
406717
222461
454520
272328
251696
119056
357463
303724
256094
259292
388756
197578
236066
140950
404527
380231
356483
303600
199806
277923
256344
171509
390114
330418
342956
128612
310718
392713
446644
298255
209414
349511
171188
328111
442750
340240
101837
247212
388738
331391
178004
369630
341457
369202
281925
341049
131367
314700
137353
328317
394578
123893
219435
103159
233855
225539
453200
103687
185259
227295
328608
211844
126588
130222
288528
263964
243104
277564
312195
349429
314779
164292
410560
416055
381788
389084
333226
302728
229634
379062
214966
401402
227527
411374
334162
299183
233540
178269
427248
164190
338288
418794
266126
121972
339847
231303
353984
374870
444951
197215
155148
170575
253478
415162
379317
244776
308473
335474
240263
380210
306179
122761
218443
243091
182172
282340
424370
229881
305712
158191
247203
453697
329137
306506
423313
356790
230295
289723
120223
385940
244542
148395
203641
383319
219617
277815
168463
306406
349495
201542
412918
297471
367427
264959
132455
210836
389272
219046
165546
370226
155411
438157
391424
423452
439007
223032
272079
412968
209404
337230
402140
203143
123261
378985
373276
182732
401975
238890
381916
181259
281980
361074
246373
418298
267193
320177
326286
326515
246996
137963
412896
281550
134260
191286
346804
362911
142351
152637
446414
287560
147821
110939
204939
455446
448497
235814
267685
435889
324905
244132
281086
202756
384431
151989
353979
330719
286157
366522
424731
121397
364244
278293
312376
176759
174032
255656
344209
281140
395195
385191
447927
416201
313465
222035
453622
307465
192232
321553
332582
119978
202042
108318
426711
450276
401968
167773
346222
425311
117482
385075
220044
426659
123719
351228
408855
450553
286940
310380
182881
220662
149186
454064
360121
365533
212984
265809
117393
451202
258032
198062
151608
104025
112166
294241
392944
343995
362851
209030
229812
417281
141595
169729
265553
126633
131572
276654
316912
267261
160120
433471
130761
452784
138197
187132
144624
121667
408293
134245
327016
228704
258947
118183
333417
137396
145229
448985
414436
414704
381015
317810
144113
326175
228630
150916
102247
278453
225326
193720
418397
255467
363502
296949
112779
452186
288929
399037
220973
209999
196818
158472
454821
234934
185149
435758
245798
268106
365684
202804
141764
304036
181464
313240
352154
101959
152335
411770
103637
446465
155207
370780
352360
353820
396363
132968
329725
267059
404119
429307
284734
131221
356595
123437
427597
181314
168382
247170
219254
257620
441331
384522
103106
161534
116610
312739
163456
415288
236195
300792
196141
418129
263969
451413
366630
278008
377364
169506
434403
304835
351432
401746
147673
374817
396329
380453
307593
174385
291553
390350
201966
184058
189275
416666
387380
372830
359220
248965
356883
406935
204598
403711
324661
336267
376626
322836
311604
270761
321973
128554
158817
240652
318329
391636
271550
190157
241178
432623
272895
126536
302417
120716
297481
333817
137781
202915
344462
224491
397108
315400
239007
105680
186105
421408
412134
428346
269007
138224
233657
177628
175622
392091
135168
192042
214626
300418
435155
271208
140747
394068
265621
302880
436362
238208
210001
261899
224364
236544
132466
204123
245908
263543
392426
287721
211501
274926
144625
100487
100425
171890
118439
206419
416706
142766
204279
215467
185152
320792
399218
264269
139502
335269
253691
325867
211361
248320
188432
316840
142884
195866
302823
247580
271771
318519
336000
352937
219513
412246
440288
346895
293261
446479
393456
440703
203294
300322
360604
133371
252624
361067
364753
116931
280363
326589
292585
310613
428406
310955
172181
197370
438517
385291
361380
415435
413943
248687
162690
431347
256006
427997
287175
347964
359870
100665
293127
261087
231712
297020
159825
419351
147349
117297
368403
208759
134146
191953
233823
259793
354731
193411
103248
139482
207507
305036
448759
154892
433006
264594
167686
107994
217483
381795
408803
427536
369563
344010
116456
207488
133446
311919
236468
208356
135248
208304
294167
332108
290149
394911
421660
226476
330146
304544
417794
344955
286928
139393
124768
183890
292603
107427
335777
141466
222830
339127
212569
380577
159002
186809
409462
164237
350042
122094
241272
188050
244229
285133
439965
197248
229811
148469
320168
306730
415935
426457
251917
296091
184565
112408
186986
231313
298225
184053
338474
222130
383237
343989
374907
160409
398747
319074
439815
285993
210746
132496
183548
270725
119567
143891
443235
227437
297886
215489
198992
375708
376113
190676
192684
336318
429565
384512
172535
246157
190723
363995
430185
346212
154012
337144
218035
186377
323426
330980
232032
451050
203607
140288
231162
224261
253916
323818
445674
387116
101496
167915
348339
128418
257125
206488
119210
167498
339470
373584
147633
200793
436075
282034
193011
139620
300639
351123
261430
370629
286090
143480
178653
435262
364015
444902
289293
350560
337917
284264
443636
297223
393438
398596
290449
117609
345345
272679
215581
409690
134259
443148
337838
313315
118775
261129
235729
192426
215716
441147
430273
298942
240366
344391
207382
258312
234327
316330
355147
408354
411667
273114
149551
335250
397978
348444
147950
351979
337486
109522
179843
312202
126043
443195
394199
154918
320170
355199
128681
436461
331152
410221
184427
223441
134854
219321
318884
304595
191115
244215
401412
443399
230645
219491
247136
316390
358090
441789
220388
249258
435932
204668
293534
110794
237753
261999
169753
107985
255609
138561
318931
218764
143750
437262
385368
267699
238372
226744
311611
378463
122434
288488
296271
267292
402992
248904
247026
143214
429158
215026
276165
144472
314426
447932
370506
227193
415202
188631
428007
268000
358806
130005
411778
175924
416567
407197
372872
398096
335100
245561
128746
323174
127250
217397
450631
320207
272315
192263
257095
256207
407786
177399
290622
130226
415805
173994
392756
117535
198268
309878
239037
211137
296217
275859
447767
290586
201616
159995
138478
330053
135137
208449
323084
207188
281317
125110
239535
295450
241475
188113
278696
184302
256154
390819
186215
341175
275076
200203
330495
209269
133571
215893
443951
162811
108062
258820
246885
100395
101786
221423
144437
114005
216526
377417
255530
399745
299529
111865
321376
203199
276095
414917
421387
175567
180786
322030
250016
426452
299597
163910
146728
196474
184984
143283
371620
183456
375425
139885
190980
134995
189278
155197
265402
440519
452494
245017
165367
225389
120257
153385
151257
270281
205654
253883
189331
229372
351529
185041
150899
330331
247986
103048
320831
229936
162190
178200
419416
411441
355859
150170
255844
373848
168190
454725
260679
113120
287958
355403
256053
245602
107770
375394
146389
329936
428650
175201
438366
377968
320694
134482
160323
383934
144440
163126
121242
111430
151925
216369
356493
107618
335070
336530
261345
204591
364726
249797
185809
208670
399530
425081
333110
119290
202658
107369
212628
245338
385568
221809
169178
331581
107398
282853
164624
428878
133811
200968
247743
281196
138286
413420
111720
405993
321189
186900
226147
336877
386994
285666
306644
148839
177647
243807
305367
208218
153912
298442
242650
442096
280980
226632
380393
362507
105892
144545
279473
323707
239556
100727
416284
393294
391868
159339
264737
357510
290749
211533
387469
264065
351809
386721
389450
143470
351775
194535
300743
158710
102153
215712
101579
251753
449781
310836
379676
137754
231497
357760
203616
134094
165835
331933
296699
197652
255409
398124
416526
122970
351857
289981
271396
395655
314263
355711
324568
145668
429334
441206
129154
334016
265554
332767
190238
325618
240108
232571
251397
218917
302133
316282
364856
205849
423024
249314
180219
279229
230173
120427
177915
405882
133410
388907
322381
211495
213107
306246
156279
364231
304869
163902
251417
218452
348471
260336
400085
108872
302868
316624
361193
325385
232549
229712
131833
225093
104927
326534
113712
220180
329487
184160
447750
114616
173816
301700
346759
216518
275890
165954
230870
141018
342737
104219
110651
440471
168258
233096
120310
274957
316553
238483
444634
371046
109394
423895
400646
351437
295765
236005
106237
127466
287205
159152
387340
210128
264932
138740
172359
437777
111026
349976
182328
440839
356347
227167
443000
178315
153840
364463
455592
100678
104342
312522
243472
406878
289830
309538
309531
282545
114475
441970
293818
112288
394570
203794
175243
192026
275156
428683
250834
104403
181846
401484
292976
429843
169423
111983
109720
178511
228886
344300
168321
132740
399229
127186
153953
282762
345633
328798
278015
409866
107664
287478
224806
335720
231382
246027
390799
381990
222233
302689
201323
228970
272456
168948
439337
337074
311186
320335
395767
224356
270701
118423
261957
247259
221088
167191
411556
188380
131655
294844
147569
191347
272289
435110
335844
414801
269070
220804
107153
218754
320887
309436
239240
112274
234991
385532
279913
344534
331947
325338
282752
346709
215482
135747
283725
413950
349769
263672
202875
346973
135209
357686
278109
352235
360585
120339
159638
282374
209529
403537
243336
436115
184552
221034
125764
320816
165387
272310
440385
276983
138512
335996
433727
227650
194623
343255
216797
423221
220776
293928
115879
117757
148756
397961
307902
140841
254636
335523
322333
213094
421714
275823
141142
300160
428465
156633
139352
454072
128664
311432
381426
197338
207745
230002
431982
138689
438248
440427
321603
174756
225893
301181
408925
390970
207028
450067
246035
201926
379812
301813
428145
420132
253354
115487
280031
175547
448346
164991
264826
188410
113473
226875
260099
258822
112890
173026
371550
268500
210387
169151
264611
206482
174378
266593
348856
338767
397563
118884
138148
441483
417566
321527
317219
383907
294081
255297
107020
260967
423339
253648
202087
366391
334153
395727
332371
153380
416989
380503
369677
267314
234432
257998
206353
327533
130395
153788
316569
166227
237816
332114
141273
179340
327302
305539
178105
182628
173085
195537
155136
349197
435185
422929
317393
439635
308144
130927
220368
192362
179738
100640
173010
221434
388083
446960
156784
249970
356907
385598
389773
404243
196653
306010
407177
160112
286084
240410
184122
340014
109089
208481
146905
391331
372151
107412
258535
342605
110817
319134
152751
195436
356621
135046
263364
427389
440619
171498
209429
290682
219310
118067
276626
260002
229389
299054
331539
350561
438941
117332
335969
252559
234748
100076
328436
423907
200018
313685
119475
200827
164689
235962
334398
257606
185777
120630
148261
330585
272231
413182
273282
358037
368832
400175
224423
173231
263738
129020
313582
133774
334028
393369
171109
280484
254074
277991
208105
384335
226725
393198
151580
374438
158422
227513
189386
304076
210491
197990
232961
336682
324249
166189
138998
127021
169207
319947
428301
396267
294051
446974
356484
342582
293483
244563
367271
267151
264640
326357
337502
370612
190097
326642
102542
175700
439803
247493
145616
351179
168566
201179
411479
416392
262506
412690
180553
275317
277284
385672
128574
207879
336245
434022
373836
375856
391002
296491
364119
297156
290286
102058
278927
388425
321658
404978
212466
380510
200100
432684
385784
261320
145252
118896
210812
452971
440779
439043
397561
435739
238122
239984
344590
364663
413835
236493
196179
415663
110767
137523
408401
169181
309747
234987
220295
107550
439348
148615
335812
154446
166467
141068
418485
193139
353906
146217
155691
308317
124748
235224
406205
371101
183730
306688
381523
267911
301392
209346
187039
285527
255223
293132
156459
250751
158495
440034
354524
325272
144733
278731
446774
350044
170443
354341
317639
244425
417465
198922
127767
233085
129739
300161
103911
127145
445451
375331
176222
331922
409774
325845
381612
157229
371770
185746
159912
230225
351827
283772
427920
122516
290892
407439
166610
368444
224312
182245
210457
198275
149219
171508
149639
200492
384670
263417
270435
116521
127685
288328
319247
372029
280571
405576
122119
109948
328589
197308
333003
385251
207757
101017
181408
417622
308976
447836
345276
134888
187187
272226
281862
434270
105014
180347
230470
422119
433666
193657
185005
454936
102495
300038
447987
245729
168101
189220
296257
123269
344824
262336
297811
184017
210261
325917
426675
369392
334784
235242
299570
236327
148697
226964
343474
188397
282040
397223
144037
224150
261388
190614
118286
443536
419268
417711
209203
164932
441981
267311
144349
103482
315642
101171
368017
252861
425362
343860
210907
125272
273710
224253
286385
178768
146833
379264
251231
181726
142784
396402
139429
307071
200665
422172
213279
262293
402758
122455
241999
452306
239372
191478
293304
320229
217653
334805
408556
103987
152102
152134
315397
206720
122254
405955
325631
123280
367033
408232
352114
133595
405200
202541
222889
317654
128240
339202
100147
122627
245603
209753
143545
102706
409406
259224
244629
315536
286945
201271
377812
361319
173835
359388
350572
182778
162451
176625
277702
336173
421699
145597
113793
378609
182041
383764
260418
167606
290623
244583
141359
138646
419481
276281
184336
278365
230867
291793
272912
432323
205402
435715
304172
308307
209769
203137
241166
355085
348242
308544
192781
366283
125444
449058
395206
358004
223326
383543
197855
166385
294059
370786
348056
398468
229691
243477
357880
186869
433477
336718
326599
292172
380813
269897
328593
305149
105087
185663
217674
446416
182247
225680
174233
216080
409795
397189
106051
267624
380295
303960
296297
222055
170384
377668
133059
359642
391777
417502
201454
406955
153382
105037
305497
174122
389877
204555
328691
444047
137946
216183
245415
198457
116706
268880
124173
128547
262703
332685
242135
449417
294248
423506
188874
268633
268830
264413
394076
116079
256727
441791
420037
187955
454977
442394
237649
147102
253041
285145
138175
233877
130652
379647
268141
338045
241743
395393
417929
431984
170220
174980
418211
350425
340886
182441
154466
404783
306383
170156
140444
167660
394702
382044
103434
385802
431951
349880
249356
434053
394637
334493
255751
277145
257319
390352
438867
262068
265226
282825
448953
445537
386232
346547
418624
340942
155226
317852
400630
417559
335528
392377
328831
199612
292952
270325
203091
248449
262208
331949
147686
272934
343579
165007
150474
163194
140913
340737
340935
141120
199494
276950
270771
387726
202912
154965
153843
239027
165257
148318
448366
240325
417370
361880
227441
383993
260766
298144
148134
422733
363480
336116
343895
145328
434983
103798
164002
343323
261972
329556
291612
190034
221730
142550
337612
400267
320204
276524
384227
284642
315094
148965
237210
209059
169589
337134
172940
339097
405027
153891
155067
454203
332512
372931
398593
444112
134762
244209
115187
375714
339896
247563
371359
280576
367078
159873
363795
180338
121635
120741
207790
306666
218188
237101
278473
220507
307367
347312
279819
317949
181008
421934
359709
279710
455029
336174
323996
399387
101733
306589
443025
243889
300593
367019
286571
219268
340481
316583
418357
406087
384959
376567
304873
142327
132005
169022
121559
352137
183392
408899
185118
141299
273769
352604
399657
210319
228722
175263
246145
195708
276492
238560
106567
439344
185219
124134
397947
105581
367092
349040
127239
150239
224982
237263
330619
213498
307544
210743
394197
285607
326729
335776
235756
334097
190267
433879
364092
167023
151752
336836
234848
109141
422300
261011
250578
224974
340349
356274
274737
169443
334650
193628
247004
235734
366490
240967
253604
196843
233825
289212
409090
410175
353763
110567
370053
355169
257970
200328
313259
453722
269717
208024
167336
113648
379531
319881
337723
442496
248521
289462
212926
221221
227784
106809
326547
181766
146626
101560
109745
282180
294794
212551
253030
362043
298777
150612
250485
243633
131665
193377
161936
270311
258440
336459
339164
147265
265756
353430
289176
419888
360630
359313
374657
147218
313073
103789
267885
372792
104919
367911
222877
230960
378593
255818
120461
319354
146791
385018
177512
279882
337459
352424
226101
372290
407205
367369
410347
103529
161726
341086
240359
355933
127541
153995
146881
313003
207301
351337
315158
220660
244423
413976
397103
242514
268864
397229
182720
372353
425726
202794
133447
366387
455656
182779
313875
159247
193256
276278
260792
348057
222317
223662
358868
406010
200809
423329
192551
133368
194454
155224
296233
341214
330260
196775
263501
371658
112337
269226
235823
199836
322697
173217
285371
371337
128629
432518
421002
312001
236986
263160
163491
222817
418352
453038
334015
349813
300004
373172
232671
421167
347904
323364
326416
382967
119979
376891
263726
306504
310065
182555
364691
397142
348203
263138
221505
105658
376996
219030
337219
211461
109463
126221
416364
290220
314605
288209
349424
130591
419427
425283
315770
279851
116910
357153
236690
368840
447530
351886
371203
228120
220057
244497
265473
443613
182661
116418
370944
435664
423449
101571
342231
317371
211818
380972
429561
434229
430364
438910
364865
192729
237343
213852
413929
300730
305728
285634
322889
310326
202850
385312
345539
131616
255105
247165
402327
148650
195079
454355
266432
254054
239847
355629
417292
170613
434086
449922
376077
431382
320863
209940
250707
261321
355636
105511
147608
188842
346603
347852
177815
204510
185084
361178
218395
376300
319714
159003
252213
331801
176216
401731
376950
158895
453885
375482
299984
181438
271362
363124
296817
318525
167423
199036
260804
124118
404759
108198
255884
224298
384617
295129
126601
144808
124186
337085
112768
156879
181936
147248
287282
427678
410272
144748
433536
265981
297496
272391
131770
239752
339120
404563
212959
293731
443372
330571
186964
114785
177721
282739
242945
108294
123075
358173
174547
110688
239772
130655
376770
220366
210197
386041
231921
333730
281735
254206
286586
355968
192985
274092
250187
134788
160287
117379
443072
197672
400373
169593
359469
118748
144233
357715
108172
167228
361581
182507
289610
299361
198259
392867
309158
297735
413741
163665
234756
316665
260280
432497
386472
205882
137732
285574
224555
210968
135547
425028
446338
170608
437247
440033
184155
417868
377415
169661
259606
311549
379012
237444
125027
376835
393171
403895
400190
454667
176577
133894
317343
307652
358277
211517
318034
156137
272741
196538
244673
223915
166830
194210
116559
164120
273125
374983
235688
285209
348886
388432
306761
419211
452885
181527
203192
302726
348835
151670
141545
390341
343379
434360
100213
398216
257599
451401
286712
353396
178418
134111
258042
153504
172841
329469
324214
357076
300313
308461
206461
401104
136905
298085
430559
396503
142109
243328
391524
346658
373845
288859
381251
327376
206473
118457
418287
416344
114410
380115
262509
279625
377623
380514
148014
209654
104265
407527
438026
246030
121677
344470
268476
186487
158802
245744
348330
403338
367685
167579
420407
241406
439638
377374
417510
217556
423567
203813
353620
384406
397403
302264
433857
161780
314180
175019
375107
208201
318230
136949
173185
184799
336591
454001
303617
337924
326758
376139
142203
101101
397843
364555
318569
238606
340121
283805
396396
302152
270104
321657
314455
392811
163379
442775
123746
399674
426403
216296
328499
421487
214206
416436
420072
238622
420923
445338
453095
238805
238846
416878
433504
408501
185174
347741
130286
271931
129567
431367
250210
131507
247573
219324
248297
284015
180569
447706
316829
331929
308386
307434
422403
134987
327707
222294
361529
431702
404628
297006
267138
425888
217503
227059
258219
263897
374640
186542
351040
446100
118004
267494
315965
328230
168213
447060
288088
404629
203841
363983
446919
231476
430037
435822
167282
293708
357028
186087
391764
356488
231566
363336
408811
185952
352653
263182
384289
343829
106414
301794
268703
242433
227398
364612
448443
232490
303307
402339
132770
115747
328320
370860
449257
446782
428420
309363
131698
325764
222255
121581
347663
311309
434864
431310
131165
345692
286364
240760
336884
302244
429909
448481
135993
447686
113691
347870
401191
379386
388050
402072
338471
316839
177706
402856
184500
107764
198005
166737
151750
222460
165039
152973
323119
115901
345523
155355
143574
421610
428899
129635
360677
313870
187974
368511
356130
115828
249222
435940
122651
208048
448168
311382
169140
434405
377439
434938
191671
143131
329266
140048
229538
157156
258503
408428
391313
178010
104910
146754
161809
374663
255519
134692
389659
262962
385184
144104
193183
346333
392771
222680
186341
377043
409439
359797
396312
103671
358226
344854
302543
418044
184598
278740
242020
199159
110724
167069
383459
132895
142347
450239
160480
191080
423582
212576
385211
441058
277011
334473
131757
302577
213638
210165
369162
183535
439314
131836
124639
307438
278121
124701
309780
252403
156489
189310
379074
141547
212294
158656
243355
297213
217486
408257
289606
252994
193370
207636
309592
348766
346878
136163
180730
446305
455746
266920
267014
288945
349082
197193
124917
342105
178375
348083
326112
445720
185154
427890
259520
249612
353786
153818
148130
230561
306105
152957
264214
193634
178175
213533
323593
257654
316102
430793
220134
452042
334488
449042
279429
185829
295035
201157
237675
132205
362380
230586
112447
265892
238971
377851
106864
100101
322982
358933
176802
276549
312728
186409
316128
305189
199716
381550
229239
197194
303842
227635
209250
223938
222615
449086
300005
131102
223349
326315
344481
269816
271222
365911
252928
207722
228483
325155
357972
131736
247587
228459
343188
378271
379671
445240
150410
276340
401683
382728
454519
199071
420185
120660
338892
388696
195536
321743
192361
154052
193658
341963
387485
288342
291707
218128
355060
194130
362366
449996
352027
402715
348689
311894
310651
337380
192502
126346
166653
315668
430982
136538
322162
220050
199147
115774
191874
146895
140839
299082
151268
313713
255535
145882
208295
122523
409308
256646
127754
445659
343694
109907
211910
148685
427977
162149
281510
232231
286333
137206
287916
110569
412681
134832
296293
394972
446330
157811
264452
355373
182896
453064
184584
224781
260178
275180
167116
330155
452201
426635
312418
388792
155564
213041
228433
101191
105401
445875
426798
325660
268298
134042
279360
351290
381132
232366
247201
258174
270080
442911
345645
179933
319627
109332
395188
154790
149464
354695
307706
195159
300567
285241
197712
452734
221502
227716
164242
114995
316735
361513
181404
452491
106158
225926
397162
426832
308570
328648
323421
212862
109473
432506
183369
275214
243673
250135
164135
163883
249383
361211
441329
416227
121658
359906
355449
273959
156460
375803
348872
129240
371076
223318
339431
116750
122040
407686
441267
155599
202255
269681
454585
376689
351491
387335
302274
160154
187182
120332
198778
255300
432303
310722
299583
397468
296263
146424
229417
292132
259573
313472
222346
161078
409159
334503
239678
231350
386943
320324
115196
305443
143144
144051
223446
125154
445803
308848
309137
285375
155984
114722
261316
213792
222781
105940
313000
107715
274811
166912
338322
169991
220328
363365
154940
154732
140526
382696
312469
431654
110177
152283
170931
164103
349452
371912
307489
189841
194752
244123
235285
452613
194020
320194
173290
304470
157706
240628
339917
301989
176168
249641
446650
331343
153651
398301
100623
334122
162236
300662
409793
250050
118575
191929
441614
435724
390482
125165
164795
105913
311090
180640
236376
271297
136250
144299
196850
326412
425484
326137
338506
182630
283172
277180
273714
389876
301570
338482
323611
227562
100119
159306
347618
183115
166462
135456
163436
361749
382109
223650
234833
249579
263494
223091
383467
166867
259618
453365
147952
100359
341909
240344
350472
340247
177443
161666
136315
147546
441098
309082
114251
268757
191913
414878
248256
364975
440818
230092
228652
410322
384106
186123
421325
137419
244972
420028
246254
432066
420980
233056
373672
107822
305477
363875
164433
265111
353589
234668
364532
172165
314333
116413
157053
102107
235956
302717
399121
266599
315573
308518
275142
425244
377049
232014
171366
149731
172963
219269
376245
313004
101722
108959
218237
143163
157413
135741
455856
404767
114318
455511
133200
253150
140081
147414
143291
358583
292011
155158
215209
305449
120028
382029
318456
175049
185736
373515
417706
214734
415373
117438
167334
339261
455534
119132
381547
317477
422654
323467
425073
316691
115338
351538
363133
225839
142141
323432
204985
283059
210673
452665
217195
130751
360982
223774
111460
300728
413036
285625
260663
454925
337287
241822
300012
134675
144132
246372
353648
246183
171961
184353
270214
342975
209856
241263
429176
153246
194251
145341
384258
374474
454942
375383
148518
296976
257975
305290
165913
454424
337306
402034
356079
152338
120309
352126
119694
230284
343267
236937
214289
306675
408671
214247
217748
440812
113896
236372
307447
242792
371151
181777
257297
347494
146967
192787
352555
428032
213174
453937
273759
194869
442614
422215
303575
101199
145808
449798
294405
219044
212244
421040
157718
221369
369110
342532
134437
340329
343103
313017
340719
155647
157110
448042
255116
108078
323227
339822
426222
289767
390373
175236
107580
362382
186380
375725
171267
436458
200252
383930
416019
157117
114183
233294
441534
333470
109681
218982
348583
348085
156668
423431
212385
397221
441311
279892
419735
353992
231490
310026
161968
131397
347393
307098
296445
159165
220292
106909
374944
181650
245680
200716
326359
320970
160380
176640
294955
249492
248257
170892
159617
438510
386233
427848
449849
333685
349619
347637
419244
165295
257182
190424
292923
335199
319066
397801
358169
241578
347875
429362
110450
213962
253543
365025
184412
215890
241387
152231
216384
269444
298328
439474
297942
445647
347676
245524
162331
111257
138993
313710
108052
185626
159992
293775
293658
273339
252668
109392
430260
213642
278171
157844
275665
252626
232630
318933
163312
359076
112880
238621
388767
360406
221180
266653
421941
416674
290915
251371
319388
430653
126581
212729
228180
119951
142533
173775
405615
441595
101106
241083
195936
235559
302618
165696
240848
164111
396803
385303
179632
452686
399295
442735
113982
195157
400507
196979
244801
159722
296181
105450
213720
217075
428981
134679
133237
408844
153974
264379
374726
103021
416491
362856
425575
385501
212223
279379
418796
257847
143403
255639
156617
340432
261330
254038
418163
137906
148044
360028
364559
425866
112828
398388
218077
131624
324333
142452
451722
137863
389513
260197
417694
126988
130249
216527
391815
223432
429006
385393
402601
402223
324794
125517
176086
114234
381561
428298
207097
289509
411333
445227
135499
240464
339357
254457
352295
352703
154647
107515
109166
247872
369218
279666
292609
140721
149316
193200
136284
330435
392787
313307
204787
151448
217308
350711
154897
167652
359020
253211
116382
282700
443909
344418
119869
143733
419201
207344
367542
283035
199180
165609
385644
431992
145619
418790
415484
315817
319593
202245
327728
248417
312700
269277
317511
140157
383828
367979
355901
285990
406165
156619
379038
436857
412766
217572
454121
411144
273065
145913
399532
180450
273384
340580
214692
125806
431879
321669
443731
151645
445019
145454
377028
409112
292093
449531
345588
323470
254868
172364
203522
438864
372718
329466
114156
170963
163434
422123
145971
330887
291498
380798
275340
282607
436578
335128
174819
263913
172474
430454
323845
292433
346666
398125
451978
168089
129420
164820
134410
318194
180951
216139
231800
194649
164656
235496
153415
255800
407615
379461
364277
432576
397649
296718
193067
280253
359062
203829
276810
433850
278173
119349
136481
200521
183331
177281
430355
160831
445555
185413
263064
114074
411944
195631
319047
325002
138124
198518
104399
370742
268382
298875
100860
340364
204133
246515
451806
226697
375799
369582
335519
229771
225467
365009
415177
192908
200399
187177
123873
388828
238580
419923
410475
380433
341892
273875
321959
233712
443913
139480
218487
401738
150942
440110
369015
432199
181681
382169
106949
409993
307773
445657
132644
378896
292717
313006
179915
394111
419932
360080
180605
306058
372709
369085
283775
307079
111895
129209
333093
219479
383762
405705
242246
276791
153637
170506
367345
206332
267130
367683
166059
292107
157215
383563
422489
419320
304134
170702
311531
447048
214381
221839
393589
206615
293453
238491
266683
375819
234367
164485
412296
358349
196895
354723
191050
102630
369707
251678
366218
368177
231451
429963
242066
295776
313427
444501
442031
383760
268724
295208
306746
186591
308859
323089
428750
132256
159542
161274
130187
352687
115129
150752
352251
387940
420785
394931
161833
293762
154160
197025
391307
412917
114048
309135
400430
400617
248725
249600
124147
241154
127081
332684
414187
303896
153545
439724
306424
417792
371505
183543
329111
279619
165725
275291
247786
242312
216320
329299
261351
432253
359851
120799
259022
354324
298908
336999
252941
371543
452214
379053
142738
180900
360097
223084
190091
353828
333502
181086
359717
290552
235175
380472
420753
336906
283496
164596
287277
374756
231492
235684
200685
335820
445013
447793
176125
183764
418770
184892
147879
277904
249291
261896
327785
371321
413719
208957
358229
316511
437341
112451
149641
353605
416968
410054
257188
387638
122512
189861
231145
231179
202939
149788
411807
105429
115289
274361
335415
338937
208791
329267
289926
120616
347737
267139
233989
322645
341615
111902
151314
179074
236909
221503
308413
257005
224809
414407
217062
343840
320113
212046
400881
199805
244809
432621
387094
289917
383845
298603
423336
311961
108061
412678
231025
209496
278090
338023
427341
127996
241975
229800
165727
455777
226336
299911
379685
366070
405907
298146
211859
386604
363500
260515
305297
256558
431599
171051
224724
406525
275258
203824
122191
182256
367067
408297
124968
332045
428841
413864
110068
125050
342682
355659
203452
216707
143424
431139
149623
290142
139472
437413
181834
430311
351866
161434
411067
450547
295827
353033
136184
382467
386615
244236
273797
275308
383340
413726
441669
179773
143395
301442
127437
299034
248765
109147
362282
394496
280736
287528
364129
351980
448882
391251
413407
267627
280718
304279
438591
204213
310517
257498
382389
189027
398736
226748
101635
172186
214214
124435
278793
338226
450140
324210
146705
229055
134712
258424
352169
420546
122782
438911
398947
355881
307449
296584
397432
443096
148616
446739
119026
101831
272986
421263
190352
418535
352178
225390
277407
327829
378294
365125
167518
378647
305344
180678
316420
413482
382926
345239
216236
333460
344554
108291
440590
279995
291813
365594
144046
205286
235926
250286
111507
378963
353258
202644
117581
278148
355611
374972
165889
258698
428875
286032
416681
296562
276059
402307
114031
244998
313526
291292
452230
421567
274702
288559
261894
369739
451098
410865
366983
422113
181838
454536
446751
126007
124996
186069
126542
385403
189488
308602
355172
405453
431133
313867
152199
380937
215094
251511
182410
233380
281238
137652
358410
206227
416421
386995
230325
348187
125907
296995
403156
337705
396867
131827
348986
451878
209254
394594
434134
336297
337940
156500
122898
126813
328430
176530
306473
437906
152707
288344
134076
391171
220341
377795
177292
348539
242704
428964
315661
215217
177810
123993
414017
289315
193343
189067
241573
418067
355091
364843
362567
304550
146082
318050
447113
300171
405832
311084
236426
383955
162341
243417
217026
292395
451430
295996
231310
359303
312580
443524
100644
434914
150865
432408
186037
431742
332989
391378
247445
268742
354141
351888
204390
207298
364213
252283
418631
144425
100207
244253
276978
450446
318710
188857
155670
120175
255435
359888
226278
271116
382072
382755
142622
331310
176197
424829
408704
340193
210090
174433
390454
355213
340180
115390
150968
265608
354262
374753
329172
367248
207771
390417
168626
200176
140739
121649
118069
370484
317031
314441
386595
121571
445990
439125
272349
416483
107421
136502
106467
251827
266761
261217
173533
442063
275893
201790
121661
378030
229035
434899
321382
164844
409843
362180
352755
313191
182603
121769
110346
361228
187509
208026
169647
200457
196516
122063
222693
301616
215276
255676
274981
296791
108931
390601
351690
162967
178132
239484
348371
330527
330709
368563
424038
237494
319105
171315
126187
266214
332757
182493
323689
341299
293114
280713
425776
101083
138562
419184
178921
353222
152782
265199
127612
345194
276279
313075
365483
367228
198458
334698
321537
172629
317989
166368
296175
123117
455613
392541
347982
342213
246465
299713
360209
292263
176104
331606
431012
260283
128538
292339
135263
429848
426811
173551
232406
231418
213955
350054
261398
295756
336798
398567
218392
219682
454319
150213
423059
190564
181619
108700
390473
192314
212507
168744
400537
278424
302122
158704
201572
192145
398422
398973
448836
110032
409307
136262
161535
210761
238782
435064
363109
212883
294182
288427
206118
361546
246829
253548
187254
101704
221901
133912
176278
158023
325202
404824
444427
234858
347907
176120
280064
186427
323047
335375
264731
429036
224484
227676
338304
302396
399325
392887
295866
138810
409326
437288
435329
365003
371887
442704
375645
130141
180385
173945
352552
436520
378211
196886
187857
101556
382156
364791
283391
275082
377637
372550
295798
173045
388420
399611
135616
292256
429166
362812
199005
301800
233731
420086
222492
170204
179645
185196
363053
274665
261670
278572
174682
179031
193562
259393
298276
137104
365679
130354
446106
345945
265861
374809
344587
227966
259295
107837
401663
255618
131804
197995
380509
340913
289525
290811
189786
227083
289179
372841
120067
401558
141176
293729
124245
374104
217281
417811
338494
422084
105286
180629
203417
391103
280614
267254
201140
271128
306851
308425
355624
115232
227946
103174
215812
206182
274722
129228
440551
297750
143371
165980
424978
432487
269440
181592
162663
456055
274980
218954
446038
359708
362822
204695
393681
351731
196214
222846
218688
142442
344684
216729
162197
204557
169408
417527
336913
195411
119035
199928
333171
454916
408613
407500
404097
373798
127065
377502
290601
294009
360675
207705
126986
301349
224372
299689
154450
264720
353760
197114
320236
167430
426792
341186
226082
145123
452357
365291
296031
418032
426988
364325
121512
235421
418959
206982
297939
400497
241586
103198
453923
239699
112378
225207
236579
378642
184236
228751
395931
124927
240446
146418
131909
236035
144362
417476
111934
339086
113925
222593
276639
395807
147917
276012
129882
383765
289652
284501
161603
431484
372916
212212
437800
211465
413761
261571
143133
212967
320680
389544
330326
119298
135559
124467
295283
354331
453922
106786
153540
339871
251635
445518
334388
377958
220406
303431
210469
435655
198544
429842
426551
222090
359129
253374
303284
319873
309454
317954
415884
408287
316520
383799
226127
373282
155036
203190
372535
120853
397438
330607
416206
286439
316775
448974
405903
104067
174504
382267
250722
435405
380689
284565
455372
144251
272497
353939
189410
368317
133575
104990
289360
149699
338704
227427
356895
389394
390627
394419
288432
259683
428433
151473
290166
292251
380757
233871
385196
275108
270179
368562
239347
146183
196783
302782
107146
324384
283604
109562
216907
312697
423000
297551
281753
365558
363145
284051
356089
340811
197179
180527
238708
175866
149143
275726
404482
203251
222841
167426
401085
149961
268296
154004
423683
271867
235531
172581
330976
108015
155710
393411
164828
395135
308587
413043
162059
350670
333692
452097
301261
237220
363802
264374
129991
349284
183385
385829
315538
103567
183357
334893
110996
181195
249024
106048
372087
296770
260342
135740
290661
432358
386177
188740
123186
333396
302641
270343
276773
391365
187876
155516
431435
300143
120925
111474
311445
342179
263202
206025
374939
195028
443275
254322
230074
357014
399024
225067
453869
450783
223106
117770
343837
151770
354423
363943
392726
135627
422607
329412
286133
428247
230975
178656
376717
325431
123340
235733
317803
132720
448111
200919
293277
375994
315030
109059
143493
250069
435779
442269
424343
418502
127715
406723
146281
249456
436958
216871
390414
124128
345721
138048
375431
327461
292746
268318
334324
154962
312394
396767
291118
312764
118540
145363
260400
301518
371123
192434
420957
324534
197608
236166
377297
290391
313138
404524
284929
152790
368418
345222
207368
400087
306086
298468
270255
342243
247557
192194
227750
238967
386186
429225
146699
326402
348926
232766
240465
389187
342875
356608
362274
137210
237674
390333
385077
187575
414284
454971
113877
399044
151200
250835
339876
104681
165893
286635
154401
296294
404561
268210
448706
130468
383060
136717
114943
126124
126745
227898
276220
354972
177666
270075
376919
384592
140214
395835
313938
188425
188249
214299
120114
408711
177923
177928
366483
376975
397251
455510
294527
315050
383466
364650
153361
144537
276687
195988
127289
353072
135692
237366
182656
183733
174225
299347
247608
346032
134669
160458
215749
326977
409899
157671
194112
246198
118948
277006
449290
322295
274450
147093
387609
249021
256262
154032
374866
367213
330734
230660
225722
216615
119936
412698
116558
227402
189285
345839
246108
167814
216050
138799
186541
412961
421824
119426
432805
336942
410074
100662
233941
307870
290860
436488
100686
407741
380097
413245
281228
412506
307777
262106
378374
137355
379739
263379
282394
442581
269923
111246
266391
221126
187067
200454
437860
223010
330464
126550
224098
435301
325425
257105
262925
142335
282540
342364
141741
288331
444411
116575
254564
256415
409322
180561
403015
226825
153373
344532
425507
419338
386360
402393
277369
224533
246656
261533
382766
406560
261656
415194
186340
422349
408336
137175
406391
399475
136115
162141
220731
336700
359239
106213
434203
410868
451918
187236
439293
283419
347394
281992
111919
350460
220573
118826
310807
305621
327107
282978
337927
262797
250197
229469
334980
266893
176810
348882
255652
360575
345341
376265
309686
256735
190125
369538
434664
138123
114808
232398
122626
450490
179866
262773
451240
153073
432704
236172
269166
221900
209639
305014
241748
110584
190955
308825
139066
303823
378237
165162
446977
124130
329748
319752
305156
163713
370321
305758
353627
304508
252162
149720
106500
311204
225331
151457
424966
252685
421815
154308
362283
153003
374954
119423
283875
344304
283686
117878
383036
244354
337259
428102
366890
334887
377273
230232
120797
235093
139873
266777
113106
207998
161774
443070
189567
409956
447320
174118
105772
152694
106046
450018
258303
244232
447964
235716
388065
158334
219587
207606
256406
128402
168074
364169
324453
285048
214195
343516
249721
375178
405767
126308
250725
316319
231161
108058
426461
352502
138252
391135
203882
287201
452198
335676
153958
237034
144868
201869
240020
145498
141029
211549
351286
343138
105642
445668
381801
165658
395433
145794
261050
268492
184926
291977
366898
427952
147795
335423
202501
291395
291549
103952
378516
309524
231190
445220
143988
448932
341847
102825
311144
300544
393598
302950
145575
418627
388470
447448
454855
386746
265460
299290
405377
204376
328506
271395
219846
198342
292786
368055
205492
167861
293609
231181
138603
372006
328024
309405
414343
241483
327201
327670
103797
249046
172958
289544
214939
292656
271963
438895
175878
383407
272397
379729
375078
179509
213609
443980
111027
259969
265740
287971
190303
167790
448469
380735
364190
174802
268842
156000
140375
117190
211332
370999
342483
195657
377925
403308
242937
351735
127273
325311
420078
271136
450713
123564
129271
119539
149514
430351
256597
268598
108821
291514
453258
346020
274221
330929
162748
353473
176675
298646
319548
170895
173635
422766
355357
351694
185784
107976
212549
271109
323793
190007
425222
444721
340628
144077
335042
259046
357529
103517
243542
316440
308006
268146
401595
314519
385173
155455
191866
173999
299021
255333
189873
161541
314564
213147
386503
391538
113607
222206
407616
222853
127146
281892
114679
388716
190326
437857
357815
143622
197161
126758
240505
153445
128752
353930
162310
430686
173199
241335
177388
404770
214987
189101
110239
401579
358674
430209
218902
456147
101539
303143
122618
320338
338116
290840
295455
250936
449277
188999
428627
118407
165062
268063
236315
379753
224204
367995
100113
155092
387642
138965
438785
434736
112227
128467
372917
432760
119758
129973
157893
125938
450003
371668
265094
114848
208133
123770
251510
139612
174686
366795
127586
312443
421322
270952
401815
189436
315479
409749
122920
357835
266066
132486
108347
396851
296938
221190
118340
327644
397625
335974
153562
130524
209746
312625
318732
394856
270274
387240
285552
250563
161676
324364
187505
282556
278104
234616
356546
204844
327090
206153
383107
295256
365135
414754
361454
307883
354550
217502
304224
305124
159580
341703
234166
174088
114308
261678
431291
253511
316448
322906
218878
369507
322727
401011
435616
297669
305974
144741
152280
249411
140166
406388
244313
271937
212738
208531
307951
456061
200713
230905
298222
417478
171553
143635
444640
116361
247895
336346
205433
170574
195297
143553
277817
336161
194959
333888
357549
151291
179383
398972
329672
257968
437096
133291
112570
192467
113250
143668
102325
153737
341600
133191
454921
114472
428773
352780
288914
243357
193682
221930
323243
204078
393032
209536
167650
233220
257913
366224
295685
156362
281044
235713
415965
312245
322741
137169
158474
334538
436555
263188
354618
298237
254984
376285
144300
346959
344812
405422
132700
151381
442777
398763
199288
415596
431859
275376
160438
154462
251698
352076
330427
236841
108304
166664
437730
295564
232276
311970
422651
285231
101953
453645
214989
413364
116299
214559
164177
198236
387591
212793
134388
349764
404198
409644
238940
353211
365299
340060
161670
262075
339070
214827
247217
281520
259260
366075
163932
367489
243052
236934
166434
264031
269160
367762
396697
174241
103395
364776
113923
250570
223499
211181
104581
271335
303815
312661
209694
258797
320820
367172
395594
445517
311979
159228
301204
181859
180004
343390
199986
418509
198623
436932
450528
127306
365300
447572
419288
145576
158998
346115
148402
287532
231121
105710
313347
202705
237228
256465
234014
172816
450969
278077
350595
256441
425681
122501
279135
237454
213738
390945
271726
332321
104469
304323
151832
156514
232890
375324
163740
325642
438203
138734
370656
260094
110299
234773
424792
359098
201533
371793
161133
425084
203907
227143
324569
189296
177994
374261
235649
196664
231154
253020
277107
397938
432448
270689
212042
177211
269271
134829
228968
202330
177823
290212
168710
385101
170638
181966
126621
269982
115694
337944
188264
169270
259555
136889
316349
288871
123577
149032
117851
429255
274021
133834
210434
403041
447645
451559
399541
366493
121389
271182
440282
417801
166565
351198
130102
305516
152399
325079
292793
291149
275255
361930
298122
114865
299810
450101
136480
163469
219520
390570
394060
274069
319652
319337
100216
236226
213037
359644
130487
401105
268172
205372
447050
277595
402203
369553
432010
266370
177164
294966
296709
191503
114020
149865
288489
183010
434319
391567
155290
227181
202778
196131
296409
430788
124804
329234
177428
270112
417848
177058
131243
438048
218586
396657
270789
177232
176869
357895
134415
360295
428149
271528
338975
153125
278538
163826
255719
254759
143372
431294
249514
264182
180056
113831
340453
164848
259826
335154
255414
288989
343770
372485
435465
285940
111795
136839
160708
217548
125888
281297
317534
409730
263140
220778
268947
212297
212563
201428
379020
418253
449646
241745
394773
204887
250152
221664
415399
416708
453732
186082
229953
234881
333741
149689
271047
192110
190151
231170
290714
240381
319672
392326
289018
129248
211816
364338
349836
407488
236497
228071
228795
381057
328472
117901
224332
198548
417672
305528
399112
161025
257301
287210
345443
230465
416944
354955
394663
230224
449269
161647
445342
158548
329486
254276
339590
206671
274065
149091
187527
389335
211002
277106
311022
316487
297239
221908
272260
364682
124116
101613
339146
260011
393086
187601
259382
405379
239504
144566
173169
312888
254752
367798
349513
416698
181072
280600
158178
238154
259294
310451
402375
422797
348664
143508
310717
325240
147067
141943
258927
189788
439563
388516
452566
154474
179121
439498
363546
244496
240298
181813
204765
402320
352558
374222
386945
374897
179694
246945
137729
208756
348275
347085
116035
270988
111706
242441
258655
118012
426329
444141
277176
432619
339476
359168
210741
146337
110396
381163
275386
164543
388281
311426
385762
235237
202690
175423
257351
450682
242654
141975
144508
259685
249071
453872
338695
354626
348671
364342
262037
448170
400851
109350
191859
104511
438554
456144
341800
288701
306898
421280
394038
137996
147789
264279
206976
177365
141571
276075
230614
266304
207759
395072
437648
426426
169865
357806
266169
125884
358130
405332
153883
260901
360547
169057
296837
241868
206696
256110
357669
169305
250717
441409
416261
245702
221579
455842
444471
335626
339803
372943
181249
239851
125089
253136
330802
295187
165193
195814
330379
148527
363487
360780
259287
287902
188761
363904
155611
188127
451195
214698
331344
360868
356675
326387
380653
291478
174581
150281
400780
191733
371287
442837
196546
408846
389615
126458
165105
163631
138027
367794
190159
427230
395641
289228
336731
261844
435599
210316
201614
398787
365908
327813
438454
102466
356806
301904
345110
170228
350088
378767
164993
443479
116060
103369
443050
162762
418221
252475
192220
120163
302208
386515
433086
329746
198009
325921
192776
233091
188661
302083
349097
218290
213708
332089
240418
353254
269832
171633
187427
238060
222207
142910
102884
276463
208430
339797
242494
249130
438456
382611
268612
161198
207063
150754
379388
200471
215490
318566
228879
252714
456071
170861
316838
109090
112222
302702
219536
274458
116184
297910
332193
265598
207623
252473
335172
304502
328136
188191
168527
318114
396661
321274
308693
410121
123661
287060
106463
405432
335504
230096
119317
208899
165961
452988
422395
299066
344147
231318
185110
130189
183201
107620
353789
168025
339445
350358
192533
384587
448533
419397
315691
447012
375679
262150
323046
306600
337126
206117
156625
157793
210680
361984
184468
296333
116905
380149
164336
385639
276850
360108
129366
311532
384350
272857
325737
403367
227269
274823
201410
283373
263583
158274
442435
303339
246537
428281
116636
294639
128748
348016
396706
417052
261285
152500
315052
234528
286448
264057
197680
366601
142389
305001
360841
118333
440747
415401
336732
165678
279750
254198
372546
294872
177161
365720
436335
173080
207927
375183
438261
147845
411929
439114
406586
272244
244714
328982
390798
195448
408453
454628
362726
306837
343507
191298
301919
430578
344472
105473
313431
205679
279322
430057
282320
215183
245605
232642
429932
269450
123786
392045
404244
295502
177911
234148
282623
367556
294092
246441
210498
241410
291896
320534
253382
431640
154053
228768
117928
444926
123428
348560
377938
439346
343774
396217
320330
302153
421128
416764
192363
119649
181120
324925
177200
184661
402802
416648
148566
333197
206109
267614
444934
362169
354342
123208
312079
291608
393033
123181
445532
259357
436498
350275
387095
280951
191171
193240
108355
234956
330594
278951
316626
313629
362391
388489
373907
330808
115300
204338
111079
427089
425270
348263
318974
396146
428990
227230
320473
188894
437644
323341
240223
251857
304130
100029
351853
312723
388308
156248
175229
427512
162899
331745
122981
148699
246063
165086
247377
407251
450801
269447
373143
281843
446764
436097
382532
123358
338566
106828
112541
269721
373794
160773
377899
359705
165562
118749
326334
426131
123129
125958
377788
143273
296648
288757
425505
392257
347560
243426
111585
386398
249848
327570
392631
253134
439421
239700
455608
137866
433750
427178
119768
167880
316733
232971
346525
252709
162972
335556
170416
344124
199689
244289
101747
274130
361034
209831
439885
118668
154485
407622
426100
164383
162163
410214
336395
430489
450718
138257
199427
168076
361854
419938
357925
216102
385590
166256
186527
258071
100180
179052
408795
310143
281262
402537
393572
365105
199178
156831
449007
359935
209410
177564
351668
260186
189186
323714
164646
382981
142516
369080
451515
204033
349454
159048
293248
333207
150140
348381
199428
199684
155956
450614
251492
386585
261530
402398
199937
289481
210336
358962
141688
368963
322742
328079
355040
271123
285630
233667
219252
226972
273351
437577
278576
201656
336505
426515
206487
329485
166445
235249
288592
278801
206514
185160
337853
375214
191462
441436
141590
121068
315458
300531
452464
286431
248543
345192
211460
245323
105441
220727
321299
215483
444804
326040
269526
176994
368197
180089
339666
156701
152096
366766
382549
176729
222311
238759
425175
427573
139343
289053
300218
330505
180843
304417
425871
341025
391363
404936
180055
141710
403279
182796
360811
451786
452389
303311
285859
296192
128586
176613
325993
134529
178932
130461
312505
453500
132877
356892
256665
124099
102427
128713
117540
421174
271589
395950
255216
330117
248112
392885
252204
375210
320374
147227
416694
106966
393594
262116
215664
245855
398358
214754
285540
277629
421480
278406
332691
412104
421101
197807
181579
404430
134728
328494
373325
439886
289846
440028
118484
412243
388338
346787
151083
381602
433133
342362
373628
365449
201190
116759
298447
422107
282886
273870
320503
357317
153816
195208
228640
445441
302381
273757
241005
225584
180205
114904
305221
387915
400980
340740
249395
170634
292250
127984
300947
429185
374642
209553
300677
380187
204532
326963
262288
291320
403563
301736
211261
390233
220345
163979
208547
382609
381061
316973
440109
316166
322232
291567
306719
207116
332203
362495
415507
352858
350182
372288
372501
361179
366233
278712
182665
182920
156347
354236
178357
217855
307618
272958
422457
207262
165655
345957
255072
144750
253865
413028
362208
419125
227221
206370
203414
244146
315742
200693
274887
205007
213215
263497
163338
274211
431240
425539
263442
270502
220947
364452
322355
274740
105336
433123
230810
126935
132053
138717
404459
351751
277025
301052
321766
238781
200849
225859
207187
275910
154439
122342
328861
112369
272447
356657
167710
129335
258720
300423
196313
118190
377315
347697
175853
199152
100912
103975
354136
411989
184458
276564
446686
220945
250501
255635
306963
127238
288018
416050
377228
157894
385007
431346
256538
329308
331301
285708
104897
296670
120430
367143
438939
375562
290756
435828
309373
415607
454316
126684
420426
229557
160258
307299
106400
381362
301721
377281
337579
411442
217328
440695
226540
282357
261655
330258
306926
276898
406523
161544
392642
108688
417306
296058
382308
356498
210276
216456
258675
184833
254707
389437
409775
372326
316760
143570
259213
107484
368726
435340
267145
370089
350713
204378
147052
202460
280616
310237
226627
192821
426223
111389
139529
127035
117794
243950
343050
351582
205052
227385
245409
222524
155686
422421
247158
300278
253772
201719
377442
360510
104540
149602
194766
111171
420823
162329
384126
137829
158745
154366
288132
445452
209944
330545
303680
207958
312600
356502
248575
132655
214108
276766
194185
192134
297769
110649
138962
218212
174285
415578
236983
138134
223038
241846
394935
231740
250826
276123
381637
223080
268905
101688
223660
124284
130600
320358
230384
316398
305609
190255
170487
168598
369530
418832
452366
250633
110446
240732
246276
292016
190851
289796
339229
389053
278362
190688
386074
173689
399313
333313
214879
201278
394592
413853
130501
424793
319903
138828
101702
295280
114324
223162
335075
260483
204811
187851
202415
369014
211608
252731
321515
344403
328454
398604
213699
416961
360302
257803
246549
237169
292279
236535
428747
268534
133620
232187
360046
109931
276749
282289
310113
385811
447826
437957
266701
302260
307192
176172
447035
308908
143770
283465
325566
405387
245839
110845
388983
402149
391457
318635
245592
431923
153144
294143
353382
396083
175838
255777
247865
369293
428574
293389
408607
404408
447662
119420
353903
307107
391003
352348
375833
267925
360997
154036
374501
184626
449511
281383
264443
177406
419074
441531
281384
251103
355926
434159
359144
331808
212904
291482
178211
277631
342515
431284
207186
270451
405416
135938
318715
101927
448479
406440
401705
345486
450906
383630
366737
247010
250440
189315
309757
116311
424228
174937
421526
207125
135988
230140
243731
298827
160475
147688
140265
107370
271901
231066
424991
286974
362363
325806
115062
320826
159787
280659
179471
171331
199555
436109
309871
140612
206330
196814
231831
219463
363573
143854
297733
233898
250442
169241
155555
331078
132678
357131
353198
119046
382382
419896
281674
276636
423356
115327
211456
226611
368316
426408
439088
183846
167640
282769
415145
148886
132498
296706
267201
200281
132076
306833
288151
253978
202928
245886
108600
321895
212711
336015
224467
159206
273260
163449
347132
245600
249485
405984
193178
273092
183460
312461
280246
226897
160827
397303
378680
387723
151551
377904
124688
254034
118081
413582
266195
114328
302756
207675
418187
356442
110756
441733
146467
449623
294169
133178
293023
374232
352512
419968
304890
324161
259701
128711
318515
386278
433570
221186
109478
289559
440461
381283
265835
444029
168167
311490
344682
110706
323532
309203
260228
117411
127863
386095
165219
422121
200078
271557
154111
143452
383260
377378
104723
245793
246125
229758
284303
407328
363263
149448
237770
342428
182522
351467
357944
419726
377828
445541
377420
160058
360725
232582
435468
344917
441687
262436
423773
211276
109828
171286
190941
375417
196356
258688
425941
342674
385067
185528
178321
161460
284637
183811
224827
200698
243397
423878
156911
329673
307428
452969
316125
302081
355839
217715
396785
419506
340471
247551
117916
226459
166234
177377
374936
361911
446990
324162
364889
367485
300576
422745
378969
384936
320454
452001
295606
409652
394059
129149
263932
272701
172557
229981
353296
365833
376017
437886
301580
392871
422351
104673
246521
159601
314545
414474
425561
132705
370681
378617
414096
204112
235010
174461
130579
431870
327209
174862
163174
254466
130055
216501
344557
347339
141434
122648
438971
334696
205298
440041
374132
379942
361501
409466
426019
271339
282082
442176
346116
305288
199549
350411
240630
348041
123224
101957
243929
446609
424532
121429
268562
305099
293753
119196
194196
194946
364002
234893
365104
140022
449304
429131
152955
397895
129424
360276
348844
253840
340660
338016
320944
412513
208406
276397
303855
438379
215336
264292
283386
310740
157501
293999
437899
175956
121750
412086
173579
159371
283260
450460
202111
156559
214945
151453
249437
193753
160868
199349
239939
232910
215948
260888
174662
123247
263929
116351
349480
151537
162057
324966
398431
152886
390849
123566
353076
450862
371019
446262
409771
421659
294746
432488
335899
340390
280416
118164
443160
124783
187981
215809
413512
220551
114781
131975
405744
291717
339507
409768
357154
301500
397651
156490
384647
359401
332693
336411
115132
140447
303574
276331
102396
419198
220673
434584
263294
194609
285822
279613
416108
273187
207334
386257
358894
241915
447669
133384
341014
330530
374190
261467
394335
180113
152911
381308
109043
371933
366970
284528
313260
211653
146017
265303
321556
380164
129737
346876
112324
411847
449235
271894
220627
330697
114687
182889
443405
325293
334782
206939
274498
440413
414184
272733
346833
140438
434611
421717
158147
215178
337169
151673
343234
352548
409343
161239
210187
245403
379578
440823
359787
147071
253464
235281
387050
173106
426632
136752
163525
224248
349423
438188
422845
353931
111648
213467
338549
145243
341528
100288
232527
173973
128802
422231
299149
118269
298390
152132
376110
421115
135630
217829
431300
245158
233534
147790
162925
270815
449023
300400
304402
372078
241424
351554
196121
364528
109131
456101
435441
367053
200014
236169
241036
161851
425123
143515
251366
187183
111638
145046
294476
159808
127411
406072
275710
107046
120836
254136
355663
451454
242577
159045
169878
210063
228468
423576
333640
437583
388885
262881
255129
441160
160835
277826
248446
395083
448650
366329
277597
291329
102047
374676
349875
225746
196823
314524
185375
286323
336143
396774
455266
374569
377649
354226
354507
233343
182014
287406
352086
416191
201247
306423
329109
120290
426636
432634
160917
106505
205329
221743
327409
206573
236409
123706
284874
195316
384425
233006
100632
106255
418091
250820
342484
217224
260718
224850
215357
129843
270322
356435
192199
411695
402535
146748
151629
107200
188678
115903
323035
103293
315916
269554
352202
411616
146901
213942
403330
420904
206009
427409
273735
101154
252086
428586
160697
392263
365388
401298
256359
218357
217374
366491
428809
282557
181093
376562
364893
390695
103201
291876
215841
149313
394280
319634
403459
262570
278843
391785
419424
170718
424738
161413
343374
139021
196207
380804
370819
451180
369058
186455
124944
144630
302338
454260
281885
319831
224086
223007
227496
240297
454626
146685
278239
348454
174932
383553
352354
404219
321177
129983
314295
282057
217202
308535
206405
107897
438522
190741
311521
202693
349737
284985
449653
130859
278588
432731
386960
185730
269967
256320
127487
309840
333447
250976
334295
317741
226004
259123
434859
123581
122949
390488
140397
157588
262932
217482
428545
331673
157786
435473
135617
196315
390762
128920
313981
366120
121587
349336
406657
428675
372725
202452
341869
105585
402180
106678
271630
157477
378411
290883
420550
128451
250370
256063
263234
267563
157757
125424
150687
143725
116073
340347
166102
312113
107400
402405
200021
178540
377601
407283
336342
239412
287573
371486
221686
161424
403124
305740
381260
259157
156493
107660
360859
398314
407533
397255
228600
213619
339197
130801
195210
193224
239476
302129
142604
128203
282833
193269
206552
161329
184067
166140
343649
370993
218359
329705
418758
240289
243652
387834
279234
113536
140756
368104
364588
367976
142656
288393
249204
135709
199516
283566
347406
152398
288549
381662
100703
282905
428539
137557
415860
174147
389534
189904
182343
117971
372257
135352
127188
432611
108867
130809
375054
186657
243854
269564
394723
300500
345855
340161
214428
170667
335544
224984
308208
172397
409189
350002
443950
370671
258250
327193
103267
321076
230525
360323
337550
348576
425896
293050
121780
219865
406033
407690
131109
147926
357904
132083
233286
385455
233014
271623
174752
436820
231762
129797
336694
451200
152724
100614
424151
266369
422082
202633
252592
292625
333141
301402
279612
374270
105822
321874
147788
247564
358988
101917
229654
203734
151889
413939
394751
435437
257771
135983
117803
453506
235064
258991
257734
347513
426113
193076
295712
259558
409407
438788
378771
189138
175246
438140
157852
377954
348964
346181
324594
398879
311641
234213
394428
431979
340829
411794
180108
188294
145549
313723
280057
338661
196905
332280
382613
322465
141485
332556
336920
190736
337797
232333
135289
284349
245998
113690
370843
126262
366138
280921
224149
132460
384101
318610
424935
157796
122765
158577
217428
126376
178730
330000
302812
170937
183389
378531
399099
309487
205254
451164
340230
279167
255980
156245
166936
200566
301602
168180
200519
206371
425417
221382
431186
332110
354498
178738
235068
393819
260574
207441
160345
412657
177404
230747
374083
122835
117537
110030
414072
208233
310253
125828
423173
329144
451306
432423
264963
265853
253753
410181
269791
232701
132467
312147
374725
196965
115605
268801
385613
153244
391297
259893
271602
106545
311030
243045
307423
239223
366994
114368
423322
108675
135486
143329
185877
195968
221294
146114
180612
407321
103696
356937
337173
362299
198792
355179
406268
154783
157227
386666
132953
228359
185775
319800
130481
117892
122789
410002
375374
295398
404351
302214
200942
122171
306277
334988
381703
310340
193039
357692
335589
314678
154441
392124
249510
211913
293166
411867
320333
254081
365244
137852
436268
172918
443748
184813
217619
432847
193106
161671
386991
321690
197700
132190
359887
259858
279905
253167
106407
218811
400585
367690
157560
253471
382219
332026
300921
180463
249918
274132
217518
275248
124419
298767
151611
211529
401926
289856
161551
337713
435047
108283
424706
155635
141552
221109
431666
262699
376063
368597
352963
370991
207388
398094
425724
259769
378038
430870
455478
400622
434682
386188
396122
447466
331576
177264
306678
406957
299921
100461
334141
299000
213650
392345
402673
352290
365088
216193
224602
344203
415813
317653
304383
393051
189673
335260
168102
431986
280410
329380
254236
134431
218588
294400
180866
140041
157060
166382
428260
305112
107298
424455
328084
314055
181164
126186
351783
196350
333872
430776
323839
414116
239696
312882
361732
154432
433885
410860
360891
257247
138846
151211
243160
425327
362886
315672
294722
231883
191602
432853
165169
208114
290854
298539
361222
361112
197760
275833
322970
205860
250183
455851
400754
377143
107552
243888
144734
363827
258289
188440
155025
419027
262626
391438
406187
381474
411414
330465
454258
435586
210133
257643
229252
100684
340817
194525
449066
373966
451842
130564
416639
249239
434886
350401
362998
225714
171122
287854
146211
390545
196035
259910
421745
372173
207761
288862
305252
451695
378369
302111
313913
323881
226252
197164
137029
320844
173069
162063
414715
420793
287812
139109
435035
185444
252786
342517
145675
121493
198647
384029
199069
307579
142381
173456
412605
415318
157243
388412
209947
349096
249977
442231
241781
287950
326426
433520
191472
423432
160994
394389
446170
205287
367867
285243
452141
452013
164344
382583
272470
229102
101507
192571
404948
145858
387385
258541
428970
294106
349070
208137
376384
373442
220524
429783
319301
295960
375084
379830
383339
155132
282630
198116
292913
166377
278624
418247
141137
303317
228975
192817
154331
363484
158518
333306
210092
311871
351074
380585
411763
296970
212237
355893
379228
321829
332115
199127
379420
294721
318741
382908
225355
306440
108141
272901
209767
399846
235462
295959
167869
304545
218955
385968
258320
442544
127692
344522
238677
442701
390776
415306
330608
291566
163342
299042
125703
233321
157627
204832
356804
372455
191796
375749
256361
421669
194226
309148
191570
225279
442636
225836
309697
296820
346613
128666
153168
302181
170568
217950
348556
277750
294902
341464
356026
194913
175674
292291
185061
282423
257591
166728
349115
128690
156765
123282
185042
342827
206759
362136
389957
293487
206915
381855
406835
238183
271787
352163
357390
365008
109894
209140
289833
325729
250426
179792
139376
179734
241862
435820
164915
261053
201887
357090
341605
106197
195556
279841
204934
135218
444565
441359
323237
342762
177901
417125
226167
422770
413663
316945
133050
432176
322817
188944
435312
337195
216117
128243
223618
248123
378144
448598
227967
363172
273179
166787
305067
237788
190862
355993
256797
293755
222826
326949
244708
299430
369292
131320
133862
430998
333206
408438
140440
363468
273842
168419
187265
379401
269654
159434
359253
105232
136219
198624
230405
164635
123465
326431
351673
256929
258267
144270
352672
139677
121590
399626
107187
353900
218560
100286
194022
260345
120125
223345
379660
142599
215676
416074
389629
125367
233542
194126
215458
252858
245650
337032
175993
175194
202652
370959
211449
164064
375546
333106
127597
401803
162402
308426
395191
256171
288208
337439
450161
106778
246160
241358
112439
190644
427405
207299
342218
148951
368375
292243
307145
311897
451142
430608
278175
398335
321626
118234
448461
405437
341142
215713
270601
102752
350990
242522
285992
164508
221026
350586
155694
383292
246424
227411
372578
253552
286378
364890
375281
373391
122834
195459
403102
272046
251060
296853
239190
258299
339390
424240
108591
364486
364996
414048
291670
197701
153149
257397
394516
251424
112513
263673
131860
398856
225928
371932
204583
340080
372636
256491
176488
287533
141843
110987
146808
274856
255349
188732
448541
345974
227642
215603
381970
327100
340891
157038
342304
258687
275527
145665
105236
236449
287918
293867
255293
149673
154034
439241
229670
339919
100960
119037
437503
313893
301438
421104
299435
332175
388975
396629
179779
401846
348021
413928
377489
163254
266609
142801
308291
446989
158311
307580
451021
410060
223126
202543
339150
400627
428547
306830
335839
377274
302224
398632
139430
150760
260467
351420
171106
330592
108158
206726
428337
162042
368336
255955
266394
328869
393093
155054
350772
207969
184407
324728
430555
348608
345451
366145
241635
168924
185502
433846
133931
154651
397892
155061
413289
447032
342345
330796
247456
443778
301581
367509
157779
403301
264716
264231
368445
343834
218881
329006
354464
437856
180024
452113
310939
232754
440837
161645
182938
254402
238297
192647
440531
320535
255211
251927
411040
229613
198629
386341
267248
197000
270597
262224
218829
141151
152571
253516
272014
103281
413805
193993
284956
148279
188059
363947
200077
308058
451234
375276
257176
414955
215745
184763
231388
295551
384407
316446
130945
225677
193543
404616
186896
346391
253573
127450
103151
345864
381650
349648
216241
296641
251895
337567
444171
344736
312082
397425
156708
289886
144185
182936
170345
323020
313848
271061
113666
238301
313652
391127
440203
315584
323117
151164
401834
181934
288363
441013
449530
193336
440806
101001
351216
420465
409044
195282
297863
247491
413497
429908
102709
302967
270446
421748
222805
349036
118453
377839
300809
280690
146870
106106
241499
284846
383478
148278
453816
244002
194312
209412
416974
196470
292944
266687
426935
258564
297088
389936
292321
426595
224303
151436
190101
374303
226953
168265
424523
114571
239762
379015
214715
177454
226989
254893
323560
221486
309218
379344
418116
343642
197757
106832
418453
284117
275207
300917
392475
318676
266574
347544
102796
419110
348096
262126
174214
370417
215562
246002
112110
439040
378844
296671
190367
193925
165924
436014
425573
439559
127950
161807
366828
424432
433582
155672
119805
283933
188623
446215
395776
239440
259615
332978
432493
416898
331511
195624
227729
221941
196078
346199
147410
326924
114558
450574
351211
303577
315293
214699
232645
355009
379619
347264
246770
382251
223467
127922
334781
150958
255993
123948
122106
290312
274189
338051
424069
287194
221637
398162
351598
434757
428613
179803
412730
402240
406705
216843
273913
394925
276709
169056
438080
445212
447315
235301
242547
169147
298783
262423
296553
260041
183006
418110
104742
300967
240944
169265
181881
139490
100889
446010
169407
128828
358858
447170
408568
140028
398741
433769
280733
244034
341118
346928
417302
256760
435750
142681
409856
184710
210295
120118
430511
409077
370383
371826
122801
368002
249700
373212
447843
188403
154751
265112
429521
329189
197660
305618
264241
123321
184364
408918
213784
285905
297975
120775
299288
400155
184520
111023
191107
218987
400225
131617
233861
420932
121177
252301
327738
256837
212570
309556
214934
180035
168120
446511
332866
403336
443507
388863
117292
315269
139464
196009
125341
417913
182915
299345
254897
409605
425856
309527
173364
421904
372435
233015
285005
174681
274655
118171
411340
361224
418740
369384
326708
113519
222872
430701
180956
325383
103030
260798
108589
229832
366345
170859
220502
277929
215920
433294
158814
160104
178229
100556
392511
365191
194434
244343
268671
356260
401658
327718
342907
188613
189437
109272
389770
157480
235422
375740
394325
155057
428696
261379
386719
254512
195194
429376
145646
120636
438742
437152
233694
113869
385696
238305
302256
223968
415949
453035
245716
425918
172031
167670
336710
149743
211427
145015
186241
234628
334915
132768
445582
102877
376029
146851
207870
236060
226254
301969
291785
423619
235329
376838
265177
216675
144495
118808
364066
431621
434351
441212
164342
235817
129908
281083
199929
317391
408046
177715
218937
167092
270283
350419
236365
188595
169086
220794
387226
402865
170323
349019
286006
438964
238000
444259
111417
282547
394121
354829
253693
189181
210324
347942
400045
353890
207748
336326
315302
403507
201982
335624
152151
361393
155237
335215
153806
446501
316753
196700
388730
292714
263045
216980
103549
142848
454965
261722
338208
128820
160885
269221
264679
143446
391701
328364
349618
196097
445865
222732
279013
304320
443681
431426
432062
143248
308079
268901
374160
428889
308854
344144
122938
122167
432462
401998
274210
121016
453029
362114
287396
409834
237130
393221
132542
443307
383953
332236
127816
187904
290097
386714
422857
114845
148863
122030
214869
347619
229489
280267
177139
245885
169533
327968
189600
371029
386483
225756
383408
380347
415913
269886
232233
381738
199281
271333
132309
365410
410384
386042
250004
171999
373234
225535
302384
418073
394887
333828
230339
128807
280478
259774
242845
353129
156056
389802
421846
391402
346750
434417
110864
387062
270632
367324
354124
256474
420958
332510
424561
222766
335095
206972
320549
363328
261315
181238
219532
411707
181974
102442
218970
147767
275489
245663
449757
349580
259032
340228
285380
350366
214319
151970
352929
347368
308866
342714
269808
131415
376830
389905
127580
345806
327129
290805
269981
138654
181014
292692
381851
265636
169159
225655
445039
372011
128067
183267
276650
244278
205108
376440
444168
410220
155570
226050
384709
271172
440055
325521
325777
256092
446005
241906
451863
210517
224559
321186
213218
437721
142861
252437
115409
292680
256098
185237
171948
164203
133977
264306
224124
409919
366829
376673
437328
327200
130507
435941
129718
309165
190894
139867
265953
207014
420235
134004
261420
410152
167862
200168
251809
178430
438903
134979
284891
254860
321911
267295
388509
335786
242267
416175
256097
268832
451324
212247
427725
370865
241394
264590
378571
376232
146215
298543
183782
224732
145387
272647
228294
140516
376568
251653
395134
281407
288903
431440
433875
357328
172226
140030
384823
288144
119790
384310
119392
281981
103113
331700
179369
196815
303136
341394
415424
239364
129938
266410
359340
307790
191552
143752
299518
375189
181108
230348
445322
421335
351093
142199
251673
124934
363437
255197
121834
360638
220222
254963
151177
116956
104796
436912
160049
284346
104267
453897
366219
140624
291903
209058
306556
198788
115601
228699
388735
117088
267238
220270
439184
393062
130484
453596
207833
440942
413023
265508
373455
374181
198341
333987
299561
346202
271611
444107
201921
352910
158643
249268
281429
137249
414221
179125
453554
270111
244577
108625
282092
109857
157705
110050
207991
309109
210801
218815
416143
320907
329567
380582
247286
116360
385339
160227
396478
316627
275202
133443
122514
331607
120639
220072
444039
144084
361328
112044
301755
374363
164312
227409
271464
114240
343555
225391
251024
380649
393331
299084
217943
171298
126397
271886
280408
351797
364252
220447
231621
227718
444356
134477
161793
151956
452674
327423
439428
395782
346047
315380
453312
299416
445301
155757
152038
198028
137239
327109
143554
297951
165369
437086
374548
131874
448070
155213
373816
210410
134610
429577
304409
352466
135611
239065
364774
376122
438449
133556
421222
447544
394100
110244
338502
425508
444110
450729
428321
130279
322011
345658
422561
311196
397799
327902
146573
339670
162718
225511
273694
197261
191007
270872
313355
353355
371993
158228
362307
452388
271299
288565
451292
371859
165756
286012
356257
140995
146044
408629
283365
330731
221366
194030
371289
441197
282507
444883
175703
241746
450100
202600
313044
193504
343641
314934
311063
299152
395811
291060
313680
214398
179243
302683
266800
155311
410867
268481
343933
439610
214983
169006
273772
156079
333440
392344
321569
240128
305009
355759
383325
445868
204355
226798
395535
144560
408698
348498
323441
444885
147473
357956
301429
157910
121735
163995
302549
313395
395995
232204
169854
228766
267321
407886
380583
407357
269588
154138
185280
325787
242166
437716
131972
441919
288981
166681
434748
413490
138073
380568
230540
342943
334487
214852
180359
402721
254685
378616
271491
113448
109231
399592
235656
280235
119032
329212
164238
446521
248880
101868
452924
113010
271525
316616
250580
423859
386690
245538
308652
367682
152384
380801
274438
356219
428854
399334
137696
127812
446745
189938
366033
297766
448618
316057
118740
353734
316399
367640
342834
257367
396030
417237
251253
109247
227556
337079
404538
354545
190637
147114
410042
108273
198967
454806
176932
167008
445736
271494
323565
439884
385004
128495
158371
296346
154068
175305
196217
403290
305857
226381
358241
135840
259863
276016
359766
306791
430792
343008
423676
112850
234312
379534
433917
133629
261453
139377
137952
176286
354413
429068
451022
141752
446897
238995
236519
300152
161324
283890
163086
367575
363868
131228
131197
262315
429977
295169
378998
176748
334567
348525
106073
229978
325632
332610
315579
428283
383763
439282
409135
129791
435196
332388
455330
193536
422202
316460
290402
120164
319721
110846
210161
378866
286746
201038
112594
316536
366826
386612
165786
153793
437956
171850
398665
334595
214459
360413
414811
373864
301795
412518
150063
331173
426276
144728
435834
371818
330591
395555
194734
305396
286498
118829
159540
282861
149952
218961
251565
276438
155600
272562
361524
261205
117954
335190
377894
101899
192707
123243
384950
213554
324971
128392
180687
222855
398130
177849
272814
420821
384968
146208
386450
346264
305804
192558
225433
363688
265182
258067
161601
273417
259634
327816
402347
113372
301640
258260
152147
432126
302779
102375
438302
386700
256197
399904
144760
377383
259938
390196
228266
213148
203424
425133
311581
324541
170231
239098
119140
401698
299771
226385
311717
242156
130502
260179
293727
164274
275934
358661
305752
126950
334310
378298
380045
329079
440767
377267
127108
324370
263296
441434
223675
124888
225887
412146
412655
286676
240058
183860
158887
126429
252777
136759
208578
181264
315902
405080
258370
245405
377953
343472
235143
164176
337616
212013
314866
294149
208617
430922
106027
160164
439004
415668
252699
130993
315627
326735
348318
455051
377850
271031
436745
353815
272229
118873
135780
371441
199981
329186
441113
354427
413946
436766
399463
225902
314515
299011
331459
249994
112935
305504
244717
162793
381814
139898
415973
161183
185025
350486
438631
208448
281310
407796
217955
236211
320014
104813
241677
124873
168388
339815
373551
223508
391383
439908
140565
375499
317040
424329
433037
377275
150870
380075
277795
181539
252379
264134
176761
135978
379719
171777
453223
222535
177113
263480
350910
339454
440567
148220
370350
118029
365113
233595
449570
316461
225322
292144
254011
156343
215545
254764
216114
255566
226535
268619
220265
165052
353480
131192
290807
163888
377526
297835
381587
271237
375360
240219
372629
164282
243545
184803
241808
387887
148966
198232
105164
262266
331373
193699
365730
189221
224660
266088
107945
396145
454645
224222
158609
299609
270716
396177
422424
174822
175590
350789
411681
244922
417004
308763
211114
300684
442106
409604
206331
102088
262657
323869
147270
395662
378708
436827
344351
407080
127089
348314
441122
250581
382481
311482
183967
441213
196824
292147
367930
356635
405506
335230
382566
184967
411277
185386
186302
180330
136702
416701
115016
392791
335767
410183
147063
326990
162074
121336
118318
279965
128115
394960
361978
128685
259037
414732
323685
317004
148960
355093
378321
395500
100986
437661
147376
160997
295990
228492
268706
243262
250112
380052
152121
439555
183835
206561
217031
307233
173558
400760
264190
314077
197410
240270
273165
211345
277490
203913
105430
129119
208930
333063
377309
233539
138567
313885
138011
176466
435634
198453
166860
159161
154643
399631
295644
129272
149686
109707
178808
375172
250168
197456
337481
453079
429566
223386
210596
432466
178394
114640
105783
182684
390104
304568
103970
223102
144141
188965
104197
118022
438860
269766
171857
240918
194359
317131
197433
439929
251559
452162
254587
353390
160070
298838
133224
440001
363583
334450
334731
271381
341489
265070
418365
227514
179861
282313
203118
105422
312644
441681
170740
277220
359203
204025
442485
374272
351319
294681
308013
281965
118406
396981
246738
102335
158440
347373
214116
143607
369097
225388
341279
359448
324199
368775
190062
102978
298410
364004
301888
231505
342511
406931
339350
399148
257600
330067
183521
277398
206070
186445
171066
303417
366946
248981
301051
399809
136288
445471
300704
310732
226985
148369
325259
379700
294424
255670
417861
163501
259725
108316
372837
242072
307411
227757
449339
435522
413577
209996
385485
348045
176878
249250
207855
115453
341509
446127
315625
380466
307102
179555
263424
252317
339835
351757
102044
120301
248625
269356
189179
351505
407281
257517
235217
169284
236744
378498
294450
231737
129863
214606
180671
377619
228828
392695
143178
250257
227875
148712
440011
237044
302821
201141
156739
243224
455858
383807
324294
122545
352010
202586
306040
381060
229555
441891
129877
190673
391830
428725
376424
221671
317709
224105
132954
453597
406298
226108
426413
118907
353470
379433
330061
256906
332363
223474
446332
432233
243295
118816
425090
403707
408584
166694
273549
434681
238353
287007
148777
164885
246375
406063
347698
350153
314432
366478
415760
421258
401066
150339
173723
318580
146964
250201
374551
386155
417668
172919
233092
284153
287190
352728
296638
212966
374806
320066
258796
169823
323348
441180
175354
102324
415112
214612
311174
405357
422430
335173
159784
361300
220004
370280
193609
361723
337263
341668
268040
275410
326489
180503
313564
211613
125355
151117
197622
324638
236095
304777
265257
192785
449434
316029
163914
385694
423729
443649
241095
271866
137612
182668
211785
357934
319055
278743
311762
142617
198729
390717
246763
365373
128259
253560
447297
163858
133218
261602
271214
282118
401995
279525
381525
345749
275087
183329
279697
354659
392831
154230
401753
121069
260397
228911
104693
235191
344807
245038
338434
102220
431447
121692
453991
304006
445003
428502
245590
404745
181486
380084
203603
311608
417331
381342
415368
147470
363458
362233
283593
396721
245868
335420
444855
425257
199876
283847
321523
225064
256404
360710
400351
330488
303771
415661
217433
167681
390641
343506
341942
361302
388640
298000
364817
267003
139632
162766
119680
351444
241628
435235
375759
328713
416817
220452
212647
338039
314562
429981
263959
330150
384789
131661
448002
414278
127966
117937
205867
218511
235079
377974
192218
448134
180470
285302
286480
290670
221803
258930
425171
219130
204783
154617
356037
390894
104812
198852
204382
333994
368199
324318
327157
379056
431181
345303
278421
155190
311497
271272
321375
431064
381625
231971
102001
319961
279393
409470
326484
217091
177623
157835
138242
214916
425092
313467
127337
408137
248299
202123
153173
184651
406668
343265
439008
199489
266458
173149
202173
291126
404776
319813
164726
408785
415381
351438
177934
125738
372708
254396
173794
370408
202037
248959
198071
438457
223711
442246
315378
329343
431848
290046
361083
300019
257770
426622
202849
419012
356217
359216
223857
210972
244368
322894
439623
213923
427932
227044
362810
257152
125372
254182
267894
107533
159803
371743
296453
320551
127208
302464
353836
442226
247464
155332
328989
135612
437550
237633
265588
103264
400872
162061
228672
322637
209077
279723
353432
432056
324896
374325
138284
274240
322006
288727
209801
264233
348166
379238
151719
138280
136628
437424
198017
221521
451192
222434
178539
342072
375100
129579
325339
321611
273890
421382
154528
356516
115039
285682
216023
207599
324154
193145
104061
379396
252268
406232
190868
377381
200766
157914
121385
415028
364331
295310
355210
107320
202707
443252
279729
216019
376240
214968
241419
247337
158886
379999
184514
242815
400907
150039
233518
435178
355884
366716
214178
121856
204751
132774
380898
395906
390297
313282
245343
357461
449518
223176
125258
161883
122082
172379
297338
422400
417037
432026
349997
169726
183613
205370
295937
179987
195400
129176
370895
286495
224001
133089
437443
263905
220034
395421
306151
170206
330388
330712
237654
375263
197739
207837
348860
367141
372358
161219
415892
341851
357766
251483
255470
192480
238921
331648
249762
433847
406698
175273
273509
315949
254291
418949
260757
159586
163865
130853
154309
287360
397369
108724
156103
298160
173642
414445
272539
385079
300413
269604
328952
402971
322037
119090
168872
109450
415388
272279
438163
247172
331502
406907
429059
311662
453321
349140
329919
132444
423175
250730
347400
364268
210739
333934
445695
255208
114467
152803
386586
214747
119799
245407
318490
122310
253002
123908
406857
275213
437579
266786
174257
264170
331899
210653
388414
447240
253122
154708
169441
333361
448173
429425
269546
395783
212035
174308
298800
452200
254716
181162
104576
131651
262957
275243
162051
437209
154081
352649
173051
130819
110344
436884
252496
314058
186313
126213
175919
396559
150331
265642
368596
158272
120631
217449
249862
288142
179367
201975
211690
429220
348535
314272
378389
380326
434578
435089
431745
291641
348501
230502
374553
208589
227024
196055
357555
131325
182458
273685
171189
313363
327028
157052
240727
184553
249455
131440
154435
216671
225951
386379
368118
343192
426090
140341
369008
107991
320738
181760
103959
101964
441739
448453
300925
192478
135867
114090
209296
325920
333811
438097
395347
450246
226145
160957
450028
263406
454465
265102
360967
294618
341860
158119
271259
353331
280346
234366
177100
408934
136098
381725
117014
133704
269493
206993
340357
391895
296907
281738
384928
403651
171055
281751
305572
331394
181218
344688
273934
336092
322766
406456
207222
429178
250758
159490
295622
173378
172124
264053
240014
130813
177843
386679
255400
159505
443389
370985
335037
254603
156296
393317
368957
425566
183790
164905
306860
168184
128030
433787
248944
241538
145380
324358
239192
449448
366018
442266
264153
442637
398403
275729
158048
379033
397848
291191
408818
332161
303316
151805
117539
434624
235510
404638
277905
235527
421126
269607
445281
290334
107812
266034
240763
281652
406453
152339
180631
244976
388302
241056
408720
158068
264629
368940
250221
191480
253996
242465
363729
372042
125499
102791
182063
453126
170688
297053
350750
267896
150191
151025
292475
204892
392036
186904
312689
368396
383603
363418
331584
230849
450425
217972
378942
429351
286054
436632
107228
103597
179717
246088
349796
398571
315006
310440
132729
340957
106549
136178
158502
437593
287278
336872
319565
440932
454863
302586
209716
355559
335309
181058
248825
295556
239135
391754
154780
436513
305342
154804
336302
369358
406478
341492
330727
356053
104597
326235
390963
230648
161215
143932
146697
238695
154735
181922
261034
316236
385832
188723
233241
416394
178304
400211
199968
156512
411457
253526
453577
436361
246453
316743
177816
105881
429578
365890
178889
183842
440879
392623
156051
212828
268522
144149
318216
220357
398037
431947
222454
344316
371586
438400
101162
418516
410343
182679
115268
240933
225324
303652
298024
154954
420120
123183
311513
266267
364103
313558
433012
176777
158387
215816
364594
444948
164489
361101
211904
205010
260288
394901
144062
238771
106278
426839
332822
248946
142616
140478
147698
162434
342472
453503
292124
299940
447866
234577
433967
362651
426971
280773
380150
443963
370340
178602
352313
295840
241204
293613
250670
104768
404504
236310
251691
303557
436571
451945
239555
432305
156518
123442
444189
226542
128425
437946
413721
319645
361968
251337
431437
190066
140107
163471
410130
121195
337766
384099
314652
344613
165329
243102
171888
248824
399669
232394
369468
210604
315025
385770
169577
349557
128695
247205
427902
400633
433191
105222
262104
223226
227259
403868
294002
220245
274777
289290
431321
255024
408212
308482
220075
381363
381371
257470
358295
438334
241710
319880
148508
434029
414162
254076
258376
269467
253889
269318
363680
130586
222539
253933
340592
150351
179198
388401
369918
173576
123610
387607
183638
338300
308582
249448
453902
248560
447398
259372
375919
270965
245559
256984
111179
239661
122350
161942
150465
110133
299402
347810
144468
261575
177522
261139
440454
334546
451514
357392
305493
267944
271183
299212
195029
226135
404427
203631
161513
390313
156495
249562
414236
362788
439186
428451
324721
270408
362782
216154
178251
157218
127202
157493
146701
438346
141779
128174
150653
340318
137308
265352
403514
342278
396328
257104
416267
294708
301641
426991
387443
338921
140474
231158
362909
263333
171974
130758
259666
420318
394157
153746
186118
358897
123180
402207
419570
244086
325775
199303
210911
121147
152221
242038
385535
428655
232243
368165
442648
360511
318425
144736
429152
197705
175954
408782
393077
375670
258617
214653
155352
432411
313505
115990
372309
199176
188095
140999
337447
403096
164048
318944
314569
227187
405037
436057
270910
375428
161224
445754
433534
252534
393853
328448
197422
177455
349703
107549
101885
208773
332297
256167
444797
243571
212298
158672
240092
144976
301385
310627
189412
321394
216148
113649
324564
390342
203024
407285
337722
238877
391414
242922
156945
399378
121952
273592
247707
253029
345146
196426
239673
138216
293026
453077
240463
345263
369160
290721
115317
235937
273847
118685
240623
335125
229842
395168
176243
433194
178150
272818
335245
243516
346254
245821
400982
155524
407020
435742
382535
248757
199748
364610
290930
157142
456204
165088
310921
152251
381500
420671
249309
144553
129957
394507
145459
372231
317571
277462
134650
195018
356471
302179
319183
202475
157791
280640
202798
345959
303396
344349
115239
224394
328420
131838
402483
166904
373919
240268
106606
299473
320835
192441
188058
123404
232255
158181
167863
312334
140326
269803
357333
289221
105066
116587
335359
141623
443078
172276
101407
217417
189764
444618
388632
379188
373838
108208
144858
147166
133696
152849
232636
322686
128218
225892
336388
107487
419431
171338
323315
340685
383952
323807
412079
453497
353061
166524
145751
137921
157582
169053
218116
191617
366603
394233
246473
192403
422764
316981
214601
350226
445929
324757
121874
124566
437325
269395
403379
215769
331030
201268
232585
436703
388580
241979
264465
435322
117592
258159
313832
304181
455753
260853
139672
346147
394563
130355
328478
397728
328248
417580
445292
445583
210424
118229
165879
211773
170695
330717
394025
195383
367484
118780
421100
333418
162321
165676
290763
264012
262201
130342
249724
430634
234714
166671
120352
390655
173898
234277
104181
226432
253467
427765
317042
440919
254683
129387
381380
243909
254443
334051
320282
375449
412078
109530
190208
152092
132135
353501
405982
344486
189394
443281
431724
266450
308519
138589
228746
401875
190700
389167
449169
119101
371796
342889
418674
239956
166203
203598
227678
219348
140809
166265
275498
111433
215695
179397
420121
411431
227800
357989
288482
100343
390515
400658
182193
349450
222939
395053
411547
367792
400306
423380
178311
409506
331401
378662
109840
344505
178103
144629
331873
184779
185136
261720
392589
194416
441250
343490
358849
155875
238886
106507
228785
116155
448397
271371
160453
398218
451687
439876
380622
197842
453847
324779
296009
410600
150831
355165
169654
440745
405157
360207
280240
409609
317431
242093
417466
375825
121402
156418
270250
356024
170347
208704
227573
219317
120251
330996
254687
158042
336225
335193
190606
291820
259175
423476
313503
176426
153453
262833
396447
201549
360237
370842
275594
344855
253690
452838
182849
444408
312072
147503
311156
105990
331815
344543
205985
230977
232476
242235
199883
438411
249593
347372
192184
176263
421251
433730
263337
140479
100655
224181
439921
281690
418410
355238
220211
328594
233117
409658
154533
283212
323606
243870
241147
422460
165988
386981
143949
445685
281544
199765
291795
206988
109625
111333
414095
398785
325448
266569
404129
160755
153078
338580
425488
342240
379196
291897
322060
350400
346395
112587
398842
263226
123522
406761
362860
217645
389103
397340
260040
333311
261442
338491
307640
284510
209833
415720
100365
242496
230291
436277
291363
168043
424051
109515
433555
397616
405664
298301
316032
267396
352754
213380
421113
324039
364329
444531
311048
174663
430727
313534
170060
132240
105969
157608
393327
103139
121669
355914
343338
416911
177120
259268
185000
121298
216289
444201
157631
394975
191545
312367
357462
438326
153460
448303
436530
120080
300833
111350
302522
389695
398156
240066
380701
417985
436208
205715
445348
328373
166247
447955
177643
252416
381891
111970
348796
432904
186648
283780
263103
168424
144269
138884
300577
259170
156335
367041
412813
132168
279883
454609
175597
237390
299300
115335
189751
179518
268835
351212
380481
399472
183942
146169
383785
384784
115328
175278
249245
184854
298706
167135
313269
204556
210795
432963
215189
316208
394853
448807
273831
333712
153245
237017
179139
403028
278996
230971
323529
154367
342071
351528
235504
132854
354013
263516
228998
275602
265571
413021
179161
201004
143502
421538
221215
102232
110047
129482
262737
275236
247405
297254
452987
169142
238096
323997
379419
330854
220818
142786
319985
251146
159352
169978
444816
437079
276440
346140
165559
177590
165738
125455
341275
305658
254881
434303
399580
392572
325493
431069
453316
212617
190359
225505
183542
173071
417715
415187
352505
110746
313785
308813
167678
224980
273252
284199
360113
408573
216803
164907
410437
401938
437778
109863
285278
249131
274212
145896
321211
318932
303594
187354
210463
178510
348996
367604
220469
294131
430749
136419
357670
339033
426348
452079
159389
359637
242569
149742
383334
303470
244915
346898
173832
213097
257927
341822
201316
291484
249855
150675
119102
386522
136934
230745
257945
266035
199209
157400
128014
302972
281615
136203
276383
269626
203845
379606
396008
338423
405887
410124
183567
149459
164903
446794
187802
220608
243657
397337
223222
301138
130510
311373
410601
274228
443635
253194
175714
294931
320281
433375
139244
381976
314358
401318
381922
376441
266846
402473
303945
387711
151499
364876
434500
431213
260879
428280
299683
139111
409913
202940
348730
196924
214723
408521
232902
309634
456023
378546
370543
144876
352842
329647
294268
396280
401445
113960
160414
395283
227708
254694
274653
429579
108386
347192
223959
310665
391489
324702
262154
302783
368237
147361
376711
255982
415009
195071
139733
296296
286180
263504
110459
374795
434700
179959
122722
111292
191928
284719
397446
337799
376881
175613
288428
324805
104644
156955
441327
315520
244107
409321
360370
101605
282336
284330
148197
389407
324503
283540
411375
197329
272607
362765
444290
385276
223680
399264
448963
168679
350007
266216
268455
201313
422034
391513
222029
447057
143182
189369
438940
329492
337531
114832
152965
337667
217878
234728
274311
367628
438850
205759
102902
447372
225180
307562
200617
394629
407547
129641
416958
443044
335264
152334
289711
167932
413226
163348
214019
317378
201261
438252
371845
340302
371836
172916
320283
328177
370557
274775
105553
134914
364076
247082
122396
397230
441571
245446
403141
157831
163744
429479
419531
163656
125240
440237
309558
432319
121268
423192
375835
356010
363966
294689
196665
208452
363069
117031
148296
118552
317950
362956
454869
449650
125722
157815
220709
184511
204418
412468
280518
437389
308038
176193
293346
272830
351390
451848
386202
220371
450143
233813
398114
397650
120159
319202
438226
375401
127956
110414
104301
107102
232008
258886
249522
253253
333222
292381
378545
430771
307532
359054
369485
324439
411366
102864
220182
356006
114813
102558
260188
213741
185624
304137
434998
336347
398362
294674
293583
164863
245562
194303
312799
244277
198240
330519
416943
427286
281694
395330
402666
297347
189943
451922
270434
288692
299746
416071
450747
112340
443954
364398
249475
265721
262327
449326
139378
156384
234949
338946
446007
402962
375356
424367
115981
284775
374301
103921
109301
414494
327842
174544
211015
452580
354985
285073
156052
170567
416113
382574
104152
197973
263392
397784
356179
323121
453219
401170
237508
316860
367246
115919
153985
175902
313111
267641
231319
428256
445000
126402
283400
413789
387317
340613
413539
338818
303175
341349
448586
386696
453644
156801
381604
401437
248894
119927
413750
349644
189031
263135
122490
246997
226466
359017
416683
176833
423817
154894
118970
248537
426513
305098
276544
413037
223200
187255
247842
203387
347679
244175
213912
426812
100270
301654
362044
291096
180142
164475
411578
436106
200282
126851
240269
153423
315803
204157
160832
146739
100283
343011
144851
235321
250785
265906
155472
223454
283375
149987
429568
153659
259542
279799
140179
195249
406653
180894
123169
445760
270043
261215
240894
332633
281587
243839
353573
199286
101086
335667
102304
200371
131753
326514
362802
124322
192650
153528
401937
171836
259375
153870
109556
156163
405218
249533
173431
419863
395978
172858
144287
424527
340967
380938
168394
237558
312241
272774
447527
136623
169827
413827
393516
411937
147525
107057
308276
277773
357756
112381
179054
410524
206813
317296
182240
179530
199346
283733
117271
402896
353655
386705
302864
330027
153035
220326
160162
212902
164114
372503
419466
375414
428139
342520
392810
308810
200424
236728
216460
335323
449100
146057
239311
227930
416485
405595
315797
186589
436013
345659
134684
319667
341884
137517
450452
336162
232543
213304
101695
193943
344182
415575
421724
264710
418586
248608
295589
444143
373156
265772
211374
365180
373872
381708
395681
263847
195800
414813
300924
153273
452858
406559
228413
387400
365452
136599
158166
332251
221705
317576
222218
158915
354487
436254
214557
394500
297885
184839
150446
162556
283960
353516
251622
349984
373819
254588
298963
418228
380247
379953
270972
282931
121128
234791
439852
419963
249223
149613
452670
288800
390603
365279
146157
223498
436134
296349
276352
353474
134696
107278
371531
192463
452479
396031
420723
337789
312767
397397
290994
227147
236204
258867
361680
216632
119942
258202
216665
358359
167978
377056
160048
439835
289216
121903
208038
219337
377523
325750
389926
136174
129071
135111
182418
348782
255889
285706
285556
367608
384113
345137
371526
146051
247891
171555
158105
318421
193335
347832
232717
226388
163329
128266
219961
425521
158923
289489
166149
299809
199984
269788
263669
419622
235029
373670
421197
359327
311114
332295
393460
243924
118922
259109
365256
329103
122632
444220
269815
185723
318438
357424
256627
303977
193935
315477
128448
343134
314054
246163
326130
400118
249225
109996
272184
283101
419558
208894
355315
237666
441075
103833
404871
274916
390301
125754
374046
124307
105424
428390
443967
267964
250546
377638
452215
121214
226114
393167
377120
241065
305778
286659
368517
422406
130469
238084
443227
346781
324206
398555
277922
284786
197265
253461
147056
376114
175163
169135
186981
323270
406573
202811
370875
211267
411859
382632
456158
176855
176244
391083
108043
415657
262896
435495
331393
228962
411110
432387
423366
187430
422462
443532
264598
182431
213840
320383
277825
282742
300793
251394
160132
302254
448740
427957
129035
207200
361460
435351
199384
427980
288715
389045
357842
189701
134315
103309
342359
451014
339480
255602
171591
340633
335476
453984
201114
450615
363390
118238
123495
161777
133933
226445
110927
234403
177516
279938
411891
439547
301155
100205
443192
185609
342469
410681
418909
401030
297127
340766
233949
100504
421794
380526
380732
418673
197353
419724
352476
401309
275555
192753
146497
189047
236840
400817
235033
230175
411811
228551
278198
178002
127669
265142
323078
248876
210919
164345
177588
264835
154364
369924
223861
451877
144867
307748
130606
394478
135184
133321
101490
118323
303825
115653
209441
392244
274309
140230
320198
160523
330787
385086
413906
171583
178844
131137
238655
220907
163201
141259
248764
281198
260796
420890
114619
125619
178547
306843
431577
408334
378925
152702
422320
103903
440505
272703
401653
110980
176667
445269
286647
103150
413876
301648
106794
255591
132184
352157
229209
316700
261396
353671
304589
293411
365436
200828
272839
226312
329634
284287
101858
337361
435796
238829
268152
159058
354828
134166
120738
205607
164153
163712
357589
401272
296904
295439
129076
350956
248741
440675
415492
454259
289675
138245
273691
291878
326316
187504
157136
453221
261209
155760
262033
250350
272802
221605
334361
448054
227559
354422
430843
437512
223906
241755
112022
430716
104461
142746
218156
305259
317595
102926
145750
271203
279433
365259
390529
215233
318534
452466
173966
305188
147911
236153
417747
318653
281994
120825
315614
314831
377616
253097
402456
421566
409279
277759
353500
194086
107701
368860
139678
168711
314406
239912
264495
197867
428525
263396
456160
132478
116492
413620
288529
386100
291986
431230
380455
411592
227358
327001
269344
111381
298655
261953
102824
411725
282301
248980
412548
210631
225357
178851
175149
277134
179826
426241
185471
310207
331217
356640
117887
285318
419425
200688
271608
349311
171121
200903
364225
390697
262044
180760
358860
219369
385422
437329
227934
120990
203370
172824
218416
436811
448821
413962
337383
355178
377105
276815
136743
156164
270905
405807
394472
238144
244466
262121
144307
279891
158475
172495
120855
103552
207547
310896
403329
383156
347977
203961
374223
446099
350304
161296
322865
212370
107980
422410
186577
391089
238477
334035
195181
247843
170728
196030
290079
160959
210008
177070
389800
373488
274824
169819
419782
357921
250851
405396
323067
232068
114394
342280
355359
169641
240912
439772
431746
345543
222205
159934
113454
106694
363636
135106
411887
454790
316451
221815
349011
137671
262156
215790
101685
160730
318412
441583
289029
241104
180350
148997
160738
398680
169446
218235
150015
439817
156580
180324
249667
133867
228461
343899
329375
344227
256013
197383
171719
354029
359255
438888
330994
384953
247091
230022
314178
375373
258229
428873
337545
156312
311457
160788
306906
254741
446285
412566
418164
389736
274181
321286
237707
151981
157183
420410
397535
194515
257055
250202
106932
229058
247072
187620
109013
372387
143160
386575
378446
221416
311935
387512
165834
132571
211387
360371
115525
168339
269173
250293
411670
124029
400678
421606
251017
354451
402018
197605
432644
426705
407492
208912
121116
288512
297535
168492
444196
213020
160021
161244
333773
204278
254216
122566
285467
388099
416242
261558
150030
242480
241972
294317
404659
337822
245458
295240
141309
341295
357145
177233
175763
441167
273279
354048
210514
340071
332750
139499
366574
180909
221350
212938
173154
420992
197318
338114
287800
332583
450916
183995
345026
285752
274744
446531
386068
433821
230447
280812
346071
159164
306442
171301
188499
120400
200228
270870
385859
443955
373316
275084
332507
377395
184099
142298
368342
112456
247074
342631
119337
177916
325673
168808
285063
207935
189646
259502
264458
147337
275027
154813
106231
314361
333341
128415
163455
181163
309427
280096
141279
287538
355489
331484
233713
180327
237894
134597
366041
170961
206540
171733
265654
339677
314457
199292
426657
161692
170448
330110
323045
234716
382483
382345
325356
407195
136497
149149
164694
403391
366445
263467
127698
380868
377633
242195
309707
397419
353053
182084
143476
400266
105554
175020
406910
105915
114279
323896
208034
171735
330559
258953
113916
149084
171082
449392
139593
341603
384481
286075
431541
423818
183507
330653
345647
171256
358946
187189
182712
276474
351677
104519
354210
200096
270468
140707
224200
260518
299461
114743
102016
148177
293473
376383
423538
378633
135917
113865
167827
176524
239137
295347
206724
215710
344702
317853
192715
166619
296522
122822
406433
386548
308274
438155
433317
288332
280993
189859
214294
104133
214070
339933
336192
407812
162230
377588
146225
100129
318148
161822
129115
420965
171273
390876
446959
299961
426267
154509
206790
349308
339969
168152
199970
161032
319282
120709
405922
325836
449367
445237
199138
351340
311000
148928
420788
364722
289815
284824
364981
234654
115140
176671
134589
141153
251610
108278
400371
227494
256481
390612
133390
145395
142592
137327
228173
251806
341248
407777
334830
289144
147369
161273
151151
407408
332501
400033
448329
444923
432582
124643
396778
109589
324749
398415
406162
335514
304161
379559
283485
440424
284697
210417
143335
244098
292857
300965
449150
369062
103793
115131
195841
416254
184632
111003
160388
103193
245750
187235
229110
312415
310397
113363
318071
268428
230023
249987
178681
389019
385325
131136
288171
313667
292000
147648
372849
390975
106973
453994
197786
215891
399065
199221
241292
355377
344231
298292
424062
108708
225176
120169
348582
279601
130364
158861
298031
152599
365091
109139
146702
275829
348405
140187
127234
419423
137096
371145
249401
268756
326113
397063
442024
406535
123667
420466
124357
112286
420892
310500
134423
294907
397758
111994
379353
455407
299764
395170
425996
310929
277277
451047
202070
306579
259003
344140
296030
309876
193401
367157
276045
250614
389558
215126
410638
270569
212028
122887
163252
335133
205085
291093
355985
404322
221436
357253
412268
264735
444552
134344
255497
144275
435006
142502
141510
124047
418233
204162
418881
165491
270093
414314
354823
440780
100877
364785
307209
415067
423328
210359
431894
237483
184141
139073
141034
198396
407481
205422
424545
359149
349634
121860
328660
451289
111035
127228
155176
216401
141516
384545
215582
139200
248234
409534
215493
448430
290318
205177
306122
121591
371478
301846
346710
340882
244338
210363
199089
299567
113039
355273
130877
433699
192697
273445
436372
314539
357099
390985
152297
431975
148665
111160
124187
201512
441895
373111
122011
356296
297973
108488
302806
384270
446289
307191
139682
311222
346994
105982
195963
228632
153019
332863
202285
127949
176295
136413
400129
372423
311023
439640
260720
302230
441999
173356
401790
154513
198588
166167
209825
231399
216943
351363
199203
107380
214139
416429
174196
441472
355754
334736
230249
328492
183311
196349
303856
334458
106392
150994
156634
320167
193410
234271
423488
139614
193742
341369
305669
201458
423261
306259
160520
368978
313784
211522
362127
112567
292310
405623
413433
196495
371607
258445
375126
264623
318245
142341
236160
409560
256967
404246
132771
183443
313852
162467
389718
166089
348017
228708
377220
149538
274705
230005
314606
416046
316464
347197
357177
427851
418663
426810
284011
231820
220340
422912
297690
300744
243260
348927
398530
370158
194463
388200
301231
321222
252535
140729
288361
409063
172682
119408
281412
321503
218755
352816
285797
428396
339525
301040
284620
182636
294234
123327
281838
324388
424783
305226
333379
342459
104905
410702
319824
295225
433605
155475
203804
103149
143233
340669
251638
224498
114993
279745
411838
205420
175647
381197
335545
385070
245710
454748
420023
181151
287702
405500
243696
151754
284085
181535
187237
145630
213278
322714
426117
200456
297552
103935
203613
353063
209147
395384
431470
412219
256903
261190
428343
167892
216503
238835
104064
163764
438992
238818
310959
311799
157714
372826
344056
451293
351709
144228
371830
368895
252114
314174
396072
241079
137375
315110
373790
113154
305440
452578
298345
369268
177351
369937
163303
271270
357682
332921
156222
261327
454331
351372
339364
143225
423586
343718
105987
192835
294189
275106
379093
310882
356829
336570
227110
431607
362194
408823
202757
267279
444045
409033
444142
101282
221994
420687
375318
436667
293422
253908
378962
389251
404692
401350
141862
406373
253645
140014
146336
367758
431073
361797
148925
362464
337267
191767
433723
213016
188654
257786
448679
438360
300311
137655
180087
301953
231975
179008
431311
390139
205172
131785
431350
414396
207536
419379
346686
444681
196248
349022
186298
307396
280770
339893
258976
374948
413184
431187
207803
248589
351209
433435
115252
140789
167237
417879
237194
387156
209486
438760
349542
315087
234447
277208
413008
255595
284076
185708
288368
118927
291133
243755
218909
310419
315960
371086
388421
355142
191027
205437
434719
288227
201031
426874
140825
430040
149045
356988
163418
428066
306510
416319
122540
340413
310110
174144
435161
362526
218262
215226
114137
230922
332922
239008
275649
120448
267005
366563
346734
138051
224366
359816
105165
133275
390566
190124
180418
376968
102783
270107
161169
445572
127522
132354
404750
263251
112623
114583
380212
119282
420031
299097
134682
453699
165085
160733
318830
298913
194760
267903
177026
341677
409626
229528
281569
307783
144661
234564
433873
438019
274876
194952
363968
265104
269617
401416
336991
221612
121237
344707
393132
224185
116298
400874
381901
425893
260930
343196
358813
288500
241173
434705
122414
226279
334602
234055
171622
445060
103962
369703
147748
216153
204056
366660
264063
401081
110021
328318
146087
212220
151415
448677
138710
383421
159443
245544
426183
365215
373574
268132
111219
109380
107151
241450
285638
194685
275549
287786
114529
366727
317581
235006
301109
267371
318920
122380
103260
397957
160004
254484
137243
269048
156331
409620
141966
205193
174161
306178
351848
137421
201506
294650
304476
225815
330809
258859
388278
306099
193546
251600
312393
137018
188782
334065
214532
119880
236524
385216
221619
304021
392164
121088
286326
241022
155789
399279
316119
175883
121382
329153
390611
296493
160986
173926
364202
312960
328653
117699
378761
148023
368122
246532
166097
175387
165404
291080
285353
147841
161350
114159
250395
323705
200978
352317
322310
401807
285101
171196
241224
236443
345908
362925
252919
128395
140988
289292
365034
294581
418022
104128
202995
337741
287231
125191
451708
443091
143026
186565
443175
196011
168281
410574
385011
104561
191660
232500
341453
288713
138543
121645
408891
257882
447182
431118
270700
284533
120965
117964
166324
273695
201361
274991
327315
268626
157134
367055
318550
413267
223046
341310
246361
360951
117879
125481
205993
247968
320802
451988
308824
203482
236329
375028
306235
375462
130745
394520
213273
195860
316826
317267
353656
261496
374540
203186
431789
199308
360995
180049
368339
347826
232513
409111
101993
121848
451365
120806
449360
219698
330960
399348
145156
308716
102585
298610
163017
138855
422203
180842
337325
270940
216760
285459
222356
392161
254691
245346
429137
356430
307161
276927
349883
198738
233715
157024
279546
387036
421443
453375
257619
124203
352230
258385
325072
246966
415363
219751
331550
453332
424949
314795
250876
450958
378259
453225
333254
428427
311375
147471
219830
276662
308033
216505
205509
217688
259619
223667
377838
329953
159772
374590
363271
116884
428412
278349
421334
220047
405724
165602
292699
445821
241923
244314
406529
140329
170167
214996
158999
224621
396776
348278
431455
363835
320450
152753
194101
147013
354687
410338
281135
201892
171746
135853
423478
371851
223937
117263
267807
180943
309349
100956
174969
242430
409484
315608
269299
400635
223599
293033
293096
375585
225074
309033
125745
429505
298941
351254
347270
318778
419640
283549
291458
253061
264068
120774
338457
429045
105812
307891
275868
199674
285328
431953
377423
357212
214096
249301
417310
389032
125299
179115
346854
245654
318611
342159
454546
432277
372907
168746
428132
145465
374973
398617
331819
332028
380617
189071
140983
176369
236547
393802
175872
275724
329003
154695
120399
256239
385160
177355
450777
220653
383110
340575
179365
269133
380890
201198
266775
321373
151766
286531
435201
411460
186040
105124
358385
401691
167449
374348
439699
382188
334369
349157
198910
394144
126741
412469
418097
357431
131609
170532
261738
311880
194529
377110
456151
238650
143294
228416
115920
111821
284663
216084
288812
132375
170493
202614
318321
254231
198051
195846
163579
143551
238044
238130
275182
282210
422510
277556
149868
174227
120513
299210
361070
396150
214816
385314
441994
267818
448600
134906
177592
321495
287095
393104
432019
114044
382952
163718
452159
446371
409697
317303
166214
122710
288256
208851
291312
417022
160071
304167
292012
353882
424635
134452
402349
208141
274557
121261
266263
274751
116374
191974
259217
448846
238745
251034
277958
386796
176907
204447
202297
129841
102774
163936
359660
407446
332350
416207
348647
150930
329666
201956
212685
358088
109076
359544
126244
307720
370677
313158
455806
430365
406427
237299
297379
181129
187674
382524
127609
408311
396101
155212
140801
137905
195921
182192
131139
365581
271673
423253
257539
217872
226996
306028
311137
346825
307266
278569
324422
199932
160596
332811
300088
428352
199464
113395
123397
132726
204573
166190
250753
360380
446518
265028
313990
424604
310729
428278
287140
226205
102498
314461
273070
300801
220378
349119
279805
311957
301297
266454
209405
191864
289872
394154
186772
258350
150799
372320
255613
292461
102183
299130
217269
281662
112776
187928
392105
290075
427359
353276
292046
211003
292614
149159
330009
237262
313070
435126
387799
224922
429820
329747
127942
439373
186836
334163
436269
157147
221289
177943
221577
350993
307399
317865
109683
125428
430829
350949
335923
264289
207502
389072
262340
221964
446627
214910
356588
280065
344694
453191
228522
371610
207566
271896
240165
272324
449795
317862
342094
200458
176826
122629
309586
411177
282495
384395
294078
238561
235340
362985
308558
216785
173513
392749
396821
266054
362098
441915
189837
133872
110775
210159
115052
246780
452443
382264
445495
146446
261100
420513
451300
296781
273628
375286
333724
147656
261765
294797
258730
184523
274939
389690
158743
404137
314019
123474
376669
383636
364404
367615
178860
383295
210253
324497
179488
240077
112434
242673
246540
155412
356544
376395
257033
428428
210640
261986
275685
269796
361948
144463
239583
400829
239494
403752
247803
183508
360500
119117
142171
401281
105834
157768
329302
158866
223548
246757
145917
345475
149008
198104
263629
305830
320352
262019
119962
416531
370257
257721
285537
360822
421144
436663
409481
208180
214669
179619
392524
164478
323702
150096
241108
304830
348356
231579
360915
140906
367390
150262
290348
103695
233690
218074
112189
332278
312876
448827
112184
182770
221898
162238
426518
247790
207495
324665
142136
277855
302240
367281
359803
393379
280687
283370
431704
312880
116894
265237
113008
234683
223088
117143
418400
313344
143501
183179
121304
187018
294720
428639
399216
380079
393190
279955
218414
247285
370299
187416
167000
184251
268316
402854
437066
169976
325366
399233
369805
388325
319936
409641
452404
166332
192820
446779
235188
414143
104291
125345
143757
232938
395754
321672
330428
185577
351300
425841
279184
417873
164144
196291
161280
301536
295200
356667
228329
260906
224188
445850
304067
261418
286801
190265
132343
414439
407548
170555
283877
172287
226585
394032
350109
309958
424670
212624
338125
118835
443622
392203
283206
143366
327451
414276
335520
323758
221821
188224
233527
258011
110061
441445
202230
210428
279151
185401
451352
436815
151595
320048
103257
258692
268857
219196
177936
190989
413557
339398
333654
165184
240941
221117
321137
230152
349035
229826
310887
439754
131337
380127
299112
364629
237360
192211
287798
408072
153648
312718
127132
286136
361331
243194
273521
128700
172081
233020
174723
107409
112327
265310
194375
330556
320410
218707
152254
233232
160944
388313
155058
318875
188093
214697
349509
305361
180476
200498
167173
228398
371180
360376
172016
292984
282491
259580
334119
203457
412136
207920
259197
182164
267359
159839
133683
284139
393285
382895
317729
427113
393500
312095
187885
445271
222701
416585
218137
286650
197122
169027
207463
117098
104023
237178
108715
289206
377506
287539
451951
194530
402501
236820
358896
385697
118563
172464
115148
382993
124660
225977
184621
197071
422982
316590
396630
179404
344863
366479
206375
400899
443702
358234
373813
336593
447956
103622
302535
131630
402110
174927
289902
241819
269078
216152
241597
266425
174243
203597
332894
454526
153249
394586
330517
188307
152458
303022
244001
425553
315226
338832
379370
413568
390884
450789
366655
105235
390398
422446
369206
412620
438099
351504
200165
161803
335039
455865
236202
306035
192818
151712
417831
390197
284773
208214
111312
310791
442041
205726
429202
254441
129945
181899
198485
213857
355481
196672
277193
167327
166077
224164
444931
380379
107951
109842
176372
140385
112911
341875
194824
287347
212759
346361
231259
123497
420678
129401
175969
445214
351599
299013
227347
206384
110758
108865
293546
333704
320814
378955
264414
202039
329174
279708
177538
263522
349497
206502
276969
277171
207064
234030
105094
416955
245495
200987
134604
262077
440072
453057
238657
304185
388043
248493
100344
237075
342633
348943
364765
140134
125565
175150
348552
249618
392917
140652
248168
258587
175007
420977
325151
248382
452605
372310
163019
120025
328041
174647
251919
203750
234249
424126
223380
257475
453817
427701
154261
238049
413119
366787
161173
110203
157315
394048
162884
431021
349089
191152
342326
113331
119422
205391
412805
293296
332403
344983
279492
313181
208732
276999
388538
139271
211627
121926
254401
340865
132855
283781
365930
419356
280656
132913
413762
453358
189420
128023
169444
372065
198837
241798
440858
260814
413794
447080
323298
330214
374603
165265
316704
237484
352682
336657
252916
317420
168440
171093
394278
308199
159410
164266
295218
207878
307723
127209
424027
232635
257733
364620
318789
224311
424492
273069
208324
219943
295185
417517
203094
258435
132349
120002
437241
149288
214361
275188
201419
369405
252667
252431
220957
421173
239626
107523
196776
127634
194302
350943
389078
284656
308982
199040
169775
193519
319558
112122
265223
138136
430821
179591
265058
239850
115895
353388
440811
273576
183352
403623
265818
285251
377498
454086
224405
259918
270585
404184
155999
159859
124433
227341
337707
190603
270899
387246
238295
228338
179391
400953
340442
216711
215848
354791
392388
332412
186306
331410
419415
267495
166574
446162
272920
230011
222103
372980
396786
182887
203408
154901
343687
221681
444663
270538
128200
438185
220302
143633
231859
337187
381220
157490
116536
410375
339439
220111
191010
237612
149200
283946
177439
454515
343314
218267
144101
234839
279497
355244
349680
243957
183599
241661
333088
302003
104731
291787
445823
412012
202183
419321
174300
391676
393444
150606
296256
310710
288152
173012
277601
382010
225170
315948
436809
310701
325087
326913
427729
105905
275709
193683
392971
316894
138805
184323
370983
328266
165724
222429
218554
140043
144832
436580
241008
382905
201672
115885
385552
233980
377942
385028
368636
221413
108787
379379
213704
241156
328903
432809
187426
321664
345735
304199
395930
243877
423291
263852
238391
439394
218574
439031
335938
130924
291192
285391
293918
107186
380790
430224
177739
254620
441757
454709
400997
188369
182003
184204
423251
136799
103692
198135
401936
164458
406801
188179
352600
157383
200960
455781
416192
248286
400791
145403
166118
101036
258079
193095
402948
281193
250461
338757
252519
411520
402116
430015
181557
138627
227564
426462
267419
256069
347960
125441
445112
319362
136840
392565
208204
413836
252623
245204
294513
276670
282096
229739
426815
310778
259149
191780
407193
369335
328321
337585
339551
421643
434155
344188
273246
304471
103675
329564
261810
418381
284706
227698
415198
405825
420496
175164
426601
369145
293761
358877
125045
285265
340514
160407
441149
385540
137064
401458
184247
227960
350435
146491
210765
333368
120996
269726
131455
362548
222725
206779
243688
307533
197157
322744
365349
278106
379292
352268
181977
318483
141135
240278
241181
316736
449825
332571
284022
105048
128356
242863
280587
318133
404640
376415
382476
237955
399829
212395
244805
219964
181937
432508
258118
390241
136883
142668
219124
425122
248633
331460
287421
396204
261383
123831
198840
148401
359126
122163
258162
294684
309784
337602
294243
286008
304867
314798
346567
274074
116917
435675
415617
260421
330725
190817
167263
180615
190556
382228
284007
336826
217440
407950
326468
236048
149908
149888
433340
395281
361683
360032
166780
388024
384267
289748
132665
380250
176022
162253
364090
186659
108267
166228
217161
264632
349377
294934
350031
147666
213972
304037
134114
263638
268584
184240
246895
320941
114152
162705
271014
384228
107771
255732
152411
101988
303693
215757
421373
390556
356507
434691
363211
414652
305238
378869
290804
190283
454131
144343
238762
357825
405522
442973
111508
311431
228276
124337
206325
274002
377482
312687
341958
202433
341948
448297
256059
123708
200353
428945
407972
152912
310903
282191
305464
207532
137495
221312
143594
388874
145269
158021
392343
132175
221765
372058
448893
433665
236000
224645
158064
306388
431414
374413
371299
259007
399692
131553
402125
288770
125584
178703
350459
174193
383008
445500
195507
442836
243872
135010
292878
387182
379851
275553
256975
233843
361317
107667
114381
201138
340926
422434
103518
125402
226391
427519
275219
334942
387388
381330
324829
382698
335290
243333
231276
167440
110973
217461
144540
257283
335711
111409
110566
386532
113341
421894
152284
436754
400555
178642
177311
238192
255573
325528
300289
111791
250547
226138
258993
449457
409190
241983
208525
303402
147949
421214
400435
239702
293831
187095
297873
165548
116468
241306
185015
437388
398022
132265
391681
368499
116952
144170
238773
224392
197468
145171
321462
434856
343883
453700
326482
338769
228694
444644
289845
206256
310135
195865
378870
179142
179044
169532
360036
411175
136679
258144
440450
139505
333413
147937
377455
296854
370758
373769
406756
414557
149779
246982
217874
266924
170978
386762
295742
126799
160082
164850
345370
291436
320751
343406
101681
269434
245961
175151
202306
117644
153848
402176
295189
322562
220848
392768
281469
442991
120865
356699
247125
246684
296786
266887
143243
280683
378447
152931
179389
323302
142426
133641
368406
347989
227973
158772
372673
324448
202709
133650
410017
218066
295328
381904
174120
118918
182083
222244
437549
276691
315815
402692
362835
309088
171330
220196
321592
169183
449190
449010
404594
315510
393376
203563
132284
325340
121624
245365
323786
450321
343613
105313
161978
198368
344201
284927
154436
345676
434227
306742
148868
409839
344494
208484
227499
200892
265227
443330
288183
241867
286530
439542
447582
300922
422097
340383
418775
391420
129385
267425
360201
343635
198817
328889
124614
375722
330894
367100
302608
281726
405275
297758
193181
338645
176583
296008
228402
344829
283656
205584
324813
155648
349072
376703
445485
245223
276982
226497
107163
246760
406626
208128
145191
171207
190423
259166
381607
180750
392259
190661
335613
122311
280829
359390
202268
346770
383957
232386
177216
327478
234819
286543
170171
224217
145159
344837
295767
232258
256892
345881
446022
225321
108434
372105
349655
445935
281680
379011
395674
451939
162124
265456
114789
323425
296792
238250
355553
367742
369287
377135
247106
242948
256868
189791
339090
337353
314726
153306
447358
307046
113914
160990
165444
383216
140870
100387
154289
430192
179097
285972
405504
325386
342865
164481
321790
293046
362586
170234
418225
345869
180226
367018
347725
261490
249882
126757
197882
139636
320104
370561
323194
144673
230736
260951
411453
423434
207223
231405
326424
162430
289563
401153
310535
155881
270893
184429
188471
450208
240892
285033
158868
291807
350960
172161
449242
246338
444823
429169
207493
189486
312682
325416
414131
184867
361620
446747
240045
326940
240996
109410
223878
247093
296627
130397
150712
172868
146787
366634
363905
198762
360644
243602
338961
217274
326810
433517
414447
216849
137522
365042
360190
187500
325234
126756
347307
338149
247096
390944
348133
182449
406587
272097
161222
228605
453342
339418
335891
388581
394948
270206
325177
333153
301365
165965
226703
203656
225963
334022
229226
283011
456216
114128
446492
398562
372050
224581
221862
356210
190480
230602
156954
295980
417892
385548
450104
281258
259446
121241
436927
136786
373380
439412
295897
157636
156217
357269
426796
366150
372311
224360
447666
327666
158313
404193
200551
382339
240565
247459
438086
232810
328701
235167
185150
195764
322919
216213
455817
175496
436103
298429
259924
201505
431955
316963
199660
197798
388718
293078
184403
415004
328651
318123
170492
162527
181325
343351
249649
216726
168839
170666
306020
101839
390232
423934
430660
210270
339324
248296
412652
453754
117533
198926
274440
443698
399491
133606
153927
402032
255806
360641
179716
293479
200560
200980
337508
161013
322201
419266
355797
367401
151574
398587
223827
372135
234420
362874
130987
395552
365726
193458
237662
217191
439398
251637
371460
153366
159121
397478
201260
185177
269201
437548
224997
231846
293645
161099
158515
392508
365700
236745
301865
233001
369461
220195
357568
374285
173346
448237
263760
351939
266900
327937
390931
283723
369051
360617
405494
111525
421425
287509
122431
438516
414531
416304
194638
306253
412547
109761
275839
302585
357768
135022
383676
452264
390773
312778
152649
157695
233195
272951
417804
148358
206136
148763
217824
117858
223657
270687
360026
231891
237251
239239
213481
138438
235174
258864
162670
284526
371273
228695
334337
238526
277147
312702
328663
398009
414950
105395
206780
418900
310373
452695
286002
212180
122352
301049
344428
267569
415796
369236
433253
362772
154213
290989
272899
311377
440173
279722
187266
156576
397290
425706
408519
140044
122116
197732
293410
217186
266151
169488
333540
214204
313056
273868
103569
310774
383727
205273
299205
192966
443052
169473
424174
166856
200626
438706
396610
176767
233257
296118
228680
141676
344586
232537
168286
290011
281870
144903
187591
229852
316033
337157
438709
322735
410109
278868
427247
371048
294801
290327
332213
218091
328087
287101
415168
338624
342066
375195
261096
119638
378600
301333
101900
322616
193895
406851
344321
246195
135161
196417
397966
258699
383076
350227
296702
340174
341945
445201
397480
168662
334840
124569
133864
223455
360799
184173
449608
212901
252407
445021
377320
375906
182608
105765
108328
219488
243103
123408
159869
413294
130919
242172
340690
375955
231445
191916
249219
119129
347627
375616
101510
184269
330251
337282
454819
148540
387032
336666
318844
356549
190104
311635
430670
186474
289104
168293
359976
148109
441658
173726
263129
308816
402520
135118
131070
377101
270229
139562
133767
234642
385057
226349
161753
140023
441121
226342
351324
135005
164329
254508
115107
403273
210106
228952
354475
145753
178911
102730
302330
156416
219089
449421
433129
384269
374081
163689
281143
150411
191097
449359
290832
321500
186030
238227
271882
246655
339379
199770
403478
449952
438845
345243
265735
421698
409005
242988
182455
299547
428805
362692
452979
165814
324730
240049
368559
262502
225358
276774
433768
231057
357281
384607
106886
282864
407868
375880
422234
111313
256206
407849
246177
440120
331804
159316
378799
243285
258203
442447
203969
109477
131420
364638
332653
141605
396996
326711
359130
133925
446732
237489
221812
232741
195115
261254
415294
389374
318948
413535
226246
162096
323841
195325
211446
386990
102186
443466
110076
266480
421198
102420
270300
198106
134210
237347
450466
280594
361096
183290
433272
246463
389643
135006
192114
328333
406706
374383
318908
232550
210423
336300
333905
368655
232070
303278
291225
260803
156145
332906
251491
369409
309930
403683
186708
166148
352661
452742
268648
365746
347096
290229
179651
351804
417042
338712
193298
326878
240914
309113
153177
375517
306471
234501
272450
304354
320584
138762
159627
211973
372330
162716
303275
241250
365085
417496
229368
203955
401674
151110
146695
331267
212248
402651
351826
232561
231686
407415
434473
140679
234100
209061
121189
385391
216773
416741
140070
331952
394273
100026
112382
450711
406236
454061
401986
124063
448884
362670
165128
154727
157476
128363
392496
240408
262215
415648
190210
219909
363818
230267
338838
404204
437310
213425
330401
301889
418710
244441
291856
327061
360054
444559
434412
172345
213813
124833
299885
402706
227812
223297
310889
114470
175209
233836
381272
337469
293921
275143
117505
182652
292068
283494
380530
386966
410458
360632
211255
295632
297486
147324
383086
196493
174797
265779
329095
149645
356212
430803
132669
165015
125187
379699
202243
391526
333646
269475
407245
187285
351352
185381
218388
134571
351759
109254
113171
442048
137429
280123
188927
243037
391115
442478
184528
323749
332150
350451
445157
298879
414105
137798
173261
189399
348040
321325
350869
438201
410164
316640
407541
158457
378203
311391
342984
139160
256677
165124
429258
302518
288840
200154
338326
450368
119459
281571
320986
359343
365604
382456
208599
156700
258552
287135
322400
248864
255207
348490
164208
227113
267654
339116
250307
246737
123060
239269
248683
228213
221951
181990
214234
275797
406720
247811
140795
115352
217315
245840
309909
412432
439485
324151
443530
253256
232379
379529
166588
340487
312665
157595
366440
332100
176264
181923
445511
232653
361191
160995
199490
346604
393679
129675
339587
104313
385792
111385
250504
174588
243568
283073
195406
335980
405635
422336
356975
348074
393907
261893
124914
454084
449358
384039
283459
198298
450526
176840
431400
274493
316648
310528
262162
375949
378378
210029
307975
306410
438113
413403
195981
319445
187452
221123
266092
123609
402232
319263
316163
371402
330043
119516
267348
316727
311726
251081
147220
303501
203269
146674
383264
162840
406823
229314
438511
262406
420608
127945
383367
224723
124592
218264
345059
365058
427904
119493
355784
125988
361612
386440
415278
165608
225796
423177
251632
209005
265022
140666
133055
436341
190775
422239
354979
345929
399163
410364
352050
178331
408906
148775
288782
115224
379825
211005
353651
121365
131678
135861
297915
260969
168592
248656
327250
210722
219239
134898
294378
189606
225778
258313
336833
317820
385418
104498
249003
373694
288292
351172
168702
114851
232952
441211
249393
367820
122957
390290
174875
427560
188553
451110
278646
136251
385528
321142
254654
367802
231691
244964
152734
114685
356287
219820
444642
222682
159185
415685
326505
405800
398063
324648
367666
287927
160448
363368
410450
185652
363798
362836
163245
277199
395928
195898
451215
175013
359661
341325
233242
261159
276598
233846
114979
102816
433020
418766
434689
263192
266061
384369
363574
427350
215929
192064
250479
380142
294098
207932
334386
416075
184459
195040
200368
337558
377494
439687
310334
119529
326363
147568
409399
130679
178683
307353
289076
288323
388546
217573
259662
359158
362133
218974
269992
306221
153438
399817
418571
250313
369164
325044
107362
308398
402060
181175
354070
327465
234407
233190
326071
387439
162755
271154
169238
284779
145466
351571
102581
251175
226811
124051
336594
289707
161163
257305
374887
393249
239141
357990
116847
169357
137084
139663
307361
219512
393795
171710
392339
172088
295349
291173
342177
235609
196802
204581
382683
164706
182180
298659
395873
323523
350453
435424
207890
439822
142323
294094
252078
194680
143415
282710
249938
427743
351144
332806
164047
401758
277679
138699
163897
243432
282043
244073
450099
387775
179350
274328
365168
321402
311242
184759
296108
201297
334529
201995
241614
103632
104042
173591
242600
268279
367122
346010
258618
230869
208672
205670
305556
214750
127577
455738
380270
286667
224585
204120
209157
453798
262142
291547
417471
436237
429449
177254
102603
397019
449444
345760
313231
160951
265032
294944
416515
348897
155131
359513
443335
168465
105026
359628
212473
250435
144474
311339
428064
263892
436011
411521
216111
289445
107450
232657
205009
163381
304303
272513
283158
154781
186647
124568
178689
318335
304298
188933
396023
394470
199672
222169
136941
191662
250058
289772
261514
375413
166366
388722
181862
382278
379478
308072
376744
321386
395129
417590
150599
349972
136530
401999
400533
410330
307724
394393
155897
409704
386979
137684
316961
252645
152737
229856
307410
433446
190913
453046
426353
387611
397875
302713
155162
436320
455755
214215
185702
363156
387573
203480
154270
280451
170703
188355
232488
295278
247115
193819
316034
286059
417872
338233
226426
415990
160583
243620
393259
365511
245895
345827
157650
445522
417738
308271
186596
334813
431104
233163
440822
158602
428844
122148
113600
452830
244547
317851
133265
107313
208856
417459
191978
322611
402451
182211
246011
382778
223354
364498
164836
358450
273780
114120
200575
342437
181447
369132
347891
437392
436849
271817
177949
389046
288260
297759
183762
262350
237611
266168
454882
180848
435644
193420
250795
350756
118348
430598
369238
193724
426482
159773
376223
135061
103268
408298
409118
144308
398303
334427
212731
431137
193853
252394
252956
199735
453858
396858
343021
411560
137795
219443
285074
238090
185596
352292
270766
165631
190339
398423
323167
243025
178244
164579
235437
176445
382299
330217
276212
119733
255857
387153
135055
417923
301833
124572
169011
341111
142985
226586
447196
322358
427361
410196
419942
213377
129236
452961
254087
237986
115367
410493
398525
357088
397995
218913
323419
426251
330828
254165
443500
222444
318706
357459
368662
172201
353056
136138
192575
234376
346971
115272
348569
352607
157488
107854
179520
358209
396716
334416
224882
357394
347164
233504
223516
314233
125011
290439
219924
115471
160907
441594
251930
289546
438844
104728
435146
260892
327360
313067
130963
378438
369748
147646
241698
171327
242029
133876
159692
320214
146943
318240
144628
101442
130684
449451
226492
272913
219402
340343
118049
388844
234224
383832
434518
357160
174755
154395
306276
400393
221564
295262
432171
434477
375495
238948
371630
313855
184893
136477
290823
441903
423469
363234
427823
359463
139038
190233
206659
231094
252188
364162
287086
141961
109403
282918
102616
428455
422036
315807
280486
170957
149211
175008
211772
284156
417282
355035
281681
345652
267191
282201
255108
357008
189319
333907
151945
193279
305146
384262
227768
133647
195701
285999
258776
271049
289077
252590
198719
371782
380888
327092
329505
330071
295910
386384
343533
366131
328148
142635
440772
268925
331094
216872
395651
213537
171457
158150
455116
334592
409020
118380
350062
332970
384033
391111
402841
139199
392310
328458
394304
232987
160600
265878
274604
125489
102167
202276
432998
419106
215312
310708
178532
369974
140322
146341
169620
135931
232378
143549
283384
120278
404114
261281
252209
123853
280263
358509
353524
351036
170882
416821
441086
375165
388534
418058
409205
157649
136746
231843
412509
378076
387177
275861
280333
245383
293290
191215
172139
319006
211812
176849
431882
362019
321434
440465
208276
283315
158179
173740
133439
358846
177794
214467
140647
346713
306697
268891
202088
102793
451973
442400
436145
399168
312782
409606
301279
123777
292629
405940
451824
254235
239889
175413
361779
211786
209318
291171
125003
140071
389993
278665
425586
272319
183436
319685
308542
323776
214307
178973
456236
278187
351136
307358
351006
270132
410229
440370
154626
118366
231461
243101
240357
101444
152592
150520
246617
145929
385415
361754
365691
206200
378825
112187
148755
300502
347559
370320
449748
201810
122400
177341
197170
126264
218638
456220
370975
314516
311311
151378
423190
115554
318953
286260
404318
309184
184010
339554
351767
207848
281302
360363
106171
178361
274526
102538
191014
261567
161396
380854
310809
347576
261841
325672
366325
162110
183066
229914
349342
443496
168945
437103
291078
396149
403791
408374
352851
235892
156480
178191
398328
141951
409185
206962
304642
284018
269297
452269
338007
378180
346758
391985
200848
229640
228358
152493
353805
261056
264430
115225
315324
132972
112066
240858
409728
455690
181304
370113
143084
449003
179361
448358
316974
100008
266966
351296
225451
182252
158520
321264
402555
425504
306215
448659
157785
254784
229822
365670
180504
127925
103763
313919
426926
442867
241557
237367
102493
414092
124340
348877
327541
321349
375755
118054
201760
424461
133899
260743
186969
267997
181446
317444
202641
190391
400789
245847
226867
353850
236738
215924
103642
200300
181997
155488
180780
264348
158299
123293
416964
314381
452238
121992
390878
159589
371252
229161
123071
356259
286675
247084
374741
176796
125176
158433
249980
139889
337041
263784
437240
259935
352781
455877
226083
163444
153008
197334
264981
229295
427190
192853
269606
430813
268129
163462
290992
274706
287830
135726
172216
285438
235702
151154
227121
122996
335049
441126
356634
154339
164607
205854
191357
316820
137263
251270
285724
150732
282753
308690
401675
208700
181877
274411
252904
114910
191595
272810
216910
189338
359114
302095
401236
272402
395471
372947
207902
191343
427332
342371
242853
173159
327470
173660
228002
103032
323267
267730
260747
224977
208413
218050
404020
332991
104459
246553
301712
293798
103330
230429
240216
119098
237432
173411
146354
402582
201787
429431
204030
108221
222056
361852
154079
154129
333782
212430
166801
309875
447162
393423
226525
410318
397113
213487
382713
191331
311924
230066
445988
121634
317724
311528
405638
271111
406018
314587
209349
252263
130955
428716
262494
316202
276294
106235
173525
300387
340300
346259
184213
319648
385934
272373
383529
144505
172320
233018
297763
181495
434290
202320
436818
274239
176144
321525
162549
245254
320452
125636
261153
125278
277031
212081
387872
177114
316007
329473
243546
370131
316283
210905
248761
266164
194918
184677
146008
344492
352187
284213
137208
362370
254702
440402
442017
354509
172126
197810
280920
287932
198836
406245
224115
213736
357470
175153
315814
380275
403013
125416
446829
106021
395376
200108
125069
304690
137148
426692
120576
116989
248592
177401
309034
252794
133613
360129
440149
196609
325415
297015
249752
307357
386851
434397
158406
145217
232501
359996
171177
434194
161987
187742
237796
368849
307364
310829
256401
315353
218653
294099
360937
271816
207893
161688
121477
400293
425227
336257
276638
329644
323244
404958
225157
414355
297356
243324
305900
267185
305111
174791
308555
136988
264850
393449
115779
226305
292163
350848
368738
142277
139740
449226
386692
122397
427209
266285
215251
140708
182611
135608
326046
192111
147860
370947
127282
408872
276107
232730
184172
342512
241611
214745
164141
369899
269363
399806
384455
215245
448811
167702
239734
189164
445886
263196
229335
409454
321383
417549
453189
233788
382276
128975
400036
442783
202596
294819
282042
257886
178742
268893
259021
158669
275391
308513
451750
197298
272812
284111
184216
449500
189276
273048
138834
306938
282941
425172
231390
158896
203163
152678
455300
418971
307546
253300
217742
402801
335939
355903
153991
236342
289867
257936
382070
389742
161137
320186
398105
234172
277373
198203
171236
442043
106768
455900
302627
384498
137264
170466
364320
266976
219872
364490
432598
352616
358057
253476
238590
183844
301307
362430
170252
419086
147299
374483
249866
217613
113139
127946
316573
138348
355003
206843
131187
321293
309368
109226
161902
143612
397250
269441
150697
149894
444955
293677
203485
163871
438567
109603
422881
306375
168037
448474
165134
155822
265405
124933
135538
273550
365310
152796
369163
435457
346210
324165
172930
254616
456088
376005
231886
262504
280080
187793
428328
193013
222118
265055
364204
357385
264808
284777
138036
258908
237975
163779
105787
120207
117873
239986
156796
319342
180580
176434
175558
243478
139090
254214
362577
338425
309808
146892
384391
283425
426860
275301
430109
103502
434710
147243
370017
124690
158300
358357
217000
215781
290241
261223
116067
190435
303052
198234
383596
279662
189972
342068
221251
248141
363826
355768
214107
113196
374193
169221
198654
280001
374352
295170
343357
444489
383767
413798
255809
162302
231336
348673
198207
219863
221175
224287
132607
140409
141462
381967
453498
411655
341610
287005
345040
314274
345185
420184
366984
226003
148304
165964
246381
113954
419554
270083
213479
136469
425646
180461
224354
436967
241294
211192
395606
195965
317645
287770
217170
455019
328096
342931
161731
232499
111998
418049
428559
363965
226927
299556
103140
374960
431306
229727
317688
451681
378268
335114
442268
298336
226040
308775
154494
207039
452804
249312
368600
174907
141942
231574
280018
372852
133455
140093
338046
108422
134730
164289
201416
354066
243693
403172
253106
173384
359316
330471
257925
104187
243523
114742
229150
312587
129691
370279
365228
326625
445399
400193
333992
322318
212391
224634
379651
133102
244433
439381
208883
418150
265824
152771
373274
199570
385420
147441
368259
446260
321763
133572
367474
306890
163941
118695
150264
297442
285591
319962
262334
281626
177040
296924
433286
113693
378560
218199
420584
365876
219596
247229
248514
367576
427238
266213
145777
124373
281828
100668
195593
172538
321681
105100
323044
413914
293998
401327
407711
251458
172303
324237
344628
353540
223292
173727
126418
399219
229835
236136
231776
394412
410894
350201
397545
127679
360963
450378
170127
139824
103456
246238
182254
305114
202935
137561
125307
247591
313824
445444
120305
163997
319830
372987
394677
261949
259608
368427
166029
183158
167307
353592
376358
169083
121820
191164
394561
140765
296096
192004
375557
421639
160473
320458
297505
260290
196771
143330
340026
162277
396563
288103
148656
135187
347514
130683
108749
303183
160444
268395
421943
285350
282062
109924
110185
388365
114386
198100
287633
335678
214420
212122
287673
391759
343023
264308
104284
435059
380968
350138
128153
265830
227300
394864
213958
409452
413437
433423
243524
176681
211752
254661
385206
294176
283851
399337
443517
193854
103604
350885
440155
224417
287522
131920
404755
376016
444451
205925
218533
136531
289721
139906
129053
417350
434016
395863
162577
419786
358393
221511
200965
445176
225317
107299
171741
232846
295725
208978
235129
311454
292228
184135
264376
247206
319673
131185
144029
284921
201950
107806
410743
117279
454240
253454
311545
424468
236724
429335
450084
124413
281658
243202
142438
143289
152581
323814
170557
356105
215285
437331
317452
397751
254455
192099
169439
414289
232399
221720
315881
320108
371999
339283
235749
223591
321397
356984
256545
426067
453905
376905
134205
175692
276507
152172
139526
228548
129574
226988
395245
360763
174364
234319
429276
303918
183367
391244
261014
369837
306132
218396
396129
225536
257943
441984
414780
215511
337660
245656
151919
258374
195405
366997
234684
306957
191146
172026
233023
450639
223840
386453
346131
455999
443723
446878
365959
305601
305709
119910
151047
195062
376378
375726
302948
407394
134457
273953
364247
312636
359790
110251
133897
342507
174883
222097
276369
181927
105257
183634
125569
110248
246661
226723
207209
131541
236800
240356
264943
107309
147084
292872
356743
111302
280672
399508
157381
378933
243824
147500
185211
278067
338419
332046
326413
312652
443002
309886
408186
362477
383813
406651
382283
259200
221918
260711
334760
430283
131949
277302
126720
360453
348123
362662
149132
249954
326651
152863
287108
290939
311558
297770
136233
441481
234855
130196
409855
410381
186874
184376
349325
200227
360396
361057
350945
134752
195636
155230
426865
107681
187261
394876
280184
453482
108969
142552
409410
357367
343884
313092
435406
298104
413095
257822
159163
426954
154106
412085
269010
290307
385881
444088
249696
370890
160568
361056
361491
299731
140052
324776
373870
418176
106951
171985
308686
324856
391009
332421
416598
102696
399666
331140
296126
233559
183979
317664
346523
339923
411421
132165
209144
161115
423861
393648
156112
221613
225232
136529
176677
352547
133753
384850
231724
370818
266700
283082
234650
149381
159998
297135
297118
176159
153763
254477
150693
301956
278727
430935
179847
379043
413624
248870
382579
117588
414435
255908
365385
201991
326587
256828
208065
433952
334875
172453
217364
175161
329854
122749
132312
253897
362683
301878
233546
455588
307601
300369
385812
323778
159006
294323
144518
239035
399801
431571
171694
329058
424512
254891
104053
271129
169489
252703
328088
226436
234736
358672
223697
138751
397855
273901
156122
232865
310623
357586
106034
340397
280863
333760
247478
321444
152444
360485
369196
264099
443630
266784
199493
141704
395121
125570
270100
437054
208586
384462
142385
122101
369539
154564
196132
183843
440589
244787
376914
350691
348086
370454
267721
184205
372807
136873
355712
372613
263553
256452
408869
260244
312659
373124
322924
182805
107169
185294
194715
301057
377235
291938
351847
255949
324525
424659
156354
318636
174336
345076
451444
223003
393436
288199
325818
159180
174779
245730
417682
137260
391121
230167
365682
255893
110435
275570
404434
347720
172822
131539
238110
417635
148821
170835
453190
212807
321516
105637
169563
308939
406094
200455
371938
125749
171404
146107
327069
318186
277912
288880
424101
255997
359287
337764
367950
267370
176170
379588
178701
112618
353638
405140
403432
181898
286901
150920
262985
386024
431624
300415
449388
130723
176818
226215
168423
380946
445967
180820
287222
246411
343734
339904
237110
192387
430004
392467
219724
166779
344856
306545
383104
253910
262975
431267
424763
380634
176722
228490
150832
403334
246921
428083
327235
243464
363908
160235
258437
216644
257236
171029
129688
216134
260260
134860
298653
262465
198079
368195
351852
338643
360219
411764
206749
273250
116072
420938
326974
382435
109357
373531
309824
142462
232588
432437
275073
104590
281154
144688
445231
368355
236111
353292
314887
266655
373494
276372
447520
191615
264985
285274
312615
146609
254446
419200
334379
411792
126931
444494
384445
281318
343090
375638
244701
376362
107686
374171
369104
253907
377265
114367
326640
165921
270765
295177
392268
256668
243049
173164
215148
391829
384783
220545
221067
220437
225083
334540
174941
437529
410754
108995
262532
343919
380463
262652
163606
104204
165662
147769
193041
137537
380658
174310
148686
160587
381295
394616
139474
330911
380135
314532
129210
268181
450404
262249
310308
264920
152589
428572
408295
167298
200127
303104
397030
118761
387011
280014
331858
137902
239009
264377
263252
449382
411230
430279
226841
430581
377131
118742
411458
318594
229022
161356
208280
359589
150823
451975
125796
324617
151229
162769
105128
110067
126474
341697
340369
187121
332780
218338
277046
233160
255972
123704
358336
395664
398905
173990
285255
193505
205149
319111
366930
452299
267683
434331
364631
328109
432174
352583
259530
394407
152746
420248
282703
412904
411078
422252
133485
158857
455509
427916
166544
158678
139611
229310
175807
350842
401550
127518
297355
208423
132229
289138
126661
416778
371422
315564
308573
337617
127846
438765
104697
189792
150197
130251
391946
265393
415017
371854
362218
268364
287316
191450
144012
176224
119036
145432
383193
398079
251199
404481
273992
118482
123411
216667
342286
226944
107015
388723
252639
327402
263225
289414
195191
442646
277712
449185
131569
370689
157956
251850
169604
298042
227706
302899
147647
167691
163111
324962
304820
339577
388641
280119
243660
409724
431097
308371
217382
226024
455923
429293
417205
180343
125121
300224
301568
106633
413422
302497
138667
389056
166943
159020
358429
391579
423301
150199
214671
221934
360023
278217
219020
299304
117844
193202
301632
244975
397078
287537
225268
434819
226676
438406
182546
109494
156975
197182
336222
234978
229622
419493
308070
187679
174672
316671
155997
148105
413281
321155
191523
187142
339829
321412
296077
201834
415816
104798
408883
410026
419929
423956
378659
135238
141471
435410
391889
261018
372640
296379
246460
155021
428946
223093
102207
453386
117205
114404
439723
300029
271591
113874
130299
292206
373148
125348
107834
165732
372229
422604
206849
322425
284974
450017
161305
252546
259004
173668
392778
399548
360605
349779
281527
198153
162017
330651
185252
352914
333232
123266
101632
301505
196243
364422
220559
363101
329730
203384
153174
192380
264650
414906
190228
221394
342104
291208
324487
185482
290671
369886
145692
235922
244838
417508
144366
335976
318461
266226
145550
384691
414421
365902
264382
360620
291098
311328
199642
386596
136380
339828
346136
267795
133169
180657
438041
202068
434004
157637
172550
134092
442115
168590
318054
202989
233213
394047
263878
225228
430372
319128
100378
248742
275375
363137
248515
415815
397457
407272
367788
265880
377145
130866
440445
349213
336001
276604
293236
248939
114409
436292
350467
350648
180475
321111
322502
122025
190950
149702
369729
409357
178702
294693
215411
398463
140543
309771
253384
354304
211089
213256
260827
314600
334257
280428
338308
172278
254096
317900
106992
248084
138912
216960
246072
147453
151823
234446
316296
347402
419780
251415
391264
451363
132653
108458
367164
130978
264250
176207
242849
373843
121178
161917
216690
213432
254894
235534
350045
326688
132529
327356
291936
145877
293989
407426
347445
137369
406415
231710
106764
354672
202081
451546
132755
123823
273532
283864
250626
239500
383552
130898
185792
199330
453710
287063
376939
319536
252333
328112
343592
125856
320963
285076
150049
179812
135442
126566
286749
217618
378253
274059
207780
129800
452232
275722
348685
153045
311418
371305
177272
188298
378015
173495
293530
157885
278243
170935
408296
223301
449920
325831
121449
264596
316200
423697
352787
302407
440419
161153
148159
140900
399544
322805
270242
234465
384833
264478
163374
325061
126391
357641
390677
165059
386846
413247
267286
445646
270615
333408
123185
229895
375091
438298
257949
208967
377294
388765
194360
356617
139240
294573
168095
120262
100448
296920
390040
424907
418354
202317
268029
118952
265296
327156
108507
261622
196529
370516
186214
286828
124323
415599
351844
130139
385775
210118
405570
109917
162171
423015
450765
171911
187764
185707
255362
293111
276178
290022
201494
397705
445049
405434
415580
384472
292265
262247
268160
333298
447264
147164
356466
101253
280039
113615
390019
323057
254374
404284
135303
168675
434090
113595
334202
365015
250140
243422
439556
420912
250864
345295
296771
279274
190448
443728
110422
405614
220941
179222
116567
160751
227442
110612
287121
327170
385478
142262
365869
245149
342965
357973
394286
310737
343337
107127
221217
366751
329392
132778
304799
192465
336632
280062
325546
184252
126877
242954
379774
322299
329218
449300
181525
174343
217558
342130
181130
449672
203225
330266
262796
154603
212678
296773
422480
277604
167038
283254
137971
165989
222652
407580
413012
197521
248747
344179
251796
440399
237855
161652
135280
224058
284058
450034
369146
346496
333389
415471
378360
442920
300940
195173
210037
456191
426862
159880
308400
315375
203345
430038
395798
217994
192874
295395
206990
371037
331807
275394
125472
399193
286972
226810
246860
228033
270315
439358
239403
410715
195565
353502
284203
393942
412054
324452
162962
133362
259789
295287
181357
344133
303613
444514
438878
290692
203207
417104
162593
322747
366551
434718
425863
129997
420757
347506
338338
375357
246911
237436
417016
119750
265278
272945
215495
256435
241317
118612
209322
172814
313261
338064
263268
229880
399780
446674
281934
258247
394298
398158
373278
288889
449378
256851
113262
248929
306964
382937
272098
327324
331723
285220
109757
283979
120733
166825
211862
272556
262259
199868
281206
188637
401650
422948
178220
161561
366555
105955
264168
121563
174194
375669
283866
452889
437179
435636
178522
435727
278591
361381
125954
145359
201918
296749
326223
432674
340021
108103
155016
125462
188393
290136
245174
271509
194759
122476
139701
170463
261353
453033
162641
342813
368435
350786
340295
279062
412661
214815
150995
388846
344743
147537
413815
184190
231594
415151
289410
395608
194332
256862
368850
209036
421833
136472
367289
218531
426315
148144
280129
402596
222764
295266
101891
336825
121015
204743
271372
330072
118083
322268
325655
108056
161289
119903
158945
415762
112252
174467
113868
157945
221018
315658
251790
189687
426914
288044
442793
229844
445158
190550
418257
404399
421035
333889
193026
218620
161940
419360
216276
326063
370877
414856
153623
268257
360117
215434
117146
343410
274764
156798
253618
232375
407055
309719
382550
439668
220508
168965
447884
286187
323961
310533
280318
297589
422454
351613
211683
161818
159170
257868
422670
385088
306919
406532
397387
218363
128227
429357
326127
227265
228406
378153
201182
159296
153256
411061
444435
435654
142071
431570
369316
242309
324516
322319
413952
154186
332914
152367
131417
187181
329039
437367
205639
123268
200347
350066
433456
451581
311914
124421
303076
119970
176230
112454
414258
227976
128141
455081
211649
336105
322571
444723
304005
377257
231242
159276
354271
375842
145131
177826
172935
406810
427530
450171
174542
301070
115282
295125
279740
373151
406591
199730
226282
356896
405737
149070
101866
417374
191268
238108
116922
399602
439128
214302
248437
115716
135073
203051
142301
346190
437216
443510
444594
241818
385543
239542
152842
124120
259497
134313
412485
419075
291929
209905
214781
128933
299278
257075
284711
233235
280393
343428
191365
248454
306013
163448
246216
423310
209731
198434
209995
355696
140094
257212
152999
294772
278006
124428
112980
192237
281761
212653
428355
139487
137107
190693
349353
277546
420506
424989
129548
194309
405127
412962
225548
244279
274094
279826
278110
330225
402088
217598
152496
278915
130784
388927
434737
422247
392507
215955
451077
382484
446168
393613
239247
435365
444441
416661
147292
166221
280087
422493
171361
196365
132197
260674
300513
172258
399126
276252
432032
193961
241215
304967
281741
306418
177893
209928
240096
189312
395963
343746
168094
349901
243141
290722
406185
400413
226749
215762
270344
426027
163335
420845
406947
144172
239250
127588
261145
267500
286191
183053
417551
440993
169857
448110
418924
207329
223025
141527
227153
414145
442352
249751
286740
334564
304119
428371
230626
237370
421203
188247
384246
318752
439869
287302
295721
418451
289431
341265
318052
336911
270194
154421
359461
187413
337906
164505
362819
429020
392159
131953
329943
412285
383510
227932
383811
407009
260793
198818
411987
192974
118421
407524
287043
400325
306125
198563
364923
216404
349950
328046
413642
150495
140598
336170
191633
185800
122379
236678
149486
353603
357974
318336
208777
148709
185026
311564
437623
187213
394524
146726
250120
383653
234977
320187
440512
264898
453204
315404
101771
377957
321016
165531
389660
207554
251772
208447
363215
437518
405745
447216
314471
264884
150285
317670
105521
283868
212471
288600
304808
129598
346652
126384
324613
336473
230106
323168
155287
288568
275556
109524
328241
453769
145831
232171
147708
162959
154697
322220
374151
190967
349347
330448
297689
354812
188083
431020
301439
125820
434650
145425
204024
285894
247770
281724
361485
447289
388629
420039
164854
221470
140529
318167
366054
384059
274588
304019
190144
320460
431415
397069
192960
410352
314900
113592
132750
335300
171494
112461
379058
227526
396639
242958
325837
158506
144128
393554
124662
345420
425750
155350
395855
332459
308355
149977
162751
443579
261311
121463
316345
334289
250948
233000
338925
138329
330174
428266
369632
405408
188497
388337
131449
452543
239288
434206
351659
242065
276984
431843
111524
138705
236297
404907
236338
384301
382201
223613
191622
416453
431535
310671
356226
217093
251774
301399
279586
175711
192754
133460
173748
441786
189667
410801
398887
315416
102516
258805
314385
205202
296568
152165
116385
376364
149963
336585
240405
337782
304055
178686
447189
241980
288274
191197
345186
131708
139396
145497
159918
108911
322791
402050
234919
376795
231787
227275
290064
258201
207136
416223
118284
396885
238407
380864
225925
258761
325559
297085
454598
353433
153941
335702
137103
318646
259812
403474
295660
379332
306745
186337
419227
109488
244606
179702
366170
181074
112374
168560
121548
240841
412873
421805
180998
109401
185300
102384
383146
123592
273127
160315
381860
451967
409540
170773
233199
363065
232224
247625
433257
358171
217082
440859
243964
220391
397531
357325
149371
213759
355215
354620
215066
346493
373104
236903
294936
152343
212096
363757
417821
234360
232813
334558
336472
316605
252252
422401
407722
395468
323133
191769
126350
116899
422975
183886
241700
121095
259926
210980
264091
354943
160512
265485
104468
177976
181719
206108
289304
130815
215975
455476
345191
256734
304230
195676
312484
109601
340521
421112
449846
425193
128607
390712
168154
212514
207197
205921
233389
262016
283849
397564
272463
397546
259872
400465
175044
337844
430044
376187
182423
404902
244938
174394
353865
338452
151124
311009
421249
203909
176000
382514
380558
123878
161806
357351
301560
114141
168513
292520
406338
324028
291143
433693
193930
182697
202126
199239
105743
395293
295161
352677
214776
109879
447421
421820
442530
158164
140319
278769
435789
328971
158916
278808
312857
444256
325105
389038
273519
150636
136769
452270
433306
353235
414101
431550
300414
166142
412099
405722
125363
156133
343252
251984
445920
361549
179291
226477
217016
210851
110543
320243
398235
338687
323666
295633
173470
101820
446242
187410
249060
139124
162132
123302
315854
292963
333512
405594
259887
363257
124083
266990
223286
396037
332489
274217
223451
182547
326703
315099
351477
268804
289765
175376
124886
294122
101765
296990
420927
155874
192347
410279
387014
325304
401522
232292
148409
244490
282515
205481
282378
340003
373411
264745
290679
214958
385610
372429
254431
247528
100372
407791
163138
359774
229063
416185
169630
277306
364488
393427
228658
140966
273249
288705
448291
202016
198167
340044
286065
307478
398641
236591
184923
153030
395025
161095
314899
323423
308546
275010
285320
301053
109805
182764
245777
157320
114176
328940
444631
348118
455329
353548
428817
380276
240275
318372
245507
170573
384243
329242
250223
175923
448723
255697
427018
369064
364548
372663
423770
342038
231034
107853
153741
283060
366670
308604
183391
264820
150804
365162
110444
232434
238518
432647
186546
135021
264332
423565
365995
319259
353343
230643
188666
230293
370129
364000
380160
204671
224526
263619
272430
175105
103222
269081
420450
321161
448656
446105
184693
338916
103726
199887
316322
115461
218045
110057
396440
183048
264081
259614
172282
276929
144602
286359
315371
260683
446045
337938
322222
147852
287053
430873
376694
118908
139950
281199
414476
362858
333893
411111
146417
364192
408852
427194
249991
173742
123010
257890
446470
118607
234217
307713
249476
184496
267915
217073
278124
362442
196968
348092
360747
357879
180254
360045
284248
188525
341808
137993
379701
326788
211837
176589
147076
117861
157744
387690
135926
206190
238863
218715
257065
208444
367428
363654
202260
285339
129226
144146
208060
146874
252459
298299
331812
226947
326522
234625
134345
235584
232800
178845
214029
376014
366878
177925
128196
246513
331481
122854
174095
251087
364689
288390
186864
168433
387339
308882
215529
299701
126959
105265
392082
375932
447675
215175
452675
339167
349823
304731
224557
371283
324501
233123
404034
335793
382293
290636
377951
174237
312392
136500
167348
102326
392055
188061
236347
327132
352750
186152
298180
184744
446533
327277
293814
124109
372014
320512
153170
259745
270464
345986
408341
150425
449738
217114
120889
193903
427469
438776
119816
339534
175421
387601
210550
152630
361772
244408
426206
102552
127700
355691
186908
450629
343052
266772
315001
270032
361726
242657
290917
294855
350516
181835
342197
140718
146490
453351
206268
150094
388702
383694
369084
339174
422114
398287
182110
251836
107856
175410
311619
352373
177984
342413
130126
200197
191135
153232
399312
387529
246179
230412
225751
288091
261387
208548
191688
222533
422713
392697
344545
430514
345378
125567
294481
357829
443506
170504
220264
367622
103850
136403
162318
211715
375465
390918
356941
292772
131984
230364
309388
170313
169759
197492
337780
179123
337837
411576
108633
349835
337733
136812
262485
345245
188216
148378
234682
114652
105381
258421
342579
294418
338538
133215
245359
104138
389111
310770
231797
139918
143443
445233
151114
213180
300020
334364
414274
441505
202213
225600
179387
116178
225338
163167
109574
225761
353130
245629
279416
155300
366364
450559
212431
177145
168196
256622
263713
116873
139600
311997
270822
125797
329408
232483
193984
254725
421455
207498
384012
159210
444092
256664
226751
322241
160428
331751
187402
103331
245261
295275
451477
204731
199530
306968
210921
331002
232058
303008
125824
324935
392194
118079
355794
365961
111636
128155
101388
418800
338112
238035
278642
378815
118462
442427
207114
274336
360223
202870
232765
259288
454523
150797
443143
358272
262254
334443
149044
265827
327205
392728
350524
168943
295710
341234
456068
125564
433571
174242
259869
169316
354711
128765
104377
290244
331974
227871
357619
395094
267667
253121
374723
240580
303585
185151
301495
318233
192326
420257
455225
391225
377295
230898
167292
437587
166675
124543
291270
296958
135201
105267
455743
359277
453941
191109
288577
440730
359712
373699
156073
219470
253031
191029
118511
412923
384194
171052
394449
133922
322492
165396
281706
360067
330407
292403
113684
450549
229060
290497
152207
156609
113663
447314
103152
319463
269805
264135
314820
312555
266640
115559
351961
351704
205283
155827
107823
198120
329944
262871
372127
133419
172462
407207
250843
241092
416703
320637
371427
319015
401955
381679
119998
383901
254895
212043
185709
230652
339194
335928
416333
290362
105746
191396
139579
419897
353706
299923
119241
215675
374828
225394
260598
297638
199237
257835
127405
178138
282461
237664
360972
109521
438965
391667
427470
220694
304465
327960
387316
237249
234877
123928
224050
367752
265641
189116
281356
365998
168781
362904
274272
229870
365185
296694
101095
252104
311971
298017
334466
313576
113216
432029
427680
263238
378829
233089
439926
385001
133198
324951
103409
454128
223786
232330
401209
240604
358565
292903
174169
122219
417049
234610
190469
207836
306747
378932
266300
394922
279811
449609
295166
209342
246403
345316
390425
429535
296198
330768
249663
278785
404580
364627
110551
337472
304839
254627
130233
161272
308288
183488
244085
357294
453703
374833
298935
442591
287898
358791
129224
128936
342826
183241
157283
101586
431673
124461
104396
329997
371440
403953
454444
356926
254645
449916
233420
301340
323456
230045
437204
250523
103774
361617
329426
360777
273969
216145
373877
311065
256288
388613
142961
164013
171795
105264
349681
345333
306103
426464
191277
237317
416616
135049
423654
248336
110108
207124
432213
173251
274395
103913
219495
102527
297629
129334
109810
275620
179811
442086
171484
226220
450089
335822
189141
125716
136604
208862
286130
268908
356370
139061
159689
254768
400753
437110
271245
280088
154870
443139
111410
148988
355166
123214
286588
101316
101358
124687
365649
341644
264021
289185
290947
263456
401624
254932
145349
116533
100831
119879
353020
415943
369415
447909
293370
426850
356323
397398
242869
133266
361770
312250
112765
113523
414516
347337
190569
252553
421385
195527
113825
280969
372628
368668
245373
395501
155220
278433
222767
441948
451524
444173
122132
157697
288162
394748
449275
121223
294882
224793
151460
221408
284486
206045
360635
305598
200094
136975
435412
131018
387175
175078
135961
378634
198478
390199
397534
238931
437129
100603
292961
297284
333449
376100
340695
101583
322813
136795
271365
241441
454521
134066
367460
340206
103723
277630
170525
201173
142823
212126
155090
400111
239725
107164
145890
354238
236723
314936
206952
379900
300399
174638
331057
274701
326846
206486
399018
199257
381526
177119
405686
282940
144689
121708
372273
120522
170614
187525
363776
254786
324645
265416
392406
392670
340013
228718
438172
390714
115106
328828
331290
424611
145313
379451
102836
415057
330691
343248
299503
116486
332492
208096
387007
120552
220212
249457
111774
309170
333010
305657
362929
168062
160590
287829
455106
107524
364287
286982
266337
188131
124002
231167
144319
297569
259263
451881
236772
384137
106655
296622
371608
241842
159615
135606
320351
270603
297891
357485
312604
202340
238970
328573
102999
193815
298150
363861
358443
369842
257971
313966
445172
299873
101409
348843
410730
382730
409539
268531
285434
200213
159007
446128
420737
200627
176431
212656
231766
217023
291660
417727
223053
219459
451870
347660
377026
347837
302362
164138
281760
105942
251539
209487
378488
417119
337385
427912
422698
235818
408827
197520
115893
328902
249536
146342
433691
127009
216107
392471
237138
424518
158358
153419
145376
100814
240656
241832
306434
128809
251704
396243
127690
441943
196548
408271
110250
251316
248654
149303
330675
395845
226456
225055
377556
435881
123913
353582
112109
215197
219105
366069
280099
408396
303792
324089
158434
217353
418656
219338
286786
130144
188018
403479
330168
220117
366073
340249
313614
168771
106792
398505
314578
207056
236262
392017
454634
127141
123926
206529
420528
427104
204859
448205
330516
270793
414827
127183
115516
417928
416774
145275
311653
189749
210238
106093
303423
350497
160254
349280
427466
448047
374255
401164
104659
453267
135921
123462
157201
276447
123735
100805
260063
256583
105566
342261
299549
281842
298805
318471
366941
416415
381853
378597
372589
138548
369520
310892
186354
238885
400888
218705
399226
122407
190977
281223
451645
400414
113436
120350
366497
413406
376254
132226
253539
417586
248552
261326
419207
141395
155916
427407
299392
345344
431873
349261
197330
190242
209276
146453
363348
311633
208682
330801
338890
432531
283944
186062
395742
244737
270187
385921
200396
436808
377715
132069
419367
432285
186016
425809
140875
316421
231264
219738
453993
341109
397725
322302
222220
400752
135990
407275
313450
348767
226699
225768
309338
124629
167029
294065
307815
257291
447506
450037
455109
145002
201383
378813
291650
128065
177340
181565
325310
156940
350886
429969
239308
189763
367336
225253
160358
372687
256570
429277
340328
254373
256140
239863
433299
300635
330292
356046
195741
157290
363712
142090
304170
133425
227614
426851
372010
409461
454940
449265
377103
157267
163967
438606
308751
382311
185079
227838
410794
244488
414043
371739
119312
335875
387049
198085
265302
418667
263745
176657
202643
438035
265221
201784
301631
347945
120800
388310
112965
190338
150681
385559
296365
152558
255384
139250
282908
366200
196245
390667
374213
276585
146308
356464
126686
445727
289404
241989
374597
141940
337510
445515
133174
269703
446336
141525
430523
373525
284660
310246
395861
393817
448994
301263
288398
263767
196973
317681
297865
145492
199430
355607
157934
269613
123403
286144
211677
321864
176392
200069
193182
418767
177903
207048
275365
435689
238081
130610
217693
448172
224739
127617
372716
317201
145922
390393
358972
150689
426857
424141
228864
189662
335823
431269
403879
420237
382060
302833
210828
214243
224736
339251
175491
207433
153225
158467
141522
259569
139026
422595
222137
177002
451567
443329
271013
374673
245416
395008
282316
145422
455015
330350
246821
185315
125935
211840
354195
172563
337357
298250
256191
346533
198014
122606
245653
195569
304658
263628
393228
405548
357438
189950
356023
294261
406381
281160
390775
170029
354463
291413
227627
424181
424304
275081
118159
211797
430892
120446
362140
443341
382003
403758
125161
209760
394736
126998
295994
161264
347248
324408
254419
210199
147089
402056
270763
421140
117269
428025
390039
433702
312865
368194
156238
323251
312310
342245
148869
261109
257831
268529
357733
450550
407617
352177
154746
128017
415920
220978
227180
211934
352794
154383
147579
347608
412429
297488
171870
161217
345584
169222
450940
355614
431597
104467
328644
436732
155806
185558
424179
321642
343880
314581
315086
141878
277739
267306
272408
287330
120024
128168
167324
290619
429476
162356
244315
222009
350846
122433
194347
398188
347435
402800
295103
423034
234796
447747
155843
335724
107496
218725
221099
141783
141877
227809
448144
379399
179852
378802
122216
382605
133904
329483
392581
129150
160758
278001
352023
412853
257939
198625
266582
427231
196387
407759
272925
415391
223059
261540
382677
430810
230315
215515
312445
439478
370387
354086
195502
101775
305561
326596
104726
224046
432420
312372
336211
436479
339435
368821
215371
166748
189133
383381
181748
123639
397976
219498
242008
120038
376104
205246
115654
154459
350940
305429
365073
189895
283554
425940
176436
444286
433240
399076
246693
316716
220145
212867
126156
332768
246379
445363
344611
267140
112400
430235
440284
309554
429380
448183
389989
228316
298097
252359
296592
182744
179158
224210
238735
416141
271079
151360
204422
390644
359981
433101
386343
392461
144969
116845
164016
141738
448401
395461
182115
308895
192627
330267
146742
114764
320122
414885
422815
455376
437101
364158
199429
338664
396422
276323
431516
348347
142450
363522
111964
263025
147188
276219
350483
174307
261392
386901
280609
334102
220876
322371
249296
385722
303382
192569
361998
239099
371648
147814
445814
169633
366383
314867
278042
251643
289947
386367
135913
211989
251876
375941
194978
296106
309512
391556
127022
436334
451963
409000
453178
329632
258601
132075
116695
153926
226063
130517
397798
362794
343701
227827
253424
192653
145340
117608
168066
239408
223464
160638
344547
421825
126780
191600
175652
429609
119525
284708
208781
237536
129045
250543
105800
226180
344675
350325
304374
361407
260899
218910
449787
124286
153640
282490
271852
215311
346215
336939
436776
142123
381053
369023
387863
242316
304133
180725
398225
300847
355477
453286
397669
368576
296878
170949
101852
262789
107583
315395
327617
318011
100192
372241
362265
331106
267961
328495
157287
326597
124622
236224
400586
130803
376672
141269
314642
239964
452276
393448
228842
239547
228421
345988
136803
328173
299126
121003
224496
450262
120282
175476
179083
232723
225822
300251
402764
336502
191689
175323
148943
416803
262100
237222
373810
316698
381077
121155
324826
113127
346375
205680
382827
173082
373832
387886
431708
164127
356620
101803
188503
390055
281006
276302
423555
389510
334044
256914
369460
316541
267186
170884
117220
254938
136744
381404
275701
443643
260514
275124
173125
119103
244281
234083
273850
445238
307268
312803
166690
421413
336420
203993
191840
329220
139018
203661
130173
131370
168875
183239
395663
155887
168935
315686
316396
176148
344423
178279
421856
291031
128324
178596
270635
119958
431169
373868
439636
367702
185208
327530
402892
148942
117561
397834
361108
272644
402684
123549
209270
383229
271066
155258
386402
427816
307269
291193
390901
143884
294570
347176
324931
267473
354591
142568
393157
261856
179084
148286
317076
356827
339397
382888
264008
260151
343693
394900
268798
191980
130202
253530
347408
324989
129137
113548
315811
246643
248248
218899
348682
214981
182017
248658
226371
112450
347685
404891
402597
379861
181448
449810
239096
240539
168018
124358
362460
247244
180716
394916
349498
387574
445125
283728
298527
118632
169182
192360
285964
354646
156446
135306
308768
149843
218408
208795
324108
287183
359213
355695
300267
150464
162441
168779
215992
408327
231426
138035
268068
263097
196466
323132
219937
173301
108331
393280
221913
336752
225453
110110
428098
322733
431802
196297
178081
121602
374905
191252
134999
346677
194988
421518
266856
296182
321049
178397
409266
194694
440736
412982
325563
303392
255080
225682
372461
292027
203474
110534
339333
288508
320606
351988
121739
161482
147837
166505
403300
291264
148313
117180
141555
131186
390984
104215
285959
225096
192072
197747
192287
434245
290796
207072
175594
447279
342103
256502
149306
125802
198490
212199
290424
249141
404046
245394
141351
298288
329121
310484
335207
449474
202246
110063
428748
221536
198611
368753
369211
346059
109146
269630
178848
315270
321207
201713
133763
315601
281149
285967
401460
166965
174103
369131
440404
140209
302938
235551
328431
365858
322767
250035
405998
282926
341649
304413
125520
241341
167412
438331
393090
161328
195557
349147
158464
377728
275571
274307
278371
304525
163072
439148
239198
278184
198803
426209
220998
250337
311338
190858
264921
406153
241260
401277
365829
219372
332876
324668
358131
249344
179595
431556
396569
303504
402371
227101
112869
240886
384825
413093
312800
150556
309291
212019
239218
215471
258297
173949
190203
212831
453395
289558
357575
172667
293162
290288
264127
266297
292076
368230
374398
106714
150423
450431
363980
156397
298977
276449
251651
186194
329913
304633
100310
270172
236390
405554
384675
342782
401633
320815
289010
306823
370640
447449
426774
271488
274682
190826
312860
117058
316015
171968
100575
207729
199717
353774
406634
373546
448369
280389
357689
454825
335406
446392
146259
113061
186783
281775
362355
309465
165220
417063
165854
185227
115983
238080
194037
393634
235845
334180
160728
351087
327151
245202
186465
236900
449237
254009
134625
268201
396218
383781
206877
299293
353741
357487
127992
285052
333374
313248
192724
199400
378741
124313
376807
126360
388701
351417
296492
206996
124869
179865
354447
430854
200918
421058
290522
359706
331260
260243
208846
177908
115597
348503
435553
251615
259524
130252
189145
218996
209029
420729
262023
260850
324997
427706
381618
304228
346980
441764
201369
104483
120034
415219
397488
170132
413745
326047
414107
299691
110594
294146
151881
272532
442732
100064
116707
375656
350974
388557
352662
451147
293590
133631
424321
171700
217169
124835
143332
403191
393511
275427
252089
302715
443531
231235
258273
421951
361602
217275
404701
267647
260163
301101
192603
135945
379992
423607
238640
394774
137468
277834
240334
116046
140186
404480
246796
383604
301644
247925
203626
254395
372013
133471
310787
129058
285483
119294
112675
154822
308304
198592
213297
319159
279048
210055
170420
382744
270866
449143
432131
136100
228212
216683
320103
281049
337133
339201
338433
132249
243733
414641
375911
239513
394181
110229
361026
407130
303662
291027
284214
312838
259186
426800
265220
346817
179363
318660
187657
179823
174437
211679
285299
126844
431878
183005
356275
310194
105727
192253
268368
281564
289931
245077
120931
453912
286028
444243
260531
193405
365792
138612
189300
451221
297941
223800
400143
246916
380367
354668
203917
143917
249284
112520
245068
405083
103533
364947
228934
318345
219573
286504
422943
422128
291609
308656
312167
178332
213541
324179
360214
287646
400092
156336
392715
232293
215400
124015
434869
237578
125091
164935
295541
332637
402284
399198
359613
259165
324021
273930
442104
164112
292095
335435
112072
426224
294517
179514
411471
248326
241435
246004
150624
259219
263293
418299
230200
455269
165350
380569
356116
176294
190781
145604
421096
125473
378448
282734
444051
141257
202819
126032
192832
254981
111625
187560
181461
414057
266413
188013
339700
110496
383219
358603
191350
336977
356876
365231
265614
209577
208950
296680
292260
363194
303199
413816
117468
203600
129952
409585
403523
113785
223472
304484
254331
206072
350082
283504
116362
324797
161868
423001
185062
131703
256418
103229
373164
228724
104221
115493
149463
259385
134681
360546
198709
297311
149784
349092
210988
167168
287012
195640
224994
143940
144648
131233
283996
279623
306476
350244
451321
325807
386491
216584
116839
389288
126456
134484
332198
350519
422212
334076
337855
127952
232777
443238
450964
348734
127728
310605
190257
353776
292789
423178
212268
310571
272510
135893
213260
382634
180341
247033
398882
232696
409447
193214
416619
279711
433242
323667
150673
233993
290453
345427
187317
172766
267768
330389
299370
123980
270519
397095
175395
299576
426538
423004
273151
356205
326294
253110
269244
378460
168559
451394
454905
338345
119082
289378
404224
392494
293936
193325
177461
208931
205301
107678
430362
134478
444898
446995
310499
152470
264461
245390
117530
416339
292112
143688
173267
273146
415766
348865
139193
198412
395850
441106
200190
124607
103664
332410
394259
194028
355389
217810
369025
352019
196644
187850
436759
408253
321558
296961
156757
127986
352537
267717
376688
240601
262445
219720
128598
166489
401590
105154
188951
203724
258533
395341
428843
114096
448885
208823
237204
438987
109185
225419
215002
138576
447151
448800
378724
247126
105889
416399
160445
329309
343739
279054
115199
324781
357513
308777
148397
268932
126848
313478
169937
334046
408183
214260
236346
272238
130846
225949
275160
321006
333877
287905
341252
175479
126793
112981
237982
195926
335284
327865
314802
261154
299266
422135
173628
232731
222952
346731
155187
115260
137086
255531
432559
212846
361995
235931
416608
222345
432840
279299
326507
426105
281293
107499
395818
335212
187320
224388
269121
317707
130562
175024
113801
412175
194358
145076
347237
264967
395621
247882
332206
251173
159920
408672
289778
349061
161858
136067
116437
381968
229585
352689
409883
231607
395029
419877
117763
242329
313049
164983
193147
373394
305564
441009
120668
399253
207537
238698
175585
243435
341097
263065
345014
166746
195775
231612
130733
102813
307219
383025
171820
407514
168573
426943
428550
454263
421788
263711
102718
181763
403833
201843
395486
247028
397746
131199
366207
443689
187725
309803
295380
319173
186092
196805
161278
232077
264994
142627
228800
411464
276948
139726
416064
122274
422192
126697
285920
154800
449438
360866
387015
344510
217589
336644
436437
317514
182377
431547
361895
395190
420809
232302
311755
340004
130531
285335
321506
369576
256382
105301
324883
122447
316613
154863
373085
188468
450183
418816
258682
196481
278026
180892
170062
418510
357255
272778
103982
207948
229243
241158
396013
353106
430369
420012
265021
368768
176632
198043
271404
328603
180549
170153
215225
164487
240400
274410
137538
103817
412293
241949
205497
160385
135775
343680
100846
108936
356798
351011
257451
306704
316571
208446
152278
121603
222216
221159
374386
287266
375624
224731
179900
414332
351793
352375
318085
197982
145803
398998
269814
445889
240234
389109
295369
179017
403025
208651
242177
232079
299525
231110
402761
243367
425653
117229
408916
204878
405020
452153
232078
373242
125497
107208
155571
202171
225543
369877
339531
117317
226479
181795
410903
250390
124703
101111
150830
261369
316554
272985
427339
120117
332003
143128
285585
433516
345693
263727
309951
110000
336483
109195
130830
131358
207649
303725
440153
418517
304232
406585
411237
366143
269624
290665
397612
257747
278354
141429
291122
312306
103185
303229
384518
309070
106388
166441
212162
213535
168550
180762
144281
438809
420457
388974
300972
139022
374885
405440
216395
306679
294679
403667
412044
171185
137589
261996
139159
133212
347027
427260
413619
137551
400568
398244
402139
101369
149077
407775
336845
328770
145637
185448
193434
419866
194462
420313
168431
113987
307076
198003
161994
218014
132244
348909
294996
181594
260312
196069
101770
142929
285519
115848
252707
382964
326038
399094
255862
307725
220287
201822
401523
432511
271400
202189
422609
199021
401109
160421
387874
289448
257529
445250
410077
418965
233630
237121
366910
153768
154590
302098
442347
438488
391377
392322
271298
321511
354242
321655
301485
236099
258008
428490
305242
201573
356841
197832
147096
357331
424600
279915
166865
209132
184891
108626
354448
280977
297414
105780
293420
149904
378125
389608
172660
263213
395119
303256
306751
112033
351726
111731
237922
421449
303720
333404
178308
134562
281124
171981
444095
301017
303302
267397
303287
376359
199202
391848
154605
260067
175061
314302
390066
205191
427943
203204
174873
283599
370631
167850
190362
218944
390702
437006
282245
220317
154247
448815
223705
345644
398170
114375
220989
246922
141325
326562
189493
248804
283873
352314
312551
301875
435530
185490
428625
104021
187002
311671
443047
121255
289120
354151
358713
203539
324777
100072
416424
296585
314148
192447
359199
145529
106331
331782
278411
251945
212752
444455
224589
299777
353101
125901
164641
364071
447637
251788
415203
155373
376043
164524
168385
246805
376598
389233
355961
331793
210539
147540
314902
254075
429906
312135
175003
272805
354774
293258
290553
173120
254184
221713
136641
247249
107728
208989
323464
234399
352609
453266
136005
332235
141026
185870
300007
379390
387093
244937
425044
327479
337980
157812
358766
115651
447175
194764
228024
394429
421302
280162
215657
267642
385476
263982
369604
414465
399931
419113
117648
188301
282529
234263
301541
344262
345322
245070
404624
340815
406364
274351
394395
136334
374126
164414
414958
341881
438536
140169
291601
412307
384125
313182
275925
121424
196908
423645
171094
442884
323233
247689
302690
161151
262915
214210
429016
369704
173910
336900
143649
192261
301409
221727
343295
435458
194044
106652
250859
157542
395658
226231
363589
222779
300579
142855
290678
329987
243578
424693
219161
331325
284032
289573
276106
335670
170103
171932
365199
162983
440389
119242
163417
162724
270911
412156
287990
358328
442425
303020
124140
405355
320237
134443
156453
453007
234964
455428
351553
225086
164697
452872
312006
390147
267328
146689
254109
417900
135932
386171
355348
177591
280465
284987
423539
304024
401475
181480
119824
286751
319010
132687
335534
223103
451135
355388
448482
334367
121509
150023
377578
281213
118831
440383
273025
223984
334399
224911
272667
164004
183326
305002
166616
103582
296557
101753
257183
176156
164074
194931
109036
207610
183962
211855
281021
322821
450842
122914
416518
189303
363498
296121
299235
388230
249870
244792
400825
264476
141934
296381
226025
363017
133543
363173
350819
433103
318737
358115
357441
145004
431030
220314
308839
168314
399681
284905
275891
280066
214767
236308
253489
305833
394932
100795
201106
375348
153902
281358
445636
433322
121352
448214
126334
241196
376946
330023
454392
392846
398657
252318
221359
109219
280776
103924
182949
191041
195006
419316
333461
369119
284617
414296
183202
379223
313262
168364
128233
299822
312957
449611
390172
280953
422396
352326
324181
110910
443421
169234
352947
257196
355742
302803
369459
202210
316674
170828
374751
453890
411599
164069
259155
430628
318460
242086
429290
212590
366933
150058
429153
332585
216432
169438
433676
378817
116430
303677
354275
290696
397645
268940
152045
357660
108723
440588
125962
124376
388675
317148
239293
187246
363004
132595
409107
372325
131962
147782
416762
285460
264953
152684
162210
370926
333121
352033
160862
127623
369147
268634
346065
251315
213971
174320
163020
165034
343862
132993
443121
224605
400191
431712
402663
415681
226266
446201
236558
441834
420483
385475
177609
146596
312307
433577
291366
265585
327935
334528
182030
269294
373495
189197
320521
341110
246981
174123
294413
379967
390275
307941
394027
427756
431301
341233
231413
390577
158443
320678
320931
334156
246644
402701
120940
108140
167931
188530
130078
299454
108256
161784
416510
142379
260941
258812
320162
405849
174860
376995
353936
321060
414837
104869
274776
372441
392902
452562
192710
275434
255303
415863
382864
268518
107378
164862
218243
136859
274779
230270
202278
238482
438478
235939
206716
207000
363770
427699
395490
131588
138663
445295
300256
401204
235362
332802
209873
453004
330582
278528
239549
308056
292606
186103
160332
449575
403812
451625
222270
425082
150447
443206
307216
164757
350013
417299
416457
385069
143220
303703
249582
241123
227280
111114
312771
370495
447834
182244
377965
259336
114286
180378
206093
135905
415565
396050
290704
388545
324025
183070
417284
217322
412837
200435
451256
372504
193114
171525
107610
101671
196190
140121
257491
410206
251262
264175
125650
239432
437121
430144
257253
189430
272693
266988
132612
326390
148939
370909
328428
257758
422799
401540
243683
167930
453492
196564
273894
356900
298281
348110
295655
360273
117673
232286
404717
134393
251098
196300
104433
279326
261995
258725
296586
349380
360448
106340
118096
119092
307884
455512
446432
371098
221810
299889
136055
294340
440225
421401
242607
383623
408576
313086
417379
259730
208799
364977
156819
424674
281335
151615
444221
266527
304561
375123
157155
392053
246589
180136
164809
366667
435116
217521
347465
134209
211796
309639
338959
435726
327768
263996
372759
123882
383852
299179
231551
408528
219042
330037
144080
131773
412157
367941
348997
172510
441708
433533
158982
254990
351017
303129
333832
305066
120870
199214
102604
203998
130559
272606
314720
102906
178247
364115
294516
198072
373268
314009
136112
394610
422583
372282
134858
448784
307151
208426
203406
439163
194007
312261
317194
259638
127254
288942
309275
196414
180745
455136
198202
336588
149024
349993
453678
184153
333857
134011
351711
259882
414429
166839
130900
433643
429921
415706
399848
160547
406547
414119
137418
395817
213798
281732
257499
150494
209385
449661
342051
197472
329434
164195
190930
455094
103013
128006
395414
345506
231795
212203
222109
364573
148770
303257
116849
143180
144917
315399
120877
107431
276924
355023
388464
375489
240673
421008
331297
432463
366481
137329
447243
187916
360669
233959
155971
285022
380782
360862
372462
385657
251363
141121
363429
262098
448373
220566
387634
425186
406255
191614
183184
312527
250839
288009
363567
199142
331483
125585
201399
253968
416857
193282
264097
102583
332877
447775
228096
276494
384507
206127
392734
157076
114629
108006
264156
209239
233891
123319
203802
366461
153585
332080
156761
313033
283913
125934
241575
396771
124380
332889
335872
204038
138510
224323
353399
293064
319505
383243
374737
221591
388895
219634
131069
216689
431711
402914
125579
161388
232886
127884
113774
246702
225898
206285
131997
120911
262476
238659
163840
215095
326897
150387
257515
193900
307512
328906
269076
181589
228684
283584
121890
235506
147296
248108
378980
128642
134886
311142
305917
276955
197133
303880
418804
413529
100726
182855
136816
424356
383317
304745
183795
402051
207133
201707
237143
226871
260344
242398
294119
105851
206730
157895
440956
130091
336928
210462
111766
147030
310970
268081
434072
151125
364143
358712
450724
153183
200917
167508
425849
184819
309207
417220
420211
163006
262870
328265
403993
331148
217926
234008
345241
349217
320517
234458
444935
147395
179122
365508
382027
434297
309230
366499
413058
216292
179065
260380
148017
305033
266971
366376
240736
212640
148646
238158
330139
210883
241527
125545
131627
313716
273089
327862
274833
342281
264779
109499
347634
188183
105082
148153
189054
331045
344647
318462
249675
373887
263363
175091
439067
307327
303789
125209
272352
259053
149978
134047
401684
324216
425070
116547
385645
194667
396287
132283
405910
362709
313628
269264
303172
419312
104702
231838
147912
385453
139965
330841
172839
127705
132528
191939
229419
128889
201127
407660
196631
301467
209800
329080
209195
386563
114219
446613
128056
156873
367462
242867
419592
415275
294533
115006
154149
286776
193079
276643
281560
166531
351921
227845
344254
283246
395833
312979
400805
229945
300021
411047
443218
379221
144200
236420
141057
204381
208717
119019
227120
364163
427633
368275
148295
173706
138894
275151
180457
342015
160121
340007
329836
298337
415287
177022
447143
396906
322019
238481
441826
307995
161194
120974
219887
328468
255358
365974
267181
135873
179337
281277
232555
294386
241695
184932
129705
245467
204867
206170
396860
110617
313585
364348
161909
406990
308672
353159
346917
238316
353692
170689
305912
142800
338215
372677
122335
413589
351647
142532
398245
427003
177572
160912
220648
325639
162229
434522
260599
171766
398172
209190
316931
353621
380183
241811
120141
282651
436928
341468
322688
148815
166378
436683
305832
326718
410795
343259
208364
173000
415144
199669
435341
208171
315294
451864
327198
152397
215979
143979
419038
245379
111461
434411
309101
268690
204367
451896
264933
386246
428829
230227
268683
229211
374591
324263
345138
129323
143560
188186
331408
397951
192091
198124
179683
379167
444219
316129
321961
416153
376969
361730
112621
348623
332550
427847
244196
395625
324934
315205
455869
296774
333681
278640
345801
119960
374321
309934
336385
393316
417085
134476
137519
159307
240164
313202
201277
313903
290454
203168
344082
285534
209860
113928
222970
250094
145574
172982
271337
427579
133784
253799
248555
128479
115532
369309
156672
152269
101048
260822
235304
425114
111437
431641
291235
320756
314313
429526
367662
155031
223759
278089
307701
245080
415317
417752
110726
191467
188590
360027
195443
319235
352743
223812
210053
254635
414582
119753
448331
306056
252047
106846
363919
208041
272883
450796
390474
144053
239824
347207
299600
170458
203432
396960
247618
431897
305320
146586
197137
432189
275032
200194
141899
132222
326430
201160
110872
437788
442563
295293
340662
136580
299162
283934
251154
203697
395204
164005
186119
195815
186881
365844
372380
171108
386058
449617
168723
384477
445779
127686
389424
152051
424802
168612
390946
379797
393814
149713
295625
135181
395302
257706
315316
228748
179529
297329
215682
210334
395445
423695
336205
407996
228883
278064
212054
335450
132933
250777
445827
339646
402717
420505
452161
184315
424176
261173
193087
252843
205387
348367
246414
183717
212565
328316
191459
392856
444638
206462
438551
395691
321005
380661
154180
225237
403340
153667
440720
173414
290535
383922
287362
430480
306263
211996
153180
117832
353783
357735
181578
386116
359783
154869
225383
316377
355879
180984
384069
289102
363678
155712
409595
210279
237349
245556
278139
116556
215764
311505
152201
364926
388690
323910
241927
298721
419452
263733
128231
360007
297413
199911
166481
294202
267231
208923
302275
421329
377599
279641
136151
246277
101830
108396
251137
446133
115326
284301
240271
419965
409660
398664
172655
327486
322814
151612
286240
364790
136906
198927
423209
117909
394256
182783
149576
352702
375542
454305
109063
318089
419679
138557
233939
278304
265024
175696
403749
235178
370962
152044
243222
262764
385219
393570
209152
243254
239903
384367
381866
416132
123179
174133
378284
451009
203903
426594
282294
309507
217255
268103
449490
287695
109923
258150
336818
278018
318474
382091
119342
266355
311811
428676
182143
171923
303364
126259
209194
262301
209163
164843
298952
378916
314123
260790
139760
405580
266627
150660
112640
359929
161775
154689
433771
108960
144448
137890
397693
295774
358776
254521
307458
246340
176912
374783
261536
272654
237943
368896
163365
417720
441164
110148
216462
235522
430085
376923
182480
423848
454548
184415
423745
369680
200009
122357
170793
158941
219090
400520
338942
321989
361295
350043
223065
174388
127427
357541
148630
222142
223602
326685
421925
387936
360870
388403
133276
286225
313664
382855
195476
407560
197677
168567
330522
287009
443178
120834
326725
246838
455522
371172
385026
180373
164745
247448
203530
202295
447350
383479
155127
204517
123583
369522
195766
102520
104996
454588
300688
251093
172391
257428
173131
338343
448991
389719
318831
293107
439475
439873
407201
133113
192504
156022
124385
454879
107704
283939
408064
284046
217090
336134
226657
266538
132828
368372
133781
389557
375108
414989
288268
361861
368564
412742
331439
367877
393244
368881
307845
441933
114162
225102
165412
246587
416636
161776
240335
433508
135076
179988
375330
422638
183116
186385
244951
446065
277285
452528
195021
441666
310969
363205
334093
282790
398064
119198
275486
180346
116834
364833
439112
401064
161188
241542
377004
445931
340321
283821
289441
275565
355018
130782
370709
305354
314035
365453
338616
413927
154368
191104
251156
443719
372341
446497
242953
179810
138251
131533
361875
396891
351674
281352
405420
361498
171280
393927
370816
400043
115068
200314
119930
318352
347695
376958
148194
388588
452098
280163
151576
311080
282995
258883
101905
406811
125813
131554
192852
448327
248190
421969
370258
125712
231902
151857
340597
407390
383160
388514
429011
186272
169646
183373
231681
298840
227438
277971
339405
164423
354203
385431
359433
412159
453901
286744
216323
291573
103160
423875
379216
173473
196951
385272
262545
273051
282899
204356
447643
435863
316355
309756
221639
454171
256152
383549
431603
100905
254451
357139
265263
377956
350827
425251
145236
114135
178444
118672
184592
246281
400722
296618
338042
431832
288125
190358
398129
321129
388761
125143
239899
412689
361248
414758
225957
232134
395806
229065
417437
264298
282724
218313
359536
213786
194690
418255
364652
272674
304179
324980
111935
225765
189677
203308
121736
107869
130857
450417
404373
205309
225812
293682
200144
121554
226991
343980
324508
100164
283418
330297
232381
337350
409664
153851
230437
221971
347392
230468
192947
412209
425420
191852
171340
213296
407671
392542
125219
403047
287061
233138
265486
311039
249714
417007
446030
132945
206546
136723
326307
348143
406915
201628
293417
324489
161470
423315
332609
269086
232127
269686
414658
253207
263426
441877
241246
339928
377492
121787
205665
414406
260712
447539
147681
406677
152421
293637
412786
447363
186410
261002
393363
241981
194067
104078
206193
161445
410053
277154
270090
144586
160554
260630
301233
147467
134398
277563
111741
214304
204368
272605
203805
220336
411131
438312
242001
370524
206943
195020
217806
410929
312097
115589
123568
285437
395745
294967
365311
417616
325743
129273
111311
376839
220845
408950
385507
159889
218679
408858
418823
312159
395598
285815
213577
286046
162515
278898
281687
310735
155295
415149
440057
432184
269888
162209
189969
375087
191254
132526
347749
401978
383332
188817
185880
275734
119766
264536
175358
234437
423650
380277
269898
208069
450504
346119
399982
124208
423330
267375
434759
427504
455913
318030
410253
354678
199264
411444
304116
442019
415817
389054
407002
242968
413349
202985
408274
167019
333672
235359
145401
225038
328918
408173
252594
418713
234167
327384
118547
362737
220140
415512
190720
424345
315565
228139
432042
300979
249735
386143
100679
265115
452776
311374
307598
303018
240973
147100
418292
443587
259400
180930
111996
235071
414067
239809
122909
162999
320241
173975
328951
386389
296275
162771
142003
172260
214114
341145
382074
175471
138708
309947
214940
192543
260256
197900
370929
359713
317482
374780
391689
131261
153542
331847
312235
187572
229141
395407
287559
419885
324377
225557
262853
366371
119476
212475
248564
204098
391727
278474
389710
296652
113570
402009
332941
289453
361120
387938
228043
283696
161564
322981
335171
434309
303021
197694
277619
402842
122919
122051
340105
372473
122480
454569
121849
137216
355123
149447
335673
182875
274930
371082
411630
105379
124055
137848
259389
279127
394786
323982
154554
347075
210888
268618
289162
245010
264683
437890
223823
353252
308015
266021
383284
305823
168979
262953
243763
246672
257696
265610
315367
241062
309095
365240
213575
374589
166677
226023
336452
289189
418589
255701
100651
336415
168278
224350
387437
455906
227623
244030
439749
254965
435537
454799
306057
303572
218582
176857
250587
415862
386355
218635
414374
287248
376897
225895
223919
166980
399300
366881
289776
360764
119695
189342
430823
149567
336237
219939
213402
416204
379289
327957
446562
357295
425801
103548
434871
400159
353485
271034
160327
201520
287828
160247
455485
139669
140276
355130
220035
172951
203324
379952
247762
110826
185146
346045
107759
394189
229446
120261
349588
356682
316301
441868
359974
218927
254698
120234
286738
449937
269157
143907
237936
110656
167818
205763
229925
408879
261256
357434
374072
285174
114118
236021
178819
398440
393065
389906
449316
136052
231157
162942
450894
122739
406620
129839
284992
441956
352918
160968
373558
456124
156084
129417
361282
337967
276545
323831
261337
356048
197163
178840
123686
123801
320157
360721
106884
187807
104664
118931
445648
327206
254499
228452
329979
298529
200489
288694
248367
354726
353376
125277
106008
286162
166686
376331
175899
248561
208209
268528
163750
370996
450833
320476
166829
352766
318549
380331
333603
132144
160736
351483
257738
120750
424890
339299
433641
176050
289345
131985
294475
163359
134505
280638
345541
341753
329283
108678
230526
295202
421722
369534
437456
200872
368713
184768
279885
269862
270582
386599
372939
380982
167589
298202
453160
180245
250609
106039
182196
300008
190658
340307
249669
126253
242799
398795
121338
300332
193754
242688
404436
445772
423369
277268
175173
239303
222161
328607
243809
253726
364154
454931
107685
410122
282287
155772
281452
290732
242882
300911
180651
391532
208836
114187
308480
194636
358060
193042
409589
281926
439669
377536
319771
409495
191393
357764
276067
125331
355934
335689
193625
131937
245845
432193
127575
325740
176753
302784
234549
384124
159991
343464
379583
122214
276353
264678
363710
262099
172218
346862
270433
174476
376675
425194
355609
107019
339020
175873
188615
358523
299721
189534
297726
408620
163163
318848
136561
117236
215879
259522
125445
393006
160439
121629
136222
241875
157774
355540
242594
145472
296521
325850
306420
374076
295666
140740
431390
173141
147910
339982
305347
164087
272621
106195
269413
147672
118745
279052
240737
278652
429998
395362
273844
226688
256974
207573
350804
346511
339209
433512
308731
115149
270630
355421
316747
200746
109508
130017
286100
231253
227582
373544
348541
408125
256689
377859
407419
448349
112739
407975
164971
428325
130858
420494
333525
303458
190500
237942
391514
338939
346816
268176
247304
431363
397349
215662
355242
392896
206022
451451
390097
428861
374566
375593
172119
436720
115014
372302
282085
143902
234306
361198
438649
126559
379847
345025
420732
316578
128987
372689
282690
327104
347273
192325
190470
304049
269419
323487
146045
118854
152970
382286
102025
221865
164990
368747
232646
249254
189392
269837
256250
167479
307676
126593
397358
395457
379468
449687
323245
268123
295037
369858
112237
441716
199757
347159
128163
310705
111322
249110
138903
241106
266402
230460
420714
337673
273761
136815
314608
451284
280874
353844
242339
454247
302488
387468
155616
160934
106468
272176
369261
213117
357629
325957
425662
275938
150568
301406
133731
191975
248120
149837
357199
159971
374624
416475
168689
207303
102963
289737
214969
174411
421124
330008
409930
292380
428472
299767
268442
409754
238272
241924
398883
343358
455739
133813
432108
310521
147160
137799
270157
415223
357125
402432
286492
252913
156938
253518
262701
273995
200522
374874
224548
430062
149125
118811
349811
108482
342034
403480
264829
325165
142888
271793
162657
151212
241531
166396
209959
445449
394126
429865
384331
172777
451218
238366
200760
100635
100888
172978
204902
334168
130343
398918
183258
182112
413006
256326
236584
329535
387162
254770
317550
128344
192570
384799
166219
324475
257387
337427
123694
206247
330420
288460
413793
148754
453086
171240
198535
298244
125242
343009
321391
135546
141534
156181
207224
145926
158579
122718
189770
245311
452231
185706
174145
124724
347466
412458
164330
313819
421864
231664
454559
275158
350133
384149
381624
421262
285357
258673
352358
143354
350378
325511
274687
222511
250432
324707
114315
136389
169201
221954
414066
350948
239820
202177
210621
347865
165836
170512
227665
161044
103344
158379
178668
357284
254667
369746
246841
371717
117546
134648
327224
100014
307463
438268
233535
225658
122764
434128
373130
255761
210377
194944
362650
182814
151262
110797
280196
283620
314809
445255
313218
369753
111352
304708
291044
445916
410767
278218
180746
247365
295649
310920
358051
240152
154515
387691
346986
451052
413737
122450
434381
139144
222350
294205
293044
122393
390536
267395
249813
255353
187031
147021
259059
158787
283574
165112
314080
141615
436999
189752
212121
108807
438728
274528
396370
167662
302048
164573
140476
191389
185529
168740
435862
190055
444200
308129
366659
289673
408439
367840
168565
175450
234850
250116
125261
115541
116443
334491
110362
172583
286727
336551
413819
326666
333557
429227
330184
309004
250599
266436
200952
200983
213686
245843
298745
141876
221943
148633
378728
252031
100818
455167
199118
348686
427197
210343
161268
350579
280183
308356
230281
335682
118295
295665
214111
413092
103108
430937
390221
355262
362947
147737
405711
185008
119225
356070
156158
250122
214746
247931
304847
448477
127699
179384
200616
445353
201604
243505
305800
326004
380718
253872
362339
211020
355047
129002
437606
309497
190588
161096
159151
388367
125526
278413
391563
275479
381112
214794
260911
313909
362405
428644
136148
268435
403243
186447
146010
240658
390735
182451
318280
108560
134606
260642
300384
250225
319223
188528
288750
387759
250823
406407
119305
131781
167101
277786
146773
195324
173876
222251
199546
266524
182363
445623
342149
310455
156286
212064
285023
337862
134276
324837
437139
172034
329926
122090
391155
182986
417147
128636
406806
316491
245505
400012
303239
311817
242648
108022
398845
175204
317732
282631
199712
388009
293862
197091
315056
385554
207791
115488
340065
331399
281342
307656
405590
202194
151969
176111
409714
222929
430860
410596
147660
125511
125295
127032
355642
212601
317264
259515
415310
309874
421099
395001
405714
326111
125134
220676
273745
414649
154330
399650
340427
298310
214564
250528
257772
323698
218585
257664
268629
221133
182290
273383
308338
166006
216029
101699
214785
353461
260841
134384
425576
307470
106781
234801
400082
206138
182339
431740
232686
253455
339722
403844
281004
299834
101672
312868
323011
346880
234918
358465
138033
237836
349438
203940
451018
173241
162629
361085
120896
434137
375103
143842
209084
124398
202666
110402
249425
161762
236250
333827
218802
208495
446735
176389
281699
196145
107503
100293
265162
314874
186441
343952
394678
279273
189219
400437
414727
380221
173785
221419
408608
297164
199399
309111
222312
223815
250854
408842
223348
361445
415244
228866
377074
266718
217883
365289
378819
330042
394244
343951
417530
416859
174999
329213
213190
227395
376010
327807
270158
314663
265355
295414
291397
216024
184424
190377
342073
308225
170104
202838
289661
144831
356446
135211
362619
126855
440017
331876
396209
170528
318883
451054
164659
366730
174850
448632
222759
135277
350729
257208
440062
276175
377253
239470
113392
363157
142577
152754
452794
316606
169981
206937
123803
417776
164802
271467
142559
358333
387455
262557
419289
404334
319663
328237
264579
432870
454089
260864
208895
238095
376189
254039
363689
253621
291902
296921
206124
400302
429847
272347
301445
421633
417641
331085
390200
148265
270439
126504
411650
406902
176062
130953
429819
186096
138753
397557
113420
113873
347536
277307
273949
359184
204884
186244
303250
423634
318042
408363
140085
386623
360314
353884
116522
295588
157573
350308
294645
405050
125335
343454
267365
343896
168226
115725
271150
336596
386122
343339
275436
424956
293396
287320
280277
221229
253794
113744
338323
127074
346015
235325
130657
281428
329895
135019
188185
353587
449140
389388
145335
295800
345625
250688
107690
367342
217289
440928
144907
185680
172302
273085
361801
174693
330748
215385
453805
344136
283569
238471
334932
308791
294609
370094
224288
118062
105975
127173
244568
232665
394391
353338
430366
208375
427852
183043
343148
176788
100767
238887
303135
184332
347908
171490
338021
190458
384222
339348
434255
331809
259575
141789
372427
242242
133219
453535
436789
431147
300084
454297
327458
148092
177718
354290
252015
209912
105907
374179
165950
146279
137384
263729
140250
375821
370813
293980
132610
204496
127287
339309
154356
315923
209849
142943
151674
180394
209188
343630
107956
112733
138515
422907
274520
274720
316842
202948
305875
335650
416843
103563
266178
101978
438067
314291
163537
183868
372063
233234
303150
416434
418912
220139
392997
394133
149251
307339
299665
392932
105953
403644
293287
201161
338303
157238
399457
262497
172889
107933
454384
172544
127871
401357
147271
403006
172378
122794
362673
315363
311821
393109
288848
415508
196189
160704
315709
418973
400467
174945
445386
174561
180563
240396
257230
423851
107742
197713
216341
197011
187470
135928
256313
136851
408360
176707
125985
125057
361409
193792
128252
271873
277778
395615
444632
280635
229768
454549
163045
438762
257705
433176
293552
386418
373774
396841
451944
294591
121574
280355
291734
192986
290016
176685
102364
415634
207169
135982
252005
157349
316370
357039
255296
406662
326687
351394
321666
396091
320555
374032
370268
274543
380273
267507
409783
197618
298073
373539
273793
240654
173673
146524
139298
176926
273459
295248
326662
387861
278097
364189
387912
141473
101342
429252
452407
102961
320350
417492
216464
353696
242438
158052
216559
214848
266508
116632
179086
205062
270181
211269
353039
373892
343384
180040
116336
182515
165563
213288
368156
118300
293698
325616
236263
221111
444335
209656
260177
169012
330383
115095
123723
173754
425026
363352
237535
137492
404862
109239
391126
312132
276786
163810
284942
410201
171250
278086
179688
116114
177929
443554
223946
376228
156657
102976
181711
408904
270604
438699
112452
182409
236348
284263
232637
185957
374530
399800
308151
454160
220605
306844
403461
278426
323661
287939
171164
330502
283802
224418
450651
166440
177427
353730
336924
406539
141814
345119
404104
276985
105716
304591
205313
153403
369052
221355
446630
158601
414313
401335
229027
399677
317801
454440
444608
208460
211067
324828
453337
393856
222782
144455
234957
115288
298012
405488
320841
226645
180103
224579
302317
289857
404725
249115
155349
173114
371759
285090
418195
181842
127578
185649
152998
182890
383395
296941
253890
105771
339862
189036
296151
142693
265794
352723
160918
201797
298558
309597
184404
345841
197696
339553
365573
198893
405034
244698
437965
130215
149506
255241
376690
187299
402135
343975
388838
340333
394536
214037
365266
352871
171209
323863
102950
227138
234880
349341
299969
303913
396400
108425
194676
267212
315121
199725
290542
416241
420803
252221
229943
235380
153984
159200
259596
218419
112685
318797
378444
162355
441166
297068
405801
250702
447877
448310
156741
455089
206352
336905
122541
423528
245192
142836
400952
436593
423920
365571
401549
418468
340499
112957
101646
268759
128431
363741
448711
209871
222019
293624
230955
416795
403636
243651
218226
232364
295172
333256
256019
100689
394823
168821
207245
288424
147109
356093
178774
161984
234842
102228
120330
296130
332642
280083
257389
198170
255178
342652
256999
324521
255579
428776
152992
449809
175141
353128
302810
174584
396810
317090
207401
245523
282051
274098
313366
137994
237053
271112
362175
121337
190092
155998
275174
450823
106513
151880
183788
173538
271584
375874
190324
391309
151536
395472
370223
187105
277907
453420
108578
170038
372634
418422
138786
237010
277801
126992
371510
117877
268831
292438
375966
330562
196712
266181
397619
263407
203364
400324
169431
436889
424037
170606
436903
453969
330111
246783
333967
397035
327642
322305
137200
288126
419536
249829
280500
379638
177280
220119
156754
182627
187389
217168
238599
336018
168721
443494
138662
355167
290554
230726
388750
280700
258390
276722
384265
359435
411686
390628
213499
168242
250097
250728
108526
359019
273105
455954
184824
323595
183602
321803
191972
366040
159987
402292
209978
170452
259352
112069
248874
456017
265391
394465
194127
251236
398576
172809
221068
354661
454156
393745
287090
316944
204672
453488
290829
429301
304258
394376
186653
303637
101772
348227
327826
370391
410921
353997
149217
140915
379598
236956
301980
303694
100525
129082
388656
259534
383626
426336
283145
357506
108039
329640
187174
363381
179330
243762
166125
266473
415147
253885
127379
411117
422794
327669
338902
341542
363042
406289
333809
454760
300985
216891
136915
371674
316410
452211
455385
216650
134191
249613
396688
359989
394034
292406
252021
159699
104340
393903
185599
308136
255062
449681
111071
169606
445490
410562
343942
145082
199335
219686
394584
440865
271764
134038
239108
155745
276036
171248
129495
126725
300181
379742
438914
127179
441968
323317
425816
148505
222856
265678
254971
244977
312318
163295
378218
425624
389029
403909
328488
272777
244297
263428
156379
292174
196633
173422
204389
425375
293343
368803
136272
371035
271900
382281
160169
314395
157171
426193
399220
297103
269622
408555
410188
219595
172044
403987
183559
437076
441067
171501
300969
401193
433854
283587
319008
105125
117117
259468
100154
347486
389893
159996
322056
294027
165886
177359
355580
216187
328104
370450
369726
307135
208832
317453
312902
307690
419242
372505
129022
121995
129275
280519
251641
276825
244725
162686
217203
214636
339394
213676
290577
311981
114459
160434
128473
209319
188340
302573
388796
384573
324783
257504
261574
373719
306073
394187
398371
363095
241708
295674
384385
313112
346551
124635
178818
315603
219108
300162
349987
393653
415457
282588
273989
379040
363813
239265
206770
309631
334260
313155
149986
390571
149012
410953
352796
284599
299275
306129
165287
293872
207149
232611
379049
121956
274566
162121
287356
237173
406594
376230
366899
245733
256111
134194
363716
241144
403519
373397
276065
160349
385118
365839
304925
317917
159746
139103
241185
131365
426430
198706
169902
360136
265281
384752
105415
160651
273798
423406
455459
403202
196178
314029
144214
126040
373059
316539
267573
345064
434102
410254
367364
421580
414721
273470
139078
165116
373140
408206
337537
222147
257981
345545
233722
287072
198752
369574
446718
451665
365250
212201
346965
298980
324926
216230
385282
336627
297188
452689
251721
454816
328779
243146
260504
118628
400055
151788
438810
389561
166634
407359
423840
232964
294629
267734
112190
377464
162861
101568
360711
171557
382045
364394
118064
373427
316161
336677
215295
159302
111300
240538
406507
159345
186278
257582
358736
358207
273740
205593
359550
171278
137953
358965
320675
105507
218890
442740
370154
387873
204370
438371
370247
171639
155512
273296
275532
128696
224085
335700
197238
324701
427322
185122
379078
314464
189818
380986
258315
188860
183469
216140
303642
118325
186031
121093
359123
389067
159731
201963
387819
111392
196695
437732
406846
333771
326962
439568
446490
253882
279316
274814
340428
200432
194240
103394
316249
398585
201571
428357
353393
206133
255523
384404
349958
350641
159947
452206
348483
148273
212929
376153
232668
378485
292510
343393
162883
261977
377823
160533
444310
429089
426498
234614
412978
342583
301502
451867
132760
343825
234128
196441
455310
394565
227253
219744
299951
132347
413344
147169
256458
134309
432260
392247
318063
167374
182690
121969
366109
222377
191988
126373
124778
152687
115698
440234
230236
265291
274686
435531
300070
235443
326388
350247
226612
198391
182642
345456
442467
125559
329813
302184
242225
163070
132927
343460
235411
312298
114405
155439
152244
182559
322558
450813
253953
130421
391832
349305
244256
395101
377690
431758
221781
445701
146913
445609
258718
403907
440390
148682
340910
168737
344097
387027
200248
377620
271329
205355
200160
288371
341106
260168
306574
310430
125864
419469
218033
247629
448294
334713
317140
210313
419526
258677
265475
208072
242875
346760
129681
132377
112258
415809
110674
448767
401319
119443
422623
368248
371230
333942
278140
375128
219099
306903
226596
185822
253925
283276
252118
215935
275639
136412
233187
207323
102559
405466
123177
451441
422130
432957
212331
214042
166763
349642
209179
208427
333990
197117
268208
237556
226809
191594
248542
196219
239934
159811
419140
156215
238498
438191
362897
176303
145970
420145
157351
396186
215437
248634
205500
311866
430443
402950
331284
382825
245126
314915
163243
285875
275138
426056
198290
253272
271588
292371
221475
285735
225190
244844
317313
258777
427224
455501
332671
289265
385676
252306
164545
295780
274433
204200
289389
192620
306744
399087
392158
364881
394700
178416
301507
404197
451541
258561
435309
379887
215162
389414
137998
237575
190337
412787
298696
103856
400640
184020
414843
440840
274709
279986
338870
407593
184476
213232
176885
426881
249860
453253
273838
131432
246398
413780
317749
247966
157638
171909
369824
347180
367443
392916
225018
116773
271621
403024
236152
224404
190053
350243
296240
343070
157770
337104
289182
364550
307058
272959
449449
266521
257288
437616
184986
116066
227436
126795
113215
121441
118065
406888
414014
421693
169665
454094
133155
191752
451172
217273
420388
278680
220711
237882
204741
140885
206911
389793
265157
158863
444354
378677
323838
425837
101227
287551
226284
404273
199659
120589
210917
431522
304193
280992
448860
343979
202328
252377
363838
247767
372515
242942
196721
269507
328135
195857
197743
222860
375200
209406
284457
260516
200629
108105
238101
311154
202341
264287
157032
347157
222341
302205
248426
431015
215533
222125
410488
266926
167194
420786
238164
247039
417301
430475
236960
224281
432718
283187
360184
404456
411089
167748
237517
358341
237691
205974
416730
426045
250815
369736
254254
251645
391153
145815
203514
114422
356467
194173
333156
254846
276684
189889
257746
274668
235552
194070
153649
331243
189188
358026
371981
321631
331664
231201
309751
359848
424999
376603
288897
115468
207265
322762
113424
187658
363675
353609
289456
179956
242416
360556
334294
112942
379783
399416
382492
151702
153611
243911
230275
308932
372676
315713
352534
218668
378764
350221
424331
355063
145901
160175
229137
193428
337843
166953
242512
203788
263574
152780
362828
388941
117603
414534
339259
138781
123178
380725
358628
346228
286479
411606
342841
155155
220144
157208
209907
187547
257586
308049
240879
329675
260884
356422
437578
275628
212586
139172
241879
105043
170456
328528
334842
209136
103620
453330
247656
427704
389836
129487
326034
363874
328367
121141
366482
145182
418706
228523
241714
212530
235347
342829
113207
386873
105626
391317
262111
277755
348700
181919
269795
439935
156836
133582
390326
352970
447753
155301
380537
306097
325052
152503
241153
332968
261135
156067
331934
151672
271633
231521
376174
340334
212506
228601
414477
231098
363278
241003
223363
335046
103392
187230
343073
109275
244595
217724
355145
354093
427046
111397
402249
229569
227328
213480
301453
154706
184298
360096
453340
324242
407220
447335
305061
387840
438745
314237
325540
234368
163398
398236
107462
309689
435942
360794
226080
143238
277313
279901
137891
199341
161958
302050
272426
396909
360578
382650
433801
200639
452990
439237
453328
354702
359466
297306
421270
139731
284588
225868
256865
231308
273591
338353
107789
190721
138950
181049
367726
198741
386885
371429
295587
270153
162960
188284
420983
352906
447274
158094
118956
333805
419322
203150
389568
102202
296828
361375
365325
228264
312439
215995
301488
380431
165328
325812
307683
303776
431729
147351
273927
103951
421372
185885
110548
264184
230943
408882
166253
215083
377525
129293
327676
215834
224995
192168
101452
423341
272659
202774
145821
197570
249018
331775
453050
357503
228634
349471
416409
219280
366552
278783
138420
360057
317674
361421
287069
445065
350492
173850
347232
251222
250382
214574
206169
203642
416572
363127
316106
153551
247000
181356
415775
296248
285156
305160
182572
205196
411263
455214
362976
123267
269141
176616
253495
247466
304583
234979
120152
381973
334625
323359
158501
228372
438865
390195
116056
201315
205374
448560
432879
286723
150452
266184
349059
175314
103758
373197
115872
304757
444075
130628
284802
149775
296630
398824
153129
119954
301991
443214
164403
366862
347772
283793
393753
216770
342588
372263
324578
347727
125654
394875
444977
332826
141740
220528
103071
209321
281578
220990
328862
122428
208300
161166
248021
121533
337009
301018
341710
264403
281508
242261
163957
226634
406942
443547
169161
296167
189496
301676
357093
317447
246209
309091
201634
437733
387359
245197
105205
287576
426282
138842
203890
375127
323282
278107
164463
276234
100488
173134
450269
220426
346737
338091
111231
145511
133734
111152
309294
382619
252901
303803
165507
171573
123020
303137
138798
307383
243468
134498
169084
446731
202406
334727
316183
310544
139693
169776
245457
351183
395416
396416
291974
214445
256948
246727
246612
420962
240073
315956
388715
215289
371560
352316
341739
149859
431429
290193
284962
238870
389597
198571
369031
374071
404017
234937
419603
396650
311982
414865
169568
434898
400558
391688
161641
145405
268882
421653
427400
422093
387821
414054
182817
104862
171950
393849
171578
429188
405730
239664
413866
140066
371833
431800
163873
389699
150412
316037
408849
372949
228720
309839
120645
374581
353347
186915
411288
126703
378017
453593
223792
187821
441636
166360
312078
436449
442968
217460
251729
447711
319190
218037
104872
287881
242341
398077
379037
325365
356911
262346
229845
345256
234045
101468
188721
293668
288894
396006
120077
135250
175074
410667
453729
412927
161497
252171
396011
395303
266115
157324
351534
291431
356800
426624
157223
303210
403411
415639
253984
340930
289913
173086
184461
210149
428119
455663
185239
157563
281288
360491
115344
433901
228055
276049
317015
383888
372222
439417
283721
436597
179712
100115
293598
210232
412311
143539
200938
380664
393241
187531
302853
298130
424969
198583
312874
248186
296048
184087
104735
378811
356218
168967
261823
217697
424586
207784
324510
218771
401111
406237
362067
177266
299887
241547
110210
138091
453802
174223
114057
399524
320951
383633
371943
415171
315369
356884
261794
396914
329155
171749
123989
338985
161102
255390
123341
254644
269799
126845
412347
158473
100089
218946
134310
329497
282932
191599
408984
322731
392360
439372
321698
296484
297318
107210
296631
175596
109466
344387
169947
390250
263973
349127
267402
180683
197954
349321
155682
258330
381056
305136
294495
426625
438294
158576
336811
393868
112887
299744
171764
198318
167526
323365
209966
258905
319989
181103
116792
349862
285900
143503
133074
145764
167732
191492
211719
387546
139084
188320
442517
421930
129370
259839
446014
334759
328032
182058
415355
143018
179018
104117
124070
200949
241296
418191
225087
310450
361237
173868
296798
370153
365906
213276
185463
286051
127312
391453
179274
444578
154226
332177
230463
280078
109730
423062
329546
115859
339054
400691
194756
357219
342643
447039
249435
234272
125851
231844
260061
299455
395939
197718
289297
422205
288831
196234
424067
355162
354690
452800
456201
452661
453470
110675
434285
330640
309287
205637
280167
372096
294832
408572
101317
167768
350907
445272
414676
349003
168893
440898
184634
428467
148167
424433
384195
328225
450607
439439
345732
387623
101593
424153
153410
104832
424380
413223
271336
301984
103175
177237
108305
351552
322857
428712
145441
335508
306911
271554
321421
269634
393560
256286
298821
289210
149757
300266
285621
215573
171038
430768
347529
180235
275437
402438
373287
183292
148032
264428
190854
247101
243379
335483
218867
446725
167780
368325
376195
306553
240678
165298
436988
342553
156678
262673
212827
396173
141405
354918
171084
133277
318940
439026
378911
429233
362971
198981
221704
434274
294599
314885
348784
332291
328242
325455
389709
174053
126915
338626
200706
309374
388064
123776
207782
186055
438580
158702
316567
146839
404866
142099
250662
322084
222104
165851
104637
263921
413048
188981
142472
192940
233786
403859
309215
317388
360062
326319
454903
282925
100620
269249
400231
189996
209668
393847
119054
180636
212143
139263
224857
187244
435090
150467
231688
307139
378273
220185
378611
121689
286387
100870
327543
423808
454947
445309
270044
277314
391288
399868
285106
252770
302611
302904
317232
161499
251392
131692
233433
187927
146030
424587
168996
162646
270805
428087
242160
382745
258644
226907
186567
323106
320908
424285
453825
434075
453960
269376
401892
329831
352001
161225
398390
401997
276995
248441
401355
307091
146019
127011
384551
141990
176464
433258
449344
408258
123135
266591
357595
231001
109300
217040
417568
394481
361761
151084
245581
291606
441818
121542
248678
342381
265587
323590
427552
239332
102419
333604
387897
282229
289895
221875
247196
182318
398151
382364
169071
319743
132650
120068
153733
387038
432270
293189
314999
405793
357257
397763
238788
410100
323440
114972
369142
288419
124020
323654
252734
176609
258857
268116
129352
226804
437761
159194
170700
362471
453058
220007
354753
194047
337402
385876
163864
280758
197312
433704
387827
323754
138159
165277
118094
295005
441719
156692
189949
235949
346943
242831
343866
447857
200416
290135
192461
129026
300431
319984
254005
289415
246927
350215
392520
335085
231217
427855
133759
430900
234572
250184
434074
137493
256292
381277
123432
184368
327047
406732
254173
143325
160530
236984
423122
167311
298562
229620
349398
311458
454053
444179
455990
116415
392110
166405
289139
169590
141664
396656
328837
120372
245550
285010
149414
361765
209083
359825
159477
423896
380513
133398
156539
236997
130322
225651
179124
340704
122306
244988
445006
314653
273626
299662
238784
295376
390355
427027
374166
369551
193443
298278
328165
444326
243825
342636
219680
368240
249996
332990
258798
160843
321573
386129
349083
129638
350721
415710
102723
268349
299099
444302
366501
294786
350609
303955
339386
352393
446457
117223
294703
421415
219894
433983
360038
170930
194448
301986
216144
153558
287094
381825
303418
229766
221183
344579
396508
122471
149104
104687
311995
270678
308272
184900
280016
330784
248298
366769
225424
162189
233222
313102
397814
327439
166724
195875
293579
423686
277461
281823
213810
151060
245937
279141
152629
230712
133451
147362
351729
408575
253893
424485
196597
287583
438011
207588
363384
410609
146857
125905
166752
166304
362578
449280
350195
251479
187461
375066
342444
183413
253633
320213
379632
451173
287782
400002
335930
365394
126209
433369
311517
366015
191645
443680
192488
117863
171372
105192
295204
174114
120384
149465
255139
363616
147586
168505
387742
402607
250532
163576
253314
200465
156921
395045
330419
304998
368933
382940
253248
141198
275298
265655
317992
363833
266892
290263
241100
450150
197009
451668
309030
211280
440299
438804
246355
387148
232614
228487
401391
107818
106473
140408
110427
414306
247869
343284
141172
314224
255415
378814
437725
196741
308826
378014
136486
119737
375871
239869
119686
133779
371907
131560
413742
353767
100757
377548
111002
381281
316447
201403
330722
356030
136555
355911
208733
429679
370531
133304
360443
419642
394791
138013
360239
143196
435868
156992
286424
280557
276093
400273
125780
453455
423558
328788
289641
250548
168396
392928
101220
161720
152840
166593
402935
140045
310339
129518
177467
374124
129879
311483
420755
360232
237006
376452
213269
366448
359718
247383
326288
236589
113198
226478
452966
131784
413779
119684
278955
101709
378889
189558
369422
105160
440014
153639
243120
432530
384236
210762
108161
424759
320368
134975
253336
361301
102940
398026
246038
135414
162698
147655
369210
264394
252357
360586
251362
386807
454254
321554
275787
136689
322008
259518
340722
200819
334201
279770
128561
101792
255149
406771
219081
347294
370714
395751
443724
138024
447820
229645
410566
336476
336384
374728
246366
215114
225186
350509
420448
169789
355031
313197
187145
254208
265808
223329
256738
187251
176817
240391
355939
267038
174667
373398
145452
257227
300876
118061
402359
201754
353701
384464
374563
410520
256082
268643
176718
313090
398744
362717
397637
254755
115032
353662
229667
444138
127055
271898
202965
304372
253170
155093
248166
382742
388520
322436
210687
382397
382386
390581
179027
278322
262922
441117
148174
417748
338445
236722
315962
159928
167626
283045
448645
454378
295723
168160
167380
358551
415374
177937
128086
412342
160973
155328
379195
164476
140350
139641
439194
121702
281729
402464
421472
138119
312647
192889
126166
412735
452703
172920
412569
147170
338402
414730
205919
407861
276740
215476
250090
271903
382260
294569
367609
291190
291441
180712
103792
385437
157449
183462
164275
175611
352805
380696
376216
332726
396910
208039
135048
217625
278494
142128
374426
421481
454232
182464
307833
351681
391719
195203
283242
328249
371253
223523
375513
446421
390623
150210
125477
378235
348584
216824
239064
326868
113038
347349
286356
342229
380949
391431
360416
416216
324993
155966
396100
185036
370018
348337
412797
456015
356538
258915
128831
187467
288908
433406
164979
275763
446307
322612
318358
112994
273734
284860
250804
448517
223020
249589
297297
442011
104640
390796
173554
406414
183225
200161
244317
115331
131249
322996
134200
332245
305122
119535
189015
330745
436178
269077
193406
154980
409391
333543
215599
195230
278529
355407
387841
177570
353244
198582
338320
411601
214069
275720
160744
262011
219765
166152
187204
239514
166015
383778
449563
153932
407258
221062
293329
413047
314338
216796
415132
442719
117204
114297
226181
181128
233144
232632
120519
281803
130482
251722
135667
207216
230506
388960
239679
241666
234252
101187
402143
180342
419738
101202
344821
156691
433302
176385
264488
411857
198621
454468
404531
388162
114576
201680
224291
146544
198561
387653
117768
185507
380872
226887
162774
321581
142952
244790
140165
326525
291107
440112
442964
124659
228625
276937
135624
113676
130149
341045
432073
290431
111141
259909
261338
249357
433227
150073
373093
374233
143318
356685
354469
174654
316174
388719
318736
439758
432689
402132
344673
364845
209685
377124
136791
413974
131167
213593
348135
451819
375260
377855
354374
188211
174355
226801
407010
373441
301277
254869
190057
199611
301343
404338
110754
279425
448431
148693
388413
332905
234970
168021
233422
104361
447043
344608
452755
160659
336975
165056
424357
165565
201065
226120
245448
147965
415138
383343
360592
334366
368059
262090
369641
163867
287341
296162
149534
294473
419269
329457
171889
383457
430034
117401
281207
390225
147800
176237
389944
348433
444253
370977
317251
238644
103803
205805
439149
250057
267742
351263
425494
345700
190204
290426
115562
129181
451445
367150
121101
177398
218016
306858
118648
199524
235458
279661
297343
289671
123510
102389
302521
191750
377058
288930
151555
452631
374766
320112
375437
353967
148495
260143
150608
305291
335597
275014
366097
153614
289922
123603
381024
204143
106958
214592
286026
210011
401376
399785
261306
125448
300826
285949
109442
390429
150062
217340
309994
195935
393838
241560
189128
380961
143138
336640
114801
279149
261954
216188
175227
221015
278273
279941
289208
210143
314815
348649
455542
316798
123229
116672
348841
212190
304176
420309
263164
118859
337932
161981
355295
276976
105681
226480
437744
276406
371553
218500
226714
420504
251459
266632
227617
311282
409882
381274
180778
368900
213048
166159
379398
180896
234245
393002
380285
394842
145080
160314
327467
373000
311223
197356
132588
220837
131265
407375
256609
203524
376471
223137
153778
256387
408655
342825
336020
274874
151521
235558
105133
343964
288130
376309
274741
137931
177890
371635
260664
376132
418220
174200
153964
310808
125711
150678
359162
134938
376802
411529
442806
401822
327254
283758
154484
231626
118999
346562
171339
393993
102102
446981
166133
370421
150637
325659
254143
233773
217673
415263
437243
116120
101553
246651
218968
302344
405919
340107
126137
210545
376146
355440
192400
254013
451216
219296
187466
160779
434854
258605
240597
192492
178100
337403
352222
288639
298417
166824
282480
437950
283149
245876
223845
203634
366935
216937
297995
325731
239274
359391
233307
356960
172861
359605
270389
324212
104763
236436
236824
273574
272477
104347
330051
232528
204803
298489
390289
250275
254389
189929
418851
361702
359561
189132
117894
352818
363973
290792
406859
376659
404869
142639
427310
436986
150926
324851
213835
117491
244576
418320
185333
251007
265715
281345
367200
180315
385166
128885
376055
162530
430422
429974
215725
383251
163304
445116
230980
215654
280847
358144
400037
322293
145643
331964
160645
268277
120683
128613
359046
211093
296800
287456
292694
393130
374807
340087
451644
365077
446417
436064
173957
352382
126717
306880
244861
324189
329518
220250
275460
427357
158903
339901
322703
264865
262795
105624
428487
427781
448036
224838
155327
191612
304404
281492
209742
425864
378024
440984
315183
349338
329396
284254
252816
107242
304009
252867
193532
299722
402190
121396
259176
264232
232994
254686
325271
300371
264797
103367
249014
288546
396758
422352
426350
318108
105383
433792
403100
389482
380141
301913
237235
343959
125581
293320
281989
264987
294411
308861
137836
397897
362570
327872
380412
209312
443117
384535
136377
227131
260670
130006
129018
280488
220410
416328
271295
171015
124498
263412
327869
221348
428684
227655
417552
172262
275951
426707
386091
413056
194707
310692
422103
442440
192487
225985
441365
267578
128843
325236
347601
172929
101527
355917
359512
197726
329254
129794
371236
100906
441963
159329
344478
341935
397700
255130
357948
288586
388364
274576
363012
240003
270476
176058
255426
256855
129655
427452
389488
107466
276020
177734
229322
185238
352334
111326
155259
285466
163526
363935
164617
291581
220597
378194
179333
325093
355741
135298
368164
149428
319246
229666
184481
306325
379245
374779
449098
164772
265812
230276
324106
303664
221139
436487
266046
197038
350120
350197
254156
373137
383389
337102
202378
196405
396038
187606
412851
293204
444246
322552
107824
399478
407435
382185
207795
390058
376809
322289
432000
406595
300182
169845
218109
269903
408461
209090
102454
404528
434132
312015
283423
281622
218561
371890
208253
267301
136268
198194
343372
106686
112459
355680
110035
157728
302068
131237
188502
134165
168659
318617
141827
165878
161765
435855
247773
240034
203622
126803
188317
345752
387436
369149
411706
272875
408685
239361
295698
335582
274024
183200
183777
398341
157430
161727
201584
393548
194890
137115
241425
311416
135906
372810
275526
329281
299211
124929
263693
192588
359154
169556
303412
119254
110680
414339
197452
383637
184823
299343
128460
318379
414419
127041
355076
296849
373470
242686
404451
226274
103127
337693
302343
408231
204348
194190
276923
247250
110109
387785
385249
101746
315223
354576
358550
125114
119077
124437
114220
380251
433650
344154
434365
304981
328700
348139
107358
453188
404990
368943
413830
204708
136907
416656
330595
317598
442526
455855
420482
275923
113321
323501
280117
417233
418269
276226
251781
297652
400165
291008
107198
287375
271151
122077
366669
119571
297012
318272
276763
297764
240759
334961
101257
133516
309537
306158
448523
318325
243709
425212
309205
448118
141378
115498
103945
128393
429553
251798
370861
126296
248913
320043
103497
151724
433049
385459
115333
424404
391711
200324
379418
388163
404371
296399
131207
303167
262209
273737
343159
168290
229661
344745
424129
195960
186721
204005
202932
239266
273805
226778
452118
359960
147709
400428
280338
249307
124003
105025
104642
321458
139152
126958
443820
343109
294377
346660
319218
262518
303282
241088
318630
167460
425001
174849
167778
442943
371661
285218
378826
148932
329837
115660
211744
342904
232082
306854
201292
270275
191725
150047
293281
378921
419117
147577
301520
295645
385978
377822
422382
120210
147674
225217
212856
302890
286759
310444
448197
417106
141523
430583
119429
273923
242742
322885
310109
428349
357161
202117
239648
241280
246723
336864
362506
210175
425018
410604
387828
250699
229200
208404
136448
113056
206084
285099
448465
415849
154937
407460
240710
142485
447316
270294
102457
317058
427455
104378
368643
408079
257878
351082
440016
448655
388060
323459
141974
187391
386275
240332
384975
267457
122546
343187
194963
367985
358360
253185
214829
190016
356814
199960
303907
131407
282775
213564
204746
367874
307392
409404
374614
341350
295717
247519
308174
424926
425840
436793
115845
296734
277852
324954
391752
240966
294279
103839
158198
450297
155797
443145
172125
137880
143517
401727
374708
235707
106727
246248
267004
293271
149489
268679
212559
254957
243304
208771
343174
194559
378143
260308
351261
228451
183933
158199
403066
122439
441484
377165
322022
293528
217654
263050
394944
412399
228941
146290
372094
446135
287777
201915
399484
186277
367552
164503
109398
156841
204435
232257
261849
170394
358398
288735
149867
303601
426481
278119
171356
261803
441252
366268
111756
294947
363066
276425
209968
340255
239594
218299
246929
130754
421340
268541
423479
275477
246031
113588
324241
371711
183916
402784
327607
136473
407187
294697
367360
241610
400848
229106
314243
277538
337013
221742
235474
371410
452782
316641
250846
344106
282949
210473
441705
248948
178017
220815
191189
426795
420346
265374
387255
115814
133577
293648
324228
173738
275163
127703
206047
108406
179064
442324
202677
241633
153621
436861
382522
404354
136048
190357
368611
198753
258325
146911
385009
329612
358053
354156
232626
235370
245910
163586
407040
271161
217687
327963
165324
302866
107384
100010
197012
208467
314920
284626
223765
178664
145671
332347
258423
302445
422522
373763
178371
347024
229214
235705
134905
163628
242357
346368
340402
443665
101078
123988
252300
173166
287601
183775
390129
386691
383504
127324
375772
267919
126345
115535
133601
447661
276506
171285
414240
290882
153910
206491
283203
295518
404449
256526
179538
349786
181467
155087
314931
196490
341007
326696
152158
426670
172722
204160
295797
112074
197539
258611
432472
308955
216242
378948
305311
187334
220630
108893
279163
442558
307040
310493
195744
323880
289371
126148
399837
285081
136738
331405
112471
211621
159621
155558
178249
197358
292798
394333
289043
377210
107934
144551
384963
214580
352121
450938
261156
115832
278796
432925
434380
212942
146297
343114
307472
381268
341850
236947
170464
273369
411255
101639
157683
162528
292859
100932
243362
338038
228048
214508
172028
326614
232240
340622
128312
308778
141083
112522
333660
153547
439899
345746
445746
365796
357923
221627
429886
448773
427001
311681
130922
286544
284477
274296
424874
165848
320265
205952
165960
394246
228176
139818
348075
345943
220009
146346
119615
224157
368026
382672
211315
345028
211972
348746
366258
363536
427590
242825
215327
171693
404041
342672
108984
333494
274306
336282
393029
396473
374565
454133
427112
109227
180800
265359
310240
425007
433942
246449
337714
374279
417240
353913
347956
136186
117904
440006
432004
140548
190140
205288
152959
266685
375466
169409
204174
129948
106991
268553
153293
280112
426245
181573
265472
382988
425595
170436
312183
425788
306400
130705
441299
226943
437464
255046
203208
193619
347524
317823
388409
226566
153242
363786
226400
446450
137196
420269
327890
403194
295829
103037
120079
404299
202096
149250
209908
267537
160304
173933
309754
313688
221504
400871
158776
419647
206055
160051
309565
432136
171926
182005
369199
441765
435246
422076
185139
431989
350455
396934
450630
376185
214819
304521
237218
190417
449078
172626
278337
235062
102435
415343
236110
432558
349252
146483
170003
183117
369752
339539
318440
109929
357916
327174
339255
289637
132228
217811
356069
102685
393766
404425
405004
414722
152372
400156
224340
367416
138587
322669
119926
260873
164669
380471
382046
212529
412526
426829
193155
386089
380208
207776
418491
124031
398937
326709
344078
321188
132447
386475
323979
193592
272984
228396
190792
435632
265904
231620
334838
119329
215440
336099
268342
154217
173355
305058
209754
285261
122613
415999
283729
412617
340029
305047
424855
158095
233911
336088
242070
449493
281440
156909
291489
250384
144052
276183
140348
172093
436831
166919
242955
326950
121057
151414
355682
330422
239799
391950
189571
345308
362847
141401
213272
312923
362824
424494
442687
363006
358074
135103
213512
123429
276952
188019
293858
285018
289398
384723
268488
356861
426982
315246
122815
112412
429523
437742
191011
316027
107629
132576
186641
446662
285334
116977
454243
329923
140205
204976
198696
422471
409680
141829
333739
231415
455916
295653
292041
230968
283650
237994
446282
252059
319272
100513
339530
334940
168724
368533
433685
216032
236212
322452
166569
359734
220095
323864
416927
104505
362107
323519
377122
179103
280799
214196
190501
183677
149698
122805
128788
135338
112699
425894
368357
117369
116967
137511
240861
192398
136159
387266
352319
316337
372086
173119
401088
183898
215098
162422
188769
400402
101630
394947
355352
375607
199705
152060
240134
249098
402195
134843
235007
277319
282126
250042
186326
142720
159826
406887
163047
192075
444786
419646
288718
228481
398361
419133
198241
118863
320764
217259
198522
315452
177131
398386
290084
218703
393741
428700
376270
292088
334373
127804
263167
346209
306864
266274
313035
421944
330424
409444
326741
128615
220383
209011
272131
203316
417604
383706
318753
318901
101534
433683
443346
115135
397174
342186
138210
271247
371300
198551
121500
359111
177080
377682
278002
352193
356178
186680
235695
356923
120092
227622
153923
456180
147326
178411
353010
288962
426687
100503
289440
191258
118963
417521
152529
388644
321571
433640
222173
121041
223847
190727
195540
160942
147203
276776
187420
114093
396779
331498
242198
350192
388732
305825
147668
318532
318212
341466
452352
435252
102845
189676
272354
398147
136913
293210
202733
332540
299200
147683
442738
298689
157781
347251
387708
183377
425078
104580
309319
222463
114006
311420
212536
105591
319357
336907
302340
203397
431102
361002
105505
388725
378555
198156
285178
234094
355010
404050
195757
278693
163862
227841
235441
116355
260716
391345
360195
191256
233355
229900
205333
375901
157820
220397
192630
154408
440575
180238
449863
152882
354845
259338
390121
108076
363237
186032
433230
416998
243721
316271
119988
317136
379393
392338
383569
140051
141884
113741
438171
363981
272940
240283
377861
258183
432581
312256
328844
336402
174217
226224
170991
343777
170275
177407
386950
416514
175096
273416
164564
325278
107508
360857
301583
230948
288587
425844
438322
397994
439500
314768
175381
177140
159197
317472
426310
199568
264832
429525
396682
146314
369303
264738
423349
297568
438353
448067
449588
254538
211801
406296
271846
312569
147539
184286
159463
323968
202405
184981
260119
352288
233011
302907
259679
150590
406452
447690
347882
336404
261537
223860
390012
402141
235593
261757
109406
160184
120739
247936
174149
427189
346908
328208
172796
177320
314179
360393
156943
263894
167840
194212
266987
397720
393053
408840
281150
313983
140767
411497
444102
383350
120902
195620
107638
365318
379347
250118
417175
144023
119856
200725
352386
107227
172313
269520
408011
356193
127731
293400
434659
118875
134965
167193
156686
261801
449630
281291
356728
408927
210824
308654
365632
184627
378410
104312
270732
393726
216172
419730
289764
290143
130799
268551
320546
220215
442810
150383
229410
427833
400773
257887
167743
237940
178880
311308
293602
133574
393898
409239
141543
199309
352983
421842
287795
348868
166012
421732
286790
317214
314485
452569
306237
321988
165753
444416
214447
444301
340691
102249
279893
100324
412806
261439
369407
210056
425318
143862
353623
162949
412360
145434
350970
174904
443940
144642
100667
446198
294670
349056
357518
425578
350714
305858
351654
421599
389033
198521
355092
437307
184790
313025
314115
118449
338891
202337
148919
256732
366409
382559
214482
326456
307474
379259
298664
211753
179418
448339
248172
423790
372756
233920
130321
183135
103107
112575
270983
366441
256181
263473
153914
454464
143536
267967
411862
357049
238652
231866
232579
333365
296932
226374
319907
128743
200427
181509
307255
279926
406131
248376
229196
380147
188996
245599
176981
381867
168766
285881
369285
102973
199216
365538
333051
440449
267068
210686
299332
143841
387343
370867
186167
144485
341028
117827
230359
441697
327725
453762
191188
379135
199893
313352
376172
336401
127907
425202
116085
372367
358637
266073
347677
306635
274413
386507
248097
361477
293902
189157
360422
223054
216859
159374
266789
145932
139287
271342
328732
160085
167663
393281
402144
349110
293475
293813
354277
324320
275886
288359
415670
215625
381852
260392
257347
378789
287258
218665
414134
243010
125440
241398
150911
169706
187838
131819
445676
389485
100704
200130
364080
156969
134932
329891
444534
213250
113940
342580
155520
420080
142033
227877
125724
188109
171987
277020
308324
136871
120203
433237
122636
225872
138808
290999
216678
417942
180444
140246
168739
174595
372300
128524
234676
386508
249355
166342
296221
155863
124330
157602
207524
303863
255363
145817
190122
120619
286687
129447
442482
337042
177684
203662
266857
419918
453293
116634
335079
369750
141425
105440
440917
168347
285864
148950
247422
110689
338688
100804
156100
101012
322859
286374
225221
124958
410721
412929
138826
367159
255743
387222
238510
232090
134156
275269
150321
403434
322163
351719
311017
157813
311771
310056
243577
223122
219816
281188
213400
413700
235514
421663
118746
217464
232521
200865
258599
224316
363170
124396
314197
163341
450146
418670
268967
386031
320661
192234
291393
229699
124046
325839
434694
314352
304136
106380
129276
442946
251855
418083
184541
338701
255762
258866
236815
316868
274549
378774
147110
397946
322142
446805
382733
187221
424622
436128
359866
301394
447680
254804
316876
405172
181636
298716
105284
170756
268788
451758
176127
134767
222491
365806
164653
306200
304824
163204
140242
171088
263957
218431
395981
245459
454910
248451
418839
182285
385969
236763
411377
307083
166843
109860
167600
265250
422716
375444
318024
430658
447413
109330
136187
363018
149755
351007
114647
142594
396108
220703
154510
184361
382752
300611
415227
195112
348033
368387
317424
280487
100743
343089
297644
376462
345280
178990
111749
298959
292928
140391
136675
163180
178879
215652
286573
113568
422264
260666
141398
184671
185378
219013
435657
310944
332555
416460
250987
216602
394938
374855
252453
331044
236104
214501
176879
208355
323773
405059
208439
288352
393706
375627
428056
222100
241643
227849
112721
427445
296834
213182
105667
187907
339081
384637
271316
202032
308273
115276
108951
425211
196592
278570
132512
317383
440628
325804
374476
322850
235115
270228
429892
344230
256444
259072
441643
326433
101335
182105
179698
250125
174279
224800
400349
149625
450248
209356
144223
119561
451409
297986
105188
273322
164943
403309
137788
132270
139113
132635
420243
189250
375748
174878
320493
329002
248478
167875
161557
291948
122659
354305
141265
150575
359832
113291
413004
260043
228311
306000
227828
393025
272595
338629
241609
364925
444604
215286
393636
422175
409946
397606
228880
148526
248545
369263
133719
364930
259704
133294
182667
118522
322449
199077
225049
153680
105665
180361
182320
420024
365032
118880
116571
366045
221728
189457
284659
261073
349388
264729
229568
422443
238190
106988
100719
349323
208881
342930
210303
178704
165018
386864
150072
142769
134956
172305
439561
448371
447348
268484
203325
316969
171628
441799
129586
451314
439281
367541
239755
334644
372015
179732
279409
415429
126104
248211
432116
134830
214350
305109
448857
327113
410435
132656
273926
362527
400248
102037
359764
415196
442568
398174
148430
258882
418241
451006
231963
177155
381865
453288
129212
352640
108698
154921
177786
337476
398948
198258
357970
400665
280359
160540
174733
389387
243563
365662
118437
234557
359957
290872
193002
442535
246182
250353
169382
440337
380181
160437
299105
333667
262103
186114
340670
216782
157424
108660
334655
122962
453717
242844
309854
217537
302617
168359
451275
453385
395979
156106
203892
250903
146818
169943
189848
141190
345534
204022
362356
412130
124127
379280
281336
275237
295975
114650
138272
139484
424739
150037
360693
389324
229786
278551
296832
300780
433624
206591
355843
135690
339238
265562
308487
382200
271459
265750
317828
237226
336477
145091
440093
283625
244538
404171
281573
196351
275360
118800
222727
329524
321201
292832
347497
419280
243240
185145
165068
439397
374094
409110
212319
226777
215013
446404
299407
362333
391343
244773
286887
307038
278775
105984
238982
274382
176553
127483
219794
314326
134522
121594
332034
387463
109200
187670
126100
109926
105610
359998
350314
408339
109824
251071
381076
171222
355251
438975
266738
248065
217647
364256
215540
156869
295451
152433
165223
227720
284090
117422
134103
341734
422793
292315
405596
370028
372446
265926
150295
133421
378499
270830
419084
121246
396579
255638
390753
255629
138821
289658
211637
346401
328143
213118
314521
454972
281771
161419
173519
166711
246451
124315
423553
432300
129906
355645
376507
370348
419515
205991
203772
436302
222477
289400
328942
149016
149141
172068
135315
101925
270491
355672
151008
296402
220541
372424
397056
115590
434783
315304
451004
188953
213049
390956
125346
185908
406914
346999
257139
184435
446736
286186
453705
183083
132080
315190
307250
313241
411654
438984
395290
159406
305772
175361
157305
150427
442901
156454
347789
243116
171378
320249
190602
390978
288069
306369
140904
189696
113658
327610
343189
215244
432198
431338
452117
101526
147045
219301
428093
255681
308616
121110
235406
373447
243686
135548
141872
281740
351579
222210
313091
101471
328922
373856
187276
184836
253294
145272
401115
410539
371778
377212
100049
176099
265885
182868
267870
159588
423217
287157
173875
123821
361337
126787
126446
445241
409955
344325
170177
256737
326903
251612
127527
123054
255715
423526
452548
399513
286775
324334
432723
281754
125655
303697
354228
391270
287774
398633
395824
388747
345340
437678
419032
183307
317779
356615
158633
141581
313643
188619
292175
192153
445624
370170
105956
322657
312084
396714
309633
226855
287117
145823
274012
382316
159982
145555
200341
204037
192475
168950
415797
304763
108155
436160
206048
386454
141983
324029
246753
365386
226967
149285
113187
406755
264978
231142
146294
198217
215260
163912
343656
258499
416975
150328
321758
146110
167804
129544
322272
150796
412872
311495
407582
115486
149037
387065
286690
422965
426769
260246
425077
314427
260903
269338
363862
104826
185895
192522
450053
222627
405249
187550
349151
428297
324076
384191
294891
288336
442839
116478
218559
234864
435538
338763
292673
145117
368038
216267
400100
319271
236808
203943
189954
148290
291376
244744
192744
190137
412971
444430
414784
298236
241332
254364
220225
147870
346061
245172
308347
280514
344810
290295
433318
204724
257836
398551
354655
284162
105372
375859
109129
285191
307395
198059
418334
165945
143763
163054
364641
227519
381186
166760
301799
271045
313733
314598
268636
265852
356490
264276
359150
113389
403546
415356
324068
435990
295607
135427
233988
191176
433930
263822
361601
263935
163308
368124
139622
203161
237839
428103
260058
181266
268008
200829
303759
390936
110388
246159
364684
184800
375870
407529
123822
182926
436282
285316
258880
400162
326619
127439
150393
324543
397134
141837
165196
358645
158398
110945
237877
389852
328702
284200
434265
123852
240167
206948
392669
200507
194858
360642
434063
448638
281028
279480
437292
418901
244231
122190
402382
111383
340415
142629
191091
305886
255152
206865
454490
210163
412747
132066
272364
130032
316013
272070
101828
286821
120078
211954
223184
274558
220320
207325
205289
383976
383366
430072
124387
249248
394794
168399
128901
424355
207711
447116
217774
108369
107813
200679
428480
125594
218959
175121
362066
407776
350534
109983
284118
167119
169954
402380
375004
246323
419370
119248
411998
332000
105258
344145
101437
282279
197053
276592
407296
218716
387676
198531
423620
410781
447485
218082
274517
338527
350717
290028
455471
411747
269295
317778
349344
122906
388504
426364
402208
164840
363586
160892
291488
336054
354455
276008
334614
172047
380930
102103
374257
214408
401410
184420
172283
450536
227233
120565
252161
129621
174917
376660
243840
172339
309229
376955
186285
217057
183992
152843
168121
157783
231087
196911
385362
183314
218370
405457
188749
263528
305944
430713
235520
189644
166880
241364
271497
340097
326332
343086
427793
455169
407747
189766
427734
135758
299644
451102
276914
337341
377594
192524
234481
357264
289861
369903
158575
309938
286706
315365
294962
404218
119287
421769
454437
167610
386329
407418
235250
238185
369337
441187
400445
241055
428879
435749
212372
252588
144129
405746
366495
341628
297124
303518
246638
149948
323886
309428
201786
146035
207919
362001
288822
344251
170960
401087
383055
436675
321326
419672
262635
330886
388037
441532
144216
274512
100421
115884
393956
149869
138372
412663
435656
108302
272165
390805
256070
425469
182182
198314
234496
413158
121401
452236
238950
114299
328437
266431
105494
285142
454187
241660
112091
454394
327895
442938
277038
439964
130720
380333
217033
187377
446290
413838
105941
266007
157656
110763
414883
404928
109543
420256
377311
236570
251993
185964
340164
297454
359441
279634
246897
234484
331084
350650
364940
214136
266211
130759
142735
261233
290531
155508
189046
289286
219985
160199
314130
385516
132546
340213
221063
285933
222543
361336
251088
265387
303091
270968
182975
109005
112954
373434
170055
177092
142388
444502
163585
431706
417285
217450
276777
365127
301535
115652
146971
378553
296889
372185
108863
349441
418229
183893
297361
342804
313865
272553
344551
404202
441821
426325
180970
323630
185776
151545
268477
135440
355254
416612
385099
129853
358887
226486
440958
178113
386015
291786
313238
278563
365411
263866
413133
229501
157933
111506
369082
300402
373772
295803
130352
212150
308087
171335
315051
279216
306463
261371
276305
225630
324096
370211
314735
312327
381627
241328
140399
362281
200513
120369
366710
180232
125677
227051
130429
439689
153749
417981
135207
108541
342999
227629
175114
280534
425829
384937
358700
106670
304190
233642
348211
121023
173275
392152
372443
207399
453656
346771
350450
153247
127301
199647
167435
142879
274598
231605
178000
223497
238865
259571
236949
276469
200992
400966
298053
242471
251377
328396
330234
292050
333208
310270
114330
246020
210784
397828
233047
300675
163835
212155
346462
122727
299315
396852
419769
100761
165074
379240
450979
265766
281935
229655
260164
301170
430327
454291
350759
362720
297499
421438
301669
108561
335144
299671
215105
442088
328520
226327
122057
251118
428031
339880
317081
377882
182122
383803
405809
354408
277813
365395
110369
235073
397936
162083
228308
107393
180228
223972
173314
111542
438739
189740
323766
318501
206717
138887
162552
146538
334894
360524
277402
350967
228753
447755
343972
144838
133634
150959
389810
211471
393700
129746
358709
433284
427468
140216
210348
238675
383043
411824
293572
341559
164213
369430
399085
356925
115080
173700
320819
444366
397441
106495
120122
393439
252732
369709
450380
102098
343867
311301
278895
256011
372831
310622
418908
299386
335788
349882
163439
435728
127426
408113
276100
391655
343967
264928
272448
184472
395177
223513
318524
114735
417287
225870
447310
399558
246868
166285
286554
399189
250768
145629
312606
340731
454176
120047
397471
175390
237172
344733
281426
219519
347980
353935
201166
430174
435488
322466
347718
220730
368891
454769
161563
103417
366187
360598
274524
220967
387100
312919
311226
359938
329802
306869
441962
456127
143184
136045
109899
231586
427511
295075
426271
245161
150769
171391
395597
128330
229458
101915
209224
263003
199606
190035
166725
193004
265933
266303
406111
387644
329906
161448
435209
320501
332436
172702
447380
165639
388144
297888
182286
171053
179271
438515
227777
160201
188806
311514
244465
429298
452531
437349
178377
196113
257626
451563
213724
431402
438316
159856
295407
379378
385401
185653
429610
286686
296425
250932
183441
105411
119610
369787
281535
244821
341593
400262
441540
101569
214083
354247
355414
225742
278346
294600
337155
351941
351032
237426
139921
120687
374745
418776
222095
255648
342629
144106
248843
253813
215509
332590
157660
204402
111752
427878
123562
175657
199535
310176
259832
418853
164315
438835
346733
223606
383800
349952
366114
216499
143412
151590
228723
339287
357301
432549
406485
110192
279583
159479
263774
288388
228582
428541
209720
266397
124937
299118
165482
309651
299165
330080
454041
360120
426962
209819
146537
208107
379568
445089
189999
146031
381540
269793
249322
188952
290748
402989
368439
215017
360109
236013
149055
168342
233737
137847
113258
385564
382948
234554
356268
232431
219609
191789
377264
331315
353591
236260
217469
406219
176150
209511
387729
319679
284688
156900
201021
170627
320349
220577
355643
150004
382438
247263
324099
321121
450424
233174
145992
248200
174075
161049
300228
385311
308911
223644
305916
296065
278147
422649
246775
337463
132579
260779
287983
355688
157344
114544
388818
104199
428182
311287
178360
254144
336457
222005
148123
379759
411149
237969
221166
438593
442257
224077
274880
167113
450599
203930
337762
272020
227497
186727
360548
405371
444828
120259
167467
397054
104585
176089
283316
452737
358903
224890
231012
309217
301154
252185
110246
400078
218573
419354
340897
402059
115767
382202
189206
309954
446221
304934
185195
313673
117049
116722
281129
116554
172192
294344
129862
140979
104182
254780
234658
242033
297662
164459
155146
168008
245179
420404
139815
289086
237613
314672
217183
307573
432394
259813
235807
331445
191470
316347
268480
333116
293924
286622
365568
420372
231981
386420
409974
362023
226036
385819
439628
385192
256480
208528
273478
352735
448251
254142
149761
203442
306380
304556
189423
351016
287343
102656
430888
141161
377048
169136
419166
237884
123284
398359
123362
134815
373928
145411
420568
214908
339796
450222
276514
323503
338900
347105
426393
282131
367291
308803
373522
200558
276028
415345
431694
232978
134067
247226
128010
237404
318003
207914
413913
364098
378775
276290
235420
157079
160718
223104
103247
388114
276607
128826
204244
169096
287393
251842
119838
190975
408537
397502
168494
170375
381359
168851
286256
448530
339741
170121
203302
223039
441010
188297
111468
269907
237999
361893
220342
425366
270549
205727
384387
108757
367185
311246
215701
329928
263073
211935
370886
303665
216298
329805
399699
391173
381857
280547
293750
436878
428595
193671
255020
268860
401106
314357
230840
252507
452070
355212
345351
453475
128947
113771
340619
348676
365121
242350
417142
301756
169019
323094
265534
145842
269611
150978
195414
351428
237072
395002
423569
320505
270503
363332
349210
154823
200162
308085
228516
455979
414087
312628
117962
375247
260750
230544
392627
298273
393250
391736
280106
334281
185630
360378
196283
318166
360865
109762
128756
217812
184373
287477
252373
248806
367992
252503
107706
445581
155134
314704
422232
181030
268314
214768
320132
259584
230823
385424
189842
429179
300237
144265
384244
348500
122296
409053
316591
382474
136037
380293
415551
242517
257181
111082
346653
178918
360474
205384
215297
175753
106728
370965
453026
243981
245429
412107
152682
378500
116451
338201
433828
425892
166911
103880
234285
119637
399434
132393
177957
122652
336330
172721
121522
219525
445693
318734
338265
144650
292117
350046
393323
422061
451375
149716
295203
131149
332644
198288
422930
405547
290836
281640
210228
430098
197388
163886
288558
370044
351450
136155
198871
131710
402492
449049
438529
136408
166687
291614
452583
265746
185069
392385
134208
206442
358138
257633
161364
166869
430070
250465
178270
397827
344698
353301
449896
430929
156035
183629
170603
423911
228393
276627
217077
387067
311932
412757
385112
270169
417919
200564
395369
229010
411180
182769
289288
287730
229736
226185
320932
109289
191585
256018
302261
389880
430947
409378
258413
228511
272751
345569
397578
142353
382622
301218
258648
234709
143103
373221
278790
363823
356729
258452
261825
390741
375392
214694
104385
115164
303714
452083
313126
449736
361649
213000
165791
328917
311922
236512
235942
381286
389974
275484
223788
378170
424325
265041
424626
264147
173553
437692
108841
282038
117182
180301
231999
182278
358208
376175
169058
164940
329920
134929
262517
209710
418643
207491
360938
406642
220819
420013
389567
437469
281011
122554
368010
344000
301726
111953
381712
400839
113642
374869
320463
261517
287267
432398
161371
314238
315578
103094
239114
218470
126662
434972
219540
211581
131208
410013
119940
229247
409271
129496
195706
298282
322014
329800
222443
201240
421085
431063
182351
124146
150061
107271
236265
156670
369467
365269
310372
424068
179278
135858
130538
323469
286345
219681
189226
160060
135582
448041
168934
286474
216251
359413
292507
232420
354771
101396
237694
140171
228211
160529
296617
125023
366204
404458
314311
131083
397065
408708
343844
116344
175184
343294
111131
386643
148929
317265
251935
375576
246295
398643
136309
304636
423898
225397
411646
276490
283407
132476
246168
380287
292528
121060
210864
208294
166500
341404
261089
154400
314937
427730
279866
258272
404082
410674
439693
214921
384541
110056
137083
372595
436232
373048
298885
364055
187257
376141
192379
225435
317162
431592
175042
194634
450886
346893
350390
331192
417288
447229
231238
290339
336613
398828
270755
143882
305874
130301
250888
188024
185930
181429
158584
176880
196262
101621
360432
268408
214918
266897
373835
271004
212266
350196
454764
443693
192080
125098
424388
396947
313447
329999
155414
126256
258467
171186
207565
221625
182368
236670
287838
388436
203888
328141
341778
135960
242883
100415
454098
257159
301469
275957
431934
316025
158271
416032
135964
192988
109265
283801
144370
286765
114373
401864
217675
118156
276162
252615
343253
100555
341439
155801
404674
308031
130086
274866
146435
218043
249969
134379
172845
128105
403539
323081
151221
248893
122658
155645
248379
275008
282414
158346
392877
103991
409911
159319
434603
316893
142926
268640
413343
160537
140487
429500
446584
307880
277868
130717
115699
365556
356812
160408
421576
418746
374162
347836
372526
340741
333280
375769
367011
444992
366821
137387
192446
398847
324143
365775
132093
315461
186578
243305
315032
201329
212632
455727
397527
273358
309916
116078
211531
299419
352849
347496
174825
172162
400408
220213
412029
113699
135039
229972
269699
441344
238447
139143
399852
325986
307823
231035
160987
409973
343269
401637
114594
298781
138952
399130
116358
272877
381266
163181
450410
273464
431483
288511
319093
393120
337384
402560
379958
352136
221777
373423
254369
196754
172673
256968
421176
245515
400305
327588
450802
376429
360082
329702
190924
390523
322435
162821
368280
273292
355805
237764
364768
449961
176784
145732
171470
370673
238408
176014
350526
368932
225489
366195
225325
358166
273447
185414
241936
271711
169039
372612
433137
227208
439120
202408
298434
175524
426965
243796
341079
271998
202893
160355
158382
443714
148156
437657
331479
228174
315331
152502
274597
319834
245022
319606
166411
418341
371665
341654
211757
221464
337139
226946
314951
127716
110892
250385
259498
133976
137066
265710
166397
450815
399495
223605
386124
216519
362912
298055
401221
385869
164937
210507
158258
424808
216920
281225
381941
141370
198823
208573
404635
294342
360357
183155
137864
394521
296850
223908
450821
226754
208956
437874
307346
358223
272171
319793
394142
125476
382803
150790
315779
152896
352059
344439
303929
163546
454793
216266
369487
223903
430804
143892
440614
289885
284483
436226
192136
298096
213939
403629
184170
234634
126083
281168
350477
259276
395642
308922
180959
366092
134891
165217
421359
266039
455078
180980
326146
418111
304641
281945
262486
278504
135196
195767
255388
312247
192716
300174
271794
443600
409114
389959
200767
437920
267278
391474
228017
188744
170923
431660
111522
455564
181060
389806
201938
206921
269202
291578
178898
396324
402010
353437
266949
356794
334562
321636
363571
212840
306586
331121
378910
158080
391166
163474
432725
278056
297162
303868
418711
123671
322795
171251
425255
273132
432359
199864
135842
412223
440047
391454
250425
348007
209590
255611
405013
449968
244401
167793
114623
302267
399280
364634
122842
105237
177371
303874
143795
395368
170862
151292
263554
300873
164245
279067
173358
106847
295755
341531
275521
386298
378976
425043
284723
226603
204475
218356
235494
239564
455596
176304
153863
351629
245186
304507
268431
413176
207677
376941
237207
202790
129451
434028
451580
330678
311240
325329
106583
329753
120544
254855
325403
395761
298267
141986
238707
182304
378535
149136
416203
119730
405312
164779
385892
321348
445434
228936
438905
146661
137725
210892
448248
126987
383491
190037
238685
182103
350605
429773
247661
124501
182453
123729
307343
314026
100980
409643
315767
303134
263936
336179
218540
218980
385614
201439
228553
129507
260507
406101
454044
129405
342632
443887
175090
287520
404752
430402
294262
405053
361268
261259
161728
259845
291722
267948
142127
177429
128653
300837
402367
196991
134592
323759
240129
278792
403785
124346
420131
339280
428814
118904
222300
257175
328887
256119
235414
133355
431552
244726
309174
359811
285633
416922
287805
222838
384590
418847
314341
179612
418321
384056
114533
253514
237018
359281
265351
312729
129337
415866
136874
426321
232658
225260
218752
414655
137959
371094
287964
161455
410350
163954
353336
265987
323016
233890
247686
357792
306540
448854
342821
328919
270594
258446
409345
207142
308076
290616
229942
361323
181248
114980
367815
195368
406748
261865
208678
260107
263848
207874
391052
425574
449891
123459
328423
355037
358108
245370
254021
121716
314845
455034
288468
367168
380741
436392
354987
138841
285764
331112
134779
373100
251769
255065
378133
262695
115378
364460
383111
196010
332079
448438
252477
180211
239451
211012
385591
385768
406189
192999
176405
195916
413429
454747
146244
212742
385599
411544
331312
299628
111306
379693
226239
225588
128663
412985
360786
335797
247788
297715
312429
286037
192937
371757
352142
149223
399021
378742
159404
326393
122293
270448
237966
156591
367749
434225
420689
205601
256226
289214
163259
133476
139068
280148
306338
265639
334395
228738
450803
294871
299219
206553
110123
288080
246230
142417
379602
126609
339010
383212
134189
184909
273186
393299
368541
222585
377814
438724
214378
190848
308669
100909
393725
387270
431398
249521
339620
390595
241791
402219
130274
195816
265883
420673
333925
215613
338541
357391
182908
289392
340367
398719
388989
227023
174002
377718
156435
375596
140078
382049
407294
308036
112772
112375
231684
425691
359826
103321
165332
144573
317157
120514
161091
420425
278118
150703
295048
248343
280126
361435
143111
411317
436191
358064
107025
415039
126273
395801
280109
385947
331708
280925
153509
283886
254403
299342
393694
303267
155473
225155
331209
322671
254827
347409
365597
255855
177557
278763
381888
227118
364319
241848
435347
306118
447495
110182
396764
350546
103142
181651
365086
135568
219341
294229
318302
133320
155582
186212
331998
240822
141553
417248
145449
411796
324647
354281
248265
123162
366755
198898
142546
223312
186955
448708
204797
231547
175791
236183
186912
241994
232913
388942
433437
275681
313925
358401
165378
429342
440636
332875
157917
254705
157448
169210
153786
107732
114516
142541
407665
333443
234290
421667
427103
213225
324376
296144
188197
342260
366842
173015
190857
120044
285619
173213
315118
351549
395714
271573
346761
434633
294432
427343
153692
155271
272500
259391
102263
117708
411649
272033
228236
339751
170705
365526
349005
371442
383758
268233
409313
300485
378968
449959
440594
392419
164187
206907
279673
348418
297574
282524
429960
312403
360243
121833
158771
379710
365278
295270
380769
321179
410238
396724
370726
118639
116928
160134
104865
437172
331305
292524
237661
290599
180427
411552
333144
137312
433729
211982
453432
182462
271323
418198
169703
149981
256514
448936
353705
300085
355189
372935
235516
258072
419047
377313
331395
310833
212131
140296
151116
433538
254362
189745
326634
151392
206829
268895
262358
435524
332539
317753
186332
248590
217739
405459
257339
377019
198577
104679
155976
173863
129394
145356
437585
217266
292234
340085
157244
273040
217072
360105
219181
421202
292213
240291
306996
366885
112609
185250
227176
153355
420447
117798
114103
378556
454960
329451
175792
100432
444410
220232
424183
435152
421730
176257
226737
247996
118598
279732
289659
215667
205743
246501
275403
146907
342895
220707
307584
120875
198366
205267
185161
308412
128345
273098
243178
326007
442411
351869
422414
431197
372383
374364
225429
450009
388207
402401
408553
373572
137580
344687
442815
204617
376898
351768
383094
131653
325538
193847
110986
359850
454873
341986
386362
198807
330761
174772
153921
264910
226617
112657
415997
364088
404879
257272
376793
404051
287555
358196
305350
165585
378445
406839
423981
281073
294057
190278
388973
145178
146564
395070
285991
261235
126507
135992
214422
409701
110956
280285
418879
221607
184567
421117
299844
126411
212062
411876
183323
402437
333184
203978
190403
324897
309386
163591
391434
337197
408291
134755
117359
246510
268956
357402
333611
422743
390226
442475
204720
314440
243640
120197
314777
368639
340955
403717
403934
188145
176701
139949
324327
436221
264525
387505
117725
445954
326093
208116
306208
378200
203099
402411
180979
110228
450036
126183
415827
259140
106089
159292
252657
157841
367115
419864
424529
415199
312836
400134
298726
409527
235747
224700
266250
443947
174765
303367
237854
265504
414294
295411
197574
318273
452860
398356
125575
345605
146849
423595
413966
293115
194593
272005
213300
380155
280561
397293
436500
198154
140415
231229
369674
215365
203557
429564
147975
263525
166450
365045
107433
337060
204938
323545
113640
209851
265342
364725
205189
442201
389760
171631
389307
397639
221122
256769
342116
393601
455497
412748
342178
407397
253114
228081
163999
204545
356180
438461
405881
183186
185912
111436
230597
106443
311986
420316
447691
257972
268344
283307
324366
321090
283445
231632
266180
156990
424456
205544
116764
267813
335372
239390
273043
442887
116021
375717
441839
301079
371821
113140
203356
219612
178368
142648
157205
434701
389853
306533
333744
316080
424726
221561
417570
383222
174826
444508
114261
193083
128173
445869
122734
322107
403317
389089
283381
297430
382801
330144
341985
224351
351173
184274
351859
222644
207135
195567
306251
180380
340280
276792
219218
332002
172532
336681
432007
387250
299562
270384
223899
226769
122505
444974
235317
452555
191265
180196
186580
440612
109791
215503
192135
415858
112038
171536
254935
220350
273896
338270
132413
422507
181309
205487
309027
410557
220223
316938
403992
203101
261199
358016
118222
119791
364692
189658
418530
394612
431634
128606
148020
337434
236447
249217
198291
178753
261401
366599
349128
268297
416193
281529
312014
196725
400979
175868
435633
238841
217516
227648
208354
220154
418193
399854
173239
129700
314790
408592
395343
454189
145788
254436
422689
132950
288740
113477
310381
438399
229719
269292
447829
195475
149328
275229
305909
280954
177313
179285
295699
161815
166693
383211
178535
232870
107989
280606
174290
161622
377147
317171
211749
100317
356647
172900
185887
319857
334859
423067
390486
292887
192596
254708
216424
179840
374564
329576
239596
338820
411868
401944
164415
123047
197444
305537
198047
142367
158888
154275
211813
149776
294351
329424
355149
136520
278394
181143
216484
124276
359263
281069
207469
380364
207454
225938
416977
438433
301618
424046
212923
223910
158599
105098
244850
416915
188963
372600
337292
229333
149017
260778
219387
275186
369265
435143
320910
272664
143904
210902
132511
247792
167045
404995
238016
110972
353088
321399
390821
333914
409351
335946
414088
437724
436971
431494
259563
302612
247741
108957
337017
291885
395948
135736
297672
108967
249208
445839
158543
251145
337345
427374
277957
294270
440242
156649
158872
330392
355857
255839
155286
238400
453413
203784
287446
315382
392913
281636
133149
191816
199736
134240
260620
379207
158822
164941
399063
163799
360167
430775
110193
312918
424201
105930
213660
213867
259023
150443
440027
177850
229449
363115
260594
156121
264200
133909
291049
443514
432483
262217
217569
105064
207578
171562
189530
271707
289561
447855
167560
173203
234639
407701
420947
382089
114661
244530
376792
324727
119588
117310
141294
309162
234435
173024
340661
295484
445010
102076
286819
211322
420672
210323
208920
389849
250172
425246
375564
114054
367637
113252
125333
365755
316389
303735
172021
160517
313881
159657
290156
455610
381963
191996
105855
107336
283463
283902
343781
330328
107998
355216
298594
236398
220546
125700
231352
398237
217242
221276
236015
376647
421791
143886
114889
269843
109313
320483
442217
116642
424552
325685
167306
207280
290271
237682
176164
379675
282983
410178
326169
381496
259840
185132
297780
430388
374080
213417
356773
225643
276872
117426
128242
110256
231539
228216
265817
175296
321449
455991
224829
365846
141312
313672
136953
381122
174893
382688
352181
422105
332511
365239
226782
354370
111214
233460
394954
198882
264472
428381
302040
264812
396130
419223
419387
204825
273440
418443
121727
450780
150372
165993
122007
339680
324483
370191
188915
186067
337745
365134
412189
296258
425758
159287
176687
420451
297593
336201
192736
206431
240570
288304
128316
430510
164720
165760
230290
107500
353464
324308
156399
297219
188124
172099
283302
302788
184126
429699
438643
309212
157282
382841
370966
161729
396349
330669
227572
419004
407891
245670
124370
297827
209484
279644
115184
192178
341905
256934
386668
130145
171894
262909
363987
428016
181590
439953
252847
165718
191618
113468
147662
380004
214634
396842
314269
203747
315199
145513
366100
263904
195449
152189
161748
285667
439887
177677
304407
125483
383105
283471
167864
351868
313407
358285
275551
156505
153722
334965
424795
289742
268471
168302
164811
334208
416827
417597
173960
444584
376510
286613
304815
451446
289132
391747
246954
395541
241249
338609
167706
433712
201355
197552
229225
131687
432208
125549
387752
414456
337005
258309
136027
421919
382179
442706
204890
189234
115512
227920
317641
121199
395139
169949
118868
151727
411609
248222
311171
203020
111517
240871
117108
432021
152857
162472
210117
403986
424191
403322
207898
286320
234647
376985
175119
287513
117033
218952
439858
377977
341637
401909
194437
165920
334770
363228
285495
412001
371922
113597
367182
181980
354468
305345
267266
321777
409720
365295
329642
285094
404873
314322
362337
193388
158012
396064
367566
454614
187510
391528
390036
152455
391694
144794
304085
444025
230822
266081
189700
361938
166314
281821
446326
411338
319464
380440
166680
334170
425357
385833
184188
330536
219590
435914
355685
336611
123580
380975
118526
215339
153404
402007
188910
306274
435680
133594
451366
385558
374470
183553
267556
443444
405145
177947
412846
417684
259300
408118
112764
382902
336024
308165
307854
313278
351145
126461
261802
136166
338213
111663
112602
129820
123058
184344
395444
311079
153165
266716
311101
338993
341351
428611
190906
106668
451294
190711
454968
145483
274843
313205
424217
454009
278910
323597
428885
187170
129810
193892
149069
100110
179242
367077
169023
224746
275677
274369
156152
142282
422868
127445
179533
219257
164681
245071
271434
180451
234456
391569
151096
346772
429593
420910
234593
206803
319809
100098
353495
150795
234053
370776
328547
310961
279126
204819
283490
235316
348981
143525
153503
447846
313353
252172
191995
336037
130792
361030
250419
172516
344605
379917
237300
437603
329661
273492
219393
108107
372116
311504
322009
423868
202751
268718
126208
326193
431078
307116
182739
245410
340830
217551
190819
405926
399365
205900
123731
451809
187099
337028
304098
353733
105786
340675
372035
380456
398204
323098
401927
176333
120842
355613
281766
436619
258188
431277
405925
306772
134376
129656
115849
112668
309952
268191
220687
243792
138250
190269
187288
137710
193427
446066
356778
423419
157642
248071
165180
238423
281611
378548
226230
226142
216509
130442
423804
164302
228394
110152
231396
332509
331061
384418
132154
315385
343637
241171
253083
345837
319407
346313
295860
198076
310749
314066
394681
411662
351604
393472
162114
354486
388562
293992
165377
357426
234301
323619
394758
410826
264253
451311
453380
221914
179464
337185
449782
111502
275719
221106
193043
328114
389346
323097
288799
119002
136101
106865
367765
237402
346606
236277
393442
418735
125621
381953
189760
262876
424799
309134
322076
364226
139170
299192
388051
131847
375614
136784
436091
171438
308300
295440
430179
147257
323603
371014
136896
165591
432491
224140
205401
193432
103225
264019
205482
138720
311164
212459
374539
161051
337775
349162
363660
278962
383771
128146
207146
187351
371855
236227
426564
351334
284862
427257
200514
218097
417000
357133
109693
257274
376448
333720
116497
219299
117319
336468
216119
411711
108495
250849
274117
266815
416134
394511
330879
394030
288785
210671
121770
251563
168725
398302
289957
111785
340047
200481
112195
364497
214956
318258
403572
453630
351190
330970
134875
164173
341474
443209
430016
383586
268352
288860
184996
416414
453207
198070
309671
190812
121673
115201
191849
443186
321354
331766
141973
255886
229441
331238
192240
142149
369944
285671
219583
115997
325871
273512
450489
113257
135722
292249
247939
319757
308105
447911
425275
199119
276838
374410
122060
309741
397160
154246
177444
360905
333656
437960
251194
164454
297998
261583
378391
155357
194922
172728
426599
202323
242266
133610
294398
450983
319706
278805
265770
365687
300952
126810
347780
383071
309456
239301
128532
229701
128308
374838
125493
112410
221333
262837
314349
339701
232242
208115
362784
346646
194882
431345
145972
335083
251153
360267
394980
354467
446971
211208
376791
427457
175772
176544
327053
147359
149893
347668
368395
131649
244627
449220
412116
197006
130316
452847
374191
130545
328223
405928
289140
123887
355135
418822
387101
310171
182166
446900
239932
429518
351569
192808
273123
125562
397004
174235
230153
195031
142391
238994
105562
397750
308766
229908
106591
426569
176621
276299
445973
100032
104903
319778
170640
332546
175905
345792
266142
365835
386985
386535
221963
397275
302906
365095
148774
174768
276005
322277
344098
394694
262310
454074
298642
183534
204459
420930
214645
136040
267009
187629
104119
397372
212482
364442
216898
398898
439182
185798
436099
276874
170658
384146
119932
180912
443518
260857
306079
423505
191123
159313
375334
447602
315704
192424
209035
264155
382691
313508
354350
381802
440693
120731
371861
130580
281970
267936
275624
234620
437406
306054
169150
436661
209350
272273
414664
127125
386312
388956
319080
110727
396755
286031
187497
327625
381745
440487
312067
189024
403306
315155
438160
125869
400404
456227
284724
428092
103846
358358
310407
231604
142911
320435
194919
183580
301742
319647
241449
434204
340016
310637
118688
207763
332004
293244
297399
419111
308757
411034
320727
423276
180290
162578
409359
293627
293697
123063
231104
212102
109024
403256
318095
382687
265769
388922
240521
101493
304724
258182
211911
180530
244817
150006
291328
298667
266451
292019
267831
306465
370803
137226
178905
178749
389682
162609
317426
410106
221515
364323
168804
355480
392113
394462
235238
304000
374281
290163
224709
415097
394886
413361
386322
174042
402330
281547
196750
447177
149709
420416
340880
106996
177675
349346
346013
325189
186510
391484
258813
103526
340852
401393
150486
400345
295480
102036
238105
157234
167177
301552
296230
288098
220153
233330
325015
228994
386370
192849
208365
416823
378003
300625
277833
447487
252439
407719
126826
416500
390177
414504
156826
311415
189832
405891
219885
130973
412867
188305
177986
109633
144730
290729
446411
267724
390543
349515
188026
444920
157335
183446
206263
163505
261822
286190
363844
155315
336880
216948
178552
302349
255687
328617
179329
363444
146440
208879
208437
147348
225490
311669
444292
442373
353555
237413
127515
327678
430026
117334
402510
450462
319403
134432
414753
455035
358725
194575
145652
227961
419292
239602
158170
202938
102132
100204
173028
205917
316131
192763
334551
269306
369521
380722
221070
399819
301996
122225
264040
168052
308533
246047
190414
217001
453928
142660
266922
408817
406508
300121
263730
217947
376605
166120
200840
298445
145266
243270
345544
280909
420126
330813
415897
319038
123443
145113
109097
388542
360156
420710
268283
295051
112963
442432
400372
378661
215771
385897
424757
391536
232124
176576
253108
362655
241679
410599
273128
116555
409191
404643
426487
125340
455477
150569
168908
158934
144765
176690
446343
286376
206023
143083
254974
367192
334668
376382
423254
275590
434906
276396
172625
386114
242180
182728
128301
236992
349684
215776
151806
330833
318348
253301
286270
295751
386049
374370
284838
252942
295230
330871
218350
236209
448581
259410
435841
216757
267410
185643
326329
339359
452155
268705
420566
411304
239888
400145
308753
254901
126748
206454
441295
277476
323743
152609
367063
166486
205124
183353
377173
406604
266069
294482
142970
294887
157589
142482
262500
426214
397504
116820
363494
112959
361187
225300
397781
389995
322398
139623
253699
293786
259775
221871
330021
405915
164432
344089
419564
165813
312894
404826
155932
248873
265446
125976
296111
251674
187501
186292
369034
133737
224637
155347
187788
235190
268588
204197
279413
225577
435244
295754
314089
327162
311917
448061
317093
347149
134960
421343
285823
403209
291036
192742
334031
383648
323789
427931
368556
322139
317659
208085
211010
189269
303125
224048
413270
148199
300327
237646
118682
115470
325083
185927
372149
393084
173630
181297
364395
154322
147320
409474
109755
256253
348928
320365
438063
169994
367857
455598
342070
225556
113749
390354
104486
121600
362855
240050
296090
341856
137596
271125
150489
282635
142675
221633
445421
325460
284362
151584
298937
147122
164661
414926
338033
424188
253295
193561
374180
393825
362302
106420
207445
240862
373880
351233
157439
186785
318703
372361
249810
151550
136232
373563
285493
383048
271708
416099
341675
214060
217679
365619
279956
109267
179281
354246
418933
314425
279317
407211
101114
102513
197258
342622
223141
280585
456179
236326
101869
131274
319284
417473
285553
105213
210459
103895
239918
336368
311494
327859
308234
377234
157810
331104
449218
124780
331776
130238
384967
347441
151619
425819
395128
125662
340348
280325
296435
257864
331378
171602
147043
333177
156951
314814
424096
429420
148977
269472
360269
171140
197213
112238
352861
117410
137197
182220
326394
215020
351568
148883
385267
337859
283787
403071
248547
221995
399784
303957
199348
403437
313658
373649
303026
313857
411209
216890
214668
306792
404918
209066
252879
346792
242697
193485
133453
321737
326553
216003
117231
303869
238261
429052
256420
161573
178078
178070
152382
197868
412387
407057
298632
138628
122535
248079
140413
438890
153911
355260
433843
102111
133558
437971
201627
137262
435317
159921
434148
302820
428442
121985
176587
210356
153151
232362
332078
205845
443652
288145
185974
374860
187860
388630
310136
207827
125543
427891
379150
361234
187523
170896
211030
138268
407568
390273
438178
321580
180794
394670
239395
188807
288449
311119
131153
337436
210874
386469
309444
365393
126940
118671
305433
197041
436561
173329
394583
283159
351009
279603
129979
273110
359301
139270
109189
424085
349656
164273
437321
290628
297416
311379
305245
366911
328525
275483
400102
445502
310060
237920
310265
346990
220877
131412
158280
149774
424921
333245
223095
327612
223780
375553
238031
122787
325345
301254
368162
256762
296015
206912
130750
160687
106422
386882
183217
146505
304295
382824
223986
204125
239048
346518
302914
296724
418874
371519
343689
369193
300721
298826
332760
379760
288060
307160
383333
364084
377041
181286
236955
211654
350559
191049
114115
452541
309422
174842
382026
403580
304601
381577
165299
356586
269969
432498
110572
171260
348907
157801
360352
418715
217257
100506
443151
426524
181768
330508
228859
382975
335816
435567
412588
268055
104431
181531
166212
419849
309644
127165
150294
233917
346251
288382
112035
372661
288730
266062
267073
170256
340404
257215
198671
215962
196005
430665
175906
132790
269619
248088
233867
268262
253757
114693
286080
159652
410773
248007
226992
368296
395687
315227
420116
144017
208153
223647
268400
316239
241840
316323
295195
216313
163930
140594
171303
451617
236137
441112
119807
194702
421940
255252
266437
314370
114111
376608
202329
411150
194080
211386
117461
358469
440351
405898
409356
199947
215933
127796
268161
254533
327349
221535
274310
165372
163701
338693
268625
439531
153140
286963
291175
357942
452640
219693
345071
252246
237134
126711
399802
351487
309835
450072
372433
421737
163751
269930
339746
434941
178253
450552
391882
290243
344177
356500
411347
428526
170241
321174
274609
168538
254689
294127
167234
333648
435431
431568
435996
234521
287664
203986
133222
305644
187920
123098
295386
343370
438981
380873
237572
257813
320508
198737
366094
449376
117986
260661
160102
298656
180950
168183
267105
142297
397402
422775
121922
107611
225676
163993
363195
223809
305747
207327
127642
419462
225065
302130
193399
271853
164797
269205
252991
368947
419711
231760
238820
298484
318339
194991
226453
296755
250231
130999
232277
282852
383377
184081
146666
142338
335840
356115
394211
118133
267761
140472
437580
341910
281265
440346
199633
360296
300463
155006
253695
365505
271820
297225
312887
235595
277962
216376
278600
323207
339415
388868
163369
380320
430474
275247
448504
398435
202118
418358
300920
269471
266336
358461
116477
147934
353531
256416
347839
124973
345593
241193
186823
419048
183397
375967
221101
387602
274519
133761
423272
253285
254886
426615
179969
238751
224166
439081
121732
187292
281183
448441
445111
348253
440800
150287
368128
264564
443173
136629
324426
447840
242476
164323
151101
146235
151854
350834
444778
130525
393446
262303
335094
358413
108928
203926
114294
409511
389502
179568
240807
128803
338336
362313
227844
179637
397933
188920
100264
269125
404362
364632
435662
288698
389822
286618
397711
390704
384612
391735
421098
370906
174383
400706
419556
438674
317925
333996
441647
129041
285453
450851
282324
180968
352285
175751
404253
122773
396720
404057
396753
110896
112840
139951
395879
379758
149732
212130
422877
413688
158516
161655
298189
197685
240987
243063
376671
350859
178672
258795
398809
414872
453643
414208
225916
160249
407964
193158
441955
253055
177724
293897
356019
449554
162745
389775
106168
296329
248556
427439
246788
211060
151876
266781
304624
440098
317418
401079
108988
352581
104229
113145
231006
290336
415877
303179
315954
336690
437420
104231
446603
194709
447313
196129
188314
335625
279155
331822
424513
136401
333251
141165
127746
339908
236430
210017
163396
333607
376021
164727
385541
112413
167081
404205
346983
368503
273999
405572
352817
203464
332840
120095
165407
335675
391761
404518
222834
378021
425003
328561
300726
231934
391064
451179
330443
136768
438162
433168
433961
210636
163172
159761
180175
144013
249976
187896
178773
275657
107202
242446
362741
440248
307080
140901
433529
188008
394939
213742
263641
144682
232101
351884
189815
114963
189002
191179
193526
363304
260842
155711
387655
433061
269225
172213
449342
152814
333775
258848
269853
343332
341138
217197
441300
143363
187893
168864
426721
424143
197634
219672
398960
422602
345648
414152
307218
396872
133750
353559
446908
212063
285942
365999
217899
446347
400215
252481
208691
131904
365896
135017
393203
354587
165016
246682
328570
269291
149248
194646
105827
348333
374686
415976
179558
196062
374107
407683
437061
188588
212735
169758
432902
186861
285229
285411
135068
274090
319340
339785
195467
115635
307893
157137
252674
355391
346571
297034
252061
401359
451259
237776
360790
288057
100799
297337
437375
303796
389583
192415
375144
435232
345101
245120
377040
139306
387632
395684
290157
405042
324839
206944
366063
121025
115839
129516
266124
265927
242778
168468
300180
279584
141266
132698
197218
415376
346226
403585
152504
414157
172290
153978
275040
130345
414886
147355
222658
252320
160498
274872
432776
180592
400007
429899
373789
191710
357411
111885
112485
351652
176972
218024
321472
183841
415496
448130
372390
369527
263588
350796
295833
131722
139547
158038
219378
188139
290445
414794
445556
102359
428728
214339
391668
351358
440002
194061
130199
109385
397333
280870
302876
388751
171824
127253
371124
435784
142733
309622
219439
113731
132296
380317
220163
121831
256651
398894
174444
194763
112068
167736
186269
123685
301575
378507
419889
439263
289148
347710
174289
394905
220736
156091
437625
250263
200911
264892
157185
147304
121568
107044
446429
316104
172111
182781
217139
101750
239464
287728
149646
240194
104791
282592
161667
226990
128781
265819
166885
260637
104492
262645
126837
233128
172687
232440
264570
293155
360266
373954
155603
340796
264699
304940
335705
222439
385618
254192
381850
362595
276223
339692
324875
307493
186766
152062
124796
250842
271677
266047
110560
188385
331770
364185
429231
367148
379712
324900
298400
379435
211297
345165
357482
395361
440171
385758
108539
247586
184124
114579
452939
374889
444377
276806
314520
437947
290304
451677
318564
110107
215942
102804
105496
157837
225791
243360
259301
202670
234965
415417
205094
109224
332728
304810
134127
441455
173187
101984
347169
175521
281093
386419
251983
330032
286581
126126
202727
437448
425902
223664
211485
290870
126009
144942
142994
208626
116761
238363
309991
132803
172191
109464
417921
135920
389291
254122
165232
243006
399386
452795
372237
170802
226864
421303
152173
242540
336069
387904
332139
178067
297198
345903
327468
153248
182898
290253
283075
220592
391498
116966
431200
316929
400132
289490
449631
212158
335086
231595
398694
272154
154165
438707
367700
435832
207190
241977
432715
454019
117227
226402
311984
433196
218038
413481
360417
367968
219386
426567
162164
251589
149718
272042
268180
212683
452154
246282
327321
125981
221538
288642
143093
376785
249526
335559
309157
453839
429022
319414
268018
148779
415964
250664
256656
315488
344385
280069
394589
369227
121967
292431
314904
250339
304600
305631
385497
268785
321719
407670
195596
356203
356152
197714
117694
142212
198444
173752
270052
265950
319348
125950
219694
239744
304926
198375
267657
376124
248340
399763
206855
393775
112073
172704
422503
319339
298755
214704
180479
433501
280859
274967
338412
371464
143967
265697
207548
287938
401628
240562
224547
272922
324470
330109
372332
260695
175280
445404
194618
216118
247866
323304
392625
443019
242090
145857
184438
105173
356643
116983
437435
311694
150241
447598
166983
351442
307375
189040
323677
104816
367943
349558
432938
125572
185931
153296
353455
408161
220576
204625
449379
372296
152314
338926
420713
162824
384043
206301
206385
262543
258186
367227
364443
217138
353715
110628
298403
170371
446858
378396
205348
448972
372156
447429
358995
373149
320601
143846
455129
325614
232806
173202
299930
349858
434152
383476
389328
153327
110838
257726
245893
108397
204638
393284
455479
455218
100034
378878
140855
216362
261504
319905
308962
389345
115575
341953
201152
182459
118758
403360
324670
250443
162874
230512
420405
401124
334069
271863
196560
310410
275621
280575
308051
391386
210665
450441
283884
220209
250437
125775
370948
178460
406694
396194
197628
256425
263358
314301
264123
138433
310642
191518
257122
189928
118608
294019
131859
356610
426726
169849
278441
205255
318115
187611
416910
171543
109457
208892
366347
289282
117329
240211
211558
210504
148086
257557
294394
323764
162778
358914
289264
164707
439918
105952
145747
311736
259714
126224
195987
280734
180761
372645
155968
260813
438164
332109
195313
391427
120993
383984
109694
240755
136258
345388
268955
434685
415620
440489
348131
169068
343779
223964
189339
177896
209257
271955
105225
196006
234179
445173
396485
127332
272813
215817
170697
416845
131590
154562
448983
133369
147687
433149
247102
281409
310802
118021
204754
325006
399923
104139
211622
103153
365686
447076
385464
335293
139338
155201
105891
258133
118535
324279
128556
237487
377893
354904
265569
302773
276833
197123
326822
116378
400852
334316
391143
264459
163212
135790
302429
173367
383354
212371
202331
449954
199838
264837
454637
451828
387230
216293
380324
318359
107542
140003
230080
342122
365140
117442
155918
451860
142083
298218
299626
219192
111598
270890
116616
424165
157193
209304
443863
162760
245487
208501
407506
288771
165301
361780
272174
232458
311206
298683
249184
447852
422379
388205
350189
270391
124088
312601
344473
409634
357847
268505
280692
332879
174600
184966
273465
216301
344406
173292
274632
197966
269191
146965
379452
384300
380063
374263
345866
184207
239893
113451
129207
220285
243428
387722
391082
280816
249043
261212
449814
166776
327722
189522
256836
277880
118883
246350
333686
106726
238444
297377
439691
429073
201564
115090
100054
356309
320565
188398
192250
268936
453273
244361
120059
406167
202683
291804
116730
453344
162272
302075
169685
160949
341158
445613
141011
284587
421790
368954
264852
262927
162913
337061
242776
340371
455025
318628
447122
214826
404636
222290
387692
248724
332474
397832
413964
325863
274766
435975
206392
295463
143945
102223
244352
327014
231106
238809
200082
328229
350923
443769
442834
367302
330244
294056
103960
257229
335513
135107
221766
215372
182130
274429
298883
359750
365200
219710
117659
192156
262643
209857
321906
276726
410758
111768
103131
284336
192060
140759
449311
455927
437873
335098
253448
310032
300670
353601
390649
385388
353612
133173
202923
259450
209931
265696
375406
218548
340497
246659
219736
185016
154059
353839
245621
229140
170929
393728
421236
156777
369642
350488
123534
176694
347965
323803
167627
267937
117760
157928
364328
248178
368210
113167
305167
279820
443860
181343
135467
395208
160901
176134
176967
380303
385449
122569
253429
375812
428802
315421
410863
288616
193422
284623
373715
408721
167400
453259
205428
389172
428721
408834
116250
245584
200210
425622
317429
204036
167538
406991
115971
289691
371496
358036
306335
188345
144863
253954
421674
230248
202904
200123
442326
433514
410415
107788
364797
204397
173308
374669
165288
414346
127433
241168
328695
298174
362297
291299
172241
253239
248282
274612
380314
278201
431929
220642
162857
443930
354903
239446
301086
295718
122278
224729
334012
195188
366264
135830
305524
380882
235398
412401
373766
274243
154682
266938
439340
102203
273211
276695
230375
142523
431193
113083
342519
442609
144921
361969
375435
341327
328129
134735
273084
246325
186748
310601
422110
199943
145626
440553
252247
120926
385927
241184
420610
139754
446528
431196
367937
135333
187752
411791
437154
221191
318730
276062
294858
225936
372712
335382
219842
238800
250515
134204
394534
453570
212243
331493
443037
254598
158978
329198
307085
188751
144578
208520
147232
215356
262155
385767
178448
386626
454125
294005
364367
407170
237678
167788
439510
137009
207661
453408
227403
450557
263701
239718
357901
202836
267364
212214
124184
110733
209475
397872
283495
273583
413808
303293
426542
194143
237924
350654
317632
257085
351933
223275
421148
428294
337446
237775
290514
235822
308830
294616
359423
128386
149710
388328
337834
416993
349879
394384
248551
299019
122664
216580
360673
247552
219699
408156
352376
385851
430772
306948
126168
281077
143584
444547
266873
448757
209540
440472
140677
337929
144655
226934
274992
169805
249287
380294
147874
184603
188445
234735
153228
277705
408953
307586
301262
387330
254018
324138
172360
248844
405110
407063
256184
211213
298650
315120
456100
416627
421888
423502
208648
308936
439967
249881
242165
173375
174470
247817
269735
397509
246126
434382
300408
210409
372904
311029
239010
185096
399701
266093
281153
159398
266989
349763
270479
194731
225258
282018
243649
349487
184775
406655
295876
298317
250985
185159
300365
265786
361270
142196
413312
445086
361410
239707
384415
250797
137265
274294
205928
440677
448808
158890
241966
116166
240801
277254
149145
444381
331352
361628
155402
448982
359053
205034
203823
300949
246963
125669
387145
283088
327632
427630
445416
208169
380420
293899
445707
115219
135441
269186
117606
385083
301679
426324
122926
205830
389505
450994
197365
270649
357857
141021
349647
346154
341139
316643
358446
189595
116101
192338
370063
248061
241020
366477
291907
330223
126952
130584
207037
136020
299588
277633
360639
101958
190010
255622
149798
120769
119323
265873
120363
191391
406161
421900
322192
196933
327961
338819
297914
118297
231347
232781
368725
134175
386682
425874
336965
283037
224791
434441
259529
431980
278458
173887
410072
279219
171367
451634
423206
245114
308150
223390
429145
444357
147443
315283
273399
153975
415174
221163
124408
373783
219561
139401
296026
184444
386924
386484
157361
365123
331835
274446
245527
276104
443501
278699
258279
445061
296427
191323
209431
334278
220666
427378
280581
311059
445253
405352
400483
209317
214450
360285
104682
204676
442675
179895
272770
451965
451378
304652
322166
149769
164131
454867
288939
195830
157662
417809
256081
163839
279585
152524
330219
447097
308052
416446
100427
377770
263970
225537
285088
307554
420018
193957
413935
365156
107705
340976
338407
177857
300080
266277
194400
206598
338043
409240
395587
321841
407351
323275
397305
190165
166079
404260
123021
104538
354347
106757
304514
425546
404888
416116
163247
224802
133430
391793
399078
387381
453271
384818
302345
351900
254808
391197
207270
282205
245425
268681
347655
417842
234984
408251
287610
203076
103086
233976
181022
112865
347298
352212
179540
409078
115429
400794
196759
302002
432315
453639
158175
100676
263823
126061
366888
417238
203689
108765
365475
213353
185352
413576
284420
376928
193315
217921
303555
442457
423997
356593
106673
137974
364441
450810
104705
255983
307314
173814
109359
102081
290272
260047
287245
116390
117134
210509
390624
195430
333882
411545
433433
309127
380090
185433
406366
380338
339347
300988
244586
419272
283970
159587
285582
235218
329146
156280
447999
392102
361482
104825
286592
104147
268178
195347
263899
239805
108464
135451
227087
299989
278532
100901
269882
341922
391234
349448
140843
309937
437703
144763
363425
237905
180488
350307
125538
234256
310156
115643
237534
368926
259657
238399
127384
404980
250300
117397
403282
155492
315737
274161
100858
248665
340359
236616
450167
325197
194161
220543
145809
355587
235560
368390
219100
103082
204523
279130
371119
433601
347733
354799
338212
318680
270049
410507
174991
337774
183872
240735
443183
341292
263483
399252
183784
106561
343521
298022
251878
318182
278987
335628
232051
194464
131037
204589
311587
391593
254871
422449
135721
275676
455676
225497
389569
181914
179743
273288
282989
135994
265153
420431
419056
414994
160229
169391
130881
399623
239061
223728
155291
134270
206157
107215
172327
422611
243259
227178
332173
236668
210254
386240
388981
370377
176979
328487
260083
385953
178833
217741
109892
420390
336605
366708
325676
297489
421418
283474
329637
185290
149954
336961
273218
399696
173633
337792
424093
202256
283449
141010
355913
271451
453037
391628
142711
379342
247305
402768
421927
123850
441707
349262
394894
204495
109811
350718
365866
303249
306192
207241
305715
236206
220359
336012
351991
129814
352866
254473
101071
113883
296446
161453
217585
340900
105761
293981
284010
370403
363402
389503
159100
101841
326713
248835
437912
100829
211237
429282
213136
352332
319412
111682
285531
299015
235160
174524
247970
303206
389207
306594
175879
260548
147858
208703
274496
421972
377698
325088
338241
384306
408558
215240
221543
386861
412575
303365
103712
449332
431753
234749
168605
213517
260138
319806
205126
268666
200485
296567
414441
300494
108590
292059
290310
188760
436589
147897
240455
288545
124962
394114
340884
283610
120897
433817
153439
416673
318342
320950
237219
445914
452589
185289
226264
203355
233256
240551
150549
445014
177652
272451
403930
321693
396341
110442
406241
404741
348580
191079
330175
188243
265527
269648
319804
202061
119667
187561
185889
206632
264911
315299
220663
191454
115522
152499
339157
340234
158894
214670
258078
336353
285000
368495
329263
309959
189670
219290
289134
433737
188253
387224
448848
164613
451462
256839
377277
349285
246147
319255
160675
248076
115753
305168
382625
213365
100035
274559
259337
127598
420230
385606
317624
316478
396613
193310
186362
299758
160947
228360
245518
347116
297610
262987
252736
323185
134401
430941
309612
369054
432974
101314
169662
386137
242427
312198
446508
440940
236710
271485
171982
297325
452986
147255
126631
252622
381405
191718
386954
129434
293347
323745
149962
225567
137337
393338
375721
303734
278483
332465
406929
164163
114646
221306
442329
339139
355513
308299
417815
170618
179286
286199
275123
291059
415220
124736
283352
239954
187712
135420
190881
295948
167098
339542
279636
362425
313814
232365
143025
289434
451467
126243
215723
313042
359250
154672
197563
336839
131672
211037
321587
381952
155856
222529
193380
316113
198343
272140
347052
393082
129470
305786
416073
221445
222681
454307
446874
241833
191956
336753
284887
115882
448797
233875
366447
212018
415224
163305
208800
269752
418501
404056
398843
273396
136861
163346
348725
412670
280856
140724
146513
105914
242092
258563
407933
435673
411735
305000
128709
146192
452919
340983
266268
365674
330613
306316
276169
334238
123895
121685
270724
281597
379293
317390
367888
444007
220588
313303
453305
143919
372317
348946
342077
455211
216480
285691
230006
281997
202513
368075
362155
229282
205774
429204
338764
139665
183887
330417
302021
314330
316507
369360
254505
252409
111914
399287
186423
188418
409475
122672
390613
164453
448085
347145
221370
245693
120975
349209
423032
399985
235940
140616
447985
255588
127396
282914
418567
399418
363747
371443
116612
285310
317964
424578
278602
219902
311487
438827
156764
149681
158209
281211
287080
188452
315877
265019
210218
364583
277738
239806
215760
222253
381290
126193
184646
182594
261336
172987
409668
136562
248979
109481
185959
324066
166200
419386
287068
261874
366392
447623
117663
162076
435231
372782
143498
440036
275914
355214
289642
341318
184263
241442
418960
324740
309557
164884
310660
451998
261312
108674
277525
121499
314482
253487
257374
160432
209756
303192
132158
275128
261709
403804
367618
163151
237050
397411
117022
374238
138608
342994
366375
390872
255370
384275
431075
264264
312046
283742
275055
148277
107743
386251
323581
370836
175631
145697
165863
454475
110233
368182
170914
276231
410939
361294
378511
224500
356625
421285
155542
362664
434955
116850
110531
344706
124076
226726
209721
337997
156076
443225
443013
293251
269118
443138
148311
435467
254723
307666
160609
257246
122767
346625
427436
131284
315181
315088
412869
130731
167127
201006
214109
349044
273374
396884
380795
244618
372093
360934
453388
150348
328870
336633
248531
375580
288534
295199
247327
303737
393098
115661
446151
124107
202238
273752
219091
374177
157207
173146
161881
228261
184745
338586
136970
228844
424065
438773
212877
139649
184209
158185
189373
389178
384925
294587
388624
255005
330560
193276
221449
287592
421489
247070
222053
316368
321492
319513
193012
172265
271019
273973
298580
149488
445696
441616
397233
345419
152448
178222
162081
400221
186814
335666
207806
300573
289669
231148
350843
318138
265388
356254
455299
300974
196616
114106
426833
297382
438464
339387
328356
451718
321096
283605
389066
263596
121898
338744
453130
451170
225983
183221
438561
139218
334349
209251
198726
315688
175079
438250
167342
276634
153182
374508
372697
348620
248593
309517
240309
257394
231722
280492
122550
343119
199585
381539
372204
229683
192769
434726
446648
266215
293022
344785
322286
218817
319977
414448
348351
343343
107804
388005
100349
345608
355485
447223
162014
229710
148532
361110
273264
116691
195560
261890
449321
134256
280417
185668
312774
138260
238536
415465
372577
230061
163512
351157
214390
190415
194114
129161
184602
291259
370125
114517
186688
443765
118350
168888
307130
248203
446540
291684
243630
411574
254736
311160
415094
450059
389970
286442
296635
129998
300089
299161
140291
290570
341435
174420
441977
237644
403490
214182
199742
185944
299106
426976
418980
437451
276920
164873
440286
172385
291652
394136
455662
181487
163488
267445
349296
315598
356761
367730
386392
260717
438291
369923
391242
432109
286205
257180
450760
390532
397860
445586
235162
268916
304714
229815
154997
374649
253320
270802
390270
357828
171613
379230
260996
403924
302942
371155
448037
142788
192233
380926
367074
322303
369331
154618
229317
128796
278044
455652
445642
149737
159681
234078
131291
361102
393678
380977
241901
119526
337801
205964
286922
101717
152789
237258
213657
452917
366223
382374
131809
181454
341012
241349
190613
181559
337323
248436
291293
105877
184925
362759
296923
307380
192079
211883
345019
439603
197584
295419
175298
423797
213497
449295
398531
350666
141023
197174
383464
105759
134332
417853
306914
277955
452169
135662
213271
116188
284125
280303
385515
425914
384649
309498
305694
235376
365442
181452
290759
304740
306360
356469
393047
142449
107886
220839
249586
373246
122039
414148
331414
391180
262899
234595
453962
181918
298262
252693
184976
187642
415271
405529
358718
420783
173991
286150
392585
326992
176348
405407
325723
114859
406086
141776
402026
361353
167675
439554
353643
372569
150395
314305
103938
181823
139454
139557
313554
371746
246026
213160
388866
447071
368776
328235
289042
154766
296973
189562
451276
365683
323943
156020
415410
188346
364110
414177
147429
264144
103218
310973
354973
409473
143631
346616
229660
172475
426296
119405
275849
371663
316182
262236
414053
301193
139126
143249
175837
168653
278257
382923
278427
151031
283623
334544
332871
344899
173902
438318
375048
252072
389521
432533
206707
360375
378792
411524
225889
300540
217765
206608
122300
114526
216448
405524
127637
274184
419161
371870
280753
243145
367850
106378
207302
244619
194796
235247
284837
232605
171744
346472
238161
251051
166019
164912
157169
147836
294426
405788
437069
274626
365628
384619
405068
377660
282570
321241
113780
409737
349838
370137
199847
216086
380451
148236
308149
129046
102490
249288
366450
280284
339416
430380
124259
288266
443482
176891
133822
128379
451500
339517
398219
356881
205901
302965
239508
238860
320307
402215
409376
139445
226253
399042
329756
209964
426416
245320
252526
262916
239865
253977
102886
403653
331754
412768
319068
335771
431834
112872
352350
233585
356061
435916
338398
423680
231738
301404
155260
111936
195441
285317
447105
189245
296657
120410
406379
249602
125358
123475
403926
285729
300566
383486
393722
217300
429071
416092
202950
248719
150022
387477
275733
233194
138023
109672
372937
142202
252449
292719
158717
340145
152037
326172
219641
260125
145746
258589
145259
313937
122771
116523
440068
329538
289239
309701
294121
407559
404105
429110
354589
142964
181714
240882
260878
118941
162720
312211
202529
405052
124786
123872
162617
421168
407728
357229
435022
452687
300398
238485
345440
254372
405335
194357
210720
317217
271546
279114
227574
336873
155834
344021
360182
178102
375251
442916
123986
180957
323269
110171
377798
362037
405990
366418
374229
170406
404667
229348
430624
144103
343502
175560
292061
450013
308829
289974
423833
179495
238815
339907
452678
416503
235856
106200
148155
239437
440580
204960
304866
103202
167565
322713
293110
149190
229560
347934
276502
200601
246641
184181
239348
240506
440846
369982
425570
396455
164186
161790
185572
296260
202240
346846
249023
349664
442673
237811
309792
318304
276681
376057
282919
201215
454993
364464
455634
175072
420758
285623
216166
323320
354944
121598
202421
392665
295546
166050
279714
333405
455563
109568
410333
340160
221046
154434
131927
423229
234831
224133
143141
231432
136194
314526
328211
256411
175732
384654
409699
115900
365489
410521
302922
309240
431037
182253
167936
407744
435337
258367
244711
214170
213805
188003
134655
144016
222551
350897
248006
289344
306723
364083
338455
439204
262059
385209
253483
441884
433936
322012
209471
417394
117683
445909
217452
200312
115099
241105
159375
310683
124281
293700
371705
338903
352100
205056
136712
108921
362981
454967
418335
160204
174783
383021
215770
167254
108152
347143
411236
205963
106062
174758
233847
159799
376934
374840
288783
432164
176223
407484
442238
422610
197451
161321
325902
389571
378080
393704
329363
364074
429379
169172
315910
305808
393397
284120
375026
248933
444148
232505
374517
286639
258477
226739
309460
328304
307907
152083
195667
167245
386892
192932
333001
193382
348199
122894
246712
215198
124112
282089
210320
296455
138103
303079
438092
448491
349938
225974
195714
360330
157206
235351
426984
223242
289406
234386
387498
301068
233315
265558
100783
366188
373629
424575
174935
233028
228556
176813
297782
353953
137486
179035
360646
182195
297049
378192
260744
203145
172607
162910
390552
426381
113232
391355
438066
418182
142399
341331
111181
388254
441181
171486
153789
358808
445858
294890
242079
129505
155406
220254
336937
398255
324646
181399
317159
233641
430544
372521
288435
438531
182479
442208
309572
209337
338071
109376
100778
421217
217092
346130
145855
277269
308313
425402
391575
179431
307120
404551
269792
268119
442138
401638
213918
406362
115381
347137
323198
116975
445223
167185
365655
428635
211689
197655
128036
315109
117251
322409
252962
161098
384354
419045
340918
225147
361690
141663
163953
359539
353157
299993
401176
232328
267203
373692
302077
139980
287216
371268
379782
283460
419364
258531
224832
339361
370809
227070
404671
185258
394501
341333
160576
401504
171734
280767
412538
273919
160671
293884
125109
447860
190160
102236
294810
378090
312346
175733
202943
131778
178724
385991
152167
405486
240632
324014
160248
420523
388830
267516
454627
233522
231042
306578
363474
252607
119324
269911
333951
174138
118028
372607
237422
154717
172639
302565
192673
149921
203495
144749
234737
204198
115285
179535
101629
242358
192351
115850
423427
113228
240250
285839
255740
101881
400492
246650
153532
192580
120424
207530
302579
396075
404030
437319
176012
423439
124731
444034
181865
192669
212583
133513
174143
128964
333938
326423
197719
396892
448747
437814
257561
379428
230750
330480
188344
323414
377428
286348
289362
113584
102314
234296
407564
301008
168491
356407
347549
451285
180364
137078
232135
113221
289543
110204
384523
175941
289852
369464
399403
264805
162494
346497
256880
111028
273565
323012
273897
116409
454951
169035
447275
163260
112839
366622
437992
454225
414259
357190
395082
210809
381328
193797
246552
351974
174057
189884
399062
128144
360503
224334
453530
182243
301951
101131
224063
186559
279502
451611
111645
203400
450798
103673
344555
269592
151075
302444
298725
204040
451130
145499
356673
387774
312742
278626
412475
283268
276192
227073
377123
149593
219752
158719
246830
228963
225673
332227
105432
140587
328331
452485
394479
256228
282846
101018
434913
432999
275103
400725
187441
437568
144620
257830
155184
375262
206569
167063
392570
136292
432102
347739
304619
299274
224642
424347
403092
413198
120134
297365
242797
112784
347448
337514
309629
373306
152656
423271
181581
198078
395078
411161
302251
310043
212376
414506
152350
262349
178139
191427
336386
266676
188580
191118
322280
178615
206559
172615
314683
198711
202130
375177
257757
251906
146988
243199
401900
209148
398854
368012
406667
291999
189721
138517
243066
373975
107731
225430
391324
414650
373044
236363
192327
291769
423900
250332
363830
136632
378392
386229
436142
236210
352400
436569
341140
405242
430425
353381
353512
201970
134441
352277
243308
206148
342712
298906
231009
242478
287407
193442
230411
101847
392143
198129
359927
303460
243920
158900
313312
323151
343076
413079
391750
369657
115170
273405
361592
129696
453078
340753
233707
194438
274298
141746
340837
286969
450283
434728
205136
238409
181933
107237
184505
139171
169908
319615
210258
422801
331181
385277
274663
263634
389105
447469
379541
152924
400603
139799
265176
248712
279806
349520
346687
369597
146201
162292
143192
404986
245216
182874
315832
344362
448190
200444
409561
376438
206580
362948
219549
143858
260098
295400
140890
414397
325334
278040
172069
367908
134851
221131
109433
418628
258168
375957
355721
142694
119309
178337
454486
453653
321147
135908
105116
187364
244746
116086
397920
263100
397909
200051
237786
335043
117809
125035
273724
286794
406294
354842
379236
303522
115503
281557
138382
223293
227204
427736
161358
447342
404501
376333
154207
277086
453637
144424
215660
434638
133715
223033
383387
330538
188745
199645
180650
136336
135514
409715
111500
337335
256645
404943
142209
295888
345299
294089
149803
243901
127069
380143
166028
418522
384499
451930
323945
398144
423871
167853
314868
196928
418127
379575
189070
273920
238220
374794
189960
172405
286816
162911
231602
369578
169046
114029
201016
199282
374394
364350
206906
257014
300820
304994
222122
450573
352263
230881
366086
151427
374865
247392
306024
437822
178376
270030
207322
275542
385315
392066
383937
145181
440331
397427
224608
331067
167352
316608
191110
116652
290457
363570
373456
432683
302119
140363
311002
446264
395898
199901
213298
164558
123965
225547
363989
211925
203584
172001
212346
288365
257540
207556
327466
341718
255090
130942
293214
175965
341184
409624
442752
137925
335569
206181
393582
336004
287487
301841
384100
244031
199194
456065
273303
215308
132973
226429
148642
242895
333255
190439
249555
393965
127651
272061
212783
123950
175226
204799
260389
360308
343313
110577
252111
349031
418212
201339
332577
175319
238669
129744
251692
394902
264486
154768
213088
365445
112698
259762
225620
216812
206562
204796
283241
198450
416171
403439
331928
455782
136108
306870
128825
190912
216970
381983
203519
103578
142468
192216
202404
234168
390117
165581
204453
365161
173432
248698
397087
281491
324202
456012
257465
243372
383795
209880
266902
119202
329694
106074
456240
226455
354707
355272
439027
272645
390692
164361
438897
384843
435964
428264
430225
333890
348691
426177
160491
263787
410362
118827
216506
403058
319844
307304
424396
339031
362025
198213
171351
438603
174855
398391
119375
406676
427415
207199
415452
342338
398751
115120
182861
131211
344672
358865
206277
137531
302374
137817
406524
396191
294732
170200
160866
439819
254796
396293
452747
207508
149619
305624
239605
429556
295890
438305
332692
388390
262440
199854
301635
159414
181787
357964
244171
348932
403774
166844
435083
404042
380692
329268
232542
327112
205025
175124
382556
290878
227766
190194
418554
132757
375913
144649
271510
434639
205388
323544
433177
105260
275814
277459
174142
226973
328696
408078
139294
205032
310904
196998
260225
136394
416210
309635
441928
341524
169200
328740
400022
286715
199225
156677
126352
351033
223071
123886
347130
131104
371235
184817
420162
324077
382765
320443
307105
430532
180187
383516
193944
145824
199233
435493
214224
258950
202249
130994
167939
278767
132293
387338
352411
320142
266967
147262
366280
367057
182704
131017
360507
281822
351367
404658
316841
412481
124081
268333
344482
324551
247041
192162
162489
231231
239185
333522
246984
275267
162072
395136
210458
325053
408171
100681
277827
160446
113479
239062
133431
165214
345292
127849
369069
293375
338140
163870
267933
378251
211617
196370
326058
179795
218624
408444
281330
133454
328822
199695
340965
283588
211464
394029
132878
344782
138208
126099
155810
163318
190946
352517
357202
308801
382092
438049
294785
303507
120123
145342
298350
214817
381490
403375
180514
144406
125586
287639
130916
102767
385923
304872
367875
395018
382234
395708
265075
282684
316356
309477
358399
365495
223062
405077
186691
373666
439522
356519
309611
200062
301906
451533
113843
257107
262931
330654
110463
449182
190805
351140
204774
411892
135323
399406
369433
278465
357754
285114
121019
173324
199271
433078
289439
105159
228196
343356
108857
380413
285370
167536
394933
330030
110978
356666
208545
128667
362225
180417
168758
434692
183269
167568
441317
313378
195423
201624
453015
294734
391087
290411
416084
199607
331715
175467
273331
106946
378482
398646
350515
342869
147595
449199
128797
410978
160155
179292
266608
191716
288431
171847
295708
226335
455672
443480
307526
373688
292954
382343
436493
223568
419421
157028
108095
221073
234084
297663
146719
171074
352840
203523
358904
207335
422836
205257
348518
416628
250703
302411
145103
332439
200338
380910
435279
405831
239057
429627
235077
308025
244333
369298
392827
163422
359329
408348
427992
293280
171908
371472
210399
229536
156193
155041
455729
295186
178797
160091
433585
395683
254859
320318
288244
192661
299727
245872
352729
235333
239351
409024
118432
395634
426060
222622
188066
359688
375176
355119
224275
136666
391124
329180
304314
108558
394112
430194
429114
282554
321067
264974
220214
430715
214959
239969
109518
357081
410740
140941
397163
323205
267310
340646
345363
253532
361872
333202
450609
141770
176674
141138
169317
217496
201534
421189
151625
269033
267789
100682
266513
121627
418076
203461
136400
137220
181329
151746
199894
385754
229932
188075
336664
314234
201488
272790
451246
192765
322839
130486
410877
273514
413154
400213
409395
413879
420784
269534
391610
339738
375151
266056
230724
205155
146687
342142
266421
238398
330055
324565
342874
125130
135134
364024
421317
390090
119094
178581
236357
445598
306695
236458
199273
164160
129333
118554
235395
374291
445987
205486
127444
106594
358753
383744
420434
181655
342184
410028
279611
270000
415060
166650
371765
138473
261036
421103
283810
282909
198148
344705
389395
184003
213893
175452
456251
235550
306282
116396
335088
280297
286934
219024
401337
165400
436445
219127
139380
434495
165406
410035
431684
413253
393631
253818
106998
177879
323598
214104
250441
211236
428838
105811
444938
394817
138814
161550
323534
276573
384718
201053
117150
296169
178098
398406
285027
243723
293626
289349
273262
420105
328944
431168
409902
418406
446581
365118
296847
260627
152692
240178
204221
384271
283009
406696
222332
397863
143700
109112
292571
309561
120618
450675
229448
210371
251580
339137
371823
280664
234920
192708
369311
410228
387427
381557
165885
380056
280467
385837
183704
236931
128661
371863
273234
315132
250258
103829
241508
185562
421458
330029
353476
144711
456199
427352
228926
434970
254479
276748
134977
228417
281333
181580
130271
213040
182585
394363
149245
119974
298057
430182
240453
130213
356356
256331
325108
156847
335274
249691
203782
383886
416077
389994
288808
249165
241114
157447
331642
160347
385240
341160
418234
226088
174971
263841
292071
101807
450177
141582
112268
349989
139173
175604
303663
246042
102532
259243
309818
107601
402170
241652
231854
364360
326847
276270
273241
293503
365014
371919
105135
272916
259116
149255
336488
143706
392189
126294
441940
405492
273632
162043
151764
245417
141952
271634
108301
446463
130077
240697
389649
343131
412683
260116
360650
101351
350987
396266
195125
324588
351004
428738
261414
143290
364868
429687
427095
269008
373073
132713
392842
238323
185200
185761
233969
268324
330868
238404
146269
409436
300033
188906
431420
426674
335578
417181
259583
315585
108285
107717
367047
140934
356537
378934
216988
104583
320485
203932
380523
105453
274809
172630
412238
100188
234955
216037
360505
366384
299643
425879
363900
269174
282675
362761
438859
361670
289987
173417
212373
153853
455091
310761
417550
385172
242580
221920
110890
399776
135286
393542
162268
434572
252945
283974
257494
375411
121146
305999
311524
350762
291504
104406
121984
389975
260726
344069
231692
278771
195689
316621
151184
321291
293355
368939
425290
409183
111653
407473
335997
356793
363929
398874
447401
205101
204094
183676
166261
422335
209000
383981
154005
145567
129713
297626
203516
411092
305466
101727
288451
239436
105837
154154
425349
342662
422955
177472
442422
119243
382023
320023
372711
423460
263232
174507
440648
359166
213987
281346
169808
304016
110270
445466
236700
208797
348916
123774
307909
251408
449442
221989
442926
112443
157275
321053
260724
285124
406633
306457
450996
422653
310295
400318
122529
109440
396208
205954
167070
394014
315107
150166
127856
220771
144160
247081
130995
204111
406183
397193
377195
329060
275781
281539
165481
346933
221172
133484
336424
390814
123057
276746
282335
339992
187694
241034
254445
211426
165946
207285
244761
139507
367272
153188
117506
163881
176506
344866
403063
162781
319098
130670
260352
159558
179531
396325
240064
374683
235577
226903
321417
376173
372694
215902
406582
400042
227787
333729
425149
103875
173617
280370
152914
300452
200854
267970
140864
273706
124618
306722
433282
411864
160342
257601
432273
131899
194242
165623
104828
164965
132492
336142
371800
339128
298732
159430
404300
129128
302893
443334
436438
240980
273978
115455
323238
288104
120056
455836
354329
167635
112349
251280
450170
298488
383632
253816
148638
204119
187395
454420
374038
145705
256902
119227
204705
182850
340863
382772
247198
356267
447204
176643
178194
232314
356767
284337
374821
229559
239983
100247
286015
181432
160752
234104
345098
300243
253237
294043
189271
170782
159373
360259
449131
331773
157564
243404
117415
134640
405000
224822
347153
185779
287149
417252
319207
327643
237737
106870
285819
107159
121346
163412
288295
161616
314410
179489
239604
454937
181861
169354
248453
214502
403193
278946
451349
383090
205881
285896
157912
419129
356710
176057
271578
265137
241386
354736
199637
302401
105388
358613
184842
408382
450092
173474
363901
124192
143319
177056
164647
381996
246347
204306
123979
241190
338691
445393
317474
206629
214624
182288
151641
202293
109360
266765
104065
384280
427885
179405
171357
290148
446062
357821
222604
154488
372954
249789
233687
167765
348587
218140
123040
434641
445194
348148
219032
258819
228365
436466
420151
290090
306889
169345
236864
237954
446640
126667
107117
332498
388660
272972
274987
130793
301924
227819
380565
170908
289577
396765
180184
334739
145584
140509
205081
364803
267891
446061
435058
248815
310716
107756
436439
404421
258082
351686
292868
338380
168421
133699
251507
150621
428394
258772
230357
193497
314339
346762
194861
304097
431636
288032
375586
212135
207742
370644
119314
342419
324904
148345
152712
119175
111260
372355
264830
421871
221023
266122
441450
391456
414462
271468
319091
219475
368286
127640
219954
324920
172322
416609
197697
124858
222918
238668
350849
303785
189932
429395
206464
217369
440833
156504
204727
238501
262370
192500
247988
173430
182374
296419
230859
150525
189739
247901
378210
398984
450892
127066
400057
129278
338708
109459
367687
244505
368842
115910
172293
264672
162610
144865
442781
390943
328312
159708
420749
294272
215139
173410
365362
358834
312949
350781
377202
285141
123602
298856
150647
156750
271964
303764
165470
416417
372368
231483
296477
246609
103016
309219
319871
316458
101143
393164
313015
228599
166782
357250
261184
303571
269574
452574
293861
319062
373259
444203
372343
203232
151663
288214
394613
452823
117577
377112
308366
159127
168834
277399
362868
367321
159452
266287
406684
165735
403624
276612
348502
125138
407518
202719
213066
105996
215133
367789
379187
420796
319960
269339
107000
277782
403908
285938
331321
435456
419451
264242
325253
126326
416994
297837
198344
263242
151371
396405
422299
374243
130417
444691
308198
397315
445368
446986
292748
255814
109554
400729
100328
306780
383070
371240
178476
445735
172692
204586
369204
178073
261884
397717
314411
218536
246837
247279
381520
224632
292133
381062
326556
402488
353266
267122
338262
125836
274154
182633
368304
277858
252103
139330
448722
266886
316636
154461
220065
316526
235045
400072
255258
237621
140620
366029
157567
453369
220964
171558
231499
150421
358799
310510
110426
282851
444947
422914
418769
145850
143788
204106
284052
381085
239499
415711
396517
197459
204429
102826
425492
380092
419382
155245
149753
105849
224662
358238
182511
304306
231593
178507
126278
366516
275816
246459
123507
324482
328839
412473
267256
266737
343876
144177
369939
427227
262411
455276
323439
347178
128564
312633
163169
373575
125767
398855
336031
300076
379177
143974
345729
273961
145830
100134
313169
356719
102436
156771
107288
218311
168079
115228
124224
147907
303710
273679
288810
400508
296320
225181
414980
415610
315650
417582
424385
213025
309529
243506
178195
279521
175694
241859
343175
334048
384731
120272
342216
333205
311629
155725
340652
418351
338881
209988
172528
100217
451459
201366
380560
359947
281516
116460
169846
200920
275184
296767
115527
450258
317046
314758
242253
188159
120828
274242
399989
221905
243365
162750
245116
208718
349574
407297
365800
107172
326344
250124
367244
144905
153783
114022
445652
186282
418095
405481
356040
265017
175625
235585
220971
107528
426129
344084
130289
195852
299639
310137
367962
376469
234912
146195
221188
250403
362462
186897
382516
376318
215051
336485
232677
280019
139334
206522
138571
398312
338122
380189
191561
240672
173043
428303
184554
243525
379966
313198
196134
312745
352763
165319
233031
111940
209587
273379
219997
312456
275618
298509
181365
352895
301111
229122
276407
404967
177873
450316
259517
343115
229047
255368
284451
385414
208173
200479
397833
394966
262329
352865
291244
110053
454871
353802
137397
188515
337725
219263
278716
288399
400107
102189
448120
417671
207699
247499
207591
187122
154986
119075
159955
313728
257323
185088
184463
153724
446060
365638
313979
244648
133938
207378
214483
268010
397675
131193
151838
186189
144158
261557
119351
409670
282411
129432
178666
167242
221247
336799
336186
106700
222304
273073
123528
173126
245290
246367
213849
239804
214749
383285
393001
178933
201046
176649
207477
313379
198475
405850
226464
451769
280241
316790
276322
422848
203306
401563
117390
252604
382182
428038
441057
325432
244275
289377
188442
187083
243418
303019
450240
351889
241993
180023
354932
248333
344936
315562
313910
393375
326300
365078
213644
331417
339376
397589
370606
278911
253434
276790
212239
227389
161220
151997
383851
450551
136087
211868
170652
225520
351675
191272
362840
213806
336259
366512
288017
388466
402123
258110
455766
350681
246596
121353
451953
430865
405918
416640
313961
115027
360354
344640
232882
207900
329049
347353
199231
283570
230886
445479
370799
356110
249798
372394
288975
175434
419180
292351
142509
153698
274884
352203
159640
267223
146540
307882
386887
288021
134873
257418
358046
114805
435451
324759
449725
118996
235515
310821
280499
182317
417746
197372
436403
157371
272880
271229
157525
227016
174080
161830
308617
184533
393859
443228
426939
192024
426066
326151
412830
112564
315750
160401
106287
291199
440945
402194
226761
331999
441452
199788
228676
138331
171167
435479
416155
191387
216076
289873
281698
272807
130496
400252
402951
408970
118674
406590
280849
416100
278247
379096
322385
186358
113274
158027
106554
411732
250726
128221
436167
452090
119545
303320
446130
437450
248657
277485
243421
127968
440287
380335
225538
170625
102328
327921
420840
209309
440702
349181
330743
456113
328036
227379
394158
238260
222986
393099
242900
273009
454273
340236
321595
293685
205343
389866
236851
254720
374729
328582
259717
392657
322617
346232
152116
330073
115182
154861
217317
334685
353055
180165
294299
103901
161292
239455
214392
262176
280030
206610
230613
373620
423882
221219
423758
175219
374462
175508
438824
105481
292888
412792
107587
372783
422209
133381
183647
297994
132812
402712
250537
243225
259559
229345
190660
373216
253991
129845
146366
299296
222832
418833
412336
117027
317380
322860
349156
273223
321231
455551
329817
221331
297257
369410
101952
269778
278856
287074
243368
251089
291917
285776
162588
108963
391448
371937
247489
221396
210613
141117
320388
317261
133466
232564
376516
151751
157953
378264
406093
183378
269582
292926
415944
400083
420474
142864
450205
317009
409547
102892
233844
192302
128307
402295
258847
266631
109419
173440
440453
285869
327883
156709
455505
387419
233644
138974
191071
274846
293893
388795
184159
264687
299249
243253
432797
169336
137135
128039
144093
161827
380170
127646
443620
150890
174458
441367
218972
215391
175552
451471
345759
367081
270114
137229
321004
245807
350485
270226
157792
203239
308620
352772
157600
397489
350673
379703
102588
259726
150868
269508
429418
431850
227554
403782
240529
182160
175601
177621
382934
307559
247998
338370
144493
260742
315899
295173
294496
303147
171571
446129
251431
454344
260653
412457
316256
373076
304464
259383
127831
440544
165041
406703
354951
308646
337222
427427
374886
267385
254203
170227
189736
428209
264098
164839
285199
185960
281445
169277
155233
103234
182513
146448
142022
204626
437760
171272
343404
207155
258356
330367
135781
285053
111317
212142
201553
316452
444260
428947
190914
253220
206493
137701
360977
323843
307931
222168
164391
217163
386730
255315
354054
321721
300067
425473
374402
326207
310068
123930
339979
254615
316459
434834
374020
438104
444296
281635
196408
383302
443995
408848
410056
404491
218040
127485
154235
214880
165472
338765
351354
183989
415776
407471
445818
296738
433295
107595
242489
363217
231611
303681
302439
249506
444062
263949
370680
145162
287236
317013
105609
170762
401016
232520
435653
227214
317892
238431
227237
339349
187536
293864
418546
267280
298992
281071
302569
108619
244405
150522
294683
241909
418472
230797
410532
440324
129801
380162
429304
262344
133241
229522
374118
113431
224801
320832
396783
379997
277586
379350
347422
190253
313987
354863
436063
203578
315009
265132
210110
362058
409854
323024
375641
454934
105077
305892
228673
113370
362554
453501
253915
107473
438565
172746
338222
266043
152797
221552
340205
337860
375079
120456
286204
378416
227938
225238
360817
174698
426337
186312
343763
208043
330662
391149
439613
245295
118085
384888
162621
172242
298259
248206
314096
109908
314857
156117
234836
119674
407300
263060
277670
444761
401685
100420
149322
305960
260854
335335
232572
201864
190332
110833
272003
427951
126585
198308
340191
148684
224238
120960
115137
263285
320323
362436
358670
403289
422887
264070
129758
425346
168134
262110
354453
158408
102269
335197
452601
354952
171024
261390
423307
259250
354660
167330
408958
418515
235282
215689
129151
380105
437181
299991
273141
302959
352469
184377
192649
411042
264597
212882
338927
333528
356450
206625
392126
161849
439856
272700
183684
263618
181545
171439
139202
189554
226396
131308
437866
365851
263070
369895
134198
170717
236020
398936
183987
124222
330935
319963
298311
370239
194896
149191
114597
287638
118252
112816
229134
255328
355793
409314
392420
443188
248957
185588
348435
359895
405979
426536
221509
250912
391100
413381
316361
376256
399984
247068
200291
312574
337812
246320
357332
217685
337397
439238
292242
357552
134836
323751
391833
123940
122382
416388
220048
133958
427623
241685
366424
161950
251132
411805
257459
180793
411629
139877
270720
237625
338606
314275
380374
164917
194499
398846
250549
271188
332603
262803
290739
283844
433377
316715
163850
147162
158657
433671
415912
184083
134428
191095
115330
244584
312619
119174
409528
139800
279624
205320
244777
176637
438272
415448
169672
212864
305771
426184
390892
100376
200562
129471
415451
227289
193527
173977
179251
292707
371801
327775
216537
299819
242216
251924
155992
332229
127286
363476
350693
250674
330893
201370
355465
162984
191300
109843
391819
426908
302594
238776
406070
359362
363107
120031
357330
294326
423902
269854
207909
328912
353694
387736
343199
161394
305053
255583
387160
165805
292761
270475
393490
227555
383585
343133
238715
129114
103677
195303
192413
364568
121165
191558
441162
217100
260235
418939
303626
446873
143563
265066
411762
420674
273278
110259
314518
103350
446656
224804
148611
270321
263986
342146
424540
136179
170683
277982
357036
263889
193007
339854
147570
269399
449674
356509
259232
300083
264141
232804
238465
169841
298339
229911
264952
307501
404588
342518
333188
150165
118705
199125
369215
315289
243439
223998
244697
399397
285573
366096
267493
419985
224352
287497
130115
354283
244930
402065
212017
178543
142055
265458
190733
220098
430290
262428
360722
206558
401782
187511
235001
337553
295391
101790
332532
315315
431453
251846
332223
262730
340980
327304
294909
379806
174345
400542
427406
445206
379285
268206
128267
120392
328360
315505
139251
449852
271927
308341
254844
364182
453255
244446
343510
298305
407538
350294
440246
152885
431960
220457
250216
211109
348307
375101
245539
300512
428910
399925
168206
178644
173257
435639
407912
311213
264166
325475
108401
420651
234275
362184
282281
387391
274840
382077
400582
408211
376138
363482
160928
179129
198273
349343
184178
122732
245229
291681
247113
324630
435282
196336
177983
103890
277659
171479
146899
299445
176717
401747
275522
208904
113107
191629
150792
115785
269644
403390
226129
316551
106016
346250
116470
235655
140079
236056
209134
208112
202595
378703
414118
446132
429090
315828
192778
113241
213322
197099
439992
390724
350962
335194
194851
346873
213764
265502
267613
311334
318972
305211
109928
141341
406930
456233
224355
274340
131469
139156
149838
351617
163778
404819
127973
156792
135968
313790
127457
281943
240237
246351
264137
362394
273522
432173
398238
234747
276316
125178
269864
229439
251148
111490
121753
141445
358526
208942
412704
450274
429713
375977
196304
325903
422026
172110
424593
306737
446474
438420
166344
183165
244751
133125
249958
201610
373476
184391
102830
330630
313484
109225
438925
306491
308815
335987
303760
204170
405358
307859
146099
131510
453624
164499
150540
427559
124452
157172
119830
190488
172423
263943
141913
430118
227743
420742
171232
123065
339363
364717
368522
214853
302485
292386
266912
180926
250305
436676
408333
106999
358691
137074
176812
151795
389292
293588
415684
250287
159855
302376
265822
294363
302477
277265
172974
251161
139566
423437
184644
297903
221374
378465
319863
335715
126899
200988
338284
104441
217298
356664
181648
258878
162437
291408
325048
160137
337346
380679
307094
127290
190933
210131
154587
384031
399485
380377
335540
226768
169388
249135
421670
324372
249039
330832
128370
109876
149457
441642
356697
251405
172509
445385
370958
111930
261638
397756
216799
365159
426892
301172
259771
101000
414685
322507
252572
449301
241320
357324
214875
172401
419008
259819
346779
387318
149027
127314
110208
444224
385207
133812
317960
225570
334563
165647
424060
105775
233622
355154
306225
296382
455141
419368
179108
181903
352944
443641
234211
161665
172011
169683
125147
242462
367596
158089
380344
253770
275659
120892
203279
154077
289041
362745
308195
127801
279767
298536
440860
233789
207862
438863
455595
141890
238177
386998
107016
201987
185679
136165
395296
138641
184474
304966
203032
401661
234843
100576
383594
425610
347995
252741
416486
188607
239909
104778
357898
398872
453174
341432
397998
363726
440593
425153
253307
200844
339101
153701
454111
368313
207343
379912
416664
162254
260520
256979
406689
392664
156790
171797
142197
118703
271999
386504
122223
447205
182055
192035
244521
448691
117666
422641
125230
176443
393005
331658
202363
386670
340314
325599
147474
453080
274960
322317
348413
364304
405161
314071
328673
354978
165355
139142
258046
102761
455355
361657
207122
316078
417659
324756
182622
170701
301139
434529
272515
436800
164626
258359
283007
203078
183789
121965
129056
445378
240293
383619
288513
190427
414805
274631
255134
267713
197821
188895
133866
139853
113293
396300
440564
346649
310477
305720
263005
336656
383372
358982
212230
348846
141302
161763
376006
180696
387988
248900
239317
423332
127344
437118
297867
409122
391141
166811
254269
169018
204684
159195
256958
151538
112734
154348
167817
441787
170778
291819
213785
183527
124779
297261
326918
140486
354216
144856
126371
213754
255943
253453
216204
356677
101104
240017
244785
235913
210880
209594
222276
105938
230618
332711
399440
355501
232967
322754
408709
290574
372723
174852
138071
321123
194352
177096
269716
183194
387495
332081
415432
352815
202553
233754
297249
348414
109806
343785
449930
380534
134462
380312
191297
436746
215190
271027
417972
389173
185346
450040
175177
384734
142046
309110
144528
116588
349549
164094
152575
244248
183959
374433
171008
251515
134269
427540
390418
135972
228034
309094
160047
303348
422576
248837
152043
253586
213441
296404
397574
139469
104991
431245
346715
212396
405342
326264
265316
406166
327000
455618
142118
146622
378007
363146
321891
355013
277295
106254
144584
361671
327134
337019
310134
109509
233828
411310
198746
236605
390980
449204
318986
195748
151774
140757
324297
178885
168114
454901
120653
276893
405375
286785
376894
429424
335539
149142
357495
331195
143651
225867
431411
242019
217848
135482
362643
336456
299482
313383
326674
140936
386739
218800
226059
262843
308666
370437
139847
191593
277329
279248
235101
334772
306385
173067
245684
179393
285843
333954
279934
254888
161047
375733
312578
406164
273736
253349
215593
392000
363934
172422
308556
292301
165803
304392
395877
411893
211664
370762
291720
102432
328452
181874
398310
325789
279307
114097
264552
225504
308336
298226
137437
187140
444613
448844
407400
392272
119158
194138
289522
177702
410866
159618
131777
257849
381654
100410
365327
270680
190106
395189
233066
196479
190146
417506
170989
421679
177778
344091
312237
370898
306627
291973
100887
399910
166835
367922
116489
141860
327378
431292
126298
156482
172087
160989
204010
449652
371839
193939
243218
326742
384895
316523
122923
316646
417069
105287
360976
138722
444669
435449
110332
419658
237866
308878
169688
186844
354793
149701
247345
397012
157204
362796
338296
207036
365598
202617
230986
118042
255453
392557
281393
398868
137772
162951
367511
298297
162563
309672
411273
312690
243370
265202
338198
380266
213370
324698
416111
163772
433910
303578
241607
142194
104316
195348
213505
169621
420597
216390
379777
160032
246880
349155
177593
267958
383570
101397
146024
276706
273534
280489
216334
147403
151345
232979
108895
279984
278374
355527
418380
400613
306343
422244
359457
101464
371920
276375
141886
182820
259653
335932
304156
111642
246792
187761
208858
243153
404598
318014
196175
333538
113024
352459
188341
275807
390925
394795
101166
118419
304007
268886
347311
176749
404893
204138
150124
126769
227256
378358
268649
359969
425356
105495
254488
363111
411917
179776
325187
175382
216445
217843
262366
443432
276083
365521
173209
124042
255931
287070
160378
454136
303942
130163
210257
437870
342986
451387
346962
200418
159415
131886
332194
153383
392770
406959
100465
341961
218263
110541
289552
267267
231535
147107
104782
117642
259850
288242
132156
283102
293898
215804
256163
376417
299246
366940
166185
349009
212641
135143
367696
411280
315328
253359
445456
269857
119438
299428
423578
107589
326813
136036
441038
305757
370564
263156
215998
455293
231898
285219
181817
433540
294594
247142
441110
196878
162461
181280
298238
243724
313327
326158
313195
278738
231236
350521
332542
425656
299629
275031
214577
324267
340179
292728
147772
258517
132356
126491
190223
438553
262261
156658
268289
235663
214208
255330
412376
368931
298958
320301
146062
206835
299221
267718
165816
221082
236305
403197
108163
196104
394724
364897
414161
279131
450953
156536
341814
286269
247247
180832
386339
397506
199448
259256
256232
286774
146479
387002
156047
254259
381299
191581
216106
127872
437784
199521
318356
302505
367039
102682
349064
410252
288789
415632
356075
421116
215018
266719
182941
414884
110518
161669
346503
198903
133567
382257
378947
425890
452933
147956
180328
333131
199290
150183
367669
161282
194078
446914
178719
393392
396090
285902
453231
220509
149782
358152
252339
200850
214672
336294
415210
148128
253663
378395
231876
442194
412554
262244
265951
450021
420268
235031
288581
317678
327606
208061
196263
418504
164925
297050
302606
198210
203224
189028
215144
258280
365651
349027
455453
194957
219399
303996
415405
171075
261919
308857
353499
375288
389186
152704
170616
269224
337477
285087
210844
286560
154799
287352
154952
227810
326257
398913
124857
449370
378941
129812
217140
395765
167241
405741
285348
413908
286910
257077
359181
224060
242456
378282
393538
199467
131689
326583
194221
175070
440809
139488
420272
162835
430737
284174
206131
195771
120396
186790
294368
351063
389548
166281
269084
336869
208649
187683
212764
214183
436489
185123
113724
404496
292101
267836
321901
285825
128832
144643
384979
360444
309812
122137
257185
107744
414195
233986
310255
199649
447754
342842
270137
364455
233563
421435
202689
301671
223463
272724
273308
403810
225914
163130
364041
185602
408221
343117
402368
182136
223929
210392
367255
435357
217019
114792
266144
229385
200887
313136
408436
271308
352138
399010
334133
117915
180251
302704
303729
172840
345111
243917
398635
284123
111069
278260
311403
353922
177954
392875
172869
285798
430492
378663
346258
272102
195143
141786
281050
445705
203086
173547
450678
262409
221973
147863
120879
387552
237264
198950
296819
377266
281993
116953
246470
381573
454646
360166
181450
387253
182323
352761
328849
288746
429448
387556
397730
393153
409361
367355
353544
411557
273370
286148
417273
292861
419465
269396
126774
240274
301745
167106
383593
223622
352417
402943
179970
301933
432843
262892
448802
279572
284206
400026
387090
313009
290571
159666
114991
413033
134455
282496
267583
368614
413202
307312
126413
426318
204361
394560
419527
308905
322482
148732
284954
157826
384068
223013
201623
132691
370192
227544
384851
432857
224883
212103
412064
371210
320794
290906
333841
118847
250977
382213
288301
249807
150415
183128
187453
443383
244516
274895
411708
261368
147519
287139
114994
244593
261269
323898
348573
326116
127935
401384
256095
273528
245287
148160
270427
227774
197596
131319
328406
115991
373912
122146
308855
339555
166334
445004
330454
341999
122820
127898
386187
117151
137575
431383
228422
328590
255939
360351
456200
248147
193053
368106
231743
134362
309687
320569
203881
259245
430469
456196
188578
272466
323775
177520
317095
366717
194096
418995
368870
157621
220089
348658
216716
403310
151479
223381
206951
219567
361012
199196
206662
350629
131115
435606
416270
343283
175262
439867
195794
433689
110621
248458
193784
376773
142628
234208
248042
234632
104875
334187
159458
133079
451031
425594
357184
147496
251720
307552
163532
383135
371931
172332
326855
368718
385426
381348
214525
149920
117389
257497
182303
243561
173434
356840
242331
272966
221661
109474
155561
225730
157539
299950
429655
353126
366102
382081
334264
199465
166987
263830
110218
271514
195964
176143
381254
109639
231338
399161
424070
197063
150515
342648
119557
418038
201779
288870
223570
368837
415364
118538
186919
396757
304833
449036
388000
384377
309666
418831
440684
297041
342734
196309
427346
233608
346605
319095
367108
354974
387446
158019
420343
192619
240240
132187
207434
114342
267234
345748
125550
297500
223962
405131
343201
195913
235587
265787
128019
314676
322954
153553
277362
114997
445664
119434
149827
348152
170070
297633
245267
183978
215270
185901
282290
296423
437143
103666
331546
320537
106007
448249
114413
100610
192582
388469
292109
264463
120472
389489
152468
343765
228350
303065
186710
139619
340639
199952
265156
177508
148794
421705
260677
133915
340265
360462
427449
372919
223931
240148
348847
124278
388288
296673
364125
312326
278046
331882
275625
265908
423220
203333
369622
370914
280149
226028
404803
426156
307341
134556
420141
337415
247243
353414
320556
303048
437995
283694
333025
181930
115213
364499
168481
397245
451051
199993
417609
433054
386163
357501
239417
309760
342085
226554
296548
111659
145897
242571
387667
345848
102209
248612
429433
357452
387524
256515
388500
213578
352054
185137
373142
246205
380821
297679
259940
309828
343065
415182
420016
404074
138293
416957
240928
369799
122367
369239
103307
341575
285383
143656
194295
360929
196422
126085
348598
355693
297110
251037
100449
242663
212589
423767
135563
158383
261428
138016
207435
138297
237398
162123
163106
370857
348425
368125
244471
198369
320471
418089
288772
313955
316405
314813
350976
245630
171451
407049
334510
196467
453533
444055
308964
435755
341054
398803
346498
218044
205150
179069
442120
279162
201142
455576
450714
119955
373012
294615
450585
387196
321494
436626
302035
356141
425889
279669
452304
225726
276346
277469
122882
179430
347754
361903
399030
325620
102851
415309
231182
238055
361408
311413
317102
210606
279264
184279
390487
295253
167769
374861
397635
352585
154725
425612
265322
341854
113204
335869
409332
337420
228951
377900
208321
103226
272322
127857
356520
170194
243316
393663
433428
121174
169786
220028
373881
368952
370365
304646
415098
156185
315237
140160
444597
322439
248304
131727
190083
194790
180310
288155
305427
424029
212356
388247
374953
344211
182562
383900
449525
428569
159119
272711
135898
224199
210574
240913
335145
108780
358557
158013
439354
191185
290120
255306
111200
197766
384879
340860
242986
383669
169067
415708
416837
306366
163842
306581
352185
330714
417314
440468
231959
454011
347254
116965
299938
138501
328009
247420
198994
115745
225011
448818
194426
297753
440537
404772
303595
293004
114807
229366
403950
286403
200284
344796
403503
312781
341033
336059
449667
274582
299214
197211
117069
402489
348415
346255
238235
107923
155227
396671
151651
215465
225871
213703
230678
438930
361977
429929
333536
322913
444543
204492
207499
207358
162433
128712
436559
272887
347911
137019
419604
100615
351405
248433
412952
239917
135524
395998
277740
106406
190249
443865
268067
229989
172245
242558
251991
238541
444198
352120
120014
380321
134147
295273
252099
260022
114218
124784
409002
137361
125039
310518
430883
205154
159607
432321
172872
336892
214266
217965
178205
352582
328618
405108
203786
250694
440344
162731
374709
389874
118557
348235
254030
284128
232763
293404
123272
342110
338382
195397
113983
198138
292449
421164
230137
184115
231340
290519
317149
294899
179549
125956
299959
298874
366259
422695
378302
415413
400016
235737
418066
436209
120499
133134
167304
321301
441441
412897
143866
293237
138001
206368
153603
346349
431091
174739
302171
343670
209210
141621
299058
185811
443453
252105
208572
218610
185917
383465
170687
328719
261614
302435
361385
181745
101521
289611
445333
427277
126139
452365
139822
185752
388636
404397
336695
363239
323002
295544
140933
124512
360013
431166
257079
366894
345472
338739
160148
371286
217212
291403
301148
319766
220005
127368
345503
210355
342528
239833
194027
320262
139679
312459
428438
243820
344397
370459
202064
150800
322476
137702
187595
262164
438664
374347
283993
288523
431958
300066
197925
176825
140289
208490
220172
130097
352470
417494
203574
140728
282058
258285
385322
147973
112463
162502
365192
263360
454791
250687
193439
101238
379795
236168
204480
340039
264342
152613
134510
150711
260494
145230
108222
184882
256122
123405
237911
358779
187485
282714
161591
238325
441549
315901
426341
248277
352594
239113
393837
214122
258442
288494
130295
313895
409067
237599
417360
392700
391621
449046
159065
274673
443301
222777
222522
432470
240726
435254
191775
425101
430758
440657
259552
312221
415327
450735
448018
206904
324009
268977
201358
385428
297263
299534
397232
357262
214633
117289
301994
229748
436940
159520
293336
275345
208059
239028
370782
283601
256486
272705
348080
441262
118182
378188
143193
445097
103635
434202
284636
453818
359471
391085
355203
425097
109121
253219
349290
109900
320801
187293
350428
252548
137681
212522
424088
326889
326584
415029
447695
267722
405029
186519
397979
187901
201194
350551
308601
395228
115897
367354
108684
388134
294093
233930
431978
370639
154794
415157
160750
398930
452152
113059
369166
390132
415893
431351
292294
139635
379277
186579
373483
335529
161626
396141
129155
349856
207406
272077
419127
404091
185756
363225
139115
294162
238202
209100
121270
400376
164625
333591
129497
120162
248142
212749
392989
347431
333993
253798
270285
315492
295478
318119
386959
171190
327485
257992
171036
284815
220844
377679
264293
438887
375525
206034
257468
124314
367423
357667
334445
409732
112432
382788
164128
368735
144391
153159
293186
327942
265682
219827
314419
295934
159965
417070
100121
333973
340730
444140
203545
164566
231288
224904
402343
413173
268217
232928
256991
326066
257193
217240
119957
374533
188495
151424
249924
427580
341969
137472
317479
388753
440992
397117
127275
316227
243444
343335
254813
347464
120880
380281
228133
110378
416495
114042
242791
135413
130268
264707
418743
172530
112489
211029
433243
366524
338194
445372
151916
448437
129624
338966
264571
145261
249733
150709
136779
287809
405564
307705
237061
326776
155754
315509
441724
263567
212053
339019
311225
127883
188007
428050
111010
451496
280493
337488
267246
274009
224373
427942
196723
319925
379246
217890
220138
430285
214569
142013
385840
315180
206010
265484
139102
288550
283252
254356
264146
451269
277257
357517
163237
159322
439436
427426
368797
413889
359357
354155
411818
403183
249711
237889
102866
307747
327506
134140
436502
284469
425699
362069
407929
165416
447786
370679
268813
202843
370464
429815
193459
421484
289757
269657
267377
410722
449266
349382
334145
189576
343983
248901
409186
297687
386104
372620
216875
287753
274301
407566
233696
428846
176666
295926
118698
283154
302562
441282
383921
193326
434394
105143
338263
361869
399102
199944
338443
140362
427287
128559
129550
363521
153371
169551
204319
430940
421361
381638
408692
203849
443629
174319
265737
209704
147638
455302
432255
186314
227456
255822
375771
293601
350147
324123
329454
406557
454641
135619
216614
415252
306515
408640
142345
418986
177273
105262
156524
258871
239916
371209
192417
178228
356820
275775
146489
299697
158419
401779
307840
400637
340466
391674
171675
263450
309222
191968
278233
308303
286541
346624
358297
296004
178167
423042
384413
186974
340798
361991
448686
197037
355395
424095
404833
216750
195493
226139
101402
358785
133838
237363
419572
225896
424434
109575
332011
331097
239783
368526
217759
434383
140168
255374
124717
256061
163602
371637
131110
392966
335970
268203
178318
455689
314708
415861
120657
455978
179473
220717
174309
258019
381834
405102
100977
238728
138095
268737
399719
363415
384844
289896
384948
253685
217525
104102
263880
203162
376981
406424
445632
136299
374329
294922
424221
419881
437056
298464
173243
155979
208122
269215
205938
154636
369637
290444
191406
111516
348614
409853
332752
221471
259578
226049
283552
317139
197430
256230
225699
138516
387917
226009
120157
230303
202072
232467
111325
228140
334136
178136
211179
358073
269214
122037
354989
332125
447936
189309
332830
369962
333105
389724
295375
126023
114019
131419
430215
105668
274104
156438
135586
317536
203666
321543
318468
174047
265288
277097
344497
140034
352408
385570
197839
340745
196722
185694
349207
192149
290080
384026
229143
454590
312027
432072
442200
410977
343123
342092
108217
201333
256128
425661
397518
131453
237807
388314
405274
263552
309589
291585
278571
367242
192993
256739
262835
318487
268128
332742
135444
209677
105120
387155
136880
393806
256634
319224
447850
413397
229589
266490
362920
280256
341211
204499
410336
100794
307642
292619
296558
197392
161997
344246
162335
167062
409371
345614
344204
349867
219974
253856
346896
334642
319298
362259
248274
392907
101425
328699
298796
271620
331133
242089
253774
274387
114142
174759
440689
238913
415421
238727
430774
153096
329670
273635
266771
349462
188035
420824
206955
439449
282129
305585
136024
427600
180204
161196
340951
433545
189596
132415
395841
156714
413930
192538
420501
222523
283545
240054
394463
259892
175185
379395
444044
225440
380860
339064
190729
363516
267487
387919
185170
224878
365956
393180
321858
306250
289949
334826
240699
295875
422535
403056
422418
337760
440486
126286
263867
396540
364736
105274
148246
238464
422563
317195
432430
407557
194845
273517
385321
439135
216378
421259
417317
278271
345140
441494
268256
113639
321800
311729
211016
208532
341957
160269
407202
239447
191900
304965
303570
140443
292495
170090
339611
454213
322756
257346
221298
308967
298334
253644
227842
452657
115013
284071
334403
277250
210072
378326
406840
117460
336952
349602
375950
401787
114346
221025
279339
266995
377009
160696
260765
243137
324332
407472
212091
282806
140850
230838
407845
239830
348101
449550
357864
354244
400209
130009
437398
354278
273150
297744
246420
282897
377370
250162
373099
182756
246784
309716
389212
228336
245811
132559
288944
321278
345909
150682
109606
382307
344471
378765
327982
255437
423606
214736
175644
328682
324557
452912
195590
152439
414986
438329
452525
381528
191786
316609
418985
131600
234910
228345
272232
247940
205305
286113
293424
252383
410809
261239
413565
208261
125442
372979
277201
322531
215099
317059
308687
272742
293743
133411
364003
227226
416317
204861
128406
350027
413411
101132
334949
228642
139616
278989
194023
323196
164294
429128
170011
105057
269369
137803
394523
443660
116923
392332
180769
369724
197460
110145
317947
138228
421289
347284
412585
168829
134487
203233
180236
358643
208150
311200
192672
121674
235352
401515
213074
262080
360244
284851
130842
115995
393798
433613
427592
445312
451108
299676
323345
306514
117582
178900
105821
358306
106082
228566
374236
406464
201867
209896
259777
321229
258538
130849
445862
310346
444793
166451
106848
168432
403026
285789
387051
316545
164866
119944
281488
456137
401377
108451
174022
135077
414520
273144
435163
242493
234254
403458
260201
290621
430329
448771
323580
204602
336878
100695
268784
377346
195274
389404
389582
105935
310853
176988
129474
412931
252075
451080
424951
243955
237403
222921
429545
448487
311043
262066
276128
225810
269063
307901
343120
435591
369702
272172
236540
163582
122596
344503
337928
357516
325352
344036
306872
105065
105847
247029
155851
195206
446234
422470
236812
373940
341886
221650
299606
175726
104848
269210
425986
426701
235982
446611
129584
333047
433028
293380
185567
187154
342849
168297
414756
195554
343839
252297
257737
289253
321628
225873
429638
149879
298693
284489
190594
117304
101212
145428
245838
103283
329657
193828
132282
226155
310057
196442
356842
374000
329470
352605
139136
175000
121749
429333
239623
340474
340049
151297
355227
269927
412388
203165
111836
302408
215041
115043
391400
335992
328482
285129
378484
365852
369519
240007
305213
439889
451346
427918
214145
130432
437372
246546
204568
154312
426545
239993
398317
346176
104225
430499
107864
122881
401940
411378
175559
140971
429588
276101
167145
377825
350439
240080
232099
281975
132749
135329
217132
314979
224013
337513
423948
265363
421507
166553
295802
286948
137362
369059
383324
194705
248070
404935
306985
133536
407179
162877
364044
120860
447714
224127
139671
294330
335584
374968
101817
430265
424133
121200
258890
225827
203451
122229
341838
123630
334754
288506
270731
245067
302201
176364
374164
297316
419945
290265
439465
295709
260307
451841
260481
431217
396978
279795
170868
331488
295784
370727
265285
220234
441751
318837
310457
287791
122028
210296
295076
390992
419418
337389
424499
119900
293069
335998
407317
383473
394816
324718
287882
135084
349917
311987
270071
453857
211908
406781
363434
279981
251230
443661
392993
258917
181491
310524
256508
114776
294240
313397
162997
436772
283941
220377
139888
293468
446854
197818
394964
116538
441683
141906
197186
416217
415393
452730
251078
405939
263246
185119
361318
117158
389950
238966
376997
232827
449721
226736
437414
361790
434398
223617
215601
292965
218988
409523
326380
267277
284641
324515
270889
277605
224888
353961
201452
151922
168734
276719
255099
241852
361937
389655
156770
361333
361736
413103
168470
352759
168907
208803
365202
182487
400053
388615
298707
141016
336847
452635
108784
387604
418473
240514
192618
289526
348392
232757
326120
227646
446405
371343
151820
372698
174728
389064
149835
281415
348155
417535
350547
210766
105309
326244
409872
147799
442423
130405
245268
239188
402587
125755
331760
191083
252319
191352
253401
224551
313187
267839
244167
288318
383782
256336
451106
170137
329996
220293
276014
221317
221780
258340
194532
355822
206386
277135
193871
156102
334380
133725
355919
110342
118188
108444
431886
161265
366745
359833
124324
351997
143881
245350
133115
397284
152111
394413
329658
195886
316836
109962
343565
437526
401147
410385
327473
312830
295336
123596
278329
379756
250255
260865
242290
125748
394037
175541
422926
329151
439058
437627
352219
226538
291276
436460
296060
269219
203710
328349
193771
327166
404931
385521
243041
211949
255032
307571
425589
353672
405606
293017
323562
192952
114602
359950
354502
331663
178118
443221
178035
203778
273075
427401
198827
224424
330652
236335
122511
323109
345115
116449
175009
121842
421024
426708
429343
209917
246083
115799
437872
366857
254589
341642
422729
296135
120735
368006
113836
107537
202235
431880
343396
436832
311066
224794
175460
236730
254029
260691
181671
452940
268294
235624
142081
175470
208709
413143
263399
113559
300401
224698
420576
428348
454134
409336
341571
173065
148214
212944
410649
448960
222660
349702
233881
322128
213847
349271
391334
178545
106856
298331
189693
407816
288885
102881
408773
262514
136596
407913
395349
218995
178142
286072
168457
390576
166187
321945
239688
242451
206278
297187
292736
348968
204246
310578
190472
272881
134642
279003
348568
384962
243767
420158
157527
137639
145042
146616
430352
297459
244900
204841
179056
390258
218645
146627
195109
363510
117413
405648
163833
244260
323621
112997
117104
431264
189281
361021
269108
255283
417800
142374
179494
122528
252360
297186
228550
157870
337203
185508
125486
167575
106962
282868
323384
193937
162366
149063
267296
415981
376207
192660
318662
152108
114632
113748
226315
365307
194751
226858
228618
183103
312192
275050
134481
247612
206107
205504
327252
297560
168991
375739
324238
258092
370310
122763
415247
173450
360525
455031
416620
214874
265983
405359
366035
107032
450448
415222
178020
433593
443340
138368
367909
185455
347377
303882
220306
220701
242213
227096
185920
167729
116286
451891
277636
215832
160266
204570
393527
411980
163256
359224
343391
256498
142217
218606
361490
386134
220532
290948
198088
422463
180662
234630
151693
319429
325713
301546
355012
443312
179646
263941
277643
189706
150969
278995
384854
182495
291533
219633
410078
153697
330896
227512
368809
328091
452035
332528
195562
414040
436699
428593
211452
188112
205406
203538
292479
439488
330705
331781
273846
167885
427479
190096
174623
167344
222199
167760
142094
104217
118990
411151
302636
182833
454339
135999
302762
168742
297357
322963
251982
430687
152671
275167
250451
133085
389044
275629
216897
297138
128603
223749
229657
155782
143429
116655
418267
434131
251803
355500
381746
281019
175836
100892
360729
302692
229249
374524
286381
430137
388012
116503
400475
141041
336607
373960
318386
162896
278697
273767
111732
160639
168017
319069
352072
185692
194642
320008
183047
301150
175600
269527
361527
428911
304291
122654
422997
347461
302529
449200
436305
361721
367447
306320
356304
303260
440741
119795
192112
237935
455603
157284
381578
178544
256099
442864
412719
153264
335439
367708
436188
143307
319495
418069
295947
314221
181384
104559
355458
188861
249218
319848
351132
124535
403657
170594
257955
442402
111931
267776
385965
399433
367838
212215
346516
332059
369589
120447
387725
231008
122708
236353
311777
160086
328616
376989
346246
103284
430787
304401
239279
444121
429962
107042
380786
224859
221673
393799
288311
425178
214571
142460
322864
360137
266696
219826
137021
156099
238681
277248
306188
312706
427327
233141
236455
344844
158909
400444
421122
431028
395669
222273
331918
316381
319031
215985
370249
439345
249894
233267
288658
227885
349048
389050
123725
102764
107895
114528
256451
202354
263990
297192
289356
420543
403639
170576
340037
410983
362234
236859
398873
174617
380891
221093
365884
299220
270820
278789
338733
350896
349682
171535
341698
242548
420967
225463
152318
332151
120812
396876
264824
398748
355444
368701
232283
251888
161948
436275
345439
180240
170067
409797
260955
359335
187726
351128
161295
411054
338379
449964
453590
230101
301215
100397
375946
279693
344634
187541
266633
280443
216223
156589
371578
372811
203266
428375
371154
143490
278590
168501
256919
283741
193857
384237
239445
109942
246099
285154
175569
230749
424315
344354
119941
200943
100408
286151
315621
273357
227893
143787
243632
274454
174553
345701
396184
349444
389498
221337
332316
261851
294507
293742
349948
151792
371003
104855
358804
127356
154619
143963
240977
281602
404853
239600
245553
436402
281707
217561
145952
284452
367801
120314
207980
151234
176306
387890
244326
125399
106424
313499
151944
247548
370693
349368
436716
222542
345905
448637
353759
109136
403927
226922
269151
236548
155778
274711
208225
316731
273451
440978
385089
290354
179581
433823
370269
373169
136890
403095
407761
108413
375561
419941
162468
310081
143169
453023
177600
142960
148801
143497
102806
145460
357320
352282
376971
372597
173116
261750
348512
379149
419317
153344
423172
265939
254851
340288
214798
104335
257101
248964
309862
254666
327136
107596
431952
320679
329015
390600
385472
232463
197306
256388
315702
366736
196655
221022
176807
227061
130151
260072
157485
339336
119884
138471
304715
337315
204122
121793
115084
379233
225775
435098
311555
122270
383858
423047
306909
212860
253053
159305
303285
114062
385227
101102
186182
354177
233956
213187
439518
308594
301316
328467
349460
414713
263791
168380
386048
113819
433178
284251
363541
205598
261030
334804
366942
383643
283940
409136
341055
337809
456175
107060
119008
152419
148573
250779
421102
364138
283244
102035
203693
317049
403779
239537
112706
270566
374867
221641
178348
142113
326292
368906
238965
215498
254309
149829
165667
108123
397706
249911
103374
376904
413275
297423
436319
290436
124071
447085
175886
152128
286837
422721
418276
178870
426087
191405
365899
205361
261866
174678
269110
201178
262289
100007
176969
281029
215738
217164
303000
266102
426626
412502
350256
297540
434944
271223
341032
437466
239245
378740
226621
382727
107631
402818
404699
447545
279016
127937
272577
382445
331706
148887
116069
237202
448378
239979
452588
428695
339653
330457
447002
289393
112192
158111
207279
167375
244731
350076
137983
265056
205671
235233
438843
314353
419192
209443
249765
156743
442566
143681
246288
392889
139308
135658
173291
381387
181118
353660
421683
438613
332293
392443
192381
118273
249890
224943
108608
406714
215349
331286
412697
325931
142607
334207
408192
236577
324640
255454
339894
344884
426803
110966
369600
229067
326187
298740
121800
428300
339767
368719
243560
124468
329420
331654
423657
177958
240313
220321
117444
114155
321883
206715
313076
234826
245652
178533
216639
312155
369281
294752
236635
276157
332659
148637
291266
452151
113753
137172
223332
260869
304662
229328
411143
199744
259672
387484
446857
332640
341197
391099
399432
183701
117162
231024
339635
255361
401530
274985
197445
192067
226471
101524
419467
109797
357928
394320
401271
194198
271048
191591
244966
448731
148132
401254
446582
261838
442503
302227
378630
152185
266845
254801
129927
416465
235323
145324
356472
333825
384197
175206
381004
364886
130326
322955
382670
396175
190610
343707
367619
389991
256044
303430
257543
140633
125610
160770
372413
262594
214193
211895
264088
370595
451759
154538
339163
300441
344235
322519
164977
273645
112798
279396
168596
219905
370504
399630
102381
273474
330400
168318
128080
144206
103228
301879
213898
133700
449375
358419
390071
136117
141064
434174
185923
146645
395758
246115
274658
413088
157932
320416
186983
243977
304862
328120
223442
104277
345307
262805
283700
384816
385912
316888
121395
411999
300172
305843
389075
169919
356429
102313
262895
236364
269428
285312
154570
328411
426664
427412
406323
206116
174054
239810
118982
427724
109777
224963
239949
294034
239313
242323
398512
165514
236926
140150
426449
324673
367359
305032
449997
334200
445113
410544
132852
359244
368644
159114
436616
140228
398986
447329
389642
448829
393287
158257
406188
405961
176651
257669
263402
171663
293060
347091
136144
271164
331957
369381
284054
371238
222383
296045
356474
116682
113816
308437
424913
293197
302858
291490
215271
127929
316784
296936
154814
125357
416847
249730
205934
336299
210594
206963
277614
447774
206195
255466
415556
447317
284581
295393
355869
446804
354887
292067
342391
254809
185077
188368
131372
203811
434062
113581
371613
356122
331717
106956
455641
360636
374252
455606
427498
349980
216867
333755
113755
339052
368604
120782
183735
329291
176861
284541
364822
407651
248679
223957
446145
340799
206219
196556
222344
139570
344175
328523
375346
260250
425051
370436
276700
136316
129354
269831
296722
422665
280098
154939
258377
404792
341159
353983
182210
265801
260398
229194
213366
288286
196744
144321
105947
189363
399838
192738
125980
149047
174823
357143
158555
382420
199895
377809
413346
187962
279559
384456
409018
348049
367261
312875
292876
326228
451667
422792
249240
317014
431180
184570
385355
226364
276092
212750
168099
328285
158063
410494
348335
424953
217286
106917
452870
347509
355316
256188
105601
277129
198687
388560
435166
413415
444184
162354
335935
250109
224381
324409
133766
447408
161457
414589
418079
222803
402354
165021
202054
386927
236561
355473
433462
340245
393378
146128
118282
437144
133043
187028
161370
411701
351466
426335
113885
262714
420708
247570
327611
349041
319465
130962
169777
134939
277658
453396
351953
242926
172968
150534
280054
141182
400212
291172
151416
149999
259440
295763
256816
162569
147776
282683
373643
212455
123905
260373
235662
404016
450465
137190
151399
161211
256983
230065
395557
134632
377317
402121
388332
140753
246271
444656
382810
282280
271352
250817
301434
323641
423864
314753
144710
274621
268259
201466
382084
365075
260424
335211
398201
178938
428246
404344
191536
105527
176409
359916
184311
297205
328302
340316
249195
412301
418054
317355
305743
444204
290938
247320
131234
301885
219836
372635
350263
253703
163347
338488
283312
428295
427098
410075
249375
424884
438703
325562
345229
383116
313023
388944
222155
295012
391980
281866
276213
204627
392746
433972
368242
270051
426546
208724
115851
280059
203079
362441
123623
189035
124073
382154
307106
160251
182090
445670
165031
287230
189391
176427
132475
398478
280904
185510
372072
366929
313718
386671
321393
113414
270335
100373
312704
162888
108847
100748
360135
226547
236902
325034
378861
428202
407953
405304
270234
225709
186605
104243
375547
327661
175444
399963
390559
192179
324715
106511
301000
218947
198699
278841
143067
150872
145944
261882
219551
127470
331528
420928
327234
203925
231910
362674
274201
447018
451607
378793
320060
162806
256407
320686
424445
428470
117800
348009
404177
134416
209941
422811
434770
102095
373198
190408
262359
232020
208285
415217
347165
206595
290085
173600
222754
279319
246728
138856
336539
385433
179869
313833
296210
362739
255798
436795
242192
267616
260745
257812
377587
104038
120253
333865
429927
106858
452962
206095
414038
156513
247809
387998
143506
422684
237937
312751
119752
256299
128938
261216
364301
425147
188498
364266
156671
397497
255726
139139
316707
283138
272762
381836
318199
275991
169089
387845
111284
327225
209618
203050
126754
214679
231642
327934
445187
348434
177018
369989
151815
342355
259746
410852
237133
139279
179434
321445
372576
251863
163851
195121
168271
201831
119808
345288
310160
169990
386997
169122
165690
135089
279423
249067
166129
402757
415372
305979
175210
336032
193301
265067
329686
341788
230883
226553
224529
171079
427906
393812
240547
325558
136729
386374
134743
298884
161552
362456
437825
349004
148178
306782
336317
133069
343431
390792
271720
277436
401681
377291
250068
235251
290459
122623
416120
254413
214028
207194
352959
169848
333407
211612
339180
261052
308499
285544
245478
275592
395628
432096
204521
385186
191597
421881
110207
337426
125159
326817
334272
325745
263464
264090
241122
414291
178998
283436
393282
162664
313761
353797
421110
373997
282392
118235
412479
199199
101485
263168
202217
411465
407015
326808
133101
255989
376188
198316
114888
370214
278768
283120
320391
232451
440530
139805
444738
455526
106337
163092
332221
183529
446351
316245
110199
203887
296560
251223
323626
104533
393857
274354
170875
263398
455406
302430
309652
201431
251327
203159
203827
209888
249478
294254
427085
437035
260325
100538
456139
272472
144163
440550
245092
290342
274732
289081
429019
181363
159408
185080
365881
443658
427369
137417
427755
184826
407176
428378
441306
284044
285757
237206
348288
200119
360614
228494
408277
386238
418840
451562
340936
350329
221132
312707
106328
196521
426517
373973
272196
338768
380687
269697
132174
111968
230925
244845
168051
228161
145715
368119
192997
237868
155679
151866
438077
158812
166292
249590
205948
138867
103603
428615
289093
248475
255001
176495
275704
187837
171099
372166
404974
162928
437877
183731
327580
256391
205424
213990
415674
376244
129192
297583
363791
349789
418856
385465
285995
135708
295535
121879
265269
340150
211984
162101
419261
283735
343554
199184
135863
450893
120496
214345
231979
447168
426004
114131
361255
234530
383341
349175
436743
132207
201945
283284
380099
124953
421597
393373
379845
415694
209633
188559
454028
291144
256371
346548
113275
320446
371071
413072
364834
145933
214410
308674
303273
352674
207974
128579
288951
443027
224265
433223
123317
178658
235280
139845
415808
164050
117465
334038
151034
287211
144864
217690
345762
133923
414632
334442
398605
306353
110690
435595
282813
258919
112534
429614
258982
137938
414189
118278
383137
140340
442511
316779
156116
341003
236706
322869
191057
438423
396247
362074
384674
107168
101479
335846
342151
147944
167584
275696
234761
215507
221874
166040
229617
234121
428652
284872
241312
289973
177784
311918
438417
186335
183458
393326
242559
391499
349599
396251
186226
227046
305996
184462
213540
336085
350619
170710
139112
305243
127288
454472
393101
310221
346940
135539
330526
140873
356786
272591
287100
344886
141096
391228
325100
148225
356417
318562
225365
450082
427972
272548
364664
265397
348814
158455
281436
208686
264074
134691
154125
101129
271887
437959
278631
329762
233370
195014
436038
110923
322510
137055
387673
281553
220353
262137
419733
140074
368586
326849
132261
192615
421697
456136
279115
120213
335178
131530
323217
199008
209398
149566
226473
161066
134001
276686
269089
235605
162411
399420
405750
140714
271289
330045
434813
206688
392968
278585
333242
149135
140286
222297
407381
303687
130691
319502
212368
212845
456060
125443
228984
303646
442942
162034
419135
420604
145072
117991
206052
304078
360679
347442
135687
235921
323932
361170
389869
439892
383287
316592
360111
224639
449189
234871
358406
173078
102623
146819
122803
191058
130047
284744
224413
191877
140562
417099
140768
294393
264315
105845
400450
172952
353556
245144
391010
231514
204035
315732
164399
302888
142188
369682
321266
151354
398496
329577
108543
444961
204865
321133
106220
157520
347520
181950
361418
238302
413501
408582
188625
371020
108697
425276
267753
290795
433264
401929
416202
447128
178049
218629
185844
216680
294479
138899
172266
268351
125844
277453
362089
272738
241554
183570
435025
324272
224116
391691
121316
256353
360558
306254
384814
370221
412993
191030
444680
262020
228588
287292
337689
406501
245422
267715
420750
334463
174113
208891
374098
232241
148283
183865
346196
366222
215179
368405
220718
154674
152160
180623
135139
363628
415977
440631
159790
193469
157648
393154
332696
205063
341353
372312
178977
357917
406079
185617
124025
417843
280509
125535
437175
194249
132396
419912
132280
435004
368214
320366
287040
206446
352456
359306
178255
444685
145902
437914
216273
357531
290740
375457
179746
257797
206443
433421
406885
293325
258731
274892
411671
238383
370650
347921
371480
111932
294707
428657
102777
429818
133823
403998
337107
254618
167941
385662
383940
250606
218379
107364
188238
401544
442725
221558
337288
133252
332627
366653
170390
445831
451638
194228
314390
117156
189748
432806
396193
239414
127936
250850
354683
215213
337352
399236
300507
338498
291952
347825
249112
192420
196120
120833
370396
256259
182505
422755
327956
283720
337347
191820
333102
159031
149848
135623
347762
259451
445796
106445
358657
339063
204490
125974
352144
356955
283773
113271
256605
237626
266660
128192
173002
388197
440333
105928
250866
314737
117510
443964
425472
311802
356224
385983
378782
134686
246953
455258
179113
283185
425590
393977
393651
400837
361162
296280
118274
328283
250291
186271
149169
307471
445904
370490
420944
159858
178111
334927
326721
409761
353024
294381
257321
333107
404151
324323
156738
450236
249213
115127
398370
122947
449752
233216
191805
113348
135436
413338
229069
130092
163292
270583
231395
432956
129931
362106
145448
183718
361733
271925
188242
443240
224695
403089
263764
308055
129795
336068
356930
324657
353861
228050
137849
127086
110071
373038
154741
300308
383056
108389
359534
262578
411561
162885
270470
438917
289496
405180
256647
232768
263587
452392
445896
132056
299613
446040
374339
274148
453824
317007
376764
182038
291125
445026
220522
246497
215065
442633
178188
137273
376960
138546
164356
194184
432512
411724
195328
172343
304903
452482
180137
267103
205920
239467
350893
324616
298712
352061
383661
193901
101585
235069
371205
449137
315808
263144
102569
237747
395374
349303
180508
108255
436666
273619
288036
426263
386853
231869
286306
138727
418021
319436
365832
390211
345201
398704
122329
128967
173507
145278
236091
301273
104234
443377
123695
356188
223302
220480
427670
229950
146286
245353
131451
286368
338331
384914
308157
220433
414249
188063
231925
147968
203238
233618
125781
282213
230555
194684
141708
368687
308852
445969
128114
322251
409380
280677
154998
242313
119937
212323
178235
140833
436753
427289
304129
363104
154316
178967
236147
191194
437701
350932
227686
148654
390272
193955
230274
298748
109801
295818
321979
208524
138513
218289
192200
125067
183081
165704
284901
277013
139707
280979
210634
183054
424184
210233
320766
370301
419966
368692
154627
348988
437416
395799
332413
168807
125725
106885
424798
315368
219222
170118
103967
426782
420225
262729
188378
347144
221501
419102
357141
331024
240363
241047
257519
192747
406434
299059
242408
341781
304302
424323
320602
167692
437437
246186
164767
372770
320382
358124
214725
372927
374880
394495
196310
218318
195377
397173
246457
256584
182065
353199
362881
191921
338056
228598
368710
315835
323034
140690
429316
183068
297022
162193
161152
175651
306571
202521
320982
134278
267615
184551
429434
309232
258961
229904
107147
144606
386094
445002
231565
419473
349291
134226
110660
290251
100145
381221
428226
265163
391348
235003
108268
184958
403196
307529
338731
123410
372945
118122
133914
149383
219822
319007
348661
310210
334225
307977
447220
344952
170479
393108
158118
269458
238472
189098
313562
422482
222603
386376
288933
308740
139606
349340
218780
132751
267509
307337
317498
293047
254294
343941
107185
403510
350105
432688
332029
219874
245093
110931
124374
318415
230452
393408
255927
202342
152180
271410
162439
411192
316582
408889
389061
377339
135963
232055
124946
178158
276734
206672
395960
245147
201213
109067
168787
320138
240331
436887
265031
407666
404283
326301
150840
400232
415700
125903
174940
445162
264539
186956
183296
273766
182361
110908
230160
443779
240433
134169
188676
327191
363503
350755
350116
219297
321374
346062
143805
326278
323402
192762
186770
389692
383267
361439
182759
279936
438605
358125
393754
349170
221853
287660
442857
248828
276696
363072
320342
332787
219224
393502
271119
121558
339856
172159
254630
317330
325799
174841
185833
166676
353940
227882
389721
401534
337124
286060
297800
397686
340785
389909
215373
402246
220615
425189
227813
199657
271312
409770
444233
233083
168591
210546
344214
376899
156261
207670
228448
293943
251198
166465
154883
129846
325184
346291
173443
211259
307330
430595
449435
120328
417271
437844
354997
190111
420818
284550
202821
345240
361391
378627
162805
112884
307214
379592
110167
186305
377722
410703
388027
372114
369545
320402
320790
360565
248781
247341
193798
236386
323399
213930
144663
115218
319216
424177
362732
441772
380627
387454
105713
127899
329279
228150
350341
158836
334479
216239
371547
176598
199571
181526
441682
438530
106173
163637
290719
143665
382215
339461
343835
453173
398672
379203
326379
315401
399244
299111
197591
258332
354596
260795
422450
397964
351152
370928
299851
452130
204821
251782
184362
389673
115896
200091
203497
361290
147252
394150
426608
409087
181321
212854
161404
154497
369488
136708
202901
442995
201485
293455
380422
133189
128073
228687
182793
411005
104979
245377
384396
243898
194897
173690
229032
347961
180659
149990
232457
249231
225183
192236
170677
287545
385975
116856
174894
446477
119363
295081
310319
199980
280237
449988
268004
268843
105054
168345
452726
393578
224378
263499
317085
114988
362617
244329
341555
234932
383185
418323
399250
124465
125315
323806
361929
322103
339314
308240
338219
246603
392299
290282
395789
106479
413820
448577
194147
185392
315936
388786
338546
224240
197771
415642
350475
227104
250170
442389
410986
123187
371061
303139
258180
346868
153521
272050
307172
106948
361925
205884
118862
148260
340574
298111
146376
249139
100721
115906
389354
352948
436117
397064
282749
230569
222026
411624
310074
246799
338621
368014
399521
350466
400094
336034
345041
320033
160052
270164
111667
206337
404181
422859
285047
234890
215380
149505
108637
346327
170391
101430
163617
100886
412250
256805
348808
281182
114890
300554
401612
358002
247964
249776
249452
348036
452554
439064
436853
373304
196428
211616
313210
113374
162719
382946
165026
229088
217755
331920
298578
245940
136291
131891
262026
174276
353987
325014
282648
205999
378846
118944
192388
273216
316952
349567
107997
322311
374958
165483
314051
425665
149628
269932
197326
346346
270278
193703
306979
238696
176081
281682
299250
438193
323884
187062
303649
264772
375152
314764
436972
128161
311831
229909
109532
114260
333630
159491
239026
326415
178325
153031
152762
307619
425934
352226
132085
302061
358825
255113
234080
337520
442823
389200
152263
219779
414675
392908
398434
198944
435625
298833
183108
202237
297351
239750
283505
354836
219383
322245
313124
393142
449084
383061
104793
279871
180316
258375
305190
306162
421766
175228
256312
224536
276789
267320
384040
446148
253261
363376
363865
227212
172473
369259
160603
262271
392799
440433
120277
211152
314145
209433
308783
286713
262018
294597
268782
133066
173880
392595
317684
279049
216877
158830
425679
385971
307189
316757
169684
201566
149331
326521
412075
137555
300750
217836
297288
130265
379613
241963
122955
252650
439191
288401
130741
190462
342594
289556
119356
240813
224186
402495
407864
387628
199407
409421
387212
423881
129287
424554
261166
450933
229092
303545
278195
381005
164703
135015
193654
153499
110120
448290
455725
359668
308975
337697
373269
375823
374502
437826
150021
209600
126582
429622
331187
215212
102828
346667
138491
218127
218059
277594
146361
246936
233885
106954
408090
370242
427753
118233
216216
327930
450363
450451
373265
314207
252023
371163
173111
439791
205457
174646
356137
294749
447471
181800
415433
384623
166483
151747
362050
209548
234101
328563
203571
141818
109382
410244
351583
366012
121343
348024
192583
359954
290392
282801
406076
338172
180883
198311
248408
336184
210049
268644
359063
406826
316054
171037
149655
347806
154380
214954
329703
352488
248845
234190
228084
364835
122844
434233
218604
309392
285956
113971
264965
181896
280628
365809
139323
113297
165943
178893
131226
164690
185817
307044
172042
253735
181516
423374
179663
114765
345842
185632
429764
113031
230165
353869
231964
392694
303829
260758
390231
203373
142402
109154
148721
323353
350070
163191
329357
278364
178562
238006
219458
275981
176886
364321
362311
439139
199622
391938
394054
449816
320516
138987
370481
310679
171790
258802
279553
168100
287618
424771
228229
435221
255748
295593
408499
184306
243691
332791
451002
257811
135339
403637
443223
127910
353411
298804
340330
246360
165132
211518
331534
233806
289019
368293
107002
219691
163498
347014
335007
119568
419420
171984
279704
345767
257898
207407
215305
355679
212337
175667
443108
144203
406669
283430
291519
198494
280577
251275
145773
209348
328157
361832
447311
177436
223501
207943
275667
233435
352232
347430
392296
431797
343923
214298
137692
278012
436092
351702
137063
247471
233574
366506
161077
218485
438320
428858
130548
292554
185986
286671
184211
119876
135513
198392
275245
287105
308733
321637
369499
234821
385946
299806
177856
258221
262219
417992
162810
303598
269383
218751
361343
269970
274284
414545
398831
261015
343778
300265
102832
360634
187169
105177
397821
181696
272803
281465
168587
165570
218019
370846
355555
225513
289027
419860
392180
262085
395815
444682
307026
310930
184365
285785
448032
429668
454795
437513
207760
257100
151430
297493
334036
297362
451078
409785
264447
129468
362888
321002
124920
334068
214560
192291
222421
372614
301660
347631
277450
136361
136415
439056
142842
264230
162555
325715
219972
376056
165900
453677
101142
180839
220481
441867
410820
319616
178390
331103
275832
244826
367419
318284
452202
436189
298314
435876
374355
342131
143333
240937
164621
398104
313030
346397
367288
439602
342548
286335
263682
237285
395734
312048
252744
418170
164260
225077
389003
152491
273401
151157
182369
128755
300468
275655
218985
226093
114119
359650
388294
321761
278522
192205
285874
289476
224126
361458
415902
352387
360286
170821
431747
367703
354691
178970
377366
382758
338560
250362
338072
397548
126499
352595
393755
294231
451790
228035
388327
228425
120001
130230
439728
268939
137007
363453
256251
108417
293340
401769
446353
223572
189474
154908
400528
279328
437391
147449
112305
253554
323779
277733
270066
165434
303283
124913
304859
173409
184413
281497
384943
337851
318481
276063
160884
119605
230751
290817
222582
222884
199977
109009
399625
158070
325331
150779
129864
104248
452066
314694
127517
346581
133220
366732
116550
185474
148293
224588
131663
447462
401431
177913
351279
302951
111232
122241
434768
224873
268638
157806
279707
181533
389427
100140
263917
175279
394913
438670
298938
334239
223619
392662
220929
363303
391925
221542
372256
376315
323664
332935
352218
385239
416256
364565
372483
428761
253074
331100
193873
178769
307958
279399
378471
175142
164614
394293
365346
215759
160522
282209
408021
201158
296489
249353
242164
210192
221807
338910
118172
359941
135695
443390
430482
244933
218445
369111
361153
169675
349309
214211
143487
224747
155602
267803
378290
315379
351563
430180
132666
190628
302141
381986
435751
304453
138716
422032
328642
135576
315101
124992
388292
311167
158055
448588
206818
317660
222557
320005
364727
233931
293748
240362
117164
243857
364440
254502
439378
370259
264362
216941
185459
106961
249017
228597
249746
364896
437747
423018
113383
294150
302097
291071
360019
439390
226316
207807
169900
455283
263258
252418
147401
208412
123901
286564
275132
436943
150927
375065
158726
221731
354332
277322
262319
333578
387640
279443
312330
368774
452563
291201
260552
155928
292290
197323
168713
446954
232517
108232
303772
356256
192948
376164
401707
107396
281704
192414
368551
416536
426126
123259
423883
130587
397972
116888
330704
305629
124143
361887
397538
368081
231890
261847
343211
393445
128654
176442
351272
323709
107497
354605
153412
149172
109007
302242
375653
426022
339022
156745
135605
451833
205583
210534
303618
279768
450648
155630
370553
327776
345141
185117
439441
250081
192540
455006
297092
325752
341920
201805
145202
110830
101357
331271
406795
293387
194682
176274
224243
176999
247062
392975
188700
367803
102323
109640
265749
384793
218875
192733
230054
226835
383712
102117
156528
331529
385432
338826
426570
392342
290611
405787
225240
178449
428876
393644
348975
133262
429260
420381
141854
421060
191442
149174
174381
429849
347125
329701
202678
346248
341191
378711
391542
454413
287913
199136
280818
287032
390548
106164
370200
225626
281654
102012
114678
117745
377830
333915
168798
225372
165860
336152
161170
348467
151190
207845
181476
328697
447791
231010
109181
319711
446317
356582
269658
309266
422258
224967
359678
146546
294484
426438
290072
437471
295123
157308
408630
282415
194300
121052
454090
281057
432349
314225
207015
146414
412177
281786
123918
226390
219285
139848
436900
423278
224399
407380
114338
431525
432554
349859
248849
408992
361443
213790
155024
117667
343813
271869
102930
275607
419053
195776
193337
453666
432144
345513
232678
248188
182596
141366
252837
200072
391940
315689
245947
314255
365447
412297
280458
123041
249062
320497
405854
310023
273419
339481
190346
315448
282400
212437
181818
434499
105185
173311
343019
236600
353329
226078
262539
137012
302394
414317
389580
227699
398784
379152
121676
448116
384897
124177
315824
192541
454003
334354
292526
396295
292083
201287
142015
157938
251928
283286
253071
279728
199581
318124
412808
405327
177612
357012
158850
439404
135204
300953
326463
109607
436929
339171
185916
393412
248291
189584
140972
124069
315676
364693
319356
319360
117005
136658
454953
372436
149433
431222
170760
186324
125694
217725
213729
237382
440116
320145
294158
379540
360623
108551
206545
129942
254816
377517
149705
105613
399715
227144
308596
350536
251367
153879
335637
438937
206408
447790
183474
206664
357095
247228
157366
227374
319150
117759
123960
286870
263942
339026
357554
229975
321499
196660
244983
175478
157211
171866
384374
311025
312215
177181
146392
229307
403200
156632
135923
454562
318937
386073
333463
361974
226211
104638
381372
121014
158460
298612
150523
163916
166171
340165
419914
286704
400879
101743
196348
280356
410510
301979
299512
314665
120008
126033
239690
229807
145098
292466
275426
186855
111237
445503
293843
238934
270775
243051
197369
414995
290698
112130
168849
349534
134248
186012
343227
285455
285854
362960
124226
411784
232259
202548
153020
131799
350892
149573
107236
199851
361725
404038
173958
327035
441857
164687
223880
194538
357981
154589
296988
339760
168594
436318
245805
439575
415010
451539
398376
331802
293072
346157
214064
393116
229964
179196
322693
224306
289685
249857
330926
329633
359108
186512
203715
231327
275510
354047
143181
183129
305426
415938
342155
132675
426096
358244
208338
136897
106609
145918
147377
446746
300112
113489
263388
342374
440368
117230
156675
185261
356227
116339
318170
295291
132064
454459
155695
361590
344993
108042
326533
219168
325022
429149
348421
317547
445070
325796
106234
134674
346680
150780
424036
299037
352021
311368
317409
409525
420432
141170
419446
247748
279911
410641
354912
257329
146282
154836
177646
147215
189986
256221
444739
181183
244050
426742
351574
140738
430814
244747
347303
253271
336719
104733
249385
455017
147582
408093
237351
432165
188491
319737
425800
116203
198593
396153
349559
388393
439960
265719
440649
188278
284898
382785
394915
194825
202926
320762
385491
322806
241440
270654
326819
212876
337067
398730
147394
256308
300519
257649
214881
356928
271877
141692
227981
304999
116186
289050
223187
181347
226571
106600
151892
126620
100075
105198
354260
356068
344535
131961
431116
348829
229485
288544
408366
385232
175533
234680
349301
408979
136122
454338
105022
294912
432850
256534
127365
145934
281882
122169
155002
310765
314659
446588
145837
302176
182876
324492
192568
373601
188800
129719
327044
178305
292924
122064
121083
379601
295196
380395
374312
359528
168027
316416
173609
185664
188222
401365
186575
349459
299672
102487
124980
173063
235631
332898
439751
423203
248215
379875
418172
265013
402521
425016
255527
224338
249430
171166
108553
253201
363289
207448
345365
257576
195387
347493
204742
196163
358845
452431
312538
316745
302781
238242
351373
273463
430985
276243
308019
272960
263022
374814
453157
165984
433684
185582
133831
349776
381586
433751
261864
362561
206421
145059
338305
329994
248700
268622
104701
244078
190722
401057
123270
225911
440051
209975
259456
220175
215415
199310
193614
422412
410738
329750
391224
199602
271712
127120
409874
159687
280232
377341
436689
382754
274857
187813
300335
435571
262767
135423
208197
220382
344193
307316
160616
229414
138311
139776
369916
146707
314476
404786
348542
429312
227244
128490
314770
366810
195600
377451
135191
401405
145372
266963
338446
420693
402117
296202
108433
113503
213613
275606
185006
283200
302118
303042
405562
396245
320000
330853
445680
292140
279241
154752
349571
194091
438251
165875
209430
444022
403190
368217
163343
423005
102708
435677
295771
283207
343971
328726
263233
441528
386928
217788
337570
346302
193456
353633
288172
171112
177090
356521
451249
197447
413388
210077
244865
150876
138934
254779
382279
158562
451901
232531
379369
334876
343937
330232
217975
227620
259805
144674
442814
439492
375794
288007
393688
148691
314336
230985
258270
269996
455261
442928
186799
144527
405994
167750
421685
424450
237147
330278
427723
409073
144236
256346
167316
362553
256354
439837
346676
373915
287793
305593
270984
453149
283062
351023
286478
452486
368371
345407
238722
158593
285161
396643
452651
391200
104955
361207
279197
392854
108414
307908
386567
127127
128362
200889
220472
383386
391779
408187
324134
130764
260187
203761
311744
349629
308043
111736
157230
258775
202581
268375
273015
175514
237470
140388
438757
110850
247860
281403
275033
431242
132919
338608
207293
290040
369771
216194
401420
366312
309136
330875
210660
191899
187980
287480
246393
266494
147180
122112
294559
143064
137870
444013
150401
283311
230246
220046
399147
308283
278782
165281
417644
201401
259827
232538
392514
134367
288856
178673
436993
264577
171935
318405
307183
178233
108869
382966
254102
291385
101533
284969
114013
447328
291829
127036
102496
253577
201163
135792
254217
306925
230401
129125
360170
375010
452798
106512
372991
400441
274084
183045
236050
221590
324890
199259
313917
294711
309911
211602
417594
138514
421502
452757
316388
328848
338564
215971
377887
322370
134983
290487
334451
313600
206592
275401
162816
310569
306060
275852
347274
227726
163062
261716
150172
224152
420129
279337
142308
431253
182586
219335
304896
279437
406118
370029
147137
121867
178866
256640
423187
317509
186719
105121
319624
421909
289032
172377
227434
125087
260640
375327
418718
165628
127708
376453
367887
418063
346005
150182
232436
285424
107952
191453
245241
170105
296607
140687
389263
280757
399629
415557
427404
168216
265703
128435
360553
348594
301608
289455
417645
211707
182158
394427
417613
418550
410658
210103
432124
273936
147466
152274
400109
305933
280559
133671
129990
326439
199886
363843
219715
402129
118861
281002
402646
108216
178538
289529
442488
152987
364832
292170
293174
418266
377952
260532
445554
446848
350617
416336
384285
451552
153325
322929
346274
338493
118255
414211
352261
223371
310915
431872
305612
207778
184182
215472
178140
215629
100043
320169
290625
172367
265897
225495
203252
182592
401307
230479
180506
137900
131004
144400
112014
147478
298814
313338
320871
120474
187108
250683
152110
408851
278711
375978
388458
399245
454078
365621
201421
428788
221295
336400
444881
363013
443219
239149
444510
324094
119136
353856
150999
180246
144939
127494
412335
281446
436256
335328
365205
455818
131425
212302
312375
291255
426843
107734
130282
113926
358609
230055
138279
141697
268581
162374
384379
284770
389979
451549
201239
288454
242062
412364
324785
299394
312954
150090
143985
290851
136135
143095
327401
257547
370449
233468
364943
239143
443861
416570
187953
378776
163416
203270
147585
423511
390254
112103
454582
277766
131466
110128
400944
163948
444321
196160
386556
423560
264662
215409
321606
445107
155353
399762
452260
243752
127791
196654
337591
367263
447472
249221
376589
331213
399917
278829
227371
104161
244503
165763
114229
150974
309591
388141
433697
453561
275450
140601
177860
401205
320862
146985
363863
281290
124329
141107
336725
422229
388967
236846
218135
374625
411640
244038
199224
343520
155321
391177
199816
246060
262089
142026
168536
330782
358488
402553
282186
257915
202009
102064
336890
268579
202801
216507
239152
239655
428856
153205
271872
399347
395300
122155
339693
274759
403018
115689
359775
146241
455365
325175
120601
113186
202223
151946
450270
364040
197975
182021
222977
182503
279992
452199
197382
317337
397389
290320
194348
109658
351894
323836
112025
129328
320496
350463
452896
415482
440193
112259
256747
358408
303204
193170
184899
230632
240185
184590
132198
135810
252931
167215
286591
141243
433834
188790
227222
144565
353112
323525
124188
354610
299790
278620
150485
205121
198857
274855
320085
285538
173757
258232
135335
408322
137548
302313
204680
398119
283214
316570
268915
406500
110819
294067
177375
184147
305256
287490
447712
138615
265582
101923
329520
179601
150424
233623
453302
310827
122141
344028
292862
132436
270441
211044
222480
426208
280029
301166
363100
329421
442728
269908
204562
344018
113578
149885
426541
109705
197172
146572
385356
214640
315710
292216
387109
369510
265604
361123
226820
221996
138768
321930
283779
211042
284951
110163
121798
455867
247236
436454
140002
398659
367418
449632
273575
354474
390609
229875
225701
318965
262457
329740
395773
453612
231263
327079
128733
348239
395772
404453
362899
150842
385041
420124
326247
188279
199577
390093
395240
213311
239174
401363
220436
331695
421535
247553
311544
140080
407897
142896
333823
441218
303425
274915
332743
100405
404106
221595
372623
138032
425727
199787
163315
165333
338324
182832
345050
306993
112586
250808
262693
133596
283478
137198
399292
171288
190485
335239
323730
154660
186245
220726
256428
160433
275968
112102
192662
364104
148857
142518
380730
117302
242048
137694
364054
334801
204477
237660
296226
207034
152759
307569
258607
173566
119401
201079
455226
381817
399517
238750
310454
333068
376930
433180
335210
174440
302901
298477
423195
449593
231284
300025
340883
209525
152246
306425
403293
236879
125356
395169
343258
315007
162137
106648
408283
182424
371313
189311
217402
318810
222073
178937
267179
406856
291167
142334
382378
394953
191705
214417
267820
142714
241067
262115
392646
327557
344501
233277
124773
349236
419552
214157
398076
137306
444616
199065
143303
114894
226117
218012
335292
267977
162417
378563
202190
284643
366695
416162
212997
185081
126229
137201
200877
221020
379051
134530
268091
331575
122757
368167
259983
153852
334531
444052
181751
252361
151598
384176
423265
412579
443936
310425
382510
410049
443729
398810
154638
392005
295853
285644
153210
321323
361474
212251
141203
113589
436200
259658
214174
209835
125019
223665
411651
304870
450382
113944
379139
416939
259802
276873
414202
185232
201817
357092
223125
234602
455579
376003
446795
456083
376966
428112
249948
155277
220969
254434
108275
357773
315534
359013
365542
120592
176893
453461
354888
247501
240730
443717
300347
426661
194206
235430
153827
164671
272413
281036
137047
446288
256630
142566
342502
452576
444487
257931
205706
429383
370466
327801
389891
362611
280068
396388
173598
196846
313853
204498
224249
431445
184177
175603
245898
394831
245098
409837
108827
329795
381664
389128
394611
372857
285919
371266
372255
184640
133954
259074
243008
116417
380265
200023
147286
157624
286851
300637
234569
212427
412084
436899
302451
181574
289078
401043
231209
336247
103643
332838
315834
276836
183976
435948
253100
306897
315929
226370
444187
162561
217176
210969
328459
104575
362105
421873
186128
416233
366425
230178
311585
355771
181310
112619
199240
441918
358591
197817
214825
257158
188111
292115
405044
117432
153832
131173
351565
240997
103203
389062
350904
340673
357442
233197
436495
228148
187006
179324
394595
386242
222721
332820
192609
376782
259220
357604
275141
301042
248044
228061
160678
141923
431820
389911
256024
349274
406419
382306
386975
185614
165044
372220
303009
435097
205929
241287
132114
407433
361475
427923
119767
250220
143123
160357
246107
179896
277942
265117
241445
417687
254469
325029
262901
360927
363235
236392
134582
170934
297570
201958
247477
354183
207317
363259
351575
144840
178451
446500
242836
342205
250163
327443
275478
203873
426960
366007
432177
205483
382704
144431
199455
364784
433791
169916
122610
296325
174771
154886
262377
150266
404285
144268
358614
229494
255852
424551
204953
107386
263978
238981
170002
102185
138178
344131
420933
443741
270536
209897
353000
295676
260773
215203
337968
215453
207584
450131
430122
296474
274109
129682
145695
259631
233418
158742
345794
334203
306773
324810
396957
279120
284240
127622
387587
198791
430831
299971
235363
171442
279060
405380
418137
186917
438325
439452
139196
346244
431586
214550
161195
311842
367912
333230
363185
235539
173100
260452
370182
288446
189325
370705
449817
264702
330060
433267
304719
253342
309167
256554
211974
275250
396845
443659
347993
159177
416917
109296
172589
158897
390340
371133
412271
349051
257871
344244
114804
261774
417140
175473
377789
179046
228505
275785
281396
207416
146736
348458
286633
178431
319453
368083
251541
445078
315810
148051
280290
423227
364985
422256
403892
232996
276342
321339
335646
340991
107594
431548
387585
369351
442420
406332
121271
161430
308253
421719
181994
214137
426924
203542
173924
410796
372403
425671
128919
236510
140058
455569
267884
303384
156327
269386
416404
217047
221563
364589
183412
130711
269384
441337
381248
234251
174125
177221
399381
233184
439360
388282
118774
203543
125223
182330
183923
423267
423771
441457
227007
325766
182641
384256
356421
378657
248676
224289
377671
356440
182654
161615
282452
176996
436895
327827
311411
247506
435272
439332
236355
188277
182178
315490
169415
275759
355905
312218
435016
154502
130049
393066
113807
156138
120690
419471
441099
141491
204675
142394
393288
394004
398175
159623
426028
279098
128821
167214
237451
431701
345247
131180
284001
204603
186606
247315
421838
144841
396080
446922
174970
380856
454290
134565
113834
444925
412166
143898
271366
375814
170554
427461
254511
267536
100557
397484
394129
305172
211071
445574
308796
229068
293322
193890
379580
250279
333103
123430
412222
324215
131912
333750
331482
188102
129096
292703
334722
198398
450271
444341
350218
177859
435502
337662
452534
258456
244984
201241
101963
426158
264494
268883
366084
330262
447986
230387
121817
177548
444269
319910
380644
126519
106431
310244
193066
226407
261207
131999
128366
288541
391385
358298
445901
300017
222839
336229
419874
324778
367605
441759
351470
189408
265589
420777
295136
122922
208880
296919
418071
187897
205346
330410
433157
111948
222871
197690
210297
223346
138743
178479
123501
317775
388291
319474
178954
354274
117311
155293
121752
393152
344410
151579
354067
238043
344508
106775
213477
354704
148115
270547
401114
434059
275778
142192
345488
283349
101469
405182
189306
296531
427474
269446
132510
172140
194742
341791
202132
272902
347603
288153
358188
147993
159754
307735
173480
355161
140857
299069
270067
451767
270050
158374
195007
257685
358769
332994
444757
452233
412070
186753
274510
331721
415918
173767
212703
127105
208637
453097
381609
237374
386071
270839
402593
424279
446058
300578
311210
288048
216342
322654
153041
218440
191047
186865
232407
246493
403140
423407
280261
150214
164046
113811
350369
108793
302353
135165
222162
222146
197310
345927
122361
113001
343609
151017
206841
297946
205461
167559
356921
393520
226269
403794
272560
355006
232679
422532
159495
336475
254279
433541
224699
423647
394285
352132
446154
428239
288307
353066
242380
306836
126972
431718
152101
238473
104220
106175
312087
118005
391393
323690
309733
211799
145153
146938
408912
276796
304822
351012
116446
217821
276250
141796
292788
310542
333104
309723
337266
274516
295609
343986
149304
274314
313507
146803
416148
435904
245184
159877
134867
165635
343586
362522
418783
194296
188886
141912
272495
347485
205449
205446
304187
212596
359071
408416
293019
432013
263020
390632
279354
191719
293029
426104
289511
261667
319058
351656
454101
124078
266549
126573
294546
405144
345403
422917
214573
258234
272078
232727
319136
352620
348920
416541
330856
432672
223327
165533
323746
198586
283699
331810
337154
190231
328065
145081
298318
330767
298697
161801
411163
155166
181989
107022
451850
403753
201448
414755
242574
143908
242464
440386
198235
320983
315990
425080
361038
191116
228440
353725
419337
355864
306231
128565
130913
328656
269599
173877
193735
121869
143670
171085
340227
165770
232721
307407
349803
381958
364786
166895
446481
350271
408657
213433
354552
422433
267845
121112
315660
180632
169251
197780
143010
296418
399593
183639
220983
263621
291314
424131
362951
156142
112418
275461
154743
181177
190823
282369
316086
425627
126079
107762
407739
411438
279465
418062
386086
417585
223539
257699
321975
123585
309119
305862
451388
410723
238710
385646
265649
155580
188825
181303
419800
300591
365555
353401
307662
419241
387991
227634
211349
287465
126811
166458
197737
234586
299269
202984
275585
194889
123710
420756
325728
385698
219404
450576
382927
238072
134877
165356
177764
337046
234157
112820
107332
336927
263437
406036
120670
374574
437324
231407
387089
454966
345835
251916
179916
152316
215368
283777
379964
150308
110116
213343
428177
250343
376255
331467
151659
434628
362528
167039
174427
115307
146234
427068
409610
349378
190960
399708
148446
208032
233757
379631
216974
277337
453054
285702
175962
449515
282517
268325
137667
244347
138941
363272
176103
395542
303373
430287
266982
455130
115626
274716
328930
296659
381214
195914
414999
124791
154145
442406
324344
273049
282017
271627
412067
415625
199181
189170
281891
235287
240122
105592
353866
155416
380402
147190
393506
231361
143134
281815
280715
358174
160469
146786
317946
123481
127658
115642
208554
276832
414695
276185
326784
430616
252874
446121
399947
163927
306703
122305
242178
309699
187906
287325
224376
269689
339614
447573
324580
277879
400924
119831
224141
220017
155995
370064
314286
395573
455058
380499
328351
131789
423444
392653
412700
244486
256243
283356
238223
387268
266906
449363
376816
322308
292565
135742
164733
362278
329341
404395
340372
363320
306166
307217
158525
304739
210602
106355
354163
108686
439942
144118
439793
181677
127489
353360
288314
327812
358784
390960
202226
367804
188401
250497
142875
421353
258083
128069
149363
175181
235786
102691
256781
432079
102377
362279
414080
145055
165231
321815
265025
263603
367880
159381
333274
444674
333145
173148
219373
256132
187049
384182
272290
281521
308759
452691
199548
138692
326610
268415
198205
182104
400669
216630
455723
412149
126419
327640
302850
130434
451771
202493
351737
427964
449179
449052
393068
368631
432091
260816
294954
430270
351721
216126
354717
253654
260931
385448
124349
442260
233491
342505
451624
383470
408585
214124
148882
287054
186073
292730
416235
447851
285715
221455
204460
155460
205027
383670
392938
260059
136492
351232
351208
384010
133261
421296
289866
191392
275543
261941
246505
291853
260832
292584
419576
132112
265668
456146
112373
209738
260019
268946
301797
404506
306669
179503
103429
336106
209745
402328
353275
306146
433614
238505
154482
152375
417337
368572
262481
161242
388845
353246
384677
424134
301816
334872
282402
257484
449589
124367
232504
146493
162161
254826
176931
402142
429827
294651
174344
148206
194001
379193
296044
363247
293164
426885
293870
265214
310005
145810
278062
141960
214535
285164
348993
279736
205614
387029
389600
297956
161496
412168
299696
119672
157271
373358
188804
352077
259378
171811
350676
260947
305871
304538
239336
248487
160331
230871
394717
210782
369946
341125
254670
127722
133885
355192
168544
375280
324046
413811
200692
139916
434486
120629
286920
128299
169319
272990
239121
281561
376823
290873
241453
424671
209644
447685
308071
408636
145536
279236
212697
143759
129571
176311
356363
208154
185323
232993
130794
218149
207473
324185
174736
375024
321994
119705
312009
282781
364417
113976
429155
318707
107039
413902
237898
254832
417971
230031
279103
212813
111170
205430
312937
404855
346767
258088
324060
387248
296141
430984
310851
305142
387006
217840
296278
104902
351752
150528
208537
368694
368188
446486
360431
372349
132471
118396
114917
198405
163763
351344
392144
101960
156713
151874
240136
179209
233403
404297
147357
409440
414243
237548
176611
155867
172811
211618
174434
247780
236323
334717
195796
216838
192129
172548
261761
331403
269707
148083
438452
156293
434458
358639
235484
354038
178003
231676
159063
182681
377877
422629
175981
104686
338271
248000
345638
107079
389791
314842
164079
295886
250747
169502
334598
109920
444193
277876
216405
283173
195553
143810
104908
345452
238610
400461
270442
146410
137730
339946
157152
240909
172006
107086
273452
235393
359180
222450
202203
305505
302459
403878
153087
109507
118196
336009
174457
101058
288916
170174
419696
128049
194179
334667
126477
129541
456243
202258
282738
128088
181096
107793
286243
139116
433950
347671
253335
332455
254719
286109
258420
197127
166151
157377
333662
409703
430983
207542
427438
294126
118673
140547
376593
254407
366360
369143
409799
182175
449987
264271
242542
435532
263651
125846
423913
194795
234857
197220
361663
119280
322782
189958
301649
324121
266457
162427
380690
243946
223960
309982
158697
415917
300590
322500
431226
135418
253399
184350
176829
244088
247979
377394
450375
346272
381337
428453
258977
383362
450062
212607
166432
218481
155339
423916
201702
146920
367003
396686
246588
264500
319330
103121
422986
265915
351877
416907
205764
260034
126623
201669
111378
404825
209848
276076
452493
253477
297594
207087
410234
136638
283989
258084
227298
334892
455319
386675
102758
213350
251421
347768
178007
389992
126907
355765
103419
220330
130243
412122
441056
272390
448873
408267
208000
242419
161595
145524
137054
104425
196701
391862
295582
295447
125324
454328
325173
186972
270485
222453
120407
421798
374026
286417
138034
100511
120706
351855
425982
357784
199801
414601
420852
449976
211394
251706
425609
242351
147578
278598
412653
165739
119495
160887
194265
195237
409373
368322
265788
359676
190108
293605
117153
309649
436522
262592
373403
277224
113459
282424
224784
143078
411476
130699
391561
453776
135663
379821
171898
243226
243413
450493
154645
291990
160286
219610
434849
190694
281395
280176
250644
289035
418835
272600
409235
257593
187937
208608
318856
184433
312608
244066
278935
256600
216406
368409
154653
347423
199124
302945
294620
316038
275194
442606
396259
354824
359616
443234
136450
265811
312858
365705
317583
448240
272122
168644
165890
154721
210367
357862
266715
451295
428086
286069
169689
272210
321365
111462
178450
287921
449418
182945
354664
129488
123062
190230
173580
453786
432181
249122
256408
316982
230266
158964
277357
123657
180682
279123
396880
431604
315420
375396
416057
293769
100441
363891
166878
347990
421508
210754
271701
369568
241881
247801
199279
278051
279752
138690
403161
384168
310509
382014
124152
373162
209546
129570
121094
317868
435729
338717
450369
358869
219574
225288
138456
355356
252806
219901
349630
191764
177809
298095
218453
382335
309453
427345
184283
305591
153390
264723
185785
282992
252480
143108
158436
325039
438794
193292
405137
245034
327529
328522
418199
112905
121882
304693
205143
264108
223753
389390
329821
339763
231385
223818
104183
235867
146360
223403
398242
241041
417657
258952
374399
256499
352833
124749
455181
168221
420775
398410
102048
304734
356997
429758
319967
191431
436654
301707
292927
401132
403449
432214
236833
387482
326570
267099
414569
131685
227315
298954
205488
141927
190176
308512
113426
234703
203439
430133
177961
115769
248811
354965
279766
192867
380371
455464
396730
114313
145789
325762
352099
290178
190749
449826
440387
326764
376586
193826
378809
132118
164823
176842
280495
370502
162613
421364
129008
350224
233785
163234
407116
305470
318799
160312
353772
102299
396969
413753
116721
390303
303561
135357
333008
305224
420189
437008
146495
133837
249450
374793
208236
312019
228660
213259
232230
411105
359564
122197
335248
352368
290928
232683
190724
146896
264886
177620
216248
293975
210444
436126
184801
129911
374820
174176
281232
150038
116770
367818
302475
119173
356181
217129
112426
188149
202451
289423
101263
239697
159762
291007
376183
196260
168767
212033
232351
311392
369573
437910
357790
430046
323928
393626
384903
402913
176455
199677
374667
197297
190725
119053
449374
175429
158090
206032
132624
320933
100435
325446
245205
287615
376391
124988
442295
214267
172437
204241
302323
199820
185263
201803
219445
363691
277350
168086
108820
356835
303056
131760
134766
276938
363323
327362
291249
180518
169834
441403
404367
298212
144742
411830
168413
406980
446155
350549
216971
129664
366715
288174
237614
165261
402995
407872
201725
166101
145118
241289
268287
336429
273986
346400
416916
360687
179127
122905
229755
185732
404169
143755
146370
215746
203858
332289
336489
156929
158507
366897
151762
398215
213677
178999
308867
368019
337300
385735
341465
249992
316632
133611
375781
350771
407075
341584
271426
381524
355610
311319
169934
204217
218354
232937
276499
316619
218940
134213
395882
369689
446524
346840
152810
435552
323941
363138
205082
126421
242113
232354
186920
405427
153999
273430
330478
351239
287994
454728
180585
404915
204406
441817
446723
181596
376237
154175
314805
242631
387633
112827
243086
271330
133080
311901
407704
110072
204074
370095
455936
422566
320058
350587
115557
218526
192477
313911
453055
320124
153915
122581
245865
371344
287565
454850
125077
309260
205349
292376
157115
136657
108341
377739
376303
410116
318725
292345
392759
367325
166204
298270
365751
372990
190800
120643
346798
438071
193912
275444
292607
407267
167288
324335
153447
139625
395894
260965
335288
156359
146594
242884
144102
327563
113045
167366
149073
333754
391715
206344
263875
169266
234870
447764
313373
183968
387913
150589
454227
328429
374449
418285
318327
437138
301737
391568
410976
325548
233494
382590
175925
311501
114587
269484
231004
243985
275538
262994
401468
455737
107316
151899
114733
241570
404810
369428
324450
433493
286515
195196
328913
391093
296785
225774
172372
322140
279531
317483
350502
414058
125420
107209
382722
336808
337184
132985
194486
148736
362490
150812
432119
338657
335862
142734
445118
448187
165772
127293
143119
117733
412852
235128
163221
290650
411135
130423
390049
248707
335581
351154
211851
309076
447903
324022
257016
263325
148787
413115
341334
346963
323143
322793
372223
400621
263496
233135
353163
244506
411459
312814
153862
160690
112380
251026
118230
386045
437137
294401
366006
440043
124443
261229
440952
190794
171324
307453
184825
318949
399104
295680
201415
432375
196295
342750
263691
370162
339434
186936
455052
341069
233345
200781
387977
111860
117380
229320
197237
176942
103081
232510
231928
123764
289316
289276
368800
157963
443028
133991
361131
169716
286350
120006
446024
170424
196156
311847
270754
149085
300991
394759
280926
395268
252654
439916
305851
239398
355734
399537
182961
278687
435979
222083
107174
161872
152036
281437
409252
402017
345298
332179
428265
404737
103488
212797
216925
273862
180708
208541
103373
214541
280853
155449
217896
108621
415806
124903
301319
322532
338740
170759
441137
195381
300164
434758
234379
406729
434449
413114
227490
446978
184042
218124
379814
415267
225669
325719
224875
255023
155787
176136
415250
196566
362602
115733
153872
439776
393666
339714
399531
350975
388537
300074
198361
443373
201457
394377
100769
305815
236309
127771
169314
318334
214055
416136
278266
366623
280704
106519
141431
215830
263430
345554
453102
414216
258392
437576
118221
447718
378729
401127
229644
108481
224143
222204
125490
449151
105438
148561
441661
328785
389951
156586
215706
108856
311381
200739
114304
306998
390834
174979
399664
346394
251172
321270
356855
232337
309357
380425
430065
311824
182741
179371
208675
438883
279346
177222
371600
370085
185804
293825
384820
200107
445575
379570
415882
177414
290118
193280
436182
340345
134525
280684
170726
232471
277613
113267
136164
399263
246889
250247
197202
425702
434677
123911
300832
197141
273486
357146
332345
147302
398149
222295
420146
129134
260319
365369
445008
429889
129999
396151
162155
428306
438807
443112
326612
387218
353453
359747
242292
250482
331571
155830
313779
330057
401290
432543
189927
405526
340807
293747
204407
193533
384458
168219
287949
173778
191018
258625
218089
451992
100710
241145
274254
348397
347692
108598
103341
206318
133618
234049
394490
140976
375705
232327
271519
307422
239868
150479
203800
123589
209474
258457
294026
204945
183036
424453
205474
292057
128873
275326
239011
193003
427605
276374
127440
335737
200589
197749
142247
163876
205220
143096
232529
307897
340537
316225
202896
319632
303218
287773
247166
374120
290757
116951
291447
331795
427675
123372
154022
346651
256043
314037
400279
108596
181107
103080
330182
321709
443113
191739
114637
310906
221428
434395
388477
419396
415169
148073
108005
258968
376437
202739
350132
145005
433419
219244
356143
116123
364759
238991
299340
140806
282936
257092
435295
334523
165899
447114
153201
310402
173087
132394
375665
429023
341867
207854
197450
415576
295105
121236
339617
171022
414547
323131
228670
287700
232762
250229
414408
192726
329269
186047
108918
317873
106632
308904
433841
377160
275956
366098
265125
326262
453608
327019
108927
197710
305646
267674
246964
268559
111440
418031
138441
292852
196931
174731
342334
404926
329573
286465
240481
219397
205494
355714
188085
101998
213707
423554
221970
322939
140676
381126
396532
413045
427779
180494
104894
360654
387158
412106
261943
304565
147177
375307
207374
169130
154895
259885
437125
335668
399152
306321
338520
284008
313150
238837
168707
365972
162826
175876
110313
336940
230381
330772
305685
169040
182899
449017
223947
416913
163282
111807
342977
223146
114147
346208
307178
360745
118158
360037
310938
368479
306965
326326
230157
361843
333961
264369
191361
336057
247610
313498
259856
326582
228314
386648
328574
447803
166333
236921
105147
216446
242275
408631
273802
120545
350158
444177
439361
439298
103688
437002
443676
149849
451773
133081
306149
429615
341834
223334
169741
299303
378620
277355
297927
181366
392844
314559
360317
355979
246212
243515
122994
107334
231916
281944
314156
110297
140808
418080
241282
209331
381619
274213
338432
105149
359118
451813
171165
296095
204546
342524
285490
379930
429698
331566
434457
180170
131820
121872
224212
355928
157385
236552
451902
190586
207294
182740
371803
314869
294115
102356
293058
433786
137367
265020
207601
243879
311179
163928
279368
384403
410776
417520
116898
310733
306582
433513
101664
153043
372047
185007
159597
274713
210374
172227
157776
330672
189742
419134
131816
137525
377177
320952
214119
109768
392785
232956
168010
396258
133409
147777
432910
196158
145049
100736
317105
189455
422185
437263
357446
335982
386391
346592
129895
232600
200219
148060
410051
148521
257203
291456
389183
369513
320378
446595
269870
355397
150741
222703
171874
193457
412147
416841
454076
381095
395060
266223
240069
145133
223743
381893
431439
146826
198972
199093
174597
225958
285734
406731
294961
380646
134155
437453
278752
118683
166361
329861
396321
341272
365889
230674
335022
344761
265286
238104
348732
248468
238556
196535
256483
334651
431355
248527
160707
448053
418922
192777
107735
343903
297451
439756
246293
336970
277139
130941
318728
446303
199043
357966
268888
377686
188504
265559
245964
237435
214946
158370
311089
430500
305680
446762
297411
353358
427186
453584
144766
187227
258328
348359
186863
118160
310585
436296
413412
201412
245852
451555
256806
421642
301620
107517
213496
235943
404120
349562
242807
247669
325089
387298
297342
434651
356165
380850
188826
402131
225230
255321
217120
145475
109523
421857
247167
106672
321164
369972
302492
108964
363668
213814
437535
167699
351739
213469
291457
353588
118793
187985
275023
215075
226984
421525
184241
331865
305251
108239
294945
225640
313183
103079
175845
337468
240005
363288
183349
255845
143920
248852
307794
180934
288603
391335
442868
443931
162993
401270
101029
195082
137987
339737
275803
238620
430561
162933
436605
397231
360922
443752
218509
237186
261694
267165
396953
406631
443475
356733
314260
405747
163125
256812
452772
174909
240945
275798
349021
392949
347955
367001
144293
123160
350728
344576
431864
287085
185216
356661
160518
250790
373319
187931
130460
128623
378730
190366
256694
125613
378721
326631
297477
340634
416371
379948
333645
167823
318045
195066
348047
445529
277471
266239
155560
432625
131080
198808
289172
274341
234180
105972
374390
270543
194616
407135
292002
316899
311956
413870
208667
158123
192694
311823
193241
417638
248073
423274
328900
266119
304312
165397
439966
389428
440744
271006
406013
200531
246635
362334
305035
447443
404087
430457
101522
144197
145627
224022
181478
291937
155351
380656
314350
354874
277682
282275
126492
304458
418873
109486
241369
174455
348198
158550
454163
299027
193251
286933
306252
290395
315362
366675
113739
172710
308491
326296
358068
363436
169103
350889
353398
178953
186284
334423
166236
294045
333294
104788
159572
438286
183122
215927
412245
182395
269380
434754
352874
309509
184947
122056
344599
225485
415890
224780
366853
277203
401963
439639
450579
273979
253714
442717
175608
115102
232873
367717
192154
189802
383902
305688
248295
253388
331210
268854
317166
372805
383266
144215
429554
238804
412794
334807
302380
124302
226909
336428
358139
242726
407649
360173
326854
157737
389364
258130
188655
411044
405985
298102
346342
178899
446692
219478
330606
455680
456225
161873
446861
203976
138160
240854
286999
158671
241760
193193
248063
142563
161387
130908
168700
213672
227282
366568
418704
142912
329395
371625
189598
390546
138057
201514
432044
116300
237185
381806
185542
207409
215355
318784
436065
310052
279928
260968
406144
229575
451132
230591
398506
423403
423850
401587
307124
434637
441041
393584
449054
132570
137585
319210
430849
223641
374477
406443
356878
233495
134261
391205
189547
274265
454823
454544
276745
324016
274527
113051
289130
334425
180903
305438
431120
432246
192612
314620
320840
135283
101455
201311
159665
195961
322931
131752
193070
172817
330885
126885
360568
398193
333414
377109
382511
119161
277763
252830
199909
162900
433185
266346
140029
130240
266087
126212
411154
184343
332943
385274
314582
147135
242183
386697
421083
123740
437789
123808
446698
141291
107154
387081
320984
164705
423142
219878
295115
380738
145074
196272
206807
200305
448702
156131
235952
370035
362271
145462
245883
168903
236118
299879
152927
338544
106052
449985
126306
354977
319423
352752
410924
277124
436545
351181
181695
321778
183191
193221
112354
339056
406617
185168
338649
121002
169125
425811
436179
160844
443602
306319
224624
133538
268735
328559
259988
358363
449595
103378
390916
299072
323352
126251
369269
106685
312304
165093
210243
225160
311969
316614
106323
432161
384134
345505
354751
425619
252327
332210
280597
287382
395481
185976
201379
359117
174111
151423
284542
160320
162607
421460
442055
149309
353748
454142
267882
190551
414619
353891
322694
389213
212709
251739
444872
397040
441374
141386
241259
100639
410040
190539
414422
253075
168693
109324
387063
281174
119458
235785
260615
175112
376766
104592
271101
405139
133354
420919
336817
113756
240617
187045
320482
231942
392128
394934
426094
395793
346852
360428
318688
172938
314586
431219
395962
328662
355535
196448
416833
372881
378853
148906
349333
338420
321182
381799
239340
315907
228321
246520
235343
209113
354442
331613
140984
418830
408054
113486
255314
422557
291790
291030
276393
423035
345891
141020
411690
339337
262268
367665
115234
273553
293533
266356
260324
223595
204065
380549
250368
337425
200146
145589
206164
303195
254833
373381
242746
276935
208500
339906
241803
176557
332962
206080
153175
235627
306014
195530
207543
316954
130471
409916
265629
121538
118936
102133
410213
216451
389447
270414
333049
246218
356387
210071
161646
336561
417864
350157
174724
159624
423822
371285
304214
244126
168473
259523
281076
167799
314400
135520
371338
448343
171139
125103
398017
273655
289860
393091
281610
105833
260026
445882
161109
230134
267354
113996
409042
430599
338529
266152
141319
438616
319234
277498
117232
149384
242819
292459
218593
167262
313372
215873
207127
267875
281035
208089
453192
407253
195283
180627
287395
190968
287515
160556
357986
132316
300270
229775
289309
295138
198313
395041
370577
179370
297767
225137
140269
323468
336828
404906
221479
424824
277649
172691
200800
248565
277042
393396
167404
180306
257775
156151
309190
206014
186893
114588
127138
126498
302859
165526
266385
453823
397001
114595
207350
326005
341164
184408
242538
176367
361155
218806
317776
315074
257233
118019
131644
440668
301754
143356
386319
387294
350464
229218
394107
340450
231526
123254
211937
120113
278326
124183
262751
218863
395178
341638
301134
355283
229678
267162
320877
224119
325503
401827
410007
338839
239779
313256
139451
213655
437958
436657
206524
324766
398598
171310
184200
110713
286068
300027
178752
380103
313747
390428
441236
232775
138213
115808
212510
223855
188889
117950
433669
106312
153682
343386
451120
333446
182367
337627
106149
437634
151810
370081
397845
237679
245165
304774
429695
330908
132233
165239
199280
441924
438997
300796
199927
324571
212760
348266
343075
330118
101718
137279
230705
163619
163736
377944
420224
434392
165147
413305
193870
338699
418093
107191
154104
173336
161982
113080
309469
386162
226355
202712
180536
427846
140046
440762
145060
410346
415640
187578
333132
428258
255962
102654
338505
282381
191830
241727
383349
128405
349878
244300
202567
389065
184830
201712
393383
216036
272623
237791
129941
158826
241174
110951
276527
127424
254862
436303
241189
144399
198609
265065
134013
209892
134576
261503
419283
204362
405017
176102
139149
202487
426195
387174
194025
308094
238843
390607
121114
409416
254776
104447
367204
421209
283675
385494
342508
108538
357914
108870
419245
262999
167684
196290
420691
128864
432024
229637
179708
439986
287242
338635
432155
210326
431017
267735
286491
235082
125591
185089
455201
297894
214884
387798
220062
423362
187271
282568
251163
264444
377104
299307
167687
131714
450949
320246
290934
297696
177465
129848
444230
327687
419636
193867
148461
388359
157404
397862
181113
388711
398197
165898
181293
148936
156277
435918
335002
420398
369879
147505
447772
163453
106888
330958
174495
286409
105964
358473
303685
376754
234150
436410
321165
225704
289341
235086
415260
269509
432461
108835
299895
377223
295611
359574
118192
132461
137363
345227
334761
421131
137954
259842
390788
415795
282598
293774
397439
356845
290464
243269
355442
442224
215937
142851
308637
320079
447502
396827
204632
452845
428334
380166
117002
246989
422086
393208
452503
154451
219051
216572
202013
188706
369175
137118
288415
150945
226625
158018
160705
330264
273201
372218
410239
298670
219365
323115
324159
106350
226113
163611
246167
378795
188252
274078
394414
438230
340949
257800
201381
158136
377168
206669
307479
276803
400457
299025
334433
274344
291966
325973
209129
443427
347117
325404
426584
159800
220556
163905
412343
138334
403780
409098
420781
335035
272786
406472
369663
313657
133535
123608
141258
423038
340293
303700
453943
399884
157257
210291
391620
119044
316483
400204
315411
139846
390198
137663
150825
448783
326555
430959
295976
112200
241319
338010
338401
267081
286304
236228
131168
165251
158569
239416
357341
454503
141848
199492
122224
415495
286273
138383
220141
397931
251178
230992
370620
106997
441366
255923
194587
329897
427353
292850
123350
103672
404513
145538
216275
375069
361138
377972
352613
125809
425319
136471
192825
455461
438817
141546
187598
206525
376513
451466
376039
141240
250947
400714
183251
151962
442101
318315
418725
219832
331421
259275
449785
127499
415185
335462
155626
424796
268526
103867
345371
369245
407635
380548
314712
133504
315044
264857
311069
168225
339519
133473
339937
269328
160797
454621
388954
247944
409813
447592
320586
144893
296036
395149
299242
419454
402163
208504
293040
439494
387765
177412
416832
411697
226375
119701
270360
418317
119864
360515
353357
177108
261721
375082
134394
122729
373571
163261
203440
164688
330128
269565
412002
325706
121433
140175
299383
200909
134797
413363
121625
207916
262692
287041
365037
154113
246900
340051
392114
242034
200046
365425
422802
120420
203049
264117
313392
299486
411626
331317
203018
222268
371009
246581
246890
424599
157716
356458
145099
194945
184594
358912
298164
428440
170643
397164
367845
164581
431842
407799
427034
174253
439665
113871
189134
108907
233766
372031
130823
126773
450944
354804
229379
151865
239682
107461
197304
306332
273269
177093
193843
122220
307700
312056
142477
297876
208533
131401
279373
186534
387295
319442
272641
205869
162082
383297
152605
164754
274197
395335
124209
379306
161063
303894
179934
293526
215264
356378
409952
213146
344430
268734
449590
150984
256273
211250
288707
119626
375528
349561
345037
194689
451139
257371
106593
204300
137039
430470
197390
432478
345661
423095
155107
353731
307775
406017
434930
237039
156307
143726
411284
114959
407459
148127
191475
436648
182765
216512
437773
238639
448563
306677
132108
165365
147869
231075
379747
372903
250344
273888
424661
193005
186868
238162
287563
227662
396510
448612
352550
199693
449862
170322
289528
117960
164317
256871
300791
222737
286001
363443
247233
191082
425607
200691
301245
285167
270409
284830
239069
211473
150655
250595
443411
271307
367917
363825
228020
387197
446420
436354
172275
391394
309360
396430
443061
224919
319104
391716
403129
447901
180734
282321
356756
208101
230244
292230
337453
205769
152727
102357
284105
314935
332917
274570
104100
356839
246942
227684
397331
203003
175300
357937
386428
421728
252495
261777
146937
344722
218712
178676
127604
289385
146216
282028
266510
112695
293582
297996
408266
286878
379352
338081
227630
370171
192288
170401
435275
119015
449122
187272
378584
393325
196059
361166
361374
279870
216977
259216
317963
409381
126592
312972
374184
137746
306693
149202
355349
343046
287199
256827
419062
302557
250096
153689
361917
383936
454913
345418
210763
333439
350305
187596
282231
188725
183608
442153
382781
182972
312371
124479
126269
419680
170215
118619
345009
414910
436443
221711
321219
400930
427602
405752
146078
143118
204353
225461
247913
368497
198260
412275
305732
147347
342586
371062
212815
153260
326153
346322
166678
359245
414434
355302
226356
199483
281020
290228
356348
436855
344943
117536
231937
256025
427849
145105
148464
334684
299642
237600
275079
177539
257390
329660
365708
139881
124459
134740
432665
128075
340850
174613
274564
346236
265971
210796
313277
348149
242935
218232
447056
173514
100993
245484
297210
219068
397112
158163
349529
250627
188144
313172
388318
286674
190084
425138
261674
452711
426033
295882
328216
378645
193100
166426
240388
299631
369594
310615
149345
244782
440796
430678
252402
233609
126534
397144
197590
127876
291443
195716
254941
205046
240768
357030
392531
128902
440452
200667
354675
357414
235750
207637
232745
227864
447195
168449
438267
323892
162257
106470
411429
329413
124016
199318
444994
150565
330674
366839
225575
387712
413832
119302
454126
395424
327405
256091
312590
425500
206765
213690
447095
322542
377091
244686
124510
109426
341312
237485
131161
207990
131724
245990
345261
173359
400699
206313
330955
121681
186027
314510
277918
414366
289586
152921
285095
281883
268586
124136
142586
141047
331730
380188
213664
272827
150900
273406
217718
320962
178119
439496
352111
220567
141171
141932
244188
335738
423799
238125
388482
102040
242665
367554
325107
441074
165054
440608
251472
158691
303679
157552
169223
241878
354356
172519
302164
437787
338591
136611
184278
308589
109878
160845
169459
374135
264899
441849
170912
366950
115092
244722
122682
140781
105919
122356
234310
146412
309345
428954
150583
200528
328916
223407
392687
243704
387483
198488
396641
306683
223256
373675
200397
408557
171385
243033
169583
256129
156001
235905
437180
280553
149853
118346
168426
207274
237081
353829
218179
251240
182284
280268
216160
325466
213411
335609
391303
142019
230450
384900
353189
446203
137609
412254
370507
419082
293615
286532
125391
438491
426605
311798
137634
118140
240037
420445
104548
286471
341250
104485
356866
411955
295032
348787
120476
433796
246578
358544
449019
168629
180667
326722
444633
237579
100124
302029
125317
404495
153314
335892
137980
388483
370739
174477
162050
391954
278143
198516
324513
407065
145899
246054
101062
306472
209236
225939
111621
184303
249488
364750
124017
356358
386815
136952
409879
271438
172172
324863
143075
263023
398346
300537
332226
343793
422353
447994
160344
301558
203268
422096
343924
250971
300555
301512
280895
323756
217425
443824
402033
284611
248937
107181
192019
366393
445482
163255
372530
380291
214716
140403
361121
400580
441377
359176
196803
102424
341178
207966
314075
342407
274731
348783
449397
298438
191098
371308
316250
326399
389610
222548
171524
187548
374773
412991
381844
349696
286251
173833
287944
328071
309946
356511
353575
281263
318510
323183
161106
135545
248175
416978
244482
192816
147888
450750
454833
195392
244402
307090
352107
150131
433618
301165
161543
436556
374490
450695
414051
260279
228407
355157
187669
268493
233849
154535
435355
207393
356972
147306
385964
187387
352757
449016
356799
265436
190988
115691
353041
106362
248838
338545
237891
222246
196383
144993
295146
103305
343725
106464
423435
366267
375438
416091
138102
377585
373318
289159
164920
357300
223207
227951
190466
171011
193567
116301
212460
301465
364200
116182
327780
407592
355948
184894
417743
193252
341558
381914
380973
142233
439489
450405
402058
348711
324953
197263
443563
453084
115923
175926
427325
429735
282893
242187
281708
242495
439142
322495
106154
227553
440683
313263
248541
417655
325669
183073
393670
377225
201681
125803
106447
165343
387034
340148
268815
219988
111951
318069
176656
270932
396975
421840
153568
319377
247381
407858
358954
306255
409798
293958
133589
349672
381131
204114
181730
177704
148510
230799
361986
268725
201095
291623
343764
371317
269914
455783
108659
241703
117197
143121
379906
307158
335763
167394
105293
110305
108088
303496
258885
168244
370260
435805
283183
218327
282689
372344
357579
159981
295190
114589
344289
335677
346698
195602
323055
376938
180054
263465
422474
244234
405238
109455
449834
293074
340944
310299
312173
136084
415142
240609
332329
152360
109163
131334
359877
170237
386055
307221
249119
230796
412198
271449
223247
355191
146139
120682
285953
375185
428978
431847
334214
426936
417602
286780
251625
372376
293940
419511
343218
106571
175132
309576
273940
206016
424335
167545
243780
230785
214301
329659
114424
370988
278072
203877
430827
379869
241384
437596
344129
110739
389998
320359
453735
177195
152686
211713
295819
408121
439690
137065
161916
304817
215106
289578
252611
202464
174796
404951
139060
449485
287027
421939
372918
447098
175739
253741
307103
268024
392855
148520
290717
382800
363561
249273
124375
406416
246664
122303
164396
375829
356447
159810
378585
430789
267814
117849
242961
252855
101832
177989
106120
318754
449697
328465
396163
365944
421741
245097
295474
396188
397980
113019
177991
170738
336968
298263
121873
163547
217179
401050
289542
389588
371935
385224
339765
150821
398962
425860
223279
324570
195059
397626
200480
189997
450665
451061
234436
394156
169101
300337
167314
329024
255233
424632
117748
287099
139052
242990
421773
164637
263960
137874
167632
320180
252871
204664
202350
104650
406722
219061
426398
205590
222571
258809
230288
211185
338372
379978
160814
180304
418542
260939
199123
315332
155404
380550
438503
133373
397094
222716
128354
377602
110169
227369
421256
242255
300737
269439
216545
360236
140856
390043
264140
177042
352826
311843
118031
445180
242854
434794
411003
227929
234713
244814
338756
283132
277959
322255
408154
207255
248323
412366
290472
202121
195731
279032
109355
349794
166251
376765
290824
423421
138599
306618
354996
156568
327659
182490
358250
218062
160655
206886
436456
237926
437745
322099
427726
223166
441163
214963
230519
278408
448997
290302
239657
272147
348742
212386
153258
441165
196021
369738
137211
350204
229430
216168
273340
440326
268631
251725
447889
408533
314223
305901
380862
278430
358678
345504
314497
122140
346148
129765
200239
401122
212561
362842
329227
130656
115529
291556
169054
140195
380562
176093
442772
417849
232250
138972
316782
449929
148099
110254
322999
118985
325358
240705
325374
181401
357946
155242
345925
122481
415914
430410
264607
147301
119390
309393
223445
165161
292905
228646
187553
290979
311598
354837
286722
305775
123048
110132
139216
166621
334094
158987
428309
315703
420077
231685
367990
245414
366550
241836
164931
365448
123288
143239
328749
289248
410067
163404
246314
440652
358787
153356
381882
174165
341607
349667
323958
397272
190088
121505
413134
434478
268811
250483
222456
322294
248809
285966
326669
288948
268674
225668
377082
165278
328805
385332
384465
152610
118662
325249
139591
294904
385597
206266
318612
382834
434541
154530
236933
110759
406898
216330
194391
397123
440504
347389
297692
152245
242612
427394
168334
297599
358882
288122
184638
148424
348468
242151
231985
265630
157295
424467
309483
341601
132946
420033
189050
145198
144962
364408
435647
267166
286793
181126
440447
370587
332594
102301
141469
347345
155543
300100
209979
433249
154449
198849
437598
114290
215108
135429
281458
149656
107426
127119
142839
189499
286022
432081
187798
285416
336145
101824
348728
385764
409729
363408
205871
259782
409870
286757
146774
195060
384822
260218
170408
295377
275456
321844
356389
362392
434104
241826
179522
426207
313445
436301
120158
301981
326373
280922
448684
132903
252717
105594
287265
203572
353690
421749
318604
446385
227947
392024
378280
286771
243231
387407
245762
377747
171611
384741
207564
194921
232764
426216
107430
379365
430064
154667
442444
241553
290160
389393
441399
376135
356352
111229
148835
130439
394621
437802
372604
274477
157531
269931
326276
209563
130219
389997
224606
327452
175057
316143
247745
396307
154642
340890
405431
196952
335740
109796
312911
261294
402777
431042
215201
295695
392274
360494
232053
266024
172852
209837
370212
377816
344767
128620
342078
440455
379706
110782
295487
178929
244345
245189
415236
132199
273684
254255
369723
279077
416655
362303
124377
116199
373486
266028
366701
166875
367676
118678
437915
322380
150102
413167
452822
213268
389774
229036
167030
335679
119149
385675
303834
322822
407805
166828
202584
152410
198959
126878
248793
211852
388831
168877
342623
279258
299491
345082
361924
311057
132593
455605
266280
175889
383139
415350
253003
281478
377745
245618
192139
441176
194341
330694
235290
390369
175967
226514
157601
449568
415641
160156
114666
188473
265308
151575
115302
310762
317621
379169
360742
295851
239129
244760
413746
237758
430630
126598
231531
182508
331333
137988
297272
315840
174281
287247
218057
347139
247963
246496
404930
385746
225806
118867
158160
311173
414975
129227
443642
330024
430508
389125
166021
409890
363992
312536
302386
353125
360665
107876
255787
263975
208888
147508
409104
328665
272545
361136
116810
450605
331263
276350
422189
219518
313846
206141
357024
399117
271583
299712
395913
313838
177408
114196
447589
344804
210160
203235
126558
342988
336875
104255
237277
239022
280797
142913
101163
132120
109068
124894
203456
131049
166596
131435
331559
301577
222092
119908
392101
320947
278858
287928
132363
163250
169801
341162
124557
415907
187963
289457
123582
319155
257426
291024
256947
314228
240583
221710
190310
428997
200860
107306
428167
443318
257328
305794
380432
206167
274675
159527
229512
186994
239409
327518
294285
149153
329595
260990
185946
321271
180392
378992
147103
277793
316532
424408
240365
188357
162046
124364
398753
209813
389360
452086
353231
240776
211673
153305
438279
403694
315884
127133
376828
143120
452771
123028
264572
279212
278890
434580
221553
302478
447702
370743
298903
105349
351116
159010
292323
206506
263311
164486
408936
223862
169941
419393
199934
288457
251383
280848
427514
171168
211458
194771
131288
442323
207662
232181
441518
100258
105900
237655
276285
205314
162500
374633
426566
391381
449244
449686
231417
151686
292660
133964
401008
113301
396719
208664
114000
209048
223066
392392
353842
411603
446239
177016
453909
222301
240162
302402
132294
245951
269487
239147
252516
291691
401242
111701
309402
329132
185943
113812
317010
247451
226341
287000
369376
264866
191440
303411
146039
260523
291176
124864
221819
455168
115758
351130
394221
334193
154487
139956
452111
430173
191400
214600
235298
360162
405373
194200
253013
320096
390143
195967
340846
340141
245963
163950
293510
103165
437028
330940
432400
406311
376031
303032
276894
383128
429942
166428
260293
433269
373110
334347
431459
441322
418970
383614
355488
133878
260922
329272
169176
336934
271891
436680
100016
306043
436862
250507
237229
447732
377072
338394
226662
315286
315528
110441
149585
370300
117936
143130
339278
422073
411331
156208
356320
346110
199667
201097
231419
191415
154000
229029
197899
428666
416266
428351
152853
261362
143451
412264
308124
347118
238769
416086
145590
423393
119721
324830
184156
143386
377198
333424
380636
139830
313746
139761
180924
225798
377630
242107
299292
252356
355125
302484
352951
332496
132350
449115
242605
453487
308414
265775
190336
356864
172537
296351
353239
180028
274883
438528
402791
442156
271760
173648
123637
296793
109834
258439
401948
325667
431647
152614
357043
396469
332500
404559
401616
346311
295905
226802
398663
132594
152744
305785
182394
144705
106791
420412
397702
411604
423552
166001
152153
396547
110059
399857
195575
155774
331331
443118
404975
393182
180519
142620
426784
198767
146948
170588
396604
280511
316654
353611
132879
430175
100179
293879
281693
310471
173674
130427
362192
445262
238983
349103
260565
414735
179699
119888
141844
177513
379158
421073
325946
165671
214443
452634
446565
383605
427471
227775
206600
273102
337484
226087
371140
258793
305982
382206
123205
220344
282328
361561
419160
430807
431002
393151
390353
261950
182589
351664
397322
256593
422879
275439
331844
126272
205341
181605
128847
114262
106309
375180
422399
229796
269892
247737
397329
205364
195864
106371
315162
304962
130668
351341
420062
226852
433167
225150
189610
392617
453270
209632
385728
115614
335044
155880
444281
260957
364609
230075
251251
235361
320427
199431
294445
331108
197889
198146
304836
246886
438918
342061
436998
366776
353593
431752
243519
148719
270102
146258
365248
318195
274106
140243
127278
327240
401799
347892
307711
128903
390317
197754
214513
241853
355137
266778
419228
180395
346508
148030
441626
391107
455240
323536
271928
196185
242054
194274
102011
123152
363945
334206
272690
224122
320726
152729
310004
131213
268987
184907
189543
114018
117695
297988
324623
345852
156488
447617
414688
216889
114063
304191
356043
301529
341741
330357
243641
361258
296761
350548
151199
192514
333478
440718
387302
299198
292119
329458
112727
348245
188308
237901
165741
440065
368103
308942
213842
216577
293153
252277
219947
392691
228623
202109
418696
276847
113138
224224
291186
312719
349247
366250
129028
231103
447694
431932
400548
259399
419855
317981
268321
304080
251879
109626
371373
133576
119237
308785
132507
188450
275883
173140
179814
441771
356723
315256
279687
305346
318078
429724
291006
215680
194904
359652
106814
429910
401678
280461
197776
116732
321234
142810
365101
290765
432967
315069
341215
403773
405508
327183
318739
384319
176894
314135
117891
397253
181957
378687
325600
416441
420234
436166
208399
329971
210995
370788
169653
385929
212411
310199
439055
270312
193705
110618
275300
112801
449210
388775
232975
295693
424516
423031
180159
345454
400735
179232
162286
452320
118035
362255
415936
144217
316921
369324
262867
302830
278777
399496
381263
117822
158970
266746
282574
406342
143509
146749
142281
299180
192273
204912
217764
108194
228903
112152
147157
243105
396820
110224
142170
261743
206736
431610
217361
302501
171517
444216
235192
449692
425744
167289
429076
202104
104978
115325
345897
242764
155097
161427
312783
371992
366135
336777
305597
392879
270453
141408
239289
178245
435627
299041
227611
236881
134984
228805
304819
191388
179254
442363
171951
325325
418209
159789
221516
265931
133263
398476
428820
172794
118245
377292
350260
288374
424546
380215
153744
311578
202401
441931
453448
334327
302570
177440
297981
310945
340211
433080
159167
120531
261920
104159
107930
309307
432100
449769
243067
428663
231882
302032
418815
310909
447488
424541
239305
235381
241225
406502
136381
453472
274007
344858
225219
253304
178310
330470
341907
198204
139421
419083
240277
213520
302265
131048
353617
219932
316046
195726
293614
121877
234338
410946
