266884
322967
446099
205098
214348
453225
209191
114254
385756
129591
396299
181199
145260
268954
407656
143072
162225
368657
285333
331553
196550
198654
107995
209992
437164
150928
232860
269391
345327
257623
248477
370690
234469
244450
232507
388318
214962
441097
314109
440575
384512
388651
292001
447859
390267
275687
330660
209433
318776
177833
345676
145905
326854
298355
311025
254225
113038
117553
287501
232637
314484
120714
122748
328429
400562
212062
311998
304273
116027
295863
102003
428205
349474
183307
357571
340549
446130
114821
168327
157807
284665
394600
162906
339191
362422
249993
277187
437228
449579
350974
240374
271676
223178
411638
264896
194511
173438
353430
307681
400898
427410
201798
119127
120979
426571
379074
269097
224988
339968
255407
279890
424748
373672
136592
203582
303723
411491
147598
255284
138352
226090
294170
284067
335811
395040
430745
209243
117717
179822
269602
426749
139388
260698
454888
361768
226136
448298
362082
439905
275290
187004
430068
451091
344576
340566
138135
106926
230434
282400
408229
244239
167322
144082
254201
271476
237542
203696
109669
267612
318421
350199
147129
163948
445959
304255
266538
340299
180580
440655
165011
305084
302014
267160
179117
301034
456215
262973
236649
120039
355196
252723
311717
432216
436667
207076
354615
342202
326973
435854
215509
378555
359801
132098
162213
108150
375554
178978
426022
317841
329380
232444
129071
271112
452726
237313
381398
216179
308799
191637
198797
101883
197394
137413
443961
139818
442809
117086
166444
142292
290403
371995
299244
134001
230366
444442
266669
354875
454995
378743
417146
352045
375637
285518
359328
194027
402855
215415
295947
265239
442225
327270
434389
312717
227865
139576
104070
114674
298019
423038
264152
189611
454216
349724
259040
383035
380440
304713
402766
239681
288043
354794
310041
207433
261915
252433
446632
295226
244968
294913
363404
388542
220399
404630
427539
180842
318103
158059
234390
100070
102277
378577
101640
186126
265277
296707
114409
247991
392142
248262
224043
431068
416441
221077
417088
105412
392173
224400
321164
158925
413931
265206
438600
135030
132519
317149
358768
219143
213605
124599
182456
394757
410518
353396
179377
229505
195981
450892
237205
217922
220500
108301
382717
161642
375692
408373
243767
293461
424078
381487
339451
423548
150827
409502
339606
149403
302685
161581
332288
199374
351628
212656
114753
446147
222757
130055
147524
317782
223374
101738
246323
262270
271477
409410
394896
442232
283998
382567
319085
129199
355472
311198
158546
349631
334163
317030
119255
139080
396671
139469
332919
138017
132418
350656
353639
126268
251108
385657
232418
132166
454520
339804
271470
283544
259979
321000
134695
174038
133100
242577
294319
172573
395260
362655
256131
379759
181787
229855
137365
430421
308765
425354
137882
248436
137473
386807
124399
414005
227631
428620
455735
382588
183004
129734
331257
448216
120656
385897
210699
429191
255960
238791
200986
375542
139324
399886
100002
199331
274190
139234
374049
259459
332719
251907
301223
170460
357673
135044
206979
320472
302030
260607
393180
433720
274387
325679
366656
404534
280584
280901
155394
133618
305548
306940
163560
354297
146332
423887
413041
341139
265566
133565
206182
117991
223813
428693
282372
292161
218879
370049
340070
455433
259151
437718
344904
270501
288397
386277
244488
117371
287179
298170
217421
401335
316655
377575
453127
157909
331109
282141
429808
136814
127086
306301
148991
322346
378857
426812
392892
442755
229965
285001
352641
170035
130706
203222
115223
234332
455530
268669
415036
395402
350373
350541
280327
217549
220886
211926
240584
196559
216456
242199
179993
149411
371272
452391
453722
205122
112086
310499
184920
172278
314844
189620
400071
208475
143806
447232
334794
345401
224201
336816
124785
235302
260629
172788
146835
301439
228004
419590
446748
244121
349278
382977
344387
165719
298159
139232
270260
223824
142350
320089
246086
169685
327279
200478
139998
311894
159355
447132
109612
147455
212772
167668
273648
147053
139214
271271
368146
358923
425339
343843
363698
394827
329456
399205
300953
316510
382176
253159
350859
171115
384698
148734
232595
125485
440214
289643
217285
188636
314800
417282
321438
378483
324985
406494
127732
434053
284176
390352
238447
393404
354290
107877
102053
155030
345522
179214
438805
184124
387784
295061
208541
171130
266707
140047
374830
323639
119005
181394
281287
385017
387044
266145
330128
393354
246112
321088
149728
237885
136466
272758
101818
358451
440006
377221
203760
291768
413672
282842
204323
182646
191136
326134
382928
368833
402564
360780
243048
418433
281627
453131
337443
127995
132960
443780
179443
349150
194834
120344
376232
235376
150027
226920
373465
306690
367561
273230
407771
379834
265811
351844
294797
146534
409843
180533
438395
151071
377589
223689
189514
424170
397608
205729
125201
188097
156776
283458
243603
185799
352993
164137
167493
265745
259150
127902
195808
155952
220687
339430
155272
369814
297481
321690
316497
242823
111807
346643
304496
247339
315469
350030
346050
273745
268239
452062
262763
387147
384120
403534
189841
170017
266263
363126
235310
247093
226133
129218
232140
221102
219818
193114
346478
283439
225230
168863
289820
118983
282314
144290
254147
377693
191168
211651
309792
328593
381596
364540
448648
347233
378642
447402
368620
107595
292799
226402
347444
428545
383987
116502
266845
265406
241799
150832
422184
442708
305587
258911
429540
445532
322176
204578
358168
171957
176977
438678
193269
393766
256052
289545
434364
163407
193253
150434
167900
348690
400324
276523
436136
429464
157577
251227
427519
352979
297302
246546
387344
249750
239437
391886
123422
405558
117846
219667
231600
213786
112389
218794
235652
268045
359999
391460
423301
231842
229165
427832
268684
443144
217454
105115
133494
256329
204067
159169
402827
109582
214285
263954
436519
331602
434717
236647
341553
166109
279041
206232
342235
219019
333604
177175
414817
413719
252462
221061
329952
443674
414917
226235
153557
129572
182649
160348
334547
217672
131328
414508
113900
241938
270193
316689
359862
326144
327706
120901
223879
300231
183546
448357
419335
284489
370883
149473
158294
380420
380027
413959
308037
387642
347354
188953
226347
159871
380942
347907
312217
422770
304038
386905
336446
226697
434733
387374
380662
244038
442390
203994
332242
130407
209518
206340
355446
270037
325567
375801
327234
334144
264898
435342
455591
293811
148479
108634
103124
252359
347536
104032
165280
350803
154448
253386
311555
138927
298160
374113
332450
396519
176955
115018
104209
181036
235940
397470
326068
320553
167836
306886
319761
196983
172118
106140
287493
195599
109422
370005
199038
379572
421820
292884
249541
263481
423360
222266
121153
376146
150330
219537
388868
236106
383011
238408
280620
402005
115348
130076
419046
197390
312020
157420
346894
266969
240045
329213
375032
418928
148678
255221
208054
130634
407265
381839
442603
280287
105812
168138
293476
217446
394909
281159
276022
341586
373536
317540
222786
298908
435427
176321
377581
179889
337466
107917
259591
158669
268721
160110
103538
401599
173630
410449
264840
195333
232500
188456
277196
156133
112314
421873
262809
124352
107866
322937
442514
426061
417870
300093
189832
124756
366072
291880
189353
102009
417882
299032
145787
314955
309305
193297
391239
243973
291076
414578
130662
140148
280897
184585
185377
422763
419902
383773
427990
156361
382747
173601
115667
125391
389432
309598
374785
254922
390926
124180
357366
201334
285373
420050
372786
433273
402638
142100
364811
183829
233039
264049
107781
355903
362062
371024
172888
398378
410106
102768
420215
122224
425747
425814
298244
260040
422920
452482
323011
305363
339961
243034
444311
355761
242129
132155
192729
113196
104116
391159
388066
287232
307139
131697
367875
223683
195765
382125
366873
376861
294576
368229
136516
439722
443806
309269
136226
269365
385458
183727
148315
363016
380291
385856
443877
158702
285257
177283
229686
126889
219463
390082
228581
377591
167346
432685
231945
287018
250408
380089
455358
357556
252539
299646
313510
125155
240479
324963
189869
172631
413923
317822
380544
260180
139852
378698
239457
250746
386205
334924
336254
183963
235828
243500
310698
266509
167523
112918
114752
264081
179133
147881
216004
174377
416559
270907
187705
133143
138282
398176
245982
355915
270632
237070
177942
229456
271170
330410
322094
163777
325917
106190
285630
253240
231294
320974
388741
318939
191829
251193
186694
397495
195968
176271
345263
138694
246865
306672
190559
319445
294436
104406
176851
218346
456052
139122
135671
225015
324188
266876
365235
189665
283270
363722
119656
252850
165083
346528
434925
150706
164267
181155
244993
399068
100476
391971
209904
263779
218533
312450
247808
328674
325895
271546
361267
188365
343162
451829
268228
193317
133194
222836
416230
426567
319951
442500
192496
272429
313384
428685
276463
214117
204516
219586
299105
121961
424593
450649
336905
230124
341483
419022
413474
302512
364448
344107
220591
307261
285854
135577
110987
129730
292048
389867
243847
357049
359067
251667
364526
439263
426425
413796
418714
373886
193504
271661
339045
303918
127011
231779
347387
149849
106969
267508
209644
346007
152830
254349
154200
215420
428922
324793
277814
347532
325159
393303
133572
124951
248142
409736
281134
419197
163234
411015
196190
361945
358057
255648
366922
445201
332749
395321
276358
249182
356709
270931
280902
285794
213545
419079
258187
211198
394995
407236
210841
377986
338614
397536
370598
405314
212731
363424
112540
443358
316858
173641
380310
227450
448164
344115
438666
170951
370285
395807
220141
200377
337712
204913
116181
116762
414111
444684
145107
244561
189439
344514
393165
300334
255227
270793
309859
411967
127598
135131
396026
353898
269457
121179
114652
265608
210795
309199
431720
184001
341612
332646
151794
151552
101705
313319
315612
343447
386345
192859
431033
119242
405648
434646
284244
341461
117197
285799
194305
233045
284610
432846
152900
252438
422684
251618
227768
273984
327847
249237
381940
327601
177220
356901
187321
167823
267092
413804
255996
430122
302140
122520
339738
292857
268158
288447
324770
125955
311467
248851
179472
121549
347603
144470
166302
395147
107634
171492
409152
106821
423582
328011
281010
394985
334581
207376
389736
393411
176019
242223
144166
449031
373721
451807
289617
443745
143690
249260
333670
282875
161699
230004
427460
181978
287669
174345
354745
258061
306901
324504
365177
214273
352136
342864
313738
400257
189125
210831
390179
115664
231282
398747
252381
347070
318806
272840
136682
312512
278347
323062
442583
152975
438618
240214
387205
286196
344235
105955
297378
208314
264978
323683
436834
274849
252061
406763
255707
206926
128230
266956
346254
150012
365148
375621
288595
145430
383713
182155
417107
439862
377021
150581
248238
216649
370243
145628
326927
120672
385639
245828
330382
353296
287815
358701
173315
360918
206789
291294
198122
337991
350533
245977
203314
169250
224018
137599
293101
364283
310301
120910
120128
204198
423270
220285
421504
151772
285757
424668
294686
375778
138082
188216
158958
426703
341316
215080
338347
411707
393825
185388
364542
108206
112893
351702
115979
106819
386074
450794
224754
404854
316751
251525
189292
365203
151864
441148
125459
390304
268138
433658
414094
385401
379675
307343
211227
198789
315798
333915
307943
420015
185198
218237
148346
115330
306813
103660
426969
190896
155852
242012
345589
196155
141059
170592
206958
420539
339729
395313
276388
178580
250058
217424
200024
399522
249102
193684
235195
427481
163678
357882
256376
261291
385575
183169
285960
173358
128756
367014
387831
435853
352737
395151
244697
275429
204031
208977
247359
110481
197309
175196
225022
300648
454177
232019
388975
343461
437132
335510
348783
308019
439401
122151
221351
255718
110182
410654
351770
227676
227923
346030
360855
367464
455107
316316
145330
411706
167689
445173
401257
165586
238212
324546
188582
452318
379709
113122
130091
177132
234052
193472
328312
415310
423590
110577
433157
221987
328093
201859
288954
190353
420226
288729
139129
246417
384950
392268
245749
114874
298287
118339
154490
288500
343046
147493
241328
372944
324155
176106
379880
296622
405342
239902
189288
332987
109375
402026
116675
210500
225986
137115
251377
123834
201824
215431
252404
164383
331618
398300
423545
422983
306218
297620
377342
375309
179848
127822
154343
267646
138124
118190
309491
159681
271282
451899
202533
361342
203168
310272
245278
273803
452343
404234
255291
209181
246281
109861
285143
332245
401289
241848
349776
301810
108119
208611
128269
428317
256231
129051
139071
160167
299349
170700
377918
189425
344797
324105
245340
297680
281925
410290
342266
121213
446602
352835
388597
174005
327402
193601
442844
373851
317118
196830
452755
126146
413134
418122
218270
167317
183403
246958
184086
236235
430808
208865
125993
207848
109275
298387
198545
213211
441142
380504
256788
240016
296278
279075
338372
291934
431316
253619
208733
320755
402192
395580
326125
113184
157308
172665
230898
163421
337379
391252
325040
323309
111801
374308
216359
207183
162024
353906
102136
348860
228200
263648
395788
316842
375050
344669
206118
105225
333654
427836
263423
359439
108669
165145
339950
453472
205774
126319
384270
203801
450486
195556
158570
263773
291362
113682
228874
239932
184634
381912
401601
150584
206817
294318
109909
222037
422740
245700
137966
137564
239995
302328
250179
314962
299902
293087
263782
346417
135114
227039
444727
409781
454651
171052
245220
303960
401578
188288
156459
218315
203864
269246
301475
153282
305808
341217
284556
105946
239095
354648
244582
390885
336076
123746
285444
382820
223911
244589
391291
376685
444316
337691
172087
162965
294123
322545
368786
269627
173571
261658
270015
360735
202794
262353
339385
266456
203835
425320
201831
282147
248884
132987
227509
123819
158097
372855
322604
134675
213858
395177
189901
165461
111464
412709
318175
217120
280634
156651
115137
377531
360832
350811
247035
443093
263897
401164
425166
373357
392574
313422
327378
217455
287807
333332
319214
113970
205689
366565
161991
110432
167606
450964
132853
152128
231615
359221
329187
241606
138742
355925
422307
271684
424766
246180
216369
104428
103215
140068
427997
245832
152314
185226
294449
191325
137164
203473
310493
161849
107510
236011
131097
440855
387978
116714
383955
168305
315063
352864
394195
340980
194365
331350
261142
429899
306826
168061
359721
294190
153343
372702
440134
258803
300638
284034
357708
237303
230980
161377
153493
337544
106781
196541
251897
422785
122821
226053
313358
155421
338533
200543
136080
377535
240612
272134
375056
296478
386632
100808
103793
423934
339583
204844
172686
185254
371856
263623
300233
248258
184111
331742
212114
198170
360739
417317
302606
414689
237072
317919
310802
264570
233084
393432
321643
140383
214840
359243
447264
270961
319886
392134
332874
212752
287287
226141
436268
272900
452329
155863
177320
138037
122516
361616
416395
147560
369040
400335
380904
192887
126571
371450
198448
193283
311476
358156
153652
244221
393655
262111
437992
423047
351369
396015
290707
126050
277954
410128
111668
445424
198535
232206
132372
246642
308961
449402
389632
312348
227141
135421
151124
274496
113101
147175
203953
291079
383336
374577
259289
348206
276387
158899
430478
102624
208975
190020
105042
332058
142489
236709
396195
154515
157810
170028
291646
110514
410242
185455
369354
372896
391009
294038
335221
300966
352987
377658
308263
403156
280849
335258
238397
213029
174608
152131
401209
263250
167738
307156
353124
286378
195416
131831
314428
151214
321895
223671
247259
339823
360044
448120
257604
303626
357810
428174
402238
354994
325891
289618
293391
331324
349224
176753
178277
438248
403218
364524
315358
349166
156850
431578
217218
214064
374575
203577
169620
277219
410885
206646
447885
308425
238178
455486
306453
255624
172245
244064
419203
340789
413942
421779
416045
103852
221516
392653
402628
124603
428481
238734
299473
439199
178121
430565
255484
205562
261580
199957
444647
375523
217426
356776
415657
410157
239771
380148
310349
214166
446261
320546
197988
323870
190552
320147
271349
149259
320334
308313
100567
115856
135150
129341
136098
315201
386755
253242
162919
289708
266339
329866
150437
340443
196702
204241
104777
124269
197653
135798
291833
147740
110112
189942
384000
406999
351806
319315
340903
433061
397617
415922
332232
113057
434719
148732
137860
221478
253531
289795
108008
374894
263085
293186
210644
220279
311859
271257
416622
429480
273210
132496
392166
272996
275242
345004
262714
310489
429485
442099
327049
180968
161674
314663
327140
431242
259775
335554
168049
401445
319172
130585
225054
401087
189446
279658
428391
219014
139804
349252
448421
307342
276000
245851
278027
324214
416093
359489
237387
181311
214392
134283
180044
418164
154288
178361
337041
211165
430419
405989
301143
218240
320865
149731
230586
297767
355116
310849
275715
162468
323811
289600
267481
383326
365963
243410
425569
302094
141722
103486
397735
134421
369118
289897
127954
315051
317559
180837
313158
204908
432499
452965
268678
450546
123278
324469
315066
415314
304449
126669
350489
278906
191160
101011
239242
174470
157502
243286
250002
196235
157274
187556
334619
275124
248033
169419
187912
214649
208378
128875
426503
261085
331286
442560
206255
433948
146377
311074
316149
179596
198462
451001
125120
442780
226075
111000
423884
231596
153744
385221
218251
414228
413157
243350
219291
294727
389789
318976
439056
444438
154321
235712
444579
157418
378538
268431
381184
422703
164548
272973
214308
269722
387320
253452
384094
421270
340869
222311
395175
147852
289908
416892
427710
380903
306102
362314
205057
311507
320583
127104
358218
276271
144270
259499
192053
267988
295972
186975
277742
428560
289670
356099
341382
103134
396222
226379
208832
326278
165976
288494
352329
238108
396715
204466
322072
142739
264373
303872
179720
111302
302576
411548
245774
177869
190694
412851
268330
113416
269969
314399
158023
326408
263393
206266
366769
414040
181286
222527
111867
241531
103207
338016
147938
417829
409572
257819
350338
173627
311352
122679
433383
252588
420084
359648
109822
165123
206966
436167
377629
149031
236004
371632
403177
213824
434235
148363
430979
421382
181917
125447
269965
145886
171464
362746
232892
257296
310465
380492
357989
158788
195354
248818
181291
207924
227683
247412
179438
151548
349835
436548
237912
293167
222649
107158
281755
439428
400074
139537
190731
411156
141789
446162
322776
177862
263560
315893
378573
213417
407938
445094
227184
309102
210797
437961
177296
229991
126419
334012
449330
237830
341982
105947
128260
214211
165379
244919
359861
165459
454415
419200
350463
351229
320601
369816
231479
329778
171992
231369
450705
290951
116475
369758
408708
329259
213306
276652
433801
426629
160496
332230
225177
190575
204320
204924
275418
234977
221564
252869
448951
182780
248425
425596
322482
124244
208982
218661
301509
265290
326067
251711
257498
188316
219919
211974
282240
422843
436281
242472
212580
228035
259012
290129
342094
135824
383912
114848
128819
421006
168330
341430
426213
156201
241442
259302
254550
162744
140491
118240
251402
203206
211759
110114
286240
423478
161857
141372
355252
393110
435554
119264
237958
101121
257641
341326
294885
260540
124291
380621
121845
199880
161629
242263
267227
147878
232800
193604
355516
132804
337649
419906
159859
337777
406126
154497
281866
310777
181372
162384
164742
228293
355485
419125
187014
157720
288792
245169
320164
347388
223599
414240
190370
245085
175691
315442
278259
180918
278009
307516
324045
161824
189461
190203
198733
397485
367252
192555
157521
379825
427015
194231
312272
408892
152417
267008
450561
428023
218926
341240
376157
136045
337732
241025
441445
261096
264937
165403
132335
339640
297094
216882
178616
450363
453460
137850
176055
205041
349879
384160
355428
270360
402942
241242
204608
439568
186857
175383
154001
276589
220712
168838
236566
170020
388105
301498
331366
348740
402334
364164
139430
352672
124082
214316
305222
395613
247503
251456
367458
133860
253800
190029
356823
410375
205442
379706
203514
335696
419073
420056
451187
329820
139918
302241
280573
145778
369692
312461
220561
146819
350369
151239
232781
438113
312680
372396
378759
113414
356629
341118
227988
381108
306108
392889
308172
118971
240833
221226
209099
414027
134075
444862
315400
242335
438496
165842
131919
132388
112916
357072
259817
338531
190110
253659
337162
194885
243449
261262
428762
277234
245122
405247
273598
224207
416143
388257
301168
191431
272107
249404
104345
314447
142001
154419
313363
293400
136928
155914
284206
341336
385193
100879
234677
125243
382475
132226
173336
205440
223977
352026
435555
307942
169563
235858
390771
346012
204968
304914
238276
140205
163600
277726
132048
253633
122515
397199
354117
204901
199558
375651
358833
361384
207613
156388
316936
201494
377600
176874
452411
409130
332706
195006
249462
343526
225834
429350
257156
292539
290697
124417
310778
129040
228192
341991
317229
279368
450698
119608
453138
104085
281571
116965
172756
118928
447853
307328
418364
201364
237534
260562
450048
128316
100267
419071
380611
194062
320730
217704
267048
253301
289859
396384
192816
312177
304743
435187
373219
312732
405198
147024
118868
354101
137207
433224
252532
233215
211414
311724
240726
366815
438801
381443
363923
178750
223469
455529
110629
388298
375366
159446
149462
143733
389727
168658
208469
372283
321888
393928
245378
316498
335513
281553
402133
206570
286665
340916
189900
244067
396856
187200
148655
150060
133646
357577
253281
391660
246672
311975
181453
190945
319556
437249
450665
437313
432934
413949
333675
413795
402651
368794
421136
117504
215776
198105
148694
228442
285943
428216
244247
296073
362413
360711
323265
378772
384645
404575
178744
106289
220250
420492
435659
183679
149917
411798
325887
198849
264888
218003
370896
309712
204710
154903
253766
310734
174650
192429
224433
190213
177589
280122
105667
197679
430147
312383
115318
156908
334587
269100
261572
427888
350404
165181
127165
198310
362194
247281
169624
368428
387505
108382
439189
349950
225778
181208
225089
186449
273279
125737
302307
102752
420369
255205
141137
324709
386518
395823
204920
380209
234845
183246
307477
117781
344147
206663
243868
269594
443123
243437
405254
183964
307566
421870
143193
267320
111166
225885
119978
355433
279004
425359
310269
319098
115885
199590
116834
351726
175438
358416
251742
272100
411056
298132
159455
298377
304404
235939
317492
183019
172852
142403
430408
296797
438559
250054
437441
386711
145868
191527
448912
365628
260550
231231
270300
263617
159962
438334
117065
224946
152639
305515
295034
302147
402907
134989
284607
405329
327282
242769
352964
128960
276469
361320
445660
387073
235788
107736
235853
201140
289886
426739
242891
361412
380951
327029
404945
433546
410965
191835
167549
106093
419276
310348
446773
165327
319463
369736
169820
394979
349553
138972
391468
179524
118565
351577
451508
179265
207069
382503
172275
225785
445041
238049
153955
193492
129656
140522
103217
318873
419606
229330
214354
252254
262410
227530
158915
324722
203930
452699
417010
330282
193030
175575
152521
422107
364093
347724
292389
431442
389076
285563
437001
230951
414699
372385
407115
410422
293669
384892
173798
207194
242828
214139
238344
266489
178425
189085
308368
370147
433951
416445
426012
116320
121325
298074
177838
437619
209416
143441
144274
194412
148028
439440
235128
251603
418557
416356
384421
110641
188193
373430
168895
255016
380265
435987
191429
432819
236213
276061
454228
268690
106989
333128
455762
107502
159010
160042
275529
215553
186413
109899
127935
338626
236245
235242
162985
196749
424660
256418
190722
134048
130032
113104
383363
452419
393834
395390
173432
172583
453780
304781
244080
387935
388545
440052
224878
431509
354389
422478
201078
174468
311167
338362
337349
242393
130455
427908
273666
388019
247823
168482
239476
169744
425816
190240
135416
270124
390547
156137
419220
165948
440908
203406
442012
259895
277996
212431
312432
202097
188572
435909
375398
321244
122800
202543
238188
319218
193721
122969
186882
300895
188474
352478
361689
255603
294412
114363
348561
298094
221286
219259
212140
389538
437529
408402
156094
303799
177453
390845
379637
301631
307737
356941
215758
346309
266796
102208
273696
377608
394870
113512
216057
248157
389056
339295
269845
332633
397143
249512
100402
149275
111270
198140
314110
334316
364708
413698
325447
104291
144633
414777
237041
324961
397733
449456
182566
212330
346214
269037
239598
356543
316425
215304
394202
331720
127388
239342
293902
196248
320948
425182
129423
414427
183287
398317
388654
146368
435416
366450
202359
191328
363488
137126
437974
152249
250341
325226
259472
125199
372373
258333
372734
320217
132311
291740
211854
171761
264009
165153
254014
127625
359705
138288
327329
396500
374242
157323
409971
435930
343981
145912
150165
208401
156839
137704
133391
103593
260175
131572
237169
267071
233771
354627
332114
412184
422776
424918
307472
219064
367059
287691
175787
266458
340209
241021
283933
441804
441001
380958
120735
157924
237055
455092
316722
438565
398678
215155
104414
308330
268838
103193
382998
274643
363381
341599
388634
329774
350022
230946
246020
447827
195431
302410
277495
207917
455931
360123
432838
428570
336874
240663
149267
439627
277851
164797
153349
143678
314942
172352
280045
312290
392497
335093
446726
241493
378172
285760
125434
104944
368329
288126
397257
168273
101300
280066
442786
353702
119273
195223
350379
299563
102875
383802
425289
348103
324102
206743
431553
444495
253575
373996
402439
191094
377382
338484
329793
297529
306697
396945
293189
244522
300148
417537
104785
124624
220441
300034
298881
422630
369950
366359
405006
282423
379137
163795
414449
154041
109263
160918
203408
351432
216277
158273
419236
350534
441269
342718
121573
212699
357521
336515
267202
273487
237916
101611
173170
397342
385870
356586
404942
355924
353444
275652
343803
304652
261741
366101
258741
335819
278657
413326
118024
268201
232430
310980
259114
105117
216701
208858
277043
277762
249195
180770
205527
239396
397392
305935
334519
235616
170468
252340
151640
211374
148651
309429
137837
144866
322463
141349
202657
402797
143521
193473
447171
281113
433700
185925
405815
297739
422452
393220
415627
378793
278258
404509
316485
162367
328857
407477
257772
376586
407193
386323
333090
181818
103159
333507
364681
359966
303335
107957
413260
452215
137795
166895
164967
323069
311958
404947
131680
292207
116131
380931
313290
299005
113697
391673
196503
208186
416731
426204
256536
370493
176558
287601
453730
130659
371983
365371
227045
109257
236125
151781
448364
122227
339333
225623
303283
111774
316207
127252
162336
379383
231578
161454
316869
143526
236425
163192
154285
374422
245137
425504
245900
180719
360892
353904
450113
264645
213770
104238
430617
389733
322876
143455
368586
423588
232358
162600
303402
415034
188567
443194
393488
388677
393726
310055
162315
409577
401981
220799
216504
234414
377512
122209
243701
347495
188121
354293
437213
376374
171710
175716
319200
411900
414961
348852
226726
149608
397853
337220
437869
416382
440916
117125
169775
373127
350329
349926
437037
276840
293883
373617
168573
153609
171264
447822
304665
233099
455830
328993
441823
383698
151495
106748
445844
204104
245490
353701
301146
248813
427396
265120
444355
221703
342040
341723
271917
394688
316962
293484
272056
341497
454675
298315
450484
115889
162494
406998
170374
409479
327767
307656
410513
305760
413502
234076
360902
154745
110858
365387
452022
134737
258278
436249
115300
273348
126149
209746
159603
416641
232587
199129
373044
378505
355395
396256
188892
335888
106680
141737
436293
385572
405947
313040
334018
222808
385720
283873
102679
230198
310926
456107
437292
315296
373117
176610
154095
311338
305792
455920
303329
288846
247671
247575
422234
321312
123230
376131
239891
265455
131436
393972
222610
126634
402882
199709
175482
108000
247423
262711
227469
410318
368942
422289
309057
357378
167133
136078
186469
245654
277002
191485
155948
416930
260736
141765
420244
416562
418018
299987
137343
211213
415048
445964
199617
307596
126501
418695
288339
291271
214471
139929
343759
174710
390629
266094
143978
367694
152705
146387
330327
326318
123003
448121
173907
269344
119420
454769
246001
218811
292218
132431
155129
165025
331996
137074
131814
234821
277316
399767
214146
299154
214578
214437
335521
305377
272131
261203
215251
222208
195720
285328
399199
405439
438388
119543
156961
363298
431265
422003
123205
260522
399003
356128
232260
450361
146047
433772
219096
454174
111530
422445
182935
405171
361747
432008
255301
375445
273499
377015
310393
213072
320367
276592
174464
276086
203059
160066
100231
250823
314166
366499
429595
107278
330909
344809
237209
436316
279543
170976
323430
209216
309771
444529
179026
160124
294675
158022
446252
186669
422590
113033
305087
177987
137712
282719
368596
240105
375855
359114
211494
285363
256547
296511
453205
403857
142000
327492
248703
139410
228651
170706
153730
373298
326795
153700
399701
176653
383502
217478
159429
235102
383424
352311
197703
166388
412117
350092
355018
370158
232780
293854
135198
445450
141005
148052
258215
286305
207126
280295
327946
426831
440379
254838
380430
205603
292961
338656
214253
326956
428360
251032
377243
157310
224970
173849
183733
271855
153934
361755
163290
166587
355311
345983
234260
436258
106131
174086
444156
390712
173837
381242
352588
399369
380156
357561
106280
109670
344714
445618
187002
228267
325754
166016
237685
182307
443787
208220
421650
331298
288434
376551
232402
371160
395056
314209
393730
252853
358967
131378
369747
429435
294291
408202
339375
438759
398553
445267
183671
439653
265352
416008
183541
300748
152483
121902
369390
425358
184484
263869
291355
438033
217765
251016
164203
158186
299895
281631
313514
139373
437469
101874
440246
108147
328725
196591
194656
155127
360983
210010
236887
408278
150755
163567
243191
107581
113545
180677
157215
265332
368163
234901
327982
320945
414510
447414
407795
177352
370101
203023
436719
141742
356603
387532
358552
201563
131730
399856
187739
407133
116256
413413
350049
346498
279718
142701
219709
441600
451319
295975
373917
384122
453565
211458
318380
338997
404798
240102
269964
343648
215462
409113
385795
234916
231316
144103
226737
332931
296413
120702
239406
241361
424872
293756
233552
402485
337288
107167
143530
397966
142605
253168
334240
274771
128296
441559
376435
251354
265996
229035
367990
284563
330451
219554
365381
106384
182596
279191
273290
120524
366895
186022
239326
362880
414676
156207
255335
150300
379245
427401
159109
454668
373958
212053
226974
370775
409012
299998
143569
434296
350348
326772
348517
381118
317230
217888
371253
399933
120546
156022
452454
439893
315736
261287
390744
204209
375662
345452
444511
146101
233663
148190
223269
339418
261090
240209
226554
275867
190425
175777
379662
390855
321907
181308
448365
434679
284790
166595
154543
227656
357135
104364
399415
224898
286699
174046
195569
304932
209383
227194
205975
255112
311694
158156
335270
453429
151387
309876
307819
141287
223804
160795
264873
367447
254119
364029
103407
283556
127307
237596
361395
170008
424676
288857
295930
307185
353417
179972
431735
437620
363524
354425
368370
325547
317494
101093
221084
107124
190508
120290
274185
237302
205704
237438
269957
198635
384506
360827
448866
420079
144035
231970
404659
186350
445480
316626
151328
118544
136419
434561
372180
424865
196710
194070
144013
144039
231526
321033
314123
434159
210679
199789
270990
124019
407355
298629
440990
405991
411186
296487
206185
285152
445734
106088
151832
302327
162079
156185
189791
193092
386047
219960
184168
250639
429735
377571
353197
224681
431833
141885
207270
172596
143630
124102
129847
308381
169120
135621
288356
219855
383232
153746
249001
449331
194886
261618
258354
203654
159502
216763
403806
408444
204018
100349
104157
235954
153190
361026
345890
117485
455264
264332
231020
347180
144490
210218
392306
408258
308104
280974
132092
181415
265407
425010
184027
272603
248809
341536
132032
190493
211545
326136
245081
297058
174147
128841
198602
419101
413571
382073
235653
449806
365594
286615
399243
325145
194799
171204
318054
278670
427411
378270
324021
334859
328141
366645
366930
397629
151229
215044
388108
177673
345536
226880
371602
356420
439588
439679
345772
300243
141976
204853
197430
450241
204142
338286
409659
399396
239281
319383
223233
141822
352383
420714
186365
249163
334926
261214
356503
145253
338031
308878
443270
139245
186703
105958
452559
167413
136998
416374
157634
158364
248348
438479
111474
268223
427439
304042
267577
242019
411210
159645
434190
175702
335793
213879
417726
356871
271965
218280
262471
364552
416815
341567
244207
180384
269368
235748
373232
229340
138242
375572
277552
374620
333453
141400
135676
441965
250254
360709
215730
203390
443863
277843
332817
298412
450631
220576
185587
433074
388681
257316
212232
405983
216132
373349
407290
360497
293940
390127
442950
272044
137105
383368
226046
164337
187147
407360
371841
372525
347844
309872
454088
277676
195045
400286
404075
137641
440004
281065
189157
308047
201699
347158
344324
428896
358510
232476
422270
326517
217092
118554
306920
389817
414920
445378
288249
326955
312112
126345
113018
105611
355052
229583
320884
313627
447560
291575
331522
276950
212498
253391
130427
182797
116149
263000
208418
429868
251881
301178
129524
221649
249953
160825
134966
251797
137042
148005
354812
427392
420659
365791
448609
362772
351047
124970
358270
238789
319437
455886
133165
161493
117258
247587
386897
321500
224786
162311
323631
180857
355803
109729
168353
191053
416722
265625
213092
395010
140680
208252
301526
226049
204588
157628
432015
443016
132619
138272
309440
400630
274173
188920
376810
367912
322343
414138
309630
183140
241107
433290
352401
353751
348457
295283
147289
150210
231091
339574
256197
354110
134572
384722
131593
156215
374393
152310
449218
177282
134782
342273
335244
289945
228573
140643
208070
365208
417613
201644
100181
234146
264164
361838
217571
212574
202118
255163
353107
162154
306763
115187
368133
337731
100599
394972
439608
129334
414420
441549
101265
391694
179207
189940
185495
405173
278990
129677
332542
329116
157127
171374
272460
147804
431789
133568
301116
374463
103765
372158
417244
225422
309323
424705
178180
178708
312740
134145
444484
221178
138469
192845
315064
145052
150719
421630
201676
455683
442335
122479
378380
366247
117000
438070
383647
442511
231385
249008
292079
167270
254747
362845
422603
231872
353594
252648
197500
232712
447667
151914
423131
443526
127685
175678
410842
130540
332239
282601
157143
427093
395364
260826
154989
124349
262003
343086
250208
211664
177154
139884
275670
332947
218396
136175
266534
239962
309634
215552
325362
224677
299033
325996
132784
296098
332244
119435
374580
356425
391389
243349
376528
328015
321682
195514
137336
288745
277660
454129
288984
304814
456253
285802
269984
330109
396390
106062
198133
105177
114096
443967
451447
106383
151761
278912
237751
165963
321714
202408
123297
438210
125644
194829
319533
194031
132999
108324
397085
400548
227810
266397
196022
151037
337099
425640
196639
364894
362326
113297
265668
119566
382847
382559
132981
399460
137407
399336
202669
261219
399478
380983
358746
220652
392336
239958
450636
412647
261081
294063
137903
176204
292114
204127
408239
347168
251958
157637
123889
283764
351544
438939
250930
243944
266649
196839
160318
447527
273911
185594
285569
231991
350778
424956
381356
224962
367065
196484
270511
361257
123902
201476
290047
213502
162770
111507
196099
132222
436904
224329
186304
418118
320473
211106
416001
374717
433154
334121
393148
189082
290091
399106
411243
163880
234140
328635
201518
275880
176618
338275
282716
115740
425711
272058
436890
375831
414245
264408
402898
445831
332376
338851
167458
149194
384968
354415
404316
419069
141520
260113
388781
337044
455244
438983
283712
177753
184142
258487
410320
318620
164249
404482
311669
397062
434689
430497
136971
270119
141231
334779
433811
373520
237937
241155
257288
320721
238741
197970
366195
226002
425842
244961
319816
100639
347914
271243
440698
367371
231876
406344
141671
252295
320802
351714
117673
225720
196356
145729
251513
330408
414082
256977
290426
344616
264539
445374
409592
326417
195177
352133
121270
363296
325787
361230
305912
382049
345086
167081
328091
166312
228034
320885
227273
199018
131963
392712
166532
307349
436429
245896
198587
182518
185762
157846
160575
213795
382664
387279
363442
192964
297347
261666
310375
415139
420585
375486
195312
349309
380272
371890
398000
169970
419379
192137
412218
156681
224314
272400
427546
120052
154505
356632
318943
368720
388469
380103
410381
327372
232814
155506
241835
221359
173182
291687
359734
270077
194430
150048
136964
283370
333746
314651
411829
215532
299659
291166
426923
317405
365089
309668
234949
317827
396604
356945
344709
372197
182177
173028
368886
454013
220274
322126
425581
116513
425318
182488
359283
200519
155367
133203
162797
268384
315204
311288
160548
190462
198867
395122
319223
261010
249272
433015
440690
202585
290380
148331
133559
287502
204723
103059
154657
415935
390631
426351
237050
102332
251878
377880
443429
434086
391369
415235
150737
214548
375223
331156
219422
385322
125198
365933
336193
171806
387275
430680
191871
207963
345532
129498
241225
414140
373184
296065
419687
418478
137654
341947
428417
193076
158164
244427
358989
387760
288390
337501
246109
228881
449144
428456
194946
417465
380259
355641
261637
118257
237238
183827
368284
451710
379842
405051
209237
302592
193841
417622
369875
411695
101979
415241
130627
442154
181136
235845
313535
239758
357272
373952
277044
400228
255940
358478
192974
378092
365949
344474
103458
283004
138266
101774
319325
411199
125390
236439
267498
342059
279251
198831
135700
232314
119551
421799
389011
432914
340881
392500
427000
241514
402015
210647
452450
254531
294707
229014
209196
313309
164577
296492
296240
282932
437115
230463
348529
436763
181688
121317
349551
330136
171676
277805
434799
365640
357395
118503
135464
225466
147529
411209
300944
416937
400758
430164
249452
444865
186454
136621
125372
217195
267972
267200
198970
433873
138184
289736
137176
384268
236113
160491
306416
182503
127310
407028
415839
118418
272950
437893
363099
242377
156901
144960
225496
445730
153944
171591
231283
387931
348149
346888
240643
442183
261458
211595
402778
122887
111751
327149
297595
251425
245512
152164
221336
171335
222933
269200
125812
362919
313176
440871
120090
149002
117963
392101
228193
394429
102455
231244
321569
131329
356402
121708
420180
282274
418765
191581
433111
363986
293777
210257
419417
408111
396336
208383
402128
172232
392914
264749
311212
139548
286745
344844
377728
206986
304320
344094
413743
410330
243376
422977
448780
243420
230506
454937
194267
150965
300046
311191
453546
383695
137043
324242
194069
167696
182783
399351
264624
302648
261432
305003
390197
281370
230721
254164
434928
133897
366043
171843
135705
222991
314675
346006
227303
410610
153837
322297
410068
435201
214215
324891
262522
101915
131506
239961
250520
220396
365399
132806
358946
209331
428798
306065
444675
240998
146300
208350
168533
321037
443454
134259
418160
309307
417772
447665
385892
159373
317160
322012
303326
190498
136288
323198
438453
210092
110081
409314
406931
211539
450389
372732
107240
230787
308901
202358
318971
258977
236208
245921
207866
218415
345267
261805
115982
369010
223889
313593
322828
433045
307064
148729
423577
126333
374276
281983
240012
293415
172878
181996
317058
316414
256397
139909
132997
114804
193513
100985
414463
141646
137986
144760
136401
423304
140236
370410
131115
401735
269812
257188
302058
449712
296805
180561
386275
286242
392470
310436
371966
343804
271861
208812
255082
115907
392563
449096
451637
137786
180254
257507
322862
372801
296072
204775
225573
322991
112957
380307
423016
285714
264428
387252
163696
261352
296563
447749
377950
254101
120355
361645
441737
443677
274476
387088
261193
116417
114271
436390
284913
202036
226547
418846
411200
425694
363927
170909
313078
244626
438638
393560
395090
382174
175105
377647
183622
111987
114726
112570
392321
259474
385088
280515
205227
235063
168001
426277
242799
212628
325367
261224
278413
103501
313296
361844
110574
375553
135568
304337
323353
189720
147047
304084
113450
168166
427202
246843
183324
355596
361587
189523
233259
207066
378308
274445
166961
406240
374633
166143
175102
263628
110862
283104
293610
211858
398350
177443
122193
443104
351629
371574
372461
253179
317641
266473
282567
403124
305617
379441
265315
272014
196732
104315
408132
452183
282533
213182
417225
330344
251896
258789
130827
333436
414874
312233
392633
208023
277898
358437
123023
248442
456233
312692
225463
352011
334328
334183
312370
254173
438966
283734
155229
360824
137866
256495
204864
109326
380234
250285
174014
275857
243278
114408
216101
166634
318493
106029
451765
180265
337703
230952
216431
389664
374667
434128
248370
346665
443099
161692
452944
258324
418641
436710
107160
230515
234998
274923
315533
411488
300848
306500
319121
449459
373544
388282
454065
398455
401750
330403
146175
348266
167711
329488
111821
123728
130400
311332
277879
345500
424735
366150
224948
361364
345083
360221
146237
360593
238062
204700
150333
141380
122307
149300
433235
320735
152195
394396
397596
259554
193407
209619
213371
182079
182054
413394
132315
417463
271755
318712
237748
298071
154526
201745
145471
346249
226793
414932
428872
121036
313766
244551
185502
287364
186629
135598
433743
349833
351975
283435
442537
401173
331215
436568
168065
238445
137090
191105
333155
369681
300945
260515
166524
255075
388011
251533
293826
242777
229575
151201
168264
317620
287011
227338
289394
397530
145334
159573
188195
163521
389169
337013
364060
423953
213330
436650
232505
137130
453140
226864
391948
310723
285223
393495
290651
201341
157388
225799
208804
145079
257810
213990
262438
100151
397396
186245
321127
140280
278763
251162
260413
279432
282186
430438
358165
278852
171841
258465
312097
415879
311513
365843
270239
444414
315419
292104
129749
141548
154521
295314
237310
277354
276878
152276
436403
160919
107384
419045
176339
173296
375416
455730
444655
236843
114628
123918
382404
320538
288499
391702
349279
111372
414036
407527
269921
288831
448154
201138
213221
360287
220902
407408
291132
315238
311094
258526
289954
214886
120989
456035
391810
428535
404269
130477
320044
138676
124824
344381
212250
279425
281898
444715
412505
406071
337575
232052
281236
263106
243706
260194
391088
195859
298478
197325
242386
392053
102791
367550
415878
122792
151695
117605
141105
403746
207396
314233
234597
390723
119327
400245
142052
315043
193257
436348
187840
216704
200839
154532
393021
135808
194838
218844
351743
448287
189487
383014
355518
265184
142096
315801
171255
285190
322296
181368
118939
309909
339554
290925
381605
130307
315331
374872
382640
450094
250506
185934
264781
112712
204337
295083
179782
430763
175603
200633
362764
215690
281922
119440
178208
263801
220899
133770
303970
423090
204399
412660
285725
440556
348996
317289
358274
355807
203346
298829
257385
294957
451366
147727
290767
378251
142015
119475
308438
426585
161924
298738
259299
410695
435933
205955
153107
130387
416153
184579
327600
423415
389394
132538
142595
211857
266399
415640
313988
377669
148446
394744
412322
269265
374651
258955
360271
234928
307084
224099
221002
393313
216166
451633
262118
452387
189241
227137
184558
266281
434761
117908
221468
243539
305704
335720
342731
262917
330320
145915
332678
258195
404095
248868
393756
349469
246456
135225
333431
360395
219734
241853
279528
431005
443923
288398
299388
254156
449584
150230
207288
395689
335795
290368
393044
262490
450688
205707
455494
302114
137422
392254
237849
413922
397273
434220
356241
166352
428952
188304
378437
380794
180870
119462
213114
443419
367189
134219
214184
401467
427947
169766
239462
168641
405580
399220
325445
280194
378290
417062
398596
330623
104917
215550
419633
352989
321611
151392
342903
370843
338648
399900
193344
169594
291924
191750
273182
290435
440169
282016
279190
336976
297890
402693
285481
246903
126911
361518
217393
387563
166399
239717
360242
410064
195709
247634
196142
103845
110077
249170
315172
176555
132603
441551
358310
404654
358928
258256
332102
377558
287392
131400
157072
239484
130675
193345
109066
156011
291153
131910
296426
153489
352152
434961
358947
147467
337106
354291
111266
213139
216596
318494
223672
228138
452111
431331
452509
356907
248076
351143
314273
430382
195395
184055
283119
251384
360936
153752
427271
244369
120070
374604
264717
255507
268745
240228
119359
319899
376843
396552
347457
364102
340727
180309
355597
412394
409865
259447
245803
239548
285827
191234
214142
430291
268680
351980
217979
130112
214442
219857
410283
247520
398802
327762
234202
454756
134723
361450
235671
195150
366785
219927
321891
102376
167221
363294
114177
103819
234551
156244
446463
216772
379705
204896
225525
247947
443388
244578
100641
436120
424052
247679
332158
361882
125623
227219
443725
259930
309482
391405
257642
138750
240193
340119
313680
254723
323752
182416
227658
228693
242089
345678
169776
341540
186111
292944
341468
100672
328226
286843
126847
342031
270217
441397
316503
302821
363975
336998
380745
268932
151470
105467
188072
162402
314115
392996
375105
148735
236416
338514
312027
144212
201986
422744
209447
403785
273536
337709
346175
104121
155219
356107
398270
402237
228675
319180
297763
362608
275359
298069
363198
389017
254166
437766
157330
300674
120801
296542
122424
435295
103702
392601
260953
362013
180142
328921
194664
160340
447289
181648
232062
207535
117517
331865
283038
217233
404868
146222
114530
170874
321228
364565
230601
107011
138774
284685
311537
108705
454580
181920
152104
440326
147401
115750
301928
384402
102813
341177
448325
282299
402403
379468
143228
321346
286649
261657
188925
360665
453742
441661
160627
348678
260107
162956
166168
158974
197402
289483
369344
451339
234585
150001
325122
258122
151503
263107
198339
202887
251668
209257
291278
344530
140509
385626
294846
229513
151999
152664
406635
260466
122433
290131
344349
282743
302439
445260
437126
414564
277886
141922
347528
114340
344309
169404
253186
232188
263327
378804
352621
269094
343493
325435
334536
424794
103296
345993
158076
283009
452716
172439
350413
225929
441669
413843
443575
417021
100713
140583
407009
225587
291913
368039
140695
342905
435613
147330
195331
280809
249185
144471
365509
243356
389327
184443
449384
165051
189705
415970
238647
390293
263704
376276
175782
309254
443382
324196
239464
185457
302189
399866
201871
317802
372979
391728
352331
426371
335046
374544
148246
299221
346435
348514
237801
181531
203597
401352
262938
419066
299262
340303
351384
177737
249815
371879
381297
324543
453812
434071
322392
300010
314759
405137
366047
116520
408587
176195
379460
232619
240260
437910
296849
447073
211904
108909
140822
108648
157758
348532
187166
191000
300765
201695
148648
408210
404840
387119
397349
102170
272166
371990
388363
220871
100650
226305
250945
288796
264064
210455
117024
225703
385157
166531
256354
207472
115236
193038
439771
354664
335702
138206
225204
229131
209917
362204
251854
449028
403443
233229
358356
203765
417287
142219
307331
305012
343089
449943
411181
426862
151059
361240
334046
365561
380792
203974
312748
238920
455130
416979
183012
430809
308571
223308
268111
302234
318966
157576
384996
140282
449613
323091
120505
165416
353473
220290
433400
141155
183174
337040
327034
129255
439397
394055
270114
433768
369928
344631
258217
190045
347024
434741
197195
116270
252974
448929
150921
347518
343112
425452
143931
413643
104971
172676
151461
180114
389865
100540
370104
307108
336129
117143
409753
346152
413952
412499
151816
339671
123130
448568
338120
430511
398961
414592
357714
170715
142147
313928
389583
375960
106546
376362
276214
227611
108886
116937
124156
360849
330663
119625
164690
353714
450656
329619
261300
444392
152059
234015
285511
188300
205734
165015
281774
275714
378951
280292
452676
132480
333377
389033
400748
238891
286391
185476
299881
421052
114417
166636
441111
428064
331047
219660
265230
108413
230051
281809
361502
143745
228953
282669
287581
295127
109621
268727
371184
223578
254847
182249
111864
310652
219462
330331
116793
146498
280858
299918
418288
444560
337578
203164
343433
221085
454712
257368
258572
415427
354535
297032
106274
311076
450645
316345
134707
452635
334683
305329
412081
321361
141935
319687
424522
180436
265302
268033
318781
358975
395106
146339
384961
293129
213801
257939
443026
182466
308305
185797
300980
131924
338734
307501
391480
217869
233916
330538
242901
450703
400232
409107
341200
103342
290007
155028
186744
287918
143439
351590
119358
438945
413883
155795
192378
173921
341153
167445
145620
398568
146766
209044
228286
277469
234435
219116
410285
408821
369550
360854
198933
274921
268905
225687
242850
326198
330992
270452
297388
127654
107138
286932
239126
399980
123042
329977
349892
188597
151932
327824
281466
334944
359528
253821
428737
126272
302567
443848
174704
212997
278923
313211
267311
414311
171091
410192
212671
114231
347332
346568
290516
384818
175683
115496
219698
264200
320588
114742
109968
113660
337695
138832
205282
344661
132517
328987
173733
202535
426428
378608
259024
125951
221108
380863
130913
321781
383665
365204
311794
148852
329672
322010
135291
335392
161220
426588
316857
308035
125096
407515
419598
418264
432275
356018
349282
142860
386274
421907
390978
313757
121634
325324
344302
392507
440784
192025
146845
317450
316144
386419
177608
272182
180043
252118
319745
317101
420391
300283
113166
252008
354767
387101
406222
263577
335798
122659
361748
213484
391212
224071
100806
381944
354378
227895
335960
391054
444938
141308
273411
453712
143519
327658
342445
434971
183344
289934
373056
332772
236193
159521
219334
276504
170763
150823
171588
385583
264959
152042
182440
212336
282568
126057
165598
395051
278329
197617
383210
131440
151618
130142
392582
149658
426025
445000
339261
208037
361375
204462
335150
306382
290256
272125
106036
175046
188325
308959
433048
395033
246249
212823
215634
283524
421325
107512
414083
233318
234047
448178
411283
144283
423555
410294
216612
295825
141242
403489
339059
313357
244885
247177
447723
129250
392308
394864
254787
379615
200513
303933
354657
298248
272929
361840
443000
105775
135118
119150
172112
380073
404921
272258
247666
278264
205145
175527
307189
307257
169637
383245
294196
169445
214508
227492
304574
234292
237833
157716
130782
393213
361215
360740
275635
299481
176024
134308
276314
173404
130821
269527
371220
456248
313894
170805
304522
337249
350217
292960
133886
443287
274617
353644
164923
392282
199386
151216
403509
151838
103091
116843
425174
281180
102965
339665
207131
449807
281410
416281
403756
241420
250191
398511
140065
343766
251415
170815
148854
116770
405705
118516
131517
215997
281673
356973
213730
443140
400903
234432
400766
321925
155222
165030
309939
174723
384813
252662
384084
342193
236080
422085
407505
220055
455189
136031
205427
140419
433652
207947
115767
296965
253599
230726
218627
212113
439859
358702
302445
360473
326178
348224
113517
267604
306546
156250
180016
375298
187767
148431
228361
405356
268468
329616
130184
203005
178002
248137
385542
176552
365588
419383
166391
186087
351499
243081
287740
417046
421611
299015
262367
306271
104558
134645
320569
133157
119773
370960
441280
322844
175557
323886
360042
248656
250694
219780
275322
388470
299037
441053
175569
257501
248130
452341
199073
409019
244065
210352
364533
211585
410850
185091
259729
352132
173105
266593
377593
167862
307858
282907
374833
264352
427913
121976
426942
400126
244757
104000
287007
280257
434749
268894
365737
231806
180538
387209
397041
206513
281801
297589
173536
109827
431628
248383
154289
353244
110119
167966
117655
217440
372733
291314
262876
451603
360513
134612
153515
103667
347017
178964
305802
396962
102928
161384
445981
277969
433242
276115
367366
156461
186966
301383
431760
179068
435689
259945
383739
342032
147868
281263
376269
395263
226858
316569
186207
166666
326511
390954
417705
221866
122466
243984
359942
453187
420680
195325
330009
211385
276381
106467
202369
421628
183504
427923
124891
312090
189835
169153
142418
274752
273589
159057
321904
155044
263859
130173
164661
413307
252485
212924
257537
420211
273291
295731
143000
409745
311591
403072
100485
353118
450485
177130
386781
311271
262089
193957
144792
340777
130654
224308
335004
121998
398906
147706
216446
183106
283363
145973
337174
136387
175733
298909
327209
388728
333676
415160
167479
267790
112396
308259
283915
209441
291329
203882
212719
367723
183303
202723
126279
141932
264672
102464
227608
120435
159926
208560
409783
294508
336113
160136
275381
215720
301615
133113
237410
343709
213950
214532
142555
408026
273268
119097
238319
356401
250672
390404
428122
201921
274342
261053
138708
174545
193540
404729
357987
396570
106126
400406
351429
288325
219489
414100
313115
389546
382044
378315
111876
341694
272548
171691
189934
311925
193885
127282
202525
318633
397379
119345
276017
335269
388725
144059
406145
213512
375423
430414
330955
132332
192784
177471
239927
134057
364724
224883
412743
121082
373440
305781
258376
380195
450082
215773
142878
331746
200316
440623
213010
214519
372057
367456
342775
390124
430760
100839
189124
309893
138241
322861
154915
396870
244492
363988
181125
137926
158727
245380
245644
340336
227373
407507
250871
189804
114967
308431
423657
138147
359606
147692
437325
241731
227464
434136
244311
105555
353889
397828
111766
410590
247329
430842
282977
157194
393575
225292
101147
148165
381529
359358
405590
446397
301964
454949
153191
366966
191335
335186
380549
108903
434708
192961
255626
333074
433209
159784
248519
405017
244370
338825
307965
289230
178966
240764
317024
440881
380777
199069
415528
147149
234884
282931
166656
414744
295184
385044
304342
455038
315863
443540
443066
363628
258289
174643
103826
382026
275547
240225
335897
329597
426765
131121
249371
214458
350780
284125
307719
424991
248842
441411
333783
201103
149024
422125
109351
344914
298616
420452
359342
148537
238460
359595
274403
313621
414602
335813
350934
320685
169740
140405
346299
348736
232166
242814
283324
131874
298505
211766
420047
285573
335862
406894
273120
100072
121324
383185
104484
201118
224764
388450
409684
187380
259796
117137
165396
354375
281758
332372
332137
209240
412646
331739
282031
229543
217631
418507
185791
218931
214040
292830
413120
231934
305724
194896
350826
289677
263375
370359
449709
383735
209552
227098
362275
346866
179971
305310
355890
151512
384578
111145
277623
143374
272155
211014
414318
437804
312988
133240
301328
301752
201367
225738
224078
104022
386024
219146
117244
439670
226524
300659
141558
228743
451267
232136
159084
194309
267947
220135
355555
424225
214704
336977
304405
297643
183183
224048
226448
418297
144998
212794
166943
270806
207424
354641
140598
107663
308682
130792
286659
312372
313977
316374
298979
439161
218283
287132
140082
157436
365864
375492
240586
265534
368951
223443
381276
278890
348433
168605
120751
239730
277493
264150
172378
168762
258069
209945
427117
282185
202516
207751
455492
140064
130300
164913
346605
363685
296414
109717
317752
112273
377405
378391
283126
283134
248995
310133
153320
174845
324833
196324
328961
166695
253518
123387
273306
403168
316706
147119
311489
180006
371230
272988
452863
119137
231246
273351
298846
347522
166696
320097
412037
144964
212510
102688
288050
255385
299170
285766
334038
328609
101405
114305
372141
240550
154119
395414
440971
107704
444320
354670
322191
248960
193294
430633
227513
141378
169579
341812
430715
368175
372948
357538
100047
246186
290178
435476
190570
209724
170964
147612
200683
321072
321603
135265
347041
176906
385427
154231
437835
322535
292889
248198
311179
160183
147204
390863
398271
224452
215330
326162
171053
162355
234212
206858
335390
292444
116742
444176
168050
130912
112481
200272
107568
129110
109225
399354
186313
173014
186678
355918
307454
306772
111557
200634
152378
119141
157165
222454
425594
148767
389369
319678
449589
447928
282729
202375
156780
313268
176239
376471
254158
408931
160130
145688
419133
395309
339702
266612
229518
378394
210160
347778
351255
156812
209024
372505
300672
265401
442749
376864
199064
353741
379926
382929
142664
439292
214112
442289
120224
441433
272876
250079
142214
247482
430267
299055
146903
195464
172692
322304
177638
425303
260445
107538
267695
266318
416521
224448
312408
156788
238819
177837
190278
219015
243450
110485
405007
281883
171731
230183
150710
352730
287119
398052
213416
424954
103121
205767
360702
109436
384944
234181
410835
154734
124839
298526
298127
233878
100785
117630
279168
185494
290310
252202
452146
135907
202458
276392
112547
301737
152718
308967
230800
100631
140540
455241
368946
435063
248233
226017
208284
117029
343213
417720
277644
410205
271030
218213
396805
258007
126416
245276
326932
281878
222864
254803
357123
343208
205958
320409
324137
369765
197554
396592
309300
229069
173901
194063
154022
354263
299108
228145
141828
431370
155157
318679
224104
356748
355156
347645
153389
292576
200789
347160
245546
448614
249351
137566
242511
384445
335629
397602
140667
435483
411875
103917
429728
400150
110186
434474
260342
333742
120849
426894
154652
119482
142151
206729
415858
108735
235008
420923
405975
135298
159189
452471
160540
236500
382477
199152
321878
315293
128036
267914
183482
434163
277643
358717
192171
445067
248178
184798
450918
133103
440369
354883
258072
320261
360487
370458
372974
240961
350557
238491
205330
435404
381808
146900
305930
417678
217058
322077
113051
181907
109815
307740
194840
221609
301635
411174
354268
249905
183031
203225
164798
141804
280136
309387
311141
403910
377040
453327
387150
329190
346065
250402
182767
340190
245153
262694
413530
213894
194767
216136
171667
167853
263663
282325
297057
348708
276760
135377
342854
309838
428803
379393
306636
148614
325984
319032
416331
417786
300671
169452
183202
281274
348609
316637
252045
352956
223424
231960
306736
399852
129756
304753
133489
308196
426019
381673
371601
440362
450084
348729
309068
428568
378088
176725
246981
286808
106838
404805
248002
261526
383254
425264
257029
422430
383662
406412
261522
384928
205033
264832
332461
270067
168584
295945
202886
164268
375633
290679
210987
311315
179144
406385
262808
120722
271831
233139
328939
194807
333948
294564
175693
187458
442141
258730
331183
393731
192893
270086
364716
316707
450642
286134
162073
260846
148683
159012
229061
123233
434308
342776
283907
437286
198913
139157
366663
200687
424409
349164
161979
297140
357312
337385
102114
271360
230175
232229
236007
151477
455445
223509
281493
423176
204188
121404
121015
381906
379686
210161
135882
391730
333367
437047
351578
451020
244667
270468
427584
430347
123355
338538
393066
350306
276312
379207
377570
187459
290464
119793
205511
418882
221454
407171
115888
159194
153765
318908
218576
383834
203003
437287
242905
297861
285138
265015
140609
244665
401475
387417
378216
156936
404264
271383
439855
177383
399390
370734
150971
369097
117364
408023
378998
296949
368363
157692
349548
345464
294704
352394
302287
448950
409810
332702
187148
442344
269796
322537
314456
416749
220801
352491
267957
330630
419624
415777
394475
447038
307098
369773
133694
445751
341877
222582
355600
453393
406375
249939
196473
209716
389289
222092
330648
117727
438702
328652
318677
142794
236963
331994
430965
383609
318079
260275
377503
149789
318279
181506
288723
203086
137108
163059
373241
291173
435399
430670
341528
303897
152010
180327
389482
104751
202502
284383
351591
301654
205109
245606
202714
326632
444205
439656
173879
207113
418255
406983
123557
193533
407616
207070
446176
133497
435794
210266
415025
123963
163791
174193
332350
409998
440323
419135
425868
322588
117370
414384
173597
220145
264403
359499
112426
139863
190261
134333
120663
269831
295766
355542
283002
150665
232007
403106
142777
341908
291288
224376
439388
113981
344780
133432
213226
153025
427030
169397
391004
101723
318444
287759
394698
236633
367565
272412
266575
237856
368433
218966
225539
256451
155205
190768
147699
274609
323519
148220
239991
192380
204794
206749
180276
262543
286306
132437
105016
413728
407190
427374
173704
367583
222146
314993
417531
170490
439877
241807
124862
209382
358950
184535
414611
283738
187347
329181
305700
102235
263123
312622
136283
307966
294299
168002
442132
377667
381445
214443
298944
244541
201913
114941
316905
376477
227638
317441
414283
418930
101178
355176
112607
301683
164443
307803
397438
186312
326952
287367
100948
333213
280093
321310
354831
335239
192234
157190
327040
311940
152689
165390
352165
121803
111966
381012
436678
238264
352005
169849
265470
138572
388766
330961
426337
283984
374152
251641
359425
189825
231058
223278
194316
152065
311096
148719
358620
222407
210611
294536
293776
233334
341514
364097
355461
435347
405948
247605
142457
183569
102824
439560
156307
109047
152485
386512
150634
228650
420760
188430
180789
427538
433172
202143
441012
358795
245954
120095
281031
126228
412018
134303
327691
126854
200308
229208
307825
404960
122729
197610
256274
142965
333099
363652
209092
179633
115731
220045
313877
395659
415802
120756
207781
221385
397887
258001
298999
325734
154245
260023
403140
105683
227142
124120
331435
225751
300718
128432
221324
125258
335548
299995
332117
297779
214718
209799
169957
389658
443641
148546
217691
448736
287134
378792
405457
147654
450804
226631
185567
334065
262383
253916
187687
386624
197391
428449
443955
450066
225918
212406
277926
390570
316301
432861
114903
366087
208042
295849
324266
399685
369533
113756
273783
350545
276630
237472
405837
272712
404880
305357
242732
178556
341568
401198
106994
230758
215045
342582
401939
335225
162358
281286
299971
292782
166144
198198
355132
202346
425113
144037
252132
283358
406104
103380
266067
195549
121092
256246
389328
193728
381442
316581
421509
177905
338728
117883
403069
203046
194024
417475
259276
108651
334562
261072
354521
271619
369794
173696
218404
395254
272356
252712
210214
395739
146667
152408
171654
192442
217534
334449
415159
229978
119530
129953
440020
172819
250129
255083
354939
107443
252315
286744
337352
380327
190423
394555
243177
116003
107015
268992
426077
393429
418409
159970
145115
236845
175285
364269
427096
209327
306164
325804
199319
217840
182138
353520
336785
213977
158725
136396
241668
370661
148973
416120
392176
213260
454709
446281
333983
400737
132347
328787
293766
383346
111448
263152
247863
342095
119621
450318
173810
292434
428528
130326
111159
319390
326429
235531
398441
268172
258481
437031
416194
259333
243749
158994
174217
411806
174553
343617
268969
358423
257857
297075
167195
330842
140445
352838
423532
356496
323177
427541
258438
109344
243522
449904
253777
383742
225619
337809
368521
129186
165110
329563
309689
147445
317907
151771
126645
221970
270166
165088
211066
197031
296512
145501
183748
218621
179495
198313
158373
446828
281722
359171
269374
169799
427491
125173
184369
186251
190796
121461
304461
101629
319019
390362
253764
116059
400156
349525
166156
137190
144289
206231
392350
449377
442918
160768
428400
167376
235875
236669
359640
216910
272484
207245
252095
333437
317881
143751
133458
388304
269584
344759
100816
308205
204798
371974
300935
382988
389040
212840
337956
194167
370759
255547
292985
256027
176048
117357
156798
380284
445461
239459
282683
242405
238588
421133
352014
247618
195619
230650
225814
277897
125061
446037
134759
406995
140183
122345
373849
329022
350148
378536
143129
395855
107364
267395
423316
151274
289552
155391
250695
153278
412400
393895
327328
438710
144063
238876
366091
257305
104041
199612
104844
408415
108046
418786
345735
166281
130128
218905
417337
213491
414789
336106
445885
292835
217134
190866
296368
355642
280289
282279
177287
286551
171647
396118
326906
164280
359614
205685
427018
162639
211433
136527
247874
452423
337264
243360
439856
265140
170740
351582
186525
389463
264075
293245
315933
395287
311291
451819
299735
229173
284659
327827
418162
447308
201603
375922
157834
232639
222969
211382
314835
423443
377684
430560
183881
136410
395312
349721
282012
127724
214066
401606
157916
398664
344385
230719
115730
186343
428439
219063
386100
102856
257863
430555
419981
173272
128814
365344
103214
181438
191439
150225
310382
327128
357198
354700
418370
164670
343043
195605
380772
384767
122779
416244
298076
205893
310520
297674
439732
139546
189280
151241
295770
430991
443779
137759
149786
346758
137230
248748
362846
396917
425296
113589
274011
190518
436149
322378
438965
326348
177671
294304
347933
223674
170965
442394
418923
127555
171935
405733
149103
261209
403867
153813
334225
388774
143939
223359
358286
167599
363637
133323
368414
445727
163400
247426
117997
118580
376711
313458
404635
198868
346872
103672
292754
453058
218998
380593
179001
113637
438396
271089
142642
428183
187770
117832
228989
118496
210668
339711
214766
172085
268366
206978
107119
441837
157514
421852
307213
113468
157796
397296
173527
388489
170110
277888
283527
197316
448311
380875
448406
273634
259527
253406
235562
219298
400590
354040
444871
211716
447734
362834
435160
179995
289417
445857
418023
206683
396533
275020
310232
242912
226840
168064
163679
307467
178051
309599
264279
172889
105077
432166
299128
316506
191294
273489
237579
283529
297522
311666
303819
341104
279527
327168
392983
150912
185922
232803
295916
365994
157473
454952
255736
177510
239426
357282
305624
229973
223705
334267
193812
259177
303327
140951
161582
347378
223514
144219
210213
357821
444960
357055
328952
215833
449678
144737
117975
136020
169983
173183
392745
358592
167514
145712
251924
366184
299181
420766
332690
180029
420005
234274
334215
374262
266898
164897
410854
338979
262445
243021
382341
237073
338756
356488
443511
123378
141825
255209
422282
427445
284092
309115
401889
280114
268448
289834
211230
309927
140640
270680
126505
209975
179084
376050
263049
314284
418442
188945
318757
194056
292529
421723
455611
401793
327411
265647
398633
249198
135403
100896
181982
144911
440638
119969
448440
295353
276030
104073
136143
374560
243230
430793
340773
254146
251545
333419
246769
201799
234803
385292
153997
387857
285722
155354
318994
194397
169042
246291
191512
139815
315729
322713
400859
145894
136321
192169
388427
298694
338408
305599
217476
431247
388694
288107
159974
178839
186619
136930
263017
155521
292088
149233
208513
372583
262905
193762
214979
218340
344774
185179
203717
403226
231275
289077
158199
273760
280196
142035
219869
403235
284850
325459
397982
340271
247687
263485
389624
428986
312001
324909
398436
107836
446384
224285
257649
383521
193062
421247
434966
418855
199587
147860
400060
103205
149227
282736
444458
265347
114399
440622
450967
239805
329457
444615
321218
162869
352130
228692
259243
237507
161074
252243
111868
102025
251605
274538
272502
302100
260667
165384
111497
225084
439176
423264
109940
314628
160002
157158
406088
332441
309767
440114
301318
167967
441152
281129
254419
263589
220350
373441
362737
187810
260763
146309
382242
388966
212549
386993
130168
330315
407035
268219
134487
318163
415883
153370
261401
450901
388752
210920
359653
162233
347040
329151
315368
232387
385318
334079
175510
447932
182205
358146
247437
442558
227190
204994
217902
301464
283378
405766
323445
290488
439032
129290
139197
249914
338001
410769
419990
243374
361773
257009
303822
358333
431922
152634
377446
102172
189171
329208
183462
351238
255298
381787
203766
346133
148146
117748
330656
354223
160176
408293
160801
387645
216545
297723
167678
361564
421154
401687
179024
111495
434320
378280
251380
237483
335161
209112
316846
160791
394337
188478
179078
441703
367484
312999
254492
126003
399847
275894
208234
269826
447893
391420
122282
343665
153959
220174
223162
125086
265313
425481
219655
428170
426183
104886
383614
253129
427872
328978
332355
331867
241112
300668
162963
344012
221101
282227
221761
285192
167130
422847
127823
245398
332151
418547
443822
172095
133433
296403
237145
201905
322474
209290
109286
246860
433636
269353
390331
212006
337198
418323
156806
159900
101559
193235
230405
354392
199137
180145
166200
116042
327237
207618
431360
385734
389570
239421
152275
251718
321331
366074
110650
120845
428718
332811
130152
241664
118500
387605
377417
175462
432447
178176
364644
133677
442462
346868
386611
378488
311234
354008
107421
335376
234164
404944
197531
377497
195490
449544
393872
134931
414938
232195
384393
300591
313033
274697
176758
373301
435969
296437
305567
429357
411987
448852
321844
382382
190700
449182
425663
378550
118996
138994
190093
415908
119355
141533
405131
222131
324279
320250
406799
406091
452150
393468
274901
267832
207552
417616
271178
107909
449451
421526
370742
449123
117569
257998
355926
431814
378552
203572
224724
226333
349823
343711
444695
217767
201213
268022
223322
319617
377348
394737
455198
357747
381315
424460
448402
133849
215014
210290
338886
342764
121776
423559
235970
437346
341649
336742
407571
204769
139695
422746
309148
183445
319492
439358
429843
228027
331701
161397
155657
416208
268968
380072
281670
111765
407092
376931
289963
377359
174646
256309
196699
280186
391238
156206
110216
393193
347222
106734
423220
199752
443944
248175
270445
112776
230993
371203
440476
281982
426591
367028
327205
332438
267634
300654
163542
205389
437296
391173
279993
319991
211397
226630
359874
435032
225243
425659
376942
311374
287941
355051
105917
139275
338155
337252
354015
255869
327918
365752
166465
415129
182451
227094
186033
141719
144338
410764
248566
347961
142519
269350
441818
399204
247886
344170
294958
322899
226530
166795
337265
144741
133621
264406
281492
140137
281221
351708
297661
244224
454048
157087
429495
191999
388123
103422
313745
106613
305868
178191
132233
442813
194530
417129
280780
271719
389442
306947
162805
370712
414950
404898
288779
361219
366807
362481
325077
222443
151757
228073
223733
263111
270702
237757
273733
231354
307894
409361
452035
434567
424064
150515
383377
228626
146933
236786
310250
275222
415320
245685
244375
171595
229407
197367
145113
360748
215338
389525
345590
114426
290749
290118
234176
336275
153331
445009
202279
315789
157464
350672
103052
430145
137387
436218
358417
218822
399060
320804
281833
323021
167798
304168
448640
304343
380539
328247
278060
190433
440671
193451
265033
204613
337610
286874
225617
394714
341929
365691
145572
234584
231538
199523
417652
444979
310668
338657
101175
184411
112559
236664
223139
236882
324259
428175
276665
385372
173248
434958
151298
245390
288949
348566
362423
224338
255850
186105
178127
319479
151087
413902
188535
199084
343964
183809
451093
418175
439347
137666
345496
116243
259646
236782
262977
233822
115179
317832
213138
289779
343982
225979
386801
196796
310370
427811
331754
272922
363832
154940
159436
339428
403425
111160
145895
441905
437859
397274
305441
245425
320911
106219
358783
238870
382713
449819
347113
283902
141651
290962
103346
151645
344058
158463
158656
164397
110779
200727
455422
150647
400021
147090
346907
355532
431798
203824
284052
433753
249299
403477
322548
124983
269793
424637
186344
179786
162538
386941
133162
136308
451137
381630
112623
420095
189093
152894
426508
204688
208239
322613
350024
363586
235534
251561
265838
194524
208326
229932
235951
138795
448166
174378
172167
303614
115961
388112
180094
263267
447790
201740
165757
286232
248520
280139
334563
175887
259949
121410
423011
218037
217485
431855
434992
133488
136469
198576
454266
398899
130341
373078
161211
179999
180704
170635
344638
369892
209173
200402
240460
353524
455049
314045
397264
147819
335737
165570
394193
172103
301624
330512
252241
432245
219419
109023
287612
141258
226282
254999
307069
169366
416561
405420
210236
291043
452254
454445
101340
361820
206450
178813
415029
332305
209948
135925
164278
292299
101165
450528
410649
205249
418802
112202
307088
272920
270321
171246
291358
164492
208020
114732
100840
182395
432393
249210
179891
177377
438274
280336
146519
287663
435725
193242
247252
336655
209870
212202
365571
301525
428795
377130
210823
216500
166951
434367
424844
155878
394189
280165
125832
350126
389379
132803
253304
330031
372497
239405
125786
149527
445702
282386
184678
448520
350186
295640
320266
440829
121070
127963
143323
257673
134925
249383
365155
426374
178169
353969
214466
252535
309424
186941
411642
166313
327705
203718
447368
273515
222812
260838
191321
404077
353762
428362
178528
360691
405155
343392
391093
366392
293296
214238
381973
283795
224814
146371
303093
120920
217515
333479
441130
154773
351105
337536
280006
419074
223146
162825
207829
372517
315183
306975
132429
134570
132407
446927
146694
392811
438057
345415
161120
336423
210580
285121
370118
390169
272109
290777
291438
404199
148923
208938
257870
201039
445894
304956
102839
352999
213944
255289
291459
290771
214479
112518
407447
316203
236930
405086
352848
132398
219020
226431
371940
415515
379053
329731
321789
211615
147818
122995
193069
338565
366823
185741
434827
246942
388135
439456
207984
167741
380641
177413
186839
214164
156800
399335
297628
130247
317617
248064
149885
168286
358957
396879
350935
455405
332518
125171
326126
264914
292290
359108
344484
397430
391659
318680
217682
403899
260354
333697
173806
230305
105889
455039
239129
202202
106120
361634
341581
313310
381528
139800
305470
213539
427696
314224
235529
444252
193834
272899
117319
126181
308764
280914
179487
369708
264281
293007
390046
230524
187298
395722
107612
230373
344478
257917
115492
202140
455666
123270
319588
150619
199191
332767
312967
307531
334969
276740
227620
434072
302869
357184
219356
336046
409902
179671
260594
380897
181895
136510
175036
288191
430692
118263
310257
130877
136727
203757
131961
391140
390557
124293
252090
222118
271176
395394
164118
149012
362186
260121
447778
342572
184104
276720
231372
434769
210984
168765
421406
113570
260903
337816
105079
414753
285178
339118
287411
111238
300946
242578
232286
187390
391688
421634
438139
328248
103094
214978
209215
277452
259298
307062
142805
285673
426997
217929
195393
453811
329089
240952
338410
402412
371653
241755
396052
275535
284066
250794
365019
338102
384833
183323
391307
147707
422461
395113
291535
145305
148284
315720
266741
240978
212046
425422
445209
377545
319878
241238
429646
336224
154961
100209
208824
356146
165402
118695
123050
352484
305200
297617
378750
178438
450968
118327
214075
393768
256324
326058
295231
422975
163641
400723
366075
225163
300735
362624
220844
235879
327818
312993
121306
415105
292636
394441
374198
321001
149697
156751
361895
425171
109751
159085
308159
212971
177321
223012
236699
389320
150716
273335
355111
442606
247561
143987
201843
106244
182400
356017
238466
285126
423667
333635
108890
122843
228926
440710
128264
219782
151081
267731
430209
347412
115950
128351
176612
185239
400793
141098
409681
413105
218719
135471
409740
206259
134731
259813
127004
278970
255758
220662
396951
253815
265394
436405
127220
214782
441444
240828
125023
320596
221772
338600
157494
203967
157161
299353
313903
105797
188870
383095
292450
303349
298646
150428
447400
171687
205794
143514
323001
216106
262109
276955
132235
175207
425040
306136
394286
261118
380995
154293
403131
451857
276559
170287
303282
182203
292597
447541
212821
413556
439933
164926
452167
415512
279356
211160
210804
271306
423389
199346
345135
285026
436466
102612
345967
235383
421403
138989
198468
212992
440045
308848
297834
276970
325408
118665
412040
451232
381146
175273
330302
389336
394624
377579
210499
159822
205319
196036
233913
423229
377128
293945
134436
439369
214243
197804
299596
304616
413245
120530
180977
360276
272001
135767
389166
233693
102365
368651
108603
342376
169106
433887
401219
132995
211459
311042
413285
161244
412358
356292
165213
239565
175728
161594
130576
200843
189220
287094
403898
212125
292661
363565
223118
184132
353742
165745
259942
214343
213908
339298
232408
381134
329225
109157
264155
196297
161142
128497
431041
313687
313777
216657
156424
168019
322520
160518
174432
113817
288985
348309
314540
167927
182520
182785
208490
347767
147912
170097
417818
265769
224522
404627
203203
203209
410692
309329
276176
338826
297969
147265
131903
390232
201186
265133
344703
295136
256211
394011
248091
289818
452433
152790
399269
337621
415830
257217
356124
106884
107055
177049
108472
181089
191533
334134
205925
329593
360519
411694
346698
181698
285244
343347
383235
156443
358281
129401
295036
288948
202243
246756
397363
279125
242190
366854
170667
127254
262583
443087
213161
335147
275490
135794
405601
454616
165992
420782
103986
377438
244282
115911
331601
191408
428100
337670
352594
383388
216194
293338
381640
252154
199769
422335
253017
197642
409652
211849
418148
422061
175299
197204
401293
120507
308710
110823
367934
259907
127769
254645
435642
148356
269802
178031
238063
334921
281856
205213
185906
136313
125070
128648
107195
369303
180232
209542
409053
415577
152211
324905
157691
343468
376400
310922
290421
397535
118793
385723
146403
236001
146917
129582
309087
358089
386692
349475
341669
113579
446357
265004
291694
121487
413567
446043
343994
375253
315845
146438
231147
421022
320906
370006
115292
434956
187607
435871
398722
221512
353571
191629
404890
165798
435640
333707
173566
396554
183623
415597
452437
433013
291692
404877
190506
317217
238730
248331
313643
312125
154255
416137
405803
103937
203595
216432
265116
414476
343642
190636
276490
183121
295324
156442
310508
454550
372536
337351
345333
425499
355526
141185
395204
317505
333806
234715
388828
214846
238033
167125
448519
393412
196833
201510
191339
435452
187293
404487
415662
129567
378665
331504
366371
285025
201132
292720
417344
149743
331732
369575
245789
330804
198065
200498
357147
320893
102994
132258
452976
350328
335101
132516
429213
139719
194629
161433
436544
385627
340030
407628
161426
294259
212774
374871
313732
250519
305814
324813
426845
391962
244042
304246
226461
444464
121121
111805
194287
228140
350804
188960
212186
106992
438262
383141
414554
292770
402699
299042
321561
246342
139524
447602
328073
174228
409682
357723
217234
331771
198374
365535
135442
264402
348436
436569
444547
140399
349583
353547
382030
357541
251880
234424
127051
206746
327285
403381
220105
334147
121509
448663
145644
154214
223762
261518
296141
290996
117094
194381
162089
105997
420650
336471
449252
297866
357359
339423
411477
128533
126491
115994
368812
205248
119887
440108
201370
211978
146322
224399
317153
110168
396499
345169
283377
143196
385226
448679
119889
155395
431978
133792
252629
320051
414461
137706
249164
364929
407747
246973
378686
318566
159017
299124
393383
310541
308564
403260
268617
312532
376066
162220
347580
217752
367782
217279
377824
256467
384336
417099
227922
139118
454759
334820
198498
265192
196001
136937
385636
187774
367718
297137
445673
349900
412271
138115
186385
413471
323534
237886
253208
177609
251514
373939
331680
394913
241673
115024
332773
302208
256453
426140
297293
233956
194941
294908
422881
109907
310242
104329
268991
264956
297838
255926
410036
397367
261581
227863
281454
436614
105586
157155
435028
367054
218875
388341
170079
225385
129608
306505
409304
201245
327395
221909
435993
221810
315872
186051
114423
122986
252827
358290
227102
440577
217813
448535
175017
107707
184314
114303
198464
266392
393261
208764
122940
299747
368698
247094
202675
304920
278241
429671
298255
452781
313677
453263
301527
375495
130763
366372
178205
381599
411705
306334
159846
226273
348743
304893
303238
198763
162954
291826
411810
380902
125731
149732
343249
128576
286886
237045
367284
166342
328495
272335
287668
419350
454068
373527
190491
374313
415773
256335
292577
190594
396400
142129
403314
121927
227283
254677
358179
161578
374763
338821
437634
124582
424696
392976
166924
157954
400173
220848
102334
319139
217817
200343
116203
347710
303444
355608
114087
342913
285118
167411
404602
418448
269364
434077
276287
363800
322627
239368
277826
381015
123298
134616
217375
176320
357657
189510
151228
157396
323048
373884
121309
234452
258596
314140
228036
199632
259470
387580
200041
346935
180905
412901
408785
135744
276512
287811
282983
420201
161916
226916
373483
329307
407967
373066
277406
147744
225860
373383
300389
175583
324030
370389
185190
286030
306106
434003
242417
422756
162168
134887
128810
414181
197020
342416
372892
227984
182733
287169
200439
263662
249741
387483
304868
131841
224054
146893
140788
293457
406910
259815
223433
161669
209415
348023
284237
124119
117415
195170
341499
374765
235593
221183
177523
300101
228478
259552
419306
312393
133089
160477
153287
323637
275722
337374
167029
192379
183415
362859
101442
120452
402731
120242
202389
233610
416350
212131
411179
133142
336072
246388
279271
388050
184373
179535
289128
233048
280117
416000
380460
171453
408829
403113
435864
227430
200158
152847
121002
282419
332044
115754
311148
138693
306273
107008
283588
425822
448049
106563
437116
452742
275113
373768
256841
192513
227177
327709
258761
140239
310015
171021
271983
328186
351471
413453
120193
281526
456069
324742
417419
282511
407888
173280
430441
139103
338630
304309
283630
257173
249193
142234
333422
261757
446874
370168
329932
426167
277030
228966
409260
204880
265686
402648
313503
351415
426791
413772
318698
442185
310621
138173
144089
382609
326286
237229
443636
430717
169700
227452
125467
199296
251867
425356
196835
161831
304209
267929
307536
260602
313616
223386
196202
434547
425465
201014
359868
102128
442980
364198
283465
160784
134623
264801
311052
399829
293783
200164
406119
437561
100832
284784
239635
180697
351822
217616
237839
401189
270427
446926
178378
423677
383495
254230
268196
340810
333234
261135
185018
343655
101432
258916
200688
206876
117453
296827
435389
447518
312614
389999
192984
102773
187395
144681
301834
370501
326406
139255
322501
218618
276107
369867
109434
109923
446020
361191
290446
406690
396170
144484
101894
328290
134156
118143
196596
158746
347971
334965
123043
320015
365669
279099
426072
168396
358759
283543
433992
424065
324478
132178
411394
178709
201460
360507
145185
243496
163545
186912
416338
145432
103005
321194
223330
354692
179082
296344
365467
230747
274010
284082
291036
249822
138000
212665
399377
131502
331002
443165
335249
261395
152149
183941
142640
153169
296685
380535
434857
384853
315322
304972
223491
391519
198087
230414
366619
176104
390150
347607
430289
346556
353152
165504
404467
340790
192621
185986
391928
302360
129086
185305
352546
379531
220103
399165
444219
137340
341731
147284
330404
137296
372478
182963
332024
129436
322849
290450
295550
242717
227684
228498
181511
354702
333691
257379
409450
152852
211952
367882
253188
225440
289486
377205
232070
135600
329359
395564
155817
350050
312145
165259
271605
344827
124660
186216
301471
156643
151277
393065
181055
257371
249356
270801
114773
386236
168904
338089
435539
318202
395088
293199
283156
360647
449125
252583
144361
176238
186406
343716
253636
173452
174996
192424
319630
191112
109028
220371
264369
206368
173778
219669
269778
408227
118199
134000
282191
257581
154542
145900
371226
224800
303942
292211
181610
165183
389811
297884
167588
303212
275079
191590
244348
384891
452624
358898
379791
264836
164940
213552
212221
428387
430050
114245
114511
416375
136463
265528
225046
433321
242003
243503
210659
119606
277497
323978
199794
204661
386015
315561
278589
309296
226758
231780
229857
288732
224835
112045
341056
101231
182827
263227
123286
239620
235304
334236
251809
417679
447590
345818
325485
347974
121753
211236
393716
125322
424554
320996
316165
446394
415259
229376
192073
412508
211389
274828
323749
319127
330638
252072
297145
265196
282748
156114
419711
275221
424120
204922
163382
450154
371756
155399
117361
260201
267683
361285
149185
235840
194317
418256
166726
269221
342071
231897
228611
281247
182973
395785
368516
379840
320327
158566
292518
366253
250822
155523
351731
316371
438145
185887
111740
204842
298941
364580
366234
356890
429561
240155
218535
107200
195319
212584
207485
447943
408992
223413
149738
381507
202505
263441
346493
187514
142804
435530
157684
196231
282103
241884
206135
151332
102527
231693
314445
342183
403470
446839
431293
156288
430426
342651
252684
341970
247827
291325
204147
410487
155408
155943
107458
453597
343411
123779
138441
265430
380201
400210
191578
244111
381860
423803
169877
342994
225096
205698
211807
164215
451125
431971
127579
266790
309066
364165
211453
329694
384597
269710
119670
169568
220123
183374
225772
137762
337341
422793
259520
442790
274133
428345
342954
166821
195797
218802
319571
103810
218263
190414
402102
387819
294357
313908
263388
240440
281859
372572
305568
363847
160829
232959
250047
159014
296947
209919
203076
299076
160693
211638
368113
143157
338450
368278
307492
136827
299178
227282
214167
425065
136468
259263
321119
126386
332051
159877
135699
264954
258542
140709
259782
323262
210244
229933
249709
450867
368988
289769
275094
197344
299131
409140
329971
450386
441169
126958
417618
299166
252861
172404
408046
252697
330159
110811
174148
196512
338344
393178
300992
217477
379906
415846
417688
171608
165836
353293
418589
259297
272930
321629
379715
101692
255582
271242
346675
156323
356235
253643
138212
387895
268980
388941
313618
379192
198481
147365
310835
240780
364073
250760
386708
418257
128929
212393
198838
192443
437069
418450
140220
235770
454219
303057
386939
372157
373655
175735
255667
109170
208680
362621
186671
181276
159231
229955
306017
293548
315383
243627
271500
350938
346999
383500
128256
123696
192422
108117
342294
365311
416334
385194
233376
230872
395877
166826
325857
138837
433978
196863
337014
386026
193348
293421
315250
169033
173124
215691
107405
178192
395162
229174
185403
270233
109511
106039
417482
389681
349949
377621
133401
367800
313407
107128
182970
100992
233996
307468
124415
224163
162990
210896
438956
155387
398945
140175
331878
356248
345956
194703
174878
157009
439025
182982
167733
246460
177898
368558
278689
133112
159438
231180
301696
176614
410050
366673
363605
317957
290829
269788
376849
194253
310820
166278
112633
342219
361530
323743
142176
326937
163279
355367
199218
116432
424076
312625
142356
210368
324174
253942
117992
277339
393661
219407
455323
338030
327243
352934
273563
454573
291479
413859
155934
305166
166669
166305
267364
455295
294985
446070
110151
222014
391124
259543
150739
171368
379384
221850
127179
272417
264643
374931
280063
410348
191989
116284
123026
187859
339239
425001
292911
160565
147293
324452
105263
229643
307576
442498
180499
275500
135125
443970
210988
288538
237137
128463
383543
352794
252222
157030
448670
340447
223842
123747
369635
117423
270093
281276
164517
252841
222030
106574
375505
143383
338062
431093
452238
257538
274540
411177
136398
137957
372216
245491
138191
414653
453815
120067
272951
452295
122943
143301
368108
248304
358978
220445
206357
102154
184930
162067
340834
320995
342488
290018
188984
310320
401374
335565
209040
122700
300818
350616
110818
229679
285693
386746
134449
351794
205586
157281
235582
307839
405783
435131
396495
271114
357417
143125
220531
445644
348906
108959
349604
321708
394455
299195
201392
206052
209477
170989
298680
201260
260724
245375
230587
210680
259035
128988
177634
429317
316839
351917
235292
366139
241345
405415
308112
325421
285113
229116
275953
237307
301621
202976
127741
332281
191208
443800
297568
416067
452415
162962
198222
404802
193353
177490
251621
236115
314893
173040
134446
269273
253132
348904
103187
290887
409549
301832
226633
126502
435145
351953
127897
228560
273794
304046
267789
308113
438562
252441
138254
224088
184113
274360
158604
221248
187561
152889
379751
379860
259875
332520
134375
347762
364018
305145
196661
193952
292427
340401
268348
395120
292628
308771
248387
162385
425331
272077
422832
283410
297738
326282
135604
191411
281474
331496
265885
343189
272189
122628
162602
152359
108877
351080
265355
205005
374115
377539
290249
275353
204260
279759
375124
202187
352873
292371
311796
375323
210003
110925
370683
322319
264723
218924
153976
274314
183528
377635
397145
117581
304434
317214
344354
444467
179428
118372
125526
302960
364919
102266
301492
120689
280503
400200
448251
451401
233571
310689
153948
173940
274483
147986
164901
108131
113768
169860
146601
136520
154799
200773
284026
304055
192745
189423
437781
255364
295577
357501
355425
347242
298589
121964
427981
162749
350927
338823
438326
212796
139919
405572
130352
183833
232101
358899
342624
257179
250174
436912
421619
454620
177129
334142
188692
281718
396491
146419
319171
203494
430245
291607
349990
134101
422464
450108
257306
171210
220795
215043
143804
197917
141321
400013
405321
216822
364881
231801
188145
271219
424456
248863
345200
440077
299164
281748
340873
151378
269209
346459
140360
240727
419299
426043
201102
131609
177513
353871
425279
232125
197127
130232
398247
239591
184410
448786
355351
110655
338125
188427
299503
413579
431290
330083
203502
351285
109094
421460
413676
293876
138071
147031
305992
363454
179677
337824
110233
418101
370948
430486
295055
297062
268323
256542
249522
235263
201469
363674
243622
406432
417968
451333
355219
164535
298731
170996
440906
442349
382442
129945
347276
428657
295121
286326
339294
204899
113560
206608
223880
381698
192709
425712
327071
174635
412197
184748
235865
142093
312599
214720
312111
190319
204966
107697
453621
341062
285517
327804
186425
184057
222561
161505
436142
430277
162184
114900
115315
354770
297221
176163
140456
348399
347604
418870
449285
159116
362378
455684
179899
301885
329485
424116
434593
233280
320934
176560
265167
391345
310712
266464
296235
182122
178834
428415
198321
421177
212633
440624
358630
161523
278943
294312
183759
148262
146454
219280
455073
318593
291606
258956
161122
132934
334496
248828
307743
190870
301738
425152
258936
143213
363489
242884
441431
304410
426472
225921
254011
284036
202003
105885
269466
324991
446523
330456
203491
378205
328296
318231
367853
448433
239409
250360
435739
276163
421794
380371
271740
422864
405597
355881
281837
342848
431565
126075
365291
130287
442517
285658
352575
144861
198550
448025
399719
265459
226419
392351
216651
408612
185115
306360
232112
262894
139188
113985
378039
353334
111449
181025
403356
333705
191867
378357
366912
369508
238902
113478
100301
126244
214370
429699
305299
327660
156060
247373
111962
450526
289068
232678
187174
308782
300448
339539
118900
145823
233208
353006
141138
216170
194847
119685
447737
151063
281768
282643
185737
277496
208751
209557
275673
287649
212375
233904
323000
220340
137810
445582
226143
294025
370092
358964
325606
178884
366801
359496
159636
357145
166430
344028
271803
401947
189915
275110
302526
146948
376983
265368
160168
314879
260195
413195
286978
393437
355027
365485
266791
308358
358452
162338
177213
424795
346861
211005
391687
395522
390367
186795
409187
188333
188237
229534
315492
360752
256591
260575
132739
376811
265366
174420
258170
341760
394495
180219
454114
225869
434660
279326
374695
301825
450367
376302
212041
433781
191706
369292
138803
130523
220299
428500
404300
320279
142869
137949
413763
208964
221571
438116
394037
170226
219700
115284
295600
327813
199159
316955
276323
430494
157591
215184
193906
193009
318192
405192
443794
128938
200142
410543
162008
173871
401018
293511
133580
376988
155430
369779
337363
195204
364215
160750
446184
340047
182721
289466
231287
199054
229866
228838
175188
128718
273438
316330
310425
247159
213948
355285
312422
399978
162231
418366
200645
282714
336065
241017
378914
363848
222444
420090
381575
353281
352121
366316
437406
157746
185291
149168
292109
290665
142528
245263
131805
196838
263884
240810
168407
270364
178562
304996
306458
380950
264355
300764
264027
340939
351381
188562
109538
288565
341442
248163
242576
156736
144619
256158
378530
304841
173889
220499
339931
152222
158585
289371
258788
439449
253003
122651
324542
282734
409544
327597
148137
228256
124209
333342
265251
155213
367431
182930
437145
198748
188886
235776
446592
416378
328996
290909
149060
396658
174776
235308
336029
284402
337117
402698
127502
340197
288253
364083
391841
364071
338664
253693
376258
301367
194052
300849
374327
318470
338911
383505
409964
426458
276554
192953
450980
274253
126769
207400
293832
280030
241892
316234
419773
238363
204205
141169
394393
412819
309458
175467
229172
118630
191457
225079
456108
398169
333883
448281
239313
141755
263469
190099
444957
204107
438865
314945
296049
308951
434539
171672
335816
400947
310819
106267
413283
192013
147896
289342
431574
384241
236785
310061
155613
191744
337962
309117
353150
302253
177512
207835
232349
282361
378922
238670
346664
379269
357873
436252
281728
227140
404913
179406
170531
155486
119603
375823
297138
376612
347547
418640
436483
427358
272295
383572
396294
167593
323798
152489
111881
385355
110939
413786
403658
453250
273494
364066
262262
291133
250289
320603
136735
371596
362615
319524
187957
450952
366066
201643
237539
304161
433586
285866
429146
356770
145584
277773
448848
365944
276985
170729
449542
153237
267158
358131
297059
355906
100432
245011
389884
328102
112630
261993
278684
272725
425484
353717
144255
132126
347567
101538
184363
110082
329194
123269
349240
115912
125292
241290
437159
259355
164407
385440
417898
326336
211917
313971
266946
312476
129473
359172
430299
441784
299282
310488
325861
251094
272756
114765
335772
116867
320215
339504
252766
140273
441881
416529
293979
423265
344338
410739
356923
293455
317025
210885
338124
199614
137647
143972
148990
389349
284736
303091
252052
258883
133086
257139
131221
358575
398133
416172
246008
445227
455681
294844
244994
107937
393657
189763
229542
443827
161293
158095
276342
132236
203657
398732
112650
176996
405284
426511
327770
265864
161294
381857
132878
429354
423390
217006
207042
393989
242184
311804
163465
240556
374072
451692
444288
188020
132824
192741
321948
105668
445311
359453
437197
253978
261015
394352
228858
452480
359443
242098
337316
301565
164371
132897
212426
254459
409281
341039
344415
389873
194542
163761
423616
454953
136266
375375
455865
409118
313771
309669
280304
274831
429723
446508
113813
330226
148649
253572
394882
171700
111281
444403
130769
282008
361965
325545
273085
226336
120675
449034
177885
237142
132596
138170
250193
259462
216419
208261
286408
415192
200251
324888
225786
313223
362698
450787
359286
118753
187187
305491
165187
302793
344872
409705
335929
184244
110704
410734
125429
387773
210774
137770
363758
210912
438507
438849
181771
407160
271096
150894
167882
406013
300180
397899
346780
306178
102083
220920
338080
107302
222851
279738
204582
239183
339889
201253
225498
163704
104418
175839
349342
420091
184271
386206
157912
338830
275277
388721
263437
182282
353436
134078
402965
304457
257287
380329
289216
322915
446141
268360
284381
350241
344005
370811
140441
336919
229811
188482
132511
203908
173431
312823
350041
316512
374403
200240
406291
358133
439864
289370
344825
224922
374873
186137
183694
115702
225768
267591
339312
157237
245799
452434
330633
359037
196979
425127
422867
283063
270174
227854
152765
202195
280761
418919
168785
161915
421149
433215
106492
418042
310605
287525
140552
438342
150195
313681
383588
430275
316732
117617
273034
291862
147683
144895
195133
160516
401464
445081
287478
301292
193159
278480
262241
241508
193014
289422
399796
414776
432683
312286
162976
286341
267348
136360
423891
253110
339290
357068
283182
136315
223158
151636
364625
394219
265986
140519
284183
208277
420194
370408
404756
371250
189676
221164
344128
395012
228631
162929
312992
154373
155636
172505
234345
282883
271840
149555
456102
427911
376324
233237
164525
129641
296643
209889
215424
131437
350844
111548
222685
176532
294934
207991
452015
166273
441668
209979
191151
350963
306254
183192
200578
142343
205702
234624
279167
341098
238626
415057
267049
426622
351296
284744
287347
408713
432147
273286
342717
346020
412848
275582
189283
133686
164293
351546
223945
352206
394921
118965
239191
317252
390963
359881
185166
135901
301704
353320
408433
120438
356321
137278
288907
390328
252890
145571
315265
329444
203256
128245
288362
226439
420557
448186
282116
399193
383823
360073
108088
151471
314743
117384
413000
339174
248917
407404
175140
383915
266191
381702
288480
107376
409780
231536
256700
296434
438591
449954
224534
327687
110767
453022
151493
287470
125805
442828
333617
138494
238376
232336
411285
389177
133506
194839
325808
192658
137512
420334
206847
291136
118226
342749
138234
451821
172135
135104
449503
195963
283754
390033
374306
437319
259546
322758
150676
123100
228593
219394
352879
412335
359482
103190
422321
167595
245041
441939
401877
282861
208606
218525
253992
414276
229398
350181
115062
375382
390698
245572
222813
327427
258005
377933
295298
404271
401609
304803
299203
115939
389874
446113
262476
342493
274013
413071
223618
115882
110291
180551
408845
360397
339214
413222
311435
299301
276850
318409
208201
190208
157905
358208
425716
372869
260029
205452
411230
400958
304367
430758
178147
212554
172851
117508
137630
202827
398330
238300
238274
393385
171558
297670
306237
416397
405527
213106
145648
452810
195773
317108
124268
205945
447427
118927
351886
299980
278666
370821
256468
133640
116887
344642
304381
411143
218817
307126
404253
222528
155277
321481
311019
179373
104873
428514
283120
260081
325418
170456
197439
125140
404884
321692
372189
444028
217726
183767
238007
380961
270889
251882
156227
144374
362756
241824
211070
128021
194407
358823
385247
279158
291839
264183
193609
118990
112461
161583
111321
324523
322098
167253
442073
233561
456184
243566
231652
231435
382117
327673
169268
373253
273158
283508
180170
102884
445167
303245
205514
119411
412284
271115
445413
311750
143916
345255
324397
184213
410625
130182
225017
317164
421559
256551
368907
333201
293677
220750
138874
140208
393687
333010
378133
257944
370765
169654
264612
278269
350371
301960
439459
256034
214860
103325
201973
275398
455819
316778
159027
140363
160746
397431
216217
122853
415002
305870
307868
218892
264715
375905
447383
205624
237102
214870
454016
173516
266900
384643
427961
166198
280968
355581
360601
163351
198871
129662
155070
423977
275240
330778
273471
175848
315907
295111
156665
210301
320332
252833
389287
157882
402831
450955
394488
111454
242136
448499
230626
119825
271990
436245
107220
375849
384378
152436
215960
217531
302832
289635
138729
218617
272580
436529
320450
191921
252365
387444
139339
297427
320127
412662
261278
341579
358115
200050
293794
446804
180072
192255
333875
247392
454086
211656
345225
206552
306765
329598
160051
179016
163026
401155
211970
203785
430276
305170
449776
339917
331609
317295
395840
106343
180927
315770
342988
182527
405328
116889
252701
346798
283577
224492
166999
245067
167527
104450
430972
446443
129807
115766
110540
452740
126240
217079
329367
423792
430362
230489
228851
229126
320477
432628
398831
302539
322895
383364
149629
445602
200859
237929
430252
196453
266449
145789
117276
179215
330176
256435
176952
277251
444702
259162
398108
445066
316643
394135
174234
231318
373005
128785
432567
261158
413805
404041
286435
100951
443246
413161
232201
166918
275781
416103
343870
136962
285222
253201
428895
125482
161422
197041
216547
413608
296373
111320
369021
325903
138743
258407
422257
330974
415816
275719
212365
210925
312280
421429
404414
261153
157895
170672
402520
136309
160299
284715
430089
114710
125667
250709
328121
214842
249788
101553
434766
267076
358060
206777
452474
264686
103979
193495
419217
105237
348800
395376
304819
100156
201835
350553
155090
253786
220978
416352
192288
345075
113029
341428
380436
297629
172256
385793
445994
272726
396303
158039
343305
341420
385930
311607
241802
199688
400634
455985
344933
101277
373834
448431
190532
114579
217041
188293
194322
147877
401727
103518
280539
281587
305149
366851
296412
198515
414414
112227
284615
204221
429589
224867
306396
452184
364841
450916
432322
230352
405778
105347
308042
285883
365892
371867
454702
341121
427219
183364
328158
340552
325989
373429
451985
303985
281190
231695
406178
291056
387881
437210
117266
411241
199906
106255
441572
371515
133602
112951
143447
173456
146558
122310
408958
199759
336062
408189
398024
144426
282623
289059
383139
418221
367510
143974
393615
278635
356451
116431
145329
398880
453631
313783
281746
383618
359698
260503
178322
397498
157342
404697
319293
341851
209161
454650
299336
333369
343054
207226
367048
339003
201042
412127
421380
179202
109153
302549
250504
357343
275773
177662
400931
111425
278588
427397
141991
429720
211942
156198
299387
295941
192577
105733
333848
356131
402838
427308
340884
303974
421854
435678
455615
166637
361850
154397
375757
453762
203925
309166
343868
213830
294669
408805
176244
343472
293572
224527
265283
214303
118184
304948
293806
184498
329185
343417
271127
426331
245102
102886
226911
194285
398925
186989
438180
407451
307260
134224
232499
301094
358874
372175
202873
269049
296988
170659
105614
303219
385263
216825
157725
175642
103292
103606
221299
365278
377094
377078
257873
385469
289029
398470
197980
124892
252808
270536
299523
412918
270941
281421
170573
228652
342961
253437
401223
268365
341151
280769
131926
333393
444671
353388
447823
348981
142834
173046
165809
200609
125074
260232
116445
432706
437272
242458
301818
177080
388782
331859
227489
138648
167321
300874
392813
282724
161579
266633
400467
234480
264415
369696
297496
140332
449471
175298
379556
419355
258430
233574
176802
115216
333614
178483
109457
273981
212161
390039
240973
188753
101805
341718
215869
330273
254319
130770
365745
335144
335572
413060
437738
402455
365890
279389
104407
323180
193555
270840
436180
412020
121888
137187
100043
266219
225291
263941
245141
247767
275792
173856
377977
245337
197467
231609
428160
399958
205868
163670
300315
372044
132551
288393
305911
130548
262552
405288
334753
438083
237795
147487
255050
324212
390769
113923
398627
350475
215013
234641
359435
319259
330319
370053
297242
402438
216169
217002
228705
155241
163621
359336
351124
422201
278757
373648
199499
273659
275476
192005
192302
112247
203047
242031
185110
263876
159558
234806
143949
172185
439536
193466
439738
165716
372038
252529
187596
237798
271869
455473
112022
270021
368865
169441
452725
215135
221128
203435
203936
177757
367143
248721
198433
183520
325440
284354
270851
374855
274412
428699
332665
179296
299836
264810
180938
401327
305924
383951
337904
326815
195481
358554
443143
153271
133014
331067
325587
370479
128363
334370
138618
100554
179009
180840
296055
248539
346129
113149
400168
276018
373367
390519
447941
140159
245056
247019
245320
435974
335402
338237
274232
354746
152995
138634
137538
422578
303853
450305
127950
305184
173179
434532
107853
408568
412438
308783
306220
315242
401421
333370
241382
372640
239048
157890
340226
140051
265648
277269
252817
242997
127380
227126
121922
398986
453602
430769
235918
338981
347831
309772
333956
432827
287073
132064
291634
285088
363419
360465
404023
288710
235392
425673
277542
109270
121860
396563
366610
156607
129263
164238
123126
137814
327206
351435
193130
236216
427576
326741
221138
166081
102835
212792
380842
445740
158389
263706
448978
357920
155722
267870
255812
278485
395947
319591
440789
195523
149714
436538
306481
398685
267388
158722
167878
123913
433320
264171
448173
315351
393207
236693
350847
292424
220148
439169
157957
434786
450538
377835
275472
350202
444332
284235
437323
431446
422522
271378
232119
333173
446107
200192
241053
114039
145861
397388
179655
384468
189883
191456
184884
396890
347666
252021
102220
260511
326253
206361
406504
102281
156598
140618
417418
345887
272935
314891
414796
101484
263221
402495
154887
212444
340265
368899
375732
105915
387164
317916
327676
256433
227015
419983
380469
323590
142887
163308
303706
456030
257648
179525
338070
214504
269950
158506
315537
415335
431478
181717
336123
273742
231868
104868
305102
240964
375080
347641
221220
386166
313122
187316
172646
269922
421765
119433
236991
412874
185155
122122
121750
311853
153405
317667
136939
210827
164254
422880
113860
268226
245545
218718
114312
244685
337744
406155
426548
230651
131225
288090
131067
380606
124799
329680
338989
389575
449332
327364
121453
316851
387399
438443
172324
324912
227795
441080
121871
392428
132654
277399
340944
203677
167211
114896
450984
409910
273852
335581
211552
283552
238484
364223
325457
162123
189327
331915
420682
279112
140412
261073
185386
445362
253084
393819
353183
351679
321489
385198
330756
384372
248882
363332
365167
438528
418739
235867
249490
153540
255492
223207
307217
197271
327132
267776
300336
359681
348550
159191
330595
344600
225371
149392
101168
222852
328375
325944
356133
152296
357880
355577
245242
273682
320714
345488
242963
436634
185709
123084
236748
257087
443840
191334
120112
149945
452900
342915
418307
380144
452915
433979
445851
124969
189745
153424
210649
310907
383024
346031
306109
109895
308491
221174
248494
155056
377620
378621
425099
261891
228678
333294
445241
239965
361139
451055
402871
279005
151831
140295
173526
211921
359704
225313
134717
338536
340618
386066
328655
284437
429968
151109
455099
411582
247585
116488
422805
361968
448603
169717
339463
411449
252614
180208
416259
422741
119687
230507
106358
176821
438796
203103
140225
135465
323172
110403
431524
404757
174284
398048
103397
237741
314968
125452
356071
422326
249111
100646
440788
233621
437436
130813
217879
336940
315922
207691
387493
108790
178392
176740
447049
152642
177408
154432
102521
192199
222655
397238
359786
164598
197523
153615
344655
340900
313721
255171
127537
361155
300461
129001
260975
321282
113948
452275
214490
253532
122496
110668
173621
358361
389465
274280
381063
351597
394763
121571
284177
256997
275753
372343
186872
258451
233027
420370
387601
361025
357716
172962
194142
290848
415780
117751
450385
224741
368261
293314
186529
223222
352786
129301
172835
328734
339249
110653
427354
206859
285439
302339
280562
111386
178854
254363
206133
361201
336312
166578
246722
147229
422602
388351
319477
258228
406713
405265
213721
412539
101694
187525
118774
243853
211087
151047
291997
315482
175928
110255
149244
113098
178014
440967
310092
418380
116464
324641
267253
340314
194169
114671
391606
204024
391473
429610
219199
135468
394989
262382
383902
158694
454586
103035
167237
216897
399899
239638
234142
405223
380024
350491
352028
331161
130688
127273
276610
179116
428723
180997
130248
243962
159343
218932
303794
358470
454691
278747
146286
150672
407367
228486
315455
328109
359393
416046
124837
352155
303809
150787
318097
414901
295157
216176
253045
254610
256951
141044
434238
412363
175209
447428
330372
351765
355683
151870
142885
430069
195893
231706
151632
166709
310315
220677
387557
183882
350245
429713
312495
242661
373315
196342
375178
249945
406416
410460
138340
230108
243511
311813
253616
135089
103900
156962
189520
309021
302325
236270
133683
291678
200868
431642
273562
123683
322271
340032
410425
447099
237654
274401
392472
187889
299444
269676
369611
171035
126330
220570
399012
189703
296299
412425
186697
267329
382065
243745
256582
201455
321408
396832
148312
366678
436891
168908
369426
135341
110902
198280
128959
246712
186006
440661
100869
115689
201183
377652
107719
312530
433259
341756
246307
251074
406485
276836
141955
292567
257751
382861
144487
175222
242899
219733
128867
292959
310991
366276
208659
185251
268313
102536
155592
444687
412970
448860
116669
305271
109503
364631
227750
106348
451127
201985
104379
257845
199459
381871
433295
206370
266831
435699
249336
403731
173972
264311
209357
355668
106941
304705
394498
173323
268613
325220
218277
393362
100963
117208
217025
237897
320980
154576
227786
241675
250356
162971
339225
188523
249072
168579
385174
366748
414849
427820
121328
249453
408475
104769
246366
210416
421531
208669
236311
444235
161747
310858
349412
371029
258892
410266
178560
424321
162779
328335
399356
243429
173765
268803
442166
196608
333974
453946
311088
355056
157735
239792
257479
102006
210882
166148
332922
455376
422956
373395
235204
363066
201313
334432
415004
381285
199294
424721
322252
253864
115125
230062
279857
388041
113284
325335
404014
139194
392988
452638
292060
437769
213653
362415
398161
339520
241042
378814
213937
425183
444679
138640
274055
343830
433189
383000
383978
454184
403623
192851
169246
429396
261508
247043
195424
216877
101689
316375
150776
301256
433423
342829
211251
138541
136882
427328
239719
319493
192648
288300
429934
239430
305564
164693
430052
455663
382596
123840
455287
410342
449593
222307
291321
205532
189077
444033
117174
327259
358047
178899
441840
161058
364363
441078
128613
327941
340351
304070
301311
192439
455880
101236
437162
420508
111475
174159
181429
127655
204780
368105
373975
168161
301661
108666
172590
372897
252005
257999
253903
302843
126646
413717
331929
218220
297275
434277
321886
307403
165618
301940
339044
149553
446005
326291
141459
233227
424994
420741
283111
144926
170357
127477
426327
147094
240861
263769
112569
108822
284626
331752
282877
205021
131296
220476
440495
258377
373734
220963
303839
193872
306312
139751
251262
230744
387765
201590
274810
364934
196822
314191
327643
451833
444818
353770
370334
188869
250608
374722
202108
239496
388961
409654
395395
248753
384317
340092
178897
243307
114262
291904
434652
276215
301326
363002
178230
263303
218336
159921
239528
275430
438024
344870
383051
122530
324901
115409
207681
244598
215200
391846
201573
399607
308061
342385
367066
421911
305156
427936
143801
167742
383064
371234
191067
167556
343586
395656
287688
127583
338982
233114
120056
208655
128277
122230
156960
311815
304513
159466
344142
223138
393476
209934
242299
360121
107300
354962
441171
275637
234813
165351
299915
347957
256817
188332
402302
446066
149115
200226
346332
246114
333229
133857
159059
232555
122464
410229
294470
187029
377777
323762
317947
231658
360657
436789
355067
453210
433317
109246
276278
297691
265695
253034
211067
290067
102882
198356
301377
379061
371444
369548
167425
139581
241391
163393
395650
241712
230541
281686
208214
345997
154927
348109
309391
452761
189802
361875
176372
261884
331801
277607
295594
152907
419298
251764
350157
252790
165433
194928
287712
442429
311386
247800
127314
378688
372476
313527
410530
245550
351605
201285
133986
318001
273463
277515
202920
353833
131786
452230
329437
107548
333042
154256
183935
213009
433168
297015
241206
176062
232982
450349
309020
198906
320971
297524
219913
222278
218574
369135
223335
297639
110429
201570
108807
416361
310868
436868
158103
450164
243455
447497
229722
295417
115744
313360
340716
265544
310025
374746
151194
171073
438236
205755
166338
292977
152284
292885
352697
251044
232949
103381
168603
415424
218328
151414
207597
170103
310443
437314
337719
260984
405834
351691
329419
262923
179841
173960
189001
244159
366256
154345
275625
347247
177647
368388
307107
347000
188596
403717
178981
413990
352695
213185
234879
396164
311378
158991
127704
259000
343593
408263
360883
394517
181357
341885
172290
289344
320521
100085
121957
447581
424736
302018
231219
383658
234144
183864
267114
453307
126556
377162
262296
429792
145637
281327
363416
354211
452918
128921
115540
431968
167730
427762
352209
454986
360344
191455
322575
177536
200346
269543
235023
368590
441428
252080
347090
130814
229818
287107
190256
128290
265339
169459
118105
426438
323500
344800
375760
296190
304470
278625
452334
330015
112442
157788
226074
327681
370942
172810
293784
383257
178503
153210
249882
235322
395505
194456
158559
425650
211156
392498
395917
215288
243771
363915
308281
351599
246921
120952
203487
205462
119856
390927
245971
259884
417846
232620
301990
123509
342014
237020
386597
236310
202839
382155
314554
308141
164163
378408
231210
207467
341699
141301
325236
101617
390158
125095
357488
426384
236433
171308
383948
355510
114205
294039
404088
418810
101505
154304
255478
323873
160525
134243
162122
197708
207111
341547
373590
354590
222622
128936
189287
278063
451118
344607
331315
325402
117115
307391
276189
207913
440582
190067
362323
149426
399279
117303
111572
157681
204022
207102
241126
406303
404793
228779
328155
221290
375780
393080
321905
290930
413009
378579
447918
267159
365478
328430
258589
303310
334174
369756
127061
309961
347941
365681
130283
332593
208702
445286
145031
415573
189475
201414
115389
145314
245047
400885
335247
151578
219918
388807
135833
154295
391442
196144
191647
273644
265509
260173
247011
337850
343026
340904
172915
146563
266770
232668
295237
182036
256756
288277
220798
351994
133204
204052
369589
444503
205597
410159
162486
144452
123237
238857
370234
329770
215355
356365
201685
246194
185731
363248
382782
448111
136834
151564
274149
173999
137733
426789
117044
156418
108599
208835
383258
396481
137984
421567
411569
213839
285850
136195
401407
209150
274060
451356
174170
222848
353586
278726
332578
206636
212573
261677
418684
108686
312875
190252
138604
213914
146341
172305
456002
358668
346800
217829
283482
373370
278333
257864
235656
137247
150121
218547
164185
217827
393516
197349
265447
257011
139551
378362
201618
433430
102020
440887
209390
307532
147226
323983
441520
156054
186239
389279
238482
118355
314461
305771
251528
140913
289279
311899
444593
207496
121496
406637
219051
127723
444280
386778
358553
168461
200967
166632
285402
136637
298150
239030
242694
348948
402592
301174
290692
413300
331972
135075
385810
349011
403855
132327
383488
260808
187300
341815
160160
142636
353909
350689
316267
139294
172597
385520
242110
272312
135871
140050
318087
169447
377808
299051
124184
324592
203798
317178
229985
270780
228484
265258
365567
219042
269856
388040
339928
422265
209607
103941
182680
242532
436226
426545
169489
121071
263337
139900
319535
438474
241152
225113
356979
343362
398191
337910
140876
285394
444830
423523
305815
286680
352184
315020
258480
437653
269405
359008
206699
157018
390585
370950
301537
109017
419863
247113
389904
355147
178416
251651
274075
380909
121184
188560
106518
134741
102073
415305
364178
125077
242929
155341
230245
328426
228109
454101
449343
166971
187979
216229
207937
421570
369850
330556
314280
189401
171816
154236
140714
424180
310642
426114
344890
362649
256163
209397
109605
309138
279260
108996
181940
271966
291266
158198
219260
127825
174330
207419
213160
288155
310699
313378
298337
106130
433240
233914
354782
385966
199149
293478
361506
227782
169596
143131
232667
380684
242260
365363
268791
154081
380180
303164
187257
100894
116570
451731
190946
394442
304916
159954
412386
198989
396395
110342
429894
102942
280564
277672
368058
187940
258531
413433
304020
313329
131309
163359
160093
198912
305361
109993
139158
416630
123411
146040
226918
335325
181812
256988
219341
341341
308064
129259
315766
255617
202021
173639
228722
223983
287687
318106
390195
395126
247403
203267
237639
314953
352388
335743
135204
117471
392646
286301
180053
440745
361044
315486
309540
107855
318870
165573
354171
143833
303204
232379
304918
366724
162968
210904
372798
128466
166853
396734
365045
135200
111948
187141
194318
246314
129109
344840
445372
179623
273512
258315
347308
139149
121524
301496
386407
100246
195631
222796
401844
108580
370131
424193
274331
215027
339113
264892
146463
414612
319525
284714
245095
290781
284431
282061
244835
381229
154642
144844
420449
300083
133158
377856
222137
236680
319910
398808
413970
301847
442776
177088
300398
453649
408180
144954
355939
152652
356994
311351
193363
375627
208525
450217
355119
447768
356672
102491
362502
232955
377947
169125
453672
222956
333111
136572
358605
102392
170478
260430
160131
434743
290241
199132
147051
179415
225455
345745
107289
203535
327644
299856
296677
111413
290573
337357
313034
252616
309224
350528
145692
273041
125773
230743
157150
187624
135567
409201
192063
385712
245714
388001
220003
324166
306376
429756
218216
247208
386581
336884
286810
270813
188867
164827
238882
347025
260993
114021
195492
102603
300632
210955
207323
309957
301666
393070
300755
239750
409924
153982
333163
438020
213324
456088
432418
355892
145537
261137
177176
434721
366095
369497
380114
294961
342064
167677
209639
193632
270432
385664
186330
182391
367529
405248
262220
168029
265795
272292
406446
205781
433348
451388
105081
208847
101444
232388
261325
107036
177548
148352
283266
291534
368814
303206
187634
398305
358742
363399
216703
252467
295858
161381
386908
455314
158472
311891
422765
136391
276321
415567
249775
171106
158070
189973
253361
386406
217452
422623
358203
202121
127345
164581
411747
367940
115975
378178
322687
446651
301240
284618
327805
309433
447990
306088
126442
235621
144808
307325
206629
372339
128367
397361
330177
245515
201264
181464
291631
267780
114497
311559
335891
213606
237372
421303
365732
181579
288001
230531
333002
268856
259437
376702
123478
144535
212627
231844
126411
127096
135729
335614
171008
374367
241105
213906
235301
271641
404685
356758
188179
433305
288537
280682
331460
450701
323504
213563
219191
365309
101142
157946
119575
189330
286144
258996
228439
451201
134694
326963
369771
364158
253031
176069
284628
218784
171377
372246
240533
268805
378507
257666
146905
156734
448867
299235
340368
195180
456112
286809
230850
254494
363761
295164
386168
443747
152041
253271
209527
320500
300634
264013
170467
389913
424050
450289
147020
116574
274205
147409
352305
145109
263010
303623
126032
306291
384232
108431
450123
204789
154770
272574
153295
296448
225100
238860
319079
131784
175238
144785
306974
310139
241547
138505
280192
393304
368997
237776
103265
254547
272570
255530
196600
429779
207950
241818
130069
267270
128025
150763
430320
167512
364295
372722
124153
288901
295300
156106
437370
290804
104440
334590
124564
451304
137585
293102
191614
306167
309522
310285
172897
431691
200474
135991
300033
333053
381127
209144
292642
162784
123034
103372
327051
274563
168795
108041
313835
105162
451969
237670
142880
262323
196999
230323
382656
263115
335529
107963
364099
234410
268937
249607
182457
128982
172741
415088
214400
409490
157610
118527
333006
110421
167860
304059
132051
266084
199282
376192
375260
395026
384083
212466
103760
273964
434191
351417
238768
132976
262048
360713
428327
190529
239592
451557
377820
444324
290308
123188
340254
267821
156110
263927
439497
245460
296746
204326
189698
274291
337972
322885
335464
132252
379557
149546
233602
436337
374898
234054
405452
371447
436648
372641
268484
282460
126049
441408
449929
193280
316417
421268
261794
207685
327532
370140
190759
344555
113026
160049
204168
119020
239477
295812
136799
145626
336795
373673
247184
348378
234850
248031
399945
369094
327474
218500
202017
357950
242519
311831
168218
358473
403070
353564
143723
356186
304613
305736
368883
255368
136351
150248
140030
144448
344043
378238
154554
286333
427434
381220
303401
292241
213749
327102
239133
425977
307279
389616
347271
266004
143470
253276
196651
412258
111543
429183
216669
220460
291354
167903
198332
406844
121063
260001
296223
304919
351781
110591
442795
393824
102673
346548
294643
441393
314971
245712
399586
168942
114891
449440
244146
333650
324425
344206
115015
173041
261553
162038
301079
442944
338444
298976
127534
339222
377749
194971
345128
273953
257237
343451
114556
222996
314452
167664
170032
189823
163608
260327
433802
447499
424992
164491
419314
356364
352264
319113
242411
266470
417800
332395
158565
403441
193481
206787
109701
261239
274685
417055
319769
409906
237155
442739
382748
336730
161806
202353
371628
201749
213332
331006
269619
347370
176249
329570
336290
421001
299198
136090
213234
234339
411725
160497
417545
126567
425501
336872
200946
453685
313002
148784
247028
308348
142553
352616
128865
105443
438585
344033
430139
187581
110254
397884
237765
240762
137086
319376
347866
224412
144566
276452
313168
301540
177233
447461
375628
214115
225671
300483
414636
218935
434513
433690
387311
268733
417647
283926
354400
252736
292019
376621
137324
199714
309900
176963
348455
242061
204577
279851
367697
426512
276828
394411
181027
123371
347029
425140
118593
320509
429665
123970
443892
286203
322329
303699
376416
161322
423770
422351
257435
191961
217310
422096
107159
383783
245806
263313
331755
340620
349999
324738
246083
108536
148297
398946
112574
259027
222897
413382
172307
427599
392037
364886
272234
127241
237634
204868
334406
153626
276961
405622
454525
322916
124237
195849
343513
133899
269756
413381
330397
338154
129367
170187
388042
263146
142568
304492
327409
313081
426172
151338
418365
109308
270203
193227
305163
111479
108369
453088
366996
205040
170825
381379
417353
311798
179566
292209
433422
330718
191886
314919
382538
230900
294286
164338
336363
367430
287661
357236
210288
369312
338611
114053
238530
380374
373883
216525
284037
108827
414571
203969
292763
436092
162258
282160
392048
110952
297806
299640
329998
185909
416853
359746
100697
181356
330465
448312
190833
405528
230374
447688
111915
110451
260943
379326
390193
256271
106066
104107
356265
293763
151766
204520
250337
162849
336460
211376
133187
116603
214950
390505
124190
170389
318639
403083
146778
280433
332486
158984
246066
298848
125284
180733
449567
222807
207668
193680
202308
234808
378198
340932
129413
394074
295601
144433
299888
263090
241331
212022
423210
126280
183054
331908
215406
427320
355177
108770
193393
123844
229639
222679
428168
404703
109695
282052
298638
277481
226367
339867
132542
312485
215808
169942
281162
233353
236339
347704
355038
411734
232298
125392
347339
154594
263559
355134
158571
184872
266255
434386
455085
435777
111644
211769
404544
289750
428575
323814
359729
229634
261372
261783
399892
292849
326403
403959
250797
420388
194175
415552
145201
264174
430594
128751
148932
149343
389829
382828
139963
106659
321590
117596
252104
373233
154802
425476
102559
308754
240485
375645
291747
114416
125283
195573
434944
148828
296846
115936
293691
178822
115948
246682
248799
409547
102368
277023
374062
160830
347820
174675
387525
239130
368162
189299
177997
398386
340808
177502
250896
255124
110670
421535
445987
423930
146629
445479
400148
108109
437476
117398
424790
108737
434352
207807
332563
299785
203217
103994
330204
138780
130223
396574
199990
239458
290063
233402
184953
438218
169074
336566
151995
447440
355415
138704
140074
408864
262585
452245
450941
432674
396635
232690
336703
453757
178963
277110
273966
247120
449050
217336
172723
269005
221613
340120
267248
339527
175016
414531
380355
151160
408551
166808
255195
445939
124336
423384
244512
130376
257927
168238
204488
137243
455991
281074
146937
179421
399211
285706
171076
228935
421560
365437
364824
169861
372009
170308
219292
352069
352226
192565
261964
421131
182575
261643
113556
277184
370034
436412
297412
182018
405604
110596
306423
241540
148528
303617
441376
291164
362151
279978
340828
216336
308456
426165
421347
137916
223502
268923
183749
298240
290544
189865
100616
116642
348475
399584
252810
388114
219614
128440
229492
242830
223972
299338
328841
346335
153323
254927
195747
402501
358621
400647
105929
203537
276690
126225
109398
207284
137789
202166
165839
210589
395496
338778
231414
450403
343975
258208
355429
227985
425547
278145
305779
276729
205308
283970
199297
163514
375770
413052
269254
180095
373954
227257
404498
306558
150105
201896
430199
308227
400583
384115
399880
426837
175640
172859
367956
228271
244048
247366
115926
317296
375312
296640
149589
240596
230877
375385
307591
434091
219461
352758
232482
200369
296050
135318
350462
256520
422269
262719
296670
185752
439978
107436
269816
269383
375685
386784
390145
292602
350474
326603
325189
147402
188207
450402
404015
117202
446338
237405
257106
259952
238234
179762
325173
306235
282278
322874
268552
165658
207077
191273
444017
353555
162474
388378
269703
208029
113564
118477
290815
438598
385222
175951
273492
438680
370054
299107
272458
422420
202663
224160
424884
129203
186288
127563
408912
268406
202581
389014
416465
190980
365059
236804
322738
135033
100852
283949
386056
250645
194489
381363
365324
360228
432759
111409
235708
439493
109758
263675
371792
384801
360343
279104
116796
438992
194135
288399
247294
236056
291196
302731
154895
319996
358515
122290
281975
247746
126535
281976
263187
103910
372280
253664
431160
159386
145247
389417
418885
123691
326227
172055
362784
408995
214469
271015
213869
373808
162580
366090
100160
219163
155826
266704
141280
300223
244597
167567
258373
402720
234023
341712
375131
222950
395835
207639
207431
123288
353221
408966
259613
356809
189110
398668
383497
447221
165876
173499
388329
414540
142119
320444
371526
419947
149538
228265
362904
405140
420579
223362
437253
155333
202098
161427
116295
115699
136892
312880
375607
241072
131220
115319
162104
406661
381188
449690
137092
348917
279449
130465
127609
387894
449007
334321
175898
304514
356856
269428
187610
102959
175709
294818
353103
268965
377623
278881
117725
211905
317789
161032
352961
438767
182552
233624
224230
275195
162608
251376
171436
252211
161144
228237
174707
261057
343002
316586
203664
257159
405001
414799
163454
447690
296507
256126
296495
291440
335437
233115
271352
354493
244269
118298
329559
113106
202319
124998
109349
453312
282694
209389
244060
125202
155429
325597
233948
319526
445397
393031
302302
439133
202641
359831
392208
303732
320678
402194
390290
216663
208106
115212
276082
346759
107052
259157
196897
206853
374946
220068
233206
292206
171849
346295
258781
281538
292627
284099
452627
430444
231087
325228
436343
419224
311563
331826
122457
426705
204283
386554
108187
128338
212301
188307
413849
309551
293853
198149
350744
163310
148902
222032
122698
439432
389511
200740
101988
306421
289214
397395
294966
356780
111319
190449
387059
298177
310552
363426
289879
191934
406653
385752
313399
380639
396340
105472
360990
226232
116877
117343
254816
225716
240434
174341
440999
345955
380369
289159
406090
202199
250727
302045
185474
308839
408133
188545
154865
417065
169187
333124
206856
391393
361692
240015
154059
291759
369137
314086
275474
213529
253074
295287
374809
288605
222019
147615
365517
261685
127404
128341
113683
165167
255836
447784
145270
215359
313967
142480
222485
177278
188725
211202
328936
344996
380252
157569
293353
107162
392887
441866
154142
281765
115638
128888
156553
110898
289789
221472
170318
144130
194184
291083
410659
411527
141282
320391
323912
130776
423381
123994
428495
297374
437846
225018
410357
429419
241789
162720
175788
146474
394170
314830
331223
285163
453581
449623
129726
453830
187237
255551
182788
375271
151492
195483
138840
290050
291397
156316
120650
270724
166784
118385
277759
256493
243227
123523
383994
127543
279416
147614
310072
314577
343906
263995
216264
388144
326379
406761
310885
279571
258495
123917
196964
344429
207450
426082
307978
370307
289806
352819
311043
235921
104918
275425
199169
330797
393470
202643
447614
337456
405185
129297
307841
219546
438887
158161
452130
104488
203803
241519
120993
346489
322980
183251
222371
348006
172818
226824
308440
251702
166456
253581
438423
401702
258050
323965
327867
269144
281229
313713
316089
204470
133802
363784
437800
340004
218592
166173
294888
267735
371725
292358
256983
224179
137200
435395
125632
282594
349841
436843
235536
277803
130210
436481
233302
454643
167591
368459
331211
125183
443857
356239
295014
171644
113425
129085
323676
206501
379643
454433
151091
321903
437077
153293
180976
378799
119534
358915
309080
203409
103385
119289
234562
450832
244759
152157
282526
137372
208480
373773
291503
316359
346980
335540
361513
320024
449779
218371
246032
138649
254380
289091
118985
450177
335898
230841
125153
288476
292318
186528
148134
131673
231875
363875
153427
362696
114308
391515
156127
278039
100916
285042
144279
391712
213455
335792
383293
170632
428447
452680
317963
194504
303418
192724
229680
362735
198918
236870
380315
412755
413901
376909
435931
124802
281524
154654
205404
217678
161480
293829
400438
178956
239621
244579
343196
265886
219358
228904
134502
262037
246330
205625
137615
243495
307909
166499
145132
364672
371025
435190
334611
376742
180030
137784
128581
454463
393595
153133
338627
169025
311515
116330
345752
166942
234430
240208
171643
414649
421392
372404
453255
275522
352505
438040
269066
331890
416661
372483
127128
425933
444305
395596
344311
428960
276877
175439
207672
366494
408146
143097
277225
297869
145047
228597
328793
232315
410494
333523
383745
378370
364498
104387
443318
369588
410924
433303
193461
368750
398560
440299
137808
427194
150526
222396
294171
437483
264878
374157
258698
127439
199857
332996
152608
418468
349165
330731
118502
453864
375954
354579
192609
296966
365037
173977
261454
165399
400353
150037
112534
388236
185329
276686
382520
437805
179942
226498
240273
301561
280224
376055
211144
263124
152961
168587
163919
434737
200451
129318
192020
396128
237925
368080
337346
353719
232368
240220
218604
247384
112115
267434
123303
407912
119374
103328
194843
426699
361524
316236
250332
201523
145126
174992
385545
219530
198157
130035
428049
365647
363583
384079
113013
367039
168811
160240
384927
184352
358141
407472
367262
114246
351944
124306
109335
378655
405180
155371
397567
253120
143384
207486
105880
131261
351438
447773
231377
408287
311856
421264
135984
327645
141746
284711
444857
220164
403499
239060
395389
184563
139171
190557
385526
215449
219168
250917
437171
382951
437185
249944
152001
199627
172394
434621
157511
308587
109619
441552
181252
100235
425074
349384
363485
224590
214103
447956
431737
236942
432546
105283
261834
320335
452282
285036
196451
131580
366798
274645
397751
181817
231497
371418
282685
380782
284750
189542
365305
169987
412588
430087
297482
392473
219856
192437
125947
146508
305969
112088
426136
253680
326821
231327
409674
380704
405027
395898
249655
372564
219696
320272
138094
151250
168650
418708
415375
230445
165991
268319
225263
140488
119822
262886
172865
151103
359154
326018
419025
347364
199450
147968
143327
408102
440952
334905
373291
313978
203668
279234
420710
112135
401154
199398
430205
283332
351888
110887
450679
392432
199741
369000
106650
249778
195069
347676
427457
206062
243405
249264
383456
129590
141046
221394
440812
264214
258209
418259
325167
137098
203790
155023
260192
345007
173249
152099
124966
256739
341727
239143
436425
115392
369256
261292
290633
263712
395093
233837
113113
424276
418199
143173
381226
271647
404693
196429
109519
106019
162007
234909
400722
100279
170524
294424
381332
386958
131364
306849
197370
270634
437067
119613
279211
436516
243870
338681
402476
312869
218521
120100
293082
142806
173089
293581
241713
248010
433572
278846
323917
131948
114174
134412
293897
145200
455942
176109
138999
185241
347486
430167
348360
276073
178326
404106
237431
393673
361468
102578
222384
392547
262411
341219
335467
198601
192533
317703
267315
183543
386608
445780
308024
142639
286371
244846
230962
441247
163625
127899
376966
313261
350951
291489
365142
125047
270710
304435
219937
127539
431686
277752
212947
242010
234540
124307
455118
330613
355334
407720
349998
163811
439538
420933
431375
129280
363779
226532
151740
370078
282515
300248
190119
179734
313642
416163
418232
311867
354287
353925
223134
325232
385928
427495
296503
329608
158643
115345
324335
369402
186813
289363
119158
446236
316999
256145
338694
422561
452662
230001
383522
408640
226701
428530
369599
438988
347135
126475
333690
384718
173979
378432
136030
270555
351128
368022
114211
329628
135546
229352
137097
420073
227038
320834
197004
159324
413939
200037
347367
103555
247665
202486
447948
106710
205006
198885
208129
164274
184414
412656
382160
210550
450801
134257
351776
428419
449429
131000
433415
204732
117286
140407
446960
260952
210815
305355
246793
445139
358169
344834
204738
428121
362200
338393
112041
256906
130090
110057
220039
353466
130617
196313
133356
139090
102581
249022
412832
263311
206964
154875
360822
245003
270329
425467
377942
286230
107756
166604
192208
422730
243846
322032
280225
285428
409881
300768
333291
146352
195851
380052
317225
224703
263969
374548
187404
448709
198147
359090
200456
400772
251928
198466
255555
371909
128460
314892
176184
217594
346680
412841
365383
210792
326133
177663
385357
341993
393725
358865
265121
364685
208803
291315
137681
204322
266529
323531
129965
210357
125279
113073
340785
387647
112969
155981
316415
336388
271943
265651
325132
151121
173540
145331
318431
336333
184596
135093
427428
270583
451764
262848
449198
220190
353184
395425
307063
134396
114345
407657
257686
450051
324290
268104
368676
167424
351668
370747
258946
358551
298369
233763
224269
324207
419088
410009
378288
349856
192125
267607
129796
290619
238594
130084
426028
312675
427509
104296
135795
137477
290185
364466
127269
222446
300580
340848
290301
321206
146010
289109
270515
310655
226816
100469
192773
415880
352944
291726
232497
152640
334116
179433
336838
431419
191757
176849
420026
188465
348910
447593
164456
142240
253359
380126
445659
422147
437788
183139
115603
394961
121405
168677
116211
175057
141499
290638
368669
411214
134200
209070
117668
415600
208916
391832
232247
316241
322443
189119
404016
195058
285979
132050
411546
118195
121636
127782
184667
251310
176691
232501
309607
322748
208437
166714
170422
255597
364764
333894
172156
444044
438387
126158
251469
350877
176701
229616
142818
307121
280361
290905
319447
447269
220115
232532
302420
450353
284457
373487
348422
202970
448171
431121
383566
267352
254209
220461
357994
189717
276064
426839
198011
343479
151700
117678
362126
156487
278500
430064
191146
409711
438502
250308
250233
259704
435146
445807
351103
173954
449333
433337
447830
134917
173265
278006
226625
207725
215350
402852
265865
162130
356450
400826
192820
389605
258752
403250
243883
355950
317527
414862
181039
241535
390913
366916
455273
119598
439694
142011
169903
367323
413421
207340
183190
326132
211909
206104
214787
331185
323654
133217
217848
260476
298910
229012
215088
291351
438740
276917
313601
123241
214457
109069
132823
239119
118694
443912
280070
408234
332113
254943
343006
263665
306918
304129
325399
301234
372003
203289
200758
260841
393316
361677
152029
429101
369422
132681
273172
309747
162034
108040
298203
279057
427942
255269
337228
308441
454256
320598
101981
331052
408340
319460
295856
270788
428909
258703
387494
333308
263329
162927
420790
287283
160924
446172
390867
387650
163998
203526
155897
302742
425262
409014
374921
102260
436039
156015
391965
252058
308689
273462
155279
350315
105798
414738
147850
226947
424986
420821
172367
135829
101978
446896
335502
328692
111457
393058
177353
449245
291410
198993
287761
334672
198800
357506
245087
384545
119102
438227
274250
412158
282935
250309
438782
333591
393850
212229
420338
297642
274738
163962
335631
423331
244075
353202
301349
301617
109878
427025
336490
360958
431208
285805
106669
260771
175908
192718
266560
202937
438235
357364
126921
438720
257026
411149
399457
256991
184290
148043
290211
229120
156421
330398
311938
280771
393820
282128
331466
312336
131588
239880
117442
164614
246937
336204
107172
144055
182551
203913
230212
116870
304453
171222
111092
290462
174191
178452
240830
180603
400012
243314
305577
376959
248493
149748
443387
372340
149113
435228
348414
420499
449974
454849
384769
253635
407485
293285
121807
378080
325750
189768
147861
103781
100049
113668
353663
319335
259572
297270
162696
349790
331774
135686
375748
166904
432423
342343
198707
143768
236343
328880
153200
173143
134232
389354
316133
274217
434188
312584
234375
184273
380737
244320
371292
430944
394358
123453
220646
290482
322081
286458
133131
239189
322590
379264
402637
290993
353855
420948
377998
176175
305843
172254
368047
121173
427774
235494
114617
310149
349573
321470
403358
413423
307018
155899
204600
376714
152166
218741
296982
300820
440749
369216
133069
191968
198470
288800
341750
306329
447100
162619
332446
281510
336773
191043
357453
226971
338291
201417
358625
271550
206733
238629
179806
444207
366231
247833
441999
390961
113688
244656
445607
372045
389392
237198
378450
120718
211653
403661
238468
407866
215050
214818
260729
280690
410212
212029
402964
417862
398009
143910
106599
292692
337597
247857
380941
377488
375563
179790
437401
306501
244947
278999
455786
211391
426952
271681
294447
219920
156458
221473
450393
255750
447501
158056
208297
170205
135023
356969
366325
277924
262932
295631
403612
325123
433946
225753
385934
157728
308020
394930
125556
160889
367693
431330
312320
217731
436761
120865
302150
413854
220608
395283
364692
391723
193308
157341
174834
288995
362913
229525
140994
369360
245433
449950
308502
390025
282261
219541
332915
404516
310155
117106
373137
142474
276755
233828
142797
425903
358390
350166
318887
393040
431433
208889
162699
278429
260166
352780
244820
158006
349634
289351
436845
192560
316074
219320
150570
232916
159028
118612
363026
412684
192959
418816
398236
211743
176237
269912
246566
164217
227729
268672
450954
299585
383702
397136
334670
414860
245132
288366
425079
436671
181057
237863
294910
223950
250240
216126
377582
151884
261642
251035
377274
201649
261828
305315
254921
453475
268246
201073
204248
414680
436526
166417
347054
334771
453447
116235
428178
198682
245355
279920
251652
359339
118989
389593
318350
148778
330198
345681
374165
443569
404751
243348
307715
280487
231515
154089
106365
220975
433621
323867
149252
155734
117732
197428
430033
188452
320990
198750
442752
425146
150417
127560
253035
200210
339413
167250
196665
296972
431905
376982
378599
225866
378503
126787
397642
364356
266153
217255
375476
328170
164370
363709
266861
128950
453960
219008
210225
108201
143962
169887
281041
167269
174415
339498
422140
255091
321096
173138
302795
443736
152954
421109
418844
400426
436474
101061
405357
321813
306309
224536
107695
228091
394163
245958
172405
167661
403891
419118
131142
243425
171839
272136
120302
362132
379973
116700
261059
193561
353637
275068
428124
183096
122212
378850
444477
151979
301181
416480
194750
251438
292580
283417
169611
401033
207425
159887
397164
156849
213772
189229
321232
322086
408974
396884
128419
241785
448623
118687
280512
275187
184637
125992
425226
261672
443465
357426
130882
289349
210602
111283
160851
146323
333485
172584
197975
244195
267221
171159
247144
308915
148763
367831
320552
257001
189785
235468
186955
440009
397049
192365
425510
330960
235369
153143
203412
260496
320184
218609
328374
190653
433689
442784
303081
164476
266413
236226
304785
243620
194707
348616
370736
282799
377630
400675
249334
286358
179521
396455
217256
338434
114466
446300
348628
269247
237919
145616
287949
310862
162329
352079
354382
185439
241050
199111
240277
411148
128849
173487
231948
225740
130697
323732
191857
110366
201782
272282
266220
196537
118891
284702
416878
183210
104237
208462
244404
377262
264123
112026
376588
349861
271283
203528
109688
178805
431465
349627
223395
348867
165191
279098
386175
364843
265321
268177
410364
342936
390911
155071
306185
181008
187277
159245
279900
154290
317631
184628
131904
106634
264247
189375
339717
132548
172348
233701
417973
243188
270842
256344
101273
192487
416042
385072
391472
397030
189000
102857
228149
360222
309293
323039
350663
151786
186048
443591
224957
128752
427291
109847
279932
425030
370619
200176
364795
435113
299140
114098
370272
181852
410752
204989
225635
206677
419187
133616
181969
387418
183306
158531
149973
206662
274888
229896
287577
261272
446063
394686
347012
224788
362616
153564
102535
190302
363447
291790
289655
384784
129671
188514
427091
239375
295368
251379
447141
287914
160238
378491
134561
197185
119414
331804
314616
346234
339136
409602
455054
293331
274604
269625
157751
311611
129936
250135
115574
289792
278806
237494
199448
306761
266901
421891
420335
416595
351832
143236
164469
324486
240017
179190
407446
411336
267529
441721
252024
286475
278817
233500
369013
398812
120852
280652
240488
189681
179037
158809
125658
240874
236537
258224
121629
349124
100296
179787
170254
299287
409713
299401
366265
133680
303562
375577
427351
226815
277262
208241
243083
293772
287106
260853
184336
362964
447322
149440
218577
170303
333616
319272
144869
397467
409119
392357
194729
312486
437048
431583
156886
209400
275409
390424
342831
249659
311246
391601
260358
343533
340898
293185
451420
432634
358304
127089
413933
398756
406528
125497
241926
446285
453699
115438
169368
199482
439086
142320
125410
391875
210722
150833
429870
423044
162730
446389
133190
412625
441412
453641
343042
180316
368556
191245
343932
213022
315371
347631
229361
346381
133594
168510
271985
247681
346458
290653
353502
396119
303981
411632
257535
253669
157508
410237
155303
287562
361519
280246
175344
220124
180019
418356
411658
131707
231784
192823
239964
311147
432135
289672
415469
429071
185601
222686
417514
400010
294743
218895
447065
415008
185725
346961
370635
359165
179323
327735
224390
170364
250120
259801
234495
244843
311539
170394
333444
195375
169946
203417
103977
335338
152707
121342
201359
406270
190147
156164
103834
296470
259378
429922
359644
162973
136362
399800
375151
180952
386782
123150
282901
352001
340297
280720
324448
140219
122033
234042
308897
406075
178365
299815
443417
313480
380660
161319
445065
168889
235527
104456
138042
420739
300409
204685
234094
372008
194718
338147
296505
185524
383294
204089
114029
127581
105192
288062
405282
376178
236341
270357
114885
423329
179702
357962
429300
249410
276969
182194
407034
220996
380340
148535
321893
224920
130852
272105
370194
283879
410339
167109
381825
440084
427279
281966
115881
286190
152330
420154
441966
297566
199200
437331
235155
353703
141700
208512
438373
360672
167448
286171
160691
167598
308808
372033
144438
121327
442533
246918
436232
305264
375033
371261
379551
111402
453392
416022
186088
422303
115329
246496
268842
176357
355294
224744
338549
150803
426480
303747
317319
343301
290011
386167
125314
313482
271142
301013
173436
245683
224941
330400
241630
132184
299767
356455
157068
193565
158058
196921
221124
406400
412294
119674
241825
442640
250507
123551
215572
408943
321632
105930
315964
345073
382597
431118
154420
298651
226369
311880
363625
123421
111908
254976
235629
277932
143838
408151
119888
367816
133627
338877
266597
236621
119268
113203
405227
292083
171139
136804
404244
351695
102529
372443
118713
327671
153288
438449
339883
151176
453612
274298
203652
146007
156342
237128
156453
311022
399763
360270
421073
240756
102761
428341
252431
248541
446238
370390
301866
196888
153552
424066
338582
328092
407150
215275
111016
192790
288837
197067
300956
417847
306692
335904
287730
178591
137543
110264
150035
261962
186664
268541
287480
332149
275780
140103
355748
338377
314353
280580
306605
329102
185701
219956
177215
133526
371221
385491
142547
366525
453608
260087
379303
234762
114946
172981
148469
232901
335633
437416
350235
116645
232957
371325
249967
276339
187043
261130
454505
340889
306667
229666
381076
328966
366867
193950
108924
179669
346088
109589
399656
258086
208340
182300
246889
150445
104997
187953
398002
405757
371576
239709
217989
300489
172766
199842
393747
178333
408209
173253
388137
288229
216077
359820
159485
373016
267925
391849
313116
395742
294824
284583
122321
109687
386621
213837
417633
106275
242719
363781
276116
431608
118824
441751
455822
121743
435251
170112
163925
375559
108594
217206
180083
395634
227775
211400
231588
333243
431196
266381
452703
353458
155055
311441
420669
379276
306044
179044
144641
385054
339946
371479
112444
133751
223556
151484
158628
406706
198476
164999
252097
236249
132163
273976
400893
439582
366986
216201
441283
294332
315213
429008
361057
429845
272187
202875
144233
274039
178860
249281
253362
347107
253131
410154
133109
380919
396309
330608
180468
441687
282846
201509
268096
394841
156613
172744
262867
320151
305146
403608
330201
169607
440404
410169
384634
389883
278163
320100
102173
444889
444127
291210
183770
302737
289855
318458
406505
310677
221611
408570
272696
350191
327392
111285
160226
105577
260921
161405
162940
164860
198873
401553
333310
214638
261793
268461
180562
226121
363297
223015
100031
106329
106381
341403
117590
153555
188287
254569
368684
298626
443311
256576
182003
421811
281681
436990
340423
357037
312100
421384
276407
385738
344896
309152
254765
221250
198969
206867
213997
195374
370513
102796
326343
136282
289190
331251
228211
148371
250897
277870
404486
272294
222274
357177
343731
284915
341840
438283
409754
270227
195888
433457
338983
450181
231800
428430
269266
411793
263696
453004
378264
320432
341693
394681
173017
310822
331428
432274
429342
362437
220802
317979
268321
161875
353545
204624
173256
208609
348704
168274
112378
126588
104508
120514
261762
151659
340497
180249
261042
203632
273603
169634
258344
191842
440794
338464
240127
298361
106463
238924
422824
213779
406305
261707
317008
438989
245995
323642
431536
303935
276545
153665
190426
349635
362533
136144
438536
228403
204988
455259
236504
164931
142584
383759
273791
398666
200992
125032
329141
367721
261296
411744
410453
439869
240283
140663
264774
276649
277383
358713
395301
201361
240906
283431
193785
292217
447711
408866
423883
376111
189722
284582
386859
105564
263397
228012
277277
118334
265270
369039
290965
152235
352807
277147
333525
192016
215302
182975
282295
337426
427368
104358
421203
284693
177655
279329
114249
437454
124252
298292
432262
144036
403272
133128
352945
131663
414156
271366
293181
239994
455605
338136
338562
205757
187104
177602
350496
262600
289433
390115
196468
201242
148161
124430
392496
319209
294714
236994
100971
164023
312811
255039
269499
212428
152953
314801
203737
234166
176909
278397
408212
413664
236776
244614
171435
290853
413191
275976
104243
223620
136352
107308
163796
106432
367168
399148
423212
328822
205485
202493
386606
274898
321501
237546
387094
421720
388579
359652
130932
292785
210575
167788
330799
192895
349434
209637
203543
222835
252375
441131
270960
284860
117691
241178
149476
187127
144085
344239
237010
298376
199339
166085
183189
195831
211300
138918
279263
217242
121477
431414
193892
154718
304180
174746
206782
230513
408685
338299
223497
217825
310037
394789
349169
312246
256457
388458
329358
145327
256566
438572
398849
190436
177487
244899
221879
301959
246819
120152
229555
411953
204192
395410
312674
296184
405393
346579
332369
453775
310454
346037
398212
308736
283676
351842
143573
370918
241197
287191
139119
227960
298912
325105
263343
213809
426759
392884
305527
275788
254352
191418
342132
174781
192134
327094
367616
289620
319521
180633
402588
180662
319177
221432
412657
392165
306555
264234
254169
198985
306890
369314
105544
244192
348921
422604
229698
376145
415042
130630
273186
300291
214779
227867
184449
117601
331797
146233
116178
173927
394962
407887
104475
324380
257351
357045
166226
308843
401963
380416
388404
421719
177343
222997
424458
373827
386566
337123
155678
254191
119629
215669
187858
256524
287680
398853
105319
150264
325704
254507
406034
151535
196213
300023
112646
378620
415513
190330
361127
178927
304980
333847
331029
196871
451029
284225
407277
454008
429960
451446
228554
265982
325442
289084
114959
197569
372388
174659
428901
210337
378629
121598
446964
193597
132547
225215
118486
421298
163890
388094
184714
207874
270638
313888
436770
371599
136252
141687
365361
201129
391638
239846
214864
414342
134432
425910
205759
245209
139435
294590
386090
166585
330316
251887
419431
442957
446003
211530
329878
424944
153763
454005
175666
272958
401618
183406
263041
350201
261080
226372
436439
315496
411370
100862
240790
284585
124790
429049
147776
273263
284703
448474
320533
443284
201380
243327
365331
425094
311354
243000
283546
101564
329729
304806
131671
319879
135818
435364
351359
330574
262741
389858
274292
360656
102941
151321
116255
208896
329980
295866
413674
183960
134849
436842
273054
284143
386590
351136
438920
107093
413874
147041
348243
291851
370452
275063
188082
230396
414402
290856
319614
161356
438957
307706
451435
331780
448620
177704
272348
263838
233076
332945
137496
213769
285549
303025
275507
331392
418686
186761
244308
320866
206791
298681
241985
342925
234700
282604
357653
263934
439702
365603
319420
386636
149211
146769
229149
218033
270378
358793
220663
380673
149356
186420
107175
228565
315474
347141
137238
436804
300663
289511
444314
350270
353849
315589
228558
288744
371054
238964
205942
445606
305836
115271
209831
336600
313893
348662
258894
255174
374533
262314
357516
128369
264004
221285
172298
452841
186134
247197
334182
304467
329066
118223
281383
446646
161176
184828
224330
389577
350618
313486
256118
163804
178162
443034
374355
128168
127337
147593
288513
329004
449682
327043
362156
310962
208593
104827
123423
341393
159704
387631
218625
344560
272008
361163
191560
289658
281213
127552
413919
217528
305968
437281
141087
248146
268776
368654
406437
230479
123612
315697
455418
212119
302860
176508
434418
131614
114101
179645
279169
198983
133055
350785
379712
376251
243389
429107
109600
451468
404394
233945
299667
188842
387949
169274
235484
392994
173135
133019
161084
370519
323598
263762
224455
351677
388751
168374
318032
282727
117215
369117
422369
221282
249959
126537
285998
435158
113178
213713
102789
142217
161491
332627
220242
361223
426201
374066
356933
122756
272540
299996
342713
268164
213923
204992
155131
435111
435175
394987
423776
144018
212585
385459
201276
269132
162342
256595
138140
397586
298333
244149
279930
424934
390248
116807
130604
192314
148193
351799
298893
382545
158244
133225
210281
109744
166820
270953
117175
294632
337407
253228
309734
123677
431787
344866
120988
330202
242244
257114
167796
445004
323708
132873
300565
329832
450137
417669
440925
172580
340026
217498
138302
253999
332265
370072
132646
168145
333134
428949
196423
182037
149263
248523
336519
166624
234931
356412
421895
404137
416548
234839
124541
427679
132247
355098
272149
232491
187604
171682
316873
223868
296650
212051
281724
437344
187362
445136
132816
238517
225735
366152
251803
282530
369018
291933
357972
371844
296004
138675
361393
197940
386779
355422
432012
113731
329277
268947
126711
357871
259868
170240
356719
281242
376888
173504
254706
428348
215744
209621
201108
248205
170626
358187
135117
378095
454115
373146
387499
167421
359900
425209
353835
298455
219067
221826
130835
323630
134187
395001
373266
352359
118248
190157
320898
218437
170332
170737
318545
210245
114919
377887
134902
109894
297916
269007
137314
178457
174705
117096
257258
352798
180046
195402
309471
279511
303228
264170
417958
183894
430764
430485
356869
183250
378754
283777
348918
364677
301266
246341
111674
175254
456143
249123
167377
129603
218838
369500
287921
344152
195555
218391
160509
227827
405974
328168
245321
207995
374057
443601
199203
341894
150390
236297
182360
247782
204637
339540
118949
150747
183884
300757
256165
444928
455941
180915
378863
131438
154326
236968
440217
135315
412452
155969
263425
357328
140979
387622
345384
222258
277289
235707
369447
229463
137147
326183
336984
297226
230591
102931
156520
418645
204009
328223
193367
334553
381036
284249
339287
138149
153166
151105
369473
381502
338780
233739
312139
169508
157029
255064
271916
147582
114802
381831
441199
404996
233321
189504
424718
160936
292431
386703
354473
406882
211760
195558
422915
142716
325071
107633
187631
449588
299237
400028
443878
418190
125893
254985
340100
244610
234088
415051
297596
327654
374621
346186
126587
269372
368680
442465
205615
137748
291991
278270
191274
224544
137982
401784
326168
212967
235267
431617
374735
434403
379658
249506
369997
103194
286999
310533
158606
221353
162433
179813
351054
387259
407989
366218
404895
248447
217313
271563
273059
145326
331235
175041
353680
145020
105209
440454
440652
301357
306786
199500
137520
335694
213187
359084
180953
442923
203119
187920
401168
259628
155781
335951
447360
180154
318299
149606
391470
300401
118040
229187
367777
427885
120260
401590
210658
450958
364453
177774
229399
218696
333013
344200
355972
230248
199630
211893
229917
196013
221781
400705
303600
430649
295352
411847
207498
209021
429793
271672
442906
147984
178098
162865
175112
219732
145194
371796
287427
166333
255411
421926
211231
340154
453441
364608
389922
254124
425987
206753
331326
187943
115083
281533
238722
320129
138993
413653
420751
219427
249055
110643
130355
206727
304214
343178
250379
392179
308597
229635
307700
272772
407348
159848
426754
380339
109752
433521
108190
364871
189776
137732
270785
434262
149256
431829
222847
359993
439403
360627
258106
416967
310832
409807
409162
233231
132046
227123
247928
183059
439517
357428
217734
222953
246262
422261
191460
450091
442205
172148
316798
125986
389231
117666
159820
390190
131633
382172
416333
288406
381451
441618
155933
433919
194671
130595
153956
205200
183205
214190
349277
362254
218218
204545
184331
311408
255893
167369
451921
193505
373043
387127
216244
452032
151671
445087
213361
269598
348424
128930
269606
110259
292408
413740
184681
156417
168672
173478
304592
320402
151841
388931
107508
123945
228310
448055
243179
249364
431226
380814
436040
237467
391217
276300
118570
147831
158163
107428
108358
446213
410803
122355
297523
415365
140611
385985
118505
335214
253060
202377
363064
313150
143416
160402
440869
286645
256586
376390
308790
276092
122880
325598
301731
409279
213328
188970
125262
102320
131670
229257
221595
307862
420245
125306
322312
148368
340684
290316
414173
422674
324729
244332
126117
399695
242396
278075
124782
374047
257048
299652
393796
154810
279398
348968
313806
444767
264641
110266
439214
348658
157705
233152
282195
101989
423006
145672
293265
358386
265698
140713
227887
100286
213904
251865
184987
363169
266317
187682
410639
117945
448955
183659
141535
326548
420927
430791
347148
193412
423380
335526
242173
262004
131350
224075
227581
443909
187086
267482
408851
357396
278069
249864
387229
145409
420445
391512
408664
346487
254252
338460
421327
436414
264589
140371
400348
434605
154273
193889
421949
321109
233033
298808
257759
197331
362325
349662
151620
319972
232960
199618
118097
259605
129192
293805
156500
403864
159456
177540
327650
322660
364255
114437
346678
456176
193234
397725
425250
242303
226324
402934
358383
209334
412401
334036
421805
231187
222272
369358
381628
206069
294943
291156
176903
125272
132758
235286
274526
347959
215858
289636
377465
413783
114833
402299
445084
207576
266716
283319
224650
370156
240505
431506
105632
152426
167629
319231
122365
363305
229891
273008
280016
359457
270116
105444
424504
392305
101531
407269
135427
350059
173026
101926
313610
354231
106579
186611
161695
262619
270342
127713
441635
111722
374690
382777
330543
132241
346412
301403
302838
130315
112503
155475
254300
286824
434888
149598
132354
116146
145532
281004
216736
346932
115593
276291
432413
297846
330798
325093
413782
346199
155356
323646
444108
426398
399317
173309
196697
254151
338606
415022
454402
424532
214694
107552
131028
129486
400389
213310
387063
261370
354541
119872
219172
423379
388268
315676
369352
443341
132088
451797
425098
302909
169642
196932
137251
190038
193994
362623
267909
407999
124255
153174
144539
421215
208007
238784
442367
400816
255331
204692
211951
385836
436830
383154
438289
374333
170879
170370
250111
137686
271140
283114
362371
115514
391636
434266
112062
193765
226644
287838
258382
242986
234123
110050
389453
215781
245231
208918
159046
157390
184188
123782
418913
185020
300494
271658
221844
157830
435721
217186
306056
233225
178299
216513
347868
129129
313935
169270
401880
363146
354620
260384
366140
177362
130568
345337
303342
190385
319797
428734
270247
391731
149009
339438
151107
190236
404859
115353
218422
124568
204029
242020
156930
244630
453335
152198
231698
243311
401391
285451
344123
270464
368940
357347
223392
401437
296488
148385
414549
249721
163891
113594
278611
175256
188473
138504
291853
171045
163834
156981
213979
250828
290673
286775
307503
393242
453736
201329
157589
381212
305130
363750
263963
441036
404210
256518
151916
105269
420149
297462
230174
254217
344310
344564
240883
237876
140388
237363
116625
413811
323412
186000
257350
126764
175104
294659
128916
312728
108721
287816
278467
144371
159476
169785
255085
393486
133613
173470
171072
312805
192769
221616
212683
247257
342694
260383
202251
257995
402154
156061
102937
395618
199078
354516
294210
222569
152960
173784
146909
126725
209065
173997
387791
107489
277210
204974
160728
