427422
306859
245809
164068
327796
306832
177636
148536
188833
196809
450033
371371
214234
455672
275887
274287
347596
233974
268819
211119
227052
431569
315746
239570
303968
106108
310579
197130
399649
328906
292090
242592
403289
273351
216481
145600
423039
444603
338518
259134
323111
220103
362500
387540
155409
438372
242957
164223
171595
126110
193357
404879
151282
193364
166075
239911
382514
198438
222827
340413
440155
331537
317081
175306
173147
240386
169924
440940
278507
368643
216731
372642
134479
272673
321677
229552
165127
145983
123514
161302
165928
331342
120066
101720
385256
402799
179834
359225
174972
289901
251748
376405
114074
452531
130267
178818
270516
446810
287925
384590
444197
246068
176515
103082
153998
293370
331349
398637
141156
169337
100684
269790
354789
106161
102762
225312
115054
352489
234357
170086
347743
310389
325542
235433
453710
130711
263570
176087
252992
375174
143099
102431
285712
427728
348448
140291
353747
409645
110178
253530
429227
415582
429416
110374
122132
195029
283854
160730
195675
126662
349907
188710
231903
404383
351197
123704
443484
244571
157870
206676
204291
166429
455745
275650
214842
339631
287062
274008
314880
206122
439574
202496
188649
245608
390538
240121
137035
429170
172295
260440
213246
191139
211848
132138
190377
455512
276528
162588
358791
362050
211213
120972
154616
199102
353536
108764
320092
175331
386242
141041
287381
298641
423179
266689
297239
179457
188628
412795
309589
251328
389759
400698
277687
284663
257935
360185
293788
301577
335245
229727
186925
453334
434697
339713
222676
420525
204167
121125
274831
130787
123703
124443
294742
429110
245071
343739
300071
182688
325535
383741
223169
396504
389044
322100
187537
138993
196724
445581
295391
453077
231608
392615
149042
387554
258469
407465
301960
409491
318697
272494
456089
409701
340633
362672
113096
228600
155058
329818
198706
149687
185325
205477
237988
305067
380395
432017
362665
226194
385763
439918
434997
377415
336302
155001
140016
231639
343758
251076
124631
361269
178262
184360
102021
429126
311400
149155
437410
171246
106633
211541
221973
145182
262113
318478
224036
201503
103539
160947
230293
395765
285541
284108
206172
405482
288503
258867
259081
154406
135262
262742
305580
113666
264720
155816
425486
210515
433640
453455
351027
420641
357739
172935
209301
349514
154059
167367
448658
356232
346172
270507
155990
144578
223886
251140
132713
212614
269599
115942
207485
433835
292302
192051
438948
303460
300278
212184
152189
390089
219045
336054
375565
164024
421581
216595
107689
248979
146877
208779
226326
400561
139360
356674
420442
454210
417137
184350
329474
320617
251694
396427
201925
156632
212791
168376
437717
376399
386702
266755
391322
401845
148010
157357
355281
128827
201899
112102
391345
247916
420377
133458
249834
285425
140947
425207
398193
135024
281896
444820
202503
243956
401938
143830
111273
132687
270880
196910
343293
312312
407865
394762
331906
260834
408545
441055
247305
136285
359693
436251
322590
400804
272504
179843
439280
201170
207063
226158
270404
131217
258998
148569
187398
189900
395070
420022
149527
455191
266517
276209
297053
228263
360606
146271
321679
198517
427743
234930
181609
363766
206492
351044
372958
320600
343616
192330
164351
334754
245198
120806
209100
373026
304065
262985
144903
340435
237099
261164
339567
124212
446669
336656
320045
375532
263583
325612
244549
134755
266923
278030
295287
189110
440375
277199
118224
352236
134062
420805
211286
432814
328500
272838
418853
383113
334023
286269
411933
328473
137358
218678
404992
159506
451430
262207
259312
394608
418467
247792
302355
299580
327627
377661
416363
438648
181762
165312
397432
418109
246901
431231
323314
215349
379261
346685
387944
113481
274172
179836
114383
188197
430118
241993
222266
356342
428056
306321
183552
201862
330190
332070
203687
213858
392959
346783
372408
201579
448602
113851
157373
376834
290715
189786
385771
362371
287990
423291
201789
140543
252734
323565
266412
307380
319039
127434
292543
264637
283003
371858
222108
296095
227624
394727
338991
363148
408918
264998
225923
378936
231898
152731
406498
173767
314811
218792
383621
103617
350949
256206
337747
302836
364550
203728
411884
215949
297891
162018
363831
188978
148355
419062
297081
106379
366660
148222
262879
226834
276330
391264
400312
203279
111065
149960
269850
254724
382614
218491
106198
192204
257417
352154
102824
133845
455331
159520
139351
447386
448180
168701
151947
351285
206929
143377
144545
308966
100425
101694
410451
155524
384824
427389
100283
198096
430595
114140
411818
447615
276477
313148
296085
268136
107388
296936
139179
226004
157275
121869
299327
216126
195600
369563
318045
390001
301039
239564
188589
188395
148173
178603
447838
149473
313868
282163
456037
337720
428249
408321
440326
192462
159777
251424
448698
261137
335216
271068
304724
233774
248723
396654
430517
233229
161982
420484
289946
391647
442645
310221
270214
154647
429175
391688
134752
414202
206138
143844
126103
145906
423161
356338
342108
321834
352823
219675
337150
291141
175503
144666
256668
297092
101157
427835
380849
339296
227016
286068
402711
190302
295402
143161
236784
271694
320515
434069
339841
214210
390670
273545
354074
347664
239039
387172
284728
332490
224560
143721
296290
358962
149663
177790
169336
134866
184417
286335
358802
358850
426541
362898
300534
404045
105136
304324
317394
412390
179389
451927
122998
381603
207778
118140
398674
415016
401242
304972
122139
317212
151078
407809
420376
201565
330721
247185
376602
404849
211991
301852
424139
372553
429188
270316
353163
177739
454491
416252
178838
399692
442406
306865
142763
436957
100395
229490
454201
225679
177794
407255
243982
324063
157415
111878
300861
280172
235180
433230
110310
147455
232336
200564
229339
261112
351861
429362
381394
373903
306616
150930
236708
342105
144694
277707
108110
168266
398518
344255
425685
127969
189889
183895
267397
134785
108259
213577
417682
437608
161724
209410
363100
306178
130720
378859
342255
269644
215444
206661
145858
369101
388071
340846
121830
168134
456175
400247
172262
210771
218736
422155
321006
102666
159688
195107
394300
336860
353384
368724
238213
228048
363115
222037
397807
366984
407100
353657
248232
148287
245235
387883
398202
197312
193205
201288
450393
408749
113093
371048
235879
290243
423136
109842
212506
303210
289657
438928
437545
285955
298689
453444
134239
410126
219525
200677
318826
270652
203443
191710
281561
248994
174458
142643
305098
354678
439896
188166
344062
446838
453998
159119
131852
272711
287566
152801
177734
120110
121920
171468
328065
322700
277464
271160
324785
183773
147170
223934
435931
215317
107958
287565
313885
117911
167216
195009
341969
268868
192194
414668
451589
352210
121316
110131
426908
390002
141328
197599
443349
175766
174269
316460
338413
206310
253234
355231
113978
198590
344928
445767
295413
190642
215031
441831
238777
300213
111934
186978
181959
334828
296377
326678
332429
194520
149808
337357
381660
236559
284624
256823
219611
113400
241528
211600
386021
299790
233415
302900
250307
316975
308774
301263
187169
271441
324521
390984
270193
138967
437007
425232
216036
333997
134247
318166
410599
292398
437308
212576
242069
118340
351270
287716
190135
177235
247016
330206
299405
135536
293657
134074
235591
141051
109697
348282
261823
213498
115817
306458
395950
364568
273831
132593
341144
343733
122983
308830
142781
207034
335623
135840
337266
432997
229763
323226
430749
189123
113529
205383
133895
162158
394335
270911
140630
439383
156328
199293
313265
374480
288676
343905
449072
313624
328971
288776
182182
394827
425157
254814
132256
319550
210238
276009
141663
264982
334388
332503
399779
438140
288315
345525
202843
329111
388357
318258
416033
333340
136499
398941
194689
409830
447558
186471
139276
400197
145184
115714
180623
239037
305410
350981
449491
208329
208829
271684
273652
253949
409775
127071
422946
443402
131383
298037
141472
170437
117834
382960
278929
429937
128916
264646
307701
439191
341349
261501
115794
343714
441566
416285
279786
144274
160569
110909
252486
111209
177491
361804
253680
109629
152439
404644
198499
271309
447502
189170
376661
125591
443028
182669
399307
321506
206177
261208
137656
301319
253941
128995
396386
290272
128064
224345
134120
367839
294226
282982
202759
222551
191423
271757
158924
329285
298422
147422
131432
366376
407199
326800
203278
263365
137162
405975
101072
418940
380619
203486
326169
293099
257311
447302
270530
104125
317454
432314
391484
368567
433593
404416
349972
442611
405928
234808
438445
454865
316387
366237
272487
353694
441518
219677
407670
362137
257623
212418
314155
174274
159193
287991
278975
102319
344327
137935
150422
300579
147479
250491
261884
109759
373452
107151
142043
238750
113423
253213
230169
337389
273949
200596
412143
213919
427221
220968
353679
261923
378144
429869
207748
175648
320190
328992
366465
233584
315879
210626
403538
422267
336030
274207
166554
419334
340258
305737
302240
451015
141582
385850
302245
338366
440633
382748
294261
349382
257336
330488
215309
107332
121697
412629
198622
382028
186008
265263
213034
201334
413966
342765
114206
352663
144653
221328
418552
183607
211186
181725
347312
114848
415446
275346
229152
250567
223003
235534
427710
391294
214572
407586
218301
189533
118211
322674
288414
241904
252579
333399
253732
243964
364813
143927
314481
176378
197803
117476
386443
230611
194515
129800
290462
430287
146213
249792
411779
418983
181899
263268
307806
411473
336972
387545
239925
352316
175944
451138
396773
342989
111722
112960
363934
416241
323178
411865
181962
288724
221837
270932
453267
155971
427623
237161
286546
158293
399907
238781
442106
288466
151204
402162
132367
234276
310671
421337
113034
153533
112110
324891
138987
343975
265306
407808
441932
244808
245254
294700
115072
201240
293349
423068
252895
313896
437851
297764
280853
128287
295062
142744
378444
407434
106927
325165
379169
248793
332631
438085
363892
163824
378752
254260
222734
111782
278623
400803
354664
409290
344886
355949
100260
272939
336482
213658
427283
100040
276284
325978
227312
399386
232126
415181
181339
250504
101556
387867
138065
354522
368758
229733
173281
198960
153747
215804
108328
187536
361139
273550
285218
124911
334065
374681
432389
182876
331642
450064
343731
326596
298545
267384
454963
276786
189064
452149
447410
268223
435697
260912
186399
143480
155036
406337
131568
288148
175694
196749
325045
295225
436780
418008
344678
150590
326925
271253
120906
314358
189592
341268
232268
176781
430373
316533
226574
201163
145464
247212
260666
338544
232576
411493
280331
151377
286787
421058
123002
417046
422034
156304
128743
438041
273275
164872
369154
285201
290748
390418
187551
441219
342152
306974
264741
145786
426640
114883
376742
298133
246610
281681
348842
391833
449860
390409
195324
440218
171234
441134
320546
170160
295510
290485
265694
410502
212942
263213
309954
126291
451944
306818
426040
203979
318490
293132
271047
345203
176317
423294
406733
421138
298229
148563
288153
154245
306115
378571
396700
218308
314988
345116
129447
233252
146348
184179
385421
105527
337342
300806
161716
100448
368198
222250
256070
314058
175686
430397
219468
247327
186844
243261
449646
433437
448520
242266
184212
321968
151447
378747
315019
212403
204456
226355
426620
366470
346146
369463
390884
175014
222125
278861
241703
134053
200673
333323
204514
253946
256615
113889
280380
131867
353948
310003
332711
224115
378091
295159
200309
369966
283834
410236
320809
406432
158430
342073
401317
204958
218770
185030
454874
288127
334641
135895
122793
342558
383556
139022
304666
160438
279427
227384
298737
396532
123220
179147
180512
380953
439023
259476
398151
440142
172561
275219
277337
381653
103211
223902
434768
285811
212412
226211
314702
157133
149745
104859
452029
102011
331791
114421
290381
376543
158257
389867
324390
407211
425757
147244
242702
178859
277427
129463
295990
392387
204488
261234
116070
109493
129651
301901
265836
361567
174679
132957
415447
322551
137766
237499
422427
426685
194940
355787
169291
136723
447762
130306
156702
433025
160766
368316
419382
316897
408297
139212
200854
433886
155006
291968
430798
147505
336828
385412
220396
196980
237564
200645
363875
123214
453281
177450
114756
423502
158502
269805
417757
105179
407076
337350
431826
167279
367264
315472
226946
442362
317929
208811
377368
108221
164930
320534
213525
397479
176697
385664
268401
201549
330412
173207
453923
378876
245758
351871
398794
374657
262219
452605
316169
333267
101934
176188
184734
449703
315881
259670
451324
202440
183685
139100
328116
294884
445022
148399
370076
277948
403222
291828
144021
125808
154832
201582
447081
282451
441164
356348
261011
280078
393412
419207
178877
359636
398899
391233
117592
246051
145027
215964
207110
298438
246672
285336
308070
118297
101820
379603
176476
331433
203874
221840
142607
424565
162062
279673
455550
408789
411968
332883
446930
393451
292186
287391
223604
143148
136052
334561
242347
175243
160326
122204
176269
298260
171698
393369
381300
127635
110739
169471
217133
432440
311361
418788
285692
305967
324444
391593
198203
305973
232381
417646
161587
249366
238246
347165
153645
380475
303832
156706
444759
346244
157483
126257
278339
284201
145188
173307
197315
384359
380920
409288
399508
249294
152690
333829
157426
256248
358916
189947
395794
375093
395505
401910
336100
179282
207539
289313
375407
226381
273702
291233
195590
162374
383637
406413
407396
122410
274100
218031
253597
266552
109713
159694
354452
422442
149547
444247
373717
412106
254039
394350
416432
118844
240524
176144
216478
153430
183823
231812
195989
171847
151346
449321
428854
176882
300792
356274
300622
120823
448376
127443
211765
428656
418816
228270
318965
428186
419899
234438
119311
382537
435663
162087
198769
323672
176552
146573
254404
115037
314410
258029
228639
295706
349387
279993
344091
271120
372418
431531
129465
105374
313255
118118
383914
348231
350495
358999
224936
167448
375666
449443
447237
292787
117387
245508
442169
455947
212350
394587
396635
307268
316716
384770
387299
393180
274178
208122
352634
283649
419580
147825
221448
107057
409529
325278
141848
217345
219982
435273
138715
416282
202531
412514
133208
260893
300452
431006
398821
103333
299988
185291
160424
100288
146079
238301
345304
178137
227094
162244
136153
357300
307298
252993
246284
224982
125950
261194
346613
213286
431997
300546
119862
274230
448173
178523
421951
442203
264366
439284
266663
154474
282868
295718
235581
292050
341455
395549
361594
351730
336676
187007
290420
360910
340716
390609
356394
452030
173808
406360
337045
119588
199895
267452
147852
421897
294872
330927
360433
411685
137237
269996
251817
434651
310514
389078
279567
351513
166412
305430
232447
332962
421907
157969
113949
147746
185907
436214
156615
134578
299976
189825
398123
249315
137468
430470
220658
340761
417575
450157
298437
130328
382864
430421
101080
105348
388102
311012
367844
343457
410832
261526
337490
204732
341006
437745
410191
352345
258353
212803
137328
421516
305248
403346
131518
320523
286376
262121
376490
449585
217292
293586
103549
416010
240384
421707
178462
138306
197890
348627
314255
453436
214782
311281
157320
174234
263596
248715
258404
273727
445008
117248
421809
413669
381546
145445
335953
419320
365895
318202
272873
234606
206785
405376
353797
412995
229304
334689
162886
151646
178901
352332
307621
204056
234169
294760
137838
233703
344782
313668
311876
447759
121522
412504
101477
432959
240288
367398
305432
126433
405997
123138
416043
405643
132864
103346
433219
182372
320734
360178
130309
210043
252752
222784
298758
409249
170931
441670
316584
195783
159736
101491
345501
420521
113801
142137
412112
249627
180135
393820
403413
230992
284892
416482
366034
186854
334990
404117
386054
156659
160803
451969
332830
106495
188393
173329
254315
268502
435051
349420
329622
392394
409160
308865
218616
424688
220305
125654
425888
390725
381837
412200
333707
182186
328365
104692
139400
162700
297847
146188
393695
138095
320351
183570
323212
223544
242864
127147
174708
115131
308022
180111
398463
121690
368075
179400
338990
386256
347007
138240
195399
338309
340240
429503
313844
387692
233256
447455
246876
423654
149019
156162
373679
218928
309120
223786
427872
345292
299713
280412
257321
384422
403463
226084
444995
301279
254607
219393
347462
406563
133279
337660
123152
259380
112658
391378
259942
367078
417328
437135
111284
268278
435146
358325
107618
106323
272789
401205
263753
422359
346709
305014
256502
441810
135458
304726
271686
338020
228980
437119
332412
288644
113728
331435
338085
362837
198757
133456
268355
155300
295615
418170
374725
364852
352806
200459
431175
264753
356467
127728
292461
149382
451154
399975
309900
292658
443399
438246
325577
321863
371007
174170
200559
323084
194420
312341
153437
176947
171522
303135
320044
176761
339813
368903
200276
128049
413979
142773
167895
242070
348286
163301
202751
110782
228082
243556
346762
154921
200679
384663
141779
418524
249049
318049
338198
379187
422336
226472
199197
300625
385175
189141
322109
350701
189588
255385
326721
356710
250129
339781
172542
342501
183921
446049
316461
209124
305393
180414
259519
200893
289388
252172
271939
294998
415244
213460
374085
410211
196124
163060
231540
446524
297914
183090
423916
373345
250563
445738
147326
332437
401678
300742
368872
452559
348925
436872
308640
371272
439135
299672
432923
238654
359181
219734
293483
160551
116363
207904
192063
400391
347403
389882
238171
358048
452046
196665
140866
118038
325243
250896
331375
194078
228313
212731
207066
244018
396745
194763
430723
381223
109674
177926
318323
142003
340580
221042
141393
235298
314993
431029
180532
411279
232856
102639
137630
170593
329085
121518
221600
289693
405476
112981
103626
443366
409956
230925
366045
447393
276293
276357
163193
327526
380594
449695
372080
171529
123137
279989
365188
402164
277083
343209
370985
256423
139136
409815
138218
307393
102284
139345
435537
298667
433718
355133
315089
217711
267091
388381
131901
113965
266658
291999
391149
452130
234644
311759
312392
237469
354318
387499
383391
312123
166385
393042
288196
264193
331111
138034
319388
155448
272831
330330
384593
330697
411308
322342
333659
195749
427608
199799
373806
377823
312387
201147
188321
158476
208224
364631
355178
223852
207462
444366
178130
188068
144070
164977
197035
281200
303701
155913
225917
400399
136481
147769
246158
364434
125754
332744
376146
119298
152830
202729
112484
316452
136061
321662
188916
218496
425199
434605
368832
136803
307327
406307
406715
451102
288208
201649
409914
248741
339070
279475
309845
448764
117838
198518
340997
118137
267370
261362
116635
258296
163274
405842
286219
120533
114713
240329
199253
415591
189529
319013
115363
158657
437684
380842
438522
228683
234493
109554
171365
394626
105828
434792
168596
299797
193373
381776
108717
155564
233088
137933
293314
265202
427101
390716
133595
224455
403693
362134
207326
255909
121798
318678
427371
405056
197954
285648
415367
235354
170566
285979
238304
265906
117243
179991
328100
225345
411001
349199
348516
403572
337799
169756
177462
303912
340439
154420
157899
345631
175899
158175
158621
340788
318249
307172
198039
320544
282632
147346
420401
284760
323924
217872
273896
402794
204419
378858
323361
296188
222284
197961
358643
373955
450045
200514
379398
165527
140531
442837
142192
265773
417220
385840
195736
343633
411059
266628
367833
169649
386329
317313
276950
434348
226811
273320
211464
431218
401373
276978
337308
166440
414717
369174
303156
118395
274311
325168
123024
162842
378188
300492
158890
101910
205113
252469
154798
295906
377708
199900
268179
297018
320104
239410
306281
254792
218947
306815
298943
127475
282461
428524
189958
320865
400713
186614
368642
387163
203642
353586
209044
254419
349594
157086
319397
111906
104396
284484
370252
215067
334615
119254
384093
377085
440213
422588
347098
407518
235702
257122
240449
196389
133607
129620
389353
395441
263525
185755
230849
134384
256578
404719
394610
393065
107473
160940
371257
164658
212118
426083
118563
200547
244380
384631
142774
240694
313525
261925
256781
431842
400716
154791
225252
398507
180070
356810
401598
176234
205521
148201
337503
310934
420688
379353
454224
171054
262937
286586
154110
265541
308658
305228
169139
401987
117283
349751
302413
180690
327156
441356
108130
316709
220132
153048
337929
217483
415291
322539
195482
276226
211961
378933
414934
212077
448439
263571
167458
405423
283207
182283
328274
123901
225705
433993
173615
238185
223658
439517
293148
346308
123370
301961
413998
288696
168649
267613
331916
227519
228364
416642
123108
392544
230708
273541
405392
295862
418347
319993
343493
194644
115691
127250
330951
330373
360551
392411
386322
343069
339264
359519
108588
128838
106921
151000
150848
308062
275175
190616
369411
349190
307707
452766
407899
135247
141627
227408
134147
180650
388283
282051
340721
305727
163552
300705
384845
213409
118133
353926
338952
288783
195916
276989
375045
359733
429974
431330
336276
234376
441426
299376
274462
310427
231566
113600
219117
378980
406547
124701
228614
379279
139531
280111
246604
193842
297698
130868
219257
376663
434035
359098
328977
200866
116369
189191
412647
193305
391424
171999
171126
341224
376423
173943
167399
432533
200252
264474
203260
284247
156750
424739
374216
246674
254415
398900
136187
365620
240876
449911
329279
260757
271161
432723
297950
443419
389430
297817
435008
390938
209942
175207
441595
185055
336337
309095
387594
383109
302003
447630
249924
392700
225678
317162
295988
274035
418654
190129
175262
318459
247938
351289
138529
335137
417661
150486
318106
322992
121119
214183
188847
289113
353022
295193
162743
236041
124992
107733
163326
392419
407604
427938
286352
198394
288789
155689
325885
262722
141653
170962
191879
183191
404360
258816
290554
317987
129638
231673
341473
316445
408283
208107
267525
328611
421523
234261
396568
327277
205684
372211
436583
287018
263921
406955
433644
359031
456071
367593
420128
220483
182428
230895
349359
285714
386516
250802
122141
443267
379773
190261
437775
231769
220638
101255
128824
204277
454168
106507
311697
144052
248152
148854
350525
250534
242688
287087
411319
273104
352710
313036
433866
133735
243657
356773
333946
349137
284779
175904
362260
287713
272094
176506
229652
277132
133523
237263
386029
416338
284022
105280
200947
442632
424901
286870
422306
262361
292785
340809
236211
146154
389488
353319
367189
433282
106834
390756
255341
446767
435257
133831
360179
217768
155340
328915
326357
406744
181516
355080
145073
396304
427191
293529
216381
113010
386722
149454
185652
398328
405786
375134
196636
264042
199640
335043
445513
253132
271006
214216
167147
156775
147414
367342
320872
273262
297402
170009
178158
261282
112079
204388
411380
103923
136308
270321
307772
424087
310494
343910
217456
288469
332260
186987
125146
291460
320244
393323
229744
147052
245125
126875
403854
269825
129696
199857
349045
211878
322724
365941
370306
300239
370507
401872
243079
356456
151062
103641
391538
150825
452533
135868
165639
317200
407932
222090
393181
235410
154312
190249
422910
108665
386652
347333
178315
334436
109343
182613
107375
318872
175389
332995
449890
283407
135889
143107
130716
288306
101806
246784
204311
404319
319652
251798
236368
426666
151436
129451
248686
258242
319989
158058
449242
321173
354205
183000
104220
332587
214874
345805
286873
168594
352537
210634
394971
306263
267543
359694
439444
285780
211501
298105
326517
332599
446036
254004
439521
196548
424985
235209
367359
187620
267616
259233
317681
203661
375740
115989
439330
360655
140747
449708
391225
346241
260813
396400
160055
299499
270489
291247
383297
308927
197398
234437
177788
282341
227461
329263
311504
232892
135873
228093
219961
187053
191940
445261
366035
339666
363511
266712
446332
290090
416606
249937
326791
397286
185892
160868
183339
373962
192426
120328
393389
357972
211521
320286
299645
100031
178835
172669
283721
291314
256961
101600
330534
110542
175470
331625
327889
266507
145905
437052
101770
157350
352324
204607
105063
273501
412792
208194
333193
292357
309570
153498
133648
377485
262356
282460
330959
199683
426323
320871
421133
315246
444373
164200
116273
431346
436666
326722
450254
160486
219991
173990
434424
308997
155499
271508
204942
442725
445287
358719
141711
315345
364167
339159
442751
204773
389800
136258
394887
240905
169765
324360
369720
138790
149973
249065
285554
392705
357945
243500
111212
209633
401787
365060
296362
407114
315214
381572
407744
324888
450388
234029
238779
287041
254794
448311
129393
208822
420846
103316
262580
248097
137481
181024
327332
180347
231944
345710
138851
264323
264163
168879
149868
236536
295270
142456
335812
339548
215473
218524
301286
191495
214702
177445
396091
322095
380001
329265
148579
105609
450435
137713
256806
345023
253219
429361
227620
241541
269719
172383
393317
226568
391849
150740
174906
140933
134032
444267
115543
318840
403446
255456
436790
347508
451961
419768
297102
209084
414637
400057
110256
195844
115019
215150
136770
325740
313273
446775
222602
271899
245432
167678
142434
157081
352019
433493
287727
187165
239181
251000
193649
242967
100189
305552
249849
109417
277452
120025
422419
288667
373642
102489
301881
403682
316926
224340
435451
426284
339071
235524
388824
311464
366551
204625
416614
202475
220353
273784
450354
350736
307057
287229
351485
217662
289265
441205
384110
305937
416494
342126
179279
196679
206862
136602
168381
177786
260927
118345
329660
400583
402373
423185
251626
311993
283645
146995
125977
338136
228468
197635
245917
344771
195310
123618
245448
170202
247893
366739
368204
143022
320860
381232
174864
124131
227547
345254
161180
405126
208326
305612
398282
107911
390060
152853
149684
191974
320839
151014
271174
162561
131050
242333
220668
238995
309271
128663
414530
378266
400394
155622
416094
163267
432801
377714
274194
344802
186375
182088
245197
357282
295702
437349
424040
328243
298652
439740
328077
391135
455685
285786
183609
110218
117514
127506
327569
429581
420237
173999
294899
211159
381579
182559
269609
309340
448634
439357
313278
108577
133354
388138
281044
291267
130128
283579
144833
229618
413364
122489
324638
304875
455993
431571
391506
291364
179466
290424
200294
174969
250368
303748
285202
209398
418101
294605
451689
158682
369716
384134
333441
425025
250243
321211
182254
394318
142753
388157
214271
234161
419214
359244
249433
138979
315374
422601
399346
452093
398638
337871
114081
116405
408587
147263
336963
436003
383019
295554
440563
140805
164335
226936
277684
285790
344038
388227
139171
285166
451744
303638
171776
369051
354899
148037
236145
263226
361798
170834
270401
302737
426016
327719
163373
158001
392761
370431
368603
384189
158944
384485
376568
400471
437701
211335
308668
135987
228767
287902
141103
152465
258959
145635
321964
152928
115417
307999
220268
100095
451134
246011
403812
154835
251666
375392
281495
289866
328311
209189
288845
415572
326439
424430
411163
100865
383043
271055
177941
240344
281715
311942
209026
197389
142627
229570
129872
377208
295851
341624
132187
140939
341058
349493
189028
237446
191067
408105
159352
310207
274065
372284
219666
175789
416479
368572
144693
400032
438614
257436
338372
245916
421338
349008
173854
389291
102543
376271
317990
320868
429526
273394
218443
159118
226566
139652
175280
336463
390769
357693
215254
307923
308935
347995
336182
434418
195677
144503
243819
285010
117772
104919
386765
117505
246345
238430
197527
210602
241470
411295
192041
305070
454832
344007
221874
264951
114914
307126
181004
305769
212997
202934
216239
229520
253060
400486
349689
107196
426735
367149
247362
102538
327634
252942
358912
386191
228504
105925
394612
296915
272724
303668
345898
122413
133112
317715
338286
322830
390433
122273
120339
402717
356643
119743
347114
309754
346503
267721
455183
300811
445218
441368
223148
439302
132273
188661
289428
412869
404931
169176
267383
334441
425152
452800
313507
451075
290207
323751
123066
260208
164479
413125
275568
222846
130384
327545
287597
299304
261932
402535
441938
416666
415300
372919
354605
228518
329352
120033
336678
333436
249813
428811
344591
362471
425089
234121
296886
239060
117419
118954
122304
202189
285439
198277
126411
245046
396096
134663
109121
176653
211252
272748
169828
436575
254281
273176
124331
153975
124838
240391
358123
154697
106997
179227
331731
252876
422655
282978
125282
123107
331797
187248
436367
157181
108489
432546
306880
312776
355889
150581
302338
337558
405556
275454
108334
144908
365957
280514
149830
445516
159192
262315
294438
104205
177758
212613
357605
228253
365121
399542
214989
435232
349680
352360
248625
177961
322629
399405
151433
346319
140206
163343
401027
178382
243675
130726
155288
238339
288753
410820
231972
443846
187670
212813
341219
406246
326658
341471
187589
399392
330998
340628
440803
186641
177166
297770
311352
346711
293640
335417
307628
356634
422595
256785
308908
150121
149215
403591
294589
302782
450136
184857
387041
435247
302015
137276
235261
307733
442225
309491
276443
326281
334858
248386
250010
389987
108997
222466
330167
439547
365686
149520
375228
224943
184581
197684
279943
151601
336406
365722
154175
414507
314319
101966
130341
252070
300567
374456
168441
307932
307941
120771
132935
102464
391082
359037
159923
132143
430994
415502
377593
331501
193564
403098
335917
133769
434725
304818
250794
317921
352018
379460
318879
220722
281436
248757
366480
242940
344948
429223
144567
175915
261008
358120
440753
316606
210371
169545
215368
393332
138120
116973
429402
409726
219705
260191
201445
419887
154109
121666
428761
338909
242278
318066
100114
335671
365138
340981
223575
251994
327266
221824
331291
174544
131894
247276
403148
313718
414727
337095
248930
132267
451144
318970
270878
369571
189737
221883
124017
386351
186027
378244
427571
181066
190495
169619
293806
183038
211719
348865
424658
338106
451885
186537
139210
181096
238149
430683
222655
183125
446558
345063
247366
321728
374767
236763
389091
182811
433364
404975
239338
418025
288537
301481
219642
299368
379848
216488
252231
326816
234180
435517
102391
287304
428829
347167
328814
329366
271146
367820
399104
387616
303828
112714
242933
199474
208077
180183
121885
386911
252750
158048
232376
210765
303310
263392
186862
384954
378990
122056
303652
100571
336468
106899
370464
414395
421801
171688
138049
242524
202903
287550
431066
222583
306780
313785
247881
301397
320220
120776
319015
242251
227324
207627
189809
171798
118216
273868
269412
308411
175924
454915
158635
208908
134157
209075
141966
335766
347008
142554
115535
334199
322962
411188
107726
359638
106227
423637
329522
331796
204619
183732
133882
363501
239622
318441
318243
232458
297991
149501
251593
413134
402119
451618
158962
410558
108093
102606
340732
456046
323342
254302
259675
358746
134728
183722
285413
122947
174807
163606
434585
258970
370321
174430
192022
168925
345318
313006
349300
252122
424601
213237
163498
414244
452848
193200
198192
418206
421306
282377
203269
285619
185588
184277
330856
312739
413005
376018
451312
290047
263474
275491
260693
404549
406560
298244
424796
393667
413295
414136
417358
421593
337705
130478
398014
426360
226518
143131
374761
346895
395911
193521
140419
136504
242756
363526
440361
225447
417739
177910
151984
406258
323576
352431
452097
377486
177815
144307
201279
431195
429619
258624
451581
264509
316198
260231
250704
304051
432805
332873
145501
265794
135534
450594
168772
200272
167885
210320
216983
138869
109378
116090
236516
216062
456185
434021
266555
121705
230081
375899
421939
143280
371721
436551
105815
219162
228417
135700
450271
431274
445189
141035
365769
155663
304812
256323
261054
244602
450092
250015
309427
284461
122830
192145
362786
386740
206999
137968
172766
360266
280616
373869
168308
253497
426130
182792
233174
412479
334438
423196
183081
133365
221773
453966
406685
129794
106112
215802
430091
321189
439298
374708
173473
375766
433533
263734
168084
378654
375539
375345
336345
196642
374272
189733
104965
121426
222130
245055
417127
215170
323409
125115
411562
153962
141594
258571
451352
410074
247626
454512
206941
389819
108974
438711
103995
206668
356203
417599
399111
191048
301042
436231
432161
185284
160855
419732
205390
441153
332732
403301
274919
382615
184648
248099
405853
218416
229751
367083
269153
323823
406619
119411
107228
185813
126572
241564
118183
116197
105033
260028
215310
433503
297124
385365
392074
125367
137886
363826
158386
223755
269142
349891
397889
320885
337886
342206
177276
432342
107613
347879
351634
144982
382169
253039
178786
207679
424068
147238
327605
265841
422363
129493
440122
181794
337224
312455
396040
196102
448544
453621
242747
208355
278147
121384
169430
327458
160636
309914
336577
150788
100959
316302
120824
189926
451501
377867
146484
237544
110670
262450
270192
156034
428649
247817
316956
293503
362189
419973
446648
153253
339134
197953
171805
167606
208086
172590
364635
211274
417900
191805
278877
374859
303796
232166
328567
234639
280683
270578
390246
322522
242282
429176
275602
406224
386604
349962
362871
387055
266631
394057
225206
430507
447857
423833
264693
354224
149234
177049
251323
195438
337701
352898
188374
278062
258531
277000
258985
338745
318119
157733
155796
430705
201352
447441
241091
122653
173396
272694
155186
152481
226873
412774
213918
332442
151677
283910
316165
388974
156818
350287
244407
354587
383947
275066
320399
401034
217576
159862
312769
252154
254227
227410
285605
430363
312783
128222
240453
221365
275464
167500
392197
100195
193218
250726
447826
339878
399166
180354
320661
145151
426991
408346
121373
322401
245656
218109
198527
132389
453754
338378
233524
337739
261618
288543
382417
385832
338852
315872
248400
429366
317451
285332
121679
436663
422348
311803
196184
251273
133525
151391
269335
353824
347066
213937
144728
203953
155265
259688
199430
159077
302671
408279
165206
419193
241864
116165
309392
354334
430988
363009
198249
451382
171784
152792
398816
115641
311282
146443
328269
330521
162251
357620
335264
408075
132561
242422
455868
123772
231436
226833
305143
206024
450564
311905
375726
202122
421351
149832
455020
319145
342959
162186
238153
453224
291440
402503
350365
207536
178841
386580
175757
223099
421415
419101
402189
346378
153418
214225
345048
283782
396714
229483
241624
135112
401884
284457
171961
130919
406981
448170
104966
358171
157424
423078
220849
190077
376196
242243
324200
150621
386010
435779
229575
121057
241109
340710
243829
136601
284739
115538
404086
110621
351776
127360
392958
294527
267558
214396
454677
357484
282117
255695
125229
342995
282770
371808
200444
193624
267005
148931
121465
432106
319223
125005
217063
216542
270077
215298
416115
357813
170616
452926
166217
436568
175384
373711
397356
183678
275478
327694
415792
240181
383288
329537
151641
418881
180386
161802
101748
138808
204745
396133
331648
344522
293003
312960
195179
224517
166557
429410
393300
309631
346035
308522
433265
331105
163173
395745
278094
392465
154358
424116
376843
319062
169943
440123
125050
260037
443500
429843
389961
224045
426722
240863
230886
129233
339510
299392
352593
311817
283225
356415
280087
365852
409831
239874
136958
384996
208581
171351
262800
343127
244548
361245
434855
408027
325148
132554
325595
317391
381738
267189
362481
422797
251905
345980
367676
156061
257706
170711
366372
388815
329681
246241
392136
285722
348307
144288
255938
249150
309917
153455
300778
174278
226076
447448
331503
283968
154700
197071
350405
180508
132854
370774
261575
139969
104938
331249
215702
104715
371082
374908
358158
219759
438743
324791
111046
408440
362963
350853
164715
245345
213365
246115
134122
289081
454585
156893
126390
278362
351499
408140
157110
303406
106039
428144
428251
132198
196284
213384
297665
168295
394599
195160
125020
204245
154372
367859
400953
171526
384371
188353
420732
189810
300836
140788
239611
125281
102351
141772
202334
160893
371752
193752
202362
313096
109944
207323
222241
120018
100372
341892
297615
194518
134013
413537
355352
337285
100055
437960
111940
397272
122214
343634
224602
228431
368920
399304
225411
107129
248690
285604
422406
289613
324238
405210
388152
199008
264247
194440
169115
453672
315669
206967
314175
371701
294456
420130
168886
128821
432486
174405
196278
210921
145286
155130
139480
439466
240273
355591
434227
319064
416575
368078
254665
400096
410492
259119
177884
180628
259831
198456
156164
226360
237881
200746
444372
124240
239125
315604
307397
352618
302617
352675
234627
248216
425899
284510
224585
293970
169643
139666
158698
209756
224156
234452
120138
342770
330504
403469
383872
417334
253729
255757
440241
252853
200963
454724
284180
288998
351359
429572
132640
240677
403892
455890
211220
359914
314384
239674
136816
336883
217924
143069
358881
348171
399761
271205
393033
320010
196438
415073
199036
195827
306640
225324
384760
213992
194621
215215
276480
450659
450701
295289
191235
106186
173404
143423
307613
240132
118200
253229
152337
202663
356192
172032
100379
434891
399794
277201
426783
133773
269798
141898
307074
434172
171084
272073
407971
364097
198484
340323
441184
189580
294392
263964
371201
215615
408555
160721
255126
118257
123521
408084
422844
382287
306861
187974
239763
232818
255202
149595
204650
405292
102086
254123
223898
270508
228449
294785
208280
266027
111275
352370
142261
412692
242584
440256
147828
173533
374289
323027
377341
231172
387608
451073
323903
387859
221037
274610
221890
375650
312709
453217
300095
391610
185405
324251
104450
259315
329695
214626
383777
126659
404496
374499
318755
388115
240691
147641
225276
331992
141021
448706
223650
204851
217604
288099
348447
236494
156865
417654
259113
433805
447077
344449
230639
440966
125915
369035
234217
351591
365530
296596
449665
242283
296397
187857
396014
284185
327825
311567
374301
376112
337453
254635
288023
297938
266715
150104
329552
177441
287385
334791
127691
112143
251877
393948
290937
156045
391816
404347
263581
160085
182890
309856
136511
305567
419182
338535
290239
196203
148756
352338
151736
190714
158501
387981
349095
257460
261394
351412
356796
249602
342037
449826
110972
287060
269452
335045
142138
338405
355079
120118
122589
125733
339775
197416
405848
362294
386079
397207
349305
184953
122931
395725
269482
425541
328778
441303
265029
283890
190103
367336
166377
364027
406472
428672
201594
180644
299284
371304
171821
254798
125614
439568
274707
207550
253432
339439
147448
297245
455821
360657
194278
423010
213737
249950
333223
191072
135547
303683
428505
280699
451606
286783
101442
354565
250921
349767
291960
174223
440374
271561
154387
264377
384304
158587
337094
305068
113319
229090
253927
285976
126523
219503
450011
371636
255019
293700
388613
261584
172487
171932
428482
282745
202942
365998
156384
237976
229368
201295
126574
207549
172681
181921
262603
107970
275748
113910
158092
244188
217970
340988
211890
202640
156465
157219
193312
235897
434913
391939
252681
410986
378499
316866
400320
383835
315929
115250
369497
286642
337229
449895
241994
409091
144998
234441
221667
414502
363835
395329
308017
103051
107172
305966
245220
141926
162362
381977
203940
359916
365838
249469
125129
228016
366016
162267
251287
411962
332208
286571
435367
181462
205981
190107
395310
231109
172018
194749
377086
150151
369084
449004
421343
202485
407937
405872
425111
181369
209476
248758
103949
406500
428857
296555
386146
201770
414514
411791
346691
213558
115894
286623
100086
102505
134258
191007
138899
127086
279979
370621
297634
179189
178366
217879
319548
249434
140104
289646
454049
106535
444564
178246
257992
151915
401874
434734
201739
271622
311015
431048
236409
420477
155552
200770
103673
320036
173815
208747
312347
455660
349899
248540
370272
356355
152024
271295
245397
342780
453277
311372
247726
440293
409483
404790
129934
328979
272351
446522
263624
346879
137897
421743
449672
215754
325608
429309
168379
281487
253115
320117
184048
308878
436072
434683
143620
165891
131725
204969
189310
362740
285956
372703
234356
443540
455773
406946
439365
109265
193925
313150
397731
150016
201625
315131
321399
193102
371524
114727
139277
401768
155102
258132
313187
362143
393990
367500
438335
441221
312979
113985
116044
167599
351166
232380
399926
202394
217914
428549
186117
383252
271467
299702
275656
360913
169018
326034
309139
450721
116564
158861
281190
195059
388172
152969
173206
151705
352695
174646
180931
285795
156210
390767
397305
328411
237437
346109
201432
388109
353234
257780
190463
190869
260975
270195
315467
280312
207355
270025
216321
366842
197109
444051
374028
252871
244553
423628
156131
201124
125069
262108
110745
336069
379183
220888
339950
413139
229396
220026
209734
236282
215450
410252
389404
102072
435116
291278
269472
342388
357650
360127
272993
206288
323844
407309
221766
396226
218705
295018
300780
253535
118679
359918
102417
325076
144492
214530
429761
400016
244297
432563
327905
294432
204917
426413
170318
266372
102350
193847
265130
231814
135446
255300
297032
366171
147361
249810
288566
155814
333102
123084
263625
187555
153789
309594
251120
228864
279277
185241
434733
180880
369771
328841
417093
250254
213981
150654
141906
259386
377360
370785
377111
222244
302747
203683
168120
241992
112605
104649
243211
322941
176186
427217
216577
242199
427590
401898
236165
190723
376398
198646
425261
320357
112014
226033
117586
316319
270416
143387
121101
255816
433733
194256
421367
438121
212349
202479
227897
113156
122737
338075
121104
161663
261614
314225
246071
206635
331103
426842
431708
102462
281991
108551
157528
341280
436362
394811
448329
265087
447974
446737
275222
263978
136479
146370
435297
198391
217694
232686
223236
115138
287903
453290
256922
145465
373997
443378
367387
231196
170920
360104
280666
450609
319942
250775
379173
358708
286172
341976
178294
155602
370476
279655
298730
309342
134294
184622
130701
123834
446916
328022
249327
145216
442814
420371
280099
184344
347105
351554
189909
180104
433501
331839
421463
341493
163677
207272
294174
273961
384596
194531
260822
389256
442917
171565
446639
107511
272671
410645
243926
111923
289372
255157
113973
122952
230144
124670
440550
359221
424306
414504
245400
342419
160575
446946
274669
326767
395319
188736
153848
209939
197454
286004
347881
441570
454775
147528
200133
273869
251495
238179
345606
342197
149380
108843
308316
205030
178679
301987
173673
214464
108960
379191
135841
155158
232704
426445
237335
190527
414330
277325
447395
331685
159331
424124
324086
264589
146372
403207
339481
119777
299341
327814
341248
440225
292810
205379
357604
455138
371359
421071
130269
144548
445063
172156
455196
142696
414218
106232
362785
235379
228413
372824
397282
127890
213614
231833
106226
267081
343980
172247
161861
275419
359444
455260
334207
152313
434099
428508
418823
221620
382585
369500
195373
262150
447292
325821
340553
149864
357971
453913
308877
159586
176202
391924
294245
431626
153281
276301
444064
203629
316246
333830
186379
173208
375905
443578
356073
142483
326601
115696
343002
441934
178122
299744
326484
242700
357468
121433
359482
446517
406776
417645
111157
343521
455910
117364
413000
277120
238932
406479
429530
304418
342965
170275
110033
292214
343262
390657
358785
178914
453391
101741
222586
244520
291403
211289
155460
144264
407116
261129
440407
358597
177244
264160
280613
130251
155864
205574
262539
269139
424698
217156
131387
312633
378677
339661
211725
363847
301147
200775
325938
141595
156951
435977
329056
311833
388619
170755
418792
290274
106487
147070
318272
421952
402752
153716
286604
120011
149507
200179
286853
359551
274963
155856
242998
332278
224588
217392
316429
113940
274637
133234
312872
422216
181172
432134
201670
127604
158578
413602
264775
101361
426655
216813
170157
363482
321489
139523
202404
351321
211712
262803
438326
175010
119335
406811
141836
146566
163461
288028
330917
293392
309520
276790
272742
356791
230818
315386
263911
341093
230446
274299
250668
178319
228696
233867
235045
240334
406404
451511
421491
333550
224630
192428
215342
230671
280083
445270
291880
388734
172215
313089
131510
296552
308037
232623
374522
388766
282442
431061
431034
367627
269382
426073
281720
229841
359744
388541
190560
311126
121496
244506
410062
123372
247176
272329
250812
445219
395835
293833
363956
384043
144531
176462
449728
192049
398719
254622
271959
303521
432397
312828
328613
288867
331071
228150
339094
205085
306371
456128
250654
444407
146328
190097
289168
110822
251822
225469
433171
334653
170743
319865
313008
126777
367719
231315
370017
255924
223065
413435
301257
195406
338574
284940
346630
410407
147649
411585
405014
257075
357103
133136
416090
394643
434635
196516
390882
273718
439835
164253
335551
173840
236443
247927
101370
147731
317248
364007
408704
406095
124148
262697
185419
426485
144897
388580
175429
263142
377482
350607
287161
164043
249885
284883
221078
412190
195414
115961
408397
358106
279665
231180
357611
126979
114730
304714
285630
356340
233559
288717
240627
299703
315416
364763
345834
286386
201068
416455
395991
392756
425994
187855
155197
356319
248027
446220
144825
210864
389349
263103
134705
288631
277461
141022
269968
211475
381516
131779
358351
298913
281762
262978
440591
102258
356020
442427
316534
335067
351829
208003
388371
309339
455396
390643
157935
257750
153694
373887
112340
116333
151207
365832
441267
438458
263889
308518
428994
215003
364846
405545
200153
278214
176298
200462
455333
331306
397032
269553
434056
428520
418193
141074
379389
407123
183675
119039
286682
368850
287303
412567
110388
352930
310914
427631
187473
165285
327145
282475
278453
351574
286613
192479
203676
419116
342422
233533
214795
393191
434246
300989
279476
271800
404869
448709
113152
275941
385321
230063
174576
189812
439043
396559
281352
190594
245715
425861
354724
177847
229436
325958
121673
344034
239885
375448
429097
244730
313480
411684
385030
271336
205860
324003
396941
243113
400500
445697
371839
105038
381788
207320
325276
383551
399642
265082
297271
309958
313969
407010
352315
227888
423390
309387
283927
352272
207738
263439
370657
344711
224608
198375
366723
343240
120273
422176
238366
122686
155941
387930
165102
224231
149174
156972
181487
365251
171656
122893
137335
113344
355074
127355
212016
185035
312820
426157
193129
381524
324973
286180
101906
375790
170004
346205
146907
235527
340383
117288
243088
120170
309439
268000
291393
124912
138281
292263
432764
451560
273812
241289
311479
243763
214847
175748
209372
145063
142566
143027
396405
410609
131574
166900
137753
186236
122883
145179
182249
375259
112661
285802
103288
211906
155309
270766
419885
318778
312893
139860
310063
134158
180077
156181
164425
198318
336863
364798
405531
292180
436453
378774
446359
168292
242988
168607
315581
371208
377019
349651
378595
370635
332020
351118
354072
270828
140013
419523
159021
328416
420753
309595
222215
152888
289863
338072
292745
134801
301712
221331
274094
163888
195178
392587
230322
216919
169671
382127
141894
178696
179659
126890
206972
211026
123646
211819
365009
238002
237277
263295
312270
164404
115627
346267
341746
195820
152648
318150
395007
202277
135311
157311
393685
103571
100015
155325
186739
328756
318084
317985
338980
260273
314642
165442
335320
380217
175695
378512
427521
198067
210557
374365
247691
261183
283147
399203
259619
123672
340639
339378
240947
386153
191985
330592
132351
430882
163577
417931
442889
315683
290197
111555
454740
271940
293818
209785
326226
350838
120661
367762
389322
307331
218110
432860
156242
353057
452908
367463
429687
266608
127208
328249
366701
134656
353254
304789
317415
242958
331545
355778
424410
440761
287355
275850
274436
167326
412228
392570
315811
126710
322180
217899
158726
236206
430303
122929
237323
249461
111025
125045
244310
174263
272667
444794
420758
445434
380552
238708
209134
262144
145840
210939
314361
410984
167634
359745
331725
256735
318720
188450
268675
290933
366392
449617
149149
124917
309545
222916
143662
442661
246126
157372
379987
349996
409898
407148
244587
158341
287881
102806
399955
329724
107150
138196
366753
108272
114570
207893
127032
344724
285384
227777
130222
157433
242574
415176
268879
265875
407124
232991
197867
351335
220068
121677
417812
298483
313919
135771
356021
428972
297323
215070
334137
171538
427100
190014
213064
306361
185880
255774
243717
397667
197139
267086
359946
163097
130749
356500
384967
373574
367670
417070
408145
156171
346148
352289
317961
264213
137699
345828
265092
145831
371597
107717
297679
411612
312867
417701
107353
427786
332104
168572
414725
345817
244561
435316
238380
308766
431930
353706
114696
133097
433947
161169
113028
266400
280824
289947
206017
387865
386747
194608
404284
103456
328371
342243
361022
135225
244527
386062
395008
288262
177436
206069
326294
223511
437473
197783
375579
148137
440152
134060
331321
354777
112616
312882
339962
163150
187837
401248
360435
145049
113498
427935
453106
199762
133915
346485
121221
153931
308960
170227
359093
404230
210198
193352
384180
259618
186403
388709
331994
209754
349474
244782
331489
362627
302239
412268
211645
157384
191020
168463
194973
135086
379314
265584
141211
388284
440878
422615
423437
108366
139244
329167
398973
295422
267006
253355
269716
328964
274074
329863
359263
349476
266066
250702
440658
204975
228653
292963
262946
402018
371497
175034
197772
217987
264124
392768
291554
221447
267989
213199
329808
148400
285760
414101
192213
205935
246118
323853
442196
346583
308945
355505
311118
294275
386151
151622
244213
173225
132796
108527
102305
110061
244637
235802
437140
149567
151582
317244
421739
427871
441101
245404
273980
141566
278572
408445
366204
347183
424269
370744
180883
221093
200721
164352
454573
211056
424130
230932
437372
452363
306903
186432
135555
421464
196543
357297
122434
199479
339480
424740
128386
244805
345528
426341
413398
151003
410702
239608
178073
228773
453634
429896
212703
298932
398680
402487
301376
281532
114495
344133
240783
430555
230923
443741
355072
147662
446129
244061
118909
120657
233295
212647
437182
311278
366387
354262
231483
303743
104200
339543
114990
264107
181881
143345
184235
247652
127648
230678
185330
303519
181781
349901
364058
240879
203619
297492
353224
257845
143123
417294
304365
179261
400231
123906
161337
118632
290952
198108
393846
127422
270475
331889
421709
282393
382833
140927
454215
264355
179503
359845
144136
119000
118399
366494
226278
344914
389850
299953
421172
194056
346517
314216
382970
367761
203860
434404
338714
387308
311719
190409
103768
175040
288461
340389
146216
240160
116110
418628
110167
337450
450593
160475
346625
266949
418960
442255
350163
430486
135929
187714
359361
139249
397055
387614
187026
189072
284605
393583
142889
422040
364737
157083
280990
283610
377434
347593
362859
151367
347449
207342
449473
209484
275354
320069
435905
122534
391087
109502
431223
444741
106445
325445
369298
185909
283145
124601
148806
370577
293440
428894
288268
348461
187142
187121
356065
106408
112640
271356
333424
168122
420684
175517
252528
193615
328304
133574
434240
132618
375120
326350
231047
124004
120897
251779
384322
148733
211715
314959
321561
431855
107420
391174
452743
325843
354700
377115
203022
358227
159529
418883
194341
180213
237160
424050
361879
133384
204293
400103
313035
223788
363185
294457
387156
333929
163475
306819
261577
244819
425305
134996
132457
339012
425253
373597
337547
453368
128037
441224
291156
120675
295187
117827
180052
227283
416188
395325
348871
226560
208511
126825
326992
353655
415277
314936
442152
293054
168712
360954
325415
244262
334456
104509
113571
133120
410077
317174
448627
159636
396454
432792
266879
419127
404228
312187
418327
160480
328452
431658
202132
356448
381492
317746
301792
133622
385404
206282
280774
175929
122150
373983
379397
366310
125606
130794
313542
270273
145770
431157
255640
217389
130562
273232
226097
382888
220477
111789
218046
329575
100895
255220
242953
114725
445134
333261
115461
334317
237212
291137
312660
233523
322708
236354
273452
312099
265018
209179
322995
439394
364297
280396
431504
164894
420488
363004
251531
330091
110241
391193
449261
129132
234702
278720
320189
455128
393613
396515
100550
133291
407785
384923
365873
123348
414781
142532
134806
122981
273245
448733
223226
130444
155050
120628
401221
133498
190087
350563
444433
157706
134630
233078
244121
209413
345167
149173
190403
268312
396563
247263
149087
442771
225453
112268
192955
217008
443645
198939
245880
258119
398755
395059
396069
218370
245975
106862
215696
298075
413055
326848
158238
399504
235334
400241
409619
226203
248362
387548
184216
208105
278370
173457
276663
180857
232654
355423
227791
203739
431505
344277
149637
182515
372298
167053
306002
245142
435128
440763
138872
369136
303030
222532
174940
446473
202367
127406
434318
305167
121860
400002
181127
169024
379522
430046
221001
205287
372139
291451
249454
293567
451563
331475
316852
277547
393049
141101
236013
407272
141346
222209
161850
178862
151138
424737
326902
177458
350350
357526
417102
277906
231953
353478
154664
248457
218823
256832
150647
350268
195787
143521
399448
365141
162426
116527
120793
141786
353815
325219
242100
391090
188678
376910
285272
449846
385064
284491
306858
342150
417278
181841
303146
322732
269511
196100
292365
299391
427512
346337
154559
212206
378809
216440
233320
412023
423099
183268
210236
386563
386910
173255
219664
454233
430505
222201
384694
133054
138942
287943
141196
115848
180380
291769
387677
289067
224364
445771
177115
389704
266676
221383
207985
360051
260789
277312
251630
209114
222018
384196
132669
166823
188382
391802
196531
275363
210038
342250
216613
234201
376590
307240
221751
411067
128050
295709
429714
113794
204063
201429
380729
118680
140863
171700
342265
200246
423602
227630
429909
415404
184768
116123
289216
121114
214086
255735
249278
314248
235853
378269
441773
240785
307878
231461
292614
136795
288960
286740
254108
286394
295646
129414
148190
103127
239226
162318
180860
278233
451252
366137
165256
350914
153262
264765
434063
236122
452755
360017
198828
177287
446658
200675
380597
131285
138559
289763
159795
325006
342346
133285
205402
334690
421042
205764
124612
336300
247297
269594
230406
335716
213661
225620
130671
343150
239234
210678
204180
377053
402521
284837
447938
259782
401301
430793
316622
438511
402223
404113
148951
206544
198765
337993
347786
197242
328594
296414
264828
336554
146521
142538
401892
110093
163115
441668
138650
314273
225220
418332
399772
429436
286170
324403
356896
228694
260711
191276
184017
177223
421280
162739
213333
102041
239950
431229
198260
193100
360731
246738
121267
293719
214648
438451
188573
115313
175152
414986
316291
134363
100407
187308
442914
228790
328010
311450
197986
264806
269426
444836
399977
212387
398316
110990
270421
281662
167062
338797
237794
431782
393240
224294
305859
270896
258600
304887
158749
282611
242643
103409
383064
274400
233538
383771
139027
421107
218324
332662
200591
376139
400435
214650
138902
105392
370813
172187
164476
135585
231850
266150
146575
223414
211845
143629
267792
248200
441746
233873
145108
330084
147292
271124
229171
268284
356973
392264
138333
260515
223646
346430
198411
381313
247219
385625
455507
332944
380154
365176
325166
189906
274917
296235
408421
170572
240869
354621
446836
318890
150640
107912
151294
306889
430791
108395
369280
322518
265260
420604
117858
182938
181601
401258
416753
330854
273735
309980
247531
230830
100078
445509
310777
315964
451166
146606
383251
247398
303067
144211
352429
271935
390012
393060
441231
382913
205152
160296
218420
101022
429605
240617
394364
136378
124767
115264
392475
377732
147986
335886
137417
277492
241235
358018
275437
136270
424659
153342
305176
223541
166731
189875
349605
448110
192795
367536
360296
276626
326136
408919
415974
426288
158583
184451
230812
247591
340603
441132
135252
123118
311200
364226
194550
431655
364707
276458
384294
356096
163756
373712
284789
434137
379961
136433
384292
424411
393026
166547
288106
413116
278761
385828
449367
414426
161490
453305
264726
242654
365246
308839
294901
292479
143658
222960
208314
137988
174756
170832
326315
166210
313151
122761
443630
362699
196342
170757
215761
301896
287837
198705
137645
342249
161779
288381
395215
279453
121678
266036
322294
321295
165205
206224
159202
126812
152519
307248
148215
426431
153826
117929
327368
305436
186177
279829
389832
296366
311658
120987
416256
327304
101957
141083
198567
416725
398317
438971
238248
185611
119954
370298
428184
450816
177080
167514
170424
125538
410853
181927
112088
163138
281259
420135
409683
444900
359724
306362
259104
331397
149788
308365
158448
316101
410383
292336
124426
121303
302471
165141
124323
423918
338564
452167
177452
165832
453987
222925
446994
441191
360744
291351
442518
452280
444164
217750
433942
282219
300997
198296
322902
241057
101049
343494
207579
131046
438827
116687
344677
391271
433714
197501
387713
252305
113051
254120
123732
266042
317721
365071
292906
291212
321616
289377
360605
383034
132041
422935
118816
302713
399419
313330
210826
422635
268006
391262
425052
281725
443145
271998
222331
260305
344989
342655
306519
273833
253018
249268
410621
422357
410728
427446
381621
245463
425992
394500
269131
113736
138259
253343
401374
333794
125343
414191
279438
112443
349367
442592
259352
382246
306294
158281
165717
379368
377015
298877
327869
452944
222725
160546
147477
350074
243817
367769
182368
159129
384905
263854
180588
303341
406914
397870
171599
209359
168877
335763
387654
159517
351883
328131
449121
278184
268510
311161
407608
197835
253789
430072
187306
304010
173185
254739
174868
422942
143467
165037
223203
184131
178819
142161
115880
221734
401757
142330
206018
245842
127009
352776
379033
334540
146423
397917
373558
364760
364795
141969
318807
376255
349255
274997
356574
117032
168283
180772
234630
445262
120120
147135
276225
435039
129020
264543
412349
185871
313892
321147
110499
109416
115626
113059
453239
146432
162815
209225
270199
247954
135744
349318
417191
438883
162149
302177
404881
288646
450214
139141
387710
174280
381161
265746
221443
100527
184180
145002
443105
316530
376121
320671
432845
408620
378631
134038
173888
442469
392130
391536
169162
415149
280026
259017
250946
105313
322843
415929
194814
225548
255681
376572
279058
186283
313112
105539
416709
349179
454599
329164
305163
328880
180031
368462
431199
283970
305668
275241
412102
147044
153241
326511
384291
327647
137506
168763
326507
163358
239069
450086
351222
404342
122700
352891
378360
174253
298630
424798
317052
304862
227724
157491
340304
293857
275621
181780
387648
226530
267507
105193
450648
449470
161285
222559
281970
270608
352764
353284
232271
215527
141442
324676
295298
152292
110664
154869
309931
102805
133012
157146
260781
111827
419016
317265
408363
267045
111922
247102
344794
115484
330168
159388
327568
148925
154781
249520
200469
218642
407777
147062
123560
381685
306475
224804
235474
260648
249478
374904
117776
289124
252697
359313
214712
279444
264749
294644
171338
391161
261639
378391
135968
179522
447855
208299
336929
408795
353004
153242
393266
276144
146703
450050
228992
278963
101036
156332
183611
135317
191197
415357
203457
374753
430814
356298
343837
235080
411848
288681
169207
386483
332125
271183
149759
373001
112740
378218
286612
182229
238079
344288
278258
161543
186544
321777
372526
144902
363283
367225
420417
227634
251467
177380
120035
243902
275174
146374
345774
406312
338138
343288
316304
355411
229390
430333
431937
447039
446674
314195
319660
383978
274976
225919
451655
420084
253912
158343
314328
396002
349068
327119
196419
440837
123612
288284
271482
198025
403719
212442
344732
182121
415399
202632
140796
262179
234483
216395
134194
256196
116038
164802
284777
226747
337897
301314
112364
414505
271819
426764
261167
102325
377305
297050
435810
356738
214881
169972
170454
324083
202915
384255
157721
364254
139536
219009
123472
329312
141778
277655
353196
262781
413270
137910
357531
204711
391204
140258
137488
330677
311101
294215
382063
425995
393289
113299
201113
116767
191348
120648
196893
450470
356263
323941
423342
446110
303175
370300
361847
305343
185724
273071
246973
108310
383632
438859
327162
187272
349469
289894
298433
123774
229720
177806
302073
151260
315043
110655
455641
267202
440494
249916
439380
362892
378651
348127
296911
221543
165453
102685
227161
345233
452258
418569
197539
367187
224862
306395
365995
251009
403227
310235
360381
318273
347309
392009
279313
444059
345640
399136
314450
119408
154009
234526
216522
335521
203639
208721
384067
161646
271280
418859
181325
422772
120620
369414
155013
223801
250285
128461
265845
107979
275919
181546
152840
366889
344094
421310
273448
292781
211734
358190
200298
375914
425710
365510
309114
445594
279311
349840
214031
419713
393413
305307
212323
311133
305419
291542
101385
236126
379922
418531
401518
180798
377590
195229
197497
270102
144187
353353
117846
280508
285019
190101
430073
287841
223773
376625
237443
370645
278551
217932
120971
237348
360216
118279
286096
293359
444771
285574
428693
119126
440249
222520
426494
389567
448142
122388
366267
219760
449692
101206
144152
129066
380820
317706
179862
144775
127853
290806
307091
277287
307301
172327
119770
409596
421255
419439
151097
338141
359281
341660
377946
441447
298209
259176
372334
303744
190640
287893
388358
313436
307593
386095
133784
330341
117462
156002
128520
399755
301663
284701
373031
256333
321812
145321
103537
366492
260196
194631
411807
154150
392033
214279
435644
424487
129394
360909
248144
411589
139282
312397
207315
390216
241656
202530
317615
423397
444218
244328
443405
174268
124282
368059
453824
155839
105099
387098
153580
329286
156261
434679
160395
324254
250106
132698
122632
294037
423212
197444
277556
450355
118613
449913
145669
223944
214251
355820
275534
355463
380867
101722
403097
109354
383984
432978
404101
159313
243867
452169
392923
112059
314901
367120
339746
449360
125554
274454
382900
105065
335240
100526
164169
232138
345644
115882
411760
238838
287554
337781
216735
178815
237859
299182
111109
415819
121610
359895
194352
379135
110153
293648
211465
372725
160100
214952
364627
199466
338218
324328
225754
253911
238177
455662
455226
174320
375159
183045
132309
102926
106043
418642
311349
340242
100164
421920
347630
380715
428543
131649
299956
304366
327606
170679
303243
127666
402718
264098
300147
263485
453292
343767
393293
329651
268479
225628
100768
328007
456092
220232
238357
316516
311805
421955
208853
114343
133575
444459
439208
135664
391141
454827
202356
222715
121831
229957
355917
382411
182859
435580
173698
356305
372929
413267
346538
211619
242539
281003
368693
106996
436649
193096
238459
388372
301633
288746
234662
421167
162271
137474
204397
107308
385420
391017
156852
313419
200589
110538
406325
335624
359790
136664
358531
226430
412357
185120
379886
147978
221855
235925
179675
359461
362259
329281
296227
142193
360250
421178
411167
135816
171857
438488
200279
393396
130605
120544
397429
433833
182397
333094
112353
358177
238227
200788
442884
306466
212209
119248
315096
434534
192654
138207
119134
356566
138200
121934
286297
357416
273769
270109
267554
203804
287599
393241
192130
290604
285491
169393
403311
295063
283375
287996
366410
286495
446167
308500
326676
426926
297347
344498
315992
332342
214841
360699
437881
263723
175142
268567
378253
104218
385474
106121
168148
220365
429854
355586
109549
254768
143105
229076
368342
219187
316470
403983
275084
103678
368619
341186
213961
245439
198071
120330
340797
134093
267702
163076
314093
169624
364107
220218
347320
394497
281091
205050
128129
116959
295895
220608
237482
447979
229772
273431
113111
383751
414185
138491
376188
345891
351179
289471
158074
398404
108009
235983
364245
355044
202685
439754
180362
378458
398882
235144
307797
345706
302568
230559
367518
295855
260472
444106
428542
111304
202483
239284
377110
214552
178057
105108
179647
120061
445049
232046
216071
349459
454917
164781
117716
188426
419807
227720
210752
201540
349788
447394
331829
159575
145128
202541
145559
208283
261052
231019
210377
361310
171385
407058
390187
242991
114626
330773
404356
294865
401223
374768
288185
190367
387069
267001
377148
145570
180901
145099
453234
308795
328377
228241
220029
235911
391299
350735
305968
204931
307169
203916
183044
179904
379731
441648
404618
186788
163217
357083
124221
410592
328822
341240
154540
129922
177681
113884
257496
402485
188786
161770
366500
363150
105430
260662
331646
126794
253072
432059
139470
107003
114503
433349
179059
313821
226316
229740
326640
258458
173303
116540
403537
142600
114707
139166
325492
108792
178649
254282
198596
306176
174352
353975
138353
253114
402880
392637
129296
450652
213467
453834
258865
143325
156452
431897
291101
159892
113027
371559
229648
119210
401941
148428
157755
433486
388340
430557
455114
291413
203515
209145
306272
433972
102888
243225
233502
369558
296609
207730
246924
263346
112574
222944
209696
360985
279062
223656
135839
357867
195412
212588
336962
328738
354292
194151
315207
323850
369333
274876
134368
262528
372255
225853
253692
452893
309810
414009
239242
406274
375205
374325
257842
328212
226542
270900
385562
311174
101310
417160
426381
331075
196158
376656
241570
136323
402397
199139
408711
439655
324030
376446
158819
122837
278394
381823
126281
446155
358712
383747
429973
102177
415684
186396
187562
329995
297272
265752
399143
252489
141936
209231
224915
407258
207903
382309
426573
128927
423683
181536
250941
129468
236098
413045
244939
117759
340476
327767
439469
361189
143958
274530
227179
380691
452393
452719
107371
209020
144724
419352
315242
272373
166735
238915
335508
369210
401960
343174
114629
263500
435867
289013
320313
315390
440069
244041
100676
230491
377628
288749
111738
224341
143403
406182
137239
315249
190251
141784
404642
336618
362164
331750
143928
131976
244026
417071
263180
281411
117799
223832
138298
297520
262326
151485
122350
151702
236277
148470
439012
405856
332562
126925
382233
152615
385645
181994
100147
214740
438469
312061
263457
290194
415439
171875
405573
408343
118540
316358
315255
395607
346389
343481
382802
145217
419706
226243
385079
299924
194947
452973
382788
245068
429279
412365
442409
110426
223113
415202
429205
284509
444728
318756
419779
221577
385459
209404
268117
112056
340024
105294
172824
110850
251568
228528
172603
173267
219937
321754
268035
148085
147557
179969
455399
213416
368320
223229
402532
104570
265788
254113
280125
219619
155155
365294
382678
208206
327991
431969
165619
155370
314446
281635
395985
328734
199355
295771
424890
189896
334460
448167
103396
200350
246952
110922
207133
373941
115218
136230
303152
293682
357758
432451
140417
436220
440580
272323
215686
325515
447336
380893
304590
125168
234549
154113
321729
311010
166013
237034
208387
305155
217152
256956
413794
350205
399199
142113
418145
330471
318141
112919
151241
369072
335318
322634
226295
430391
215442
303894
189764
260878
427343
203149
426094
409466
258769
199049
396059
198832
104519
190068
218140
267556
258248
371216
297787
210006
126723
281922
419530
417518
111898
104514
406011
210899
310279
284530
194125
239493
351487
402848
332068
361584
309881
377254
221525
186530
446708
149971
194340
322772
225786
366885
119901
108191
394333
281820
353360
213748
396376
345047
190652
301981
228406
394025
152953
417716
294273
179797
184507
329689
248223
219218
188163
213257
411815
145614
224571
218611
450704
222688
228377
122911
244398
437929
231063
210623
450776
290150
146196
166311
451170
337096
414131
311093
115907
333081
442820
322221
252664
419896
252708
128331
288947
192834
332379
446907
127760
294068
314686
132877
449093
452073
148634
412652
183870
168423
294212
213632
167259
130981
100586
252832
351441
157149
351330
405711
174645
275577
194368
126061
153043
103449
263169
266664
187587
435803
191906
236276
138420
440933
410108
203172
223223
133506
209350
367569
257898
333190
231701
219573
169804
244904
400195
293419
378090
222875
345572
363293
393807
164347
378935
415169
450037
236947
365116
133257
228217
167243
158435
274451
188342
447227
195924
350806
390050
419459
423256
405913
400625
155215
186799
278531
325044
161424
339801
157645
244865
100582
380755
235723
132040
324517
375222
133098
213122
120383
368868
111929
215176
170555
227988
154354
354545
134779
197213
396599
296160
381615
314221
256486
456076
260965
429381
285888
185763
176689
143429
387840
230362
220258
121240
177534
278029
133995
388557
151197
241147
177762
109838
435559
154952
382795
427944
447146
127636
402307
302099
219500
435042
429961
115239
140029
344018
126207
316129
145700
245086
244044
238432
421326
154343
388863
329240
234378
101560
119655
128351
358494
163740
415228
337377
380136
297403
163843
140962
109991
209361
125293
257774
400602
456181
310959
265251
350084
218271
435325
412882
285901
261285
146366
333674
112859
289218
332291
143341
307763
135854
222299
436967
145268
251060
241455
130515
369225
367764
420098
228145
342839
124178
324678
210051
138422
179289
385276
346215
109036
228444
139489
164380
438248
168185
343367
431191
211438
171545
317130
107538
211587
129244
307142
153486
240104
368291
308882
220092
125665
145794
252542
136732
193719
135116
321967
212212
181642
118554
319787
197105
225039
340656
109577
412781
412394
279682
350227
165660
196217
342798
238974
306627
108128
205250
362966
367803
308081
402511
183112
450840
418059
124169
273484
336611
212549
267328
229398
183523
277912
338968
125383
127971
191149
158140
115227
227716
367340
357304
158173
414304
297853
200263
381792
115486
330416
349678
331136
161765
380287
430282
388696
202952
445024
422996
331840
217126
159722
270334
432657
231518
421888
106566
101348
108312
358213
330926
150062
435337
362408
206074
450851
326012
126930
186142
442324
310612
289103
171885
301584
314356
216839
385990
441163
149756
268432
350975
382632
169361
411047
238468
136553
182212
455622
200296
263621
374842
405286
230530
192445
133971
449939
213288
375728
290091
348963
424300
450129
180994
188480
197012
195344
409310
203058
150540
358675
161601
450063
433603
137634
410957
347533
411458
431324
141575
142058
367563
220475
228708
303107
271627
270656
362955
131212
448912
391981
422240
298674
193382
426067
341157
377833
244577
348809
280834
242242
138173
186752
293762
310412
127115
103962
352099
168546
156273
170270
310056
122641
434162
196812
209396
312124
195775
240007
271668
232921
214521
307745
226153
182061
146969
219996
106021
117696
149377
316643
403370
179443
119791
150801
447089
342750
365774
178276
378002
170529
375971
448900
368371
329173
296367
150800
112542
275399
337043
205130
234954
137839
278019
305980
257098
215002
338256
330943
254780
283680
293848
264813
252689
342781
216215
137804
156379
126684
297469
451750
269720
277527
394934
354291
449445
263745
382016
152156
396847
281723
245207
427901
198572
357570
249890
322951
104222
180023
208034
373580
114797
125219
163994
195655
129969
171890
319537
208185
154251
441530
189600
428079
286012
151644
234108
336143
198443
270927
308520
285742
316800
137728
362722
159066
415598
218751
169211
338493
434171
123581
141060
207245
244927
294827
326007
380288
330954
318784
242595
356030
377008
117878
334954
162879
305041
351629
113198
271882
350211
284726
239047
231195
455867
199333
206767
173270
159498
440008
410210
189407
266030
177986
149747
185443
123610
202103
248875
283846
291347
256863
263840
381209
125686
177368
345083
259217
124592
372785
271744
383398
420690
452378
152959
230228
117338
400541
224800
115573
347553
354255
158967
267598
145252
345912
316778
243316
248661
371782
376465
289560
346235
265078
108155
424963
341958
406429
386049
436629
445298
249349
146295
372510
392660
188174
305498
260067
225627
441758
392109
345459
348497
140091
307625
435388
179872
407383
168498
305884
200957
349395
250593
283300
316450
281040
269892
435097
271403
445351
338370
183977
436969
400964
258258
160453
177427
379269
267630
342978
442838
254064
124227
313990
405314
200319
151599
107230
251393
135606
111580
259758
322881
389899
388951
428083
231569
183500
349181
454325
270423
288509
268138
261470
302210
398247
106649
286846
307244
261369
429425
449103
151972
239731
302939
234596
101476
183771
132132
424609
112615
317723
167395
378948
443128
115414
292047
348005
135343
159466
310491
215286
241263
270129
423187
111643
422495
190307
236415
108885
336145
272171
342573
312093
370160
332186
152780
277814
368860
419053
312692
442781
132851
327887
434877
282727
208087
346411
253586
338158
345653
254695
190625
426585
176829
427781
396326
157047
132791
406019
455182
318029
166252
452939
321072
149336
144628
414860
309597
332797
452458
195173
283154
241790
272287
284536
108115
155702
148793
151959
323898
438993
165379
347334
124778
249247
160811
187885
154467
197737
258607
102196
184092
319359
430409
418084
356637
316966
169963
396526
126308
299884
288236
285749
355695
332813
144436
364184
415084
408977
318729
454966
437925
334896
229106
396987
409682
328651
144796
202406
192109
186981
154382
164341
309107
424377
306363
309116
271524
282420
188766
297207
317172
299248
343342
217315
412572
255856
183289
153845
245726
118419
354951
394250
312232
220818
385618
171496
308042
210464
187083
278438
210454
217431
282158
202420
430935
223498
178411
132685
291725
340808
130637
161000
311225
138124
455565
349630
361767
146204
215827
416362
438010
184749
286635
227198
149693
120206
272700
257751
396197
264245
254139
344251
440849
131587
341468
147267
433873
348613
203456
192616
388626
445313
392712
266935
304346
365010
127538
239974
173025
442154
262085
190599
381371
436889
325334
445869
420469
159814
158027
290039
211611
219134
277632
313580
399875
380712
343866
396382
289297
125319
358159
323385
332946
393784
251334
141764
297045
252703
229238
304303
250209
103910
311414
182406
450166
346478
235249
371447
334809
290391
156587
160539
396239
256643
387601
315245
381960
375583
278502
406256
373426
437528
373726
148745
400571
349354
310551
333047
445275
159627
380495
282839
450278
141324
248942
421710
215810
390067
285823
176426
259924
431671
122219
200938
250353
154938
296759
262125
326302
128561
269019
447583
208858
442214
314047
349681
140366
412434
117889
282388
276155
178111
211382
392831
239807
370686
361112
310077
197173
445514
410058
410796
317519
223532
119432
114440
294316
120772
391985
119382
134439
104439
241731
309527
118065
154476
223376
219063
401011
227004
175895
320293
201233
234765
201750
247674
419495
132416
313033
341673
221732
358007
354675
375028
359097
315100
425669
137355
400201
150102
265403
311869
146646
198651
429747
101837
158139
215591
122163
179345
176528
329744
430912
134390
285584
140256
135482
183415
158654
111062
402441
302611
396080
285114
221668
415831
157523
279418
306694
442240
430880
132470
149241
409037
447388
181180
282641
202772
199315
246183
185318
204018
211811
394965
299263
401604
180933
223827
275020
111219
265543
165938
226423
259296
185788
257556
315601
247002
155819
357966
423477
167541
118653
182505
210125
321626
175125
284793
314236
436710
342384
336768
126904
281826
246854
316181
411089
349643
398943
415602
425977
194197
313251
202976
164965
180467
415999
269906
250862
300841
212988
285542
456145
162769
274861
355895
384975
218240
395733
109685
303742
316668
406647
318035
187226
104486
369081
374902
225087
358974
264641
219842
252954
138697
239804
134124
281452
169637
404671
182951
364620
346786
222811
166389
190863
137042
336105
234629
407217
305345
122040
184233
292418
355850
223714
250140
448744
231097
167646
389842
375541
385937
190558
229699
362887
295395
164720
353366
160553
180238
406903
288000
229440
105520
130717
393963
119691
435743
302324
380418
341044
419470
328175
283540
161497
188420
297637
261065
257652
109283
266912
201573
161826
273365
204845
366033
167515
108053
112363
305135
196223
335470
402225
290738
264984
243773
341848
270620
183100
269573
166766
232032
292967
392352
405898
226172
234259
335831
198167
237920
145773
293808
377433
400712
104065
298104
296318
402693
199254
116285
183819
438411
216601
249522
440197
121931
276068
110619
172946
447438
301275
403751
443565
401838
193695
235898
243854
437006
240699
136701
392378
153586
448743
156709
393123
395960
183568
263264
255904
282340
268786
232044
305893
328348
360172
276731
137146
298534
107658
221321
422579
108043
352406
265472
378192
336455
343927
245193
438129
227367
155108
178512
110897
258379
404053
222222
308544
339295
452756
225395
212163
311008
294398
165172
314389
156836
438079
420467
172397
447119
452651
374030
149755
292937
219699
276494
269155
454721
446421
360783
329017
123270
408588
248604
142213
304657
177390
243454
403210
240743
407275
228991
175366
205746
348749
214080
331918
317185
203855
226276
125756
113519
102566
414729
343152
363915
172931
313237
305528
177300
164974
273919
238546
285757
290501
378169
413781
262193
166490
155880
438360
159871
424861
297562
216559
147084
194439
333906
399030
140848
317575
426919
231613
194004
315468
323926
110643
438370
238526
322281
363008
216790
452504
449832
136020
142337
421475
267901
206698
258445
417632
438484
356337
197549
408875
311027
224600
454686
447669
413240
332177
312267
431818
393596
410318
333002
388020
158889
232762
348836
102513
145301
183708
369699
166743
293320
442475
354306
151672
418268
441321
253063
362821
156240
351092
301974
146217
455876
205709
166565
243894
395497
196761
361925
216616
262533
396481
399852
134627
219548
254223
228601
348239
166531
328759
135489
145367
306968
138208
275214
270772
352224
315825
173204
253407
275307
403840
323525
301477
291961
371205
316208
170182
113063
169699
408034
439184
122732
194088
197388
101252
106554
219819
453207
330250
420759
215083
336102
240825
154260
174135
128899
284170
279042
115189
150706
430475
434184
128535
190075
335528
382571
435973
275978
412087
240998
245553
219748
304433
156188
188871
137289
200583
356912
211676
426741
418516
423243
314598
390121
373783
430064
348047
420137
344924
411929
366348
436868
144195
323305
359896
387278
269866
352259
174461
202144
376402
110079
156177
366499
308898
395651
370315
210197
263627
209321
364325
350727
355696
201587
217254
390714
329715
223896
318588
202412
264837
214095
380432
232723
157743
371107
105037
236261
189277
154459
105226
274128
207705
338284
436685
187676
377909
286866
390393
208934
385234
454420
158011
172526
180417
447675
318298
331585
136833
354799
103644
287392
275103
371273
382301
135977
347016
212051
199769
249166
215948
281489
134570
365314
225642
292039
373461
326846
442752
371966
389613
180912
394143
136358
198202
258328
334283
122092
346812
168978
383714
375901
316277
361750
427939
200474
289033
329336
285885
376475
129467
218228
404128
190074
231083
451535
303366
351483
142923
350460
149001
200100
174788
157908
139818
331254
412702
320350
203144
339308
375447
106886
177738
261035
103043
419074
290443
435769
180442
126517
432392
294235
153006
186725
251802
395019
140469
435986
356991
376466
278295
282943
319016
339096
126256
166835
278095
229063
202319
286526
404357
194910
399805
363280
228336
142618
203920
218724
185933
338120
237737
393823
274659
133202
346748
229756
136046
444981
379752
402581
317004
336965
233836
295617
298938
214226
217399
434287
397037
226494
409386
134715
219488
431471
363747
178063
270471
433630
352582
378806
278133
266108
170073
194208
245188
213933
136238
304330
443978
350879
241772
354207
358402
247589
204638
425178
423981
281021
269474
366284
203125
174217
106498
313717
420734
406197
108708
186597
155157
250793
336874
141205
280751
231978
113259
195445
223795
403627
105637
435025
439009
349222
361555
386384
218732
268415
239945
339819
334117
413163
180396
144509
434780
104592
111721
455783
211215
408715
327934
250942
274941
270633
253351
406454
262759
390252
378527
176913
324667
235269
157762
447922
359123
109817
101613
398458
395097
170978
305372
237824
283802
211007
360785
377424
300285
138297
277781
244277
183724
332540
155269
288991
121714
363556
452479
274283
167124
382791
270141
436470
226269
276501
153588
218795
234911
417083
345435
389519
131161
202249
268811
370781
321213
159210
330804
100375
319732
435002
436234
261049
338619
398346
138462
165941
152856
127020
310439
448723
212460
251641
236615
346785
365839
114934
360525
117867
320073
126072
256869
366032
272619
361629
402920
414099
289753
336046
274491
259472
342258
148479
296297
159714
400276
450553
263752
454595
176971
412165
350118
101133
211030
296405
298613
268022
273527
447548
100612
348421
186217
166006
144877
169157
297522
365747
329227
189146
319148
149806
159838
204803
270628
317314
315957
203239
263817
385298
208669
207582
240439
301880
181909
305114
186762
173224
243519
105775
435771
336486
257983
102436
191840
290747
192081
306050
302295
254303
385477
240129
299046
145642
419509
311375
412498
306278
114814
421726
447220
142954
316602
287826
419383
136933
322183
358614
146150
407067
242437
434039
334349
378050
139148
293323
129745
148067
383881
306941
315421
281079
227403
315646
286935
288338
191195
342590
434525
241218
160928
214479
380624
257344
317550
416777
320411
113776
310073
154878
362862
136675
360228
332555
273690
215048
149494
379589
428571
262099
171334
157471
226634
351299
287058
230352
362776
110848
449297
169494
154105
184537
331042
224359
103499
323097
360198
153938
282711
201646
450756
186293
394434
294756
266404
288428
141210
224873
308667
279222
354066
288962
145267
189335
196824
143973
289418
104701
333641
344565
295834
389543
291780
417293
443332
114347
333617
340427
437155
435045
318240
368582
123139
372156
181102
248224
421406
371996
374319
337109
363697
400639
182562
241637
433273
453981
287527
259351
411633
260403
310799
207768
192116
304518
410106
108348
323290
329701
169486
291173
242737
382982
187257
168737
184614
220876
225279
344932
367104
286072
211662
447426
310543
447045
403018
423101
427997
293886
376386
100956
174504
269534
385178
396613
224648
309606
215401
141733
437388
191586
407764
210271
342296
353689
116498
432650
257401
360870
277623
403153
109797
454863
259346
337409
219091
437990
385711
360071
397933
346512
289228
408589
414898
438221
379626
278158
313039
401511
351438
350306
201965
140930
230148
372602
439886
120363
385501
381652
454738
203707
159205
388950
328366
288264
100946
362650
113371
161032
128414
168893
321858
274016
409712
153053
423922
252857
396644
186380
341610
191664
252251
434592
373332
235319
173717
274547
372420
376947
434339
442717
264561
294043
375173
206450
183382
261372
107085
130181
108254
350233
154132
314540
232886
279224
415774
153193
398745
439139
349453
223434
406662
294972
255131
132338
446967
275944
132765
316062
283307
245699
316178
231577
215399
371562
203742
157107
268408
162890
338951
260086
283752
280585
146316
224619
229644
301635
285972
344664
194701
318537
154321
412071
427307
387750
418371
175541
418361
268389
119453
123822
275641
199196
229693
264719
268662
197732
120360
182351
446821
162126
298207
387154
241011
246873
222499
373968
111847
400479
304608
277871
332333
351982
195475
412840
343001
215902
303157
280050
425206
351924
403475
164973
102776
336252
354035
140579
337222
273801
372925
137303
367178
188109
201547
440655
286984
396758
250313
222767
181502
120222
311789
329861
349086
156518
428974
426015
410243
380389
218001
377256
211400
292962
113343
109111
343780
296975
340501
187865
423338
143669
224573
192185
167490
205607
250759
207202
267158
358297
364726
130202
303907
404089
180435
414806
244097
102968
415501
304345
191577
250611
439699
326695
244491
347519
109885
139229
281952
130480
410737
353518
118625
406366
299447
200453
326234
168885
183485
401476
152917
214232
437425
384833
273841
239122
103552
307321
177782
453172
105024
133778
126315
335418
206599
154526
397736
372372
392827
420700
372470
132037
338813
423772
371318
187029
301612
376764
123258
316783
299230
346315
216574
153961
371959
193029
139241
114865
264431
437132
187643
455659
438280
320762
414838
259791
445499
365449
304669
221006
134947
289621
188497
196240
261217
237864
320529
354866
266269
156259
327595
232571
168618
406806
296439
253222
252292
228290
213110
270751
369311
299186
165937
294157
376739
212857
130713
191229
186871
211042
440959
211387
335438
338398
153850
422963
219416
427877
278488
411344
364474
431728
375098
352458
279731
382366
430665
132657
409182
220762
388855
436841
411578
121849
112478
247818
301598
102274
244869
237360
451001
153445
404434
174508
408410
449124
247980
104651
215704
333132
146283
153077
179979
305122
362792
409693
389598
304165
123801
180884
455929
110893
327248
131899
281784
226049
274767
336332
379125
338780
290176
159725
147279
142517
450754
173090
289729
300182
424897
299159
436923
417215
337332
452917
229434
237586
169969
318125
264255
244064
170801
383922
343907
211844
246599
220350
374064
262135
169314
176132
277979
342387
193845
246036
342774
418571
107063
378788
404625
449359
266577
442028
421573
428670
172872
211061
455684
438112
155285
278583
414332
228859
121526
268902
297766
244217
365193
263841
103076
325484
422146
382715
396976
285034
351716
375839
118193
402608
260529
179718
232697
353450
309023
329416
398262
125466
419109
239473
408491
170256
357819
234722
142228
231826
299063
387161
408153
142677
188709
159789
247066
325870
150984
401962
218296
450578
182719
370361
262893
316933
336047
313367
210387
419434
235333
265999
343667
119663
312727
432215
253865
340177
378095
400599
202173
240048
254401
328839
265136
379955
101904
296187
116301
286504
281767
191612
328755
355077
143759
327329
156020
369297
232284
308302
349219
419940
193784
380362
435680
145945
303874
370451
188236
352448
341405
322163
116868
115438
244524
151082
416608
138222
229762
289533
357106
272156
117938
403906
387381
172088
372359
107964
100655
425931
133707
445951
145916
131545
304529
439262
178538
227354
250848
424767
178099
286100
405255
206816
166151
166338
454543
112816
362226
232626
434278
301702
422869
195192
343229
214053
210393
291021
303296
323952
390745
209195
283797
123164
411928
331869
453939
452598
254605
179617
233444
341925
284686
168058
236259
302949
225771
364104
132471
196090
325335
236247
422944
180282
399444
144683
345877
373601
416681
337768
271752
109640
245380
247670
144039
132537
134181
245654
157383
379200
240402
275227
293755
340918
135938
363205
253784
454510
380730
185235
302497
107701
402442
146523
398034
306326
163541
152834
245374
274691
149729
144932
314369
124861
109856
260125
427630
424972
221423
251480
175852
112162
261696
385165
225816
277299
109982
271480
114536
418496
178858
260771
202968
311485
430843
272370
138614
398089
423292
199488
296136
394883
270877
161124
240761
280176
182089
110628
345649
404214
442326
327734
276281
389289
218991
354163
312606
154844
190450
314508
239289
118877
131280
358130
260787
139846
337570
305785
264141
334443
401809
281163
405799
318242
258291
453357
213962
435266
432403
263684
365289
277732
141373
393038
241425
384580
397125
432224
251975
201741
192787
325295
237367
172082
141066
386185
359882
414589
237273
295160
353904
387347
297622
157584
103277
358913
380055
383152
302048
315685
214628
334682
264622
313660
258396
422977
207309
339885
192449
192731
241304
399062
159389
417283
157284
240830
435988
420566
322921
178140
332688
281469
248079
191514
268556
159216
255384
450506
124902
326918
200726
333729
112589
341269
288389
306257
126585
158971
271490
215409
247870
249992
378015
145087
185154
409950
335688
373776
261812
293909
310103
204545
236166
280360
229154
244062
197360
295338
131930
235921
226666
320018
434234
315659
446347
246172
392930
304869
296030
112567
213378
281291
238714
269324
219012
238190
353093
176556
257377
273752
120314
234572
186378
167362
321781
270964
118024
280961
103960
143529
177613
365104
265406
333494
267797
426103
432246
293356
449675
373424
153005
281255
175241
310355
377517
404772
422395
390239
329349
235654
380566
416863
341448
123522
353127
362417
349499
196657
277714
400677
377698
399118
437971
357216
160535
246532
121270
440719
137635
367123
240429
103583
252403
307348
102728
277965
276369
351721
434709
285172
400140
267299
228451
231846
192608
278608
370154
116438
436272
174833
223100
289449
442462
216490
148884
384333
444744
122782
239231
190833
100014
278148
432911
357105
452388
201140
329032
316147
330213
442243
405188
225860
191754
315522
303172
355812
298764
228525
367542
139902
231695
330325
306706
346652
379524
429891
451108
130397
306597
101860
336934
314370
169774
273827
211375
335784
444470
242512
221830
273029
336431
216619
154992
428369
384014
152669
404479
161445
255754
127022
454259
207729
112561
343101
432033
437724
144532
159976
130331
439273
319619
341625
159885
151569
400336
252244
206783
440242
256311
394861
376691
213846
150582
322943
258696
111670
423366
102698
432691
129578
411756
155004
211919
180014
265359
390059
270459
193708
296422
164849
326165
140319
309001
120873
253389
232811
103348
414168
442591
368422
308786
407873
338212
401355
408326
348788
454059
346902
231235
380617
276081
455095
140171
455667
112160
210232
163146
389444
263830
447153
356208
262317
441718
240311
155760
379489
192930
452447
100174
329146
421156
332480
359327
163736
246989
163379
137017
370211
151611
242009
227555
266274
292952
159457
104569
442071
169501
341164
288799
387422
445552
261006
413154
406951
135135
413140
260752
266035
257373
143477
105382
294590
183812
189411
371479
119150
224792
403104
208795
209317
301827
341575
357471
249854
414737
159042
401676
356425
333526
189171
328173
112647
204045
118043
416348
267811
367403
203157
282999
251012
259602
116998
300862
130810
105516
205756
329201
293591
229585
345512
156458
282791
275014
327359
114448
284097
360599
164656
234555
302662
221963
179527
452697
271620
278093
188613
279730
196084
316344
269604
425258
412977
100739
266088
405730
252960
107773
145264
123587
455235
444812
365407
297407
123392
141676
210754
165933
104629
407954
355474
277480
396608
425214
164627
256444
150182
279200
150988
401864
286532
275779
144048
351931
428329
397675
175867
283861
256446
378952
319401
128174
160056
361926
370525
218237
170271
413235
292117
370623
413603
271416
346500
436419
430911
104605
383480
145097
274520
323267
390539
431533
447408
362691
248631
299244
129286
388897
420479
372663
341439
291501
158729
351172
253558
319706
161633
418245
440893
127651
228732
259200
114775
216328
435223
178089
112266
220591
190218
169028
161561
218844
118848
399273
134491
101184
446470
184314
177917
107385
393960
346882
326850
178507
153954
113079
195417
183849
143512
269917
318421
314559
240772
222854
410334
330835
419654
324630
164101
125846
105118
288287
439438
419040
159897
137769
100343
177154
312681
311655
173042
396230
105356
371600
199658
309217
122134
105212
393547
300897
145697
308773
157793
194744
188819
216917
271824
195121
303023
207294
269578
158318
230529
315588
114487
264119
148983
247610
282728
394690
142589
182886
145777
304430
364168
204657
382465
330705
100920
155293
142386
373736
262417
220299
399455
105732
150274
158989
384005
173975
250437
361141
239805
241329
217881
287647
264194
390806
294820
420630
390345
338967
319981
114353
451900
299555
187333
420120
160631
432800
153562
451398
352197
113085
335016
100034
312019
401881
237074
282496
169816
102156
146431
405337
442105
103128
303450
255295
114639
325259
400381
436438
376073
141391
228244
390879
261604
416462
144916
223255
342253
250384
448719
282339
316674
421620
292473
444777
432847
450322
162626
301885
135631
370335
138118
305664
199461
187980
136093
241609
266672
237847
181934
337259
358443
138466
376780
190705
329647
425259
180340
118522
104390
282297
336682
260118
441924
259656
293575
176922
443769
380610
407821
137374
307552
393431
290547
440623
321994
111937
343277
177124
259615
323947
158581
395000
408220
230470
262739
345241
189010
335920
170795
391349
253294
111289
225549
389232
410537
365499
173755
160360
373739
339003
372323
269074
276471
129931
410724
170644
307354
223563
271538
103786
353242
283625
251205
140633
328322
361762
274734
168399
298492
287469
154262
341543
344269
223062
280273
454659
414011
174010
106935
444186
104075
344208
125389
442994
260594
121561
238506
390118
320253
168552
381688
183110
219083
144466
171076
250126
403021
343626
301623
116797
324019
314579
212879
352328
320002
303928
439443
400699
368916
380860
409521
241371
427099
455039
179057
218088
307194
335687
425602
235539
293627
225152
415177
242955
140795
374092
314087
357594
159556
261311
256252
184690
425521
412177
392790
277109
134692
448187
368655
376882
304893
377876
414459
314781
210168
445190
218278
228580
140222
229335
240971
209820
267953
280019
109098
451404
366822
322715
437204
441514
130548
247907
405382
226225
294260
410688
314114
419558
220696
303110
334987
316994
403083
140765
318344
112731
210402
165115
452154
226529
316290
420798
398996
339437
291208
453222
393152
169011
337362
348757
352914
223421
226210
304502
144516
423206
161176
240745
427397
110336
455801
272879
159283
207700
135162
217839
275002
275935
148516
367576
387190
430024
451048
173335
356853
307734
180721
387158
172291
186760
410085
258460
382466
133984
173957
230155
417637
299595
400208
235847
286108
207762
256072
390954
203453
406956
109673
351378
309640
370357
187545
160491
451084
348758
308336
306948
272421
392948
316706
216152
273996
137377
112639
161183
408353
196508
207815
218850
227661
280868
121494
141708
268368
420174
168852
384109
266033
343860
165280
305005
311275
278307
256148
370958
168010
430076
183854
281385
240730
307915
450407
170586
377574
233591
309047
382170
252009
379828
131240
393837
119113
442046
380929
182453
444154
290135
404836
434267
152253
450003
364761
206921
124171
132277
231642
390039
369778
212831
194446
423200
415421
208011
449982
451122
131715
373136
303919
411016
271805
202223
244109
180204
367517
254719
310515
136907
318689
177119
262926
421104
433507
148757
313851
135109
158637
321049
205543
428995
209262
262119
138040
151642
332565
256232
288714
399032
227748
454337
179785
443207
398353
317199
369913
225671
333319
389686
152378
343537
365601
282845
354092
389008
361994
138785
300711
211639
419893
373641
343386
298682
355685
423928
132788
292629
123493
130990
155983
248818
446858
103493
290324
212628
107578
130327
398716
266877
371756
306824
357987
194452
384995
277077
349997
106973
341243
409067
165999
434005
381310
440731
348439
212752
200399
334957
432715
360822
342436
100769
319347
139815
411330
208903
378848
392344
270158
429932
313610
288146
224670
227149
112349
112297
422719
438413
243260
361361
417581
268962
427705
297513
444940
424415
164518
368033
148270
169575
208160
364140
161084
236188
182709
359526
310066
170738
134912
291591
444047
108689
314301
438334
290265
161130
145046
157236
107810
453051
230200
376589
416085
116307
125945
306675
335132
213613
177701
361061
250803
200994
151269
181243
175091
357654
148049
225674
177927
293545
250365
266662
396701
214011
444464
130164
385792
144626
339982
206305
402622
403425
438910
364294
414446
130161
435104
379781
173824
443653
240031
336920
189246
447435
225997
263340
405006
169891
205915
218326
406707
441937
263937
263129
274338
311097
449434
328566
340023
140186
296192
311592
294611
286254
212658
356397
361094
277440
376823
218382
196105
108898
108142
241730
250450
348016
272506
356506
212090
222029
261733
385692
214796
261323
389576
207208
130106
251976
135082
233246
275847
138001
450248
452774
209674
284824
357459
317084
146909
213642
318960
410454
120569
338139
199032
166709
385594
121226
144786
392631
405046
404500
373814
301831
293877
128894
392887
249046
367477
136206
435525
122426
350218
141274
274964
267545
115271
117230
189316
391251
122504
189198
220346
325356
300174
381039
120623
417706
178762
249524
229441
434805
301301
439136
333823
351764
404398
132803
221914
291865
372581
430742
237986
156381
291983
428247
172534
435503
423919
114994
387903
453393
230796
407504
417743
232362
173784
190470
408282
451701
276075
372917
214963
138691
238417
184278
166425
323748
279578
315392
367680
408566
168233
209319
216263
100207
277733
377012
279744
331671
399735
206923
172102
197676
376984
229527
363998
237063
158150
340937
407868
125380
388323
369077
377310
114338
404785
453506
182508
156474
135936
357011
430829
288144
312753
152603
371912
262890
202770
194993
269190
154163
408312
107734
316954
442272
324959
289331
395075
253431
391730
282207
188034
185113
367235
413817
372209
208226
446058
285710
316134
188137
297395
357030
308342
288119
408635
202445
385776
265598
423799
401032
235481
188826
319187
281047
106197
327672
345724
226769
254583
326092
294171
298801
229969
251352
324955
204032
202887
196639
189025
426397
290400
386734
344435
416380
323939
335238
140080
173483
316322
441533
403383
326960
244029
454766
311248
191111
441008
283280
181786
130275
124889
206011
118427
316486
178458
244581
373303
203133
384981
285111
219652
423233
205166
137829
307802
413807
171225
182374
247877
336031
298432
321656
205377
199583
363218
367772
285160
117017
222155
314502
374067
427813
193550
237508
311059
312355
396896
198508
280676
123927
321047
320631
210990
406850
359301
286150
109559
264965
157224
414555
448954
165696
188225
139920
392638
169926
360940
256304
273096
358864
170081
207820
168049
239266
220788
432931
194219
376414
102866
164446
436586
371818
433590
376189
123718
115069
376795
170470
193546
196016
188219
125723
296064
250338
227656
280649
419398
347436
272990
247345
438146
370185
397067
375903
388609
316099
426906
214048
300328
194637
104890
337020
345322
430082
353728
235109
180528
402830
288384
280110
200124
365231
300679
278020
449136
158553
299240
329915
192332
369496
404232
268528
313917
293105
381556
302572
220185
344153
216332
395180
303259
346718
332773
339180
135846
197189
186849
259049
255710
334327
291002
439636
228750
105746
443064
447447
140946
272210
424389
408292
381102
391119
132855
166776
168153
448492
356654
375932
108484
273749
204663
326668
436819
441419
409855
263372
214041
183290
404786
374722
343450
162600
155888
261392
162686
105124
220550
280604
133364
404935
285458
202651
134253
183321
451987
295203
283915
171372
376234
186779
244373
260043
250920
148502
394729
450262
423906
277905
109937
215904
410823
412673
343524
246598
205259
204918
308378
242020
273872
331573
159302
425354
393520
122505
213826
156611
101843
393409
441144
256013
452036
449294
269464
432903
323026
400328
450018
444721
401522
114826
304380
413585
385453
369425
184217
397686
328346
253961
238086
162168
426827
334473
181980
180334
226564
143649
207388
308693
149911
317225
387573
396186
412481
341985
153113
316271
444022
406188
296955
192570
275744
451677
339498
165260
159638
445146
419360
314292
384044
244757
140650
440624
217566
109770
160794
304627
317679
360193
428278
218999
104773
187681
426177
241387
220625
141212
267694
221947
285626
194700
312130
102119
304785
107224
308523
353918
397469
318186
365906
256939
199520
335283
448904
391240
198213
428352
243413
391395
165785
215878
347826
377334
246323
310847
452525
103959
220698
425513
129145
207262
186766
336773
128228
375955
401503
124105
248478
342705
206228
423268
209655
368670
333903
375816
136032
103659
183430
381125
368367
312320
260346
413853
410921
189714
388697
422028
370671
436259
450987
100146
193586
224102
295716
268475
213636
129680
205842
129917
380439
225794
224870
352090
211697
422390
186245
198275
440019
403794
288956
405172
348775
350428
443936
365720
325279
236384
447453
110161
432541
249981
190915
164405
152611
264584
277041
108049
164217
439924
312012
137742
246855
358188
328870
173055
337031
334738
164725
157006
236850
182357
110763
225150
213664
222543
211327
264852
259862
392883
246251
142682
454472
418566
347907
246684
358191
441377
378017
368499
100255
390459
112382
205330
138898
247819
165261
363478
420402
106171
121005
444827
408218
150348
343301
152280
246709
215007
415813
433607
404191
153684
173624
432881
264104
348115
151536
287016
194790
156415
403695
281207
430285
439130
142556
371706
152421
443111
149543
174709
248487
215818
263274
382639
350115
349139
114801
143858
151459
261445
284063
359991
113057
169063
248810
372949
353219
127522
163169
215365
172255
277393
306803
149685
421035
243428
397988
121449
310750
293790
242470
180569
135874
102726
300734
191810
415211
270640
133865
308933
347230
131377
360035
157595
241443
208591
125829
238486
384844
391210
112508
137271
297872
292256
211467
268676
323910
373880
198573
264459
120602
294462
330885
351349
211975
148728
277303
279662
125242
327675
169592
145003
246372
202925
399687
171566
388451
388578
184845
254095
259120
168388
328747
409663
349507
169976
346448
408746
105070
189781
137252
352140
203540
391584
361735
444105
139217
327911
400039
264278
448265
108575
440261
309792
178461
222151
280159
256156
295877
161667
192567
181056
115946
382912
173071
243595
111809
184697
361401
233841
276143
335148
216175
235747
333463
201031
256006
387084
250964
389308
450829
127959
434642
131277
290214
159519
202696
430012
338034
367749
432748
429265
304836
308651
450540
151553
154689
454458
131189
308702
378691
369728
366338
142024
301387
445551
215853
259990
126027
419574
141550
220723
358594
355720
428000
192432
101267
447921
248814
418188
396560
137613
443493
133937
366863
433647
387310
245209
112499
376719
442135
137707
111280
302934
113125
164345
372880
106372
252781
113850
247045
152474
175021
154317
214590
345274
370171
139975
189079
387231
277579
153308
290781
137500
205319
126362
328030
383078
328302
203993
225830
446765
404561
306077
402409
195470
147916
414303
349690
265827
372977
393415
149421
224257
429108
158000
101876
258714
203562
338457
158598
289852
221742
124421
153257
124194
330136
261539
427381
214351
114677
242187
208169
201521
193735
279612
188308
409375
199419
209590
136793
318288
374242
261864
438815
438051
102585
363001
150160
398291
267042
157071
183914
246498
155271
205031
271512
209931
340348
310330
300938
371727
361166
380004
198831
418484
196947
352135
313706
281267
207227
350962
229481
131623
371424
191580
320502
387395
275873
259337
153741
309140
428292
286214
306158
153618
120795
172263
294197
270377
171818
266998
274962
102970
168360
250097
153719
170875
395635
144166
220659
114704
348931
345181
221013
306553
308992
208413
266906
192970
186118
207638
181966
445684
135961
179864
225083
437509
206353
409454
314963
375868
395739
382580
284774
276018
368510
304766
228331
355574
440832
303981
376130
214698
223666
117990
203551
403395
420185
393421
410894
367480
287568
409379
321512
324144
188437
375722
276337
202348
276433
163381
108096
264665
343498
283616
174163
174448
119053
318556
276611
332902
116024
431620
162892
217321
406876
112206
293411
322505
330484
174787
452554
130169
271438
376738
132411
276797
225651
267601
320375
421773
438214
410130
408408
372295
173254
398186
274843
110901
454039
156735
179491
216784
194931
415766
392147
422563
347657
398145
157900
315127
355962
428126
325666
291781
106493
125247
151334
300933
180057
318034
348514
448893
148785
187774
208572
299809
172111
426080
165712
320991
371915
188824
141202
143026
151976
133380
324868
163434
232135
280389
297037
252587
302351
126338
171273
417301
200651
281903
112011
342218
440712
437383
391046
122662
446661
395845
111552
444099
344112
216901
146796
150336
268979
336766
281049
324488
171723
451030
152764
258382
151925
404440
289080
152613
356866
274991
339047
306317
266727
364808
306492
421227
161163
196558
215105
369138
365581
296715
397831
240010
315479
181491
421639
315798
368540
331422
450582
387067
213343
301362
216664
405982
193960
139224
211299
187712
449810
327474
278201
226227
185698
256130
114496
351564
110650
208404
172429
376802
318687
379770
282595
436645
241098
452812
385761
342161
248316
409915
309695
368541
418162
256637
232768
162225
255790
176958
241224
150460
395753
189576
363268
309706
354967
441751
192715
278676
372279
233782
421413
186261
133398
299539
215347
128415
421623
379258
147864
155373
324769
300726
207657
110019
120472
272339
198017
156193
344289
443948
345206
242841
230298
105645
267064
326612
259410
342262
321144
284555
356751
443503
124532
299513
246034
245499
407529
157030
249871
347644
266289
420006
134924
370564
258838
190234
246675
266376
305253
135207
265019
105780
202542
272472
162461
264827
351792
308567
415400
287932
141188
418338
144859
430916
317885
170791
179046
206995
382227
139337
259673
122726
288431
246893
113580
398672
450082
203220
362950
325488
251390
126993
231062
216370
278170
140814
395451
347299
296310
246368
318899
207613
222116
396882
365646
346642
370963
418997
267445
371586
207814
286246
190065
190225
163124
318226
314054
265633
145855
397184
320583
401658
339365
258540
357499
243312
174172
150234
263207
164994
358487
443291
102082
443980
304434
450732
428458
324856
290814
143811
289890
236704
379344
432874
439643
104002
239368
421822
410253
429867
414734
217518
382298
432208
368821
370424
411148
392426
121372
429233
366586
383524
424595
134388
384487
172178
394578
381163
384471
225968
442486
392252
373306
275636
445317
213630
432816
183770
256383
114499
424583
245469
382986
261752
274603
392698
363807
330422
432143
182297
218676
225163
446005
169051
381899
344717
409385
212543
263144
291332
189158
303299
361860
231980
212745
137027
187533
228124
178875
380249
152859
241084
200102
143883
225648
148207
444203
159505
129269
390373
182898
251873
419008
157770
313599
231199
372857
386905
219813
341027
280911
445973
325795
409159
119703
160972
426786
164499
247633
398889
386733
244048
102333
100453
327328
342616
331327
123886
359550
367732
166712
445296
333985
107919
281622
320986
117904
427494
126758
369430
185039
444204
133427
340048
180491
419391
108480
373557
311238
263216
158916
447331
403076
279380
203438
405160
354626
424864
436203
278757
390845
437374
406382
136781
318185
268529
333645
449413
184273
283682
213193
151111
399961
398824
382720
259085
171122
455240
286919
316446
328642
170099
431670
137953
272239
192039
193007
176176
334318
420387
311832
387387
174900
138943
374749
232213
375733
122343
385878
194784
155578
180394
252642
123524
100060
155270
311381
192671
438608
112697
251601
247623
404632
239516
224487
297769
238302
351858
351692
174585
180440
451399
356148
388475
442803
296409
383372
353556
308893
261257
291692
184664
315434
395453
381915
355066
337172
229102
363336
262868
119166
154833
390758
362222
223623
193026
306473
309811
320055
254761
384440
271557
357400
203024
175150
438765
394363
374816
294620
162445
320863
325548
240713
412911
195251
179151
289626
317220
206932
296157
184274
210233
252952
215050
295618
127462
228762
280003
107983
168033
426905
288822
280012
132774
407661
416413
250482
415007
178363
220032
249850
330667
341703
419015
371083
387200
381813
285127
240913
395071
453075
354965
381119
163294
299851
182838
444717
431742
240788
344993
150398
304734
307256
179800
168573
242608
244438
442472
187764
318444
445793
438931
389578
414387
215915
182702
207649
116538
184252
191477
102760
427636
166448
189561
182017
177234
353155
184219
357000
365097
362473
328324
207197
261142
358485
259354
422960
264311
291721
290337
152839
346147
241086
143911
183323
101998
261147
366563
163767
249183
443660
273203
187386
117966
310225
368789
167825
310040
409900
131845
346177
385651
142320
320333
324468
125509
121222
450886
437964
339219
196655
137525
360319
251319
410195
122627
410490
340573
201220
445187
101635
164908
368546
203912
402990
417694
397848
170840
292091
248867
203107
180447
131695
309488
203432
145506
363596
392657
179171
403616
454718
106118
266098
137283
278059
154006
290791
110000
108364
302920
134112
210085
364115
147426
332699
387032
283134
151182
124774
359109
255874
263036
377040
218593
182417
167736
105985
316480
426734
239260
192360
400116
116563
367253
248264
355882
243422
291649
440284
284091
315732
251637
442706
435876
419408
115300
348542
298383
455679
166295
131818
166185
172448
300195
308628
214169
217890
449653
239417
221408
248754
244010
316553
419460
437364
353227
244888
143524
406594
190849
338616
272626
124245
299538
369308
109526
247097
259726
322932
121418
199720
142559
446951
129078
404388
236318
271687
175107
287711
327993
354732
116387
184288
380466
106370
153994
341175
245471
130212
400940
142898
268058
396999
320307
246533
270672
367570
271504
368262
320377
444491
241906
153333
370673
368060
308052
366106
160957
157454
446595
316720
366552
256054
201919
230943
361704
118581
393859
221877
262932
111598
424952
251027
253515
147489
225630
164730
119528
317779
321814
118206
333302
345820
359274
315978
119033
435635
416041
174565
213785
238228
351128
275073
394047
187936
242002
302803
147356
110558
190443
133953
171363
225133
389417
118890
261801
437870
122727
169916
317745
350359
201212
404076
330937
439178
205108
335232
185211
126258
368106
389177
408975
406516
102496
428406
391659
350440
282952
219068
280835
243793
169054
340268
347807
179637
144736
316963
417003
164060
252421
132247
340562
403905
148180
315352
101168
118030
169100
244817
411601
113757
440726
216029
167786
241128
211836
124491
152878
379810
304843
340295
437474
180361
209228
368454
232931
169946
222332
141501
335051
431740
175329
239751
320105
274923
202853
257418
160069
169751
424624
252360
355961
198510
281083
231052
385460
352108
235918
242726
182891
156973
428172
208724
139833
387853
165835
286533
412926
405559
119728
157468
243543
190127
192952
227527
372087
317932
245554
131982
405013
157365
453983
143062
168017
277238
234420
182758
317161
150297
156957
140079
438616
235942
300234
251329
249968
110475
303772
408134
104517
315360
318638
173406
275057
308219
337122
404512
378321
251548
132174
386044
338791
301583
391132
195084
374743
399201
408649
219533
168582
429301
218731
193203
329809
405547
106455
424301
327561
343761
298230
174246
280296
206683
391575
210421
296522
361043
340687
124372
318058
178303
375303
329448
207154
257207
170837
404743
451440
390015
255203
337537
314336
384767
360932
178477
445171
165713
313369
368967
415377
339956
394637
366242
389329
364610
166328
160542
237321
421957
117529
177332
108341
124585
403430
296629
251286
130958
121949
322837
192136
451032
170063
369142
353038
319738
352760
100776
160895
134757
250427
287152
309090
270907
340548
225523
404412
240867
298985
109734
206678
379981
229783
218647
152402
399309
102541
346071
378683
356294
302876
213011
331228
186481
134550
324956
127465
124069
331473
238738
424435
238061
125601
106072
358787
144299
145211
120850
127074
272603
424096
371938
448191
442358
126698
367640
347377
348024
116844
230784
154434
447253
265398
161182
326121
372600
201136
198336
296840
230945
394615
260414
290434
295446
453028
138603
451194
134682
391739
455916
367809
125313
369198
449862
293828
142758
350741
394553
299967
339102
102843
329302
124067
193134
383976
366773
167262
418201
199581
344100
262421
414835
216538
430898
418408
364315
284451
183847
362796
110101
394268
265329
142857
431194
250160
191760
430932
256769
420654
108017
163312
343838
377273
405618
180511
392757
197419
283450
299364
440093
138845
444180
261995
169261
328573
319558
437900
144756
290319
309454
182977
321283
217196
142516
189339
238931
340865
452125
371719
281064
362249
264507
271784
366352
171009
357593
211895
428400
290446
253571
304815
437316
283048
258247
146804
333561
268482
115322
185310
309289
278544
252268
171254
220906
446490
109844
253050
179353
263986
430530
354221
223321
223338
131662
401523
213817
245771
306758
298000
116109
418982
276375
118601
409336
340886
284945
447693
236978
423328
293306
156110
119614
337349
327899
408147
252613
120225
195346
136690
400929
259845
181173
379902
170545
309192
122892
434438
179362
156173
427685
444730
302444
324799
264121
248398
120720
385375
173880
427880
186992
446417
185857
294223
323277
438312
241088
399359
361657
217960
366219
155314
114742
289144
408177
145040
151401
170886
127447
209011
234160
160496
107169
231859
373203
172377
372078
284690
158322
140213
222523
295423
111171
320214
230099
266550
326539
440295
146800
330169
344777
152092
131755
445062
110589
220674
153762
126745
339964
384133
150144
258634
387617
288145
122108
224316
424217
383465
100795
103553
138099
121674
283392
447485
246737
352547
102253
181506
354840
245248
224373
193531
299270
147910
454339
133254
127186
314296
315643
349850
284443
376781
334256
294312
173754
164195
390049
246921
197923
398044
415144
129603
215844
281870
263299
208315
120197
415274
175476
419160
362752
373741
193751
385058
380246
338289
320123
199471
224736
123620
204835
160784
247424
318340
290348
273386
240934
284593
178394
331786
432984
419803
100538
327176
251612
167700
389447
255863
218674
372947
293275
208553
288421
408708
319356
374312
441270
418684
219693
455402
128352
437121
366535
329044
179436
169709
358776
336505
146758
245521
174880
262551
170604
204718
306428
273838
290018
133750
112294
454575
288453
239500
280344
141522
179005
336531
405091
175671
122384
159271
398917
214389
180996
197455
413818
369019
179596
346108
185718
212850
387485
392858
394895
337134
338555
330461
306020
336347
167814
322750
231438
173887
371372
211601
434850
270924
183566
362620
241859
382939
177516
433706
238564
342342
276175
266660
365848
443181
342941
201551
331665
327165
444223
200714
422249
383256
141327
436343
296665
110132
257104
329495
375521
299498
191129
423934
327171
374126
144915
176699
397529
153775
269396
415906
433456
250225
232449
438302
281296
410551
345106
179101
125956
160210
429685
435678
152929
259210
202042
230106
364476
176110
178952
284673
333682
162046
105262
206590
239931
240595
184167
425708
100297
116934
169428
116722
196096
447186
192446
213956
359006
305386
304301
216009
383015
256238
234179
195007
186870
393920
424905
202824
191391
310797
416336
137978
240029
346233
185831
196762
118023
428466
107022
346641
440330
109010
186484
452037
329752
438824
135055
333198
101913
395386
416130
151202
396869
410931
212681
210849
112370
322534
379519
234858
128691
133307
309571
244788
343665
171679
402832
344659
279080
173501
103466
343010
122363
241342
351145
208081
409570
283168
207586
367311
228274
379217
372808
250193
339612
205504
216233
281429
440569
278964
153804
454113
178664
158964
149964
154502
148966
226287
275141
360714
102424
192091
207584
375771
295313
172651
108964
186408
440400
311048
241860
325311
434382
138822
256741
324989
450181
209425
335822
442986
426229
406626
149765
453815
239928
173500
240647
165057
105557
417217
394545
290737
344976
235632
401399
346460
436940
347292
242899
166581
393785
129346
242324
419134
230889
339339
405940
243974
330109
204535
224387
301017
142816
131782
180360
123225
288213
433726
400568
113142
339383
281682
271132
428037
238895
134861
319339
383903
130379
390312
119854
426589
356006
429023
432057
188422
398990
378685
358127
117154
432537
245338
119354
358353
283518
352437
268562
311907
266485
302731
319291
145736
203345
453263
145850
442492
257522
267722
270703
429159
155456
301519
303858
140470
262366
408203
347029
165468
232744
135083
382684
356954
273374
271926
176400
250200
445837
313921
203882
252860
208714
404715
449482
376040
245529
196934
341895
117749
405882
355629
262500
403127
414703
125783
452373
454737
282224
242376
161628
391414
237883
268034
429554
360584
158647
308372
127927
292316
223531
182091
148365
166376
353202
252379
203445
243451
102596
192148
187485
391789
277561
357476
224146
138343
435872
205570
301458
429073
118122
392300
361720
285216
329897
118447
197085
111234
366339
308163
173572
231576
198973
349270
364788
153709
233868
284705
290411
402611
243853
262728
434701
353669
230310
165210
263666
240914
348074
249976
424642
417158
120778
309119
431273
155717
320848
223834
157093
226997
347591
167474
220050
452306
439543
367525
153622
339706
225459
300268
274826
243118
251357
292704
395201
198286
440870
291184
241092
310960
235458
253082
273881
448505
222879
412140
312462
449804
297353
315088
108247
433955
284859
356277
167778
446377
328158
149041
233235
244231
421226
174994
126161
285021
415780
322718
302082
347293
428634
227464
202187
190602
189942
194891
329738
434158
227798
144696
314831
400463
234600
182996
442043
351426
180476
121813
440937
172567
349366
286964
147173
326515
120670
297858
163822
119312
422294
177503
425990
136452
403016
237839
150284
307395
192498
315655
288147
262318
392292
231271
210329
228149
437673
308448
306130
437385
220796
434649
185289
287235
366802
336644
344065
336261
353119
339448
326817
264966
266415
351934
403116
105867
399424
289975
414300
194067
151731
162270
375700
155536
200850
305212
134101
219510
351868
320896
186030
272063
215137
422262
161997
366915
438137
268050
312196
364592
122842
408201
292444
427822
434485
365702
307571
209570
429298
241722
392432
222091
456229
354028
129452
450350
395754
206168
396524
425300
255121
445228
249232
409394
440290
305456
378718
130901
296146
149719
137954
419192
175266
411828
343231
360335
338972
202814
264945
391146
368225
360847
454469
272925
361464
213301
240533
306341
257804
396767
355691
379554
349894
170796
396802
366857
108097
160647
453236
393250
273644
254959
120794
102879
242535
143665
388478
107101
292015
281726
152235
286748
311326
244033
439677
246308
166285
376055
381996
296400
228210
178639
132394
382991
123711
243784
250466
243298
250465
416982
371434
301574
391228
322305
409458
100027
348254
229167
388295
250119
298540
401570
113723
211924
219228
261816
439947
129137
247461
210974
411997
138210
408823
173544
152710
372750
240522
448477
370131
378978
439871
254339
177230
425549
356546
140797
383543
450197
380227
234323
251342
110204
351120
285865
317104
245859
318562
301833
182242
293129
333920
287614
159877
304417
439453
217874
366070
319553
372860
337403
416827
282262
374097
161262
371103
120077
216894
304975
196018
249624
232434
374691
123967
287302
271915
195279
132540
184110
255982
265090
210143
176060
289537
263608
185437
319798
134466
143218
386480
159501
186064
161049
285946
304910
446264
181681
452075
439000
450825
382808
108138
421493
365884
345164
113713
282258
209603
264832
131902
231398
392548
292369
265817
180820
176364
229350
253059
351847
379562
146920
106695
236640
309363
415178
163638
102170
195692
393898
378473
245678
192157
357148
312265
372887
199394
234430
320394
199541
204565
281059
401684
403711
394985
304126
449512
219323
135049
316545
456232
241291
344747
395431
164991
445737
335364
231064
413416
237576
337015
171727
220868
124527
396071
294795
416006
435956
198992
112827
384438
343119
267132
218029
282012
101000
163619
345959
107966
336702
338422
190125
430779
359761
372780
160190
330055
300381
142410
272616
257640
305389
367786
375963
383421
195556
159825
164312
180102
178870
307647
440853
394315
430606
208540
400206
230970
111571
156959
218601
447284
106272
155026
325299
112986
255683
173600
316988
411707
234883
417796
333214
454377
303931
330112
348134
109209
212502
270447
301036
139083
285386
424964
402146
230287
106866
116547
243463
283473
207870
186287
392623
282516
252597
403302
384164
168981
231089
227809
352128
395684
229924
243051
190685
400738
155131
152380
419862
115623
106285
399746
374584
418224
377026
306646
371486
319450
127750
156388
284580
410585
274476
436559
343065
177348
341530
125057
417289
355825
127525
227537
351052
324707
119416
356376
340837
174686
421520
228739
319899
393922
415362
203513
208080
290522
452405
273253
444117
364618
131060
363540
453278
375765
392557
297386
429030
238044
185863
304583
224739
371751
363029
271098
430823
446921
197578
269614
256929
326038
397312
351455
200584
272783
110779
314419
367845
335021
188444
258121
370870
377488
312260
161349
174454
186145
401297
103775
391975
222656
386165
104330
209034
156867
352652
313060
187459
134642
397151
426661
431188
201415
303537
377062
273471
140396
217647
391535
240460
180764
419949
167356
331211
355093
329597
212108
444276
385039
154427
313913
414875
199365
259267
158769
244538
226256
228221
114682
196860
377514
178519
348781
441185
162194
440036
195771
436212
264916
218521
396415
444947
286179
256673
438857
324782
278574
346820
413680
431356
307423
174728
287782
223612
403604
380938
312936
398077
139762
247145
447262
433528
252800
377228
318180
315665
123536
275578
241243
210976
199452
227253
321796
114918
437252
346738
157679
249444
333395
276749
128039
256635
241063
400783
215680
136673
406107
231491
337647
203703
128506
429753
379829
221192
367353
162483
353956
133714
230495
339022
196285
252577
418236
342577
277990
182443
159343
445307
183888
236475
363497
331387
147246
409486
108842
444926
299476
243281
235517
322709
288173
303481
309232
146446
441043
383163
133283
347564
249580
248065
216031
452688
128448
406736
414380
453823
334530
329797
397895
393763
124469
159072
272158
161973
381272
250649
276016
415568
345665
375689
305485
426870
343773
269203
390888
257914
147058
151233
431828
340359
285596
402697
169098
223313
147146
180002
146436
119183
123544
296130
423557
169451
408365
316078
220998
433191
165053
297306
210932
167655
134941
288695
432565
257783
428117
282517
190525
139630
161511
432293
278127
400706
275728
354728
331823
280070
248933
222376
405243
360852
216046
123224
208895
256104
403111
429107
266346
175917
449109
241411
359501
358672
287159
178418
206229
169052
230786
120366
328117
417828
325728
336401
405359
211332
394636
117532
277827
319413
106835
343751
379254
404797
103300
449269
407187
223316
176434
415003
424167
424940
254081
418776
307897
441442
329767
210680
137844
143727
336116
420058
447747
122579
301443
428368
413202
285339
257901
265341
352133
161045
263174
367312
288957
163790
304848
396721
431240
144424
291168
248283
364902
415855
110948
277705
427769
330681
292648
143746
128266
340962
203188
379949
349106
124346
284569
333749
295649
318083
434210
108186
353421
189543
424191
346699
159959
181275
102540
197134
168697
254987
107435
210272
288738
185357
455133
348219
283111
370119
311452
132337
213662
395896
362942
324767
220515
257925
428173
122199
166314
416396
266803
363420
299349
404059
168268
447392
346582
443727
121251
449381
272904
243274
309852
115389
341760
324422
391420
387768
203886
256865
198623
264871
451721
226459
230257
222214
439640
244306
158923
164523
269298
413298
192106
121724
202369
435925
370129
328229
229207
222743
301163
225071
423345
246181
392535
146892
261238
308049
283101
363077
350302
388388
183993
286875
324935
209941
402680
444890
185011
177556
420563
251326
134244
395025
130647
179788
155500
236676
214171
136547
321192
426111
229589
381555
419106
321297
304379
430417
268586
241666
183169
137078
151124
112387
375662
110938
372164
226885
415325
179476
311589
199142
249169
409838
132265
205534
419520
425500
193636
136241
362896
441110
316283
348568
251155
112141
256057
398248
259220
440412
333809
203896
176267
226197
174419
423460
166478
292056
180760
103803
387858
407017
374383
190724
287849
125611
413811
227682
220490
318047
413129
406615
238182
430940
333134
444948
158463
248811
438690
291608
364800
105924
398039
229529
319434
397644
338481
379939
381860
298694
171482
140211
284717
454562
119066
453756
337706
434262
328039
405226
228637
358724
318950
341074
330182
262988
272166
133001
416590
226949
277637
213780
449229
241999
128038
167926
370257
207813
216204
389820
367176
227185
433937
320953
174083
208214
408916
114899
385109
373059
301080
332038
116952
182030
175910
419557
252304
307629
117946
120126
301986
193528
419674
256870
177196
299557
137132
154809
414605
229981
375451
165146
425046
356458
302593
288319
349701
312001
419451
411213
153963
360342
292771
269150
114257
312065
261861
400369
179914
317634
113237
240421
121854
383693
273307
200237
126073
223910
106442
283768
429635
342998
314313
124284
366329
268677
333781
263670
124468
209519
132051
299854
389720
454896
293756
310386
326744
279900
356850
367351
260832
275808
435563
435847
359269
258102
149720
406807
379415
240977
293604
152471
241016
372904
169334
380309
410824
449388
394580
319967
363652
276053
155776
246334
121248
365652
143969
450357
367165
409011
329465
278524
389672
297544
426564
235370
382803
306140
206887
118119
130172
366770
117089
423021
293765
417695
331603
357575
364488
246168
435774
282431
368458
363876
244701
230019
257164
398897
453231
231369
128013
439315
247074
329815
384331
408834
261169
129033
150859
361871
426259
260287
430230
135436
306755
181028
239887
300347
230829
329156
118236
426280
394007
315163
193641
433395
137385
125136
407668
351579
389129
380167
335706
385593
323610
188251
167879
313838
395934
373836
123393
428301
108745
156289
398155
201377
418918
391115
195149
397754
197561
267025
364594
114473
356595
109719
126927
283082
316499
177123
296820
438266
447564
225385
447333
200672
343464
454356
351531
180515
264614
312070
220780
326687
165269
115993
221539
315619
380463
192415
415299
395987
430334
103764
309306
126389
415428
133839
233468
390215
135781
193015
338046
273596
108582
428645
278739
448313
399271
296614
334155
122625
206242
330442
392080
366959
293633
438706
191275
368902
315156
393618
349496
123971
189162
400827
315182
341964
331481
268820
236760
382397
261792
249957
125430
166037
348199
137058
390353
241308
314494
240259
426325
152196
107868
125175
209455
154396
283305
332109
351770
146802
160910
305904
347352
269517
379602
261655
413173
115244
289536
262841
113345
349091
142467
403547
430223
452737
406150
150371
428793
377572
342016
243721
115449
321177
368344
350795
122890
377242
349482
366185
