247040
260325
218410
389416
356504
273412
324874
266306
144328
157009
144002
176232
117488
231426
378818
212393
245298
189746
421026
331023
389026
423274
170941
232644
296991
282920
234973
208054
280150
190517
126892
356264
291276
395393
194389
363364
367184
416328
420978
317610
397529
169325
452683
121871
306940
229681
136498
319875
289655
104640
232328
444669
212578
114351
223404
421137
324094
196174
134283
121605
217977
313459
423291
293806
186420
206786
318306
114896
297244
251905
236966
324911
392614
184942
337240
179594
237908
106148
410683
408503
413019
424149
132106
390836
143881
366795
355354
414790
151181
283681
261109
343352
164061
272990
149619
255255
428176
155576
214375
307591
431478
171608
192392
182965
113780
283970
202263
252309
455523
304955
389052
169233
155476
212353
421098
174644
393922
223047
404002
453598
231375
252299
308045
139846
367228
251797
267642
265562
143179
407301
338023
390322
335976
338814
249968
105008
281962
171973
202176
258994
159794
427269
228094
168656
231294
258008
244875
270840
402637
339539
392434
402500
442323
366175
193598
384469
322522
452777
401680
270331
276476
385046
142503
364154
373825
113916
396441
133089
130662
303618
140034
259080
178516
404198
258145
249527
142659
239330
393280
283547
235825
309122
294053
311587
176081
132372
398019
450510
151811
413566
417900
294054
249945
162980
232910
300279
117570
414065
258256
402293
229864
178747
339759
439025
263230
100431
257237
129549
167823
342585
179304
225287
290264
342708
162187
430250
432948
453424
446648
100541
368531
123303
397419
251809
389790
184310
299849
332679
330662
362331
300764
443641
449032
249026
195533
397905
247250
423562
182632
311688
442284
271832
213344
273103
387322
284343
349963
253476
431401
192281
392284
393181
164833
227085
103129
356346
124489
329647
339990
317370
256389
393406
173836
329225
394770
238134
293322
255399
419335
166434
420529
179010
414780
341129
214925
422125
107439
330033
340435
222187
309904
293022
343713
369631
201407
346422
424561
330980
413613
223710
295277
341540
246961
181121
192065
188935
259974
312196
287235
282630
230138
262700
132378
435948
336743
102619
102202
108079
158623
224000
134559
337368
379208
222710
453857
342356
396133
435196
221136
239391
393476
125055
294733
362213
385982
137466
133870
103820
358774
239101
449448
396108
227880
249322
433523
211236
378398
128067
415512
337828
162354
294591
412662
239906
218041
324453
240101
221315
151607
312050
198925
128977
341451
158026
360282
139110
161507
223535
158199
257412
300189
243482
135388
455966
209566
371784
402910
344482
134963
146538
113055
100049
323016
142764
164800
343660
384685
456210
217204
219804
298856
248389
137064
145620
185124
254488
403006
411172
382308
314706
356174
340670
150325
439639
163481
143646
339576
199692
405044
183748
203760
131277
290912
442444
290101
112084
153910
336254
248592
125944
259959
134246
359221
447157
370938
384168
398303
209409
380986
267595
126358
185044
209557
282908
275453
432051
308299
422929
376213
198648
201189
317808
101032
377380
140368
170450
201322
100576
250659
287364
411403
197204
141748
156751
433801
236196
291214
340761
100376
383576
285687
380688
121315
233668
365339
236635
146513
187279
273598
417034
221690
331475
422272
438745
309492
402382
307914
331805
177764
249952
331876
424073
378846
305482
391380
120846
270538
288132
139141
198358
165585
213885
135660
168325
145595
259407
447311
391460
196894
166535
270377
283729
373868
185701
447841
278534
329112
245451
413190
119402
396765
421419
394225
339336
439678
258474
292008
317824
179230
249178
106622
414401
431407
161394
154581
335920
314501
357386
396149
276136
200991
193162
245744
322783
201004
209394
376293
227979
114861
450046
392164
278471
307438
295212
132844
437817
240043
335225
425002
233042
228542
249748
387083
399242
239991
159691
402795
146901
195558
370965
213894
234772
427490
255728
167700
277399
120482
363164
421433
139316
433516
368152
236309
191148
300150
104000
435777
357785
146841
302210
278031
390158
352821
210497
348637
430760
313643
242947
210630
425787
417280
426573
386367
216318
380330
335900
220256
292156
383749
272895
437418
117385
307797
449187
417021
326901
284590
419588
135385
149047
387024
397351
213766
204550
323320
158264
453070
255285
270697
372539
227534
129734
171097
252217
341700
387301
376291
252700
451679
273536
414048
416235
353402
263419
325203
198231
374234
434497
129342
430843
443453
102153
351903
298066
142384
188636
274543
198683
196986
249379
335913
142543
400505
262259
407985
425297
266368
259386
396427
401219
335502
198177
455383
319643
171740
393590
324797
386692
201337
381508
274166
258476
158835
150114
321437
409995
226825
427564
365061
315691
188587
112658
337983
261201
155804
417760
349578
288199
265813
431553
343177
362325
187668
273862
211179
455572
372167
384471
256234
374966
257434
422348
301125
182060
152605
374235
395913
249383
302903
134362
288081
159787
223671
132620
239688
181818
144052
172104
112990
453990
206630
341896
307981
296090
203908
249568
240011
261167
374393
443575
307815
220483
206387
168597
161151
187239
190367
453221
159150
301571
311940
154288
441476
376683
231325
400515
359544
304972
387560
208387
186642
316482
383494
126273
367100
266288
390085
140408
320786
257813
100286
265470
399982
188110
165098
380181
150086
132197
423165
279563
321595
225713
232672
108141
147660
119100
398651
439250
413452
242209
222726
389375
410983
315026
439624
416195
283818
218215
325833
183783
100433
254758
416141
113811
218263
432905
326116
164337
371547
249674
142309
128084
387808
261460
122940
445149
304566
176117
286819
433627
291208
209261
322584
376992
236416
320408
285564
447773
302646
316278
172077
388496
242984
237062
160971
405471
419755
199359
365017
373397
315491
209107
224881
288733
297826
237922
318647
178801
257308
210828
113582
229806
169271
228688
102226
119753
152120
449542
212616
165100
409680
320207
265885
168488
250866
453426
179544
166237
318197
367731
139898
449498
116967
115369
397170
185142
177819
291931
339219
189278
386133
271550
405433
130147
397675
421855
318301
129212
438952
304191
166050
256369
408458
367409
379499
216568
257236
229131
207101
296430
435993
246998
205044
249797
337670
421146
129162
175608
299857
341248
172762
274092
120676
165004
431098
253375
390441
136423
313577
257878
393670
393130
306753
266841
142447
256053
208870
398761
385857
117935
284371
327864
350213
203804
157570
368773
236209
287808
178505
119846
182526
358124
353548
109587
258479
277464
161500
172955
212243
320504
310950
198396
437344
431141
390257
196592
229739
267028
247246
312057
412459
233165
408532
227444
429746
117966
281983
314569
360337
285418
257143
175969
196119
222107
361117
108546
267013
274855
453932
204432
130223
271549
213656
386036
339878
103837
437265
367331
422829
256107
146965
132512
185635
386602
446725
264648
145568
106630
202206
439001
351762
414285
217353
305619
414655
338013
397356
255835
368265
283978
322989
117991
133974
296304
396630
253772
454467
274743
347234
378489
316941
335327
184402
390586
146898
354846
251876
194125
390713
439367
278560
235353
404959
360688
222087
113388
370679
289422
100335
197658
243198
174255
278813
383162
128062
280722
312154
271311
332426
163891
352490
303333
397551
106705
189528
202466
433770
299714
441771
162152
177061
396948
125704
293075
402600
201758
209780
294889
100098
100452
380523
157438
133460
264893
279751
185254
393725
420682
392681
129936
320802
362622
366271
329829
100939
380887
421157
358397
106294
321671
346481
366585
456144
167745
357661
344696
308197
337737
433548
281076
133557
163468
107794
364597
381566
120560
324751
316538
123610
272295
263196
234222
300700
297411
232762
114837
188087
314929
156714
439189
215833
208574
414337
119426
220541
197462
194973
299676
143398
248180
254997
188810
449666
404349
393594
348798
200574
338171
206941
116225
137525
120324
325283
137753
324161
413006
145362
108348
292391
137400
309100
370491
379796
288006
222617
359779
446196
252134
140276
440994
254396
274732
366132
440664
401095
256023
227008
323066
255995
191173
397758
224617
195437
413538
347526
376604
330856
136652
407436
398837
101782
313349
252564
412824
208145
164778
179665
347029
120410
309376
427206
270011
221743
240077
246271
407111
412071
182999
245763
349152
397274
116420
380439
440264
146858
114001
371529
220941
319391
402191
349042
108855
414557
284670
134453
386244
254625
376866
352104
359433
111968
258142
283070
424821
329712
188253
438905
186774
182370
143769
369891
364973
342691
320402
313493
188472
284565
304087
110744
195872
176263
236317
388456
136833
101402
289692
304872
350633
369410
157425
246764
247215
254501
191530
373189
246606
187687
257141
380679
173081
170786
407426
145610
154556
156712
213955
313920
434313
259903
119985
369339
318514
106186
217892
335126
101028
284117
262032
193700
350311
127349
451495
427008
328089
192805
131060
137973
409569
176778
448715
315808
441254
232574
230251
443469
313111
271647
440327
417566
377025
444189
264073
198403
120952
259376
209248
430351
396451
365511
349504
242100
166241
296479
132559
356996
313714
387299
174816
182463
228184
316708
262294
198557
285352
169820
416364
416814
410568
332719
133087
310060
201595
348318
392802
133788
306550
357179
320797
454518
397208
277406
213132
286947
346885
134565
285265
426668
263540
207117
375258
389692
320810
207186
346651
235155
209238
364643
301997
203794
103428
179261
348641
153765
190261
266215
125656
230407
195479
365819
233737
411575
323737
297744
136962
160704
185953
394618
271645
293908
393571
436640
299620
355678
390988
359246
217328
366846
366671
294553
331815
228640
316223
151378
305426
215200
402580
411053
120435
419728
155419
366366
364991
329910
331541
139368
343187
198000
333794
269671
426363
197805
257982
356656
327845
324524
429763
369657
324182
360041
166893
322556
395598
389664
206288
127902
410041
272414
188332
204433
335328
242656
205720
116837
132291
174310
102279
303477
442260
376865
265148
223966
211072
383313
398550
321165
204422
447141
442390
150068
283535
107726
248458
184311
177057
123975
446858
230062
456156
394029
168871
258879
439714
217693
120701
322958
294229
365796
113100
451833
338743
165842
352256
142774
364540
192328
155571
286228
204573
255518
173837
111003
160288
305610
169954
178304
171407
447565
428901
165531
151495
103695
282535
356874
333366
129889
195525
314495
353713
258421
208086
373575
300377
375890
356127
446556
337518
422089
427812
449217
275492
331394
100319
289928
229766
379256
140613
402491
186226
277547
127153
370929
208158
270871
221794
402110
318663
161495
202223
191355
208487
154895
365230
168160
144495
254846
294179
253548
423787
174201
389254
170498
169860
401127
100536
418641
123648
107778
175638
307389
432040
141469
191130
368261
346716
413097
101542
365258
352332
230773
292413
409225
456024
373319
113147
414887
114632
251092
324734
389788
340661
283365
210891
243091
339674
101885
420246
403196
273311
415952
216711
334800
205024
147976
264704
419055
370740
172960
202310
346612
423020
124409
308777
251202
167670
172580
373612
273435
102053
326850
384686
120675
276314
387814
104894
270389
244515
317841
231241
253833
150534
104544
385317
407256
349128
216497
395651
439058
344798
428111
369702
420133
331336
345413
216191
257898
240186
270896
109686
429969
412445
452528
327756
267830
160032
364075
323179
387107
397886
216255
434427
378377
387647
287504
208012
190120
283585
320630
107237
344827
104764
202909
282936
238541
369969
371158
189514
285866
257028
296889
441820
202459
163779
300830
287575
339725
401206
118135
298685
115775
243589
447994
179158
423866
373958
434110
393289
139986
347062
400717
303055
348157
148312
224523
303580
101566
423584
127127
296820
272513
157964
439184
313399
423253
279893
399793
389942
152376
322798
386816
144671
264521
319228
432927
423191
218394
207722
416453
192424
290501
333350
390293
420448
161000
396795
431303
315558
324353
365752
278053
163968
254737
401136
178166
289818
381660
198088
169094
125613
407245
173684
302411
289857
109098
191144
162784
145450
189081
454939
191557
282295
246203
211067
310671
455070
416409
298492
401337
289840
155285
238022
258762
278831
376198
278397
321378
393197
332692
409284
323092
451610
437755
331260
424799
301361
338599
143408
299961
340531
350388
423537
433737
449239
214426
131154
370076
448200
407849
209185
412060
133356
219634
174958
414610
165481
274117
205915
224581
373241
217891
119110
400377
381085
117885
141546
433543
439601
311935
142031
423188
246072
138861
340508
358114
216787
358369
178608
340021
327177
238263
275460
374356
343884
267243
126813
410609
223364
154566
351572
117961
192429
336304
113596
409831
157679
111808
177080
455313
396415
384196
146189
233626
217873
369695
358118
333163
431213
137327
189867
434513
174114
414774
402300
216769
399841
112352
317988
250515
324654
393347
343389
187824
383612
147239
184710
100488
235279
256724
156735
197174
284972
380929
307897
385854
295666
139807
329820
184472
213644
310368
156207
299942
310233
438665
317183
309756
435493
180608
422107
269198
270156
389031
378089
370772
451013
395706
178746
307508
376929
425900
278778
417292
151422
220026
126094
390344
144768
213977
421496
224607
247066
361864
337666
387158
366211
335774
310717
440375
150098
301660
323765
405890
265392
286327
214617
364448
289914
394303
435083
140458
164763
337243
324571
371550
149747
231459
152603
157995
338997
450369
408741
220013
225331
170744
138828
362619
347886
361386
101431
210928
256871
210033
272694
387505
131170
163290
296217
217051
321364
221727
132690
360051
405738
119243
233413
298352
274846
248766
298820
351986
333783
186027
149606
416317
398382
161289
346908
150603
106133
271171
220974
262121
259715
123988
200655
375311
335939
422660
118466
257871
291826
127543
218180
231236
406833
317847
382166
311323
101264
135507
156331
202104
332702
425108
100555
218090
304854
294911
318790
174576
389690
121964
303841
121313
161521
435104
415290
193625
372965
332331
452115
335667
279660
375766
295204
417368
249364
445248
296471
257763
192182
123869
337982
322861
307773
100318
206438
292867
252669
384851
361218
431091
437267
313796
139937
412504
227589
197268
331405
438459
235506
182842
434916
433694
123598
107697
299271
246927
166726
280109
343185
320585
395877
405968
279542
119777
116797
233752
109595
430809
327249
218175
386049
355635
106242
326235
275953
333603
242450
175478
439371
261158
430034
166676
353439
146204
215750
338466
171643
356093
442929
166672
263599
239009
294079
219646
267663
189805
315317
207014
423319
175312
418534
227971
433579
365657
206829
169159
382061
235794
102532
303274
122973
433435
211888
266374
245591
328971
374750
155071
347646
432809
353446
365086
314112
430455
425632
268901
384550
289485
253985
308406
433985
163190
348196
134019
148858
351964
386726
104903
422324
229415
219735
310195
332630
283347
180040
437955
353501
219362
120221
344866
201227
288595
164181
245990
289286
174685
102907
136398
303522
222453
342385
312729
313743
274090
221874
273347
106288
231678
156742
115195
410709
280174
233987
221486
233817
276474
241088
201293
223815
157018
215456
306558
207750
253158
236688
347990
201035
437748
306350
255859
184416
271618
301875
305819
238354
335202
322842
172813
122220
325964
180152
441468
440224
366401
328685
274682
121859
102841
384338
203599
164505
308270
112014
208024
324211
138768
349388
344824
196945
221731
319139
141105
280860
371656
418557
404222
359412
324833
214689
443434
426481
205953
329446
443667
225763
329729
337197
137988
124047
257681
273884
243987
291312
298075
195520
165328
120935
287828
159672
129929
194735
193383
238442
225154
343223
385584
132196
270677
452341
151118
179623
106151
393809
158958
373302
136251
140642
174982
384837
268507
442695
430565
221667
307737
118138
417679
323797
329768
332451
178880
214988
130036
104205
400346
355802
164416
390075
237875
290783
124201
163770
103542
285458
273711
177291
135421
449024
440554
437514
405520
269129
300848
325343
154405
212830
241776
321006
421033
322543
307507
214300
397050
203361
362490
201063
409981
131278
424166
116114
267699
362275
183402
174023
421102
358508
367584
426348
332543
441295
231700
264475
416134
131632
175966
304716
176152
280289
454532
306791
317915
329548
196439
439708
328428
181445
120505
271012
410579
247479
108044
390499
166335
338900
430354
254185
451641
301634
197271
177754
400617
154768
356466
208570
256304
113796
148424
219196
159697
221236
428134
189896
452025
134952
220279
133307
216939
323107
102155
339925
199928
453202
234785
137175
218827
377858
127843
119854
339926
227711
415029
177591
235056
216561
398972
392745
193329
203608
176286
390502
426415
299248
176046
252705
350616
150654
142353
157146
132570
253064
419509
187963
257732
180771
336059
315308
127246
433975
109998
322887
160981
352503
319093
289075
271006
215979
130560
363297
243460
253806
436138
130492
293185
194124
237473
225070
374726
398997
365895
132740
271813
221562
307711
444295
340030
335988
268097
249251
250421
411607
384289
373803
288827
378408
450371
311813
271162
223224
279668
386868
272220
210175
176764
180866
358256
236644
277528
395490
218346
321683
133082
182059
422637
326747
371261
180711
287110
428652
410772
208991
133780
183527
165727
421709
216360
222183
452082
250717
158286
266477
359461
396880
266417
335069
124678
451975
182065
110358
316460
451967
162355
195812
311227
138667
436815
403735
344563
129901
245971
300162
180309
118653
105759
193743
115212
267354
110165
368427
296468
243225
362828
114322
357260
190674
375479
285334
413220
184063
307864
295560
269231
363113
336510
159495
176737
246411
186823
255056
321993
363897
411962
196099
174689
229922
235350
154306
244020
247392
353467
251457
277672
185432
195915
166072
408956
311816
318525
275969
153566
102207
447450
315195
243934
351039
305958
313858
187960
114820
445587
447636
388971
143639
182109
382365
453440
167263
336054
380246
296810
438951
439769
250553
178084
346116
270891
112811
349966
265658
137196
342277
429545
279498
124960
399003
151177
244777
191229
199138
379948
307938
377565
443109
189019
239735
308195
236115
214582
191703
434899
298091
230616
392436
361478
388315
441210
270668
285825
450592
297687
341518
402327
112619
116375
203512
124838
274752
426056
437609
283015
194055
162057
171413
328047
132037
324516
190797
176695
163746
267523
411505
452074
351438
405525
157872
272771
143093
343213
326757
270386
160721
178585
298815
391219
301752
204407
291003
173622
198635
259520
442812
212388
335989
450538
304633
129699
455610
228485
167600
325946
249981
157436
254192
432589
411059
342552
132174
309794
136238
196608
367191
396794
137302
157874
266315
430984
224948
165595
141471
255298
315708
189831
328597
224294
344737
258103
448683
378856
385711
262910
302085
267278
154728
131827
153145
153648
380672
189375
328581
191710
333420
206634
453762
443964
360732
133446
264784
221577
416016
332931
421650
262850
171663
107375
413063
257945
148284
379580
396325
142310
410425
296905
293359
386471
294070
310878
367909
403497
134091
347697
189381
172505
357529
123326
170141
388190
287779
338608
259059
250456
389138
152065
299846
172535
137991
189868
145164
207695
430680
315410
331176
346370
424824
395193
454952
227785
185465
305608
203050
100974
270535
410525
261401
393900
166655
403097
375865
277314
268480
201091
224750
418342
211047
365864
416472
447247
305767
379804
408809
262591
198764
375070
323913
100778
414641
347339
242726
166280
116898
174256
360433
344577
318476
247808
223240
162485
454154
257974
394729
152223
166272
223982
174176
433244
103166
346130
408546
197366
253784
201088
203210
174119
130558
196101
284295
454364
154602
287475
432810
121802
221616
209910
191091
352486
162387
344442
254177
168760
157371
172451
358806
359821
378804
189154
325351
113206
127691
122309
280279
354524
145317
130665
391216
443052
265778
107528
237239
376182
344379
322951
322534
244930
287309
215636
326425
177989
405413
200723
362279
391220
381609
360533
341282
283724
158443
154249
330094
149812
144152
179209
107750
354250
270931
447005
349282
422529
251637
362990
379274
416258
313310
306481
217311
331967
261156
214009
385618
412099
165994
447029
365984
303229
273476
303757
212793
256078
324397
246141
159383
278229
255732
198908
425232
212119
342336
148943
302736
265899
225595
104637
217934
418087
361445
339470
418657
252765
419780
209616
451730
239478
387338
306045
116862
345034
443624
186903
136819
362074
433526
134753
281418
388866
249939
130612
212053
147050
116951
158170
331587
429406
139768
229673
287330
452594
375333
316868
363188
290332
263700
414467
202297
207327
442268
347351
389332
434732
406876
376941
122697
416071
128468
220774
105870
300044
381615
241020
215869
311034
191443
349429
421876
174224
348484
364806
134248
377270
304894
160118
340689
219964
380949
173181
317075
359281
377031
381033
225235
164382
172992
112195
383635
143410
381514
358644
429769
285015
353253
116078
178340
394302
166955
421945
382991
446401
140267
331264
160379
283275
390051
378873
114934
106580
374545
451864
403311
309321
169734
448144
452730
221056
357307
291335
109757
313372
399404
174541
218074
318475
187615
105384
337895
404487
116987
113883
378716
236471
242472
280163
322203
342432
453962
100908
113993
168286
295386
362042
369600
180030
173091
441409
266339
225300
264860
449844
417962
239664
196134
417843
115163
443831
279527
146518
282803
333413
282736
274104
128124
396544
363291
452557
256775
422703
238872
415185
328695
418161
169682
253552
124315
330225
133678
225339
140599
451949
210837
441819
190223
324204
402896
386229
209506
361890
282298
265754
401560
407293
325465
342246
222672
253655
165028
160179
306229
236694
169902
370888
208878
401900
410954
372936
191900
369784
164225
368914
216239
445116
277309
213230
329474
380809
162804
362880
143999
138247
267704
367606
399426
182358
197343
103650
245229
251405
361634
147423
423930
316075
298634
293545
252690
220345
280241
335233
179089
360738
332023
402661
306211
346508
198478
226796
432637
144747
379005
119228
395542
202135
113502
232707
201547
339686
167984
388966
128051
307839
287903
336769
126915
342643
163868
225958
387803
372037
115484
266075
428340
243532
316551
293830
214959
148774
337733
255481
164797
201648
376464
137396
177020
150541
302338
231946
221933
301619
452567
105412
150358
195177
181094
201757
165495
276891
259721
374243
356761
341757
323674
116328
198885
398831
140431
109300
299520
292300
240602
189091
384292
447282
212155
355680
371866
330613
454792
142352
117608
420334
103934
452502
204769
155006
270123
365886
102161
217458
330292
372064
124834
338391
223306
153436
435284
255714
220979
197614
322287
188236
132761
118939
154782
275652
441750
198549
171829
357169
411735
240944
248080
254507
419495
328472
290630
321248
214574
186681
184586
148646
284437
339710
437585
136933
108529
285513
317969
314951
296829
444698
140790
215416
374757
243434
318299
354944
447095
419602
441966
307328
277738
440769
294970
263528
269085
268921
128441
447283
187431
285446
310961
292042
414256
145671
418531
251427
435165
284839
195346
304304
334039
107296
361213
441411
272114
214826
377931
406839
355390
168583
149205
419591
232496
435187
118190
283279
320087
147322
372481
118922
148655
412993
447115
441374
190550
158258
372065
229030
443962
317722
328492
379130
163583
223175
142049
132850
151945
342627
102946
364780
107055
329782
404004
234779
393675
108733
302444
409246
214021
313452
420413
339387
202614
148588
223334
266944
193616
335641
397062
211790
264142
291185
220398
371958
138312
239268
199274
365397
296107
288182
276227
226899
371883
366472
143916
340083
210825
400282
426666
203732
219496
145279
324786
124007
428961
309722
348796
226642
366339
352961
433339
317262
294909
114939
213361
125754
365025
349614
424774
348184
313877
157171
140941
241978
161246
167999
107917
392136
106174
396647
213603
264081
291795
205679
240555
226394
313694
386975
160092
228957
285856
276787
331463
181293
452294
151640
108182
206119
154626
145343
235479
394582
162500
235030
246060
323742
139314
356798
403419
360720
446488
437313
281959
192694
147284
178738
160633
298244
179477
371453
332845
387850
432253
163910
240034
260411
145208
164987
155577
262801
453803
278664
168411
196995
309760
189655
242206
284090
335272
243763
263883
255073
305374
336416
238296
156766
288415
307580
245474
350405
342007
295823
266838
134864
413788
212921
254971
377911
157003
264472
116268
139139
295527
303263
305878
450015
283354
231414
136079
238727
128600
126319
108477
150240
385943
342603
437854
362625
202024
329676
242977
216654
415822
301977
194118
180193
171958
333448
390140
229678
123237
181611
143783
259725
236523
198450
123068
413546
435152
133744
323830
179527
279196
180083
258622
413095
290757
104982
326646
205392
369140
134771
329471
305124
437497
116101
363429
368605
370959
446071
449673
189061
289747
321890
180228
452910
436315
243706
187517
128359
111105
296856
452824
334814
398762
246264
206737
453813
276772
386040
105984
241250
216386
356299
422557
425098
349229
263893
336518
357319
454610
241203
433678
232093
333417
170751
111775
340060
229560
261729
289901
198119
212677
389010
441470
284231
202255
420740
299051
330705
377834
226107
179522
228190
309289
245986
140487
255215
418574
393104
226000
121838
164430
208126
130164
215122
177230
313721
187297
368165
308291
137695
302228
331774
315126
249122
286309
347312
372584
103999
119210
348263
136712
431871
291490
260954
254587
305241
132234
161735
413701
393374
147196
404610
163327
416735
316099
150947
413923
348995
101761
235128
184726
113646
262128
190995
327878
456152
200711
120403
205333
103407
260206
355253
362904
204005
269973
104314
213788
358535
272616
407777
263828
105232
294500
100938
235957
249169
169778
179014
308338
362266
408403
304906
242650
211007
258293
276909
189406
445408
431264
202053
183773
213097
403608
105065
368429
201443
199218
119611
254064
144122
397913
133300
289489
128001
257349
106098
349019
182148
443140
220190
437749
453062
236777
146363
242013
109614
353785
383074
425029
124358
446032
384329
360422
157505
264552
347211
334953
156621
298308
180988
330664
138551
437542
199640
160858
282896
290819
339822
301794
309900
224773
427279
344153
130887
235232
440996
223028
433286
379200
217549
143664
110016
199621
408373
376766
450559
433388
194332
236864
443976
417281
372786
386498
215752
371440
167991
275506
340787
189316
135269
164985
143257
101891
231287
375315
329104
225780
268569
289363
232286
207045
144392
329136
380371
363198
131586
229390
350763
212282
428180
417897
347377
271203
444343
279320
418472
196291
188671
112424
197380
326979
163720
184393
246487
182592
243879
384320
223445
203277
206857
429724
220040
418346
139581
352829
278183
421645
175851
316824
429070
244253
182319
333002
113896
233702
355933
130895
105350
349097
378776
271747
345921
414874
261712
252709
257431
184949
207144
380120
121074
345766
111684
454256
257094
252823
199056
346453
363312
440202
259837
390333
408476
193996
418506
217481
202966
403477
449168
198189
290109
230235
321367
218799
356712
436000
154996
354584
442877
442545
178079
110373
445035
104085
195394
204150
136264
261582
107358
386226
320524
219587
428807
287508
422982
402047
322772
258168
425362
191350
323658
129053
348704
167478
235415
233794
144816
232963
241930
217176
433389
253798
265127
269290
166813
166825
424351
258188
299164
143711
252009
111102
318405
418490
190925
358074
236347
144272
155984
368744
354025
188679
199277
169663
404891
306157
430436
199195
277142
359441
277788
286480
273335
122461
290067
299529
286403
448009
309456
361185
317541
189365
449397
122732
282886
135644
262462
233056
449946
301398
155280
418180
152853
260984
181690
454771
288783
296055
220390
385583
419968
400353
446114
130153
118329
382431
192418
360699
362851
130482
210028
399187
423446
103477
443429
306169
330242
281277
357781
387451
379428
223292
183171
160302
335316
406144
168886
417080
166615
413033
342671
380420
414189
346857
419545
209417
215765
124459
394566
311538
107480
282785
128756
264804
453470
118064
213889
324915
382459
127875
243081
436513
433176
179847
126645
282008
234520
432821
274318
421167
207445
191335
121682
143645
439927
338560
288848
445962
367990
288311
357813
359012
388027
196550
197953
381360
283660
222718
195414
438334
148379
101582
287586
430105
443507
149703
359872
367556
271996
224231
354648
190464
196090
156357
138866
417285
251184
170551
452517
447181
304193
138559
350105
393070
454633
257335
100397
117980
312556
253268
199353
105382
451049
430091
254656
170004
326936
289685
126077
257038
316353
454427
163393
441918
123474
396993
225975
335700
258314
342352
113893
369409
250012
224532
389324
191057
393921
351988
201037
187145
299858
379977
182638
414181
151695
263180
295463
278000
103679
363449
354526
136149
145327
261080
208497
312171
366258
333063
110917
169474
139836
158449
108935
382983
362309
427955
233638
407490
232059
337880
123573
415164
330970
156086
426074
171220
217381
424498
119796
443721
191950
108480
336007
374860
320464
195968
279700
159114
440526
428460
129602
314606
347716
378769
259699
214376
379534
353297
385719
398175
300505
154845
409748
148989
436594
162151
447539
335053
320007
107638
194766
411144
254152
259794
258854
212395
289967
141038
208822
256749
369886
271128
227366
386622
341779
233321
110913
112698
133839
133930
372714
147615
174139
376134
452883
441338
274741
299333
450351
175528
215158
432561
176063
194972
161680
152958
414997
211759
404937
261564
291363
204598
238236
366768
357374
280616
191240
132894
123066
260370
125012
338124
437379
312876
163560
321765
254950
261685
278796
340859
111815
388518
275231
267323
449929
133971
365973
356932
341592
229355
134029
127210
239907
293569
407100
164562
233707
140770
188041
209738
294612
333862
159958
291670
263793
184969
358408
420747
134292
146312
229470
107277
205523
228462
386746
216391
135048
129842
393784
439864
258427
142406
221752
185039
339611
102211
292810
101623
349566
146653
451927
346846
162815
126301
450177
161945
403459
330298
317798
193804
179922
368863
291282
317822
268704
309160
400838
363238
391202
117683
158150
109199
178732
377581
447447
362976
227480
381570
373941
260994
424610
303564
356897
343356
449917
190655
378896
284598
410136
207260
290824
267850
213786
257851
265338
100392
350455
282188
193073
294057
128098
443725
357935
392171
443807
414820
359317
140690
156506
335994
203152
195431
113766
109711
243101
274609
196320
313288
352945
295849
221772
442463
351123
129574
223525
450747
455991
305256
364298
116282
208254
163398
303659
147368
154453
225161
435511
166714
144578
315203
107332
143330
348221
309277
454981
368997
274807
312144
430777
192145
217985
303550
417509
132913
294146
108917
229510
240789
436783
312873
156487
399269
143261
332536
309884
118503
291138
195718
213025
262966
100341
118350
391681
194101
219481
369125
330550
395195
109402
270904
384615
208504
108715
407772
342883
395709
425288
313671
354103
303896
115847
390949
347026
176757
121697
415711
249092
227747
393603
152570
254374
387909
135664
303368
237197
272095
196433
298548
361997
308984
452771
254840
346175
332329
354354
229717
264810
138031
150131
299183
338334
454589
129507
108202
232906
195638
246044
401538
287357
428560
273355
325073
453647
138803
152886
116046
208572
281761
259100
219755
392268
159130
312886
420033
174827
158805
391046
408840
357305
232017
261542
183842
249485
450158
328871
152001
326511
283676
326951
207449
374110
219448
435131
183334
263216
153874
444513
418040
314291
346129
298978
294235
147575
296585
176746
349937
361692
386823
274321
413074
251566
450785
399130
357605
221301
142304
375868
378759
187726
364349
278742
107240
110001
212225
279066
140476
448423
330935
371658
155798
367820
127282
180491
103116
406877
107583
149517
172055
309516
447853
151471
281691
344799
131474
455105
177595
405340
345148
440016
337796
295800
433222
126893
367299
227197
128979
426606
102542
333749
265676
328721
345829
446795
435537
404365
184709
197738
274098
279677
281406
110565
113579
137665
283914
209310
438848
151662
322296
251156
327529
259906
367921
447035
442356
220352
249647
248917
421263
103401
236564
334507
362214
120104
292223
432497
436667
446690
322613
162010
116495
252556
347392
435340
370824
337723
110957
246367
275418
254452
209218
302524
340029
435679
302371
233016
113454
134650
440014
318711
313360
439609
150338
390666
121395
180961
123715
355762
366834
445230
243435
182216
315450
166120
231412
267219
322688
188424
339811
185204
328245
134631
291338
433366
448791
247710
316946
352923
416837
109907
217319
334398
408825
443587
201174
425517
317308
156640
346656
107831
386592
315128
423604
138595
123050
275311
161934
328555
218794
425844
267486
314375
388438
229965
234106
319069
288354
224219
453355
127035
287385
203961
303221
213407
201221
275371
120720
345753
239947
364111
173373
312424
445070
243213
182000
117432
237503
427587
264370
451704
355767
328564
206490
261837
444455
240276
448648
453823
161738
362174
317440
403009
133037
248971
315019
233134
408564
382041
111850
354969
127306
376873
387974
182998
385412
216342
179514
438971
397338
198848
278591
339914
173893
303597
320831
183862
150101
236254
367640
231146
354212
393928
432718
144403
131140
136687
208325
264706
374013
232521
123108
338583
301738
427574
409392
417820
404692
141034
221328
112092
236546
122173
315752
195550
148430
423316
103018
146717
234765
281534
118421
149208
193285
222101
252539
308571
122663
344487
436617
320448
319817
174409
433675
446763
434356
333215
103434
226168
165032
104446
166212
391244
367602
437962
253575
292290
177979
186143
102970
453628
226530
174113
435122
181746
456239
359849
410934
326826
244977
264757
220635
280147
130515
333833
335565
270106
191223
387262
434190
449607
385318
112666
187288
317489
364400
287935
335995
300609
267414
237146
256032
176195
426018
375096
356603
219221
169977
111529
429662
149787
189434
219710
163467
191007
240785
256316
363570
140141
105105
176948
141082
406170
141848
382728
329046
199668
106896
247697
332889
282325
142926
359203
409540
243438
205194
371362
362626
203486
353596
423783
121642
438900
371557
160980
108020
194916
129057
431429
383311
326466
373224
370791
232327
145571
388382
171438
177831
129248
141844
446352
179820
421299
439615
268664
392075
329260
376200
396071
367270
137564
436777
300378
114481
303078
257758
152237
402333
338948
386674
271768
402756
103779
403306
128419
134225
134088
216262
335054
333685
108433
425541
387287
336150
347865
309020
336803
108678
369291
129158
183117
284258
401037
263070
431694
314866
322103
386349
309523
231672
178299
243620
316793
308156
217213
177500
317372
198805
437058
386514
299106
335626
185896
286756
413241
367939
415151
134282
124144
422590
422436
359782
285225
450809
315656
305985
274260
178524
283782
298231
352665
190835
269857
443130
215600
254434
329346
416338
263614
379225
139855
116453
317569
113267
437814
394182
182058
277025
132294
426303
103576
440376
405584
208138
344619
112509
168073
159922
276517
132040
229289
276212
448477
407455
199910
250257
113512
234050
122555
161153
332346
340246
326301
249373
149479
285671
372536
166997
187336
173482
438985
298687
342486
132970
419289
227075
240473
220640
123858
237590
451645
268756
222125
265692
131490
324802
229685
397831
434308
328806
153969
131659
378337
175041
376027
414739
135772
382193
427559
429675
156610
106139
340300
197423
326333
455269
390577
447045
148406
406554
336276
332792
272210
338442
173729
121441
268655
202629
116756
364309
425133
210186
193439
417384
404853
372948
450006
187196
254260
101054
125129
438301
129633
186348
388023
204496
218852
433918
371313
235267
370423
260130
173453
299807
107986
424060
316306
106171
315452
432978
124781
440635
334270
120628
185049
172081
233937
277048
407672
296257
327787
293647
352698
130274
150373
139503
333973
366605
156956
306901
199570
271868
201619
257415
111381
444357
197868
273560
160711
205319
173402
170579
250614
303383
105198
312578
325016
276324
406906
428044
249110
102612
280734
307260
147947
155487
419849
126570
162321
234846
379075
161729
344367
245673
252291
151307
283285
372299
403124
299627
121504
363537
270667
113595
100159
247620
178765
328522
383097
286790
180397
391250
320612
216529
190050
157915
395179
257305
127561
231276
130096
236204
414334
272333
343068
324604
452939
180118
440654
222885
148118
403789
342179
277453
423296
453695
206875
161172
232962
356827
235805
390273
449987
207566
185746
117089
436215
208633
398728
258834
156520
246397
209243
267139
361954
295736
194474
438063
287938
218593
291326
313790
418870
365482
270988
271816
355255
184529
241612
455461
387498
351649
178582
154019
184818
174656
124900
272442
282489
244183
215484
315736
290510
391091
227229
142828
240270
157667
355668
443173
274759
222905
426237
169450
187583
424900
336908
432004
301801
117140
380216
151746
176338
126868
267889
279846
161553
411554
411410
146795
302951
261468
276467
366628
363411
200921
144298
343694
332107
365457
344680
341450
237297
202205
426502
318125
327374
157373
356989
363051
309654
437548
291083
253529
269542
419895
309029
261922
254984
192569
325582
143436
109864
370754
341686
260914
254949
281601
323440
235904
333557
280866
341637
151831
367583
196705
287987
253431
165093
336483
100034
345970
263159
179818
165872
187375
408424
208419
400383
129830
242802
275542
440067
429212
154279
260571
310492
448807
419662
413512
325108
356079
321245
257915
157237
105004
322046
399038
278614
377901
226566
327601
145189
273497
273124
448800
255222
434232
372456
357531
185829
355376
113548
340035
128020
433204
346134
221083
160072
364001
159497
138287
286578
174778
229958
336402
137173
254013
105762
179860
278162
186779
430460
412212
396349
113644
379790
432959
307253
240261
454001
188183
212394
231747
109955
122002
242146
413225
200221
435028
362588
331957
427532
106575
130108
361452
124753
210804
167644
103751
404245
176488
295681
428407
264746
271419
302055
301808
171736
442091
427413
437788
223715
350518
338791
357016
306782
370776
157972
218882
313107
324300
272307
346349
258689
193567
264978
187313
192501
328798
178662
343043
238265
445190
444096
121331
178968
419274
331615
434496
159692
424313
125884
169399
423887
275207
327535
432979
375171
204377
388425
118833
118172
386607
303845
377135
163803
207806
449795
143494
358003
364863
313121
101104
105953
265075
198391
275494
442867
206757
412958
446801
282663
263448
314813
161645
347347
260082
413763
155179
280895
247691
379234
257502
207376
147117
214400
190111
440059
102246
357739
293461
375385
176182
142964
295641
197101
185786
297958
280201
351010
126460
186755
417461
370158
112497
109751
378012
276878
292981
177756
439848
221006
192642
263441
224034
372027
186540
130139
146553
146750
224648
216617
435206
197027
263711
258750
118031
230354
272542
355596
284725
220554
246892
436814
450561
343662
265183
120028
451369
166129
430926
258042
193456
218532
121317
405404
308883
156699
452843
106331
431085
217435
162915
121855
289733
213160
268851
161241
187254
110829
412268
238843
319883
400483
429257
175042
286470
220059
233025
425526
277324
402431
382962
182551
149168
426386
417556
300715
286167
407253
161290
124573
146418
228629
131721
260896
380413
414625
418060
185011
118070
157350
190174
417623
361435
312670
273812
436320
194290
396026
199093
217300
374306
160466
160327
176422
430787
426557
310488
122277
163164
150490
404194
426150
343515
335532
340850
369668
303144
148732
372225
210477
410333
178280
212376
202014
207521
250089
143734
445456
217074
449393
260299
246671
294345
273372
337661
361063
408187
155151
354271
239770
110459
303999
217327
310136
347906
266405
164279
422585
226919
276325
134076
138410
393087
242215
452831
314240
334112
330258
181277
394099
126313
443740
187306
212864
426833
310313
100504
230092
337638
231933
374310
445500
363516
215773
178100
307063
316193
146551
207762
329363
184064
302960
374263
388960
365130
151409
183200
329263
430607
340644
239187
336749
128285
448579
293490
263391
408319
224717
286919
428927
261810
345740
327664
437994
393442
228506
235624
408331
112996
345152
345490
320551
455775
251439
371992
244889
135467
275462
163101
109307
416413
173807
278789
442053
229514
420384
335420
423555
399222
133192
212249
200054
318770
277879
401799
371791
410576
134932
237674
397278
304876
194684
161196
294815
236141
241506
323166
110251
432174
269325
151722
374154
342875
384354
452463
250378
363879
377866
135733
195470
142463
317325
196270
407086
264617
412749
299394
318400
436139
276190
165096
113908
329012
453014
362896
107664
446119
223239
404533
185639
118703
115099
113807
122199
447506
118511
427856
119552
333515
379906
404664
173808
256988
193190
425422
188727
418416
211626
387005
290666
447631
327533
306344
205530
276736
390454
248889
194847
166806
127911
325679
349366
351436
387735
145703
349658
192581
130989
279692
200280
284996
281421
312806
145047
251907
291645
421035
372972
343610
257630
273776
423014
358438
140713
193300
154980
289781
177635
166065
153832
236047
416137
209350
317582
306555
170903
322109
363488
177737
225618
121328
304574
145182
158930
454112
423094
392627
402482
269790
305577
440204
381530
132741
304970
313849
266704
282277
293073
373230
286303
192039
310873
283499
346512
364866
455606
380810
309614
278003
360593
448620
266429
119056
425014
177494
129148
222560
269837
345839
198845
251676
337177
255438
330249
248116
191171
379670
176327
161051
117636
198895
107945
316203
285045
338818
245569
403226
362874
243168
427439
268800
127532
400796
403810
291589
300252
169386
333963
278959
337300
358585
182796
349986
252394
455099
383535
415692
292814
422657
201759
413109
221450
168478
183651
446771
310526
359801
437990
385728
365142
400211
418681
259493
106785
225113
265145
339885
433484
248000
435207
403140
414754
234197
416540
188274
268981
211385
422398
389616
340298
159143
188541
216698
174731
322118
311902
303615
332022
232353
327837
343532
200973
303687
322277
269509
220069
342206
427701
352959
290959
322742
291912
221687
285031
190659
439436
449549
205778
448478
448024
307645
190613
171725
426082
327288
194143
343869
139333
405428
228612
411593
454989
374304
431714
258154
121158
281738
338819
192020
181711
168203
191478
271303
185222
352527
369956
154946
335422
344309
266119
399342
190753
200022
172686
419626
407028
128523
278592
316778
378246
334810
392362
303988
247376
439424
456149
392574
155473
322967
309498
297205
429008
137059
139582
127330
173001
413004
181976
206364
163112
304204
331397
341973
166060
122057
212446
177090
173438
161523
308634
109922
126911
304337
199596
225841
147402
367661
308979
436333
419606
427056
231728
415614
173844
423186
179142
300026
360516
147647
255545
455969
424138
186063
140220
335940
133849
147974
199422
318213
102394
241134
156387
406239
412001
138478
111597
450633
239568
248013
446583
237251
232382
103349
147244
435868
434519
320253
438293
261083
297257
439807
160576
265347
400476
286121
405143
243133
202207
137243
200182
311029
364997
231166
438170
217117
226227
341532
234950
301369
386146
170877
169744
264639
336588
444684
394343
377607
244924
107043
232494
230446
178259
298974
204087
153652
161976
168851
133821
185437
296473
366169
379471
397407
237560
204582
232961
394646
430609
351363
291836
327095
332665
222315
208643
166457
336355
185755
109612
408412
217088
401987
448649
416613
148019
112378
152911
156693
168445
387443
252961
235070
190237
170850
345951
418187
316160
422170
179204
230890
347102
313433
378890
427599
264946
160484
199355
173243
445235
400222
345789
253878
271704
315960
294915
219604
173613
396688
214178
314236
190708
415220
287221
382016
395602
341234
232356
172975
372512
154063
134934
250589
440444
451325
326660
252846
431612
277052
403503
220175
245900
254553
292136
265530
419317
177531
368203
129435
326099
353370
173142
124613
405259
429244
423531
307053
380761
205983
295382
304839
183827
107376
277959
425624
210473
190740
115848
429762
168924
103782
138017
450009
385039
256538
149033
208977
139312
101410
109195
208682
218288
274554
242780
422110
357894
380573
235783
403096
400002
359172
239994
378148
438656
283286
374996
335525
226633
217828
231455
437212
134804
254121
131363
415255
409000
188583
276256
404182
398673
101503
179103
339901
167399
357310
322378
334862
349880
385938
446639
356292
192417
150368
435498
407994
177287
102080
412312
199820
292567
181472
369389
155913
160170
259894
327127
268906
348494
222255
100316
198027
404344
232068
285101
404755
372329
309109
258411
147005
254453
412677
319674
345487
214195
210761
160192
213234
140048
257004
297989
101039
340149
256709
427224
233252
195161
440765
155896
397670
111685
398751
270590
118965
113256
323136
251329
270351
264816
302854
174681
310855
296276
420912
378471
222686
201440
455887
249614
268458
402378
319865
296222
314281
112774
144585
162930
273978
203714
234033
406651
136977
141326
433013
152924
348467
390317
377477
345484
249098
122761
311498
156014
303740
450635
172528
141466
435136
120094
442213
112544
364505
363156
315981
304570
216792
210131
177443
319987
406323
171105
276239
112388
447538
321348
117499
303572
382594
232641
425043
269705
197298
263346
102712
243061
149122
342764
309528
235909
187617
208316
325219
344682
155160
286670
177066
360481
322616
399055
421136
430900
341333
451026
274418
116382
263197
312015
294020
415380
285839
288125
274049
320712
298280
373253
253156
259257
235190
286225
372367
283338
330465
154452
338738
436445
200904
262343
382847
192320
178632
384912
218615
246377
396540
145715
158595
426441
372397
422799
426550
345177
269239
138053
363095
301008
421761
432161
371083
215824
163576
249086
187642
424187
354686
313350
445227
205839
338286
226432
435399
395928
223395
449954
225291
388281
271580
132280
330305
186181
243119
335384
351932
210496
342190
434842
124433
313972
130383
288397
327014
373947
268782
345296
363126
347555
214205
202115
100572
222112
455617
207876
120888
224534
182725
100835
258872
288096
286925
198402
292418
305401
367182
337669
231165
146461
107188
328067
455706
175314
387147
227896
258174
134389
345447
312823
375770
343789
282864
342016
404741
332636
239689
157643
367575
148788
153113
203012
232338
241100
430069
305743
258486
187619
399183
368102
219173
427458
222421
146105
451311
349014
355008
402592
283809
137315
273136
372214
284812
420346
395522
163216
157770
233832
400145
143423
308640
130669
107053
328943
193556
256573
358174
156344
203379
183641
390660
377504
261950
291597
335400
126098
137080
130862
243116
163816
290378
386705
275528
301479
163946
228683
242372
372913
206442
426943
230229
454985
356452
169844
310239
399822
370269
350528
316846
199532
240185
168370
436708
383700
370364
196874
380617
439012
150580
333954
378632
167642
439146
118345
342620
136526
402700
294606
412788
264022
306772
290095
374172
241666
387300
149251
452766
209600
446221
454291
137026
151469
413454
446955
304846
388932
382084
116740
298958
259295
315030
301636
395154
360589
108213
166758
240628
100398
211892
297027
246363
293297
216010
247163
379958
440939
402601
350194
200578
153769
145183
280386
350583
107230
228115
283368
279317
239482
229607
410299
431041
357462
388833
410422
203363
322128
169972
442500
124111
179524
376384
218630
253023
424685
247473
281237
103646
244610
154816
109931
229568
278663
227796
186297
205034
204174
166181
418130
439198
132527
119076
384033
123665
145013
423991
119721
141598
294853
378842
233333
355812
333362
449778
173341
231558
153030
418518
427675
279424
267183
414477
411889
281221
433477
444618
187822
149288
119879
267947
253411
258978
383012
307810
272364
170487
308515
420715
279404
369590
257780
409828
289522
170501
280255
218733
273284
201970
455927
310921
302720
383467
362754
246959
450536
270640
219909
210689
201452
265747
445438
329050
221190
341359
153539
110968
109947
265113
267701
379640
342596
257479
368902
118242
179008
370013
356245
416078
362964
117561
281562
368851
215579
232974
317622
344221
157302
268654
224907
397220
399506
190214
387121
340174
182164
247624
250667
359791
247001
369038
390894
360161
313247
117256
274721
308283
345474
453782
312882
246827
196287
197039
380703
352192
180108
120274
338035
260849
232591
230958
454050
446408
181361
183397
112103
140362
435046
323469
240677
289383
255725
428110
274530
290795
132049
432029
324856
236863
264570
340527
199399
309615
343108
292014
133057
124709
391242
283019
322102
120604
155163
204656
421543
345932
220716
449298
222419
372765
156547
383705
360245
303856
419019
322912
260270
441585
209523
111493
218042
220471
394496
276230
334060
183861
453570
131079
144277
398243
103797
110814
429961
363894
348045
421894
173940
219552
419597
223483
407837
404414
323496
221370
451106
316819
150872
218566
170952
328415
220800
203675
277258
130782
179333
330829
400618
192216
272238
303344
317310
399188
362714
245928
319705
383460
237285
178571
207183
168620
320352
204751
427438
294607
239374
278438
399804
106342
258194
296017
206761
168126
123909
318839
431157
372950
341881
376507
442836
122735
309271
118113
373016
432549
412568
123959
399419
254412
249763
366584
128954
418160
373848
280665
175205
198912
104689
137083
167143
374741
400271
400185
287292
184742
190685
235065
426453
269785
151402
161966
100608
231958
138797
347240
135042
388595
337705
326706
263100
185132
344335
374257
427336
253258
256289
407423
328175
244496
192162
323115
431420
132236
132987
218390
357058
116757
298759
308791
197170
279981
159198
359854
224723
239405
332797
429154
141713
283996
193728
380780
393261
138215
166447
411365
138160
317873
235858
325340
160628
342393
130212
309917
450585
424861
452809
237886
205482
391716
413277
101835
433669
351222
141421
356184
409024
124513
439771
174874
212398
369533
107366
193684
422085
246680
209747
364592
308407
216732
424583
161648
404977
255456
401760
180375
272351
195798
140291
107728
105498
116835
148055
286301
433395
301050
110724
414693
110821
311417
374556
275655
352739
422009
120021
377410
403035
160388
203845
345815
146561
135357
109948
330330
157852
431452
386144
266895
331588
365464
328884
450157
433635
429942
198152
367540
355758
203573
351282
393251
330150
256446
143954
371931
318362
172569
136500
117106
325087
234013
444997
335230
446868
414832
417240
191961
435942
425250
358126
296464
126465
174837
188907
334540
249078
133255
415892
226034
199993
435532
377966
344117
196267
287618
360556
322631
266030
376100
252947
166111
209575
290960
441856
417157
390291
174158
337989
124581
244148
249616
342951
361801
378728
319841
356637
106409
450726
366501
290487
137881
197282
105214
157179
411139
230258
439258
131134
355021
173230
152359
321740
200675
412524
432233
385686
287095
314195
177396
347937
185731
215837
173668
436967
401437
128322
160571
277357
256125
213789
377973
356572
397201
172290
383701
266147
337380
321594
259318
277219
185346
354520
241352
390223
214467
278944
292899
213502
101485
230385
430040
374665
311255
384416
423025
277441
388305
227023
309893
378972
189305
121486
379609
276580
292920
125288
185529
136340
132147
338419
441086
255614
287106
360366
341954
390991
340288
280605
107378
242064
129413
446148
415050
385606
228815
251934
427497
139374
407428
400990
229399
262090
427452
117174
344389
189310
371581
359786
134482
104559
453008
252100
409592
168043
442056
237760
169657
131649
233020
284552
103946
359850
430750
155381
312319
263411
238018
276082
184670
255180
427034
375059
209130
308841
197038
216960
204378
442008
226709
226268
140808
200633
116728
106579
165139
421757
106952
225080
407961
229454
407058
237337
426143
454461
172128
267530
109722
374884
231051
416139
365019
143325
307884
314782
112340
232354
142343
443556
338475
254321
440282
274253
267695
143851
455468
310447
295091
270272
177148
114246
260229
354545
144352
330847
144038
224007
153245
285727
321266
291988
220617
220845
448379
323701
338251
263768
164675
170364
398959
157370
388157
226511
239882
368169
148833
350034
240723
359554
413231
415234
374979
171765
357536
336425
352947
211867
298370
196001
194017
227875
420644
328450
161087
418453
338961
389612
440869
122760
106076
399460
135383
320813
340153
314939
177982
206103
111154
198672
241128
119015
280852
429196
357710
356499
214193
191227
121920
290358
272287
285864
442380
352818
148712
149905
270059
131749
402904
282139
285189
392216
238337
444024
102923
140081
137461
190418
441259
406674
223319
255009
349902
447257
279350
400398
282782
131882
428178
297813
351124
158861
368278
136242
209864
211773
207322
136485
447454
252112
134856
341320
396466
236259
275128
167036
161986
400566
229874
233028
337655
207075
440710
357423
432369
452518
388025
419734
252942
409238
223355
338039
309932
328111
233283
389193
349725
188617
353235
286792
105188
267165
216968
121072
307759
146907
346556
247081
304678
428417
293450
434444
255393
248069
382713
393162
278861
413224
115409
145191
405717
157354
178657
393148
328494
166557
304303
251464
430112
201177
133410
231795
358544
173681
451345
135877
114726
390050
386640
205735
406274
123497
302760
390112
405629
166970
290997
175656
208039
308203
161334
366089
423460
316207
425766
111374
108879
361669
205975
425103
282609
425801
445290
275637
363385
428269
372488
431166
257323
169622
157714
124626
386907
326708
297015
110163
379885
245841
389814
111495
403890
420604
383756
381868
408104
188728
386317
245236
112485
251254
194205
122544
424729
154424
393254
229361
431892
335008
155599
302542
234850
208580
369428
326745
145824
229419
430516
388474
428693
141977
179159
146508
167069
432332
217829
443103
311517
243939
275323
322205
235341
231868
165383
326347
341370
158846
250799
377878
164275
291119
189362
354576
212435
199835
318084
417458
235296
253020
344661
238233
415979
300423
373535
270145
304945
444803
370247
221662
241205
383609
232814
282119
454620
312660
260640
204883
170039
183639
193633
319132
194294
373008
236139
338809
148963
283324
431616
183309
367167
304289
114232
429107
236628
244525
342565
415059
372033
174341
243585
176193
139330
419182
101044
304875
239463
256527
105192
348127
412059
342664
158943
300994
154492
159447
186362
332796
185960
328247
226716
307552
251973
311597
412176
315978
341061
297789
305377
324110
315953
393748
140881
427996
287801
296862
313828
215800
241944
224905
249065
168630
266122
287669
160512
356546
275112
285944
158360
420794
335581
203372
440472
364240
294337
392643
248298
291229
134206
284733
358440
195448
184810
373435
116249
428550
196382
408535
146818
213908
202716
138147
294598
314241
203970
357929
260026
319235
261048
282400
140649
181714
113836
263372
165276
433164
157935
149644
267938
342521
358962
330959
119521
324443
144914
315196
245205
137317
345681
361170
257931
202802
286522
456131
386154
272263
313675
187848
128102
318920
207880
398564
187674
173368
264727
368051
364830
111840
269805
383543
170568
440364
288950
410732
440058
357825
429603
279594
282351
135378
423437
353438
141144
307144
405486
228535
307113
346532
252587
421628
159391
105512
186437
286583
380915
370092
175383
372610
231097
364437
428638
294819
303578
399586
449072
280310
273375
153166
403119
103498
129702
265947
191373
407076
445195
119028
271765
278460
165630
227811
229311
134902
126254
314875
108694
213887
272399
447150
163546
271295
313923
257944
376175
156461
149139
226966
186055
150878
366184
213371
106613
345776
332182
334166
165260
284922
265284
371192
261041
347241
244073
334040
404640
274068
149182
191207
230444
200901
198864
153191
326342
232629
151807
243966
152730
187645
392721
314659
260990
149477
395554
312279
154665
338053
353928
248271
277086
272259
139068
324675
242803
156289
407948
294255
149724
236923
158557
455509
146168
381959
326489
438062
194974
207586
369278
137439
364985
281363
450821
317466
221040
426316
451912
365974
359365
128137
340136
273621
230652
103974
242001
357519
419673
359133
144312
355425
126226
253458
118195
131640
170084
201841
214104
236561
204481
351681
138785
256672
211181
247813
214837
310397
154693
323259
108789
136932
266048
285443
431792
299345
219176
413381
192064
445805
127350
271294
140355
304356
355706
339113
316589
245116
325133
340010
144245
432216
338633
396191
239755
197898
235789
253328
112706
420305
173472
119526
385821
254403
456062
365933
398396
197297
385038
260149
154461
191503
163319
400128
265655
373052
167787
294562
170646
435261
109935
450367
276747
120188
386114
215296
261809
256091
189776
280769
152322
146499
417882
273784
414910
234683
344606
102546
412239
407357
226445
414907
383014
302398
455031
394337
236108
159108
373869
456138
224857
307000
278758
158848
240433
276872
296864
216059
372721
370427
165643
405371
441341
224579
428061
178938
221813
284615
434908
127912
286718
103707
190071
424142
287887
422804
398928
377789
266594
118931
169508
211027
279183
193671
374182
355800
121594
133804
309938
134158
222491
413370
108190
173691
163812
321845
296777
200169
405424
409630
205079
269019
231872
223813
390008
279701
327666
236337
363702
290617
417335
359581
442115
273293
383004
256625
331946
302151
323537
430342
151881
347264
187141
362270
455251
176748
162576
236850
341712
248888
236532
234615
351521
302066
343469
133868
386376
426184
422300
170873
388412
326298
332762
264512
154180
376398
223002
370931
353865
265487
138351
243005
266599
177142
319063
374973
255448
290368
400380
235282
246756
402816
404676
128375
204326
196442
292571
161811
412869
383706
421531
372770
191579
384951
339430
202536
325828
179169
121349
269137
212611
305614
300604
393525
144290
142261
280842
325253
149694
191061
123383
299042
318919
126404
345043
303067
175980
296347
325091
300818
292595
363273
285057
391507
336607
401091
307002
251126
328978
206947
263532
404130
388954
304395
276847
233242
131606
416074
448177
163271
194874
345650
237139
229824
113677
379461
257537
223711
103207
277292
328481
436567
373417
309033
326227
432315
130594
243687
136744
397572
302579
105140
351330
277348
323061
148265
247669
242060
338823
306009
292059
295240
180798
342408
348121
420239
150772
437607
279377
275817
447755
314189
425716
111499
436724
438907
420663
103304
285064
366244
230120
149352
277250
399978
239516
435559
403264
182697
122382
328109
160112
135317
365598
331797
116423
204448
165622
199724
430812
299027
157912
347676
114122
210601
313553
299316
365813
120869
224791
157322
161278
247931
223318
117678
420036
237653
173767
339974
133433
217999
433087
239113
162746
249924
190423
255661
117962
411602
407405
145360
385558
243573
364214
328407
384603
205041
179740
443702
259709
103346
260133
285563
166381
285281
207269
442082
115363
118415
422174
123783
397404
354542
325571
382667
284911
232632
326728
451114
121185
238164
364727
309058
246496
155779
411506
268843
252925
108918
275113
106864
149797
433943
156613
419424
290271
220178
365763
210699
238982
115142
331699
313087
415957
190748
255338
255611
209140
346608
370083
131066
440751
323160
397065
243794
198719
436881
143512
180812
123585
193626
271154
285983
189331
362285
451561
266934
116470
297177
263277
392742
393775
115656
381864
151886
409512
199969
404904
204641
445455
267883
392618
426219
433960
346275
178984
111507
445336
452593
140775
319515
402198
327536
185658
324853
374754
172192
140915
327854
355901
246486
264415
297824
243840
401472
336297
423079
435941
448614
144796
342100
287108
369347
365721
319730
237423
385517
313635
365941
189691
454413
165024
411865
334893
230205
145588
115981
184026
393861
275750
448425
337857
232067
337079
452385
199932
344305
413266
452377
417323
398703
398497
331282
187282
367519
209959
251428
451082
439804
302236
128013
338201
393287
309229
431977
293889
383604
273858
409735
199338
330268
358743
252718
291488
383349
247480
233630
219792
428425
425512
433348
250517
146807
434172
128472
368958
154343
264052
111446
216126
392200
414431
175285
153571
178799
420579
386451
387395
301893
445650
128595
450836
341576
293314
132797
281767
105400
139470
351935
438881
443047
399084
289395
105167
325205
233078
208968
305023
419687
244661
387659
240770
179968
155376
391922
181637
276765
435076
394723
451729
201762
257444
185751
320512
103621
156016
366444
111506
333509
429782
454741
231367
345846
337384
396766
165394
376017
255023
372692
354856
316422
287522
204750
334385
134961
293392
233185
452981
286067
335048
354249
248201
456185
118119
102290
395134
195748
201166
105810
407014
403074
136626
450965
248097
374535
168113
305479
240543
272423
218206
437111
225167
262530
274384
241357
192106
156859
304097
382605
106992
400735
295187
157490
287105
200001
443627
393314
101581
263300
330937
102127
431329
401998
312260
445046
155761
137708
184390
340524
155882
386462
387525
329276
311751
271650
117212
149375
317543
264310
445293
434116
358260
254307
432739
104692
165954
352544
265086
431390
285086
184813
343479
341924
180056
312619
421017
336611
360634
374059
199190
207655
435102
119425
191891
135988
226230
204094
399019
176313
257656
275046
178730
235249
102999
199181
424127
337194
218336
453095
385408
333441
206614
207647
429259
351235
370350
336653
256428
154334
178860
413674
103578
325049
438075
357870
325170
126369
234518
229350
303156
111111
272548
397606
171578
307572
217729
362941
416057
353536
307367
289006
368666
153509
374694
221669
364429
121900
401298
265427
276655
334970
420703
237000
235955
399225
353908
444492
150549
420111
413445
444405
145277
178297
292748
137803
186839
261119
133653
288543
214245
332219
167254
244899
281526
431093
296530
111188
444338
297832
174535
336015
419304
344193
328269
274352
408179
411954
156025
147519
248795
281537
104219
134737
190858
404463
219339
197678
272001
249181
231169
411642
280902
164702
152688
183359
311675
226783
323686
149327
241905
300074
165779
314257
312677
264758
160030
433630
288262
211212
151350
430779
318628
242901
390267
128126
294200
280064
133801
381056
100859
422666
324069
247313
397565
116182
166604
120024
435121
335617
321105
188487
356451
386409
124078
368168
365395
358168
250047
429163
382244
258718
112873
179897
404351
255836
308506
263283
120799
439136
261830
141581
336083
358463
297284
135382
304189
375837
255750
238303
288007
258510
277268
355692
328745
249299
328033
134983
360083
361877
198260
417102
357506
359041
313971
410343
444760
150073
227681
372499
364186
437741
222608
104271
348532
307745
227683
252359
277683
228935
259310
141254
336699
203560
383466
246506
157069
230620
117413
434950
217523
308795
360971
154509
125192
204947
426508
121923
286729
215925
339133
329213
178233
272142
394263
308440
114998
389322
226440
316835
344704
450277
258602
344490
325339
319516
233145
307666
236935
218254
316880
212228
368453
450874
141873
360679
313105
255559
404244
455506
253520
285868
228161
404851
274671
279680
181837
163326
406067
395061
296808
146705
383486
346649
226769
416535
132972
156877
142649
313610
240210
244849
192565
317896
330936
284883
265918
268898
124003
303210
171050
382598
237273
119363
423923
259306
332735
229198
185851
345023
366851
398062
453640
208224
398380
451684
315962
231897
172354
133712
296967
307582
454349
272084
337960
325967
349428
150998
118433
350386
312248
246651
241167
109439
108507
273064
113141
257985
376837
246338
289115
266098
228142
118145
310564
417535
282670
309067
178904
384932
269625
331994
178400
327250
263126
359918
411670
176961
437314
179251
344541
336292
396618
125089
411736
162032
207898
212034
157020
355392
391833
410984
364398
355834
250168
306518
167950
329227
141852
380266
405392
316871
184377
375624
437704
397871
423512
329673
117098
144918
191860
437724
142811
393327
411699
396258
114517
133620
108803
408368
103882
195728
405150
452947
371524
395167
206336
416758
424969
380529
267835
403071
232713
136816
196252
341456
118494
450691
436828
130439
252316
407294
225106
248989
349828
447464
392498
230949
451994
318281
359777
378254
230387
143955
155958
224522
353355
353686
203614
250111
377445
116396
315072
182811
383215
276312
283570
326952
244259
430428
340946
152139
177915
166883
367214
353238
234584
402847
201541
263354
127783
292547
135488
404411
361176
364846
145793
315543
455181
394816
225864
353948
187930
453741
228949
246068
261334
106099
437124
267290
445635
133100
250337
326698
119198
213606
295456
428016
106917
135658
175603
321458
391624
435707
139054
107592
379543
433720
282098
356610
242463
408974
382472
451878
295729
392016
143498
234649
315563
382311
169103
301552
237830
141837
197207
297634
428052
350345
298188
431196
257969
402858
288405
115273
170282
368532
424465
183384
286782
171804
182645
391217
137084
411105
157975
351256
216885
120023
124646
316040
164105
121737
119460
107904
381215
314587
374704
208056
192058
331351
414549
420042
170296
342648
306249
309626
414936
245172
277234
329272
211531
111772
376226
377208
170073
406460
448815
310870
236519
402692
414694
399765
310727
432458
443137
312966
368818
157885
287569
226874
396596
238067
263537
162209
400852
324736
361783
325067
184515
226548
139932
149663
150886
370026
446668
333644
199360
413102
312815
421630
401936
404095
165596
171251
112875
200987
179079
125621
221117
434890
134620
398433
229761
450315
193875
331633
278230
228632
160833
137486
283117
218978
383937
387051
388787
329210
380469
268517
442022
374135
118487
205494
206337
322042
104494
286081
141938
449530
444410
158181
207829
376559
123165
250196
124596
204903
180208
181563
436621
354464
256444
305404
319185
421042
315674
147612
217855
305153
182810
258181
436694
278957
141861
195961
132233
330633
229929
219209
111083
354317
218817
122622
115992
436801
397329
237580
237925
268636
351799
360128
111081
278969
372422
225753
448042
319214
125222
339488
435469
270701
248436
204408
440651
371381
449589
374270
417867
211287
296595
125729
274330
391502
427820
108960
267855
311147
208256
382387
256557
291554
271982
235483
284927
237649
403779
129137
140025
126940
154653
274988
244995
201132
315530
178685
254080
414325
310030
229112
235432
371642
228327
348131
226134
236277
239313
270503
328823
146427
235461
387810
367693
331309
453122
228874
341598
450146
111179
125708
400746
227790
444798
291562
405760
308952
320009
349201
201789
144643
343587
430715
358396
408963
135278
207421
293700
267612
216702
144340
248117
417300
343269
280642
251867
317040
106136
201639
321732
373880
216136
380536
167547
307093
407617
182043
279462
185943
222173
184061
190122
443526
334725
174268
253777
166946
434549
103720
267179
210138
163896
289660
188047
415230
356067
297069
258801
102961
405431
111241
340422
244382
234314
221485
391499
196454
429622
267203
148994
131273
436412
391889
130522
162847
212537
309908
348268
328760
307600
108516
217525
244795
169898
337043
285752
399517
284645
444046
295157
331406
254823
181518
287739
188898
261585
115187
120344
208073
147212
303624
238734
148653
100298
167612
340070
221455
427175
148822
295172
228753
435053
365399
111558
321217
248329
155794
183116
436332
166094
427771
131064
203464
436234
388957
283112
346169
139980
387162
441251
192346
237292
259358
432763
331701
226156
215918
250355
345791
167482
291802
189414
348610
434622
205568
338910
287719
340764
131148
270837
191700
262338
245003
316151
234684
217035
116722
204575
191104
373676
209213
374540
159121
160884
342534
127684
441419
260708
242030
209636
248723
403154
336433
108083
325148
346160
332226
253645
266623
454614
159608
295446
116300
162251
127394
126559
226428
106859
447164
399459
315157
129506
153942
304101
333872
277383
271830
173432
197171
118453
137543
100101
393367
393772
332623
152252
237743
202987
288507
397870
404848
200017
108105
201301
265826
403716
305505
177013
356780
277599
215920
220052
359486
352481
323329
451348
329881
131825
152306
347648
410069
174235
369314
186949
158310
129469
328382
187400
328165
191361
156284
282755
145691
176151
213796
132529
321440
383463
197094
226267
252536
176393
341824
250912
438841
125562
124531
221463
212030
302830
414844
425933
228853
203127
135604
349426
118419
357295
215055
357072
262071
295844
113089
292579
254755
148918
326863
453201
249849
411686
108481
192386
100002
142376
454755
151240
360270
452554
252407
134438
336762
171920
337970
239545
149697
291320
225399
139421
395864
208721
186855
241626
208751
233527
227143
261522
414698
285764
444538
122505
408230
338449
198168
254903
135683
314653
390876
346355
149156
211300
409671
349333
417394
418739
225120
246576
396652
293226
131353
118780
122455
322325
423286
121728
179761
409176
366403
131223
436265
241822
166846
353921
195057
384582
122131
327524
328202
152652
437083
295062
189830
301558
168144
157236
150165
428525
376917
316857
157393
191280
243506
148802
116950
316243
178625
392696
204540
342106
380955
203511
132691
434115
350431
300823
271219
182420
342964
218510
235261
142392
340922
379346
126114
163000
193778
322939
447139
428478
291885
351628
368900
329897
196968
443682
201100
368828
442487
124115
223812
395424
272712
317680
402011
277914
178375
350734
153557
383290
440786
154217
257239
238275
106016
171666
141428
175001
307175
129470
407176
364728
263130
186992
166718
227177
391068
411321
421228
198679
437698
134966
277225
159591
250394
176884
114953
259330
112539
375398
194250
232674
357409
303616
254655
157605
287403
396263
299235
302087
138632
269930
246420
238021
432439
141062
123968
209194
353143
380742
260744
258717
302791
231976
193967
453245
175452
344722
279546
349441
243320
130990
415914
119380
401170
420525
125510
342544
384470
175757
165398
364201
395500
250769
334977
294078
146010
345283
377442
133884
113355
441177
347586
322634
242355
367141
139830
153735
267172
192958
389598
242428
224179
221325
439019
199419
303506
184505
374091
406285
241271
377227
230248
203252
246277
232800
331733
380177
179096
279763
115772
303421
298824
225730
452393
441952
140142
194427
363826
109619
256841
127931
413869
202576
208488
251351
151599
164806
138635
310655
362906
354871
310179
435426
170274
186669
223936
189200
198661
102130
387471
343001
443008
264418
125989
402239
431361
288937
196732
281153
191835
323468
318470
343347
428741
191620
162712
452051
195578
250826
447227
275030
151739
259795
208503
179234
330181
160778
405003
172697
101384
132225
269765
224622
440287
435724
196589
426996
407852
393798
223329
451030
151400
120249
203424
289767
174022
320527
182344
343318
323258
193295
416482
205727
452887
381031
252388
239167
245781
321408
421583
115785
143560
264488
380678
419338
338148
217604
214504
394868
372671
237219
398108
276742
289731
361735
166145
196528
214092
155270
133225
399173
168721
331558
433154
164628
150814
236962
390662
292789
393929
149822
370678
442135
185176
325804
417604
404040
424621
118713
313875
359263
241954
400455
278682
441888
295667
131160
371622
149590
450418
174186
187514
221282
119924
125692
238031
296609
385045
288097
340671
129384
239469
139510
370940
347474
280647
138028
163513
192062
416588
406223
117785
388107
412840
436636
407283
188097
149079
241950
389171
268467
220700
323042
113670
273518
187866
191319
261234
248539
318680
245277
119695
326254
404809
137107
143359
426202
164923
154361
242894
415502
326716
128919
442506
154192
423402
155096
336930
228250
210879
427549
291330
392890
351867
193427
336627
119128
432567
186196
161112
111765
244455
288923
185616
325207
179373
274252
327740
291301
322121
303511
343321
116884
205425
283284
274285
312937
404418
187310
403317
150000
405462
158212
272772
114044
434142
420995
248044
273615
107546
271299
375755
373394
231080
193820
302226
273917
254541
418812
370102
437800
395460
328375
205288
248703
412296
427942
323706
265238
233642
249260
452234
117861
352535
301066
295738
280080
132151
152799
113857
285296
146188
337314
309203
401563
331746
294720
190013
338852
287675
333194
414920
371855
437139
425153
391231
432240
342849
313509
389993
360514
166438
443890
202007
337250
211554
173979
243998
102945
318736
363884
401784
369244
217377
330871
188738
270391
286347
384706
219307
230689
313225
132113
216956
258523
416520
425744
374833
319716
387470
155618
137968
139407
304499
247564
273454
184214
284166
258716
107162
317177
358803
211631
378447
323726
380404
327253
310902
142363
231794
281662
175210
432967
150456
308038
452886
445140
421432
428439
320669
376477
172553
436945
128242
176548
350559
282557
206305
303765
292536
264832
331652
334842
418887
282586
350760
164678
401787
273196
311505
284056
246957
232514
286526
424960
302048
410050
151770
150583
308728
252427
379996
276941
275979
308759
268733
351346
277524
335772
437243
387108
322625
317728
256518
287246
426591
199983
170122
158903
155225
266034
219113
141050
445339
441930
239087
439577
349495
455361
107134
211456
236210
435685
252487
247415
111861
273648
257563
168578
416140
158074
401848
191392
436092
154886
316535
142202
218226
227018
128660
358715
414070
295124
101998
362483
147540
200561
146287
152811
197030
278627
270073
344334
213590
267378
383296
245120
343244
152592
400587
356708
152891
152122
251355
132160
452868
255960
295393
219290
282970
272363
222323
156481
241979
280465
379629
284350
208349
249565
218477
400080
430894
143199
239595
364052
302195
411626
317486
167915
196895
213688
292647
349073
311912
382926
301322
245354
373250
349277
382592
259263
144088
220045
223316
262178
328214
386073
110441
399603
320775
408799
299726
148678
267015
361987
387746
208164
144109
314634
411838
153201
226460
238692
208512
146719
300500
247845
419056
179130
207300
279321
233159
157757
361526
110099
442907
289231
361365
427734
384662
101575
409696
453954
159641
326674
421929
168572
137280
322430
180436
119140
259684
284197
159223
111185
396156
226600
115567
154542
201505
166974
444646
357983
332313
315556
140014
445004
437321
234958
249019
151367
309239
340795
266693
423620
447320
407440
388001
176495
438528
412442
191479
397313
175150
185237
151098
164114
392343
246981
329313
222522
265291
250943
382764
433771
276013
417363
242749
161512
383461
159320
133104
426660
166839
215183
306436
296791
315313
419997
429776
274685
376255
265965
245956
422511
419043
455893
161160
438135
239621
198048
327551
138155
296408
228705
155877
366694
441599
396416
122792
126416
296390
223948
440115
340514
153995
381920
126922
172299
320206
314720
205233
387632
190329
448228
140387
340244
344549
252871
352344
258358
215644
360395
113513
290667
406606
351822
288227
343693
299786
324366
124884
121257
368978
125663
366680
237367
131267
237465
380329
453394
308278
358100
287921
142717
222008
151294
169849
168972
285988
190215
416024
309114
121184
310888
135493
320005
231995
208831
380971
163223
173878
255419
402581
251141
359266
127541
213506
427711
134421
268748
239497
394262
208183
252226
151154
454508
171460
403180
391818
292800
352900
373006
156437
141292
253061
287962
446173
239103
193908
165908
282034
447365
150294
394067
175748
179221
301661
163663
452534
160880
309859
268387
220981
191390
141843
318939
419394
160251
145718
168863
372483
453031
444415
368521
258312
131189
369676
265366
281667
451234
393263
165682
121928
440348
153386
143887
295513
274653
408707
393866
328410
116092
272619
101620
138121
166625
423265
308484
204766
228266
345206
365493
110186
106777
386651
369913
255805
231004
399315
216215
303642
396911
261822
165527
298325
238264
401595
153297
287194
171691
151168
219139
341531
309193
143979
398798
206408
263000
140905
322933
166789
248514
337096
133910
324371
451112
166339
322188
331466
177238
376585
121888
123405
133273
422320
157100
179884
437781
278212
219214
343779
358863
231070
425503
403377
179207
417206
189102
335965
417944
343885
283075
204369
115863
142187
122762
176995
445378
123504
168281
177417
170299
225801
367676
257419
220609
385247
119111
242452
164801
139371
370974
116039
165249
137650
427729
374244
169665
410097
179047
266906
190728
160239
110841
297996
122498
115979
264317
409766
352623
413332
445859
152907
137501
323079
347466
453250
146078
128373
231184
164087
316017
154803
400535
243195
149452
103381
274724
304636
251399
137249
317886
324084
214250
196678
402635
320281
225023
285152
292537
321690
263144
416739
342096
155519
117155
388063
207550
382364
229535
117016
430885
359065
314331
184191
184925
430547
451665
326161
117260
394434
436151
279093
382637
387616
254480
315304
346478
212280
347457
377239
383900
216914
414583
333774
121962
320812
197523
371343
253090
128029
282153
159040
363766
239784
248350
320715
303806
199211
237968
149689
116606
357570
442701
438248
393838
413501
134532
247906
168258
303361
442973
268783
394610
320277
363308
160501
404944
226429
253148
113932
126315
334741
293580
215386
139137
385240
156793
125882
240604
260309
136992
420412
423943
269721
211864
369023
227835
347301
102573
161805
324244
297876
451200
157959
338322
172597
368899
125389
414880
339441
107735
195007
412075
338095
236533
177001
127926
256278
301708
327737
382903
175266
106235
178573
321583
268051
356868
233468
434550
207723
334466
345546
351486
340145
267362
248147
309771
182110
167312
267111
315070
427907
338324
328572
141751
419355
119417
208439
186888
230664
150264
348761
200782
312762
446607
262711
363641
372084
159770
428965
219534
251950
108328
206782
443194
333638
208344
324896
278998
310268
229648
141647
430147
365685
149307
232400
350943
334076
305544
201739
150444
178975
144144
270751
274512
428391
151646
276730
303126
392420
336377
368840
284730
118310
127202
320324
206671
118463
215568
149395
290312
438052
296036
346484
255588
389265
368267
307301
390644
418780
240032
346963
352320
103266
306277
305268
225408
233610
179981
451767
209743
159709
454973
341362
311033
302159
296718
164355
147389
290432
153678
114079
231333
321349
320097
164126
235241
218225
158372
152311
269568
346018
283119
106621
398946
134237
114042
150804
409573
225796
312538
327481
176896
231695
218557
198214
437149
223890
206753
368182
126131
381712
453658
300332
416148
434306
136123
275559
325550
423816
345576
392313
133517
313912
438597
153273
163788
335250
179198
221802
168009
403209
393048
421533
287745
311877
105207
453181
339700
242177
329578
199206
197746
349478
317339
245700
434489
140214
189118
294828
258449
234119
208734
328123
231606
271198
112929
170565
308253
432448
322918
295371
395294
182634
220087
360665
378131
145325
395717
103264
224326
333302
184750
344608
194723
191740
205267
394549
299751
367630
399823
233866
262664
184565
244625
322028
142714
311859
178733
446381
247411
104788
167353
448415
135855
438626
244468
450734
152741
277011
447484
231566
375149
199413
207773
233000
369137
229630
131207
131047
397054
146301
397063
440199
185520
203415
145931
122577
203441
368142
318594
132954
127552
138883
259594
318796
357373
221607
136889
130372
355094
391337
153078
369353
120339
180959
166458
203365
343100
161693
165681
233784
134296
354009
102732
307478
166323
219936
149623
347691
387142
401258
454782
257874
451735
188499
339131
455456
414406
146626
299547
434637
454431
230399
311079
114199
360704
371245
379905
176724
321139
224510
281860
157413
264323
292912
231346
332400
212742
273050
234862
363444
107553
391282
339692
183805
191528
272377
161539
317240
408142
213479
433695
195228
174138
366316
217607
256847
119282
352459
419859
342087
318931
216410
210343
374219
441756
260305
193868
284600
327923
264238
273759
434381
101642
425672
170468
253236
368076
169022
388937
393047
333226
255551
319816
146024
337490
281209
248200
166531
320870
154088
166467
419608
189100
150962
117312
240522
236593
336432
216395
244368
380086
175017
100889
186015
334529
211614
284974
212305
303933
180400
232248
175918
158942
425663
298176
325080
193749
179011
330284
102894
350235
443057
216692
154475
439196
333941
128993
152213
181306
225729
451483
293735
372840
195182
192186
201941
281196
396246
370741
128231
137994
282300
278241
261999
339423
201511
156700
315668
384111
255254
433534
100829
189533
365829
305041
317441
408950
304888
326830
210583
209885
452725
424371
144860
108200
378195
291602
421670
138701
442252
355839
340357
146859
102564
352754
340116
309788
156102
362596
117997
302708
288505
234868
212269
261819
282898
373965
141045
443875
159001
189653
134897
267822
408242
336868
107448
169478
152361
449283
213640
243650
206916
412594
250030
265076
189359
187347
452086
359075
302915
219796
375796
421633
203173
221900
148773
412450
126038
285745
265556
296915
345133
338523
238802
438583
422256
176156
292927
210658
163696
452936
432823
417869
338919
402514
193227
244582
402181
455514
367357
391114
303454
288611
218732
354853
113231
125876
162014
178496
360635
364624
224623
350366
116763
333400
314717
192285
445663
344809
164414
363987
189926
179573
181033
381780
185066
370565
401957
434070
334071
353588
338722
245999
392426
371993
260192
347767
449402
146580
176685
380220
166217
170413
266677
278298
332185
190652
163294
383245
222220
428991
221207
371468
153859
201128
285677
128209
278540
315041
308448
183068
167865
356652
103957
409044
295889
325198
372205
360929
321768
384586
102606
317146
116320
123823
166633
365237
121251
368307
250807
377964
299288
377545
359241
141051
253738
402838
115223
323192
384818
213419
149545
323895
156525
258337
431127
356515
325717
307130
104266
401176
246014
366890
444200
213058
125275
235465
358567
177906
264813
175625
298888
454175
263052
245565
389985
164615
218337
446734
186821
279005
194064
299391
255063
384101
228379
408224
342401
151752
442034
168399
177983
318373
191693
280928
261093
277885
210464
455674
112164
385676
147056
355076
380437
379010
253662
449377
322976
349999
283964
125485
343927
399018
452378
285373
345704
399662
377934
154524
281859
433772
209987
275387
436579
209947
279541
249556
434961
134578
305950
357130
369749
237410
261507
222270
228904
442763
353665
249196
378885
383773
175848
241145
337865
165219
397279
251747
297032
347568
300681
265010
332809
253728
209079
259128
326938
107291
222978
415287
246757
267445
156097
360843
306210
432260
280460
303843
331935
201537
211943
384921
208713
373085
111096
241799
324903
422241
424625
404133
287191
345424
425975
141263
149581
297175
197291
409915
360432
260686
422360
246632
252869
346697
302576
349941
417238
343308
236524
379943
160814
240748
247180
422061
380772
415275
412201
119564
211608
442575
442751
191985
350806
448166
164236
444294
313239
105480
321128
132699
319634
310455
225219
211323
213909
305582
124862
282092
154706
107189
412520
424790
345784
295640
207804
131259
172971
163761
240638
224318
420157
313515
357448
267204
333562
306189
449257
294955
232715
159783
183094
184537
386566
171130
187805
294846
417899
251715
215827
120573
425480
415932
227529
395767
186914
414178
416177
262690
254143
322638
302958
387001
145472
148140
376561
159283
200139
363077
279728
274833
410853
258441
248166
333204
333414
139955
151363
363323
146641
325737
242783
419785
240165
152453
209273
211933
298289
193610
334884
181760
379902
222979
238167
398313
445820
371644
399862
219782
439434
333796
292721
386877
332220
448348
171556
316818
370650
120253
100779
434915
300329
261907
450799
273250
401366
316042
452232
170923
128953
372623
392832
222809
361595
183871
170976
278915
329925
121268
343218
342721
366633
360436
108845
256779
287616
280913
317201
200681
192425
318734
401434
156736
410013
434867
121598
353144
402468
408099
364132
339761
113160
139154
198084
234988
344554
290329
362428
162372
445263
336203
385774
339063
328543
182734
395016
104954
336790
369454
429488
183604
265884
159262
220322
110259
228756
195333
216274
434370
455211
375746
420973
102560
248653
227059
331750
292937
214156
140103
172302
263500
448907
156193
130813
450159
301009
362985
251512
135856
394602
131440
316806
169055
118516
406258
348688
167423
225860
360376
334821
116376
336157
444083
383651
180303
345504
444459
137767
343997
177945
299763
112232
300670
202203
298266
296103
317101
245845
214515
424892
346907
320643
335535
395012
371151
312875
295569
354321
151957
235024
414156
345436
441048
389739
325786
455432
416689
404946
455877
122878
415847
435430
408522
106884
389102
350127
292720
227128
145229
151384
303772
349165
133212
382928
117333
228450
254270
395185
135300
413471
260779
375420
171711
270913
297697
324036
175377
423226
356141
369826
160686
132343
445077
436803
188481
353529
413575
435020
448668
214210
366940
352590
252508
187243
218838
326535
153958
142963
194473
372290
253880
160648
383519
452781
211084
150712
455362
342235
452649
390790
249869
328894
185501
211454
441352
435052
341367
311819
409026
219136
426532
351532
301454
364392
274077
241182
139806
141135
246826
347773
198877
358453
121747
291943
286212
135023
342885
107533
313740
157479
105111
242430
359652
306316
454339
413186
427992
223166
326840
289780
292036
103322
337452
409093
439247
341002
397958
233237
455827
169649
343094
160650
155410
393837
221257
177647
245550
232938
211679
247887
139945
341858
142975
447478
224210
194669
193859
262151
338443
423884
142400
341423
413715
434185
336124
233547
382775
372351
129206
404673
437736
128369
420653
277064
454171
431185
297361
204627
298036
388372
329888
326133
320403
100224
288623
316654
200983
297233
350061
197869
336555
185545
237788
298920
368252
211919
129393
336392
237763
440109
129803
290686
222713
335358
187055
402007
384069
304507
302124
176560
201305
177795
251345
337701
276009
134659
439251
109294
273399
168511
430292
183528
382045
127034
147699
281580
278109
218423
210338
160586
189044
158348
185130
282214
122240
363605
346296
388721
286273
274821
455945
348530
382353
253319
357324
330885
282937
180215
144264
233849
133194
377535
180949
347334
203981
272033
399761
445481
420329
211455
358248
156813
126844
342662
192976
355379
207653
290225
286535
427412
143902
138112
121253
164033
352731
383370
115483
246490
162628
341665
191984
264304
313963
209312
434785
419556
437017
273716
158601
122363
351613
289668
140282
345110
231963
281725
336781
438138
399313
312092
243571
258362
431624
379177
242812
313201
373473
357476
449961
414152
206242
258748
429524
375166
331308
321032
286536
161327
112147
258419
418022
289523
159892
136788
329188
191385
419589
149653
325928
282206
195704
453699
344036
212651
401397
422235
314218
293872
359063
126932
356647
183148
422885
174292
284724
425016
269827
422421
244514
161339
141648
101551
276796
260702
351367
392392
411295
453717
145470
258409
111373
178691
301168
269463
152187
183229
315592
259636
293197
449290
217597
252331
220633
378490
401927
308256
176398
243153
282740
176561
186727
378857
124584
163715
284851
310286
287239
265267
357167
372641
214166
101910
205966
345038
273303
121216
335497
181049
295726
449195
244398
272803
325554
251685
157117
213449
425349
181584
166214
211113
295487
320016
156608
437958
406479
329592
373092
127128
297680
140914
284176
345541
146284
167571
444055
262157
186594
404906
210015
389894
395675
334675
372106
441073
358974
405456
214935
400774
223200
311631
242431
313700
388120
374995
315146
183093
439150
145726
340914
453163
222980
433555
294896
175096
132508
228563
356675
325431
154221
128988
158330
415160
236846
214022
332353
135963
310525
188556
141269
120634
403272
151429
116567
387891
359045
451098
209267
199286
371352
195920
143075
197019
228302
240825
170715
283844
300094
129704
251107
322729
398011
397982
345050
245730
356289
269482
195249
133925
340368
427972
264998
411210
140582
300412
346109
282689
431276
335868
396274
193822
103871
139301
326359
382582
310279
306721
454394
425786
227786
151908
107751
151391
309446
266046
235583
382929
420387
220744
221410
128223
206466
412759
123170
279860
437300
232826
148032
164397
125445
162310
151432
178020
332496
274676
378796
353775
224322
184186
236877
287401
190539
155340
245764
398028
285782
300849
431382
147669
229055
184403
290277
365324
301065
306957
294585
382163
416781
186950
274973
417609
207833
375557
197842
193267
115387
116095
165718
181037
421455
374203
343966
239006
380629
399653
162849
401501
181182
431636
355185
302313
221102
450074
156603
106251
352737
266965
298099
358303
246295
218655
306866
330126
270984
216376
144536
228255
208596
442353
239551
381018
358433
371391
225127
279136
309675
256061
336144
433952
373137
455978
202827
347662
370933
390240
115414
235108
306626
169180
351996
274822
146509
401404
427236
109639
245938
246976
196282
304725
414531
273312
272168
256600
213722
271738
437914
131811
333342
333416
452787
113871
437223
270315
216602
300840
439401
288503
246588
249765
352981
165352
373350
202068
285828
426301
419694
195375
342216
221279
340275
214868
442336
411574
272171
186404
238877
401642
234715
375622
361464
452012
224144
134520
354789
448743
185456
123411
278349
386162
139136
249172
399728
154636
356097
212759
412133
189509
313386
454851
390925
217093
450212
397300
434940
102287
427563
141276
330343
449731
351561
157119
388791
116743
309586
105313
325418
420722
191697
275825
168888
432795
221708
362048
236488
242748
343573
315028
375870
280408
243742
420540
128488
421663
210868
271232
213698
190252
432355
317159
167505
441552
310337
278103
412774
275668
397449
261807
232775
302015
316266
286140
442426
312502
174588
362339
309635
398823
349463
209797
358746
353645
340646
281934
206913
406097
121705
156757
430635
278189
325816
335414
185255
302546
171225
212892
320717
113328
119515
411066
376476
368434
403677
179153
411900
277534
177388
137580
127768
395753
104380
152960
447048
304362
308858
378935
389123
248698
168274
247273
432164
109215
213583
368742
404742
255567
134526
104619
171741
173052
182317
304246
351141
343776
129381
269357
202235
415393
452030
252611
263323
340094
110187
340454
256410
297685
147514
409880
418908
279784
279409
366823
269014
424353
349155
157647
411068
316888
107952
111723
444947
289532
343670
200951
443275
274287
266408
355732
138863
326525
161951
107575
424334
157840
418975
359531
390654
386165
321244
393024
106653
182326
167969
178813
100705
423397
308544
143962
410169
349022
320570
183841
306001
111057
132631
162761
311622
244884
350692
294746
395754
422386
418316
271987
238403
177652
159779
453437
160054
298249
333165
166797
388314
347892
452940
281304
449724
387773
402058
104413
139094
381312
261074
177551
272800
323256
297126
372761
425504
171074
395299
429534
435875
275183
298923
269687
438824
194384
276951
250969
305646
449701
456107
194632
434485
230837
126335
441247
361029
127738
407071
125189
412545
170986
202723
249613
115994
119636
243733
166935
293732
171534
159210
341275
438453
175866
392206
113415
399095
210345
211692
262130
135161
291636
267258
115897
345593
441152
254698
271930
212406
240231
446769
238026
384351
118260
439478
181301
441640
402872
280457
183519
274200
389084
424687
176280
239887
372241
353841
169703
259711
444126
382585
251483
240737
157974
108212
424884
228294
181420
143871
334666
159789
105465
445980
321647
177366
344144
305588
201086
137576
319828
426707
452440
107663
224604
446501
110477
162596
206148
301735
198819
195062
121914
376410
227832
348498
192354
442703
351334
216414
381659
171434
233343
129697
155012
113083
130974
282650
182196
410649
106597
287969
386149
117442
222960
246347
407418
305219
387976
245894
217527
242928
225937
454688
297969
243724
396561
216201
260423
376485
426103
420002
300482
148852
288180
298374
451057
304603
447585
362642
344329
361316
399279
334272
213339
223645
244953
418445
194129
420097
377299
391583
452972
312800
381789
159665
332338
159671
440179
201201
158592
229005
239242
310690
362225
364071
231519
417787
118208
251295
453383
401111
120564
109048
352439
278690
312083
274115
127411
425332
169416
343556
244813
371478
351487
232928
340786
311885
308794
254993
130265
243925
344929
359630
179759
312706
178886
391964
110422
210159
266470
423433
428255
414298
276269
255343
248143
183508
383882
269768
265555
203584
215228
128823
314119
252960
151954
132964
313715
165678
262408
415853
218018
291902
438642
413051
165922
191695
279908
241005
214216
338661
329039
240242
383553
179833
278808
364976
368105
402360
412214
216464
289024
234805
143572
277414
312087
310609
231842
368865
426563
329508
418729
434141
380920
320964
430583
261369
286674
262852
159015
359391
161015
273762
322214
320323
351515
275778
407380
308552
388000
202389
263183
173645
166357
291908
220968
214794
290037
446519
161947
348125
180744
269458
429478
336650
343179
180573
113493
305678
280813
422203
142591
187026
270972
191125
226775
112369
344790
175127
170436
285543
278872
437109
355079
430199
204979
165357
192420
386055
302294
376936
271620
342497
286289
433524
431554
311426
165602
222429
430327
206523
158056
278880
326492
381606
149256
150104
383354
288320
151279
443209
142452
402086
222616
261310
113925
298596
339952
345471
341925
405933
292077
448035
129724
444987
452535
181001
245871
260457
378368
191409
293486
273723
389556
128829
302279
308112
256112
418216
234614
405192
268952
320909
393125
280128
259567
282086
106502
261702
366337
152966
154601
442988
311443
115794
429730
120674
437992
368810
104461
351067
312599
222354
413212
328105
389056
322862
356677
402495
351597
372609
204985
345695
260503
399102
375568
106563
399742
286876
414139
145616
334436
382290
433501
351052
180333
137760
130835
421348
427310
138515
208001
439026
425496
429240
162867
251189
189233
427118
145611
260160
248399
428746
371101
202517
332467
162993
301130
370847
303357
375349
176679
210526
425067
282514
376228
251702
362188
263140
147092
318204
167124
397642
297585
109340
450985
350821
428555
118709
155792
269391
184521
158405
337917
451360
272689
149428
388458
340619
381112
173346
302778
393812
240073
264102
352674
126632
187892
217747
387467
211082
155056
299681
161302
124683
449027
259025
377749
143837
300878
374984
361513
271348
340807
115576
277099
439398
309171
175143
114925
278741
190937
264032
194446
225663
341878
318739
229487
439144
398641
350725
317420
388634
206883
416577
442422
363361
206010
238271
452394
423349
229635
310194
251490
133547
365610
322137
100808
387781
421024
334192
405380
276524
210774
171840
126789
411297
301435
354169
409654
345810
306383
381043
201975
178246
331573
369012
353677
159634
118281
222373
281757
320929
187113
190567
341094
185975
284628
316997
278295
307792
338405
161075
241966
251004
123122
370673
370505
360423
303907
384431
324929
336044
142098
245589
133914
415477
107099
126221
420513
273218
437779
138163
358224
148078
123679
336674
234629
260501
413368
303925
451737
399621
412954
389571
364611
393510
251258
214417
334954
414499
310077
235344
171167
230729
207501
354426
427893
140000
340782
324014
363602
268991
259984
386761
181609
345472
149770
269728
128625
322017
319702
238059
416414
191720
309285
316799
321406
453542
414571
261801
323413
268114
105613
173051
160002
126843
311395
295558
325002
238143
287910
166350
161611
256303
132232
381620
207299
441972
155657
403996
236937
365080
138904
342227
277329
436494
152749
160109
366014
100372
380637
288868
346537
422033
408670
354260
293910
396543
403284
258482
387504
357380
242511
364209
221910
184492
260495
410610
132938
452890
382736
375312
438205
128333
181998
246791
302569
258922
296466
402357
325178
372587
323885
181946
377318
165813
331619
425443
418872
104041
125535
227043
382658
327589
376951
253485
203683
336394
356807
184607
166041
372675
129260
378643
118764
320619
399176
146813
202942
327088
290033
350864
176535
332814
413389
144293
206984
338393
142332
345757
396079
367968
431255
400164
144691
247825
353679
415999
341099
126520
441500
287914
198377
307152
306042
202129
411346
228694
271238
146691
430312
379550
307003
246521
148478
192865
306101
365245
254931
217546
399067
191652
163532
219557
136511
263155
434565
200167
248072
312848
368461
313672
221718
249982
134261
173413
450289
232649
270884
352319
280270
194190
271245
448407
398578
344713
142985
349036
185297
398593
103350
252515
109879
205119
134621
222757
268196
191858
315518
152191
297596
293499
387053
235599
274802
429734
108539
338588
426635
213890
208087
110079
417063
443141
212626
387775
401055
317895
373700
419344
449784
235251
230003
405448
271755
434822
158261
278948
309454
141895
163158
303681
252037
154797
167822
399838
116257
321924
333197
185762
435055
369811
447448
293318
274062
297246
420921
408198
271084
414387
450091
340241
200021
141285
213855
310073
136384
137926
392334
179682
185196
415706
179855
383945
454142
107365
205774
232631
381902
173135
179826
115113
292254
358251
344223
281280
276443
268108
186933
243142
167605
230414
154969
286133
380895
327553
348885
290590
395571
432854
276686
285716
171492
259288
310661
172736
446236
214031
285915
226189
441803
292918
451961
343235
188771
249730
195173
441264
221096
317174
106196
293026
304234
354113
128394
300973
302111
301812
206034
411442
204348
229215
172217
389421
130883
215553
362836
264107
189750
381978
261404
291921
145607
375961
231168
181053
287826
295643
127687
211414
195706
275871
118087
173688
230102
397651
420992
418101
124603
107701
110886
289273
165147
184430
414759
122548
412876
405875
240759
223149
443654
317566
154808
345871
185380
116779
247716
208705
272749
374980
292742
273736
192108
292415
137978
420530
323152
123233
339179
159325
445393
370099
190426
332995
310605
246784
267016
347154
312035
411057
342548
115562
303754
373570
423464
128305
328544
345536
158801
167826
289800
266985
366083
148297
390505
415190
282283
380406
206813
309188
392091
389861
343288
396090
303782
316018
147596
216087
382746
330021
235441
282374
444906
442879
155266
289559
132318
284521
365845
451162
299006
249434
155504
385257
424243
135522
390841
455420
379154
344129
258848
366660
121282
382432
133118
148313
237824
154125
226799
278866
190106
449390
363026
220996
425842
158887
326303
342203
355499
375606
385183
317607
130301
349059
218854
136525
300203
306050
119971
291368
140065
186212
278398
438567
248664
170185
104707
388464
302909
280221
366623
447961
146361
239250
312310
345191
114358
116484
140670
354504
174971
310009
256079
317534
266296
274404
269949
425764
232978
295684
101556
318896
195612
376186
121499
213114
453700
100349
102514
168314
236079
178051
241727
213067
187808
235691
337428
314121
113538
401645
363115
245670
304503
142029
151306
264546
115486
321938
188287
109262
241987
149547
403393
107912
212788
160268
452531
415186
144597
296166
150768
274896
430658
113195
112183
361416
373924
186450
448262
387975
362066
251323
387305
428384
122518
191336
258481
418177
404701
274851
100108
409677
101709
322012
129453
126882
397576
191632
336324
110589
103172
423849
373177
191049
432310
432274
388104
316451
428911
115757
421023
177964
110853
253180
137664
177838
373048
200319
405497
448502
153192
342402
442421
331362
416610
129864
369509
254860
190791
338751
412135
348784
346238
318698
372907
135126
209658
387056
248616
130382
140955
270163
372812
112674
268918
243746
263073
368343
283568
448618
324542
401416
181749
197673
384296
452336
357810
145185
313843
112550
186412
308469
358360
104487
122464
219786
153776
286816
272122
434641
393041
222716
361247
442316
281477
174847
305987
302001
215719
413668
144427
347239
403865
274734
199745
297980
382635
373906
371498
168039
381672
197618
296435
400644
243145
215320
133714
211569
152469
154132
124522
332594
197137
240706
168991
413840
316858
138390
103168
374315
270699
169489
439331
316754
384768
216167
398604
427265
254911
317746
134384
449738
344154
179799
266601
373147
150619
369763
327714
139971
415643
379959
365251
349621
184712
242411
108489
440588
164443
239607
138103
265329
239783
312150
207544
413928
134419
200112
219903
195568
214986
334762
383051
237467
363740
387476
274016
340706
119292
159111
137519
311422
408668
391692
175994
107484
376961
116984
318844
365746
326780
266037
221927
192472
106593
349836
293869
375157
169808
346152
129945
450413
278087
454038
129240
108201
435938
284465
304665
176891
242286
102426
295646
264961
281682
285657
338781
277369
333771
450683
242082
319528
201211
268149
336456
389088
319136
318152
440235
256634
136058
415720
145889
250267
399177
427391
290780
175763
208951
345169
386850
340211
132154
328812
298868
110474
452257
257846
210227
423263
282848
437372
294475
259619
293547
240582
369341
241823
109419
385341
187050
213960
157893
116460
290853
291297
184149
429084
269030
211708
386923
412666
286837
203802
154544
222032
220135
222877
139822
276590
328873
407743
325703
256480
266483
420138
384466
291749
294379
132354
278226
332627
449848
253228
434936
401542
365804
293424
302929
340120
135149
222679
200326
389320
144745
134378
357433
184449
397049
256059
450481
153381
217021
403557
257556
205356
294700
208278
287702
349186
205956
259208
316545
388819
168715
366520
411671
307881
400160
428091
206765
390989
248780
396021
106082
111370
450171
292284
420141
313198
205544
136324
341537
345220
244192
196441
209770
145855
225068
284709
416948
141118
400749
375470
424389
249554
201282
156286
414039
241856
436842
211658
188554
408614
140519
151732
251560
447379
173826
198085
145667
272072
287002
131359
390872
276211
416495
311893
300317
449621
192725
385770
119950
279787
228222
203061
217630
284815
296770
360267
177307
382601
324900
134978
360207
264159
271372
351980
328088
155828
231262
142652
286508
122849
411131
408059
439664
188145
429024
308696
329229
216728
232945
180730
378893
370864
304331
207344
196495
358973
330746
144094
238234
392551
330001
219430
441469
209162
221949
264006
427860
297120
135273
243260
406462
343016
449132
124212
184043
334359
348237
205949
127429
147632
128449
455937
331317
232531
240786
454191
418913
241897
197257
109626
261065
345014
155405
225175
378028
115835
344611
221965
243058
270504
219289
261823
304720
155227
199454
420990
245960
128009
440011
251393
338042
203280
317438
414461
448139
422450
241603
126569
451759
220241
137147
125159
230796
166627
279657
451127
362078
151256
402590
129733
426529
172522
297125
219580
427192
388064
453330
407004
270124
406056
128196
251271
177364
401365
382648
392499
228631
410055
177560
317228
258862
335864
296174
390718
428581
147063
406404
303983
224290
290385
233027
308269
300262
166563
109151
240299
426350
181568
144670
435988
422385
284746
129752
183129
178227
287652
243950
225344
361700
350108
404281
444161
308848
164048
449876
205067
365880
301108
312820
139121
216512
394350
237892
355003
362913
153295
410123
292526
447857
134541
168354
257912
262081
211129
453684
362503
143487
409624
217173
210608
158562
299958
433340
279611
337724
333737
128225
306022
362299
224994
239756
392568
358995
137376
446216
259153
388624
294704
118250
262375
211044
397769
315024
424108
332849
136460
360984
357659
306301
164040
368809
294261
443892
346133
394700
212003
117931
369663
294193
183718
196298
116593
400139
309264
160060
311374
340735
194212
175160
262212
105795
324648
141299
166569
288664
179510
408743
212879
158106
390211
400674
374683
399079
289739
187076
376848
149709
230916
121541
120003
438476
305298
102323
282025
188003
292177
210282
283692
393611
424944
355679
182719
260768
164136
234108
194083
354486
235776
305357
404466
445022
414994
336817
180738
328259
234569
119623
271556
442883
297733
437102
128055
386778
146804
210932
249618
219781
192397
121327
299503
396693
278285
410339
105127
433486
221408
306966
127615
433593
291478
295676
438212
146524
273672
317992
245466
129512
355871
433083
229051
145696
236636
371015
157050
342772
377060
173246
419420
115795
420632
204665
412601
237169
214578
336643
186937
126451
165902
364230
233487
161320
104582
362320
230572
365582
137500
205334
140776
400709
450960
389154
382428
193239
396176
450331
356371
327820
372500
307579
348567
152668
358986
411237
213047
354554
117990
424194
375027
143888
449878
435934
319851
135119
179512
142794
134280
173850
234264
103091
333245
353495
221380
448982
449420
349196
373769
176774
160299
366335
217609
252955
308460
236019
169794
422924
392937
247782
356421
131543
154960
258061
158273
298585
133527
148283
315074
275041
224483
315087
419893
421700
411647
136859
448860
216323
199712
268600
284293
452005
112876
402131
413130
187062
273546
365165
431642
253294
245671
227658
205098
269815
315039
397349
322855
429071
406825
427318
331666
127575
344584
445887
337930
444570
334922
165739
205801
402123
209053
225702
237976
211484
139672
367048
392056
405139
193809
201976
205535
286116
136463
262143
341199
282769
148258
251171
165886
440545
365316
121567
266041
376272
174478
435720
360381
258660
270080
146454
231289
212564
330307
142492
178750
186150
348951
185413
336218
191484
238847
330060
346439
206406
391897
233240
159061
178699
384722
309909
327166
389096
395439
102586
105461
150323
340550
352327
264558
221535
222975
374739
106601
312629
211375
343494
128261
115565
350204
448895
124972
429526
206552
155596
166308
196606
209678
263129
186423
245276
146216
331350
436697
115316
307939
374375
161182
105375
201606
217491
444316
411456
379193
417830
141912
124790
395613
381572
337483
366202
335831
455729
158247
399134
312322
223462
275409
127275
155654
445699
255756
181943
199855
407003
340749
212471
322405
345529
376278
211480
433493
433780
447896
248177
308967
152162
248783
296124
444222
237536
302906
134342
382116
387513
241262
155901
121636
221046
147914
452125
302729
103482
107029
346776
323590
355402
280629
337478
225610
118763
437961
111319
228418
211615
181901
131639
259210
311164
137160
126730
119560
208735
107435
414829
336147
455598
207813
403243
265512
351723
301143
245944
140365
276255
170096
194722
311500
306202
168912
400445
229815
149244
327801
147546
402433
221364
207970
245122
153977
412857
236474
273866
314649
215299
375507
404981
288394
182247
253344
160602
252012
385855
262536
248890
434492
102674
208329
295778
245898
417122
331740
367485
251527
280451
322870
152235
191527
317399
357038
197022
391201
222079
241120
170779
348466
117852
378378
386168
177559
311257
273381
226793
307549
368254
169025
134481
405218
195254
248707
284378
138389
448236
190667
324127
367069
100321
411143
352005
118376
253028
419080
266640
334248
327176
237005
289778
110980
372284
282947
115920
105181
213774
226628
258417
360259
119845
346228
161786
196561
209961
381643
346609
109074
333547
139469
432794
287352
260834
109912
132244
363943
373187
285264
391019
328621
223409
246292
231256
227285
402753
124162
409774
445026
282449
330824
421012
371516
100936
245257
425030
415062
375671
185386
441421
449799
326357
285522
324451
421560
119917
447189
454468
261114
283563
269669
236552
276439
455625
238778
352076
285130
400755
111226
310104
237483
134397
406661
447880
439671
404973
329367
252086
369205
236480
401490
245055
313657
395320
220473
407284
344712
208495
176094
301488
276317
103430
129242
191433
165206
258687
442642
307706
266971
241949
419191
286100
261182
242419
167552
241334
208084
173442
148378
139810
254300
395816
152845
241795
164077
102723
260437
155795
450422
418942
323162
222434
184059
176967
207400
108398
377748
345711
291222
328903
277478
179797
249237
191178
377337
176231
336734
209433
332763
135904
339310
379438
251908
118565
240864
454065
263980
431074
142630
394004
273190
419231
303232
413990
105911
195868
437543
336928
358555
203577
219069
344164
339664
322323
426779
246054
235701
307394
384853
389218
417194
303219
377285
105079
364083
132311
125615
231917
361477
168725
364685
136199
434374
355405
287812
218502
160918
227003
396083
425144
424935
446109
238220
163876
315296
444262
147488
401846
354136
305456
415236
146835
194739
438041
277884
140400
395080
453992
147482
406776
247176
333640
440657
246853
372759
375608
207507
454757
139149
256437
435854
158945
390767
367614
123911
184397
123449
423065
288461
237064
167345
209551
114703
147899
119739
350355
131692
294888
200783
207764
310295
447884
127023
375446
406845
302582
302937
398354
380598
202783
372810
133248
294162
194284
224204
170956
173512
408293
346626
305741
328747
265675
355923
369478
168672
224781
454549
161806
274522
148881
353281
151664
288362
126482
216888
416020
314643
431003
101216
347343
134199
195667
374629
261246
180860
255719
138561
288980
413817
387936
288306
190743
305566
298925
449472
315241
111686
154345
443112
260535
111963
157607
269574
185448
269908
227231
295243
167097
262384
391882
275764
224655
125673
101958
138915
206652
353109
313418
437697
337867
272773
227259
389838
237583
170705
297375
225930
328627
184178
426372
284264
112167
372182
130910
365373
176104
136394
195296
109572
443365
334360
245065
341792
448391
268461
345356
319373
378440
385516
214919
201714
233739
288289
344651
236065
298726
270183
317405
377550
250392
240099
197223
105728
316688
241535
237813
283497
275730
297261
143925
228090
256385
280586
189136
269886
163124
120599
377192
373272
209696
380829
369863
402144
289811
126725
397568
134803
303425
130321
316743
286377
137165
234638
262379
223816
448195
126140
282859
183570
144310
397192
345639
386604
354183
256553
453552
103358
173206
166018
383361
374566
167585
427888
164976
394792
213538
323982
211003
366590
297579
147867
423473
326138
253096
346247
134974
349696
321862
149841
350786
377586
400564
362406
128381
344250
348078
336993
236951
148259
263603
285485
251796
337906
456047
309034
108773
436343
428483
253166
450318
325559
207465
424989
361505
269792
102437
443602
148597
334915
253209
331064
142536
194898
364261
284076
324727
233602
294304
281438
388319
421937
403189
367897
374878
244376
360029
387533
451896
320790
312135
335168
421534
260377
290650
254444
408427
364809
103977
323412
362244
349502
302977
101631
191197
264190
228942
362726
387101
402188
158103
452235
384787
240225
292392
173610
279125
195134
378234
128909
417547
321609
261920
264088
417636
191994
232921
217513
317445
277014
416581
277387
424504
383594
198992
417828
411522
120827
264184
310050
282870
124773
383544
194666
291156
297749
301778
103246
307605
391892
323431
307875
251009
228879
381897
310103
432418
192841
126164
191351
217028
249525
234043
364673
289031
424582
240189
100207
171849
182798
418891
196335
395364
266670
297941
306750
422172
368352
433380
322866
242142
270617
383597
366620
141418
245586
193314
253031
121470
265429
418962
152894
213000
360105
320922
111523
216372
247097
149984
166998
398937
215047
217571
426222
429328
330949
432915
159084
192930
242308
146716
107153
131714
320707
184714
324921
182209
122708
347543
160646
137505
189344
112653
232701
109081
148305
171389
311804
153643
322067
388444
260757
291355
282991
339768
224884
263174
202947
322211
238428
447493
359626
419930
316602
406347
166729
262068
436450
315932
215350
376245
412748
136521
212103
127274
276887
187390
389034
139482
226374
278953
310355
388775
110063
141765
426556
272306
302049
329044
207862
253571
169550
213700
160444
419039
392863
119004
119838
154770
425633
171035
133463
267188
101285
209633
205856
134015
106263
234044
339159
337341
266256
206683
120644
248014
231283
126066
338813
188930
373511
141595
364177
159380
356502
143789
215112
172477
125122
364491
398787
243512
133148
264753
153063
196682
155612
276656
455282
175680
258746
264692
194320
341210
187922
235533
295269
284082
447804
262095
367152
325109
275463
281035
248852
389389
435661
320390
432725
109630
121749
407150
242301
231991
241915
124447
240885
257710
350907
277799
150508
232171
361574
380912
212549
248102
193363
274708
152732
455355
425551
307682
317621
416215
256536
269724
279800
188416
356047
216233
125978
308225
396899
144993
384349
201965
395529
139122
456121
272073
347670
231037
166749
202285
373755
397586
178063
215997
130184
343929
362088
114145
237161
126240
295819
290102
365330
214856
204186
124914
279193
127200
216579
257662
215191
273839
325509
231703
190932
435054
205788
200684
262877
106920
251704
194487
367501
260853
347172
163811
297884
255015
276979
166063
135629
259162
433095
115709
132131
396935
385887
104941
229377
167095
283847
400537
227327
385669
300100
142422
387136
388143
143895
367774
359594
184345
196764
365947
364495
219656
216693
229625
266554
428258
285100
135797
379990
239698
237793
270479
138501
452596
102257
383278
116065
409840
434044
105834
158901
227318
331532
291464
327632
323062
396467
184237
278697
256737
134046
115111
302626
193891
217054
200773
205872
345978
128675
276436
221983
121173
153114
307868
355848
115241
306034
173714
111898
372897
371169
140058
177373
258265
246188
245970
263694
163941
189292
196944
326887
403415
394531
418429
122255
165771
427816
267729
241738
266491
234484
109058
141231
193366
222389
445692
232321
164368
282563
163095
152706
151453
301696
213793
411710
313441
239226
366811
352823
453869
397186
411773
336353
149808
274654
247364
400763
197313
338398
450345
421579
294503
288102
138082
245840
227314
362698
378700
355222
298271
355607
421114
331027
322508
151525
273452
190481
160810
132824
271068
319366
180302
404864
409055
249256
121098
236478
126034
350228
242158
414949
172911
372373
345521
403881
245887
157035
295201
434849
201670
184289
345642
342725
289339
178419
369206
355828
266276
433471
160320
326465
445957
110205
136559
406356
253502
278331
258043
314807
148221
306082
390552
147776
412780
100095
231173
273317
133494
196017
181321
455265
160287
107027
208571
340677
206759
355198
389105
378423
447570
380562
399007
194388
382395
290669
130770
247847
171445
239565
293078
230422
375243
418478
375350
223399
145163
108133
270926
441989
292308
154901
263667
451324
206365
177987
116075
135668
272297
335872
123483
443600
199103
298990
121907
381143
180442
379360
149460
428916
347974
284631
297309
230800
245475
227201
305911
111310
261151
228197
207438
268932
232510
257137
325725
351130
292157
195398
187393
383247
132769
371800
193174
209700
275496
117024
260061
162806
260467
446061
234185
267721
332563
200550
323484
109609
252559
176199
291354
189664
348862
260296
287588
326760
315474
383800
297329
333341
189181
437851
375132
440521
290865
406639
109365
405507
155126
154370
265199
289794
434766
115097
406483
216152
331441
118008
239576
368734
388075
315780
162996
373860
278904
148492
197946
363975
105665
400939
429998
402348
135534
297050
300744
252739
288367
372560
307807
352695
262795
451695
379058
165463
290651
364217
328537
133710
326429
244890
343377
234494
257116
168829
286517
426305
134309
249225
419506
145914
198598
299375
211656
231915
181075
122516
130923
292754
268519
344484
439496
294563
437421
271903
424906
202730
288297
140836
303138
356535
396958
181054
126167
406213
422079
308064
415794
443191
406221
439180
397087
315614
221673
235380
431353
379251
448028
424588
183222
407524
351951
360600
364930
431116
368056
190267
117209
310797
384346
355183
386259
200764
346607
155327
157794
143004
105860
225039
237347
296313
332747
122018
104157
115392
263417
359411
343641
434493
109941
184465
331396
169265
209095
211189
424974
403860
317418
106783
347305
205178
341662
195087
355206
138604
239716
144477
377397
202140
132364
333488
127813
121252
364888
166586
349523
317756
173014
138787
310549
326778
166261
147651
322463
295840
109486
386993
127965
445297
378473
435336
267052
431137
292094
439654
230022
339065
334677
407125
377993
113628
140877
275714
182289
375719
265767
152031
296179
136748
398528
402791
146470
271719
411560
139434
241754
205283
452085
162909
441438
238319
132367
455699
434220
294324
277337
257136
193758
192749
117748
347251
160415
139702
386742
276797
261636
423117
216817
208467
192114
127010
385761
281801
200547
121242
428294
106520
110765
197117
163120
445529
416193
242223
141859
175485
450424
104281
217395
361623
432010
344266
248119
433578
155556
198034
263790
198413
361408
309395
335291
416403
132190
123448
220500
213772
235603
263311
328379
127479
226498
367303
337262
270309
173226
409614
325044
382556
260290
185782
267135
177209
228205
201500
343437
253989
133832
323122
347436
225758
122172
271167
150891
244286
381149
146780
168787
212539
375429
115136
164793
152262
259003
323907
426045
166251
277427
400293
331019
260177
303826
299073
257338
299573
268956
308136
323799
422959
381713
431143
225491
401885
268506
122678
180314
205300
181886
434210
141020
415292
336860
412067
415112
150387
263851
414805
186574
302402
183645
422366
448535
181325
424219
361259
382408
103458
316183
451313
455912
392308
351924
432094
253890
220785
303958
294466
381228
302898
335886
352179
299824
390518
317141
210927
231893
371426
153608
154700
155287
423568
288191
113446
128204
272783
397860
232768
254087
385685
126653
280172
325149
153852
194095
219949
386129
121377
209301
319562
326391
237089
448647
162215
369253
378555
121828
343428
388988
385950
106635
435990
163433
404775
450670
419902
412852
174420
393721
378279
436522
182711
190370
246851
289435
197721
196924
178561
173777
124708
327210
330592
403081
360783
260163
244084
167583
429789
140584
399105
338195
232000
170653
397237
271264
415361
343199
176588
455619
353249
133667
100478
344774
306347
264165
184031
341908
253977
270732
303478
396412
383229
258348
385339
181457
107133
136186
302161
136011
338214
320678
101972
266736
257144
389567
276030
279624
287623
328776
107603
324174
453469
176120
409445
198526
301088
204290
146633
199811
111788
422201
232010
454786
378662
189583
430725
426963
395203
295012
200382
135289
182987
149941
176042
354680
175825
363494
426329
343132
207906
252114
279753
330335
396189
313220
323425
427781
424999
432396
167526
228772
189439
427285
270346
220201
425469
333066
261026
290519
234934
176230
268031
331923
114258
417588
104837
286139
400078
339973
193753
100340
349220
298369
140735
223722
386370
116510
374028
154622
325975
295153
139886
322996
275824
264684
271988
152042
150875
348065
140078
355591
126220
270731
257976
138538
291958
100415
227305
150434
451117
184550
273705
152391
381111
351997
267640
167656
142072
169781
150446
101864
293215
339575
261432
182488
406231
308144
161223
228508
101953
346322
435571
195988
377666
263872
100238
335293
407741
431228
395182
332603
323403
200337
240851
271866
339355
277839
436328
236684
270135
359218
216371
278946
348825
165744
429286
171516
287514
454253
398577
388405
190568
439760
292939
168252
206493
182983
371154
440225
237835
454888
106609
169971
174122
389841
248564
310508
103148
304099
369331
224520
145544
349391
401963
344247
163918
269190
219669
196306
439542
205280
216108
436002
261557
324277
176926
187613
100070
329395
448994
148510
135033
290511
142141
411594
337509
130038
281512
136497
370916
433155
167533
314546
123792
310829
137956
207711
104587
444181
426618
347444
252530
302483
450283
407030
446362
113001
178701
441084
445490
416172
231515
426133
319221
141822
227068
231044
451036
332873
429366
296797
179456
400167
216264
310484
200609
194707
218048
154881
374077
142366
136313
438932
339943
310822
183208
185403
185248
329607
256246
256366
261073
224159
309899
301082
211769
213504
109146
112101
333059
438123
140548
250386
135379
158279
237047
274617
403039
433239
276531
213477
162938
154391
183176
275942
445746
409201
215616
344450
168878
246453
373754
102921
370479
391083
177269
225943
204028
364808
235527
232176
240641
354878
295928
141468
155349
370684
210279
311122
278500
168757
221473
445166
104117
173256
197521
445402
413052
447384
308601
285149
345453
192860
390753
275890
437931
387720
216860
370901
433964
245964
413570
168263
384193
243036
419999
298802
372394
197326
452590
306602
257031
233009
433921
354917
438125
264912
285669
114228
396763
120296
330694
435824
342575
105064
417792
338420
239327
394501
323346
120771
343787
371714
401742
216336
403005
243762
161622
383757
324588
236380
122088
210034
244347
164447
382098
337352
287896
333254
243057
313117
261139
348282
330234
413434
266389
426613
398218
308031
283971
292046
332477
241757
338473
312183
362010
335534
149957
354235
320965
396488
352591
137679
143857
111563
401727
366941
231890
190168
315909
396130
315759
347019
401976
391846
318891
208879
296896
129095
164838
304254
110357
266434
297559
145373
390164
425635
406184
283771
365656
447207
322342
413128
275541
185847
362137
397152
382252
211408
300327
245737
436515
138396
147997
296755
385460
312025
115189
320629
331789
199487
347964
254195
150645
315200
165419
224051
452846
228823
120273
243670
171226
375068
112959
160803
304774
371204
144112
362136
265067
276376
436243
227774
320532
453210
167419
229116
422561
160445
361105
220951
193576
198066
440841
248242
345125
224131
157619
161411
212797
227414
113633
416593
147616
227051
357561
366068
411485
246066
158845
377206
209063
336328
194134
179401
344162
312128
115380
309538
252378
343157
412074
230488
333057
254809
102831
380820
109099
163533
285865
336460
301057
430618
416145
213190
142296
340475
366478
374258
380091
441200
373295
310211
261014
326162
356129
394239
277956
105290
138780
423933
308482
100956
175691
298780
124270
128824
444979
192663
439933
348853
442493
395350
125690
298709
406384
388042
369816
277276
337809
179647
187648
311677
312074
159947
150383
133295
391802
451224
297351
184705
140448
195386
305489
193089
195585
182992
410043
243554
361450
402668
443384
148111
321940
256844
124472
118029
299841
190875
232727
186537
267419
209437
428355
176122
241932
283232
234668
440745
296799
110651
262031
252876
354059
120899
411584
352157
348416
102222
181092
411487
419150
139925
400443
302745
107257
271262
305954
258995
131652
319490
172386
222814
377132
230750
325883
101004
359186
279175
371818
357243
249761
385370
455231
188237
250952
375886
132365
301635
392344
451461
150276
293370
147181
134678
250039
425300
277644
369914
178709
322515
145217
316225
217993
428403
274633
332221
430840
339606
219010
434996
143450
128106
102949
315712
359048
191112
382804
172977
407967
219606
101584
240966
368540
219814
381731
415904
169173
197612
164063
171599
406388
187916
340560
291706
259456
303507
226274
170782
122841
338864
183376
422890
281111
199793
420057
358899
182908
428567
238891
339100
410337
303947
347695
112820
298595
409727
379373
145000
273045
444004
343452
187150
326663
345247
245883
260154
196540
358837
109132
271843
444957
144216
136469
181819
375402
343907
246557
391491
306900
159813
407554
307998
165126
122437
314556
306526
116762
252854
284659
231943
305982
172208
267537
208781
277317
182403
427792
206104
399680
421368
254482
435085
269066
109716
414551
337799
231395
389269
134129
167791
270509
423636
387019
188698
444659
365678
303646
172242
236487
373047
349883
425733
224782
379004
343755
227208
385660
180839
202050
115028
288724
448926
102440
255591
258003
249589
290100
298773
211506
246769
200905
179677
152576
414801
294872
433307
330719
422868
162876
170530
407665
317796
110221
266258
388961
123883
159266
292381
160522
309491
435706
116384
120926
433936
428446
195483
406370
405500
414547
109462
389883
381849
319979
291641
177578
322429
272683
117871
276226
201519
191570
366086
140492
237764
192378
127396
419219
448981
122275
372565
376472
378720
125954
160129
135539
343676
351410
358403
116417
444951
323441
363031
167784
250280
153938
302719
340065
106473
388113
404157
217413
329889
399070
118602
123770
450380
446274
217434
395821
205303
208356
245535
250843
134035
354444
423181
328832
413936
107770
337176
281481
170127
314093
433612
342436
391319
202184
154426
181509
391141
352013
151358
374977
179470
296669
348340
379523
293418
191501
224527
246439
373838
396462
394883
142644
432215
287631
326737
391996
273318
296422
402224
452804
188442
353515
323409
310058
252091
333364
149554
445555
285891
155371
157967
330056
340940
187257
246322
205452
105566
315944
262357
248071
166835
131365
154253
341818
269345
392296
168764
309009
224677
416261
398351
435594
129015
388738
168835
361764
168723
357544
404507
202415
338142
148473
133189
394199
321234
378723
368345
113398
202277
225272
440878
364215
106499
442680
100448
135959
229416
132826
452491
336145
294727
354825
414369
331262
264779
334602
163969
173567
272729
384811
426629
310152
451395
268816
406650
428897
310694
165050
213846
311554
159167
152160
366423
172705
261294
272459
138991
403297
197065
395265
122693
160951
221324
310020
335330
297880
236796
152984
260042
133862
364237
199989
357678
445247
291526
289661
178441
106145
401562
180815
245698
275781
255537
355931
331445
278908
173180
349418
148003
182642
268961
178390
101151
180654
147951
432166
430759
182115
235171
238010
439585
230896
200855
124367
438575
182548
384683
238324
210624
429254
407515
440800
405484
200765
444041
345232
354615
123003
410793
353450
411813
308471
403044
361724
353102
153711
159807
340252
152221
138137
225092
423371
455642
437857
155438
343523
370830
427770
152994
105066
156392
314958
182953
363948
304964
270462
415456
419672
318490
295548
402453
123253
193030
304000
420920
133408
326795
190726
197829
275206
262993
124037
150001
197732
249030
339640
118571
323045
365090
166383
116550
297557
364409
317833
419537
284133
137078
436182
262250
446529
157418
169923
352229
360572
117371
208826
202072
160896
376163
450643
279627
237740
393065
191561
365614
249450
370985
136181
424766
232333
239521
185705
228195
444301
285098
278769
404859
190025
249206
433925
210935
346689
244994
436237
313265
253170
311101
434329
399405
273803
304813
211513
387452
252736
153865
408853
277507
240039
245870
350117
414280
112473
297346
261436
137189
336317
438280
343872
213812
316802
287535
449463
375330
256362
292640
342823
411212
188765
154386
118882
262405
319767
338421
126652
212382
362071
172390
339749
141056
361140
421357
386520
322160
149968
232387
216503
222896
421404
369671
381910
193272
262894
216773
453369
219379
157793
116988
392033
251968
135084
386332
230659
203325
289738
157788
367165
447765
442547
135659
452386
166520
280566
416188
248656
163652
211100
452194
181748
237117
168195
444088
249547
409143
352571
419552
124502
147553
115907
378439
388677
274483
128819
134303
210224
295041
190487
156792
132517
330446
226886
261418
119335
151749
389302
309117
203416
202729
248186
332458
311452
333127
199873
158614
317384
316934
355976
447561
138110
195082
430490
180334
413803
198219
428270
455325
104974
382551
444577
391829
263286
337251
366443
131974
422410
384190
112557
322909
398529
134310
434071
291173
239443
363351
291703
179063
260633
199772
101199
288228
153066
402142
433041
381688
393183
291162
193315
351516
375715
182657
331908
392385
402365
380359
394437
254697
288929
417813
392470
361182
424532
315982
318350
370172
113460
251076
243177
272849
327847
427506
361950
346434
389195
156114
111097
416101
158541
369138
339250
250320
246958
446097
371666
230014
339249
380486
276766
105636
148733
334227
438399
228840
341673
135417
124659
336688
220721
241265
352983
407063
344066
307899
114991
329079
215665
160641
130165
244248
282934
180910
429124
233529
200162
256969
449354
229540
332876
304626
446233
390992
448161
319051
124937
246366
246876
251040
321903
278035
352855
262645
235032
440399
322997
203097
226192
186748
225547
130545
234331
398006
301882
378083
432924
269763
197542
154267
216667
107540
294029
371230
264443
149639
402892
325361
271534
120972
193294
135198
336571
124909
240365
252024
189594
271389
339267
446544
381407
146125
423374
203225
139956
161413
196933
420485
401714
121815
295885
204114
311837
172549
159560
332682
104960
135829
453339
338180
429279
104686
141685
401777
452687
254902
412544
324701
387070
403910
449767
258191
282312
248866
303606
140299
151243
226555
401423
209443
112700
293674
446127
385828
160965
219538
185905
166301
318721
285590
396356
169521
346159
315352
243877
410251
245492
208712
355726
330953
266245
193318
344918
428592
176656
369443
279796
151220
168586
157164
168235
315660
245780
112523
316813
369280
213262
453802
455740
424400
420330
326848
243740
234764
326375
136603
211426
261534
398431
353986
313330
301043
410865
338980
149608
431600
336799
226351
238460
120443
270071
225655
239336
426785
156954
306659
142957
147631
295756
275793
383573
365214
335190
228616
437742
241041
264885
296355
130185
305837
148601
145754
396422
373972
402651
195503
180339
364333
319766
330940
257041
279363
224090
107157
197547
278399
341652
292322
373322
277806
109794
193244
360236
271500
129494
296113
365004
449945
115244
164824
333118
197329
142508
364882
218969
124088
435946
194400
155118
258783
113516
346283
165469
380462
339289
325690
248845
275360
163215
385362
178247
264837
274694
103081
443250
327752
444649
205871
306994
430232
117414
357796
130999
379913
259869
330302
408450
417859
215703
436031
297955
321273
190286
109592
108050
262127
352513
417772
319802
133157
346568
275251
208230
355927
417669
140796
263701
451496
426136
444988
233236
280284
409725
214408
206569
335684
132168
438113
223742
176824
322368
188290
383820
118990
396814
425573
449801
296638
113486
387106
134502
179518
187638
171735
203317
356910
179243
139523
291498
442177
196422
141823
211446
189323
143575
407659
281327
311451
415155
115905
373533
261224
134314
207640
259716
152598
400698
424930
107659
345742
295276
337550
266737
212780
281698
135572
166784
265151
266606
432593
249306
296104
421772
409138
396843
294263
285310
266996
367250
103565
423599
280031
256069
454318
213513
369892
246470
139648
349533
294957
307756
204944
376475
128897
120037
447243
213556
220515
441252
338567
173558
339543
220595
167647
134693
365455
410241
315534
363912
232960
127103
235629
237313
422157
416832
219720
178583
197263
437944
380458
452756
176982
383674
194801
157238
294517
321344
337934
236506
318968
348516
296996
422517
215172
170138
409870
363597
216630
115872
114751
448050
237594
454833
318690
381565
405107
329372
233673
111139
148666
327502
420669
452553
172681
362374
274937
376933
431982
326406
280182
333468
149749
129590
220878
410335
319535
445973
366311
200857
230193
277315
204166
330541
453939
304151
251674
115921
238836
179791
357553
380085
240666
124864
415252
233585
185476
332803
181679
382828
382245
228836
315488
116413
190722
205517
249794
121136
275952
138357
263234
453737
421149
330909
191862
233731
121354
132116
435043
317509
352349
377892
185574
339530
286032
408563
320162
226406
210198
263622
246883
195282
342826
113648
423697
316568
386881
370001
222858
158473
192304
329457
433983
249276
111088
122149
130907
219294
312488
372333
355420
141041
329413
177777
161561
404036
296483
200478
431703
165301
330209
346011
281839
439814
328454
133650
152631
164253
181061
435096
274859
222880
187427
249186
290469
342066
226671
149474
238006
351943
405745
358797
352114
231360
201523
231650
444868
449383
455474
301498
454196
265200
318327
158374
432026
103284
253054
426866
289362
419622
255838
206409
201013
263075
322458
306328
110875
295884
109285
308404
390582
405117
302108
128932
279002
232129
243568
177206
326585
299591
254973
419213
295607
347282
253248
232202
130326
202213
322417
117252
359435
357091
287983
232289
186198
356695
133722
422183
195857
359408
134322
105169
165590
110342
191245
170542
303800
188394
189321
391905
193604
370490
191311
296075
195432
115061
286916
409333
203827
427484
268005
397147
213520
280912
148256
132739
300979
306360
363527
132796
318994
317871
376908
251142
273127
420184
346876
106644
365075
129767
127499
192041
223214
146474
253700
301891
426616
170472
391299
151994
160738
136137
347554
103057
142571
417376
198156
322963
295375
136268
244122
330031
392278
216552
115643
356295
358711
311205
291511
385936
172785
287236
448794
354702
131320
366155
177581
306329
116372
312731
418357
399513
448455
234091
239070
224433
122010
345964
318098
430278
111307
260672
136953
279348
198631
106533
386858
436038
140583
312336
175227
291002
378656
163248
132984
426936
436017
247764
311394
260679
152463
347059
189038
362713
407392
323377
220901
399302
246075
401377
392150
244008
442414
440715
259569
104534
391544
434825
395117
286719
314434
217185
371540
119017
360913
166778
129970
230918
405915
384727
446839
216265
378546
337255
399559
429300
362145
442795
121790
377791
178366
128818
141225
315224
366171
270190
125999
374577
325301
382655
110884
436516
387411
417688
370420
198841
169697
250001
200226
424789
271784
384830
260395
446810
172151
391100
131311
253299
124951
383694
161604
419419
223780
307401
372921
196403
433315
291181
258229
167268
253970
197745
189823
153946
435450
253436
193895
361765
320401
303721
172919
273565
111648
446235
195783
182180
420688
152509
433929
379148
395834
315131
190688
419452
356058
135286
183796
426065
156784
237704
352761
341638
373856
197591
202546
119763
231584
115853
148548
164751
246109
384170
173164
199350
228020
264930
279610
406531
245462
326965
387163
122991
432564
292703
315835
419686
432656
369464
265070
211949
175190
320268
398925
320085
233141
369422
148815
452001
272735
272569
287958
175214
379884
452365
405223
429276
160543
118295
253892
375195
400087
137786
424587
286702
164649
294623
337165
398912
171595
383150
214569
404680
169511
207457
435362
382411
196547
161269
455073
273200
407300
303842
196740
263634
369521
248122
179217
387045
422265
138099
116812
283610
359549
437732
391480
352316
203202
172963
145562
180446
416056
172649
152787
375782
154751
151700
304149
215485
230011
133526
309529
130090
112207
338721
313115
375476
375562
453518
171881
252184
162311
202399
357986
396360
343682
157133
201001
438027
130793
135826
316449
295727
392170
442801
329223
314201
143401
332539
351809
449421
404879
341117
391366
422618
217599
142009
362935
340324
221950
173068
215084
340633
436187
376397
279642
386076
191212
140919
121589
325750
233515
451032
405137
141238
425552
325635
225813
282699
182724
266967
273067
337203
304051
114586
417305
386934
248035
220318
390481
358971
157965
394089
335128
192054
285270
354033
364412
237938
271385
208037
249518
226124
282611
131452
140633
267047
199160
125684
386865
423279
178462
300483
246354
284033
250676
373452
161743
342519
164217
432496
291470
442533
138180
437869
252646
356196
271414
320190
309322
226586
158096
208714
254227
206838
266923
356401
264589
186279
167769
426849
295906
227686
261212
392839
356166
248079
244864
260363
395629
267886
184459
106543
223903
123611
378989
446939
267149
147963
143736
306439
239049
410633
456187
193973
195421
150037
391965
436125
105688
169382
394520
380292
398177
329734
415565
296805
227408
147637
148670
352310
443132
245017
299811
356208
138393
155195
204009
433125
319079
134048
256682
350567
411371
332388
315299
166635
212026
147769
322239
265748
252049
372659
441854
449990
210882
153460
226842
384970
310719
370066
159610
207602
361965
370665
161324
413793
367722
226215
358218
423573
147233
123603
293533
365583
181263
423162
285428
383710
445944
177523
115946
164548
454711
298254
266771
351335
330115
109035
427189
354364
314040
323001
303539
300174
228356
163244
333993
394085
170577
275082
408093
128235
424638
442212
308277
297672
136504
201361
294430
397414
211655
163836
212700
360090
164404
392044
419681
334604
261297
145194
267393
274504
132976
388065
252018
137097
308555
240756
414502
163331
128473
317219
438909
164154
313728
290892
273300
278837
154138
271531
247958
264932
244702
214142
452615
353379
276153
358474
386161
252605
158640
229035
284244
363107
314035
228993
408284
375725
302669
128240
364942
264364
130830
180451
181572
415458
391589
370911
305034
273531
442959
386750
310006
430305
187278
130471
272359
446242
289830
379700
274296
439739
341843
253994
142056
430122
300870
188752
343053
185322
352397
115093
118715
168184
136305
317274
380024
134059
103163
394195
286336
399473
126702
293615
284255
409247
235570
302157
292377
323925
407429
141074
315371
361531
247982
301900
112736
436654
303593
272188
336894
427927
293804
419303
150826
166068
296437
324594
120265
347419
295301
209252
385993
150670
223472
255083
232931
452665
346031
254813
241886
238784
199012
252877
206704
139691
227122
211441
269077
322019
392245
371792
115682
157079
290738
256299
263499
160702
187582
209769
349316
182400
171639
406515
171461
194779
142681
105874
347931
280248
435899
318580
323497
208221
442865
350129
236918
419754
175931
157499
446876
193718
432090
424747
320984
355378
361758
314558
207537
170733
159492
205846
397515
396541
198113
402099
159860
406717
408595
384944
131343
428577
419324
354885
225534
141537
399233
309299
382534
444819
109364
237718
200082
191310
183769
390488
313911
328367
447245
366554
447939
260539
248238
437589
228950
191001
225450
426015
433033
394674
394490
298335
429758
376888
437641
315816
406846
150590
333990
242510
291896
147558
121797
344625
169098
197791
136963
164660
124290
270800
313307
102031
296371
377913
438330
112519
146781
152529
258070
408736
223569
386735
323233
391810
323513
427117
381529
283160
168985
213555
162965
383917
168712
421553
276538
270281
130650
104568
182661
283640
280834
103306
195412
348998
337204
366724
199089
337383
276505
181687
156435
239654
142642
278125
252063
199143
141940
291786
315094
365702
116190
269780
430137
174425
228652
446057
315132
317482
441492
261909
302094
161465
304071
269319
433835
174917
149535
271041
409276
289931
154688
140169
140263
367032
229250
139856
240508
439867
412955
289698
402972
211653
133894
124498
278208
382289
101635
112266
243049
398450
150904
283662
108191
319935
330136
277270
181775
101914
230747
338233
266226
225631
107252
292081
432072
102181
402818
100088
215701
104871
154502
406642
206531
138078
154237
447066
334964
421536
281295
175828
348739
217871
330254
442806
401478
414104
207505
130962
294977
276374
455480
247580
348627
110039
145473
308992
144916
126019
339524
199752
270033
325348
212421
193574
128618
384050
224415
113262
354973
188987
442901
375176
371257
406322
215178
453867
315369
144286
358523
362811
313263
122895
361095
292020
401087
229559
248274
212992
253438
337346
311799
120650
310134
218569
110152
313463
188077
182373
136241
169292
315428
215023
410430
284275
404722
110597
208803
127473
308206
391054
134127
281172
272728
292040
278772
124183
389067
449031
347820
186118
356585
104805
194597
293584
311125
147401
454927
413462
129973
324475
214109
112391
411709
449870
129169
364139
422943
138994
389870
146008
341326
242006
197804
193984
148583
237974
398387
404314
369806
332229
454748
423614
426945
370910
285698
408598
395253
196754
370707
158048
166192
324641
284044
242768
386608
290333
132379
161193
337851
357026
454621
319605
168333
396471
158916
145641
227918
102491
423315
282983
270969
216523
106993
344326
170422
424460
101473
379431
235535
125443
292728
297861
174790
255704
163052
203527
151904
303926
146422
166732
455323
270791
228505
150058
219126
363240
159548
383480
203265
275486
357446
286162
246459
365503
425678
304381
366347
130975
318225
288588
216974
414245
355796
335217
249741
162439
377626
447378
256828
110435
265647
441755
137113
281132
143000
260208
299293
339146
153761
258439
321311
387895
190594
453979
241303
180494
350737
260212
103255
299379
247589
100851
146164
319955
265573
360811
318167
345291
369537
417633
337252
120446
325704
297564
449552
443150
356862
309260
189036
137740
313088
256484
277144
215010
133425
161323
350630
241147
409296
143437
390948
419065
176209
140270
357294
217644
398257
130005
164809
151915
381813
196232
167244
185102
203601
271678
401104
189598
190280
391888
120478
401168
139001
266438
418338
140536
451276
328216
170387
178211
204288
148369
170237
361013
137404
370388
196866
220894
285573
362561
290984
253577
178127
200647
304111
121435
133851
119943
291751
249629
108563
136684
121873
150297
296157
292236
174762
324938
112141
320180
378867
441880
105833
452858
349130
315473
339003
126222
153464
385265
193220
196880
294858
368549
440717
443168
169503
386246
191816
378024
274772
395701
221125
371854
214545
188893
181050
137148
375048
372253
130505
395718
102154
131500
105607
358240
114650
161052
383680
288710
412301
415507
404476
380754
201173
383503
390209
428266
346050
129343
444930
364510
242238
210480
134167
361144
374865
385242
216153
336584
244791
132210
271761
177323
274952
138583
386625
180948
373366
104287
171590
429340
290506
106084
281897
446962
103635
124872
135712
403470
169107
276275
128053
186199
153553
377446
266069
380858
177377
140579
398375
114682
353489
446393
199729
274445
162356
324611
319335
233231
130856
192366
254021
381874
236245
387468
236325
171002
354319
178198
347020
442051
285302
262024
164747
323245
418798
346415
330036
408023
318053
114174
380539
432173
200805
196245
257786
303690
450791
188129
356247
440812
451937
105038
326664
383385
147518
243079
212180
415304
203351
275379
372224
270772
246666
323180
205971
264444
374761
214066
445090
345588
199402
446814
416709
418288
388862
290428
273025
369139
256508
138070
328775
230170
443423
207879
235731
104214
134569
452426
291026
166473
272394
409910
439607
207231
231337
285229
180256
213151
446719
210274
451463
434134
358611
212843
300106
272059
240097
379710
296884
253045
202755
263074
324992
363172
198028
391259
357419
113825
401455
306055
244638
259189
328908
166968
119346
144253
120623
399690
294779
234513
413642
359069
256129
362969
159927
399777
167449
301152
210370
436875
283501
388325
170368
426672
310687
433902
127079
355100
276114
113872
410692
226562
105078
326151
175064
102188
428624
243284
213647
296590
110397
403671
266126
166218
326578
128372
164254
328190
101694
159580
356309
364542
335452
173920
285579
374862
145933
315471
288146
118456
133837
147744
386927
370407
333293
185003
336651
345750
327630
303061
440922
417328
234311
157925
277678
295021
348510
159088
227840
123219
101629
299903
152366
315686
307830
293190
211306
390039
333937
261578
352219
443424
259201
389199
272595
406330
454002
147484
242239
203314
358395
336060
256892
374758
295609
446168
400561
399814
216504
293014
271027
180166
191805
327452
291868
261022
452697
107957
201980
114337
305228
209731
369520
116970
255840
377004
399356
216806
232797
168297
389140
231722
269809
405162
122765
178963
311831
391511
399773
295717
276723
178551
184481
273596
389230
214672
135749
136283
377534
227554
386986
320186
296008
116861
301154
292380
229079
406266
100102
219654
111143
421515
134655
408737
435232
384697
293835
188584
237670
143665
391311
273448
129192
374676
436984
338582
315204
383919
134922
141073
140416
394507
337941
391315
134390
160063
343646
391939
138805
448681
256515
414990
118238
243039
380124
152580
434146
446202
227970
113471
216426
263191
441688
436620
455681
431324
313591
452052
159065
418364
380572
276125
294877
128352
111346
139012
281994
251940
275864
454724
412409
111823
431139
312949
307571
328316
144599
210027
187655
112073
279865
197183
291170
278353
255500
209632
306151
392996
352667
242074
305040
366231
294582
357107
226950
362778
285639
453216
162636
332857
110156
193021
248732
409408
232888
224021
361448
338918
449718
207978
452830
400410
406047
319275
230401
118348
124946
302140
306458
363836
293201
176933
416578
164715
277659
430126
294481
111637
166826
443681
380473
305470
198351
380735
228517
416915
284030
204336
154154
203974
428912
284086
434907
307844
326811
381102
440768
455430
128869
261267
227441
420264
311581
143219
224862
355444
123348
280740
343142
223656
435769
211120
341863
349726
195434
357673
293785
385491
277796
289348
286262
369723
198943
239454
149751
182614
192665
383832
425883
164392
438522
238835
341694
278360
112715
239673
127618
129207
206496
347518
387868
124726
346748
319624
387383
111352
155045
422239
300859
330226
416828
230567
315809
358530
210107
294190
152778
233136
196145
196512
443204
412028
366195
285488
359349
378472
165377
397521
269422
350873
253320
249267
179912
363810
399983
413042
114133
139852
182190
284328
195015
127737
451980
206717
126586
213305
345497
321137
243234
129648
210778
263370
269298
237817
337886
311429
396080
364216
110794
116005
233226
260947
377228
297014
373185
320865
392464
184110
285272
305661
104554
396373
310912
240075
425779
419511
132105
162553
349247
441292
449522
450582
347897
283407
153471
215189
294187
230253
212966
359060
346898
252468
230672
448710
156247
152594
435065
381496
357708
435198
220798
405248
327992
430608
338060
240782
201141
215232
430079
256865
307222
211136
445850
137153
384597
314373
311821
259723
366726
170488
234005
167875
179909
429671
310911
357259
157406
379183
404983
336655
263840
354848
242335
353767
138383
303388
413385
135059
262369
360955
211243
354205
258819
209020
339484
189130
428532
100486
365589
445629
421604
387867
292299
183256
126654
377544
107415
128695
340543
229758
126776
293526
168577
220089
249739
311539
309126
447578
313392
179658
373021
310778
454312
200462
404995
176330
165676
131156
104808
265861
195168
300589
133066
343972
366826
199158
368408
375519
387416
255132
342404
428818
153870
100301
340481
171727
292694
372204
248196
109705
316690
120106
277940
298884
361827
361806
184803
262104
308996
222988
222168
135442
442341
156124
226039
352330
253558
272390
308101
331845
263978
321815
216727
310681
189361
237882
152584
136309
393222
131380
273981
339475
290606
195575
238570
263953
347056
232646
449885
397965
147605
404648
358770
229520
421416
435335
193646
350930
198900
342745
149782
159153
425532
261642
226132
373344
275603
232230
287062
353357
251515
253610
352839
159636
330747
116998
419570
160551
219493
324838
420954
198227
365952
447965
322658
374377
186697
406623
207900
146114
283384
142746
418654
426167
218331
288541
270729
352388
437648
446349
124054
395715
188822
422207
399443
289331
269201
373633
348632
236369
298678
436278
179962
135228
377702
116239
191849
419599
434001
194788
160731
120439
298274
299894
172401
192117
321121
413305
368224
442138
327397
248284
267001
159442
293879
330624
254398
142734
434572
336376
389877
322161
309818
215087
411077
425084
312365
422092
433368
179018
434225
365144
122933
122652
423011
249166
232495
411724
202690
318087
354223
377367
141704
355561
111462
415835
193332
230647
394589
325662
444060
175899
237867
142416
245806
101956
362534
307885
433442
317782
214873
113719
251904
112489
190397
401301
294451
190793
183870
255519
418977
187851
397637
298846
240945
437350
343942
225187
455938
160095
374651
350662
277689
366621
149799
342014
373687
307569
287180
419680
415974
271869
390128
276506
202885
421341
388549
166593
269556
345983
190249
358951
450034
173673
327898
298199
370895
275219
253612
344009
348581
437387
319154
393453
422641
218562
290880
403990
380368
103131
380479
271242
155171
289201
297207
174210
235524
124892
150985
391254
372417
121648
181142
340702
389014
255692
351704
353685
258428
253417
172041
265434
451141
445179
380143
379834
276839
252931
198003
385392
342055
423795
363282
216302
327956
439080
353639
373974
128649
162942
191391
198326
111953
329302
178232
385534
271828
377083
182153
418972
264021
281471
306663
366804
393500
270742
258946
306392
445738
193687
135649
219175
149897
192266
173633
131233
299222
243117
226690
403273
193717
394168
235345
352774
207915
115651
403832
364992
421309
205132
133614
305295
250763
201269
170922
394006
183917
327487
344166
107983
209331
337767
358061
366364
109189
227966
193614
156165
251756
254410
286017
154040
219674
110712
314467
346309
344718
428185
441614
161416
404623
179106
166260
241651
311548
118411
114765
225102
331003
298546
306627
378607
158860
373732
272061
106025
281743
289296
285812
425523
300980
131800
357333
185045
176712
385028
212135
203602
450630
362323
278175
393890
279553
391594
390348
199975
417208
107810
300019
210148
329978
397056
426644
286901
258415
324375
189869
173248
377526
201788
211428
128620
101598
385448
112490
324824
448378
180415
290805
145211
190602
347247
370619
375035
444539
254050
252204
382911
450727
285771
135587
115885
112532
186373
235245
392862
209468
221674
217166
100978
176568
114229
277543
135557
155778
145307
423883
292411
316085
150924
129971
278267
180290
453664
332391
396146
255235
339364
188474
164566
266902
416929
151944
433632
101846
407170
277460
268910
185174
264881
335938
362564
107982
109156
344952
413544
188270
384968
259909
261307
321634
414796
234248
384726
301604
110864
391759
106542
241473
344727
169169
231023
339371
164669
387559
434433
256509
204654
341198
142875
182728
445038
245668
271976
426687
202214
352660
346024
237878
158907
180922
387390
291662
236660
264680
340412
302743
445023
396298
414179
243380
275391
169010
189937
292244
114353
116130
356323
141937
303300
333873
235910
174708
321793
409684
154799
153819
379688
337558
273889
446891
176619
114468
233681
167038
153496
118109
292812
141012
231762
342506
153278
298578
417737
142840
360847
302819
338987
430944
399247
327399
384408
219746
162177
262169
365083
246334
349808
158775
441802
357706
138407
376508
355023
128779
381053
183306
115249
388675
377566
275587
114098
220242
364166
158399
183786
426189
179556
374712
449764
250228
198636
212216
325988
393082
232307
215352
171669
110081
343842
342762
123569
121666
345746
369143
388084
343601
380446
302138
277511
362418
333367
215549
332378
346413
114408
259094
123599
296076
212902
127414
347434
327514
100195
202828
342245
412943
248607
432036
268810
349385
450203
266486
209792
138944
445865
440461
369510
390553
206116
121365
265359
160238
191510
399775
423016
150035
288962
186419
186591
194092
392899
357231
178485
350988
137910
357640
217183
386959
360993
145207
212224
267482
240769
133245
170687
415967
107283
226751
279514
413819
102530
263168
138009
146865
117096
212140
153369
104021
236963
453065
102177
422820
262872
198224
294535
160956
140227
432538
338415
256051
326152
450624
177470
224931
203322
347844
201651
187920
368803
333492
229387
231018
455566
154687
198255
185633
155090
451769
323408
224736
439427
218639
313695
288499
220935
319959
135675
368647
160152
216422
249357
136013
122463
185253
246245
377927
258126
150166
267832
401623
452403
449434
183674
327831
370069
335707
232573
306686
380569
287913
331824
421627
392112
258086
267589
121305
324207
224518
348023
355964
147137
180843
261449
294886
145573
236712
418707
217822
319764
397001
205580
340588
339222
236388
454101
445968
386893
281200
400769
176803
152401
242216
124863
230787
132693
389270
388317
199318
221700
430164
219318
226714
142019
216291
380760
258581
215017
131868
279921
137625
163849
162935
454255
203159
204650
381993
455771
212991
150432
321109
390089
323932
192053
388046
430888
335749
335318
112939
113279
296412
409472
118112
157455
158262
189986
396661
102324
374038
275187
421174
223256
405865
170474
323601
171788
181605
309414
446427
429847
235453
169957
322152
131838
378405
357393
452073
165645
240451
179804
239579
329286
119289
389727
304020
285205
218963
233507
346090
143364
433207
395835
425044
225157
180734
113347
391862
355230
372024
388289
312971
451448
135070
166689
252071
185197
309638
435273
316123
191778
434471
430388
395287
155858
351179
227625
443074
246211
219663
364820
428501
145280
211830
401681
111634
394596
300231
256939
155712
368452
187191
191317
375825
235655
444417
218184
110868
313148
426958
145680
108352
364910
258084
388808
205420
258828
133635
340906
288344
374308
323228
405345
355882
299576
149493
270930
289867
243014
163236
314395
203053
309695
375851
167469
215919
371209
332150
327921
210244
443449
320100
432364
448951
449426
390186
171267
256855
290797
368417
126993
191117
174649
428582
159681
272470
429382
158434
290914
348431
269153
232536
300005
111093
348667
191516
152481
199530
376234
406018
388331
356985
113408
373822
324780
393119
305321
212370
120735
160949
414735
109010
315113
332424
414912
307363
111966
351878
219230
249386
299991
132491
257641
233053
343557
120709
307221
106508
390105
156776
227470
320916
168386
259337
239457
380644
207719
405049
334545
450731
158068
121827
361625
323517
372314
379289
310874
188435
291364
113654
371179
146436
348562
227957
271491
394910
315747
391901
226503
382640
353609
308969
276649
341077
238414
157583
257631
191696
300537
117834
246739
348330
237851
378760
384267
395289
286170
295541
325754
128425
108394
144673
312730
101493
237102
350392
281945
424085
362677
403266
128965
304852
246644
401812
391239
451252
271395
173261
108867
221649
395344
218718
325699
378410
264572
277677
248762
334824
116051
198135
157625
117929
306831
131184
133860
304268
184483
394281
125686
230447
391938
282922
263916
256085
427538
202715
114367
382219
168177
223876
352350
378130
118092
140414
370550
329670
219308
167161
116904
116689
387557
250679
234128
108726
304885
347524
201107
137262
294329
359432
399014
344604
337515
239477
196713
401596
375586
139988
120384
215802
456162
272206
428505
240547
270519
409802
372783
441521
149826
258177
444794
164700
138702
264737
245480
255362
183612
123661
158028
359208
219172
172228
125575
254148
314728
306222
395739
183735
275376
185284
455655
129014
429930
303177
248478
228525
394019
230673
332841
294223
177598
353904
207648
430143
281131
263785
254588
339616
283362
426615
143537
130670
208603
231006
196607
390471
254718
396157
315697
378551
118229
333964
287638
355155
131492
242832
389178
217691
153579
231407
347288
138672
242396
284515
213282
236654
308694
259549
159745
155518
387797
140183
392163
343579
144935
355664
131350
365065
343628
308288
237206
306691
135419
186694
313152
298682
272340
378550
438186
297788
200944
416146
366647
455298
234675
301720
314947
250543
239686
113886
257428
412197
200000
138973
105811
330659
221857
256746
376928
218459
230586
253786
135237
248705
206432
296655
188067
330090
303049
373233
115800
132177
129856
192265
201005
387633
352314
278576
282646
169852
140396
329851
348545
349485
202186
428781
449600
264641
245464
289442
259166
431169
249484
404049
365786
270149
242109
318586
275598
370815
290894
219187
372823
175632
106229
213023
323351
126284
383740
411815
381302
391080
268681
409615
146936
144593
303372
237022
189739
107315
118193
182938
447716
447834
122447
173579
362633
379812
173189
453344
453724
254196
147314
113479
299757
172204
335927
411976
185984
129692
415422
358228
325164
370828
267065
200339
249272
318118
278020
141523
304123
401530
389820
310506
128497
375985
446553
109594
279012
116172
193939
254913
229314
382267
140361
123553
339182
440274
386973
258237
143751
301447
417160
269313
304427
142411
418973
255888
174112
401692
150019
175108
296672
186974
202670
231307
103362
348241
119223
270431
430322
134358
101911
440273
400842
343533
100004
357207
159484
134182
264498
415783
396388
380899
348959
374129
211618
237818
417317
204317
140403
113425
119964
170574
423804
183011
244149
110047
200225
386745
418028
405002
182777
400430
114034
145928
319649
100411
411961
168089
377273
162511
100094
266216
429116
116869
194490
435669
450435
272264
303218
136401
180095
134244
402003
276520
362741
262722
388736
215111
363660
421268
210041
257043
234064
129522
387081
364637
416090
261543
400182
423885
357392
409869
415662
176098
447941
190402
269640
329687
127039
357442
258156
202282
199587
365202
390782
170431
266275
379935
282539
290348
438741
105014
254062
206852
261141
341892
239512
229861
298643
139096
380321
317202
301441
438712
171981
451524
170375
194038
283722
291761
232046
345872
262642
112561
219641
390188
413773
276930
311760
159418
359166
326165
260463
209447
277240
177864
245334
176673
391779
390815
362132
124669
207827
354676
102543
116105
186622
430967
218128
289110
179911
185944
149558
346917
432273
198166
415959
394897
143989
201047
220602
244991
293080
240647
162328
334349
377536
112230
208531
249737
342006
276486
392166
420030
142539
180230
446975
317585
191702
313564
239560
451589
191079
243282
194009
285262
270233
250101
232520
207420
176368
420328
332531
289322
223495
416174
397358
225449
150213
356455
311210
380860
234150
422884
323611
235338
198079
142326
422155
141102
424308
308202
313075
415425
405359
158830
391492
175077
445404
447640
421897
410532
191260
197231
108247
416467
254032
208200
289881
283630
127874
170680
449733
363613
348160
311932
232408
105264
343935
123174
392113
234114
294194
220691
261510
237687
126223
122377
314426
229246
117894
241048
125399
442332
376243
196091
312220
434297
380295
267526
192571
341795
108698
216881
313951
392331
363503
163869
204939
182636
197123
237570
115529
289696
307296
194731
141872
263827
343518
394525
393518
455314
336668
274416
200999
429231
187936
289897
198663
451712
356056
382417
382281
126889
201438
145449
153795
137319
297787
362995
215744
143612
362169
324515
134729
231036
168028
294262
321755
238613
317996
208268
248058
377619
202345
131253
211937
263583
367175
180611
170250
122237
308495
392210
164577
355487
266358
254648
426585
245669
206089
441863
359824
178370
414163
268563
433020
154001
391370
191155
106381
412352
302412
308385
247210
127022
107326
257446
107609
208548
368148
274738
259095
259084
208328
399999
324406
298648
165079
235982
290166
184774
163930
265575
450815
237741
241697
373376
419720
354797
167204
233144
231720
379352
145043
275891
373971
154508
406525
292088
417192
363283
425629
454980
395486
120157
167921
314613
378465
122734
135127
188419
432297
218494
343162
332823
332069
154195
398112
408828
167116
344880
307312
192988
300149
129605
242638
194033
368157
184332
280358
409853
327246
374614
221181
416505
261448
160224
368211
209656
176628
358335
299875
110160
142164
204637
355251
368635
212882
401772
354661
428035
178857
240518
311398
214116
103121
323078
129588
218998
387990
444299
224571
170367
251814
180810
451097
317175
228613
191418
343022
128964
366922
423798
395222
121692
245302
241551
305728
126390
375920
303046
231404
383870
177381
254610
369175
456153
176779
161804
320422
450175
356374
152718
374282
202779
104710
449495
356890
173352
137240
226669
371020
263488
212334
206381
294196
338350
273274
136515
226961
430193
305325
377079
454278
449326
323839
181464
162753
186790
339959
428268
365833
192640
363999
349761
186048
406678
257346
382003
244816
336585
338005
205394
329243
358407
239147
292875
336459
340447
180605
266027
118752
379628
183452
329994
260681
332057
102892
291314
102268
361541
442147
421498
435701
326061
416611
241224
371278
153953
252792
196890
448736
279210
370594
263332
194377
248150
314266
285797
262088
183922
324584
176424
413194
129922
295097
345986
367090
175516
125571
417357
326032
444482
398294
373670
398452
151740
337959
409579
188573
187590
348378
235131
398585
326203
332376
307555
239897
424304
385422
200492
309820
313313
119504
361916
431745
183092
394669
187025
265120
198018
344876
189033
197071
252320
208041
409479
426566
108762
109069
206269
443960
159639
422393
289548
415823
203877
123006
299451
430267
358756
285124
186688
421517
288238
383838
218520
190116
351362
331739
202611
122001
131165
234949
198520
255645
282639
208279
191749
228605
404340
427522
398417
364328
178863
126979
232052
190204
414299
230452
341255
413881
293538
206005
339567
377556
425492
383810
402408
442614
445197
379230
185179
431014
172860
248381
162381
312288
405339
212988
416163
101521
164102
113509
146493
385164
348314
398627
207026
257995
362944
225932
204138
213147
125614
258910
226529
365352
295181
282402
390046
160359
102390
148415
375577
391962
416829
308790
134637
260178
105284
234749
332382
218302
317496
293572
154861
202161
390831
312340
323365
331556
433565
431843
368183
206851
274201
161502
219149
359446
348778
260054
111660
158297
337426
162686
319534
105560
184939
404833
200198
161438
413910
365336
337843
165163
111722
400290
442774
101357
145198
309441
433833
128173
361485
157174
417702
429029
271787
283079
262409
108665
250924
271380
272320
235060
443621
454948
263531
407945
181066
354905
385345
238856
150362
309023
415653
241237
184054
315967
341996
403168
134394
429987
447722
193623
371216
353744
168574
368847
269258
155642
213815
354936
441527
377351
133960
329448
212314
343709
161057
177468
209871
446234
321846
204555
453392
338231
337513
432657
242350
203721
392357
418730
347778
148250
325739
222291
428989
434865
304844
402771
235229
220702
432041
235931
267658
379654
443251
220713
282388
217986
294483
311042
113949
314472
339812
326329
362968
385508
424027
150480
196427
158587
144114
281883
294960
442297
151953
175124
375004
302172
230923
107544
284758
420924
242664
415067
131215
319871
376222
319055
102039
356893
189135
339418
291092
279398
239495
141440
293844
172082
249254
118613
356198
324288
271391
362282
232741
290818
380795
206869
262946
133493
285210
327505
144919
391606
454450
393893
166292
354643
324096
211521
201397
150103
302657
439064
138737
111625
138370
237405
312392
354804
162045
443186
147645
159285
224570
422720
386786
374574
217358
250200
444377
326666
128430
131501
210881
209568
115340
238329
422649
158436
251632
228718
328890
439366
421173
109627
433053
350080
326657
202364
328052
394183
340522
176591
193698
302628
178515
440142
435057
137290
278293
324360
216480
154250
392370
361521
327613
250054
362589
103098
338424
434636
272076
386015
136821
225247
325540
202810
247920
282079
427520
444019
277650
167976
136318
429277
146462
227543
309666
321340
294558
138637
327308
303960
315321
211230
346779
249424
111132
421220
244824
272286
140825
307246
206653
120428
293439
227012
438012
316338
389928
190400
419869
404502
184460
438389
378271
347462
431463
153705
232744
360675
438930
148434
226957
362841
368308
131532
141420
218283
138815
119309
337716
383631
198803
362443
422601
449935
148889
424349
369704
291016
233142
342992
352804
370720
267059
126501
329513
230161
111261
387521
128738
400321
395205
134746
361875
276382
340700
300889
322397
166821
364246
125386
384937
151371
270365
347723
141487
390717
209516
303266
216613
124629
324508
257960
427935
384506
385290
454794
232973
398822
250595
414606
348258
431122
273315
416448
455125
256041
290464
445144
236697
170036
111704
234532
213061
398052
374130
134207
113363
394462
419004
202284
381224
323322
331963
256635
375641
322071
308649
283781
281181
159735
212251
275620
134396
288104
211313
270228
323326
317413
106339
415789
421620
402055
306129
165625
366122
387610
453365
240102
265203
125021
325775
231751
165635
232669
349237
124525
153176
415224
203060
403904
288896
180384
217267
144280
230347
181695
392256
162749
265025
179639
161338
367323
157190
117222
113994
209460
316730
371736
382234
151189
132702
366274
404886
454158
413314
114588
455310
144707
360708
382455
153572
157608
230490
270615
260235
381798
150230
323684
406552
439081
381062
394900
145853
188118
255124
180151
150993
144177
268672
371695
192821
391755
392803
159687
277716
391794
454962
244367
450941
408032
267613
326312
450775
160774
125652
268727
229172
295001
101872
141241
247417
222186
267909
181694
205670
168927
108924
240912
221217
100216
316262
176389
238536
330303
407866
306529
366139
244003
233980
129110
327744
375146
204932
304197
229587
245797
357753
392098
214753
242085
452785
153630
429260
182033
103059
189112
141707
126158
153315
228376
417767
370734
277443
299323
259081
330974
401715
118061
316424
421301
247769
341978
259530
435788
385671
438497
438571
312550
243647
209102
118512
117729
249168
357609
242391
374588
270297
410501
430033
114285
229480
198460
245093
300957
329128
245861
218665
356503
334150
355527
249366
253489
300434
216795
355182
236431
454074
358734
359339
393032
316612
346147
333784
400042
282233
170658
394318
243984
184334
280050
439302
157242
126429
192542
183771
366400
258062
398053
358404
440707
275946
219409
204425
433875
311137
137858
111679
150491
401807
320739
127814
120121
425572
445582
438026
389685
326493
301693
206207
278199
326330
236744
436306
378295
125987
422292
297622
374547
128641
387994
190924
419976
273586
373401
249503
248372
163251
436741
299007
249838
121445
193113
270126
439831
379519
337560
419379
426404
338578
200693
134459
424425
199832
213580
411180
191706
367627
291482
429169
423097
312485
275909
163185
112390
272032
350658
323637
207740
186563
253270
157110
260073
312098
234181
197089
353285
277722
358882
337529
432110
425983
268679
376605
276289
202158
419250
450360
375555
185089
443994
264623
440844
358936
218152
155825
165170
443087
268042
379931
419287
367262
418871
240622
337853
225069
251354
355006
365780
268334
100206
329054
428777
219734
106143
318989
274293
372041
221938
146316
149742
319039
409207
389520
269423
136271
183757
198693
382765
371114
438596
360776
426904
375893
197235
223509
106132
331221
286994
386707
196979
132953
386846
117044
335790
145430
132578
360902
448159
266657
380052
260614
248004
393522
288707
161169
242465
310272
140104
241773
240486
316656
326311
236816
425287
429971
359358
308864
449200
299201
296385
315926
447693
275702
184745
136987
334137
264664
304394
276092
297501
213508
345408
412632
124843
219733
148014
412817
307414
389896
212161
201093
368701
274936
418301
417652
351376
203320
290834
266189
399602
390933
341797
131700
103126
209851
455259
352672
320247
349826
152444
318682
395628
168981
247051
282791
114244
310471
287288
258002
315373
287017
104664
169927
397747
400522
347688
189468
106648
427958
257584
138305
396658
344942
219989
345837
137559
391678
414063
199125
354826
100581
109203
179952
228555
408360
108392
195179
141193
154964
311788
383892
226580
438767
376761
207375
379660
186676
183398
258806
244344
407475
236504
380746
313042
420267
328460
138648
425695
267811
340428
343006
377448
399023
285362
186081
161282
372654
355164
170065
309557
275421
378704
412062
286577
394945
271863
176150
135781
109519
265776
298396
377499
367804
242089
189706
209334
255798
401205
176862
270745
250898
318280
171953
186428
342164
289470
249284
251299
110503
178256
204988
344966
119199
252537
455791
289277
385805
375053
112408
439432
129642
451693
247029
132709
142498
125925
450021
195862
398044
265190
167563
250946
307665
415881
348456
359067
274441
168659
114038
293886
185015
301473
254006
121318
222064
409016
225877
219624
167141
201011
113603
124422
411757
199659
341821
247276
213128
448608
268523
111195
433067
327235
182652
409326
201981
419779
310054
117158
328795
270496
285241
184039
272373
394443
438393
175872
212713
293739
267825
430263
447119
200555
217418
275491
124136
121051
175652
188789
428287
318276
326407
351391
356403
164466
224786
293350
302808
232224
216704
228568
437040
330351
132411
283581
429371
238736
319962
148021
262030
195981
131562
367653
451300
328443
251481
380073
434290
303824
354880
214218
236364
456041
404191
239361
378244
191365
359086
271017
187081
128083
223795
391651
301116
180691
278153
351751
344605
255806
291457
440556
292509
436487
427597
106394
119626
105806
426980
176516
285157
285608
180255
321996
378786
447724
427585
103704
313779
245519
172981
418111
114225
454655
402608
226459
342384
308799
350657
411870
181675
396062
447331
303441
443353
183969
294731
444344
129519
129485
339803
288649
433009
137250
242820
307044
229208
111270
211833
261292
370073
196774
113912
229397
109783
159864
449691
376970
214492
300672
119303
432293
203758
204281
203766
289164
271829
346751
299166
345327
239253
341263
315412
242988
195221
184577
447409
103815
126811
354442
289560
322241
116134
192060
226082
284517
175320
180645
144738
274568
136914
261206
381070
430558
434927
109232
393348
323863
285607
310785
104411
205327
162236
411019
115999
408332
305644
276404
405798
276510
246699
274205
265582
369736
187186
103834
341848
384473
191940
364185
101164
268469
319509
346527
417958
151602
251670
383147
328962
305279
189548
154467
210889
243449
361319
147288
117983
237588
362618
129735
265458
452062
332374
293255
176534
204839
348136
276020
363770
374314
315771
200109
449590
181548
219298
150353
340311
362065
202179
140224
428455
386475
435817
293998
100686
391917
349051
384457
317724
431599
230497
320161
287900
297259
277680
151721
161936
179129
379907
185815
158213
250662
249027
355492
104896
261861
351009
193084
305573
358398
137877
421878
368466
325441
276619
155876
343283
363211
158946
138424
277664
215817
262804
447854
352595
432997
382490
348033
160687
149336
342086
422282
241560
431572
425664
383648
396547
275291
219941
288342
177063
303753
370567
430242
450680
434558
374611
145171
292192
265589
124075
154331
241309
177716
320315
346553
233443
208901
178519
363008
373623
258036
182764
182495
422634
155781
377094
450072
341022
242413
245770
331352
262207
426806
144251
166187
376919
439202
296963
238763
308808
353110
317900
142045
342827
111435
222527
331286
140587
139808
247038
412985
408693
121374
121883
385810
196447
173114
325989
230698
354756
231665
202094
202676
129990
388414
313268
171774
381692
182210
328014
341472
180927
163636
244390
310843
134844
217973
214864
358410
448472
167900
171592
371870
326748
199754
175120
347402
230006
106557
378540
423919
436195
155257
424656
320182
185734
307291
256558
397626
223871
405726
381251
200049
373531
301624
284681
112915
432218
416964
290237
344374
321072
203959
200385
367247
276414
145349
390946
281572
164937
420386
377478
399441
278394
408340
192966
232668
301583
392063
148374
247374
396143
279863
269703
122223
172515
273051
388401
357520
346788
324783
190115
420088
374814
189149
138018
287479
212715
298357
420491
143373
371826
378754
132847
416784
125996
346459
358205
434035
416196
393547
114066
431941
420226
405458
156282
219569
240399
375475
451939
198607
236535
382786
109643
274762
347180
256399
179117
103321
240850
189828
198705
320338
334420
217025
387481
101606
289039
119329
379952
103382
163137
399735
227338
346148
123062
114547
196013
355069
405596
201857
369932
455700
226508
374590
363557
322011
418260
226585
103582
430775
331345
138544
112637
404871
410671
236424
117548
133853
133716
199097
341748
257676
443852
167344
407788
333281
234171
177232
335711
132848
450903
186330
380509
186114
239306
154433
312243
350413
408784
216417
174603
244224
338482
174952
340204
402117
165689
122571
217332
426296
359462
108021
328277
251458
423527
377076
251384
310486
202835
252528
138023
204823
139680
174723
278897
435618
190068
407084
306792
112638
360190
291374
372691
258932
323172
101154
414174
432017
155081
149331
284128
256786
278548
225971
263686
217426
136061
360619
112222
113378
330247
109664
156278
286075
249377
241232
335970
168854
270010
432813
193582
314902
140302
349830
285180
260031
332586
359642
339946
115884
177461
252255
398869
161829
370706
305547
394951
191455
260295
216707
387991
163008
114401
411666
124063
400362
177615
347095
273710
291691
194870
107241
130940
316674
322284
307229
375121
309484
228881
344841
181645
297376
441730
420612
256048
267654
210398
253213
180637
134476
443560
311488
449124
377971
261710
298482
301745
295129
454967
358944
220556
342034
286534
448889
451179
421707
137907
305885
140632
212227
273419
426611
200652
194253
237125
119839
183988
447446
279917
315439
296188
247433
418512
212748
368143
261716
228959
137588
226442
256911
297103
342923
298268
198517
247980
140898
445726
406270
356161
242588
266449
203484
220680
272987
110806
409711
406990
324021
154510
315042
162519
339393
247236
437688
379407
390732
318689
215736
144100
218312
318182
428502
371374
368838
361302
118921
362782
239275
286341
451863
103939
375431
405776
195576
333174
312329
289019
144950
149986
217848
407155
345028
146903
329751
160269
347633
440454
152229
452716
382590
254336
138710
154033
312012
190141
301599
406353
108374
314994
389588
283028
203436
282627
393132
397443
197200
282897
431544
212745
198933
389769
319425
178844
380423
387657
313543
431423
327168
297833
379631
224970
328674
260259
437780
313162
117750
455445
217445
108743
305598
380731
343315
228081
272141
390584
250926
158236
167086
455520
420724
221418
198982
207558
368928
256364
291764
170745
178951
268607
172257
364889
199002
105683
279021
337732
269607
259379
116958
150270
276568
338701
418948
187737
367261
344733
339585
260183
137547
147591
278447
174031
151460
251497
205308
303567
172655
308012
350158
140588
319646
174280
210121
209505
130971
439805
407124
419086
209214
177075
189786
231253
289010
135774
181156
254397
293029
379711
196068
317577
221369
205385
207917
445382
184111
149885
143686
150593
124209
113198
190960
140251
222856
353153
103764
429049
419392
163310
372831
333382
408818
184490
284807
210433
395340
130595
348909
182413
375151
394383
353978
141393
219194
194893
295891
260573
286613
289636
128524
127697
308042
281223
197630
238472
102254
448481
222190
293929
145939
407191
189991
249771
418779
242604
224187
301533
330294
247228
123224
180684
349958
312320
239247
117310
361011
294428
384398
412241
166943
319294
164470
410117
163173
233430
113619
165486
188676
438758
389746
452178
302918
329778
331355
382898
388751
360685
339840
250504
154246
115436
420997
240757
404360
223433
294921
380535
429369
120311
174900
314440
192699
158378
422353
184032
384992
104650
200394
435950
225646
431884
310435
423657
294105
230757
257364
364521
187771
447785
153523
425255
352055
362651
305007
132547
317532
443802
277833
370152
171289
255326
289787
246842
183717
137880
101290
266634
446467
277001
416938
348855
135862
439964
439734
164239
211669
176593
415180
214329
147548
204696
425679
296759
110613
373976
438274
138461
220426
289703
146084
414211
163075
438836
136928
292195
194465
106628
213857
291101
386535
276741
402456
399280
112877
172297
277247
409318
233621
416067
113401
145321
321679
415182
137890
145961
140304
435856
177100
279930
267106
246113
229575
215496
194065
450959
144270
272331
356422
106904
298242
316613
256089
190253
357399
300743
268927
188705
218508
274838
313845
185051
277347
300710
420131
249654
235057
127850
197451
429869
453527
385030
374160
196225
132297
439151
141663
441312
215643
364150
339375
227283
192511
361922
280606
386725
417086
390394
121706
452688
193705
262066
302518
328990
130559
317537
173822
204045
110677
125577
243536
443870
274737
374357
320962
394468
380056
205808
289094
234539
440149
189210
158239
106667
145299
249855
210381
147516
207763
371808
162179
145997
286269
187910
369465
303208
332887
164293
422521
181983
372938
348806
111572
420128
128287
395249
324440
429700
165986
110166
258796
406801
295868
432442
260935
321726
169178
109979
222632
281868
128534
295936
257242
342819
365671
385411
248255
355454
407592
140855
374669
351319
277450
314072
379018
193284
245192
416626
415415
285554
133497
399908
327682
181506
216929
306606
385601
271568
340873
394031
455260
262045
316891
301486
255331
363608
127060
354695
215667
138387
208313
372403
296617
259066
177738
173525
147640
225391
417058
280373
443568
129995
396719
404553
430482
315275
376759
454996
198016
329858
116617
455832
385206
220487
328911
389091
430258
436798
357772
135333
225521
120114
296959
106356
369685
186136
388468
353862
307169
191175
168565
408120
247992
119690
261370
345422
401390
441924
128408
104403
183829
285388
125986
106267
205276
229413
286850
393863
328139
189841
241012
232266
417173
350978
213459
232384
379283
365022
220333
156126
134417
444661
451959
172463
350735
287489
321483
438431
428860
320466
315807
260982
340915
330061
211994
135573
165367
427630
165686
258539
276410
210586
101632
421947
138775
230679
317314
306382
303582
265449
422785
212772
272269
319894
324377
427442
448140
285404
295253
317869
290049
325414
240381
423829
153845
126268
299623
208481
228265
427553
187546
408455
160708
441841
335822
222135
227564
288752
171427
309802
114166
131880
268765
375328
381878
418630
281331
197639
388284
192299
248660
199656
268969
340512
139960
197430
138975
107123
209425
281819
406691
130112
232840
169171
402874
113837
140459
139544
144456
401427
245435
228693
419964
152419
210593
154474
297582
343948
286843
354413
295662
226846
218029
288732
343252
337924
307059
229725
296186
106600
140764
410779
333790
268637
255384
363653
173437
106412
296193
399597
230233
440690
115248
187258
212453
356470
393626
119520
416076
240192
367979
157488
274709
343834
331852
446589
146335
190134
291408
361146
409332
316669
154610
101886
311955
352203
441122
374093
378372
283431
235749
257329
222182
253551
302995
131357
203299
220016
123358
412217
162193
345599
449137
286161
378731
265703
216850
155332
379667
368356
143411
400083
409934
122321
269063
228911
385310
233772
235360
323604
386946
253243
309662
191399
355943
354934
124496
407606
418784
225656
264805
333478
423428
342650
419454
120381
216942
406476
304414
293077
293301
429375
139338
450147
223191
365383
103568
243645
244588
368132
306230
189319
329253
173946
399257
410131
305607
373517
356188
248857
427467
118186
110662
434783
278536
125767
443343
314550
414201
172498
273460
301704
202626
131332
441927
345192
156172
114639
189290
339378
379738
353060
241591
344744
138306
260960
327549
231088
227762
168453
198615
167939
131313
358788
277157
226956
434713
268181
287614
201622
106173
169039
294158
453343
413615
101124
407092
130386
119141
398137
427967
185752
400770
228083
332143
393495
369764
145704
124721
364263
255052
409462
162545
202979
204587
226754
149883
256257
315872
343655
266974
127482
133010
441075
408635
399710
339500
416873
449228
450765
327125
417399
265906
372252
237420
371576
364485
106560
221051
133391
344390
329240
427842
182940
201745
321638
360209
192856
223803
381186
293050
386189
318367
123480
384947
250609
410119
310582
123695
356265
393935
364865
161868
238905
151606
106893
327358
278338
412904
128033
133613
403792
434811
295785
212338
207214
233360
450139
280666
124145
288524
314640
126272
166148
157023
307060
115511
367362
243317
304430
231113
121768
364447
210056
202470
388943
345029
305970
408938
341109
154451
339503
404796
185268
421678
240584
424489
329080
122894
125583
335629
431349
152863
157924
126033
428694
423819
397692
326349
415790
268176
433223
407484
238012
265209
259843
233907
185087
254479
212411
164274
362611
255103
424519
360982
170347
323188
333918
386355
105912
100821
202146
406101
125447
103928
306411
229281
210120
289695
113981
353192
116439
130441
137834
300852
224944
249148
231885
430503
186117
362114
191555
234316
229420
182385
106903
351083
207677
324576
363869
242905
209270
103262
318049
158611
251178
438071
385253
256352
273890
383614
402546
203260
214702
349048
146051
366241
356359
280440
224706
219631
175014
300289
435732
429608
121577
373890
438326
281299
372855
249371
382334
197307
105646
455405
322070
146998
238058
289858
184797
357316
319183
281459
107016
109862
124788
225853
392082
355965
110558
327385
137128
152316
124486
354465
326836
302436
231894
163279
442957
430863
388829
315293
228397
340482
328338
177114
260386
252295
175587
454114
173906
233598
238440
424678
222044
186009
221336
337001
179084
327003
328924
452285
295874
386084
151488
426919
316699
187311
373914
127646
315188
250436
256131
339815
107169
113687
361882
294086
430380
216991
185243
158419
374260
294576
310061
314982
158222
405868
104517
292947
396783
185771
281523
394617
394223
296910
259485
198159
395052
333619
260454
385019
353550
416439
222729
410057
315088
395441
230429
149097
181862
104909
394781
425832
431406
163438
349526
377455
295942
314001
405788
124770
383328
418415
241841
415628
236716
152048
390511
134878
130987
304550
419683
200446
414318
176185
230257
230440
304801
271821
172166
323335
147959
247833
407447
220081
171453
105875
381698
350226
434967
245910
267363
283175
242367
235944
261033
302418
240374
198120
278385
421252
375573
379548
417150
428646
179887
277353
361985
428716
287021
311967
185282
347796
153932
344485
182479
163110
394114
346435
385172
240626
282741
100733
301843
340934
164811
226684
382106
228600
411514
334489
293034
129091
370886
196202
184381
233861
220650
367155
265708
283215
404441
194636
293280
186700
305283
216724
175426
350551
289344
290781
127140
195266
196524
249016
332281
180577
339177
317671
380659
413120
307598
443554
122523
417138
224815
290531
160826
235575
174807
271466
363615
169858
407764
100678
188213
205823
240827
357932
249786
400334
134498
321354
319205
392421
169125
421954
151197
116138
145282
148405
205562
444180
130461
103333
125418
356564
199205
406549
250352
247323
410549
128673
356105
251062
241093
166284
447226
259193
329477
150523
264528
386402
340775
272199
229078
309865
121515
195279
136064
448097
401284
172550
122987
115525
176363
302351
408817
236751
374440
309527
335524
365976
155793
111943
300960
176589
262706
258368
435175
376444
208237
140077
260800
203230
131048
432457
391655
198371
270347
271048
336439
299050
179472
417584
265872
425247
161857
148219
414230
146406
190501
412496
371738
141191
277904
178663
359683
200913
368682
150288
320370
346232
230593
171880
313835
261938
111552
386851
222092
190958
243486
269333
432568
169316
140321
409189
330924
189461
220216
405350
380607
173653
376264
104034
410406
207167
279596
285615
433589
190693
373232
329520
336552
232397
425588
413955
374793
194209
300465
285067
313376
303648
408494
109161
386586
218646
445892
303039
339044
205844
257754
232252
219596
448264
100295
275847
385213
115959
281919
267255
358246
304239
356219
320537
293473
335551
217124
385925
129911
249502
220183
124585
233868
392347
293831
380364
181055
323816
429284
142899
228495
221156
341879
361254
148520
399364
224285
135204
199174
318364
105436
442063
205574
285490
154844
201971
236007
211299
215573
110425
181705
326722
246001
278243
412463
294443
416528
173323
165798
178296
253646
346292
318738
157092
387629
125859
138375
439023
130802
293784
436500
185318
357381
244297
424792
133385
108589
248974
314828
410743
139866
163501
203689
240940
228038
447208
154989
125953
138736
230043
348924
132296
198482
450477
396394
215778
242150
101100
439556
240020
450402
321866
364064
456034
240035
431198
248561
192573
106266
383954
234495
230413
209002
190506
331648
425525
185493
189974
123082
153822
158268
392122
426528
180259
321503
145674
211269
423817
119083
405261
332775
157809
264532
197454
283253
172355
296489
169383
238553
361223
229964
227492
164835
280491
129918
221175
279443
339931
309660
387804
127113
267636
185844
229406
169183
302710
397135
346550
247550
227115
377188
412195
205709
152314
416687
403037
355192
301428
410639
111942
105098
230737
395899
138427
423161
325379
411098
370586
313113
442651
278763
289570
202293
367423
111666
221729
428568
208582
368637
263653
315075
133378
344416
128803
182182
152331
364487
114743
380627
228478
148200
410974
132492
126070
376799
426971
440961
409438
221502
184044
100674
178721
113540
414824
172721
227663
301965
202193
151976
274917
341215
297151
291692
405017
311881
402164
349851
149704
260191
174944
345974
442070
155753
113897
101693
405051
448230
386434
398826
322676
239284
382756
263753
338848
324004
361419
151871
263480
406186
378237
369552
152647
153605
432840
197379
216058
152297
125580
160542
442738
364441
215874
437878
293774
267087
222689
448611
261000
376593
258431
376694
270781
454876
446133
427361
341808
387977
409355
180933
310725
355787
367696
198042
110265
293131
172901
438483
159713
297644
204668
244454
275279
180021
113803
158082
397023
379359
206011
341499
324699
341292
355598
202251
410614
269315
185833
362292
390068
261304
423234
436864
376903
163218
376984
289391
296816
297325
286051
138300
150779
433151
221852
434000
381425
237829
349713
308594
218621
163690
356001
340812
227511
311645
197147
217236
401231
146926
383420
157696
238560
157680
151019
383901
113946
208310
169575
340642
389209
421801
155411
125564
453561
259858
136629
240589
222913
201513
125127
232003
160234
196706
295084
201618
160311
133969
155192
196203
235392
249202
419593
132804
280256
242590
113542
366378
327905
254373
439939
365890
186528
165965
422630
357238
285902
214612
320849
201818
197302
117534
157711
193172
334175
334740
264152
247596
133690
155331
308671
169380
425233
343460
325128
167677
228276
250512
327586
405315
280972
451913
203220
300131
326847
360410
176066
360398
100470
215138
443078
282116
436469
112480
417540
403188
378239
229975
227020
221342
217304
210632
326459
402547
438252
139764
202542
233967
369958
190294
448098
220923
203143
402937
246494
205571
415227
349794
339698
350192
206350
170109
417552
419983
125480
194412
398941
274309
306672
240914
260361
344637
420005
177277
194997
312090
196250
319259
409651
145135
231506
274923
176029
343349
405820
425001
221123
226240
256655
246325
282401
385986
145276
123609
226217
153172
232711
355142
414463
261120
249734
271723
125853
262396
155617
162050
361620
427038
364258
170794
429148
403858
125154
199339
179007
146688
287445
347957
211274
434382
400688
100730
195973
279473
322300
264715
249183
410021
226264
277392
256510
271445
135473
121726
254914
222037
315397
190780
347564
194885
408157
343408
184518
121785
314465
370486
223478
295794
355427
394933
291448
147095
180638
304425
237953
435178
226101
332781
101302
222673
150512
243060
262643
393528
375084
289080
212603
455058
212425
179267
365587
353459
333154
408554
311862
306174
362027
377672
365297
277224
184280
329874
165245
200445
316386
336663
366037
277181
416789
403001
386132
405541
386312
195058
390513
107902
438043
438753
100696
249274
130317
442777
379762
384961
372114
226688
102173
192153
412721
355415
391294
180110
256702
243074
103238
107018
176171
123969
309512
147440
259015
241819
275020
312258
258025
186550
129652
397334
232754
312684
352811
148414
209474
147102
358305
444545
385401
218462
207624
443878
137900
395311
438270
328548
188922
206160
280701
427480
100389
207769
105116
453650
154781
213943
228936
202460
246808
325538
127752
408871
397534
207697
172435
242123
106741
424167
379702
144155
441198
408685
196094
262376
433242
357195
183365
395798
349498
402632
389024
296680
433784
148329
253121
426783
348721
310533
156917
400661
369292
448705
175686
415772
121969
416710
187040
123944
188349
217974
115008
296832
242880
273644
400978
424394
435466
310821
284007
307179
399637
427087
342388
165102
148706
398883
405251
384670
341634
189940
253461
363425
233266
120746
346360
268669
192742
212432
243505
182681
191996
172107
453572
424910
283788
141403
454892
319845
193201
356010
251467
180937
143705
174937
264419
205398
406259
335884
253289
344594
283529
279310
223564
347237
412546
316847
347657
321392
146055
129408
266951
282525
227791
328149
385241
354242
443300
246297
428705
117649
406327
437978
211392
146158
384946
215006
436936
324972
170325
406731
182683
135612
444153
182296
333160
398939
441015
180179
397470
107389
404805
159197
411949
416027
180851
119000
347815
205399
435896
388361
196714
187529
251404
331489
452999
131038
296360
187467
316955
259236
454923
412424
141543
285336
335619
104882
150542
320634
122304
247122
313293
320980
257081
329591
342832
169375
444115
199631
450116
378739
368797
280884
443739
285017
282588
106756
378362
214577
366269
216474
214069
178764
339764
199094
343274
163947
113242
421615
352449
170879
301912
341914
328753
139669
291763
295035
407579
292348
160832
249265
433077
154735
334829
256092
186043
179546
296228
232402
119241
100628
322588
372931
126604
322255
429136
405277
359053
312546
290972
276698
264530
303672
220993
302258
313309
326006
285776
405158
235028
117644
151575
143011
243933
310991
276804
324690
271463
143282
370016
309545
310107
243020
447352
350460
406445
405387
150348
280583
410977
201852
431304
111039
436977
424039
403303
297468
199901
253597
116074
248534
440504
173496
423197
305864
368301
188744
284202
309361
382173
372734
125676
412048
199571
237246
362840
100945
400498
410553
268406
371232
246394
397693
178338
384522
274239
172440
300997
376667
380611
450570
315036
410809
386111
219939
372818
395562
446334
404639
167476
299661
316638
317950
300095
137152
122804
369909
439857
247461
143564
358094
409273
177170
292100
280075
336357
254426
115718
113772
430252
185030
250470
314471
296120
201117
433302
124660
279616
322251
347590
280307
300165
396328
254281
350859
339702
164828
339223
424064
307435
173362
393519
336165
207458
233190
145546
163775
187945
315860
416876
173577
217497
216861
345737
170502
172994
345874
296986
428966
324209
136030
293529
411902
211847
355669
306861
295950
294766
435359
333592
136146
193365
125790
212110
261051
192514
118085
335997
190794
235449
398601
236690
292187
382502
119835
394608
207087
141557
416574
275534
220001
312125
183363
196493
160351
259675
296238
104062
282357
351554
149377
323247
403909
313653
125716
449378
438387
280757
265746
399920
380212
438083
146847
160741
257623
375733
225519
410159
145264
233569
233346
372917
355409
142443
439219
409847
416823
253855
123818
264002
419130
400074
210539
343075
141287
161785
396939
326521
383323
404319
172142
162190
320328
375768
342063
174477
358385
170581
436087
337082
168759
157335
346580
130744
406307
176704
260360
296850
411658
286721
419980
111801
163301
186746
309483
214900
448025
270169
411477
173966
213751
392569
222900
229499
361006
147949
380057
413799
318128
341567
261589
367117
229332
176928
274473
143114
445521
377825
138909
414049
312311
413818
383588
448327
195540
190379
143534
338235
128716
343489
390036
202811
143342
298430
113682
306381
451711
364811
372380
398698
366446
285972
387885
222102
134232
165811
369483
356688
263600
431513
257332
447271
247150
186345
436854
201883
108216
169372
305747
348236
382072
143270
311127
451072
228598
261784
186662
309793
163099
145820
363296
236489
126207
138671
175436
301221
441238
152407
228743
185462
189392
290345
399812
438139
452695
148197
228596
408555
372670
373266
253055
146519
451269
336345
389730
395970
406934
401895
438049
240695
346796
231658
257727
333552
129147
398562
191320
304843
236794
311177
123242
394212
183430
396438
269455
317407
158810
101753
417327
353881
423628
298662
446414
394166
142530
174999
238073
243851
249561
305899
266410
261166
424996
232486
280138
211827
339538
333277
230920
213686
163107
236883
148561
248275
342735
232983
133700
394047
367502
206488
433623
270455
258942
136351
372667
150198
187471
294913
137791
254807
287690
388066
249709
330029
334966
347561
406612
302098
257840
450996
176544
220888
296033
252335
269919
431532
297820
181841
371968
123683
239387
318488
191357
377114
166799
195846
386134
343082
291165
429643
267081
308434
199662
103979
319260
166482
315139
191489
381137
421551
301193
453951
101033
341950
140829
337196
375651
263268
346549
306106
338166
298028
286207
447100
245893
420374
403730
226363
290182
115751
418950
286493
160840
297502
216819
387606
218563
422754
140250
447039
174764
369849
317920
418263
393074
201158
153482
113255
110771
347311
437761
314441
244130
284405
141892
115691
289508
126208
374751
283262
232393
285890
443874
111517
132805
312327
192765
268356
286408
381647
244299
349742
160412
329405
437146
224675
288401
336929
313519
276990
113139
374971
452560
122388
103320
413651
177592
122427
179462
160387
277175
269074
290267
123161
340562
204502
109793
183038
443277
124346
434686
123162
174699
440196
435017
254686
117210
185901
239088
398992
386580
255528
210048
398597
223479
432373
222962
416098
363774
316112
128665
366273
141334
418178
358978
112375
133999
197501
454283
368313
347827
296327
407399
335682
107141
209928
258975
300400
180769
228438
282011
125749
361902
353762
253263
369052
189486
411694
369199
301839
367578
173860
141337
116533
435247
106149
290495
142897
391654
419266
185065
127708
265103
419021
101740
292037
321375
142959
345590
144055
290942
448466
380923
122563
393221
227866
151597
439230
175905
271114
154896
241653
212488
433542
165791
325825
366643
349119
173672
427214
187106
113307
218148
344184
142096
371494
374392
306048
239731
323818
388902
368073
393914
174025
388726
344398
406840
110292
396705
339797
346698
383045
201763
445215
236848
382054
311838
209294
438618
296031
422574
220127
293813
299743
188857
424936
317667
346927
412202
131291
260879
391479
431397
436012
261129
148992
408096
119443
184440
186698
349796
432611
287571
271646
306197
336739
355178
247915
163514
221430
388177
208597
437904
122073
431084
212117
140137
225278
130544
376271
287087
430803
442062
443399
152381
173375
300520
430784
284999
265770
320030
390625
228741
331916
247949
406808
206842
319985
123668
175787
426011
246505
395942
358563
130024
456177
111240
229467
347319
147152
325829
278792
382910
176577
180562
259970
368720
118648
401515
434199
226343
400267
213115
448656
172001
378895
310917
119440
400179
313827
424472
368421
215440
450012
357775
305511
216680
203698
228635
389316
439490
355612
123950
318659
110067
401918
109202
426007
334294
391707
427275
298977
189353
248617
349098
125610
345864
103237
206167
415782
324876
416841
201476
336946
380765
158474
194393
181589
278588
417896
149143
120160
332982
121233
367934
221467
226773
408416
385864
209143
255318
313472
278086
154082
328100
404880
329561
397755
452447
390409
255985
124954
426333
417127
364323
230200
395378
108237
386818
269630
100684
417687
148280
402526
325776
376702
342462
440953
125114
347148
233120
304577
351068
357233
109957
125493
448296
294998
293362
240873
149206
354820
154144
271499
415683
100766
392518
291224
280043
157154
197727
418372
389615
126691
415365
406074
412583
213322
374196
285437
368776
336170
423369
275938
353925
227677
181557
274667
265092
453035
173951
438982
254155
253968
126446
389884
408050
332654
229468
418831
345693
184189
119114
356737
387196
174470
215173
234753
399850
222630
402139
166901
160801
367778
273022
144375
346344
138095
343878
354883
266482
321994
243906
133983
236721
184887
285107
436137
246474
265649
312962
101724
426816
322386
170100
287528
159853
277238
374177
373564
374715
147448
447068
139432
154817
134572
395071
149598
343002
188719
418971
351803
394378
314411
172778
420185
308669
114938
309727
432760
156139
304223
436443
357395
326091
101638
238838
206817
277529
397153
386341
280042
323197
311178
450823
155258
412104
121068
237444
389597
285038
340884
335841
349482
388987
266920
114306
281380
170630
213535
262304
356920
436491
207890
349617
182189
224860
422610
238497
214626
419560
175254
249862
303924
293689
144356
236370
321738
279850
298999
437260
171959
440480
325252
277946
180355
222597
304419
415667
295502
430041
373601
392530
183586
428672
191531
430686
357833
114287
172267
395258
244940
418804
323361
389904
345779
126007
103569
251182
321614
206773
153702
333081
291915
230225
453669
322687
261350
336909
433447
295517
388356
321643
272198
260848
370960
298971
305617
327384
186725
104081
213093
431151
287905
262109
433467
381318
168730
337324
339898
293817
153935
275357
108009
331983
127670
276608
192886
311047
412320
339311
161582
193617
429454
351826
119354
264232
299277
412123
181945
190984
299376
234874
404358
391561
278683
261539
299147
433813
373128
196366
249346
338817
409043
406243
369447
219053
421117
165365
318512
350134
126010
359029
220154
361021
344830
171543
304642
161919
211785
157762
345045
310616
296365
446126
377863
268618
428836
398367
393474
380236
380326
181372
229786
208491
404699
442044
359150
151641
184854
124618
252375
389854
385665
114801
174670
345943
433924
190721
383137
450063
286366
244330
397809
200898
203768
180103
145081
106606
436665
315108
299156
200665
280295
263572
155600
259656
113427
176767
397554
149657
373952
205272
141464
263249
282077
429476
263738
263608
356978
443895
246897
383368
265303
117355
224028
167966
287359
226389
160655
301611
115203
172062
349473
176008
298778
197193
343309
306570
251888
324591
290883
307282
135859
152251
246020
124109
156156
296709
250973
422119
445763
314814
336965
248348
122315
422191
210994
349010
266548
179504
105951
281004
410672
368104
155745
397254
202518
313229
286681
348189
425259
248226
345036
326509
182121
268414
420090
152693
175139
420775
443218
266966
363970
382523
398359
307780
119436
276738
316627
438619
165319
313238
104187
266789
446518
164753
363125
358919
174705
174204
303374
335046
179970
226161
151025
178928
372364
297407
447362
243539
306806
416093
279307
429764
455943
331021
341354
195816
408231
327812
442447
254109
189220
222084
370029
361020
138149
328130
120973
423231
347442
189895
407518
228320
413514
192684
395305
153744
412134
203084
421843
256192
221866
446804
316548
112267
123199
300895
405452
334409
149000
420007
141868
249585
427366
125588
172311
219583
285605
442648
194671
163370
278853
223284
270706
169231
283481
429559
396379
113491
390956
262122
175026
161422
242735
429056
293020
399873
400385
397267
446920
381928
440155
429378
220626
236787
445910
165993
204982
145784
261929
101569
443157
319009
253103
325235
349568
425867
226604
411910
300359
447004
347949
396798
298558
454703
254445
125623
255869
263335
264808
172065
407378
156020
221027
443821
181067
286279
265475
232770
306228
373597
144432
452311
176434
261361
121829
316782
433726
452606
441334
423886
317461
242371
332283
202380
271148
278017
393964
287144
289680
265026
107586
393705
288403
289615
366994
105217
148674
312973
122530
182993
184821
277367
410325
394412
137418
180846
163064
325609
354450
398876
454534
307421
274173
152635
300373
207391
193742
358869
192222
279308
241695
244025
451867
299848
210720
418377
402369
116063
187036
181849
304728
146138
412698
374797
323364
297360
189064
127942
224512
343513
280694
318725
328116
330328
380185
149896
243948
427863
316252
162565
392021
443445
235487
239656
248380
365299
265201
287697
414051
108897
216877
299928
106068
282269
188996
182522
196699
400278
127937
303993
291639
348338
368228
427184
434774
356325
129144
433478
325195
431446
187547
111483
241798
368109
437297
256008
240521
247359
155062
304492
231365
105117
327485
425719
441451
204013
406798
112984
240074
336882
211766
423347
120530
383743
439917
134747
223099
417757
195223
422252
137566
447952
294209
144148
264435
290144
154326
264819
334389
446968
406782
379555
318060
112172
228492
436948
241834
321133
202855
124809
134832
383801
228659
122554
117715
391880
194804
230505
350374
256761
414327
334320
395200
220152
384390
219385
422588
339335
347559
183542
446549
456190
109124
197225
353957
213043
402017
420143
257760
399837
437833
392938
283097
184464
418024
136020
387667
319943
117444
112727
184883
215236
416559
283246
450039
271447
196370
432663
373461
209852
351477
402784
384297
200476
173383
219779
233535
376416
118143
161186
390134
189558
166254
101282
118753
455345
239876
247954
440912
407464
300361
139931
262584
237384
331257
298796
434934
224237
450459
412078
348724
273737
198484
383555
378740
136907
120254
222105
398938
106182
285719
194102
207649
276322
358894
305484
190187
388904
269011
438297
368499
320445
372055
378985
200645
144688
373723
217288
384447
430882
294272
136581
353612
373638
437960
122961
367435
177190
375466
371588
117593
261071
400862
431927
367936
435754
123874
343346
183909
389472
364828
117986
257579
158863
356368
254605
180706
333210
139404
358150
412961
178631
153993
132429
253017
342383
214125
278720
251984
169966
376185
268643
310308
184677
326195
381802
394124
195304
196852
384448
242700
379395
316434
170699
414037
419147
179692
241502
124480
354983
366796
107906
417155
130399
452501
112878
134781
400032
250411
184023
110077
261739
221542
340446
214645
175847
109121
199591
298597
111251
272224
281484
316201
132802
147833
313383
325453
437606
401458
119294
120916
165878
410769
159171
328309
456065
365506
231181
367821
262064
161627
354091
181407
215828
135980
150630
219105
333763
436078
176075
206243
339225
352355
171344
284383
155065
135516
176349
169439
126615
339067
200355
242719
294645
114907
360314
315465
276630
156052
201826
138035
163201
289133
189994
233395
243507
171012
351260
406461
105922
149628
162098
407896
444303
172002
424295
440833
442470
105084
280402
113186
364856
180428
342935
452065
223937
376706
276350
122064
425025
429609
282567
249167
367498
218735
416632
262580
224940
411322
135437
378093
293792
289025
229885
440232
452960
237348
440036
264063
308513
306522
433233
399291
189308
332212
409341
204698
326839
400493
364612
151816
340303
261059
182723
236705
378523
383633
424144
191000
159083
202153
236016
369570
359018
298267
145740
151999
452660
184999
422726
425621
454148
343725
455009
438360
149818
310052
125001
341119
274184
217400
393553
264508
351900
161098
359555
342183
271879
301710
339781
290802
375527
236811
394885
447500
391531
365944
120990
374476
289834
341667
451303
373261
241437
422707
164128
209388
428551
158497
189146
397033
153868
424751
391685
115678
277984
105541
215518
321292
273532
131307
281284
145998
355351
349378
251978
406245
424622
392107
128219
157033
316881
183303
391412
369675
302902
303410
435268
239130
202543
372604
433722
357007
331811
194933
180720
303766
226513
358802
418923
416054
140150
450129
197497
348006
278381
299009
146654
337351
244447
332407
125906
448410
228025
419697
261047
185004
168941
125161
143481
443197
346178
247941
205599
116434
215717
288655
293353
452555
366986
146213
132910
222548
316168
295259
434587
301352
348736
112335
239142
274706
283679
351602
111208
101949
298236
118049
377800
307734
218752
253108
100786
237962
203634
248743
414513
343552
390605
287992
371021
118470
355737
293716
238204
421359
343089
122122
211515
212994
108347
290934
225206
247517
397712
215631
101157
325422
443138
140447
336958
311050
118046
398879
115611
268262
272103
297540
427482
405585
179195
187872
399449
341106
196376
111006
363205
255721
184251
280101
455257
115044
126695
328394
144785
157971
112721
184703
372857
155039
134682
390170
389275
244771
359689
233409
179844
183045
347637
109796
285448
289952
299717
372127
136022
384037
279064
318026
266720
364047
142612
438161
317867
446368
198782
378597
429020
143961
272830
338571
115130
334535
332202
452533
284989
444335
454793
154815
264741
163886
175355
417968
120867
275951
149255
380880
253050
440378
270937
202710
194067
210500
204913
175995
316016
311807
364442
258945
292369
291745
241154
339288
380224
121985
260392
212095
325932
454485
146274
297044
144731
393889
272726
177502
137734
136085
391872
231613
102081
388903
285163
115950
434125
356484
258916
432896
221536
112114
313873
129905
147361
442475
106120
141128
262440
228151
297081
424311
175498
189195
295939
151684
342783
131944
236258
143344
268372
363373
254827
156722
411243
238758
212757
202846
384789
126086
295086
337167
191542
227060
291206
165807
298488
315720
115502
352722
381067
163151
438267
106497
169505
249663
355412
294089
395201
108799
132247
147454
114824
339459
268121
121979
396722
395322
402119
435210
152582
300123
108573
150957
151325
373106
332612
297854
252802
124778
433126
270338
364901
109515
423324
105799
157310
162613
306898
415033
272705
223761
316770
181144
288029
123511
213562
222948
373285
304849
300785
111667
309323
375582
123049
270132
115043
318499
423995
273154
129691
132812
376716
109308
371558
361847
203630
210917
311240
335265
248764
239179
417346
183409
111728
200171
266164
324640
199905
369284
178159
211821
403136
424673
324642
273990
347693
272505
415450
187600
103247
107681
323522
400917
255855
417560
188829
439651
212552
283954
409908
103894
403659
298400
377207
113345
257965
126036
225670
289578
396081
338230
338730
441650
261574
271831
367087
152615
331012
292083
445174
217470
307997
390765
101794
201858
140348
146615
251334
275329
109695
167030
316356
420501
387473
147301
383282
227537
116259
181624
135529
307654
322008
179081
305597
275599
260381
394444
410867
296629
118543
317929
334874
361519
254301
120135
309637
246629
263463
309781
179482
146337
389645
339132
199687
171776
201376
208889
130468
313406
237940
421525
453017
331595
331869
405461
162899
142928
371578
312006
291329
427626
204398
416382
126650
391758
317357
230162
217875
263102
186452
244914
268330
283703
424402
298083
145605
418239
246265
401173
204413
401795
118950
355835
419605
319010
354062
338494
324920
335275
438739
431367
362577
243754
266652
247509
331785
181459
126183
358190
177759
311413
239054
356113
377847
248015
272380
180519
383953
394621
310478
200035
154029
361793
330504
169200
195630
192193
379106
248203
267418
252432
273813
366710
117998
149668
198906
382302
294543
308070
131762
216756
176514
440963
434761
177808
234848
113052
125922
441812
343524
403236
403233
384676
170460
220099
121625
404219
213532
104803
451888
132444
452711
446609
222209
434942
322114
415165
297486
160421
415198
373393
105287
185727
349409
443336
444681
198815
350104
297627
297403
236702
261377
208142
424676
274209
445815
293686
191226
254211
174033
376832
298243
226581
192435
451943
308745
264699
107490
369805
274674
427762
356201
346180
340144
384123
106670
351166
436713
237660
377932
364708
232043
249638
404750
281151
112338
157991
312356
414862
319946
100337
327320
210505
455154
321711
445273
186183
375285
348557
198593
450456
135799
188956
453281
310745
276038
330177
140176
371758
415329
250234
271563
319075
222350
122890
384253
341752
105826
418941
108497
159082
308229
263849
162601
341604
101142
375833
373369
251167
132515
116329
398711
136470
395903
288398
441093
343161
433195
250449
362312
156604
296844
240262
129428
179928
320435
296878
302386
321958
332805
389504
175450
284940
129420
428175
310673
438279
384337
414036
429841
268745
206303
381339
127170
339028
386593
246217
270194
361136
449046
120379
211904
438321
430045
122829
272288
299792
211265
247185
341141
431879
365248
287591
429360
103087
121591
300809
330015
444011
234970
283787
190260
102228
189860
159028
374107
192880
266032
306517
349898
201779
321477
256396
351484
198751
442099
276375
387442
170671
257770
190430
380263
157147
416059
406400
193843
440129
112911
100556
347159
159784
278610
105709
197119
167806
339673
315031
328670
214712
433786
389764
119968
308997
419915
350882
237697
181670
142628
212735
374944
218497
322423
110305
138506
344243
448893
304326
355334
237322
101515
356203
440367
240462
146927
296477
435161
230301
349338
385109
202183
135255
315619
424408
265570
424474
364118
376368
421721
237258
253439
403061
305753
118972
373726
405304
104163
205469
356984
307622
367304
454077
226808
227962
122342
279630
134730
126201
393151
100810
347932
272761
253979
336728
116151
272299
135223
278774
348640
414870
311113
199023
387420
196872
171650
162475
171763
237008
329679
208800
360365
142051
421692
170906
210444
375809
183420
304543
120911
302349
138223
223980
268375
452570
157112
214557
299514
209075
184791
372282
368336
381474
101300
209190
301468
371526
148936
177026
171298
358591
141265
365123
137201
143126
123354
281462
317113
168045
137365
155880
423516
425010
409239
366487
441267
435287
134562
320728
239874
244649
123948
290294
133779
422118
350399
259090
277754
238077
384645
219282
192563
436739
211382
392281
174789
357031
176835
380945
413272
428280
244743
221835
202737
203811
313286
276101
258703
410331
335294
304180
105592
262676
136565
160830
424134
306681
349146
215302
193540
335145
138670
212587
284345
203328
446983
440491
402942
284454
162452
176431
148927
238530
290858
240326
419081
314135
262468
233557
332248
419366
441882
185678
229410
163511
162352
147715
149798
356132
334832
240004
253359
437210
232180
455030
177492
268937
290361
298461
411149
303546
454207
127793
181817
347296
454730
229341
112240
106421
208737
120041
375042
241573
192982
151956
313540
179374
244502
301031
155455
399392
353392
177701
157256
422841
107984
366735
313172
157460
232940
240181
307437
358794
185009
238189
164687
261521
314665
281948
394931
328786
374229
371919
280909
340727
389519
114508
143754
192609
258493
328347
358426
397833
261090
322507
356072
186837
231320
184242
226741
411679
217190
385868
446069
320932
412358
276105
272227
343700
317367
113197
281345
322674
208563
123604
412931
151927
422335
201270
100516
218069
444051
271425
394096
149604
324322
129459
145492
241242
178572
203891
143842
240928
430823
194195
288888
126714
256800
313512
271060
143748
158204
113629
177168
410650
391088
212672
274970
235431
137442
435782
344968
367991
390682
376409
239669
252473
323536
108236
361269
331486
384899
416620
254229
196558
312386
362568
229075
402346
180111
228931
220696
388711
441702
154685
306855
206891
173749
294885
325937
197565
162330
299212
451171
323630
430136
358707
194595
452742
170495
189360
157034
218045
175144
201797
279603
304871
276291
232401
173494
279501
422290
226095
150071
300568
208180
209198
408691
368497
275092
170268
236520
427473
184109
221782
369018
170908
313037
242884
121096
359972
218757
281248
396121
420335
301873
127871
285885
209642
119150
207752
252629
253767
422259
294397
404984
320058
320694
232472
125830
214592
104452
214538
124382
271681
449211
427183
120193
209703
340962
169987
281874
339134
259065
254341
430050
145551
386336
294017
411421
351750
150741
354653
234923
330911
425283
213413
107218
402065
368601
207859
227655
204735
166016
425091
366685
182676
125095
167715
426028
161930
147830
369360
292000
399010
260306
198623
371187
115965
378144
153410
440749
310480
302539
428396
313222
410638
230254
133119
146370
391482
109245
209677
168661
442326
392255
449414
390817
191801
122174
418786
436966
205305
197687
430665
372196
105175
199426
102682
248692
128324
234393
384006
134278
386784
114245
274080
405406
400631
301930
287671
155585
340936
141571
342320
425550
364756
359687
228427
135321
335252
143332
254408
272724
173186
255195
435526
304650
196768
364060
276691
379358
279447
393517
152260
391222
404855
344319
294267
356990
216755
428530
307635
200687
237042
364093
299444
402511
329438
388430
373186
149766
338227
436922
194818
120821
221012
329790
403026
367451
425502
323246
205796
253723
199472
197496
277089
321280
254757
228583
320075
228413
428024
114769
286148
392488
430314
159678
455540
291432
118903
361234
302816
178941
223502
241941
138847
447726
127883
100492
109869
418715
216948
386166
440532
384175
158993
354068
307876
154884
187014
168830
305801
122403
168018
451992
298878
146329
217516
443242
430553
324254
148993
444750
126237
407066
376862
296263
180235
451608
321203
279813
382486
275570
453311
206157
373418
221299
430212
148909
444918
158938
202727
384283
289575
406735
258171
101042
394464
162081
130686
410973
325572
162787
407931
394528
263293
314129
408346
370331
284376
181357
184553
451660
193415
285803
121660
345375
167627
446767
148213
239824
170793
368729
276224
342022
318761
395469
384923
265369
434629
426885
217066
295322
119452
295888
345141
326381
418579
405807
416805
346969
445782
185487
163328
412907
417371
393572
149785
381230
218027
319720
243261
108144
273549
210615
234633
229108
320860
244494
141380
385837
267074
178215
433961
150308
303904
227425
338259
295702
337225
422461
301375
170604
117807
191608
122704
369448
397164
100288
215660
200911
337223
266562
369917
348969
377968
288206
148132
182503
191331
268796
169318
394906
290413
160620
172584
266631
291536
400367
136163
309186
318226
323692
127608
244410
289587
229372
100926
281138
357241
273882
369567
294914
179232
105301
295376
335644
421340
452670
122422
165198
369616
341164
125751
155660
171368
365742
392252
106175
375611
190231
274992
432212
401907
400023
306662
431631
183629
245946
352398
214098
158986
359924
438419
288298
278943
230946
345767
188122
455923
232161
311618
153510
188024
374151
244993
238510
359108
379267
242747
345918
312954
322765
152896
357530
235490
310578
116516
234386
389283
285646
371620
428344
396645
327395
191381
428447
173082
191790
230699
182026
294388
357254
324645
338998
306719
232304
251528
360748
313579
178822
375784
204745
252758
221474
145621
439944
109900
121794
301792
357970
134734
256545
441096
301946
310283
172008
103664
111985
193537
447750
105843
314379
415008
329040
340163
380522
416238
404228
128361
174305
267292
137274
285244
146628
263725
250309
345752
405288
345597
113782
279385
433577
166001
110537
359678
390310
327974
127809
337942
347050
194689
357437
348050
280478
161086
194562
219024
133032
102048
453188
336411
230198
327228
361958
261306
413504
304969
271766
158644
381899
348748
237486
260691
429663
418463
380345
165057
188963
227845
237586
358550
396215
314433
241864
365565
418360
268277
154809
445710
318006
137257
141561
153377
441062
304769
238974
376788
159268
175672
262550
283257
184104
375619
266169
394768
199330
123460
295085
196156
357322
124703
260223
167515
400606
345151
272274
312975
226636
166040
369840
435963
326482
142388
218810
378450
202700
329849
162423
192033
373830
227119
102994
452815
245099
340023
270941
228824
432687
298423
265807
323912
455448
327911
440137
447749
155739
421771
199308
420552
245148
250154
376955
140717
185670
112193
436703
186967
213618
215808
316933
278033
326388
427918
324282
180722
154323
328301
346211
163888
138143
350918
401349
244128
136108
445969
241533
114992
147938
283131
186126
431536
432797
274834
438680
124042
430106
366210
154356
268666
410232
395811
110223
392272
169222
419525
365541
442581
123587
306427
282309
381707
183422
229991
137997
207490
444371
217528
161573
443828
251891
108343
273637
192235
161724
199716
344599
272765
200253
262371
188741
175395
336509
363991
386914
224707
231286
449970
118030
145572
145597
449488
370125
261388
318434
303656
164965
172284
204405
126058
113593
395950
374255
399927
379598
392266
143175
195642
190920
104061
420896
403796
259069
312182
343123
250120
310063
410287
109880
283231
332345
385653
122216
253980
279554
433498
357803
263726
202089
103692
310951
378784
292856
220344
116537
306711
238741
233847
180538
136899
100166
168413
327056
175003
211797
432099
364063
332573
283520
324477
226941
278489
382531
277855
285618
398977
128195
154420
453130
316962
422560
312698
178508
321550
201568
217062
428919
234624
284847
334477
401719
263899
151503
322043
302078
308356
259141
194988
239758
125353
120359
197803
150956
104935
433852
316121
248370
279132
227541
347468
421477
390995
427266
278480
398904
284566
231748
371149
111543
353079
318777
385469
243526
227750
400153
112865
402902
218345
278747
207406
267085
147053
375303
432435
110442
321955
426012
111288
108450
311057
319538
244730
117022
293614
384355
260745
176469
255879
292818
278084
207688
446248
343049
394967
281388
184826
173791
139232
193555
409834
286870
288984
249100
195475
260274
310120
362391
332517
306872
454029
115149
384454
193835
161405
185757
192960
344012
423389
369362
276996
422424
161331
211318
112810
134636
411462
344438
207277
202975
310841
194027
350361
158390
299020
373059
119581
451153
122664
100490
126536
436121
152969
242918
135866
147140
183495
207855
223604
280554
385797
447323
366131
116043
283965
369694
254585
416994
253993
159033
419098
226119
248496
325378
199494
196873
125398
356931
219390
438585
150386
153318
100841
188568
119939
204796
158329
203096
279681
372229
150592
349452
398642
437652
264442
405648
190218
396570
102411
425922
366810
239071
420831
115348
291739
176971
193785
449706
203992
247266
222644
441172
339645
107171
183557
260816
314530
103256
455342
371765
421224
444886
269605
320038
200098
406516
360555
110057
192014
152161
192495
255251
238622
187656
206611
413455
127251
329456
420105
200287
385329
348927
187784
250905
384598
154793
374414
326420
453357
200102
409682
386291
228015
166791
360756
102754
101605
375123
254689
112426
329222
295897
342076
438213
300202
371945
291820
453388
358860
272753
267957
193252
294192
104203
125901
316543
279760
158009
228150
218513
279077
423063
284064
366424
129552
104249
379723
192527
107294
188240
290197
435739
177333
368717
339372
354753
206863
108038
214696
346030
160458
156063
220235
398513
113743
191456
330450
189206
416166
358420
401152
172330
177782
195898
217550
370034
236376
349379
125593
343857
308561
220335
407865
167065
143923
308191
234078
445479
367053
420073
117251
338130
322425
331132
102032
437699
232186
387327
335977
371747
318076
415693
116868
138201
318901
446367
203837
110849
149135
330433
239961
277037
387740
294794
132997
131367
215962
256973
415384
264368
224165
223562
170721
299951
198514
399403
238194
141220
216119
391595
424150
283733
358533
154673
161122
367554
340249
331068
424217
142477
427880
223700
177666
264696
205838
453677
304422
311836
189875
141489
349424
422096
285884
216493
373684
190040
201344
327532
111513
263471
134926
331196
442117
152362
305763
137245
240611
335208
409762
361908
186336
276530
211215
336954
147856
238294
192026
317676
419187
423792
244792
286650
180045
193802
100813
203668
255489
211948
413317
378198
302651
140130
320115
454834
408235
322177
237667
233879
146645
176216
223950
302619
394121
207044
102711
289386
261057
277826
260643
308455
403350
320516
261112
436611
107238
323009
447304
327486
416683
122048
235173
145725
209165
419343
274128
453329
108997
267949
120833
269982
340336
371125
300594
257151
453263
376840
100291
277328
290530
426740
326773
194452
401959
384738
443837
196207
403774
283755
128850
190419
257809
315102
141740
452738
176911
455911
279160
187008
362410
364730
403010
126735
418118
211280
146962
319460
381290
406981
420676
360921
164990
267442
229259
312995
340917
265260
106549
367410
103514
193182
432867
429165
441165
314692
290384
422910
139124
145413
167666
251767
350472
133000
142973
356312
141901
353870
407273
141521
270757
277605
352895
447426
270318
270401
145079
151605
331007
236163
361745
379851
371607
212129
143372
306078
144388
313095
204706
231487
172890
127504
406406
302278
101509
168498
411587
197878
451382
398434
423552
239139
342612
146589
359331
393569
442551
194891
428713
271169
293425
451511
252353
340196
409886
234093
126194
112521
329017
235247
111622
452445
454068
252906
170083
266743
447797
377470
331975
323567
327676
249162
169609
173994
252886
328107
325812
109157
299611
298540
214732
131062
399491
114692
418638
173531
229091
243021
409448
191868
140035
376072
153526
253506
115973
144934
103752
205706
127378
354741
316661
251858
394958
327007
307523
390446
356385
320472
273724
360976
240456
150621
306103
328406
330802
337468
221206
333625
108096
417129
309437
327881
275877
147728
382025
250476
144127
194387
238789
284762
215571
328713
449356
318227
175815
440969
278978
382638
412540
149063
436853
422397
400689
261125
366388
286709
276712
279864
245015
446577
267916
226219
248064
149174
264143
326541
210461
183509
423770
355774
112244
159260
233562
180561
328020
139373
449130
133686
264302
317828
327205
414202
341739
417546
281047
106023
264385
355450
257387
222533
173455
167891
251008
448568
298501
217041
263260
250179
128321
112962
338600
244182
389317
324679
110068
432851
247722
228925
205218
303688
408192
322752
195799
125655
125956
278546
121744
133249
363480
175981
261190
149879
203543
128073
345553
204528
311062
365645
390759
380723
392767
109657
271127
214212
441398
414917
318705
337667
234083
260419
347739
175204
300470
313775
139647
107938
148941
280993
421195
263632
206821
408316
214604
240340
226694
281142
235830
133411
324680
113865
259853
387278
171539
357366
164820
169591
430702
326832
350123
297865
323676
218601
371072
236820
244559
439381
135179
284990
110950
344310
186712
232783
294039
391789
154173
376145
366736
280225
274561
299940
430681
127451
345136
311279
427800
142605
277773
188579
345584
119750
133530
229639
170005
313855
313651
193419
391567
453946
251725
155838
444769
135293
120791
103994
404645
248588
268204
183538
385100
362084
179620
303166
162693
222797
390483
419068
333632
112417
429784
253623
305016
421175
138010
236014
409052
270920
109119
129714
226515
119915
217744
105857
392072
305904
404826
339114
279985
370391
207532
137821
232502
195272
203192
262876
385034
155370
317971
211162
220312
433311
427091
387959
329597
274218
219955
371740
443919
405015
190557
354626
378493
193627
230695
182756
215022
258846
214819
338192
454210
265085
231467
149489
167402
227726
159771
404821
106685
212437
161741
157559
223990
434198
321897
317799
440955
303587
326544
215357
355741
187597
138069
258134
179569
129335
392922
418208
318937
201070
137276
275148
146757
162281
199519
144878
158140
225434
316511
374157
176402
309597
139634
331973
188955
140723
411988
431113
427475
189209
233336
136439
145272
323429
257938
431548
249901
278023
348320
149681
450093
331008
387263
385334
226855
328399
274041
420974
417207
205138
162567
316886
325855
342180
308851
149831
288500
137018
159556
407471
421673
343835
393350
358781
443305
450797
429006
225274
212822
200628
134858
433717
310105
359178
142541
223155
277372
415557
146671
369188
394746
141003
351963
118824
192092
224234
242061
223348
428114
208464
114795
384333
255653
384617
130275
369622
169371
443200
236238
168662
332343
226635
123566
247771
225076
140290
421178
418997
168439
450890
401331
157461
302523
300557
423236
113156
306700
402335
404139
191889
241501
325030
140970
330219
344471
140854
448696
201044
162409
214876
401873
386684
157404
163931
141923
319835
104944
153056
411878
203279
429619
370353
104825
289480
354297
323957
326324
154310
393782
311342
388435
201208
317853
361290
388411
360721
213123
367656
337308
280489
112492
260098
412137
236081
123733
308589
352817
310624
379961
249491
385985
150678
275563
148444
136282
202031
254500
327011
164644
416908
280318
117899
164728
202641
235871
375877
377699
140902
303886
361732
448413
126295
411523
116847
454368
391669
185527
370487
236550
260388
193669
110722
295190
115818
210069
410543
133955
206698
113924
202521
140598
400223
359011
349340
172809
365785
296904
357350
391465
219906
378517
144668
380739
206815
421561
147611
214071
112642
142317
448875
371200
277670
349500
111167
348495
222889
433587
355197
152296
353268
383286
328095
326709
212815
364066
282623
435840
351590
243599
309872
259357
371246
119308
284898
383522
439495
325307
400082
230290
266237
210290
157934
408776
334642
376654
409566
355654
361271
354822
282923
419235
370201
161184
342473
129364
424355
423483
172417
264752
319655
180697
447403
205985
208484
184912
381954
266729
281901
394194
369242
345537
226549
142847
172214
447731
361799
442218
205135
205186
133981
154197
202398
437316
443496
331182
202244
252704
158877
171561
244363
371746
187166
269685
353582
263845
445878
320089
237943
454611
273354
117265
417810
287577
268135
137197
349382
446399
244076
131814
163295
183663
444130
119766
397908
218427
116338
281899
262240
450312
208032
247182
358417
415469
352181
246677
390818
179104
276559
102499
156744
157423
245421
370900
224084
185850
150754
113183
227350
433907
326159
137586
105363
339071
265526
427854
194580
187710
358942
303880
392299
396877
258600
329482
370194
233297
257570
208055
286079
258153
338887
359465
120586
306759
329352
348780
292648
304196
140061
272656
317826
418421
113594
178455
429195
106833
407142
166709
266080
264071
436648
197884
268101
218983
325177
456016
180934
426162
266785
313097
133866
102891
445132
407434
259290
421919
301256
125874
339080
454078
274784
323375
203107
182307
258921
422784
348284
221457
175315
371497
456159
217457
447201
167520
372684
328822
176023
194115
246392
438251
191072
204561
336486
441797
416770
141501
157169
255644
266864
360944
172868
421177
404990
132104
119101
258655
145367
264486
122239
129372
340373
416954
133836
450711
229908
228072
202126
118999
340281
378288
306892
145224
135301
194746
420745
391836
338169
261877
377632
155067
283222
158477
452988
435316
388376
297903
409082
122510
222211
248670
448972
377691
421227
354800
437731
342357
126885
341218
314013
314934
259685
163149
184606
191188
273202
258561
410721
113244
280194
114073
270098
382734
196891
173560
150992
185781
135328
392023
232802
280520
128891
388186
296281
423400
451534
295368
118885
136705
332732
296724
154432
225121
416741
407715
398149
149049
401688
272941
112416
216520
122407
133052
258372
164338
207172
257257
196781
241906
291803
185319
240849
146817
436795
160868
178828
345153
268378
213930
399199
439167
290341
267915
414072
349280
127428
113991
112218
345555
454788
236106
280220
303545
177740
334460
237673
426954
201767
148097
282412
416373
392792
222134
336572
285192
352619
308592
299505
161624
288790
162342
112682
288437
448569
224097
160454
305253
139364
131684
367079
359896
366748
331870
440251
254250
149089
230303
341438
328378
442101
381860
115089
208579
128963
254136
182088
311904
373859
173802
166651
367355
137839
386446
322444
447588
400600
228118
349882
275956
182009
109538
396545
302690
379206
293257
122831
204716
378792
240323
371050
197615
247554
256430
396166
330442
358127
136386
371178
111131
342273
348502
141057
309532
136555
260742
122891
390363
402880
277334
216500
290909
169855
275972
120078
387120
300318
379978
428623
167320
131220
411157
309079
259458
269812
248932
389658
346949
354400
138725
103880
264324
275722
358443
392859
128959
381689
373449
266806
233302
302193
376421
210952
232072
175641
359313
390244
382335
118796
412952
394744
453982
225269
155242
226696
385012
192446
333628
421555
143533
402059
275205
188538
338272
274569
437092
365364
430291
106535
193773
355864
203681
360202
400506
122164
349256
128039
156091
357907
246062
243307
430082
429973
145727
218412
236353
252094
302196
454725
110213
151447
319326
106885
404929
152714
159134
319699
133842
420389
113002
110233
160645
208201
101519
350542
254173
114626
233398
277448
124103
399731
365792
284015
253454
109929
145080
403999
148581
436442
201798
361673
402854
196964
159731
117088
294243
217388
117131
103740
288786
255354
387863
323187
205302
224946
452953
240288
427355
211891
213813
194037
357821
372344
209220
429473
341110
397234
160009
345701
145771
104885
438081
371276
150674
445351
266395
125736
193481
185514
451262
199054
341276
242889
358581
349309
176566
255162
292011
277421
272300
285997
179734
298883
190486
362807
317513
186692
330147
238760
322672
200315
350961
368196
155399
446654
422786
402588
178411
253926
252164
175034
347609
348419
296833
452793
327179
272882
209370
385165
220258
436686
331863
184408
106460
365697
164913
185079
190211
412288
412066
314899
305247
309584
101807
424613
380193
199447
359395
415229
282899
366910
263040
175173
375842
197036
453780
137494
241053
431109
168781
132425
273846
192835
163212
355323
446726
198868
393153
392120
229882
350381
427834
189903
421347
123311
382167
137203
198993
287923
418441
181405
307728
364364
425754
121952
273290
370914
303305
222047
341325
220970
106417
198008
255779
163878
115438
315080
322955
360735
450324
326934
442717
441847
437237
255403
383021
107038
113246
353742
351439
407632
229557
260019
395976
187825
146854
386981
172733
365091
148806
201934
314150
452674
117354
425034
284718
345741
138839
335777
379813
291049
291137
232633
250417
254503
417515
451799
103337
394594
203531
120540
178660
438589
352214
354222
160331
440567
432963
182367
221277
172084
322394
312465
185429
169883
203439
275920
253426
342169
142426
342253
210185
185399
385042
168989
121112
190429
249437
132330
335702
155250
122601
341018
347235
455575
249887
359622
104828
423251
365727
417678
215954
413742
308347
439949
449413
427314
391934
291595
169993
270335
234173
195474
255329
443107
417924
449451
123713
417325
249218
434600
411276
246952
141976
113982
190736
131980
106845
368623
386540
375919
395634
159070
381234
221220
350074
136393
427297
110228
102454
190240
436181
309903
317331
397967
246115
143349
282202
282370
236978
132993
400513
296651
156580
328622
172428
228349
218127
390272
351000
136002
344351
425348
452912
451627
298442
426135
214057
154666
376053
386053
368443
115832
370669
265486
250136
270950
318205
354366
216182
350317
373325
268735
199323
153792
382543
138232
391018
134493
110021
133639
303604
251044
215148
152654
383903
239507
189444
108322
248302
420480
400131
410482
321428
438019
245765
305516
197552
125219
297064
212826
361457
366885
366548
189173
157437
187611
169444
291714
383660
336271
287673
226104
383724
370202
227379
254339
279167
165087
347063
254141
165409
269374
142048
443232
386176
340225
388984
346595
291369
422824
273365
419578
284464
304600
343160
149884
317752
280686
358917
237263
233449
135034
100167
353409
158710
422135
344173
255487
264448
324953
393574
168360
283599
231123
121721
127031
317291
279905
386480
328756
305520
288198
417889
126514
419536
178743
183944
324607
175105
312860
324153
284912
442152
296783
445727
135339
158904
317368
455373
160221
383367
190288
343065
138134
419380
246792
186549
111053
253753
276428
308966
213089
275296
235866
441329
287463
179133
367294
332868
119785
439995
286923
284037
247801
401890
268559
455428
174501
375512
387903
347539
268554
110431
192135
215966
432461
203515
262857
202609
429370
279382
202824
428265
414405
172936
425040
207904
345320
434379
111535
105908
128215
384767
427621
110457
423958
425568
441566
189772
277497
111087
126076
241842
211932
185531
129561
219125
317581
359792
404843
391423
390199
421539
227150
241615
210306
262324
266660
113689
381487
141187
390721
358940
272447
449313
364867
372524
119409
382077
244079
254485
387678
202971
204038
357463
435955
101771
444293
387004
178949
343117
305066
305068
451216
392134
354337
178603
190266
292252
446160
225087
430057
341840
281189
237230
395644
125374
309522
231302
102806
426872
363640
246015
164540
332410
332733
135680
128186
447244
142715
147444
131132
318624
379158
293832
188504
283038
218883
315589
316738
324435
350802
155478
384326
372553
322660
294818
369312
112586
363995
361036
165017
323802
215619
438614
339050
338699
307660
410210
208209
280919
421459
176902
153533
399715
277780
357411
333422
331049
449631
400469
334820
170399
101210
362838
322072
172437
125671
220886
424738
265377
455819
301525
360289
176530
266591
411278
382715
115226
235295
287120
129920
139275
211201
441524
339636
342699
376638
201703
390715
262774
210139
409106
314478
372725
330527
371943
352387
210400
375518
129891
449899
359721
118629
250015
199850
285222
274986
197834
334931
180994
437660
228550
212631
101080
125606
446337
354875
391032
257634
247818
192833
210388
198280
106809
179666
145489
262856
350400
199315
384383
188819
390527
172852
118738
304865
142420
429951
370970
329877
376214
363201
384060
387536
382719
282720
149821
410621
299122
280506
304242
260944
347140
332032
330039
318323
326146
179823
398094
242678
255044
261686
138039
112415
370498
224630
236942
388342
349660
292106
325677
319853
388230
238074
319104
332472
141565
362948
353212
151468
450095
350448
219471
164270
243043
247237
395726
108463
182746
153983
268772
221385
150861
399075
393265
263053
443370
111849
326695
370504
231780
128612
349659
316257
397367
367267
128003
239315
295782
110206
143559
385453
371536
413933
362064
421969
212752
131058
136699
362801
296014
316206
323924
238624
406236
254681
157213
241458
321037
107643
445281
297020
179891
330218
232850
231316
424726
307269
401671
107605
127704
103935
361463
286528
452764
167317
404210
338428
386768
114530
404711
318402
104152
431221
371670
216478
294778
184173
154567
137655
424920
207588
299143
294347
221111
201627
105662
361683
118521
223510
143294
296804
233686
332541
266391
112320
418981
250239
338873
419847
236608
102213
451810
197196
168533
289143
386724
206966
264041
184579
393311
443042
141792
253307
249102
111556
452057
418209
109790
137542
311322
174400
343047
182049
311243
341658
261633
393605
183588
406601
233090
178501
318478
375545
142078
181450
133680
314032
172375
403401
262010
295057
154651
154381
306102
163430
453685
416331
281723
215630
274133
383495
302414
174217
343359
325286
110174
160768
368918
423238
355419
324683
180320
401522
291890
174638
118300
188312
420782
121627
195123
330301
237072
429014
225889
242235
253367
447777
279885
277640
313801
267086
110745
454914
158591
120822
289214
356705
245431
253512
391417
312592
132484
121773
257975
211376
303023
322066
424152
195939
191249
366656
218135
298382
446389
416665
418065
387084
137570
397968
260426
160353
415223
439745
441002
166293
334811
348339
265040
271401
125602
179755
153833
441932
391247
166769
455641
159234
395650
237477
368505
124287
227955
414828
148940
121461
156814
160582
437059
170642
160461
397196
140126
350111
453609
437722
137143
167579
125128
175926
159496
217601
116512
343847
205840
443952
249062
344347
389652
148230
306226
285670
183825
248047
281062
406262
106711
214886
107608
344849
406637
320877
412819
454348
447424
421723
261398
185266
171646
302323
132111
392094
196195
127947
219823
260685
316994
206360
270047
222704
335178
160232
413086
260389
208034
375834
186808
134285
150094
426213
355748
123315
212737
198411
204526
340660
132067
400499
299553
409150
166484
207704
107624
341546
449931
439842
386448
316026
322781
135175
291458
119085
324947
218695
336709
130929
409098
450269
184053
209036
145528
209092
313388
355590
333333
213359
352474
433768
198052
128163
181848
183418
366574
151135
188429
242294
401708
222997
317396
140182
320386
359882
291643
434532
176949
412796
319778
174117
428184
291423
223499
364753
338300
349549
155412
363863
356453
169288
357512
263729
377245
318552
385818
367687
266653
157957
229257
171636
287809
282147
432933
210926
365731
181274
363451
376816
444721
340449
326713
164589
209542
235987
319247
408251
250859
372170
279666
345373
274975
431229
141104
317309
230436
306476
297386
100670
349852
151048
363917
294714
425473
220192
234730
213440
346682
446183
293223
136451
246858
294919
436340
310560
424793
307920
169253
384989
115825
420311
249778
243447
430074
167985
140516
405052
367455
214087
262248
234898
451018
362752
302353
210383
164453
431905
261775
359732
394051
217340
290735
452347
409454
269627
278210
107266
325974
194122
364045
425234
395566
271043
271478
397453
295308
426241
170182
142081
246811
153115
350218
262394
442035
423346
451245
239533
310407
401253
324777
452863
102091
212284
310426
315429
435560
364565
338347
102472
118270
237600
124524
364732
337871
326408
444465
197860
238715
311457
453155
441448
378937
417313
386567
345265
300322
237122
403230
230398
368778
128583
147046
240967
425914
361552
279839
289445
388844
253981
208587
202607
415998
299195
378809
208866
368618
436011
186044
295262
236444
373151
445734
297007
241996
233923
316518
234415
267321
363758
211227
256660
246801
209476
428508
446559
135790
132612
436429
444905
197042
286884
384675
110656
149484
431437
305939
204266
278227
289956
324562
169684
201944
173934
156047
109028
292679
148103
440043
345281
360273
147129
187838
179352
111768
288933
224764
122660
278097
241251
194399
317899
398328
252991
310803
172117
280094
384580
318413
144203
154031
340165
323650
141722
361744
380144
291339
267033
313636
251061
137984
155967
386892
225152
254458
141749
325493
355016
436575
390598
313264
262182
427446
347803
217017
260317
152781
181248
127179
317710
164813
288639
289407
442139
252084
271139
245029
254338
158112
293743
304192
347582
331996
259576
159992
183627
455856
115760
277094
310645
393434
155170
199170
383234
219513
101597
348841
430072
161136
120400
326058
422248
427909
362178
276055
380743
440337
176251
418295
185190
255130
436809
229167
380430
300991
425731
313851
185992
317999
336846
247772
258420
238019
353983
260662
257852
311381
294686
317321
301889
246339
441124
389252
354725
436605
140462
340115
338634
199207
155276
411221
266008
171192
377493
300853
103839
302439
439410
133310
169176
414511
324237
433546
189543
396262
159797
251884
378940
174565
326575
416821
444246
444693
255858
348576
281167
428310
379258
243149
240309
383069
158899
393854
377916
314287
378584
152328
157929
161992
326751
429523
347832
406696
343959
400712
150977
188414
171270
115181
117004
268552
136350
380314
142154
391324
356896
420156
126706
359273
354314
365303
341646
443376
385897
215682
303946
340191
442859
196326
154476
240487
412616
216444
102794
279637
294584
400056
438246
195517
202488
152211
117544
119982
440112
235598
307692
223194
269100
275127
191894
220049
168687
212386
300345
134179
384450
307627
325024
313712
146322
144928
155106
377385
383406
349477
174722
179595
160336
344878
428529
122872
352018
321712
410625
236096
404434
360525
208469
214605
350915
353880
140397
150562
110944
201992
370633
373514
296645
448701
229704
439506
433187
409375
202303
300747
389449
389184
434634
119139
224966
109842
221229
381926
291123
387779
387639
234375
320243
381576
283078
310097
168330
373872
231511
397154
242247
267861
437938
109023
329675
289758
129407
297841
251601
213577
310500
126229
154814
434333
157254
232868
159304
302976
316890
328279
355995
279726
253822
224088
354528
413045
255944
372175
276353
191986
367282
394876
452364
290254
107101
246839
163624
375906
326248
230924
317025
188505
444548
156643
435414
200992
444843
399123
443902
338593
387191
167468
183657
131663
109403
230485
146483
375540
426367
220770
121132
112189
279780
205343
370786
423053
237904
214396
166538
367905
407133
388400
125644
211579
336708
413536
428037
148517
399733
221155
387851
394045
299585
144292
411482
139351
246963
147790
440777
435485
290213
370765
373733
413347
373196
401854
313274
279072
200507
286048
405895
321219
384468
383845
340534
239900
414378
257573
386109
119247
446545
183952
257009
270069
318191
404264
110235
195379
288534
437348
379091
335189
210264
271029
373481
275164
177862
254089
218536
209145
104427
337563
310611
405782
408541
137932
153405
112380
157609
116263
410965
296015
335883
390964
408646
394817
221618
107878
180205
378684
452434
292107
345396
310273
421171
137778
309784
312896
310746
192586
223660
111530
107929
274943
395756
268903
293852
277346
125490
329063
328384
277588
374508
425928
146636
286659
357682
437884
446548
440794
366855
407898
153429
364167
389095
417188
366836
322980
245816
180479
310748
395827
332469
424444
138200
221312
333185
276873
315929
368338
333855
256371
259109
177644
195231
166855
219636
453098
375674
104258
315976
199473
398128
125370
194435
172097
341043
120584
366018
111732
272257
190468
429621
268712
134430
353152
112258
336566
366498
341428
332499
425052
305299
416424
298909
387229
388716
130173
367762
350589
129288
163733
431412
455562
185615
261799
266392
350548
362403
173518
325154
230194
366880
157266
296622
431842
135992
281647
440743
306220
220357
225938
293616
244066
374746
394273
233057
435159
199392
400154
178389
163077
387483
161162
417532
451074
213177
354747
177926
387842
366930
168059
116691
307482
376715
191683
106665
265192
414444
395776
202378
351664
434989
404030
161728
454995
288251
449088
350122
172085
156127
428811
306789
300689
234087
347741
288249
284247
397662
455136
199796
401057
426358
332670
183733
167570
318262
257916
173683
155385
203884
188364
376670
153298
207581
414845
269745
413318
328876
370011
165999
200847
316942
264358
365593
166680
450228
385493
137813
326241
225505
450302
147545
426232
414592
187434
181284
334049
135569
203149
306384
197867
219812
170113
125325
117423
114943
216957
440843
301453
208299
432371
255935
448711
206957
303632
369990
144355
283502
121813
445413
453441
314938
259275
168676
447030
339436
206768
450460
147177
201891
182567
249757
256221
150180
105836
218636
232618
197622
357359
401946
364407
163170
160947
302095
112980
159886
336829
430924
332771
370390
210392
438569
321312
407887
373728
349242
344175
121090
396413
438312
251456
276734
274876
211575
237859
316113
311352
192372
144769
427416
327506
296262
282247
148395
435486
105909
137905
314468
142567
452828
275375
212400
141780
372510
395125
146414
278281
323961
437425
421720
360768
117290
455588
116144
106905
262848
191729
306803
196802
368733
170088
242260
209692
351276
361458
336766
319381
105280
208130
345273
391629
301879
132315
429211
147885
353701
353453
381895
147379
373287
142775
177484
370406
398931
195565
326569
237401
335034
387484
186418
149218
381219
195991
448533
443113
148317
281509
152588
369753
260488
438347
225755
121284
118274
421145
329789
114405
369027
262868
183346
412790
328405
228204
133016
274990
374849
312708
250448
323430
440360
360296
232781
303851
146429
223460
394540
269466
140289
241331
293762
268460
314065
401177
430620
127074
394020
220630
369469
373845
434337
361096
285976
377127
109840
335675
409924
139159
411685
235671
139587
226366
235478
106572
124958
149302
344656
236159
117973
451525
229622
336690
382671
106110
437956
317523
243661
207947
420983
105713
134727
203615
142402
316678
262646
329640
148142
222514
426757
150828
364389
287061
179600
279718
405845
148349
286261
204524
160131
278783
260545
377841
291459
130531
432768
111271
153481
255241
120630
325442
221446
407160
428808
299087
449892
118895
447683
278259
356280
168218
183021
343374
355159
323516
194169
135676
230270
214480
130629
326189
115466
395580
141494
218547
446460
366375
266952
374183
125470
102581
191254
322282
188157
303543
325546
324395
254952
348226
440821
181997
115915
218396
166224
330786
251605
272360
136516
265645
107089
322311
280142
429773
400215
238821
177442
260773
404911
403643
331770
387574
148225
337712
392563
300944
312071
433699
331047
293315
219420
218776
248822
192188
345205
281571
369713
204419
166795
261414
234461
109331
191705
309464
306971
188885
283219
267470
408212
144743
199226
212954
295940
258308
410033
237887
453624
122008
184523
449933
218213
436591
107893
385575
104407
368230
149915
213297
375224
410140
250748
428400
110566
133504
301044
105355
420443
385948
333970
105721
277692
177928
385829
435630
431930
170019
160547
196741
438892
167188
414342
302408
195320
159225
448689
287776
322163
198681
280639
187084
385895
268567
361787
118952
320535
143488
184728
134925
366837
421886
437406
368987
211922
455707
222233
226900
414688
325853
161731
320635
213239
191486
195069
159529
339434
436890
265699
385615
434330
233921
133036
371882
171003
360341
329985
428962
390057
222033
435694
312210
376703
245497
286417
188637
307476
345562
379015
456174
205373
232076
178901
340047
289990
140921
306217
232785
238878
209832
305328
242421
274320
306014
262490
146351
146613
164779
439467
310969
174486
250282
374136
310768
198763
285550
364218
323353
440830
176533
176761
205701
429826
443301
305094
417097
135490
324380
165913
205677
131587
428570
392378
134366
190558
200284
285801
270481
428488
320555
310041
422205
441625
207274
133354
371022
167455
124803
148302
380859
438926
395484
309147
421040
430556
452983
305622
127356
258205
421852
117408
306968
218172
384640
145234
189313
189784
203797
355166
214669
205152
155592
114342
186902
169132
186365
125057
426841
301470
449190
271690
330684
125153
408982
322972
365259
368554
315763
166121
276492
233628
275443
283300
454626
287663
322452
267573
130521
131554
254779
353857
344761
374807
416747
442918
371004
331494
360815
126648
435795
200646
396131
334554
206138
288020
351139
153622
243800
328002
169133
364110
168076
328688
341820
404273
199851
245022
168226
419166
133825
194207
223452
185915
352583
442403
317861
247128
434517
392073
247822
223735
263379
429815
378908
248050
414094
322366
344537
222559
140653
207685
295855
341153
343864
290187
208475
397386
401611
105467
179380
361716
234054
364434
189447
407398
194072
334702
114013
271975
133270
409714
253988
376625
413800
315197
250231
153350
314296
389368
400121
237822
303470
311901
198105
440391
136173
256135
228283
348101
269078
308239
148571
142948
110985
301347
209654
297462
402769
121042
303723
455835
269880
447863
328959
439249
190493
442011
126424
283001
160621
279522
127183
122882
278073
114142
401576
347965
209545
138120
238876
394173
401756
291007
189597
420343
350540
101084
396804
198697
296256
103950
131397
257302
109509
143322
380232
230467
443829
246910
319357
447359
299198
152971
435228
255654
284519
402040
216005
269711
110738
243305
168707
231707
382516
104291
415273
269383
279316
437115
387945
387906
197025
398526
349390
193521
310231
189070
101743
115278
228930
262368
196192
456134
303538
336579
141764
343947
263447
232834
285330
149863
382718
323533
372896
357239
321138
250985
216553
418805
216484
292852
266710
339791
136675
208103
345762
209135
219605
110239
140960
129538
453106
309671
382644
447714
105763
328390
279505
203954
114851
124271
347599
366783
447734
244753
394277
156523
444613
449806
324803
106942
107380
274582
298608
417085
449689
325982
361262
172719
412695
177609
124245
203958
344142
197928
401620
203400
114102
366869
369641
425105
214072
363817
129991
346408
321359
436913
104590
349115
423888
265310
197807
302399
117223
190892
374105
190206
153522
199203
183822
112461
235071
113853
437285
423204
144889
147310
231361
324168
417710
201987
202294
251328
105341
172564
432007
418701
448170
452546
112308
228991
131345
219708
197781
183850
433645
389139
385605
349646
241733
443155
193713
243995
359890
364138
145403
270262
295812
167181
454662
219270
331111
266305
373220
341441
176226
286091
398754
183685
220331
145542
337484
145386
222651
442780
346438
210095
178364
115522
282340
360926
273656
121420
380211
322991
440496
228522
140473
371668
176886
251114
151339
183580
453270
145464
415382
300220
126561
445842
288981
274336
360543
210852
150333
122822
162290
329809
237890
209848
412880
416267
403874
382687
222345
157816
212554
377538
368969
284113
424953
258100
190428
233043
210967
118699
347128
362835
110568
102520
290113
421648
201025
449783
160166
224333
435483
127076
396973
220509
258435
284301
426100
445461
147012
375517
259687
243395
166768
199039
219612
369337
273570
239594
390712
338930
182555
265220
294536
247530
202948
147747
408499
441461
455921
245361
212784
323883
117664
447544
109811
154584
350112
149271
265534
208217
314493
109055
413229
269550
275806
339773
385572
357635
192927
101851
128944
145237
444500
384097
391291
195237
359817
177457
346762
349618
422701
282543
293759
217918
175130
417153
163073
435918
329336
444437
136150
258536
367536
273903
406068
390448
223287
447593
162180
317379
227733
310632
233174
150088
273877
115215
357940
436160
221308
344481
219341
370495
259710
125367
218448
386879
266933
242049
271700
298745
341104
349871
189995
138115
211305
247733
185466
160144
328882
302949
398825
275023
374025
107142
107875
351993
109940
314573
241781
426733
353506
321126
314151
169544
454852
222415
366104
103806
130047
285692
286795
187745
131597
310906
367129
368768
111336
115918
442330
303706
322663
397381
449396
186358
331279
321983
287327
315703
187395
280202
272518
139148
120758
416105
297721
411808
181583
280329
330614
268804
109568
364757
303016
274050
283473
259698
184443
117711
134815
315457
192891
263651
453916
350478
261409
292769
204973
156155
403863
208856
146559
342306
137955
284009
257315
385477
271599
224438
201240
101763
103708
299654
293864
160691
189834
277965
377473
420028
165797
158316
184996
270314
200616
143633
292907
118884
196108
309602
276598
420977
427264
364765
127397
451149
241361
113776
274487
179360
213491
207539
430865
167210
210026
115289
406341
185387
151794
249986
438897
104075
436284
286801
310359
257109
400116
235473
148170
340803
388894
367397
238321
364148
352597
130113
413435
239623
207589
306319
294710
128120
417803
454376
308922
408721
214495
361131
110759
400630
451841
446304
299619
322901
322178
423805
230173
305172
430085
369632
352982
355267
434145
189817
105864
347091
431178
273591
454740
409697
281103
205030
373991
297283
255452
148201
379156
315707
305282
160062
443809
246471
207138
167814
260072
140116
324830
377881
357962
354560
382074
447415
268400
358025
287611
428191
228951
203163
364422
258747
370305
427375
313278
334046
127255
172847
384460
399893
250520
377326
240763
170768
131042
306967
236896
184243
352323
115561
445118
337711
397889
350654
359087
301926
195302
407286
454407
345724
344754
240269
215932
189234
102352
391749
273965
299671
384357
191477
207810
288951
293028
134912
212709
318618
117856
120722
134215
331795
377172
446020
294893
311696
155363
216320
307327
137218
221840
392465
412227
256817
321474
292410
262778
404372
254957
400275
265614
234871
160097
224385
226280
214552
198242
312206
408511
419467
445528
292699
332109
259429
452643
321014
222152
134010
334973
435115
304281
322929
409266
336602
160429
142679
208083
379821
122540
348167
270857
404751
396831
367095
261086
379751
448310
375526
394863
238333
141304
337812
359529
211818
295648
390200
189575
436643
269235
273323
112665
168847
106883
416819
245147
258292
383898
303977
356021
295731
423193
381867
208048
322142
180732
236407
404246
299653
380903
155121
415889
297750
119684
202059
333176
395633
206460
283998
304896
281872
370513
344959
314303
426830
155457
403360
319005
413049
309365
425173
206434
189681
156164
150113
443350
123487
414416
301845
182793
330202
164358
222367
425161
312626
241068
244113
449165
364062
227614
100863
212462
399182
383509
157279
427501
159126
170231
287585
147146
115388
141242
388407
294370
176622
145197
374071
171366
118004
265828
350669
112605
282441
427866
278705
259552
230809
175440
350515
152843
397461
322868
198471
342424
287986
183764
308149
242384
254720
105851
295042
437323
436818
379844
411174
377400
268862
265559
280580
284877
340964
169739
211367
148532
316150
189245
187095
207105
387250
376747
109511
411469
167416
275325
225970
209607
249516
172704
278095
156472
371180
221591
263690
169333
410326
322653
184852
454990
421450
178069
363852
146148
356284
404237
250131
137951
429833
284910
358757
175447
332267
217888
241820
164421
164328
373073
323232
261953
133989
332947
226159
306551
265715
368625
352333
200583
123600
273450
235206
300265
337965
107094
147357
174075
186897
286034
104694
125777
392066
314457
424534
279351
433175
374471
236927
315504
146584
327113
156840
284554
438482
246532
173975
131619
258668
400818
232306
293355
441166
179414
312075
225258
380885
116595
435166
101883
436889
285226
195736
276612
455862
133670
139574
135001
272811
454859
275512
404912
147588
290398
269155
273659
205220
426144
376010
287994
373388
308355
268776
347567
150072
300390
279360
294401
351447
392153
409898
323348
125963
314360
253006
248776
413176
308052
305695
238267
279298
260752
218928
151832
221033
313000
372372
128172
199720
354148
175538
389040
132951
437971
401356
408223
225746
287263
289376
208010
114224
299814
260302
397821
148590
389668
166456
213841
147745
318485
371462
260838
154163
164578
244287
120556
243716
282546
366293
326283
329549
314651
297288
110703
359919
251782
308425
250043
288813
377218
152291
351564
433373
432096
242541
108081
154365
245406
276466
223374
415144
205859
360816
223909
450493
443814
291740
437385
211590
108697
167731
408219
432211
194685
363313
334987
259009
430953
386361
159552
199245
324547
328457
381527
348044
327372
193056
253800
273963
291501
126994
316070
327807
390655
235429
169937
372076
456075
343768
288101
161437
337201
339662
444569
168594
378840
367361
174338
389307
384268
400524
254848
294111
181761
404088
104375
443413
333867
442853
367092
170552
373883
381658
190604
398565
286434
183510
245987
372054
427697
437401
313614
106778
142190
351851
337292
376467
381588
190433
122353
123351
278602
213487
233479
375737
208614
418877
329238
330229
175152
102594
252245
300659
235355
178538
241796
258950
143614
356684
218188
442077
140488
338870
288806
401300
433456
394285
250559
282227
279126
179770
285648
442126
290391
301307
367148
316984
245725
167867
388048
234065
271858
443124
171451
400492
340076
456225
179766
246635
231886
421060
338821
424093
456180
217244
375848
307694
165715
362256
305480
426609
403017
454595
399984
258029
108153
117995
419510
223543
265417
106215
238393
109459
353935
323158
417312
323773
159059
129664
438343
237578
342468
378677
292203
177369
177112
399700
314274
192670
421658
234000
296050
106130
296496
325287
100304
173887
133883
161213
400858
289132
367729
152618
455814
236747
353561
156935
316174
184853
358541
110131
133683
150699
305471
228943
290743
245215
284142
163612
442638
248471
208206
324700
331497
273781
379741
133901
237819
167864
301687
138197
144198
344472
443757
390909
321414
147316
443076
152765
442798
325299
159207
366749
445769
426749
110956
319121
399411
160795
172343
158029
289135
117960
420778
240492
382013
400094
242004
372029
205195
351812
294106
449459
293941
454159
114529
365149
315381
181419
344065
107077
172025
241974
312222
136038
134900
141280
251266
417279
100833
390156
232241
181334
445526
287613
121777
217989
109401
121738
111881
279836
145436
336048
426518
311985
183973
285666
445241
280927
371057
154450
192621
398489
245250
450986
265063
204465
251804
227888
105561
411427
424543
202759
209302
113153
420126
256176
371463
342556
176944
311467
279773
341642
360624
143933
144131
381039
225720
355122
369308
207735
351103
240421
245330
399833
328358
240959
222461
384665
394896
379392
420198
424954
429293
433933
142763
393323
143071
128332
119358
331866
396667
135476
287609
259948
443127
200343
160821
168560
401960
