264539
410106
372641
431414
338377
130387
230900
291266
362082
337220
198310
105668
306692
128369
133683
241802
322545
447956
123913
157396
241197
112442
405284
289279
130427
103458
314893
311354
378505
385440
277676
426699
439855
126556
370389
244111
254531
426894
209945
418714
327600
192984
145031
303747
307279
228237
331215
366372
416529
117553
268201
275221
366371
200308
173143
333310
364871
284702
191527
380606
229818
331298
234469
383742
366095
139900
222933
313928
276840
332372
326134
355972
390190
420338
308020
363709
426472
288480
130763
286808
443417
262894
342445
413041
228027
100047
195393
277897
141308
128256
230758
244320
235970
382030
408102
198065
361773
295136
102128
220795
207425
137706
299652
202643
253864
282604
440369
362746
148923
119158
278881
444280
175041
297890
232491
320755
246291
204989
281074
226431
414961
249506
425476
236425
282460
144484
295111
352695
382828
189446
244450
213161
454643
363442
293945
336446
287134
401784
437344
345200
235527
263869
412819
391291
140611
172818
376931
204710
322081
116625
360735
207835
124399
309876
221473
327071
257156
318192
454505
228611
269364
115979
130341
235858
194456
149024
153133
172788
137108
347607
283410
155222
409602
428895
366854
129259
339261
173432
352383
102857
159455
306690
329004
212947
358964
313040
422920
121327
137748
394979
323743
111722
271360
392498
409781
144954
219146
189283
132236
100672
316165
166226
188456
200316
327643
223618
426512
163521
257927
391420
137986
168904
190370
273666
414461
296650
385627
262382
122310
180704
227923
119889
269796
351136
402194
357328
232505
428737
214303
214117
228953
202377
426204
442809
142011
269922
279190
242905
333367
206357
201563
219462
445479
343994
258069
418199
125429
307737
167317
423891
283915
420445
178192
433061
366150
204780
416548
326125
209065
253391
129423
248523
399351
379926
138082
283319
115702
387605
214103
302030
152485
267114
393575
210797
128497
455418
339290
390845
340552
356994
119268
108599
208042
381276
192718
249272
294319
230531
377405
333707
193235
208106
184930
413843
380052
197988
211400
204089
407505
285706
124799
362151
101818
122496
182780
304868
229616
278852
367262
241178
341731
344128
329563
310980
377205
189523
106029
138989
100839
134421
318175
441721
158570
354400
323412
410695
203289
165384
439653
278943
411706
162805
411210
166156
173639
342651
134612
135298
229575
412657
418640
173272
418870
273335
122651
221174
236249
199617
341151
158727
392432
376192
335904
423770
301383
141991
186312
264279
435689
251469
388458
421570
261572
156361
119969
103052
439056
205040
443780
354392
325145
279263
399695
252365
267607
340197
448852
117630
100697
155678
443287
283524
287669
425501
185239
147041
198838
415002
198498
273290
120095
173977
174464
359165
440794
151645
373536
123298
445066
107008
421460
154915
424884
389327
164913
282147
106289
345752
212140
227608
320127
354231
176532
139157
172915
395106
423930
168305
439670
106821
339527
117732
125095
193227
208214
134902
323500
414799
422452
210882
310370
141105
231231
197004
403070
393180
420669
146101
240612
421154
132050
286030
230352
427820
108903
430145
163454
180952
414245
243420
268348
282515
264914
443144
356450
347135
296495
298177
453830
129199
147744
204107
108822
373367
412127
135901
154521
427546
269627
262583
307591
118971
110291
132233
266456
251525
334587
326815
325123
390744
443636
380535
268226
218817
222950
438443
434547
126319
330109
216106
261993
395522
431524
272258
163948
193092
110057
432634
137762
208560
356412
262600
298908
235867
132088
435201
453441
137086
137538
148479
396715
178839
202375
136469
241112
105733
374690
128841
123523
168145
302731
405947
276388
394864
268680
146905
363026
132226
202369
395283
367252
136098
366724
215330
192053
195893
330660
166895
381285
384270
377535
242031
385194
179645
216277
334240
426061
124268
221850
251897
193473
311796
316586
360519
192709
369779
450787
253228
329151
217313
169120
204637
445461
416892
435539
139751
310849
429843
163351
262905
145409
419902
285042
311441
230744
115062
266669
296988
317832
292217
380544
400126
311975
280139
136226
405991
447711
272109
368657
389922
191325
365588
282314
385054
101175
292830
258324
408402
239326
117727
236963
202663
290435
261553
198339
444547
357236
245685
225313
163795
151059
199152
194031
262973
364071
204024
128988
135416
217041
105347
162213
162184
159429
250308
113517
414156
141533
212774
224376
429671
157591
204688
412425
425296
242986
425174
129401
135421
271243
283577
332578
260903
100231
251193
417353
181978
225716
156936
197344
217455
416333
404486
418708
399584
448406
374722
117044
122986
445939
121015
199741
210368
186912
450318
276116
356133
191647
439978
226644
334134
453612
388741
138206
106518
287612
164548
388066
377652
151493
160124
202516
315066
431617
147090
324196
444438
409019
263343
140663
155356
304457
334905
181308
175254
299998
162315
380089
384643
335554
211459
255298
144785
237916
127241
141098
162779
235656
357716
224741
436843
234803
130913
352621
304434
360958
306974
198912
160746
413421
448623
231658
426503
410294
135882
412851
189110
309391
160795
140064
397586
118184
421779
438957
450241
136360
188325
426705
378088
325598
369550
326379
181368
210896
336984
431068
394827
265695
447541
208462
192365
430793
213502
308441
141378
310465
102624
245515
154343
449712
346800
166971
373851
345073
297522
388781
208378
270851
376982
167595
359801
348424
213730
378172
248146
100151
197316
110514
429960
275953
148546
221468
140030
299042
339574
317559
110591
111000
310425
319180
247746
373884
150803
303401
425030
432499
374463
207691
289636
427495
127314
278270
252061
422684
236887
228935
222686
183964
359786
249264
293572
292431
329102
127741
373016
294797
381229
404075
205532
266464
398945
168889
108890
179995
259499
357714
169970
273489
113178
145712
299282
115574
374580
393404
135200
263963
435416
139232
442795
321500
347528
164185
213512
387119
447065
226049
353281
388404
333074
427397
272988
238300
304343
242929
454184
305264
152960
137296
317008
133506
103826
118418
115926
105632
145637
102281
202533
265355
219015
390362
357045
269793
245132
221478
310349
234047
130223
384122
346498
173901
436149
204520
285402
108431
328092
148778
232349
384241
209919
415375
331908
450091
232499
130932
194253
130548
426371
426480
367529
173778
447790
427491
439456
148973
118355
239437
269856
449584
444316
203994
157751
300895
359393
145915
344661
139929
322329
158006
436348
410357
207963
285658
398300
200839
115216
261666
433457
197394
122224
349548
290018
137477
300334
445087
173837
305564
322297
121487
247863
194287
258430
131378
448287
283004
343196
191706
408805
307536
309115
284582
147293
110858
203406
424954
437441
101340
261057
338851
232052
162220
397567
253034
132048
329832
163804
404271
315442
218251
247028
355510
412117
113098
205021
330955
327049
148828
277481
413919
353770
363488
388579
175196
308348
149194
232620
249336
237313
333675
391673
398666
257939
153323
399701
308368
239458
248238
355415
430276
225573
108648
203086
424844
370168
324738
391519
391832
380114
405137
187840
323534
212041
182649
288366
455591
199499
402592
393468
150248
359114
164940
315293
405757
139158
280914
380201
427923
211227
121888
258955
308263
222836
344354
210827
312992
199857
289552
352069
173438
203913
161915
378772
430408
329141
243348
377438
117991
153107
104315
103346
335046
447749
217421
197804
250191
216004
411491
373078
156812
234345
155430
165327
314123
351255
120052
305146
225918
249193
448298
307391
111668
103994
202358
362655
292857
450389
259801
288723
308790
316074
244369
243081
381831
192125
285573
163407
156487
153288
178750
106669
387525
249185
157508
111159
407360
318279
272107
393058
208480
402766
178744
376146
215135
184884
266946
122516
154089
196702
171558
335338
370519
309102
379326
199482
254158
187390
294910
335811
440004
433154
259817
166333
117343
251377
297057
140407
214649
335793
344896
265648
409279
404023
209357
206743
283754
169447
224400
449198
271366
331602
207552
423590
207126
362784
360271
439214
247339
238447
416046
282846
337695
456002
209639
197195
143455
312680
261296
127307
112022
422623
348743
391473
190491
433430
395376
422674
201213
346007
240663
228193
160829
339671
117065
260327
330177
180770
448670
149885
374667
324770
214285
375627
160918
349721
102114
256231
251227
202505
280192
220802
273981
254494
245056
377658
371792
375954
357359
194707
371029
105177
228271
308440
208020
248157
270634
300944
126769
235776
267914
438989
209173
183541
254349
368039
376400
151037
153982
317108
274360
314456
313988
435659
110939
358473
164268
253616
441965
411177
330804
349282
266392
263124
102824
108109
134917
385897
331732
423011
309387
430760
211905
183864
223158
266473
377808
293677
395260
415022
408415
144487
212665
296414
215013
246981
354521
272134
203494
215808
197204
437132
168166
341547
296448
262476
385639
119420
341393
186365
137789
130248
176508
115438
300849
319524
331739
306044
295766
230650
284176
412539
354746
109511
122457
229187
416042
147445
378095
142880
124564
335720
406999
124244
373487
393726
284583
191208
255850
242335
450113
252712
139524
173265
213837
287119
320569
145126
350534
310907
128463
394896
211638
307566
103986
380027
374898
381702
344349
313211
285001
339640
227338
268033
333783
165586
292911
155934
257604
210804
248205
435933
311408
232402
185725
334547
151564
453685
372280
385221
360497
154718
260667
139410
263663
438638
291826
404947
193253
308839
141548
419073
177671
362314
416622
218404
329419
208669
362615
425320
188636
101444
175383
250341
308808
171464
339113
303699
217002
222956
421907
229174
415880
335529
439862
167730
141459
219356
247585
312139
378370
222685
405007
269200
330009
285025
437314
367550
413743
259289
346065
192648
239681
440108
152001
281327
189705
190414
347339
306636
175642
375375
301834
351597
203059
322378
281883
133356
413071
114312
256495
174646
161144
248520
430069
320598
336919
192020
198280
435111
424660
454586
322590
230463
220299
358290
187687
395650
236125
276215
330403
177673
280246
322895
301696
316414
188545
281221
267221
326927
246066
327282
167696
177540
214504
441668
404877
277495
211231
148284
148165
263559
317540
322575
266876
249008
325567
413676
151512
333670
189124
172878
300638
236699
319526
427030
337456
222813
150763
336423
154419
421811
108119
247482
245832
211909
299108
221164
394202
345745
244614
391730
175140
448154
444176
109909
452111
142350
424766
115015
223824
155486
248198
230062
130210
229456
227257
174996
435555
400647
139546
400013
255478
366916
248175
143439
262003
188216
149113
374157
447893
291991
366656
228838
329444
201570
438479
450181
132548
389349
394913
140456
192429
166808
287179
428803
365383
321109
324166
303960
102856
158506
121173
177278
213226
219698
230245
195631
407472
241107
344235
431265
136939
148649
336519
399719
311179
438966
262552
420215
180072
191274
308061
156961
256457
103380
450656
258752
343305
293421
422805
169366
330302
368146
371628
157830
277924
439856
255530
398560
437047
412284
415600
207995
337044
197370
218838
303342
183307
364934
441737
157072
366265
246323
255736
148854
218621
167125
130465
380420
169685
311271
338778
331867
154293
356969
188870
235155
166524
349278
134570
183054
425814
140441
273462
226232
204462
150676
335392
379303
208437
419045
236649
100650
353909
198989
234432
370072
242577
420026
377021
315922
373117
273984
211165
332542
279930
438388
390290
389817
246642
125183
280066
303212
347536
255289
129965
418122
382782
352798
251924
268721
223889
257751
374785
104456
219913
388135
424736
185166
281631
166109
128959
406091
343301
358169
203803
453250
140208
422201
261395
422880
103134
302445
298848
279168
291438
356809
391442
184953
185251
354516
137243
110264
203209
101178
220135
130821
129662
244427
205893
240209
254816
315265
208733
156930
373834
408046
342094
159573
361677
405604
374651
416001
181008
444687
338821
290951
134925
262367
400426
259527
276452
293897
249371
296505
351765
186857
418450
101617
444414
228593
177233
191000
421429
123042
288494
187940
320865
344933
374575
120452
112389
260413
293548
234410
229172
172156
159373
366195
228145
405027
345772
233084
240505
138694
199331
327040
355056
296478
375922
173504
296685
369756
142100
140082
193885
229012
306697
380782
392507
343513
147612
127655
150737
286196
280503
254166
139275
162024
174746
252058
298526
133112
290211
426791
229492
345536
346381
247197
142096
243191
342031
226532
212161
180170
384891
285190
369117
149211
170008
351668
434888
137074
407747
352730
186425
339249
262808
179848
310962
118040
376157
447289
120663
452482
330623
395742
415469
437197
381944
167668
130782
313329
195851
218932
191614
382242
142151
290804
177377
144471
358218
302795
453775
159085
216822
318680
445209
129656
234140
285328
242717
151471
225177
272899
415025
132516
219042
229666
436120
364073
201905
173954
176701
199374
391636
330543
301818
313935
159974
348867
409684
129318
378793
188960
330344
206232
205955
115689
429049
366815
254201
106992
315933
223880
408995
259591
347054
134645
424409
225263
417065
448780
133568
361844
398812
245900
229014
389336
227729
210589
186420
429419
153025
164397
136727
304980
136387
125262
238819
303853
391728
434071
188842
225054
400353
179296
443806
244551
108924
333690
428952
134057
454620
387483
377824
448120
341693
271619
348918
213824
313296
123230
259472
455049
299262
230743
375309
401189
216369
138774
247520
307328
361755
360222
136144
115353
195223
338460
289655
164967
336566
445740
117137
357037
135150
144926
183679
334406
392811
305802
147175
161578
154989
116502
435389
237405
355581
389583
410543
328375
394985
158669
132824
118554
450918
455991
363875
279167
369611
428535
450082
191151
282727
158628
244512
193472
304914
168587
353594
377693
379842
432147
423977
203487
252810
262867
299401
361139
255209
133157
422061
187300
278970
198682
202875
277316
218280
217233
190866
132551
103852
208541
233206
243984
339946
169860
414036
198707
174776
279260
203632
184714
418557
223945
414653
231800
212752
234052
326198
343868
368833
211230
170626
307403
378205
357055
270990
331609
160525
422744
203930
156607
380329
186882
113101
296805
214779
348550
219280
229985
149259
345887
267311
221844
100852
236843
206663
296563
389177
343766
244589
181276
398568
207102
188523
104428
220068
186744
104971
427981
125632
411734
268617
409780
358383
286240
364102
275110
172394
196835
279851
293415
257258
383210
394995
438887
413923
330512
391238
434961
145584
149731
177663
231695
442514
393437
119102
392563
241630
111281
355119
328073
308799
409713
324397
186033
242019
181531
448620
120989
143097
454256
410590
456088
391004
306164
270378
406034
266633
380951
394193
135377
102813
244207
135871
160348
170737
193257
250402
255221
297242
129671
430252
355608
338657
148246
425581
118665
109744
398161
298337
392134
197467
321682
285673
117508
157916
223497
362964
432567
335795
436544
390585
105930
258208
112045
263648
146309
122943
127273
359425
414228
287501
408234
159558
118486
142777
228597
201603
252467
428560
391093
314445
159324
137230
145628
414414
241514
222953
275637
227863
391731
318431
424718
290909
439738
213713
104944
336785
219709
105544
437718
149589
233225
351822
198332
280580
149233
448951
268932
279112
143949
346664
449904
422590
401173
370140
263303
400148
176555
200789
310862
234166
371203
410036
171091
426082
109351
233956
367816
435483
419299
119289
445660
291687
130128
379192
297347
121871
443246
310642
237145
118868
250945
215304
320990
313268
188179
193597
311717
334116
377986
275476
234998
292835
448402
113029
202359
251882
157728
302410
340209
329952
197980
366043
192953
157788
185524
340423
196155
340873
261278
263397
253208
432827
378665
347762
359528
184352
218220
111283
216057
437001
353701
225866
250240
304309
178452
330656
311925
232112
128021
182440
166696
387557
243767
390127
422703
289658
297639
384767
271546
132816
249945
326403
133187
221703
403509
370598
183205
146332
431968
406375
324174
343006
269221
180030
374873
226090
222569
317822
252766
318712
224883
435452
364158
161582
205511
140618
271684
147119
326336
238274
206368
416356
361223
127581
141822
415773
266004
283156
221108
430944
113560
313363
395835
437048
385292
307516
320553
213009
313806
112026
398330
265668
296065
299987
333523
187607
389593
340932
286242
320995
152211
331428
388489
299915
123286
222649
381379
353564
191961
109503
171053
385017
396658
161058
187810
111495
334036
201494
292636
394393
132538
281286
226143
426428
130287
322627
235918
238033
315537
300231
290426
163192
349990
321501
337991
330128
239927
199450
264408
160240
310242
145787
208239
374327
157342
201985
302648
384853
428795
194285
270801
197430
304129
189865
316203
346335
295849
273512
353524
212375
372157
138541
240127
140713
130112
152275
114833
107167
395634
288325
318079
253060
270360
325421
310777
341039
448519
358361
430277
386345
170965
374242
368680
219856
295825
321844
312717
336816
161875
318943
445844
433172
379643
385572
415528
259546
165181
277886
383024
383609
300966
343932
236080
428545
294436
194542
323091
246496
109923
445894
177838
156418
403069
288397
338154
120090
113985
362764
230946
417419
391088
199203
353103
419088
378432
308689
268223
320885
292450
358203
395151
399945
327941
152296
222807
455529
231369
361747
287688
234808
233574
328247
326282
320444
189220
326603
273054
228109
235302
141804
299128
321903
363332
387088
123746
443093
233139
167130
162825
116059
334183
427936
342936
105880
287018
316689
147881
178956
293763
320911
318421
341649
140419
311894
358795
237751
342915
314830
167677
375960
131680
392166
168407
427091
424795
334328
239621
177453
223977
441751
366494
243853
194027
331720
388961
331047
377497
261142
129334
427774
363927
437619
359108
202675
182249
100639
379705
202279
130595
389166
167369
211374
124624
264332
281474
363750
303617
322176
273351
449456
342775
155279
453392
198313
436180
317492
209621
256052
431789
348532
452167
418364
434128
421149
299164
394219
247359
313757
152634
351781
191744
210580
111092
125467
168605
224104
455830
199159
114900
301738
211766
319223
417463
393213
228486
210266
369708
431509
242136
300764
253281
178147
334316
115389
337501
297427
383235
404693
380902
315400
216170
293461
297628
192745
226547
440855
174878
283508
107428
284244
174159
203535
234332
444871
382049
437401
356248
102220
371418
213139
304059
125155
152961
438801
208326
445480
285725
303732
442462
224764
204661
129263
151659
446602
247947
384079
445378
318966
217336
181982
228073
404802
104107
151618
347113
415335
409450
208824
362323
288745
418018
339298
184558
103292
171643
406222
275195
238468
244375
232960
104116
112623
230787
416120
413942
340368
126268
206636
416480
451446
253532
177320
312125
423264
276610
166821
416022
341341
266791
260838
261153
341428
155071
107957
342829
166669
181055
448786
404015
445673
198918
288985
150165
357577
290185
447928
363975
254927
317058
304180
201509
441661
131436
367059
271378
112041
352184
252841
214184
249102
343417
198867
319533
430122
110596
312320
157418
413471
281765
364644
178978
451603
455931
161122
372197
297226
401750
292290
385198
400705
369039
189915
119551
115750
132354
109993
435642
306309
405783
336312
107175
147330
230506
401606
334065
190067
146845
426511
272295
259150
452387
447560
298829
320898
413804
436519
229525
140137
182797
396870
102752
358915
210281
379715
291934
312001
264836
209433
445041
305222
393824
166313
354297
261300
118580
142035
397136
353702
158059
202458
403806
103672
362845
179406
159877
108324
159859
127388
282736
123683
378536
445173
196231
338626
352993
321789
106781
217186
423329
330320
179596
415365
275894
378550
145616
276323
391124
229126
200158
415552
201859
270093
349573
135075
189776
133489
187086
275398
418695
266560
385752
239932
414796
443909
373146
323048
207613
246262
247184
105614
324188
176204
128036
287712
381940
438965
400286
230872
255940
138918
356455
346935
225687
277954
254677
251907
340904
378792
308765
288126
368175
396635
239477
256453
203537
110112
179790
413883
423304
260607
447171
377684
118593
366184
289422
192073
441866
382988
355038
378857
361219
311798
272100
173470
204798
362204
221250
188572
321629
123945
205404
379712
100209
290482
297739
438600
253669
166795
353719
252090
283544
324991
394744
439869
427411
452841
236011
120056
192487
325457
135671
117174
165839
441433
118385
139080
224399
146371
408685
150437
132235
183406
447232
312805
141044
100085
452726
202525
214720
351590
134759
256467
109752
355428
439656
233916
261352
371756
126280
315043
127583
191456
182575
137903
343655
303819
389417
318870
167322
231515
409659
406412
298478
321361
269831
425318
183749
242963
216763
141380
422265
358928
120242
294210
186000
310605
219096
336940
160042
419200
429300
412294
266191
350744
444960
406882
360473
114752
417046
402965
166399
352478
417720
209870
381015
263927
249959
130877
208812
391965
235629
153609
111270
273696
269584
193632
396570
379880
409810
357147
245355
440052
154652
407507
278763
395410
359831
144681
230541
200343
416194
452434
149473
119613
243603
352005
131115
189720
184678
232286
181394
439588
418307
418366
191999
314800
449182
392574
254492
162770
320044
288090
127534
244488
347367
416143
337198
183059
167195
358950
288406
407989
447049
360276
436403
255368
309669
253168
191485
352594
353751
333393
254169
352388
283949
365745
303283
211716
152222
123728
213211
199319
169820
133621
220250
332281
276490
201253
389577
219291
188692
389873
108117
272149
126049
199500
290781
268613
175709
270015
351591
113026
229361
226816
186449
180249
131663
269816
318781
322980
335437
415935
261884
172962
253659
360656
296949
172852
380904
441280
357049
132184
129936
167424
419417
344827
438020
340336
301615
424991
216701
317214
424456
187979
377531
374833
118500
406763
445532
393065
122345
146323
118687
328822
427457
269391
106120
321408
118544
353833
343208
168061
206450
346980
343089
340303
165083
209889
149185
130069
251809
132803
366619
368997
364565
124252
428327
323001
203267
403140
453187
263010
430064
208220
451304
261526
178361
347041
107704
308431
341240
291056
198797
177833
215088
219419
364526
389076
406104
404088
236270
120988
237387
301631
234540
159704
404199
304522
292642
307189
227795
438502
238408
125173
281748
199630
167678
223879
240828
352873
302549
434561
150647
174659
387094
245425
410850
235621
237925
284249
388868
379860
381212
424276
319172
317789
453138
280070
318873
145692
331801
305527
250337
282191
305930
381599
177502
122843
207639
368654
249788
356265
240434
244561
195424
184055
369473
261432
310133
231147
412588
353296
186529
148346
363988
225623
106563
113813
449245
358146
146601
304665
156839
395051
179207
131841
393796
323886
134259
133986
301034
300659
360487
422282
278006
297779
416878
325545
316643
333431
266900
452022
198913
314962
180976
371725
408845
373395
222679
344311
359439
247294
205145
258001
390025
294170
119433
151695
347495
322537
175438
364215
153956
218437
400245
226324
139695
208896
391217
159954
135621
263897
208475
453210
368596
378579
294704
170422
108737
178580
320015
420084
335244
375260
371841
403746
107917
151387
444684
150230
160168
112503
454769
274849
196144
439771
281681
100869
333444
412184
246973
250285
155277
383154
243455
249967
159926
335467
326632
347518
162720
303093
250639
208655
284125
299124
107384
413394
161831
277251
171436
385526
173026
327364
249210
153320
210925
188332
283114
353969
272044
190119
280093
214479
441999
244630
211893
405601
280974
187459
101142
152284
173849
445201
107612
177362
338630
443382
296507
147020
265133
285757
210218
436678
168908
422977
180857
227177
252462
389328
249655
223578
233076
248436
286306
268947
410625
231479
408202
145626
418356
211858
196356
351359
369447
227489
403608
229555
178899
179525
346680
325808
169861
213869
139103
180789
359286
447368
190147
195150
453205
205958
292959
350371
267731
158565
448173
189791
357395
334562
398511
380863
204624
339711
188427
232555
398685
422326
432275
324542
304916
166853
380339
426136
114303
128168
346435
360691
199064
281859
291634
183622
184748
100070
166656
261272
178457
407477
202121
259942
227513
237546
282227
358575
352961
137520
129218
374333
379074
446184
100049
235582
189940
347000
107736
380327
226305
372189
249709
429665
115125
244665
280809
187002
112227
127822
395788
454048
207807
414744
106574
127654
156198
148190
113948
370759
137686
126003
173630
377856
368459
131910
108827
392048
339702
445807
203654
246793
280122
172378
308897
406505
262848
277752
278890
229583
250760
108666
340869
254147
375651
183727
272951
279191
310832
243327
454219
136572
413195
322899
272234
119687
449567
118983
126787
296965
303204
403717
178277
243449
378922
290965
409736
283270
448603
347378
286458
204018
167321
281162
375178
114903
354767
244697
393595
426077
116445
350373
174723
279329
405572
194839
411548
266861
387150
127563
232019
191934
157810
236748
143519
131814
277969
121063
120067
292207
147365
454101
178927
115907
316485
423090
426167
393066
348475
137187
265347
273494
346678
338124
394011
373266
394921
172245
431160
359453
128440
433303
308587
342059
195464
392983
386512
290887
358386
359457
139852
186697
395402
142878
204241
273536
210699
401553
283630
399958
256518
225463
155303
427328
147524
276545
280849
253406
429845
264954
296622
144130
115330
234274
385930
401578
454937
368433
113166
331496
361875
352014
383614
168811
379551
167823
369135
441171
368229
415314
389394
297642
416172
384083
396805
271283
257385
131400
123612
103555
124970
437974
107172
337744
154420
381528
356451
130523
379276
204880
121964
172305
275880
204488
265401
323265
258072
363248
204600
454756
316858
356099
379906
202887
201313
288513
271661
305935
220340
215338
134333
201455
258005
430033
203528
167250
413874
272996
337536
114340
365305
173733
133646
356543
431290
401421
119825
130152
374403
400060
304070
197349
247857
392321
291997
270124
371226
168161
260201
330282
157281
201183
388681
190636
447784
143301
452725
405439
289677
270536
266470
114466
114511
275490
306501
439627
388041
270702
373044
355532
331780
109695
410885
307596
371574
373043
338734
333697
140047
425484
330410
206847
425465
208847
359999
144219
386624
278269
385174
158991
114416
237372
430299
416259
117125
141242
233208
130659
379709
190038
393766
403864
442776
428430
161979
195492
196661
380958
350528
291156
210244
302014
353741
162008
352758
107568
107278
300180
419022
284714
175702
313290
355367
172835
384833
265184
391470
199218
259895
224179
102464
174643
405457
346031
248656
441131
147654
340716
386746
165573
277354
200251
327867
163641
170632
412218
434605
178834
283970
250823
325189
455358
332627
252790
405180
138972
274828
402637
173940
168641
350235
383735
118097
201618
180538
350328
278027
238891
105929
404482
420090
156244
433189
428986
454995
450561
271352
442073
116235
275020
285805
334921
182079
172741
385810
163796
198969
285126
232388
217825
199137
358823
327259
399685
192964
337041
369344
329593
179822
189722
144103
438740
136928
246860
321331
345967
181717
407028
191590
387127
170964
402299
438227
190208
104769
218391
295352
313384
321438
341694
382656
184113
132897
108770
197617
170394
354425
435228
250519
115593
291790
395364
255411
388040
345225
135991
189542
442500
320538
443674
246008
402302
182935
253800
127935
219956
289486
385520
357962
371184
383368
242405
269969
135318
290853
375131
406995
335249
367561
159046
321886
164254
176109
107995
201469
368162
113149
392914
348103
135794
361587
270233
362481
141499
174170
415159
222485
323353
180551
279528
184449
264004
401601
409971
278588
103214
334163
107855
396592
166499
228265
338514
208037
163567
200369
131784
319390
274609
438116
157610
303600
270468
275753
400885
327243
227190
336872
302793
174635
157274
430139
295945
132976
300718
311088
333507
185291
378039
273034
254419
258187
178208
400793
194052
186975
362254
129203
132372
225525
203582
303349
255484
427368
231385
160693
203824
261657
370049
290050
319272
267202
116807
312728
221512
452329
198147
420369
269845
438033
288984
171052
261081
253301
277773
369508
236776
418846
144998
436650
443747
223733
418507
258936
373440
344381
232136
320834
219733
293826
419606
322012
154770
245714
145327
313732
415029
329367
421630
220920
156651
158585
350496
232247
302094
404627
412158
304449
418919
243771
173452
178365
114753
125459
110668
265885
416378
316842
358989
410242
153143
296073
380792
419069
300336
407348
180219
282748
123422
287761
342864
326278
332395
195133
323676
341316
261828
132315
144055
231784
363923
446463
374165
185797
266575
375849
225587
372896
123970
255893
234597
386175
436293
313115
391962
319098
242511
229208
359328
288595
173358
258803
132999
211917
315872
448025
400156
393820
327094
160830
239719
111507
175728
229505
240015
117668
141321
229257
139863
425359
416731
407150
204104
131633
156598
352226
307862
203005
135427
437781
193317
279169
367583
343392
442708
157030
186134
194729
119435
405329
190653
123421
130355
424986
227137
161142
403470
455492
274685
165461
358057
318971
284034
241673
360713
296434
259035
453312
358978
337252
240017
453131
101692
275474
264937
400467
167211
189620
189504
106384
353458
413959
194322
279543
102392
352979
281983
375366
147614
287811
184363
438562
183031
190353
389056
413222
386859
186406
456112
436845
392173
210679
354620
305868
162990
302302
386801
256756
143383
243973
291833
224814
210337
419981
313122
263469
404729
123188
300634
278666
214471
352616
128269
380549
167425
298881
339118
281041
402898
172981
125955
221138
201073
324155
452433
214243
381451
194167
253242
434708
304168
309020
291933
306667
435871
165992
315183
310819
150832
427519
355918
218328
158095
231991
391239
279993
446896
424076
409682
410425
456107
125198
380995
394055
232955
207113
154041
306271
312408
131609
366231
143441
132335
410842
343804
324888
356017
382065
184314
261193
225163
251880
208977
136020
298355
258224
385545
431005
409130
414040
234977
114363
348852
383488
138302
297763
283063
252697
121036
310541
376276
151105
282931
138874
147094
285693
312748
449929
358946
155981
422741
220899
433768
104997
243286
381445
301635
206789
437159
305567
300668
306765
237654
156806
326906
115936
121860
448663
361768
350024
114946
172580
359652
365363
351677
445167
366066
181136
225834
372283
312869
379751
235023
427202
389392
438289
244759
359090
325335
244598
265116
133086
397274
124019
410453
426425
369950
189883
208070
345007
319493
339823
235128
324279
344115
301168
217704
242912
212186
366525
269625
289954
248960
237302
370243
157190
125322
256376
326932
285722
137712
148614
103005
231596
194829
224230
161642
393825
289859
156054
414776
451807
441635
115318
288732
225440
253643
177287
165259
424180
301498
253084
196639
431642
111966
427696
109589
363847
170909
312988
168765
360918
424116
162865
176906
298941
197917
131328
386807
118502
348455
414318
126588
399390
140103
156850
306178
438274
270119
267789
331742
356488
439877
213552
421650
304919
238234
428023
131517
419187
402698
308438
266845
223671
431608
166943
348628
415088
442813
419773
108634
380430
435347
187104
258589
109968
176357
442790
436890
236566
107443
144338
170715
240220
354171
283038
310621
421611
347961
410734
218719
441148
397485
355425
317841
337162
376843
323531
284052
275222
444818
383141
408864
167556
184667
180083
367371
151338
277406
390304
439568
186955
130585
394763
387209
258572
201986
352329
334859
108150
417244
368080
341514
256547
207467
424934
278500
416331
218661
152359
182733
227786
151414
272935
356719
424696
194062
142716
361230
154734
183364
234164
444957
328978
162600
378608
374830
425422
424052
109375
455445
310092
327645
449034
246307
330756
295930
243356
422740
403177
393303
158023
436634
410965
374062
100432
440638
125805
220115
365309
452318
299888
192533
336254
424321
278467
315907
431536
128460
413672
364283
166726
137365
167593
314447
179623
358554
117370
280295
155399
137092
100002
126345
245803
290707
182973
191637
142642
423803
425099
123387
216703
451356
150634
361616
128264
156901
220798
324961
247094
123677
291083
378491
258788
138266
148537
412832
135033
284037
331826
171368
352121
198105
106093
126442
148043
231372
155592
143630
256274
132258
400893
420659
225768
166666
360601
291288
449440
298638
100072
375748
130315
175777
203668
307454
218822
386205
143910
256354
180316
357417
366610
329277
299971
194412
335540
261287
308141
167853
453581
244308
248917
141935
454016
315322
454115
338125
127732
235954
323646
209382
361393
231801
283933
175575
420091
402628
135198
430965
291166
222137
437893
192609
354541
121405
190110
224677
117992
136398
455762
199297
341750
175467
413245
299659
318994
257648
276917
428909
233231
241535
179415
279932
348658
429354
115392
336730
250520
167598
260724
105667
106467
104022
320164
121636
308159
428570
333437
349434
420370
302821
267508
133458
235529
332058
184373
165390
443016
178963
403131
260808
406071
417968
329570
276686
337228
361850
385720
312476
163621
303081
152852
392470
298681
444647
435678
302287
294966
246001
126386
124568
318679
134200
357873
123551
381912
105955
264781
305329
402882
101926
451857
103422
434474
275418
369928
275507
207576
196001
359729
393747
201380
423545
137808
401599
447264
117691
150300
309771
210352
251718
145905
281553
153752
266339
440476
320327
325485
322613
192823
343451
196888
282601
140609
331052
127963
315331
210722
301292
163998
189973
190559
402778
291440
293476
156185
422604
257642
261130
194184
449593
260921
122464
403356
379384
220103
359640
348904
343249
179671
370821
178392
253240
440967
309166
426629
428901
267634
254380
239129
305808
236870
446804
450688
155272
237579
195859
336363
306416
203717
370307
275780
291132
241225
291534
423006
272056
389538
296972
428693
151087
167346
110255
190508
135700
452471
150787
175299
327762
357950
283358
444767
349790
110811
317667
342416
412386
285373
338030
256520
294576
398317
195981
150428
320893
290673
276592
224207
232803
362325
311815
189119
204209
124998
130568
206135
193540
294318
215462
352394
200683
331185
346888
366769
270217
137473
124255
292692
167599
175691
263123
218336
373383
447501
254217
124891
433209
342273
361285
327427
287649
230626
251376
316133
373958
382172
254550
412841
281774
213010
178860
346175
111543
258344
248868
389231
352001
228192
342294
263327
316301
146322
430670
340047
269950
244578
304273
140074
214469
109275
205945
311094
291397
368899
237670
327946
112547
211849
312675
212792
305361
221351
176552
439358
176106
354389
410530
161294
228858
326018
180968
363583
234390
396015
218396
372141
350202
321489
264281
356629
256524
345956
447099
187298
109270
400232
355881
186022
142320
414612
399607
131924
293806
220677
450484
169459
204470
219298
334215
399106
354962
184628
176952
165110
157681
420948
395012
452624
354831
177383
132981
203103
221649
397642
195331
336204
266413
177413
386236
397379
343759
230434
119566
345676
268669
137413
261685
127345
404868
252097
252485
426831
198133
250917
149606
262741
127723
374072
218875
409361
444305
421325
368684
135104
302567
222258
116295
411582
299105
241713
166714
189375
130792
293007
406305
104440
160509
144283
205698
413796
132496
241042
103941
356901
291851
314540
228966
338826
416375
224163
285138
137733
204899
168658
350689
303623
429922
268022
154095
104379
396945
327644
120993
391687
447383
176062
410692
199111
135093
157494
153190
172646
284610
372702
392745
134717
410752
448055
288393
252243
163791
113073
100043
113660
157890
170667
331156
377575
241606
350927
254191
325132
239060
105444
300315
344872
184634
240225
160299
422003
227373
101640
201510
383364
248813
150928
119141
443099
430555
148784
245982
255547
273438
229679
218926
437037
283546
390158
260575
253276
214167
132407
120039
419217
404880
446252
303164
429396
137176
347168
128533
247928
433690
299353
430717
208401
351544
377589
305163
128921
168603
354263
117286
443779
132547
268461
290925
388341
247587
387344
402827
335696
132429
412197
243868
179082
151124
154810
232070
395254
112646
248370
192208
204188
132347
196699
451232
369765
362735
132327
218844
278635
309689
319437
224946
323172
373315
337352
227102
407034
219051
205707
384393
264645
427358
157143
351917
220003
353388
290129
354883
270193
389570
215080
216669
347914
287815
251605
168579
381860
173784
190532
195549
171035
225921
182488
304893
173571
367940
439403
152417
426183
311489
294846
162971
243188
378080
343716
278397
104450
139800
226858
190433
109308
400021
277043
271719
160066
421634
206979
278817
327805
106710
452781
179535
113860
247113
230004
329628
109263
231058
175510
426043
125391
109717
173182
235310
349525
102559
228035
189825
201132
222582
441840
287949
355429
201264
309269
206964
158604
141722
139118
414917
311147
203790
340030
407887
212699
216229
382596
259796
209518
409745
109094
319177
228138
194267
242199
418232
376055
139909
164693
196484
140051
455880
453127
274540
361384
196202
285960
146377
443827
371325
206733
247808
165183
129129
188072
213106
366748
237830
170524
188562
120355
376711
138927
115179
414817
449451
420539
260354
420492
155055
122520
337731
384421
126646
451127
419135
195319
193785
334619
132960
391928
305568
163834
133190
377582
272920
351381
386939
152010
233693
276321
230248
368886
282103
153744
166273
442390
352311
176691
139388
276107
261458
179782
181036
203408
327827
365142
217079
186671
348149
434091
363454
395840
120689
351499
234202
389014
237507
440999
378380
415970
342095
306453
305992
268196
257759
307084
188145
132995
136396
192974
367366
114726
399243
282977
157807
185474
405983
151914
196749
127950
213529
146933
357561
379393
372008
184290
124184
102835
205098
244282
277269
339438
304514
281976
285163
224703
371160
293199
117975
309767
309458
409187
288155
306890
116181
438591
353898
332113
151632
108959
190426
118824
304819
228565
349776
341540
265015
216126
412400
145326
220576
200519
199523
361320
140205
199294
165836
327813
376269
352999
213455
383665
422321
203798
335225
335772
196013
136031
447665
364269
151109
251867
356124
235865
277277
364608
357428
334672
252072
313687
269265
289433
372517
370104
210912
317230
319951
345169
435794
300093
154532
149103
446043
373808
253120
288253
211391
145648
160402
301403
158899
295916
337363
198462
129086
443745
196710
274060
123288
388304
154903
168238
126279
309630
443104
442012
285883
354590
265302
328987
199709
250408
380777
153166
292720
310655
172676
331865
131614
357541
147265
289600
332438
197500
449125
285766
219655
277515
275277
456143
117442
173323
210659
367323
157589
275781
414564
305548
383572
425010
399457
441881
198515
348399
322916
327128
207685
244195
455886
213361
324641
384645
189327
428170
214437
371599
382861
427832
334753
363016
422602
119822
172583
320272
394352
190385
287601
105577
208383
450649
434761
177753
439292
141137
331257
277023
293979
303942
264810
392254
122698
105283
145113
246186
298076
273911
411747
163890
439864
239496
137810
119345
421926
377581
165809
247665
202886
197367
325459
108358
355395
289128
157895
240596
316857
348704
413060
170478
145894
293102
181852
123003
290638
242263
446162
303723
107093
311378
351438
126537
285152
338362
194834
294449
256591
378538
243360
308172
191112
185377
163310
192790
408829
152436
274645
433295
394987
362437
412625
279416
152330
285222
417062
304948
308878
385756
332593
280045
370005
394411
336065
456102
294564
272756
437634
398024
412505
378394
165618
141789
220712
443419
369635
395505
189171
279920
124951
377933
393178
258256
341139
263665
417679
341612
112650
233039
368786
403156
375823
428685
144036
292088
260107
245041
108008
290767
359861
368414
126149
300580
308113
266399
327824
207618
396554
146558
212301
393412
269957
312280
236500
360832
382026
239048
218618
356128
281492
395001
373291
154295
299349
401327
438598
393972
179495
109758
421136
253045
190759
265313
437869
196235
240283
269802
338825
213187
378530
284563
106219
249170
229639
356107
267988
348514
335269
139188
330638
152830
212125
111474
339423
447859
389658
228442
223330
380369
355925
164217
359482
245774
109344
124660
375572
313621
191408
190256
127179
170103
239638
334794
166632
331701
153191
254156
271140
202251
195720
209257
270166
389883
338911
337670
227782
320685
310037
234850
340828
313223
396519
140695
274387
243566
142605
202195
334965
177898
243846
244247
342624
410068
162985
441152
350379
243429
366359
293511
238734
119608
324207
306901
397735
338344
123303
454228
425183
139919
175640
368590
123453
239459
149728
272929
335614
436834
365167
240273
239846
284437
203737
310991
402501
130090
211458
120920
232712
274331
317631
366087
414094
275792
356758
403867
107909
198466
235204
396890
213786
161422
192134
195605
215833
333213
323983
188560
120845
252869
226737
412918
334236
260173
353221
443961
174014
202581
243307
184579
276554
229534
409807
192302
230124
296797
406291
194024
303326
304613
170205
389463
441687
258050
413009
211433
222037
450631
217058
246722
427762
317703
162433
250694
194928
276969
178416
113051
239528
431583
152640
440379
292424
287759
185110
331755
404077
389279
347666
293484
190330
232125
360983
101484
185495
107581
285036
286645
251896
112518
426019
247177
344043
263884
445857
218277
100469
443358
356672
169766
398169
120675
433586
299902
289214
142595
315863
122321
455730
392268
403489
144290
159466
410610
177215
418288
158643
182982
205781
397498
199448
141138
373357
266597
134741
408180
133204
115948
275529
261508
175928
353889
399148
218741
138173
180840
129734
112607
422184
395596
174377
234339
329456
349604
313033
188886
142234
323762
306918
341499
171654
121317
416561
428734
177088
171073
204994
388751
418810
118334
232336
260841
369303
170364
423582
188207
452032
438024
217840
233771
102003
359966
387494
406178
289483
141169
279857
291196
341483
222969
402154
436483
186051
209331
232532
206062
230586
152707
414680
285026
224412
111868
223362
387499
182300
299473
426942
111962
311198
254787
425152
305355
243389
227039
156011
139818
143833
343711
202714
185922
324592
405580
371596
222897
280620
238860
157735
389033
206867
251928
410009
141185
328993
137512
185226
284099
205282
192959
269428
424193
158472
203168
433235
192859
311694
205227
166585
319019
188945
138212
363652
324833
223207
382442
407485
376477
429870
391712
355950
113683
373655
316873
264717
350199
266649
390367
203760
220801
311563
170592
383951
446394
103265
168510
177175
320097
389575
223813
201078
145270
176104
187043
440214
382588
340898
358115
138469
245003
177129
171731
404544
238530
242012
115236
338120
391009
203256
227867
217817
424668
109847
266381
145330
246546
362422
393655
447768
353703
143916
436516
140399
361965
425650
172889
113284
321119
338614
152847
371292
280196
301561
365045
125096
202097
165187
184410
173309
442183
110485
384597
452275
162580
244610
152995
223392
276877
128466
433781
321000
435175
334046
111867
378759
400898
445004
125556
268969
361530
149553
218533
172348
292577
369850
358047
253581
425074
287427
319899
234076
331774
257686
178560
350618
452282
117832
398849
331109
118339
271803
375780
289806
209390
395312
244843
210815
220570
171843
219554
235951
245263
217446
348740
312217
351080
286230
430692
246086
362737
245095
278060
363426
165088
414777
165745
443923
214253
219020
412499
102965
373298
165399
291726
362186
346254
383185
186137
292539
193297
209383
244846
239709
367430
426140
379686
301661
435113
355906
192784
375757
351605
332232
104918
360752
213371
300233
307069
315051
352028
150526
377128
178438
214064
196313
347370
182456
414083
291036
191273
278670
200240
317881
443878
364097
180309
327671
153174
428447
253361
337732
356364
384722
137681
246342
338102
177662
362834
393040
246921
403756
376983
403731
206104
311315
397030
180019
402133
364708
282729
363294
128888
240584
169404
391702
448866
269368
284556
195968
411394
111674
396119
357184
326343
204775
291904
410659
167411
257538
135030
432245
141885
385247
156459
226367
337288
285113
248818
226046
414932
319797
356907
176753
131329
297140
152104
143804
150823
323917
141005
328880
262522
374393
205442
187889
231897
249993
278726
311212
214886
419590
287581
328155
189901
257819
255926
448709
309152
280761
375492
306736
156751
170456
232101
154119
146909
320980
342014
186239
297523
382597
218794
124430
394757
153278
104751
321888
363800
299015
268954
115315
111881
220123
116146
135829
204205
359342
204323
377835
231244
453460
407912
363586
315736
390547
407277
235008
144911
365567
319535
347831
288995
258730
162639
364099
291759
207848
411015
386611
301704
365647
339665
245749
377488
242377
216169
448950
247833
309138
162233
376811
320250
253386
313399
415846
431760
274280
242901
114848
371220
310315
390723
454174
252684
180095
250822
206259
383326
135471
260195
189241
443822
295164
209992
332117
307126
393316
337407
259520
257379
355597
274923
325996
270724
289511
422257
309734
181208
368284
334449
169624
334611
276163
101979
221220
369354
307942
280901
295972
365571
261672
228293
324102
386636
154654
205440
261964
224075
191457
121153
365371
141719
303970
147226
157521
265366
132166
193353
253978
313527
145572
104387
207924
357177
127713
138999
310015
343447
359681
413698
134572
235653
242303
209215
261677
363637
372497
230719
319886
217476
405528
455941
385636
234821
199957
276339
205319
258956
356018
293314
441552
119656
335897
294171
359243
138708
230183
313081
330015
337709
251533
248031
153837
166634
421723
366139
113579
157705
324266
218998
404944
229933
166820
297412
154526
193294
328793
196550
352152
393261
207947
357821
194381
172112
210214
202976
365864
125737
375050
119359
247373
169620
344904
402855
377591
414699
115018
312530
174378
147593
334944
257623
231282
215730
189157
281898
396164
418478
328296
203577
366140
381363
137200
108996
440495
244332
249281
264164
333229
416661
155387
186344
440622
428419
144539
440829
414240
380024
173597
180938
300757
134001
378264
393756
263437
106734
107220
199688
447141
212131
287094
440661
416595
162608
124969
377558
140236
299237
269756
416338
133162
135984
253531
126501
243622
423210
181917
230174
376050
192288
294424
444108
285444
413811
108594
435187
129945
165658
383823
258703
361820
250179
188473
218500
434072
200478
405357
211382
187458
302832
339413
436142
411174
206069
106036
448648
140068
378754
303897
366325
314628
217134
241731
348422
144233
217726
273263
148734
297482
257316
216651
366645
237209
303402
138837
238063
238629
280225
155090
138803
432423
138704
388329
433111
268992
398831
368105
425303
412081
412508
157194
225017
281538
171644
395122
339917
405328
195325
318231
229932
349999
227865
291646
172135
139294
224018
393385
394037
107538
360344
332051
111740
427710
393819
250111
426585
401257
445136
123023
144792
444252
248130
304020
128938
122151
328787
285714
169611
241021
269778
199398
444219
199632
154059
166198
215960
252701
319745
387760
159784
349949
110902
336062
319113
410494
392208
450546
402520
216244
231536
321228
160238
427320
147692
203003
277552
268096
278063
262876
167967
271170
223012
307156
232444
105915
211952
120756
380897
434386
440246
210236
364356
412018
145329
121342
164614
179265
198011
325857
438423
156201
316510
140876
173621
134449
111876
450801
314554
401168
447773
208418
146040
344844
445009
100156
324504
236004
405223
107124
168273
450941
439161
193009
400438
127269
285223
385469
361895
417344
114245
158566
178805
111016
272189
192577
288779
132437
383698
138441
230445
247093
222274
117361
399193
208186
101738
135125
400548
179133
374921
445397
144063
388001
324722
389867
133194
374765
333956
179037
131874
423379
340727
405622
424721
387063
244121
260540
399060
248447
227194
185909
100951
273471
220279
373673
452863
100540
264402
239730
332288
239426
328936
430087
323177
415160
189353
421327
329616
183374
419633
118516
402438
412647
258377
199906
376551
397431
180499
112951
307819
356131
267395
226758
380291
208702
327691
185587
444320
438083
292799
237765
220978
391369
363625
225096
190240
447593
351776
187858
428568
237748
396734
160340
406013
436316
386590
222396
247392
277623
404659
232637
423616
132311
236845
100641
201414
437210
275715
319079
124269
393673
289216
369010
313309
417622
358390
432413
299195
385836
440454
208832
120751
437272
165402
252890
170389
189703
292627
328109
169153
323811
274173
347604
425467
155506
371221
351832
324212
267481
285517
261203
190552
189665
333485
164456
418101
151548
369588
138675
233402
145501
276064
229955
379207
358746
270342
149263
162940
421052
421852
139918
363305
366152
147878
328921
172298
190203
212431
227492
419025
279368
429723
282278
277996
241331
224043
285178
220124
204322
452915
152059
116203
251668
275094
449776
245137
175057
269812
347233
393850
295601
249164
168218
417870
106343
205702
272166
330398
120290
204466
322094
395947
339804
188920
342064
441130
208284
389829
204052
171849
107595
208835
241985
125306
151552
127252
113113
109257
243374
192422
304513
410835
268158
420557
311513
372572
413970
252254
316569
350844
454650
344123
322032
255626
440652
352848
353545
282685
247208
124180
233045
363099
201649
133142
207829
398880
143723
310443
384336
432819
115271
255269
311611
261096
206646
269710
216545
113184
179377
336655
430486
318806
142794
431446
208889
152652
148146
455092
151794
123278
279718
434296
423270
273760
212823
377593
238920
427015
350826
298333
212393
367464
373370
351886
436763
351435
169903
420211
223514
107836
205389
132987
301178
131671
231844
397361
284665
453672
232387
233663
319525
430267
398802
127165
373066
319463
450363
283734
267329
252154
166532
454952
404890
359648
113589
121571
240556
179202
316371
174217
210920
385738
135598
389664
408640
226347
112461
127825
294659
360936
134224
215200
252404
415105
142356
257287
317101
163919
218547
116796
347820
228361
257139
319492
132247
373349
439388
260698
389465
143678
262037
286190
295866
145201
445241
124119
259162
388351
395618
166352
339222
121976
455376
415573
197975
289077
188535
430758
135686
129726
305087
115292
331315
213809
266901
257159
185190
193721
102789
139551
383802
366678
191842
401198
205734
156643
225979
290692
189330
107195
418468
131028
425987
176238
324452
399933
311591
250672
161244
203765
112273
282116
340549
364886
247120
421268
264373
229866
119414
268690
366253
333173
114617
234931
250504
412271
443123
338237
455085
320147
156421
192729
268468
159921
119534
317295
119625
413285
387493
123100
251887
184168
141687
435854
436249
266898
403272
370712
201103
374367
176184
383783
206629
271740
216649
223222
409479
430972
157155
450645
317024
124209
415305
356503
415816
360593
215350
367456
118985
307257
417616
214166
217424
421870
245490
295034
380704
165051
188725
161699
146667
152608
129807
438474
428417
275976
142584
313357
238857
290962
182054
212330
275063
168327
352944
321470
230601
255750
366091
319214
293832
102773
188596
124237
399068
277383
420751
345890
383064
333099
172256
319878
225100
201367
249195
446005
212053
230323
270501
369040
455241
356823
220274
250193
336460
257864
217242
166636
265528
323867
290697
388378
112426
307217
275788
141231
186350
347603
238376
265608
228626
261794
346579
345488
368428
353502
307260
281768
157087
299481
438767
183770
157514
328966
225385
444715
211397
200037
396195
179116
369736
107159
386692
109157
140709
413157
319477
114098
158606
329190
310272
305299
368794
184336
284790
126240
317229
397296
440869
157330
450305
350369
131502
454525
290848
207069
113033
426765
238730
171595
224681
435131
424050
156388
239126
295184
145537
208513
203076
239750
413105
333691
302737
304246
407571
358274
263152
143131
437910
403855
299996
367189
338565
357312
173798
169607
204732
167588
230198
396395
443736
255163
183767
210792
124120
335891
144866
115881
227045
248064
296223
267158
244370
313677
137866
337099
134623
454068
147776
252359
236115
145861
351054
437185
334121
388766
155475
126634
127310
389432
107877
378555
370479
121179
424992
225619
214962
337649
142052
385712
124336
338600
286886
405989
144089
178964
286699
442132
153730
427439
121753
119273
114417
250871
429317
218577
254459
259979
366986
199990
400168
152042
246194
286874
271349
323262
208234
326429
426398
126117
150027
433259
113104
378552
217534
217549
415424
335521
116027
243177
252588
323642
164931
450892
415858
360822
164491
426331
273210
294447
277234
226697
116645
320948
181438
242850
323430
337578
278990
230651
322126
327767
404269
385583
331754
198750
174705
282016
375692
397608
358701
215552
139171
324486
439722
442906
349634
252315
393687
104296
154200
151832
413805
314577
307343
149658
176740
205248
269912
163359
149786
390248
129297
440990
107707
214316
134219
427392
354664
359154
380919
209161
188925
203974
340119
230980
349551
224962
453565
417772
418433
172631
322915
257173
313977
153626
264403
255050
397049
251618
352264
377749
125452
207866
297015
159109
214115
429728
403250
218625
113970
292206
218216
330327
164280
333002
268838
107240
408587
375637
300034
116770
371230
387147
293766
450705
271550
433317
165403
150710
110898
383051
437296
191886
212114
170079
249944
414753
450901
285257
329672
142555
288796
319617
352794
356401
134048
170287
397470
395033
449333
287367
228036
428049
292763
178205
313480
204009
346961
304781
290777
264774
107719
296413
282061
181787
142701
287132
242578
328186
243701
208350
379840
445851
307088
291839
355196
265258
280682
190029
296184
339540
211106
315729
217498
265192
351417
410764
117605
277210
211651
197970
444028
319910
418816
394789
369216
196429
349635
299203
288954
442205
306555
235562
350191
211202
215858
112893
369500
364164
225738
428528
370054
370950
304337
126958
241105
148371
168762
148220
161924
338531
308037
282901
259543
240488
313482
259114
271030
156443
416441
181453
416244
399204
454953
243227
163696
280257
441444
434928
269788
355642
133240
315697
281190
292602
130283
315213
304255
328335
233027
316581
400583
264589
263628
113900
148763
221970
414181
228256
228034
300765
157637
427509
250645
177283
244221
140405
203047
220371
299032
394441
398378
176977
255301
174553
430347
446099
371450
221359
351577
181969
349342
288499
354939
351770
413952
101405
233376
280539
265394
250356
141825
401981
255171
436425
330538
416361
132511
139815
315474
343593
154802
119242
112633
112247
287816
290516
305271
434621
312177
450958
138241
372483
368022
387320
291294
183462
436529
185018
144452
244685
104209
171159
421203
445413
218627
203417
133014
221772
405254
174834
199078
297062
216336
260358
449031
237198
160548
247687
268727
316955
455473
381596
345735
211414
313535
426458
376864
282386
181372
232314
301471
258996
194070
338979
161857
306423
382044
258061
371576
161454
127220
343112
312272
222848
223118
172118
134966
151328
169637
412662
341430
215869
134078
196871
398270
276463
196897
272603
299170
248799
396170
377342
395313
322548
126146
346295
215691
151274
337703
145886
382820
384120
335960
289349
414427
129608
125658
342376
434403
285511
304574
221077
101689
223322
142664
338611
248442
159057
338648
111805
316149
225929
222311
454616
155817
303614
212365
124307
406344
173536
315368
142519
202535
201118
158725
325167
350049
114874
378280
267972
157834
348662
175733
365089
118753
149743
309712
404264
426591
296368
137105
430808
204844
332633
240833
120722
446236
398925
332947
373721
142553
414173
227988
164443
166951
202346
427194
449682
393730
437436
225215
262619
369758
252132
136962
207917
201782
146438
242129
248541
444017
375486
174781
183445
426997
255291
183882
416382
451921
149392
292977
229463
428575
429008
174468
346487
420056
127380
177608
343906
347242
320477
311234
111413
178326
353663
445582
397899
241547
372734
296299
189832
167377
100267
395126
228573
203217
404703
104873
343964
376942
270445
196839
316626
314461
425694
136321
431922
236782
194318
434737
244348
243179
245067
313310
241675
104237
362859
250608
278906
370359
293457
231283
401939
109751
334432
337610
338538
210602
419197
317319
402942
279099
307532
413556
287106
217902
216897
387601
388114
201896
121070
333134
333419
454088
131697
188316
325704
222561
111807
409152
116867
192234
135225
211453
169125
390145
352575
102875
135744
227887
362623
355111
192893
202140
195797
399796
200402
264013
341581
121803
366851
276828
374115
103845
323749
359653
232800
448978
406494
398899
220799
427811
387229
401877
261642
129677
107552
243706
317118
339451
290653
363169
410237
312811
165876
175016
286134
211198
315589
215424
277044
206853
353906
128936
332646
185709
454888
378914
433546
398808
245209
175887
254747
125390
196863
301240
203757
408373
238445
447990
136834
228091
341177
268384
143470
417129
204700
360902
235102
390150
434352
182970
388597
209415
124599
114409
265459
404854
420226
115492
230507
335743
201014
165213
379264
438528
257673
208916
260522
176321
192565
142834
332678
175782
439694
355219
294508
395855
279004
431735
389884
202098
259024
427117
300148
224048
438396
386323
232379
311555
154657
397392
125047
159485
136282
114231
247886
448311
248703
253031
382609
100402
407171
184124
255960
239143
265321
310320
338664
444332
418913
182520
233904
168002
273499
110655
229120
101231
422261
398633
287807
276300
425182
266489
304042
126411
193892
382125
343479
198433
100031
446147
277672
241361
125272
420927
376959
149440
212794
187004
150445
138149
114821
311019
314110
291133
346759
173249
299166
420579
323590
426759
207419
106255
296707
237205
163545
106088
138071
166305
425279
265196
365791
106659
377630
303282
339539
167493
410266
263481
340070
169887
178591
316267
211236
274292
338877
123270
206856
434320
102368
119358
267498
134145
291692
260511
159436
229513
178854
434719
369997
420452
105192
143530
147402
276665
294908
226911
204577
203046
349856
103760
338536
358165
331029
120152
306421
132681
271990
451765
396299
130184
156417
411241
245683
364795
280287
100646
221085
259151
220190
370513
229165
137966
221084
171691
419687
270889
352491
420710
287661
421073
452183
262314
211854
110168
444615
387935
355461
237020
296512
251425
108041
301079
249939
304616
289879
351582
364198
192555
394624
258215
137564
246456
246366
217672
281533
385401
143447
395394
272182
434220
146766
383739
204168
267008
379825
247605
221324
202502
367565
401087
384445
397388
404300
439133
172810
369575
154022
264064
204248
270941
436281
141646
294025
210003
194069
256841
168650
452703
440952
350778
221616
408229
372732
169489
144212
359443
430594
443387
333479
169033
114802
322072
230952
123150
114671
348529
434743
339375
388634
116488
211005
385263
162402
428168
241508
298999
172865
392037
421264
132046
308281
133613
331746
164661
115766
326133
350245
300674
383495
220646
452755
417800
240550
430478
257998
224329
125951
198800
167606
290241
413052
174470
253664
427913
293829
439347
252080
369692
299287
157464
259243
411209
274496
304713
156215
312614
310734
375662
164293
112570
173960
276589
406661
330400
210955
142885
111644
173040
100160
217206
196451
263017
301960
153349
241206
255174
238397
284036
354015
204260
381605
443311
193412
231246
145895
171816
116870
426114
137957
323000
407290
315358
146463
355285
200543
210831
155722
340100
214308
365037
147860
232229
111321
395301
294123
295770
222307
310285
256118
440299
449429
200633
441111
272502
270239
187596
298893
100985
188482
226235
209975
435969
297137
226971
272187
455118
311537
437281
418448
449588
367956
440745
434944
421719
377728
362132
326183
234042
332665
164163
392350
366798
183482
450108
443194
145194
354493
227219
281670
359606
188984
289963
222443
179078
265407
255597
212250
267604
417010
190252
164525
309471
185701
146893
290308
396574
363784
456248
311804
133580
413990
282983
125434
130576
206782
200740
377262
193841
396563
129796
169250
357538
147877
186619
162696
373917
316778
293331
149732
225799
222092
299198
173105
114426
381443
316497
454445
183012
404014
276961
203435
375760
197067
444324
175693
338062
151321
376111
437766
198222
172692
103342
396495
438920
423016
263706
267695
388728
255075
142000
322862
432674
452900
235845
386166
420739
102529
156442
216663
425903
255205
183543
108735
399856
337850
187174
309598
350413
233610
370390
455130
430275
338549
396856
302018
147031
375645
400723
439397
256027
217440
292754
266067
185737
245047
176558
205624
200451
409140
436830
304320
177905
200992
131786
157905
376131
218003
138135
353124
329694
270364
212731
298646
150706
266704
435364
288399
346459
218521
379531
171076
173124
262932
205200
109878
380814
350092
341599
428439
106926
100286
280292
193348
291768
109822
381640
204901
352786
226379
237310
338080
414463
431242
380310
221516
165351
197041
384950
271916
239421
221248
291479
183210
242184
218283
160176
314399
370118
409865
368370
270583
202308
334779
217279
363565
413795
235593
115024
425594
307213
138147
214787
371909
123819
382559
408851
253035
234624
415004
288398
214519
357501
441669
320996
249123
181648
158656
447497
144371
198906
171710
368058
177353
313835
139430
130182
360855
428216
428064
261707
191321
341991
237741
211615
451985
396499
367875
279978
132092
369312
295368
248258
147467
148137
188465
144039
239891
423443
374763
219199
207496
296827
103121
192439
389287
309859
120193
121776
448216
305760
101165
320945
128296
109600
333243
162355
206501
349279
212656
104157
324523
412363
348457
309307
289834
436226
149426
284703
203664
358552
263838
391512
449285
428175
309872
342718
298292
268552
412258
267076
148363
194316
429101
263876
272840
214950
117617
369867
332996
143228
207751
394737
348948
387895
388469
231210
120302
151229
441412
251380
434532
414920
245644
137860
395093
233561
346872
264896
301234
179524
205942
243620
330226
419220
105263
320730
197390
370843
417225
182552
150833
136964
336129
206608
204326
137666
411230
217375
258487
267320
281287
223433
282907
196423
135925
345955
209196
394681
370156
216910
107963
205330
136143
128245
295061
402476
201108
448121
439732
440009
298979
422522
116131
358333
409053
164370
357145
337316
443848
418765
371054
102260
195395
239405
202657
402838
123084
397966
427961
335929
445067
278611
143962
127404
242661
275409
136510
373996
452437
228439
444857
302234
337956
129524
167862
376362
282533
204974
412452
285998
446964
294714
105077
277879
382847
179024
292048
261214
225371
413763
301328
408568
172686
187277
263675
382174
352780
323598
277496
237142
411798
367777
155636
110577
276878
427434
336838
411283
281466
156127
184411
306376
151786
409572
362275
386026
317450
445959
329793
105947
114919
309540
425001
274039
350348
217285
236693
340190
297884
304841
273794
338728
330718
372583
442185
347388
407009
261262
282299
257009
144964
166784
113038
173997
356235
225204
292389
308848
302526
305012
355526
176653
103381
351229
217120
221285
449144
431971
340299
294590
101531
440812
363758
115730
351806
170729
209799
363524
286326
295121
325220
141828
201973
194656
202920
281031
363297
312097
202003
248137
214442
151535
170035
224269
202389
354101
310858
333875
309668
158994
443677
334018
143768
249182
275242
311867
232959
427428
137190
414789
373590
266529
418928
442583
140519
359067
343843
285394
272460
281724
305156
227683
414005
322967
419383
375628
392582
198170
145020
219168
313422
236991
195204
243278
136971
135131
196964
395056
222528
281758
201644
254252
410769
181812
196468
445084
141932
418164
234495
292358
232119
290256
362913
104073
204337
158463
273120
106634
136175
311750
114437
241664
101629
421215
121807
169508
377600
294961
136892
418882
374577
348378
129109
370683
169740
427538
446389
455314
109335
231219
173641
430444
282623
258228
293185
111449
270247
368942
227775
265315
100992
314353
284915
178966
346006
300672
452341
132804
153652
294957
181511
285088
153976
148356
186703
190213
303822
131142
161916
307965
420245
425547
105412
173810
220687
278757
118612
130912
110540
336976
137097
177523
279041
105237
113122
151047
438145
311669
353520
102020
231377
354211
307839
336275
298150
270793
354473
282530
299444
201260
331680
242828
146835
293581
277219
244961
141280
123205
178822
418409
283104
271755
260175
156250
187739
342343
282419
136308
337349
328996
244239
313261
360739
154875
171377
343533
350553
117276
374735
431033
417146
422770
111448
310155
219696
158022
268678
118226
451731
250135
284628
374152
406126
364029
210984
289769
216136
242393
182785
135114
193812
306505
102320
209397
265625
404210
212336
278689
127061
450526
167664
234916
343411
125314
129040
330778
371253
140680
175273
446070
105564
311338
430842
310232
386782
247823
386566
233227
358833
280562
344607
255083
190436
282195
285244
132758
177220
130604
193555
161669
172590
135341
205689
418802
277110
358451
302189
298248
203696
122792
292770
256983
413859
392646
443800
157692
213653
209040
243410
280016
112569
168064
112559
335702
180154
174228
117453
234551
346299
446632
236664
278480
119856
203164
214704
294888
430497
193561
264801
219669
332563
427539
234142
433383
368951
265270
269676
152099
281242
408943
316869
346861
455920
213491
288605
251711
196473
444702
240780
390863
229635
428456
454712
454266
121082
222146
182036
268776
106274
273563
240978
231876
336773
219541
311507
268246
119327
447100
353183
198550
301318
250828
258526
287364
322098
444442
326854
408444
296470
132398
417958
413740
385318
259704
236785
314891
341056
182122
361412
152157
274298
300818
418844
225740
183324
203206
440575
146769
298694
295941
438334
427460
314993
149009
263049
351842
155056
352964
110952
152900
299131
116793
421001
370775
414689
320184
258916
322443
438865
382520
376178
333163
451833
379662
156553
210823
102170
141400
101236
382155
291607
193159
373883
116700
223911
159446
353637
413571
217752
272570
137837
106819
256739
430068
123043
109907
205615
274738
152149
166637
118927
327209
313777
102536
193504
383502
422824
288500
152907
405815
281129
228310
247412
331972
227656
379973
438453
243021
255836
296426
189299
322874
320279
118105
159169
114941
337265
436891
323752
255624
101442
253599
180043
207131
406690
139149
242694
267947
263267
427308
203409
192199
297661
251108
420180
275240
152705
399767
440326
251621
447827
339044
254014
200758
369292
414449
327392
200050
398732
270960
345415
413939
158186
143416
443970
455273
164926
103486
300953
133640
153665
116464
332305
219394
214075
279234
233739
409906
269984
425264
235921
196559
177132
259605
397530
112115
144633
341815
360711
283795
189487
149275
360242
107548
300243
397733
270086
432861
182527
375831
178378
420391
263769
329731
440006
411900
274476
418148
321907
292961
152314
316732
420194
312485
241818
316503
165015
322738
338147
294913
231354
138184
455405
273279
406761
283712
195481
242891
452676
451187
270953
444207
162474
321001
111572
260087
226947
191168
187148
233602
338627
276030
427401
145571
301810
397751
387647
426351
278684
313766
395287
318054
367782
260113
329066
365963
344484
205975
292849
182138
339498
378308
431506
178051
183246
268431
191629
122282
174341
184535
294196
387765
281247
323445
277030
277870
370285
339428
219172
155030
180016
223672
365311
244993
261059
371879
442780
390505
450353
224448
306220
249260
260232
387931
202108
282694
434277
171130
339174
166826
438678
329307
437323
201685
253518
261372
331251
418923
328857
341885
358874
408287
452638
343526
257435
302843
341760
380180
290047
281966
298255
442944
375382
437286
176339
121845
232901
111801
444862
216077
199459
266458
338886
316417
296141
201417
253304
302592
417613
244899
401727
266741
315063
344239
237229
227827
338562
405393
190945
355018
396884
282008
172584
284618
375223
303794
153370
242244
426165
433743
245340
350315
242884
444127
441966
264049
282799
191328
161032
104085
137314
419133
133128
147047
161581
411569
249462
384996
317802
377950
204320
313680
188582
169983
234480
184498
376888
138729
415839
367284
438387
409754
427599
194309
109669
390331
179669
173028
351628
414342
183169
103810
207485
182395
284784
448568
441445
161849
398441
301464
403425
255812
386419
375416
233229
143374
337575
178180
139435
193030
377465
150264
343803
367831
185791
201102
258892
410654
153944
317030
251545
251094
186525
451821
209389
349950
405527
280136
421303
238466
131438
322849
396052
306291
283543
369696
431465
131067
159017
183096
217256
109894
310393
250254
119264
205527
313627
288831
138191
209191
156908
325587
452295
329358
329457
304920
284431
102578
337777
438070
145185
299503
161384
194799
179009
154940
102365
145200
440671
415883
251958
344797
137372
204608
453022
226136
272758
157569
256595
272540
231960
454709
415657
224920
249299
446926
344870
352026
313176
331504
430209
434660
320601
167413
321033
276115
294063
450048
142093
360507
170110
450066
348436
175839
346665
439933
304404
407967
373734
444593
229399
200474
162797
366074
289109
344033
138504
428620
264892
131097
451468
380371
276504
102073
146948
404798
436667
422147
451447
229407
405192
159456
157018
120530
434766
405086
184443
367510
334144
263393
351714
256435
179942
228851
124156
187362
419074
301174
290573
384545
217678
163811
165280
297680
401844
383566
174046
389169
196830
236968
171435
387622
182203
446646
216179
142636
265121
281236
327687
437561
319139
273515
181057
308754
317252
105269
155070
368940
287680
371856
245828
376232
351103
301940
344028
193533
447360
269457
453864
252974
145688
148331
149748
347180
275425
227509
251310
269097
363296
289620
425098
288107
273659
201245
364453
230993
451055
434086
393110
436429
426277
235671
241017
450701
138742
156110
306826
330663
328652
268360
319991
329359
253437
164827
342776
376702
433658
314801
435987
413664
285866
417973
383388
429699
427018
253179
133899
143327
333883
300980
275547
166338
274921
161220
367054
301475
291354
137336
347308
355516
197331
239030
149012
138042
417688
213022
378573
219818
292944
432706
421384
116887
403083
251438
195180
281274
208803
290063
228403
378599
233152
431293
124306
380611
359499
382503
371479
201921
228554
127128
355555
180633
362846
329213
324813
401687
256566
134232
204022
410739
171210
111238
228650
350656
389525
445734
109326
117655
152310
232619
115329
105162
446397
453712
309491
209447
234023
361375
122355
344387
203314
220963
229991
367168
386958
332044
213879
151091
230051
294299
166999
107866
311025
194530
305470
331522
316236
213858
287232
306786
440582
261010
449819
196796
115137
288565
446130
133109
109861
103900
207111
246819
287287
320151
238007
433348
131580
223335
438449
189085
145052
103215
433273
245572
143526
393313
407515
238870
393411
385222
227750
381036
187200
153282
212006
319521
439538
152164
306940
248539
308227
395877
261658
430680
208525
222808
249721
431833
269499
256586
304652
180905
324021
295298
286232
433802
256582
249334
285333
340120
241242
194169
337117
155521
264369
231872
157029
387563
161356
123918
320024
272131
326068
248178
153615
422478
240460
225720
318458
126535
295640
117398
331460
365517
282186
184111
334683
410159
451388
453762
435395
307107
371602
436258
133055
455433
239965
164407
334820
443341
312461
360740
230898
106280
216500
446141
280224
323814
310436
299585
219530
434262
167512
313642
406145
417786
111479
135600
211376
140282
455786
431419
350050
439176
263617
388137
277002
347631
209070
215550
278163
443284
111557
100879
206876
301526
225079
133089
217515
366867
206677
241155
372009
295975
211743
293854
158164
136937
387418
328939
298680
245337
408210
358621
391468
301146
255407
180677
311148
398002
115083
374621
157390
451435
348678
172505
401963
347160
193680
213779
130688
340684
374872
154895
296849
374049
337264
390961
258698
112540
332811
259949
112396
346249
189763
202543
375271
322660
165167
320714
184104
355156
258465
372175
336703
433521
219067
186413
181286
310489
238188
313610
297670
252295
322687
119575
126228
368108
217767
247329
343162
311246
121598
122700
122800
239962
224308
434418
193363
446261
163962
135568
358208
185752
228558
274445
411810
164923
232595
377545
225422
307064
319383
356869
344825
417846
215776
355472
116603
255112
210611
329866
395010
291410
417618
106365
283119
392988
240861
190570
113981
280902
148368
168677
338434
223424
422746
311167
202202
133686
274075
130173
292444
103217
421298
224534
285563
126645
282261
230414
117357
363404
241072
410422
215509
308313
386711
201913
437846
194838
302742
362756
455663
103793
415008
287011
193604
395395
359489
167661
102679
283676
371261
259333
146368
432012
256788
109729
433215
335144
211300
245081
364498
323654
262923
148902
253992
145868
126416
389999
420741
279432
108721
288050
137115
188892
321643
201824
291459
300565
263441
306102
390039
279527
204588
253693
445981
174704
377348
362919
119603
395088
299181
427291
251354
447723
187014
398986
103979
117371
145331
121306
306136
264832
386206
338136
296846
155241
234181
306334
426812
298160
427219
337123
438180
212796
445987
191581
351415
405558
247671
265277
393834
379675
281454
288846
139234
103207
347387
232140
199614
252532
422983
106383
149789
239991
311724
375633
111457
216596
261805
225617
174710
409260
271271
271641
179702
131220
393193
192513
228140
429191
113594
331183
159010
147868
377078
313978
395026
153557
309792
277898
146563
308196
133897
209416
447402
298616
238108
229965
419431
215758
138017
314484
335813
349926
115345
375385
171115
289370
356923
149849
242061
140540
383505
437406
376810
256988
394495
418442
276312
428495
194397
157068
214443
282734
248809
373219
190302
370452
180580
166168
360395
329774
250233
344094
221128
196324
309957
154490
316798
375855
318908
434003
235616
289934
393989
304367
170303
293691
294675
346186
358437
435699
366072
294943
132431
264081
181920
310822
437067
381442
283738
430414
342032
214860
405185
355132
204769
292782
289466
383294
167860
332987
411143
444529
364466
206699
272356
181996
193407
450528
217879
236235
210680
218905
268448
397062
246330
424637
370147
139129
140360
442465
322304
123371
277196
290464
322474
305357
359881
168895
110818
445450
269921
439582
144535
387101
263577
106650
117175
430560
344206
245921
157165
151932
350475
404467
198448
437769
250797
129186
426022
239457
281263
289792
373184
306108
342994
439025
204192
138640
288300
105555
195483
217006
319591
344302
258376
171335
372033
135315
103819
376685
279890
160750
127782
223359
196697
254363
273964
243511
402797
282423
446338
191460
152408
297524
116270
422867
238588
184484
261891
342183
436136
162602
201361
411156
346698
193505
402015
187147
118223
408111
159438
111948
402852
151107
114423
420015
153564
109895
105042
112444
267683
301143
256551
358270
311467
158070
422975
320261
370131
120979
309080
241785
111266
170879
276018
351994
224536
291694
309057
341970
357882
363674
239342
307468
137566
225986
369816
414510
291575
130326
363779
252662
325887
384813
320432
209092
216513
221810
240906
446828
261292
133100
249882
253942
100567
148535
345327
322463
107158
165757
134257
165504
406844
437325
174415
386708
360672
299918
382713
114308
217195
393495
292060
156106
396309
347767
173527
139324
438536
189745
338299
152689
397725
425171
134156
220531
451118
164797
216432
235369
245977
198535
311043
272348
226880
152483
411477
223162
164267
408708
277542
190449
171588
446773
108201
214139
125786
413260
376861
102006
126158
394358
242020
219927
420047
223983
300023
102332
377382
310520
162079
408026
269353
377570
188020
449252
345678
282400
363064
454949
418930
352838
306088
157716
129255
129603
229376
419298
402871
234813
454065
441269
102527
249383
350181
275430
302140
182003
192169
448421
395807
134694
414476
283879
177609
407720
301311
178014
444477
411243
361025
260952
137207
282594
100832
258195
282932
312090
305814
183884
236193
256493
385892
244757
387819
392497
259000
327735
347486
243230
293883
242173
241789
414602
335565
427354
284066
122230
186761
280968
309909
156981
380436
350951
163514
265230
268905
381628
124582
196983
148161
338286
122515
210649
157511
362326
252340
439086
132098
224285
168795
308330
306672
324729
424460
269100
422956
252375
253201
149973
238768
102884
151781
326795
230001
252817
422765
282372
177869
202199
373768
407527
332239
206255
294824
358899
245102
194750
402102
197642
371601
225498
314919
304956
252095
432262
112918
408340
225785
358923
443429
257306
321206
372461
429435
231497
329187
445260
168785
264715
182037
452918
130827
244968
138795
371867
227469
430291
299178
186528
248091
421799
366663
338031
320472
145532
267315
128025
267780
425113
362371
244492
115187
308959
426754
305771
305200
254838
292661
149300
275670
443794
248884
234584
390267
333983
416465
146175
450485
406432
421911
261080
256344
389442
335510
264406
358416
424078
117258
374066
105775
386518
297032
103372
378288
246712
305843
244579
398961
265470
434652
141742
120656
380259
428317
320906
183306
454702
125086
392357
364841
201798
277888
125202
450964
270680
390557
449623
120910
226439
400200
258542
197309
269405
372057
114177
179720
219292
330909
353417
391307
188307
447778
418190
370158
182930
240012
372640
260562
106463
294312
414111
180436
347933
449330
191989
106838
152235
254209
405766
358417
347522
286932
446066
173041
395564
160919
426567
199880
400010
200609
182783
129473
211087
330574
394337
416521
199129
371974
236786
442560
449402
143939
430485
107119
450538
314086
449943
366234
219064
359942
292001
395823
100808
454580
297221
300820
182391
131437
378251
355807
209112
200513
430426
204920
400348
314284
166695
301357
137786
102173
375323
283435
342132
310301
137926
382073
117678
263000
251854
276017
360780
261518
245087
266716
313681
245995
298589
157957
336072
338989
136313
147986
354875
258217
197020
176244
318939
313971
344866
428718
127439
215027
276985
256817
345004
177655
116417
177080
262270
362423
187943
327409
146498
429540
267352
452391
202021
339583
290131
248163
335221
414676
173526
235392
397430
251742
405227
287493
246918
166924
306886
159848
407035
453811
101168
260771
200773
268923
431855
250309
399656
453255
313738
371966
155948
290118
262490
233280
348968
328674
164798
251513
407355
138282
409502
368521
176249
195490
233259
126571
270037
177130
245460
422307
117415
124983
147284
171935
114174
164118
420923
394555
434721
152166
149476
431565
271855
403899
437800
277726
102761
263111
251878
308064
308259
414592
172439
274055
383948
340944
280769
198789
289945
259775
391849
399012
138234
313358
353473
453631
348910
276652
230175
201573
298626
277814
221613
195773
370501
360854
135818
281213
319315
390913
105812
340443
207486
382404
316707
291351
431316
264174
241126
116431
311076
337712
220975
342749
420760
273059
159887
246249
278333
236001
369771
246756
185594
127086
148315
433946
162927
137814
399899
334174
435028
387580
221226
387857
431196
387417
244060
418257
198356
455054
257011
257810
265004
431798
172167
111864
412874
280194
401155
292408
132823
151761
320596
236297
262977
163625
344385
436770
187029
175848
289029
279057
157436
144013
351799
396340
153271
321561
258781
129280
147804
156886
416445
201370
131961
428415
271676
310257
226920
257917
155229
343178
361364
108790
189823
419863
274831
237856
438218
175666
226840
311607
151176
219489
298127
305704
125482
348690
305491
269049
350463
217092
430320
301866
125258
166342
293756
417465
311288
146917
216612
287668
354287
405356
177536
424705
282526
445644
196503
268968
413772
142015
417317
194175
270515
155023
287525
455822
329488
325408
325445
118713
402026
113013
450967
340789
259459
153746
257772
302576
137784
168353
332376
189510
199558
312732
257001
191234
140295
383915
127254
418786
352546
264214
276729
298731
162869
218718
221002
442784
325402
401618
280487
159084
366895
261053
442349
308381
214508
314224
204988
285481
215669
365752
358452
159014
354378
232916
281866
335214
286810
356856
121957
181579
310250
449471
172597
248753
401374
420499
378270
332151
253452
179084
263388
425127
337174
430763
371526
342235
147819
418023
172665
217922
402831
441169
172744
138618
146534
194767
284585
154927
270021
126764
297629
456184
203473
386784
193076
297059
291606
105889
428360
421347
292299
225018
361163
177510
203023
436569
408866
200272
212772
176903
322312
436904
372733
361395
323039
297293
272930
144082
236341
207076
215251
113637
276760
339554
347090
376416
149343
438618
151636
358592
427396
390698
282279
149403
165798
158722
257026
444484
114053
319479
221571
323021
166391
441080
415513
223178
222014
443967
179323
158958
397596
274342
272400
173138
192816
300223
153763
404757
423792
187912
291355
187166
231868
205603
114765
232690
430715
133559
437653
444392
400826
266796
453602
321218
224455
447590
344012
262089
310698
337962
334670
270077
112916
293189
346332
428100
215572
162699
151816
288043
158273
206729
410330
443511
337621
184585
327102
362624
226369
125199
431691
195170
231275
333848
423588
196537
243870
256451
409681
312599
304381
245851
423220
116256
443087
168019
344631
187705
313168
200986
290856
272155
398305
430147
160130
406240
357516
186469
180046
324985
431553
215359
449807
395659
304972
166465
140383
389040
157882
293338
110767
259297
279571
121325
176610
208252
104488
414636
363419
409924
426438
402439
372869
382928
401702
426384
357506
143751
221909
426213
146778
195375
456069
249741
263187
318545
294844
181907
316359
340620
347580
363698
191857
109670
167514
392976
203785
131707
373886
359221
354794
259552
416395
211160
303918
161991
259177
357987
110050
275773
428723
208964
263662
408239
403441
116642
211539
313514
203835
436268
160491
253777
242777
301752
364066
392179
156780
137407
249351
289351
217531
144374
304918
221183
236882
169579
189292
188287
102882
292211
386277
237041
436538
442141
103091
410649
225089
335101
403891
372003
255039
410449
238460
235712
428348
183546
174845
325324
386608
157946
110366
396118
326126
126032
132155
129953
335376
243495
305003
368133
423301
245153
340939
200226
273487
327328
104844
252850
222864
349892
256991
402005
101874
146352
390193
234884
113196
156458
444403
228498
210668
205514
296403
201140
417678
100616
257870
118891
252052
128916
352641
234375
259474
343042
268856
207070
357426
406713
173921
383014
281370
201042
183881
262763
179899
344170
147493
281878
425868
110259
348566
284067
122466
171072
395739
320509
439536
135767
337443
257666
117423
271917
261219
358423
344564
122969
117945
252535
257029
365509
121477
361689
298910
325159
144059
237494
303626
380961
454129
210774
401335
449050
396222
271470
297806
438988
255582
380621
332486
264428
314452
154745
133497
156500
343709
366101
207781
203766
170370
370918
203657
245606
365890
179734
442335
217829
296487
342717
249953
208297
185020
443143
243496
308571
227810
265838
175046
225735
455865
155219
140509
382748
445267
341461
251528
284143
142176
189520
183894
435032
237863
373520
379759
221336
135676
422915
446037
433290
190694
166444
193492
145107
436568
373954
333676
241825
249055
387275
167629
186251
203412
334969
110641
338464
369589
337597
330201
274217
147529
448867
168584
373527
138352
140491
325903
136315
324546
219358
102277
399335
384468
246417
306312
438326
305149
117504
164535
355890
140913
225786
431330
442749
224922
344142
265251
242098
443165
350935
455611
315383
364448
315766
256397
358470
132934
136520
150330
166430
367458
228560
227038
329619
289708
416937
376714
422763
427990
199282
261637
318639
197523
357488
266449
121998
403218
450386
151214
429720
240764
440710
322520
311880
392101
414571
255667
446523
244311
414508
148990
297270
133886
128819
401735
405171
103205
362772
151671
140552
264840
133165
220476
181252
317153
277926
100181
188193
350847
152954
113768
252021
172897
189288
386100
425356
360709
173046
307062
164492
379383
241824
392994
388694
245712
320588
225778
326291
152894
136827
272058
273634
449709
177154
372979
167900
124756
103660
211857
404685
189461
407656
110925
381063
229352
243500
197554
128581
448433
281627
124824
225046
285192
361645
408209
181610
270427
442166
431737
236433
247281
108909
355926
330961
438210
176069
114408
250002
423047
119621
258407
248348
233828
336600
158103
295858
321690
405420
106275
368047
350270
158702
168838
368516
409119
168461
262711
384818
230374
250208
279098
147598
329225
271869
418255
346556
135089
437331
358975
425640
370408
113556
260629
378488
353006
442603
219334
130055
229896
381871
234909
445286
433772
189934
125061
352079
260594
265290
251415
113731
447918
150434
193513
424956
384578
264234
347444
287562
193234
169700
227282
346605
327681
333525
189611
429107
106019
447941
296488
260943
313503
438983
125292
442367
274133
296278
209021
403235
142568
370942
260476
300010
100631
452810
126075
366785
122307
372443
118240
400028
358793
345128
218892
122033
373301
202970
127096
364295
131000
135833
237045
387399
431226
445081
383232
213545
329608
320129
119670
264672
373827
156798
428960
189401
322937
316751
438710
365949
325228
401445
383978
328725
249452
110432
342694
399478
433753
452944
357723
335402
254922
186454
393486
168533
213997
411829
394686
387164
207340
107512
255603
444205
203718
261581
205427
156461
221385
182503
217616
342905
355924
358957
278329
350186
129590
280327
362608
432418
210644
422630
107200
221987
131121
132388
310835
361240
268484
445730
452215
295600
212967
360657
138340
149168
409674
333291
146222
428896
109225
159476
274253
231780
189077
358510
376390
203514
106599
118630
142119
142214
213138
248331
447690
273742
415310
297691
121524
284750
164598
234585
255551
213914
387881
447308
137585
146900
418365
130142
235263
406090
180719
454216
453546
193038
283873
125992
307943
322588
418380
109619
278258
294958
161120
179190
183019
335004
222996
411806
421765
364716
193684
361506
130706
389681
177490
358089
277851
243847
322748
364685
402638
162929
381673
356748
280652
288907
411285
283926
292079
381787
375445
206749
370034
270464
390631
127769
314280
201364
267790
267612
114885
212671
108651
148932
119440
101273
327676
248748
163608
126847
244065
433700
320450
295127
301624
265566
139255
456215
297596
412656
169849
443955
113297
184132
359746
186087
300945
343665
445994
100349
225772
379245
301116
441408
443787
393560
133616
275353
160540
431121
396917
403381
243503
151477
194886
119530
233353
240228
370619
396294
358625
185403
430979
356239
167591
109457
247423
237128
243376
193481
332461
176849
263375
199794
372388
199612
165416
173765
221595
237596
330083
138750
150755
226701
437454
403072
379441
358304
372404
233048
167711
224492
437529
297723
292434
434389
436337
364580
227684
226002
279211
280634
114205
181199
105683
180006
258289
350541
162225
269094
192025
445374
154505
329597
388257
132252
393432
261915
226625
218422
235940
294643
241853
131904
274250
165459
308358
134000
439263
413949
385355
398668
390424
449384
383293
360647
300494
294632
194703
265986
375033
354535
167421
270227
209181
379572
175788
120260
333342
140050
204127
102937
123889
223386
265534
219116
257581
438262
318776
374746
327474
129051
352331
204966
315238
241152
297838
208938
451899
364542
168330
249914
214343
107308
233215
160851
155391
380073
268965
381808
312393
150195
207376
367484
403260
374313
207991
160801
210288
254146
260430
413474
219855
277452
116889
289886
343086
354615
447427
286378
327492
310348
246672
317225
330273
163560
324137
259628
139537
249163
227638
259378
358898
377446
434966
220844
367723
210841
192560
305587
235840
393031
373005
320546
438236
170815
247257
361450
430089
426622
413453
282325
284225
253131
270806
286615
452509
243048
297275
222835
343830
272900
339225
415627
429793
353202
383424
256034
347971
142001
362378
380355
411527
250709
226448
186126
330382
213908
174992
424554
293902
207950
120100
389453
350780
376588
375124
320678
398455
230877
260729
434364
246341
362013
136592
163234
410154
305441
177343
134396
365640
161319
171308
166085
194365
223395
333053
350489
339961
436343
184563
327206
407447
375607
311938
160691
273966
209637
180977
379637
240874
246903
240998
276720
101505
115754
235383
281837
151620
293784
121922
145973
301525
407795
143193
117106
339059
434053
237472
150665
383011
327372
190731
345464
150060
313034
265239
221299
201359
383258
157215
361191
186048
186288
437249
375032
386024
293776
255064
109422
407269
285118
131350
177862
162007
307656
336490
312512
424748
299076
138094
376621
106126
404751
153331
176019
272973
442154
295314
105209
130455
300992
423953
180276
396500
172596
246180
423229
105797
120224
158546
214638
403857
177296
267200
122853
353244
338694
272417
289779
409592
278241
156207
254119
309634
327051
198576
179215
107853
335548
104041
309927
291489
263085
138743
354291
204908
310382
304038
231588
102154
426571
274412
420154
210092
351702
299980
153515
226133
299856
136266
191067
365535
198733
341929
232780
350804
270432
229035
274604
423887
365485
303985
360627
398946
119674
294536
316498
175188
275381
388050
155523
273182
313893
301654
374047
299563
158809
378951
129001
400012
309482
106432
434992
155421
301527
328093
416374
118477
136682
329185
361044
223278
214370
437804
303706
259646
241892
449779
125947
118248
438395
198087
360073
333654
363781
247503
320521
298377
216825
221102
436671
452245
350059
289672
157758
228652
245231
207245
335270
147401
391140
405948
118257
321904
346234
315798
125667
127823
229543
384892
185986
289417
192255
368556
343982
229978
166144
260040
415427
271563
446651
102994
387949
317289
206370
452965
377130
415577
310868
138634
364524
397396
399880
379269
172055
330731
301683
436789
350557
177321
409014
279326
376302
264415
225751
253132
244192
445659
287107
293296
350785
117673
158039
181291
241835
335161
336742
453058
178299
415567
425842
307121
344429
219614
219019
432274
449028
101559
166578
105958
320866
237929
113203
106066
220055
199759
186006
347957
265996
339950
220174
271114
158163
275625
377918
265886
149462
291278
287941
257351
213330
442344
118496
313458
416045
110233
197127
108686
357123
421535
305870
200142
123747
149060
377620
238924
334771
246388
436990
209099
283907
413854
178503
125986
241050
339504
162486
281410
259302
254943
419355
360990
349224
115961
107634
175036
313319
311559
298976
232201
131673
384378
345401
122995
213769
219869
121549
384634
444938
424872
178813
450164
311539
260384
263712
301885
308024
255085
417882
127337
423380
306546
259040
409012
389369
178981
191867
124862
402412
394286
170659
361692
348433
445000
329980
228874
388094
227768
201129
113468
255869
293777
449459
356945
383543
255331
157473
336471
152664
128419
151071
178709
353925
380504
103518
188121
158389
327804
395204
179016
371024
118949
455681
237958
134075
400228
397438
137647
105319
288538
338155
225243
310668
192851
327770
262809
449954
427888
191335
347012
164999
186216
238784
128982
456176
308682
364843
252853
242190
310652
218609
274401
256977
183941
399165
423381
283111
150581
133565
362194
401289
268365
191334
236339
161629
167567
443863
225291
116843
454675
260029
399886
351105
320409
218037
370101
135204
362698
183189
329380
261741
206052
422578
286665
319171
358630
216504
182307
283134
142739
122530
416163
300401
446508
430362
331223
326963
184086
365732
377417
250794
216166
435931
132480
299055
187316
223556
127902
238670
247874
270067
110151
226372
237885
105016
327132
371444
298505
110081
118996
367853
423776
144619
179044
377539
437416
312432
137770
363399
419079
364255
347866
164670
265368
395898
208469
437115
158694
327982
298159
240440
404913
154273
433919
214458
154373
244080
352697
227015
430649
116330
173927
387645
410854
421854
291153
345681
441199
162338
113106
136419
358179
121184
194056
286978
183190
292985
324335
420005
242089
130376
423667
181895
180029
448929
337106
169445
190157
436466
269965
208007
252833
375423
132519
313360
326511
158925
406155
125372
270961
156133
114399
412037
380875
358187
110481
376435
190896
252045
282861
340314
213795
151916
105997
395177
114652
113697
286809
348224
296190
436232
340773
288339
262353
421949
346528
345983
416979
357708
419118
423384
386778
439189
404921
345590
362156
236680
444675
338982
381012
452627
409118
392813
160924
354670
343648
279759
114742
318087
303329
376849
217734
428183
162968
154081
122679
244994
111908
162965
183344
187187
162730
405778
154865
447943
199169
226630
351695
119978
219667
365344
233763
328121
194671
293353
345263
238319
281673
391971
335526
193308
366996
357747
386406
162329
120718
214864
439608
290310
183960
324909
125284
292427
391723
361634
192961
357453
338408
430511
117319
452450
285794
374548
408612
289643
347641
129486
449589
245654
363848
169419
192379
278625
383139
424225
180997
430205
405648
376528
276512
331859
380593
391472
121404
357920
328495
151228
356770
411695
171761
192378
116742
371990
247366
362880
256211
437319
117024
212580
406637
292628
372564
370948
351128
100971
128277
422270
204924
422085
102791
189942
112776
358131
218879
408132
254300
447038
133158
305130
240208
413382
441572
223015
188753
440577
304496
413608
173135
388042
151378
191968
334496
140445
178191
160936
161505
291503
312422
115982
450679
397349
295417
285439
410924
453641
118570
228267
328429
432683
176955
128363
161806
424865
175209
409549
293794
365155
435063
245433
147852
137759
378850
197428
291678
361215
177548
358713
305145
409998
404414
171957
164023
190594
237876
185386
239183
208804
116937
410283
228926
237169
217478
312993
330315
100840
180142
156342
319678
126854
208764
170635
269132
439440
188567
228149
105443
225292
220441
305377
405198
132806
408821
365478
371983
449542
424794
112088
271115
409753
371234
226498
128338
393148
429713
127609
141282
270174
335816
299387
134695
151241
450486
425146
231948
444314
141765
104121
241926
207288
111548
185494
194843
317296
287480
147831
141671
133069
345083
236310
448164
118024
413423
390033
326227
284850
185115
325597
124892
161695
298455
169634
292885
265982
142403
124153
420244
112135
212046
367028
240533
400634
446357
111285
399317
242732
280336
281010
159194
368883
307501
359008
326772
315533
350545
261224
315201
220750
267364
117590
276649
238212
157577
320533
337824
295353
210500
325679
244947
345086
306185
376145
120112
415780
243539
133217
128950
304753
186330
366565
208659
187514
365361
284860
408258
180837
144960
197325
166587
391515
439679
171453
190722
203346
350974
399199
120852
446285
223374
272077
361838
373544
440084
223139
421133
303974
281801
246460
102053
190575
130307
247767
112630
437171
381127
247019
376374
144895
309087
147229
276836
359874
264075
255016
410381
121309
384506
237410
213092
450385
425716
155028
452150
290421
163777
301439
158097
426025
182767
308961
273348
297738
121708
264888
179787
385226
373648
413931
304214
240479
388144
344703
421526
331067
101989
207396
349861
188970
447428
254164
109434
120735
277643
165396
205109
392500
283588
211921
316144
275113
217989
215050
267160
240214
430245
440556
397145
281180
454013
341840
390046
236113
152642
106941
266094
327411
453736
312495
386703
220164
189802
440045
427942
142804
220445
306329
433415
427885
303799
152128
252008
391875
348981
160049
307108
435476
370811
236343
215355
323198
386015
310778
213894
315469
267159
253786
264355
181356
252861
427351
244064
147204
347868
155395
150912
176802
119685
205767
189093
335186
313877
416208
306458
244597
164517
262111
155734
235536
216101
302339
277497
144166
164383
306813
333915
116178
213416
111915
307503
280690
436218
156613
118199
335093
102266
271965
286659
328312
280573
253110
140220
181415
151194
330842
232678
375770
305815
341567
155795
155131
333124
100816
267832
329089
452130
226916
117781
451366
117096
284489
287478
122880
237010
381220
299596
276392
409544
187604
272136
395613
158156
319209
241442
153169
114732
441411
358605
219014
149244
211251
434741
346489
346133
363198
199590
226554
335898
181027
326821
291329
328841
297617
445606
340265
283527
173601
236208
422785
254507
438373
408713
222266
247827
230212
151461
239548
365467
237238
242899
275079
173248
413307
242769
450916
315486
256309
330316
303809
359595
371025
244835
237363
213029
261042
424593
145823
169246
169441
126587
234015
392996
323732
170996
416815
271605
171008
353871
216359
334147
309522
271861
381698
452559
386168
374633
382951
251667
302838
266255
392473
311332
251032
449544
196822
297846
280512
373952
352165
227141
263146
297568
101538
207672
148469
395120
276630
317164
386632
403534
438565
267909
365994
344324
343870
351743
123378
272292
241493
329820
420201
268138
261793
239095
160318
376909
235308
176851
447932
327709
453699
390926
196665
186941
397264
398470
145047
160497
212821
150894
298244
128316
152198
371653
355134
407657
157846
202937
327140
320367
262410
216132
299336
333617
311022
109621
207183
269209
435160
265406
409654
206182
399415
131296
383035
154554
224544
144361
127282
369681
301731
106680
245958
243314
390404
380265
319127
310508
238276
358478
286301
367616
350877
290368
237886
201676
439369
116211
110119
405265
412040
217571
328223
351888
233318
349011
243350
380941
438559
136998
445727
177774
218966
419983
297481
341497
252222
155878
445602
277660
442606
212719
220141
330198
392282
342572
307706
158915
269037
282567
335325
160728
353430
205006
199789
267348
408570
361524
273598
100713
209237
433636
326132
446020
361026
256418
259157
318444
184273
311191
254151
222852
283529
333894
416352
333591
252583
429350
310375
286391
382160
115699
290749
373483
454520
357673
141301
334519
307477
178162
107036
198970
174005
108187
154642
294190
294885
327237
408892
339333
143072
107405
204582
258977
401467
363485
435739
186694
110823
454008
175102
161579
364764
208680
177837
121573
398386
268805
114029
173014
329998
327378
442739
131506
383745
151995
207077
169025
203936
107128
339928
183251
219857
167738
441905
216446
451420
107937
442950
422461
304342
308104
107015
207913
132878
182194
375801
378133
128865
124839
114896
397536
395162
156164
202794
232062
359496
179786
307261
282743
311998
351629
176163
219919
144438
177634
273644
411149
257305
235939
142480
349164
428762
199191
349124
260445
383000
423415
287918
433873
113682
184637
155408
436474
261643
111425
435974
375685
142869
451557
276950
149002
374533
418684
168863
223413
394600
309021
215773
122227
148719
448325
354692
140951
211970
159191
298387
130675
283332
169274
383095
187631
292241
157691
226402
372373
392142
173516
339883
450154
151160
197708
184681
431720
420050
183827
341851
417898
411658
258438
158974
322252
403959
341727
366392
314759
170490
132126
153552
345496
331771
144279
295594
413502
350022
109815
187561
119374
255195
442755
146300
345452
417537
405321
135808
372801
192773
209724
242799
107302
282842
289635
372944
375312
229069
221290
291136
397884
378178
210575
232497
360827
286333
152718
267646
417862
335888
253572
258596
435930
427000
281975
138140
280858
121461
134283
151831
199842
304814
102208
395689
232982
135795
137630
235853
298738
275187
140788
146047
352132
127004
411967
355600
339287
107162
366966
123237
304209
181089
422096
153200
449007
138994
317617
161405
390352
158373
202036
345818
155213
343617
208865
301847
324543
295550
189082
107052
454849
162123
103397
353586
243311
194885
110266
139214
307492
130300
208277
187556
283002
380103
163678
108000
371796
373430
388108
367447
378357
210795
170097
229686
226726
292576
423038
130091
186989
441397
411148
263311
247991
400758
147912
387044
171045
307098
241531
415057
385044
305700
132542
103937
251035
206926
449123
169596
112481
440971
251652
218535
296344
318566
417633
412970
128930
138780
217218
394195
194142
211951
261072
141955
443912
396128
375505
175017
257479
407160
432685
325173
336106
174038
313078
317947
442232
104070
440908
137126
305084
265430
205586
437835
450984
263106
413161
433801
192314
439905
201341
270555
270260
347029
144037
271943
410192
320217
442099
116714
280304
380772
288062
122290
161594
312999
357871
404697
159970
128810
147706
329778
215415
272574
440789
253916
313510
140280
165379
395113
352206
186872
203502
412709
282883
303245
150515
340566
452062
391601
156323
140332
215044
365892
456030
388725
448609
426588
301349
387059
303839
256145
171687
156094
426703
258122
312112
448440
421504
220848
281746
391460
392165
190319
260846
348517
269365
359037
238484
405974
257217
431360
109398
160183
113756
450954
160516
314233
322086
341420
393044
407616
446748
182457
262438
357366
167796
239592
193609
138242
264200
164690
186385
397887
325071
338291
216657
252529
123355
107781
414311
215781
322010
319816
187581
108472
101432
297869
227464
144737
170467
124352
338001
445311
163026
125773
123557
317957
193242
104827
266263
215634
308782
299221
222786
332242
215997
433224
431578
288249
237639
234424
206858
217827
450402
213484
341894
203572
405342
239313
288537
253074
282669
259813
260763
229917
357272
381398
214066
262323
413326
200024
430419
155394
444311
253159
311666
402648
226075
437620
429808
369390
387650
142418
399354
343731
293400
178556
363002
177997
415515
289617
190093
191512
432015
278039
349277
213114
185329
155613
199200
143196
170825
233114
363605
308035
321164
211904
240485
209619
198198
248882
196932
213830
334553
142240
150012
321878
355052
169946
444495
416562
378391
448049
213260
228904
268323
268894
198140
353184
127724
352934
349240
375476
330331
436252
115975
387311
396256
171839
385575
182155
334590
369256
235376
305310
278264
335247
196651
295083
211070
135468
187774
159386
138037
432546
409705
184001
204142
246865
370092
207937
177885
263313
104785
440134
222527
446960
414938
209400
392176
355668
331326
347724
274752
227960
139119
124102
433048
214694
101121
385088
173089
243627
272429
120070
144270
415048
211144
314273
182566
172095
128875
229634
273008
431331
110186
318677
419379
232781
140219
454433
261085
109827
260826
143733
259299
417531
267870
242386
416000
298369
125171
165842
393429
439893
264247
129367
193014
168065
443465
316512
307868
187293
181039
114039
370493
233334
215420
172766
421406
359993
426028
299140
230962
232368
255364
254352
321905
178708
133680
395414
440362
340254
250746
344774
102083
274314
327705
280897
314971
260550
281383
184244
210010
102942
309117
185457
260383
365944
257501
149917
445751
447823
298069
198831
376988
366873
210455
369814
147727
263041
378620
271257
281833
139245
195177
364625
217848
355294
185241
321632
328961
263859
281571
371515
244075
257944
378799
171222
329971
301959
385723
378315
160136
188293
126725
170318
322343
333616
224941
438496
232195
364533
417418
206727
161583
293391
170374
341153
120546
239368
317620
120672
283777
272294
366912
148431
454573
159636
391606
306167
154285
451339
356241
369599
381242
405051
317149
365737
250174
149356
293129
348309
400958
411546
313618
416641
454759
251379
182596
364223
430991
170468
422776
328102
415129
372505
422269
447221
407265
272958
377608
156520
260180
427908
325105
387073
323873
362502
127598
190425
306382
337013
256158
140643
325440
343046
276955
177638
151999
214146
370334
185934
104000
112534
231779
304084
369360
182551
245375
154594
216736
176614
427271
249659
292960
363146
424064
214578
436167
323965
414540
316316
164897
204853
282128
344058
252431
418297
237438
155943
281276
271647
120952
308502
108088
408664
171608
137324
188452
238964
386597
214548
139194
249001
117000
108046
331161
343189
230841
409881
194807
284659
179438
229330
351296
380284
304785
198374
285827
245954
299815
121743
187920
320884
351679
130477
285549
103606
391159
275068
441053
166278
183106
373773
105917
358865
455198
409281
426839
129582
343468
355939
263221
292580
153389
140822
113416
156960
378642
176874
256335
165191
315172
288191
239805
179633
238789
299051
325362
288277
410318
200498
188333
291913
282295
350148
106062
448474
148735
148651
162849
184798
167966
431118
302307
431787
330397
411705
282719
137422
339312
102581
418885
428341
113450
138254
258531
213605
256468
403358
296492
317405
407404
310488
399892
452411
165011
326937
136804
216704
327601
293455
384769
250727
124190
235828
410320
414738
404840
335633
280564
150121
443034
321312
336795
401223
327658
310552
159846
440916
102768
135705
246032
404575
370661
225539
150827
440624
281113
287470
155371
346020
136283
253017
233822
453225
313643
339520
363832
313378
419711
252241
453335
134375
190529
385372
275722
159521
364677
106613
434857
349631
351731
294470
213801
306056
197531
373429
306763
164469
444458
348243
244067
252629
301181
117215
364631
188195
310061
312233
151103
219780
127537
271831
409783
336113
302241
209441
223233
135265
248842
180145
357282
314743
401609
204723
150719
351238
431829
325040
119598
363066
118989
257114
115912
400722
195523
185305
213324
296437
405288
136288
150921
296677
289059
232668
138693
253186
231287
276082
144470
351143
176024
324425
163400
422140
272458
415640
438782
127051
356941
129591
375151
293876
341718
434958
425354
155367
231609
141372
167081
420149
168264
320971
139719
372525
249541
135291
320266
301617
133627
348561
412401
293783
118965
237833
117908
422832
349309
219546
307185
284402
190278
400675
241290
357521
288837
178333
295731
321244
453757
387791
113923
125023
130400
185476
258480
154231
254645
347704
178322
273953
413653
145471
170740
329116
358742
427947
167878
363126
218240
436761
450084
375554
143236
345522
212229
446238
137238
392336
273158
370690
389789
402651
170028
240260
123917
453088
453393
399003
195849
315419
148767
308597
212022
377998
309961
374620
264978
413849
154345
223308
427541
426327
407367
365203
220396
179373
114579
401437
422793
149256
220902
191871
228722
297595
316234
181698
227631
384000
429792
416093
171591
447822
268321
378290
425673
396962
441393
301540
176963
134675
303872
407866
156022
211213
288362
147149
110254
201740
326318
129085
327395
363298
379061
183520
126911
209327
407115
349165
378198
288710
292567
155354
339045
396671
423176
187237
305363
425596
138115
104345
233033
243749
170989
308019
282875
273783
202669
281686
141737
322844
178616
135729
352133
279900
101564
293167
394961
187127
102603
237937
405597
390124
117471
315482
343043
153700
104418
152195
185567
244582
119888
197940
378437
210658
245276
289394
260466
127011
381315
352045
435251
103124
398853
114249
289855
106579
115212
120524
411186
210160
375778
441559
401352
327168
132163
211552
211926
156307
393070
369747
353835
360892
431442
377162
312246
237849
411449
406931
388807
322604
351726
149527
240952
163761
409902
305184
427025
214532
336515
194135
248828
133391
119462
205213
329437
214842
356365
355334
275635
455244
183504
380234
318001
343054
326417
349252
193393
107663
273306
180327
410229
350030
232476
439032
295812
138288
278589
344616
448111
331915
333806
153955
226461
229340
380416
199038
162168
103193
303091
454177
133860
401033
253359
101805
403661
379834
376612
307909
169799
273791
203225
237685
269703
421109
293285
173017
330648
435993
116669
187770
245545
354223
118503
205794
276381
396455
193062
171667
207433
216525
134616
262109
223138
349833
372798
179117
395090
235063
169775
145079
261783
309838
207066
319972
432447
231180
456035
265647
302208
444671
221611
271477
408931
453307
100246
404654
332919
180733
437287
361968
125074
128367
208611
294818
415034
215288
351691
351794
149945
206787
251456
364363
403168
241391
423523
162258
320215
221472
191455
337014
241884
329485
290091
426012
325232
128230
137090
441804
451764
307719
172290
124790
367718
239130
346012
237137
258278
242472
327660
258883
438507
378688
299301
297138
444503
364060
207597
190700
414100
283266
237839
378698
302114
390570
226141
115300
322191
224788
172405
230587
413922
224390
440623
291271
157420
323912
194971
325750
386056
276970
308564
389733
227098
254723
434191
334321
194946
213770
266612
254921
193957
319687
453263
180562
301367
256536
443944
352879
319445
411200
316962
455530
353150
302045
160768
208314
261090
404884
313721
400766
206118
168942
292318
103325
320802
188869
284626
434188
180697
134502
436526
316330
214766
162619
437992
321088
365331
330176
172819
155952
157912
381575
410290
375105
260736
315496
156206
322319
450703
222847
351844
279271
193906
430050
422756
330159
237912
177737
294985
105611
379658
388975
349474
347645
188953
284206
425822
198983
390771
280063
268991
301537
414950
139339
320335
224071
183202
265447
319218
164901
183403
347271
169594
143000
352835
108190
102959
394189
222446
197653
185439
204613
133488
436390
242576
381630
236537
392547
396384
241025
256271
325435
214782
269273
275714
331890
246942
439459
232007
104508
235242
346894
304743
155341
341118
437164
205868
261401
231945
321096
338606
212113
297496
103781
340297
269246
117725
302253
123126
306237
151578
234430
337972
339738
219320
265206
380492
301496
125993
284235
437228
306975
349169
219143
292019
391948
308915
404137
265339
253766
248262
132654
423559
241938
209542
215532
324469
165570
408974
230108
137098
130835
433321
279251
120901
344576
378450
245896
432135
208129
434513
368620
349998
235770
323708
223509
232166
369794
111766
261325
167133
228743
417514
365278
315561
355252
387978
240102
411707
123844
285850
414276
375563
305924
297969
136351
196838
264641
409162
178562
147053
165719
162385
152790
318202
258333
265352
414420
143323
117569
233701
340881
313002
441078
339191
331366
318409
258209
342764
152975
294357
342731
217310
259554
433045
268937
409740
144035
340351
115889
305315
103593
213306
142292
201285
354648
281510
199587
370006
253636
380639
301492
381108
192171
338830
299747
168001
289363
368113
113564
322271
342488
381825
155657
266145
109028
281229
210245
271476
311374
419306
258741
290815
452662
392884
142797
331752
400748
203953
255284
425663
383647
140488
244626
385985
386908
357364
325399
398176
380272
233115
130662
117115
268684
302606
361267
255091
360228
362621
338444
445780
136814
165030
152489
307700
238344
153287
332265
180468
330798
434136
198885
290771
270931
262118
208261
331002
214400
359868
245971
183694
278145
409201
291535
361155
147560
315455
276092
170874
211595
383695
177589
121410
293245
185091
135442
393207
257087
179521
133751
120435
307715
296373
156962
268406
174148
278485
441036
424066
304461
366218
126505
353293
244159
417647
169744
377221
256433
166200
296240
395722
298651
201749
165716
303228
148312
323504
129192
204968
184414
290996
425140
198654
370747
185155
306235
240756
340271
154326
154290
297058
146454
157576
150037
354812
405705
356776
326973
358759
437313
374855
368558
348006
373137
438248
361201
344560
119872
436719
194504
422107
179487
398678
258007
309900
273648
122479
263623
253821
189804
187321
270116
399356
196732
429071
232206
296412
152521
217691
343433
111987
416281
282724
342831
166081
106039
219427
204029
163382
191750
176909
223972
441001
235267
441012
103910
213990
255227
172275
103194
300389
201039
204685
213906
245085
401018
260953
149555
286371
254706
305577
266969
350859
453429
452742
425331
336333
312348
236930
119005
319996
150672
388019
293805
258086
379791
319630
236633
443892
111160
283324
307472
433978
221609
100599
408133
173566
394909
283431
300248
137043
231414
417021
121092
267957
328734
262383
399269
415512
357556
260342
172232
315720
390179
263560
267591
452716
227985
419276
166312
338780
199132
312336
174345
405834
358702
152426
444044
255335
110629
111386
267821
343461
114305
101981
131588
297643
344555
410639
274888
273172
318470
201476
168672
198545
217813
231091
352305
209917
117485
266884
382929
235652
287730
313150
406485
196608
408912
106748
428121
423883
448186
351975
318493
198321
344005
158746
147938
108147
217393
388677
427836
339867
262262
149538
236311
144274
239961
301990
348414
286435
336046
222454
402403
147984
134737
267227
297529
224314
100554
207431
402237
110574
289068
315020
369352
325754
261137
413728
395040
237050
117384
391393
344914
238902
239758
173280
421131
233837
291321
132853
117846
281856
388011
351578
105079
322876
282160
159059
180603
446003
439517
301832
388105
248477
414138
146519
271112
156453
295324
381839
132222
206966
206513
252211
347276
403443
406910
428949
438040
353547
115939
417088
307803
451020
306605
305515
178425
449218
333332
441837
425499
442844
356321
337816
274526
423677
220662
180208
377667
429495
345500
189000
284715
395390
284711
228692
269007
413413
123034
258354
343981
204864
456253
233996
388318
321603
329770
312145
100806
236647
273589
445362
150570
261454
339729
101705
449974
341219
451692
251384
274617
454550
253999
330202
169563
311096
256700
349823
200687
291740
101988
239771
309329
140522
204198
377669
156424
330960
241712
399852
444865
369137
383987
393725
173183
348023
360044
217731
451710
325093
159231
237539
124603
439169
435295
399396
270788
349469
233237
425358
377040
267776
384115
132873
102334
277762
327285
431478
179889
115888
454463
289908
392053
114959
283120
333974
212585
400590
217869
325447
145729
382567
438057
261135
259868
444579
324105
346780
141922
451319
277399
379053
116965
107300
309424
165948
398236
315770
277187
402564
417829
336290
182680
272312
325891
434786
166595
182646
187141
179993
190099
341908
195416
339717
181125
106131
389379
314166
455683
155969
117517
167269
421891
301256
401219
369094
448912
134308
171992
288390
109582
312584
211385
345589
366256
230800
263696
381973
335631
208029
199073
123696
102235
133677
224867
277932
154142
116003
278806
247252
423265
291325
384317
289545
193451
349150
442511
360121
133572
249822
317979
132619
404095
353644
146474
290905
433951
261239
219463
239620
353444
148385
204147
344780
455666
441428
311476
324478
342040
447830
429485
334038
428798
251865
251402
320391
170573
283009
312372
173296
195069
135567
105472
359336
249022
425079
190498
299154
107695
184872
111464
309893
295055
383588
116513
153540
422369
218811
370960
304046
161074
409490
103917
394870
121961
116255
211530
193269
184828
253764
450804
405247
300735
204545
426837
289750
342954
355116
420650
231187
127995
147487
360702
167029
202493
400324
102009
434235
413902
453815
266707
208918
172404
200688
317527
123130
239281
281755
410157
332772
289795
159502
198985
348906
169268
434539
326741
325734
325606
252381
151864
179433
157009
175344
282012
384961
218346
146387
274403
243450
420388
249111
234212
431208
257857
429894
225496
264150
242814
404316
422864
116320
398048
145900
403785
270321
326406
205041
349879
240810
333422
269606
433242
224338
176996
324742
441823
200439
299640
159962
281421
404602
375398
250506
291043
176195
381134
350217
442957
361518
239406
439401
185887
136799
331601
309148
455287
236994
204738
100785
120702
317782
352672
293853
343002
437253
215155
134782
375621
447269
331804
121071
209334
213234
171021
377243
164338
363489
286824
137882
130084
332446
426545
131730
347222
179762
122365
291173
257188
279389
381184
289344
141651
314945
410460
167927
428872
134887
430164
174193
144869
372180
239484
299523
342385
365437
423478
164742
431433
237307
186839
335951
153405
115638
181506
380684
191053
315250
160160
357880
269066
224078
352209
142640
348360
386779
153765
183121
230850
352956
140979
405006
175683
255648
332874
226815
347941
184596
142528
122940
177987
333234
328430
435158
393220
134849
380539
208982
353639
159603
146286
112969
357343
232957
178031
388470
434971
106381
107508
375056
370742
266397
208023
303206
264624
148352
331929
308843
144808
447400
235484
174234
446213
264749
182451
380942
390963
309440
156288
364929
250507
300956
113817
175569
284693
212971
341723
293669
109436
297861
156015
278912
330799
332355
322501
438139
110216
127704
245700
269598
210161
409304
108040
400406
188288
125893
136468
319571
408433
243944
293082
315371
280114
172573
112314
222371
366450
285518
136516
241755
251514
320402
329194
364178
340226
193765
276189
449503
312692
309068
340618
179443
335572
428657
372216
290067
192443
249905
109170
385427
365387
342854
155899
417337
263250
161824
351599
451829
230951
347247
380460
282714
399763
350338
450361
125279
242110
436245
417099
418855
210550
425209
418641
455735
447667
219341
350329
310493
365148
160477
132997
192424
244885
157634
327532
246566
231020
452454
155205
436092
402334
176239
364824
265769
101265
455494
247437
344669
268239
226631
401947
242830
382747
204794
142639
369358
115284
229680
109023
222384
434266
265283
437162
303418
189425
243349
303219
124802
374931
309300
439199
192724
440881
216264
281925
144448
142489
329680
426739
221178
425569
316375
275673
139373
360824
183935
148297
359171
211974
307467
371890
308710
455684
378483
252024
131309
399211
128341
115540
311813
319293
366801
190020
263485
298315
386897
397395
337809
281134
391212
364165
262585
133203
410803
344152
212119
186207
175678
167376
364093
205757
244224
377094
385458
347710
191429
233948
315893
226524
195573
158058
287411
114211
224800
207984
440788
344530
405001
185925
364018
372892
209979
205759
306360
103094
336029
220045
398553
218340
250289
439560
210904
440749
126244
453327
248851
202827
305912
259437
152029
342961
349166
217888
262004
215720
319879
302325
430791
359358
375559
130540
167221
340916
144861
133770
128576
405590
369000
221061
182018
134432
209477
388542
255385
148528
128752
180662
387252
278846
428124
415235
123241
171264
443641
181818
221286
128814
219782
203597
311141
158364
356425
183528
436040
165153
115740
131261
394163
269602
243425
275500
127552
160518
234414
356586
138494
284092
406983
259355
228675
227452
344309
413120
199752
237897
312486
394074
447734
196921
215553
288229
251162
211664
421794
255492
454691
272412
317441
104406
242003
443857
151484
195747
158531
351953
114096
438585
212444
382664
342582
344474
191578
319614
258894
288356
231600
162342
298094
426923
396026
234452
286843
244667
424676
154304
338393
245378
333370
175256
118565
445702
233621
246937
225635
429756
409314
228631
349583
288800
248383
438702
226864
362904
163891
166531
194840
112957
340154
258315
294038
237303
367694
232814
211389
288901
383773
170460
175298
387532
392308
281982
151700
348266
272335
131831
304467
173431
329559
372343
152065
278069
354627
143838
421382
257350
333742
203882
320603
161322
114254
214238
239792
286551
310922
224054
116570
401391
101774
395321
333013
276214
274771
263423
381507
157924
318757
232408
184142
300033
267049
132332
281922
196999
313888
159027
304932
294669
231970
199069
341062
117202
196036
129749
228693
137795
264878
210416
310041
409577
448499
331618
282716
137164
104777
155044
272008
125032
120650
151640
430565
265120
214112
331286
123509
357972
381857
252441
389546
118143
195888
169074
312450
318633
330456
333635
403910
455189
323062
299244
143974
345255
280006
143514
245390
310139
277644
433652
175735
224452
137982
179813
429561
230305
319588
386581
420073
110779
430052
239375
252827
366823
369018
164137
170187
356871
371844
133225
435853
146007
241848
417287
332244
410050
330556
162954
422234
327402
136352
291880
353152
186343
105117
140371
155333
195619
263782
209644
218931
116675
209150
380662
346152
444511
446107
189125
166709
358717
196297
241807
142806
252736
272712
136527
319460
247035
196099
114628
171374
237483
168482
369314
344655
200634
333042
142887
435554
116762
398009
373127
151757
335513
414283
274190
216419
162038
228779
356780
147051
334182
285630
342071
153489
136252
385459
218525
106329
422881
103296
190557
233571
387773
276850
156227
417475
383500
161523
397273
211014
309199
332520
263227
452423
313783
201186
413433
392633
298170
359084
273463
202408
218574
115950
232860
376966
277289
106989
230524
440020
192063
410128
380950
389289
341536
407888
270452
149411
249815
405837
100296
227450
452415
169776
180384
383336
149115
173856
280165
164278
274185
252202
268791
402495
385793
409107
244146
206340
309224
419906
162122
415922
107510
213332
442517
276022
202873
107633
304410
399900
229542
429464
326136
425910
246020
220105
103834
427374
239462
192442
215045
397853
394498
117303
245320
310454
175557
218576
310025
379557
223674
346214
400772
333308
203677
421403
229131
388752
209607
347974
353320
363915
153210
359698
378362
176237
170805
445964
130247
215744
276342
330404
406635
272282
353742
219063
166173
330608
445372
260023
213923
374198
179806
346932
324045
390629
150965
232298
415777
417482
271966
211494
388427
115603
365235
209290
109047
283126
110643
176560
176821
344809
328141
339003
217594
346675
139197
237542
157954
190423
187634
133602
263425
174330
102796
173315
151503
446384
325787
179891
121629
275359
428160
102886
235531
376586
308425
169785
354579
219537
229518
396533
268745
311042
422843
238876
353714
336998
377777
226053
180870
296503
343026
231316
399586
128849
201138
268672
406303
445424
279449
177487
307063
149738
364881
417107
146403
327650
329729
432934
214457
369773
325547
154236
394170
370458
199346
455985
123963
447581
339136
154542
333604
110887
319325
169187
200456
341098
209144
367014
397238
374057
439497
167742
264009
292884
332441
445618
367912
353334
184369
276469
451637
251797
367990
404805
177512
452254
145432
120344
301825
274901
103035
449678
450094
296670
185762
194231
243745
321692
380252
350462
124291
357068
210987
344514
324448
374604
438283
102839
434238
110403
155127
210257
232667
402485
185179
170763
162154
299881
256324
174420
177352
143972
183963
263090
278999
425933
438849
152953
382382
423316
101553
397982
143157
381487
167689
182963
183139
418042
102612
354293
309293
348783
182177
115882
169270
172278
313116
109066
397495
201695
364540
143806
172307
137496
264956
214718
314428
416749
177513
177757
429899
314942
296643
340900
361564
195556
204578
274011
244820
292114
122193
110650
289230
341121
351384
389727
330630
129071
137340
346758
369875
133103
120849
228651
235494
428481
295300
395309
279158
413579
164249
328168
311856
384698
163308
376066
132064
340026
210290
370272
254847
238178
239409
147582
253635
385870
220500
338410
392305
214211
162976
429146
223443
406799
279356
172352
132784
228478
204399
157628
352505
212062
191560
288949
129301
236226
296966
345135
409410
220350
269527
294412
259945
134187
167741
239242
292529
292597
133113
309939
213977
173404
191146
240726
112574
437483
421720
349900
356603
299767
118327
173336
237776
197679
302100
217979
209243
320100
154432
396336
173972
268803
212428
166148
248519
305599
136637
422730
335737
342913
336123
439432
118195
441703
275867
236416
115911
109701
380307
331350
173170
187682
162311
418221
115667
375253
425250
279005
383257
128260
154001
213721
183183
195045
403106
234094
380909
388828
395656
200377
319032
329598
385966
179971
356890
392653
398722
296235
284685
406119
273411
170112
205033
430633
128648
407446
119773
311052
117086
358515
246112
130352
232418
197569
286171
389865
291314
245380
399829
160889
344759
423389
316089
135023
272876
427679
117963
193466
383902
347017
210357
279398
220561
435145
335694
114674
452976
355485
249512
324901
436412
302360
221879
202017
237102
312532
150048
310820
131670
251561
383522
383618
196342
291164
272125
270511
237919
108369
117364
321194
403124
158244
386074
347107
197271
414611
218218
452146
265865
171672
295226
240155
187957
335239
434956
402455
301737
393354
118298
307139
372786
321037
374809
397467
347364
235195
197185
240193
151239
374306
172254
151298
257649
261209
164238
318494
107138
249522
133694
386905
170017
350474
334536
369497
248863
138272
145620
179421
173487
403226
330204
135118
107160
126333
407133
247618
213328
194317
295631
232482
235304
154448
222997
290450
113414
121496
123423
321569
108580
227581
242458
278747
233500
391659
121453
224590
222796
287347
384084
231327
245799
354702
408151
280030
352737
190462
173179
306772
293101
398212
423884
224744
456233
201523
363628
223146
430199
311351
368750
340032
120507
234260
442558
265698
405173
332245
255758
421177
140148
110429
316936
219163
181311
406894
433992
384372
148732
178884
281526
370410
437145
355761
258761
390911
166388
383363
223683
398664
250120
450642
355596
349553
384160
257106
193130
196142
289091
324709
256197
366247
230721
391252
152276
388721
273852
306849
398747
161293
367143
269466
336224
141700
404016
219734
395175
162538
327029
125283
393304
249237
405415
240762
322296
442752
455605
214273
290007
402934
450123
197703
127502
267048
320473
264170
354290
116432
377635
218415
223620
419624
240016
355067
232500
226333
210213
377947
354375
329977
141155
157127
367934
349662
239133
444889
229698
164203
310677
437116
314663
300663
416067
233913
115856
301223
104358
223842
425504
194305
408475
271219
297767
108886
302420
140994
387205
429779
425452
284354
318887
249490
194664
406400
436614
429595
179214
303335
455107
358947
102931
134731
329932
395147
350126
314115
411642
361257
270329
189439
276755
310269
227184
203925
401793
281728
104364
105115
269254
347778
123478
117666
238741
413530
120801
149714
130035
112378
214040
138832
164337
138000
321893
265651
272725
120714
446113
450051
187395
269344
358551
212992
391389
199296
169642
331235
167445
192741
113570
125140
104558
195374
298909
326058
201590
402731
216201
338450
399369
158559
440217
298629
297866
149546
341812
299735
238049
331878
312027
400859
228200
208512
194718
253575
347024
287073
108807
383377
252648
389632
229855
434769
360849
212510
207450
193367
321708
359900
268219
130232
323519
297916
283482
147683
255507
332945
436548
297620
347141
432759
420682
377621
254985
201276
347158
402128
371995
353904
112062
359339
168050
306065
213950
380842
274232
283417
154961
359734
176758
269350
338656
150210
420079
321590
159012
127104
358783
448614
156665
447688
289342
183833
424790
178230
438666
317916
171246
239464
433157
349627
111409
420782
164371
346030
366673
147850
436414
332137
241668
289190
404106
377015
330451
267482
184057
373975
285569
266538
176048
105081
124782
261618
455615
348800
347532
437961
356071
378998
132178
156800
205685
308047
276271
125731
195709
328635
326178
326548
207424
258451
107364
312875
322535
418160
280186
201831
171492
402699
200041
247144
222272
111475
214215
236439
447414
179472
221432
346412
207194
358768
202166
452740
401475
321481
368651
338981
380072
387259
346037
453472
130032
246109
170706
117601
156849
325989
384094
313486
382998
151392
432322
297462
372855
183250
361748
228678
228012
298132
266534
118694
126502
401407
366316
369021
332706
338347
398596
282877
103667
338484
245546
383912
316637
284082
332719
171106
260975
320583
128960
178176
107756
124349
271383
181940
257498
423577
198873
251044
337040
372396
435613
141059
425339
326067
218213
