410106
121750
372641
338377
130387
230900
330595
362082
337220
198310
366807
105668
306692
128369
117244
133683
241802
322545
447956
123913
157396
241197
124293
112442
405284
270114
289279
130427
103458
378505
385440
122748
426699
439855
244111
254531
225455
209945
418714
225230
327600
192984
125153
145031
228237
331215
408293
112086
366372
416529
275221
200308
213417
148991
173143
156114
333310
364871
284702
191527
380606
229818
331298
234469
366095
101883
313928
329208
172148
108669
326134
355972
390190
420338
308020
426472
288480
338756
286808
413041
195393
277897
141308
128256
244320
235970
383658
382030
198065
121270
361773
295136
102128
133019
220795
207425
137706
202643
211656
253864
282604
362746
148923
278881
444280
289618
175041
246291
186813
204989
281074
424120
226431
414961
425476
236425
282460
295111
352695
382828
189446
244450
363442
293945
136080
336446
287134
227854
401784
345200
235527
263869
412819
415878
391291
140611
348616
172818
117751
204710
341217
322081
116625
360735
207835
281722
111319
124399
204067
309876
327071
257156
318192
386407
454505
228611
137130
115979
130341
235858
194456
149024
153133
222131
347607
283410
155222
449806
140583
129259
283182
238264
339261
102857
159455
306690
329004
212947
358964
151870
313040
422920
121327
137748
394979
317494
323743
111722
271360
392498
153424
409781
189283
323798
308736
100672
422125
316165
166226
281159
200316
327643
223618
257927
391420
137986
190370
273666
401590
414461
296650
385627
238647
413567
122310
180704
119889
269796
351136
402194
357328
232505
358168
214117
218895
399522
125623
228953
202377
442809
142011
269922
279190
220145
242905
259884
206357
201563
316425
219462
445479
343994
258069
418199
307737
167317
423891
283915
420445
163600
433061
366150
204780
416548
326125
209065
253391
129423
248523
399351
379926
138082
283319
115702
387605
214103
302030
152485
267114
393575
210797
455418
339290
153934
370053
119268
108599
208042
455039
192718
294319
377405
333707
193235
208106
273230
252433
380052
197988
211400
230489
204089
407505
285706
124799
362151
151740
101818
122496
182780
304868
229616
367262
344128
329563
310980
167270
294686
316506
377205
189523
100839
134421
441721
323412
410695
124837
203289
278943
411706
162805
166156
173639
342651
134612
418640
418870
273335
122651
254569
221174
342848
303025
199617
392432
376192
308491
254101
335904
423770
141991
186312
264279
388458
421570
313616
261572
156361
119969
439056
381146
400257
205040
443780
325145
453722
279263
399695
252365
267607
448852
117630
252438
443287
283524
287669
425501
396390
185239
212683
147041
198838
415002
198498
273290
173977
394882
440794
123298
445066
107008
421460
424884
164913
444830
282147
106289
212140
227608
320127
354231
176532
139157
172915
395106
168305
439670
106821
211653
117732
125095
208214
134902
323500
422452
210882
310370
149608
141105
332767
231231
197004
403070
393180
420669
146101
240612
297302
372246
286030
230352
427820
108903
430145
163454
321948
180952
155157
243420
268348
348609
264914
443144
347135
296495
212554
129199
204107
108822
373367
412127
233302
154521
269627
262583
307591
118971
110291
132233
292104
266456
326815
443636
380535
268226
438443
434547
123026
126319
338582
330109
356146
434717
163948
320934
193092
110057
248142
208560
356412
262600
298908
132088
435201
453441
137538
396715
178839
202375
136469
292218
295157
374276
374690
128841
123523
168145
302731
405947
276388
394864
268680
298412
363026
202369
395283
367252
136098
366724
365691
215330
332230
162067
166895
381285
377535
110704
242031
385194
179645
216277
334240
124268
189676
173256
221850
251897
193473
311796
316586
360519
192709
369779
450787
246314
329151
169120
189835
204637
445461
310849
429843
163351
262905
310926
312740
362200
237055
285042
230744
115062
266669
317832
380544
400126
311975
405991
447711
221101
179026
273603
272109
368657
389922
191325
446281
282314
351980
385054
100916
101175
114804
258324
239326
377820
136735
202663
290435
261553
196979
357236
245685
225313
163795
194031
262973
364071
455486
117581
204024
128988
146237
334924
217041
162213
162184
250308
113517
414156
141533
212774
429671
391405
204688
109017
412425
425296
242986
425174
129401
413643
135421
271243
283577
332578
411744
251193
181978
225716
321232
232587
156936
197344
416333
272105
185731
448406
374722
117044
122986
156060
121015
199741
186912
276116
356133
191647
298071
439978
226644
334134
453612
148193
388741
138206
106518
287612
164548
151493
202516
205057
315066
147090
364811
324196
444438
409019
355051
434593
263343
140663
352987
334905
148446
181308
175254
299998
340004
134303
380089
143125
384643
335554
211459
196833
124417
144785
237916
141098
235656
271500
357716
224741
436843
234803
130913
352621
136309
304434
360958
306974
198912
413421
448623
231658
426503
443526
410294
135882
412851
246889
189110
309391
160795
140064
397586
118184
259447
421779
438957
450241
270780
136360
123691
188325
426705
325598
369550
326379
181368
210896
431068
394827
265695
326286
376324
414901
430793
213502
308441
141378
310465
368261
406385
154343
346800
448679
345073
388781
208378
376982
167595
359801
378172
248146
197316
389320
429960
384944
275953
191533
148546
140030
317559
110591
310425
319180
247746
373884
241238
413719
150803
172087
303401
442828
374463
207691
219937
350963
427495
127314
252061
236887
228935
195402
222686
380195
249264
293572
329102
373016
294797
381229
205532
266464
398945
168889
108890
179995
316846
357714
169970
273489
290488
113178
299282
115574
374580
393404
135200
423532
263963
389913
145912
139232
442795
239717
321500
347528
164185
387119
447065
226049
353281
388404
333074
427397
242929
305264
152960
265811
317008
133506
103826
118418
105632
145637
102281
265355
180533
390362
357045
269793
245132
234047
130223
384268
384122
346498
334370
191043
173901
436149
108431
247011
328092
328248
232349
209919
415375
331908
450091
211156
232499
194253
271672
426371
447790
439456
148973
239437
378507
449584
444316
203994
157751
300895
359393
344661
139929
322329
436348
368698
410357
207963
347354
285658
158984
200839
115216
239591
261666
306106
433457
197394
122224
137477
445087
305564
324380
341468
194287
258430
131378
448287
343196
191706
408805
307536
309115
147293
110858
203406
437441
101340
261057
162220
290316
155914
437346
397567
253034
132048
329832
426508
163804
404271
315442
218251
355510
205021
330955
273492
277481
413919
415320
353770
363488
388579
175196
308348
149194
232620
249336
102521
333675
425226
391673
398666
153323
308368
248238
355415
225573
108648
203086
448535
209934
424844
370168
391519
367039
380114
405137
168573
128351
187840
212041
182649
288366
455591
199499
402592
393468
150248
164940
271096
315293
405757
374894
380201
143690
354382
212232
211227
121888
258955
308263
222836
344354
210827
312992
199857
352069
161915
378772
430408
329141
194511
377438
117991
104315
103346
333111
162962
335046
447749
217421
133131
250191
216004
263762
156812
234345
155430
165327
255718
109246
314123
351255
120052
305146
225918
448298
111668
103994
268980
354657
202358
362655
292857
339606
450389
259801
288723
308790
316074
244369
243081
297075
285573
163407
201518
153288
178750
106669
387525
444979
187404
306396
454651
157508
111159
407360
257845
393058
208480
402766
293265
114087
215135
184884
425040
154089
196702
171558
335338
315492
344800
309102
379326
199482
254158
187390
173979
294910
185455
274205
335811
259817
166333
117343
251377
297057
204692
140407
214649
344896
265648
404023
209357
283754
339430
169447
224400
449198
271366
331602
334267
317025
423590
362784
360271
439214
200946
449579
337695
440077
456002
209639
212627
193565
143455
312680
261296
112022
422623
391473
307325
433430
395376
422674
389811
240663
228193
160829
339671
294304
107697
117065
451401
260327
330177
180770
448670
218315
374667
229857
324770
259462
404756
386090
251651
160918
349721
102114
256231
251227
202505
280192
220802
273981
254494
245056
420680
393080
371792
375954
357359
198933
308440
248157
378629
126769
450980
276740
438989
209173
183541
254349
368039
376400
274360
313988
117997
276000
435659
424170
355683
136391
164268
253616
411177
349282
306558
263124
102824
108109
134917
385897
331732
423011
309387
211905
223158
266473
377808
293677
395260
415022
437476
144487
356632
212665
215013
246981
263107
354521
272134
203494
122424
215808
197204
437132
168166
247679
341547
296448
262476
385639
119420
186365
208751
137789
130248
176508
319524
331739
306044
446874
295766
230650
300398
284176
412539
354746
109511
253271
359704
122457
177176
416042
147445
378095
124564
286203
335720
406999
124244
373487
393726
284583
345993
191208
255850
161211
252712
173265
213837
287119
330613
320569
416137
145126
239476
350534
310907
394896
211638
307566
264152
103986
380027
381702
313211
285001
339640
227338
268033
165586
292911
225869
155934
257604
210804
248205
269619
435933
311408
144018
232402
185725
151564
453685
247403
372280
385221
360497
260667
139410
254011
438638
404947
444695
193253
308839
177671
416622
218404
329419
208669
362615
425320
371632
188636
101444
175383
250341
308808
339113
303699
191411
428391
217002
188430
229174
296640
335529
439862
141459
219356
247585
144741
312139
378370
222685
275522
330009
285025
437314
367550
259289
408966
346065
152001
281327
189705
231294
306636
175642
375375
351597
203059
322378
281883
133356
413071
114312
445227
256495
174646
161144
248520
430069
320598
336919
386993
192020
435111
235301
424660
236942
221826
454586
322590
220299
358290
187687
395650
236125
276215
177673
340447
119482
301696
298287
351124
188545
281221
246066
327282
167696
177540
214504
441668
180094
307576
127560
277495
211231
148165
263559
317540
141746
266153
365059
260192
322575
266876
249008
183809
325567
413676
333670
189124
172878
236699
445831
319526
337456
173871
222813
150763
336423
154419
207270
421811
108119
247482
245832
299108
221164
357989
394202
244614
391730
357396
448154
444176
109909
452111
142350
424766
433168
115015
306109
304405
248198
230062
130210
229456
227257
144760
174996
435555
400647
259276
139546
400013
328158
150716
354040
255478
366916
248175
143439
421628
262003
149113
421873
130076
140388
447893
388236
228838
302909
329444
201570
438479
324963
450181
311940
132548
389349
101894
276176
394913
140456
166808
266317
287179
365383
234715
324166
303960
204868
158506
121173
177278
213226
219698
230245
195631
407472
241107
431265
136939
148649
311179
438966
138572
420215
180072
181688
172888
156961
258752
343305
171682
447322
331797
169366
330302
368146
157830
277924
203652
359435
255530
398560
327205
437047
412284
282274
415600
207995
102025
197370
303342
183307
364934
157072
366265
300283
246323
312674
380794
255736
148854
423212
218621
167125
130465
380420
169685
311271
338778
331867
154293
419990
188870
235155
349278
134570
183054
425814
140441
273462
226232
378577
204462
335392
379303
208437
419045
248076
236649
100650
353909
220499
198989
213606
234432
174608
370072
242577
420026
377021
273984
211165
332542
279930
438388
390290
389817
125183
432393
280066
303212
219407
347536
253619
283363
255289
129965
239396
418122
352798
223889
257751
374785
207284
111765
424736
185166
281631
166109
251262
128959
406091
343301
358169
453250
238626
375080
309551
140208
430167
422201
154515
261395
223950
103134
220663
302445
291438
340497
168274
391442
184953
185251
354516
137243
110264
220135
130821
129662
244427
205893
299836
227273
254816
315265
208733
156930
408046
159573
231526
361677
405604
374651
416001
181008
444687
338821
290951
134925
262367
384402
400426
276452
293897
249371
296505
351765
186857
418450
101617
444414
158294
191000
421429
123042
288494
390232
128290
156137
405452
320865
344933
120452
112389
260413
234410
214142
229172
172156
159373
366195
228145
443591
405027
345772
233084
253003
240505
138694
273085
199331
163393
327040
355056
386275
214490
375922
376471
173504
308771
296685
207498
252614
369756
142100
229012
306697
380782
343513
147612
127655
150737
267577
240727
286196
280503
254166
139275
291362
197610
252058
298526
133112
290211
229492
369533
137278
345536
346381
374355
251074
305166
142096
281065
243191
403658
212161
384891
285190
408992
149211
170008
351668
434888
137074
339249
179848
310962
118040
376157
447289
120663
330623
437197
167668
313329
177471
195851
218932
128751
382242
142151
290804
177377
172324
256542
358218
302795
448736
216822
318680
129656
332518
242717
225177
272899
415025
132516
219042
287663
229666
436120
364073
200843
201905
147896
173954
176701
199374
391636
330543
301818
313935
348867
409684
425262
378793
206232
115689
346798
429049
366815
388774
423044
254201
106992
223880
347054
424409
225263
366276
417065
153493
448780
133568
361844
398812
245900
229014
130634
389336
210589
429419
164397
129436
180915
304980
136387
125262
144566
238819
303853
391728
434071
188842
225054
400353
443806
108924
333690
428952
450636
157502
134057
454620
387483
395389
448120
271619
348918
313296
380440
259472
299262
375309
401189
159343
339418
315789
216369
110987
344642
451091
247520
307328
272696
223502
361755
360222
136144
162784
115353
289655
242299
117137
357037
135150
144926
183679
334406
392811
305802
198468
161578
219259
116502
435389
237405
382117
355581
157684
390195
389583
410543
328375
394985
158669
132824
118554
193344
455991
363875
369611
450082
191151
282727
198635
244512
193472
353594
377693
379842
432147
107055
211545
242532
441247
252810
299401
361139
255209
133157
169397
222118
422061
187300
198682
202875
218280
217233
190866
244149
208541
235534
233206
339946
198707
174776
279260
203632
184714
418557
223945
192437
414653
231800
234052
309429
343868
211230
120505
307403
202319
378205
169654
357055
270990
331609
160525
422744
156607
186882
113101
214779
348550
219280
229985
149259
345887
247043
221844
100852
144255
206663
188867
416559
296563
389177
244589
331435
181276
398568
207102
269266
116877
104428
220068
186744
306947
104971
427981
268617
161433
186088
286240
275110
172394
231698
196835
293415
383210
394995
438887
234677
413923
411725
330512
294934
434961
145584
149731
177663
426862
259782
393437
416630
119102
392563
111281
355119
328073
308799
409713
186033
242019
448620
120989
143097
454256
393476
209831
410590
391004
244541
306164
406034
404793
266633
380951
394193
302512
102813
344147
135871
187859
170737
193257
250402
255221
297242
375523
129671
408146
430252
355608
338657
148246
109744
398161
122659
392134
197467
321682
285673
117508
157916
223497
422303
248033
362964
335795
390585
113512
105930
258208
339239
145672
146309
388941
223491
394688
425747
288476
127273
359425
414228
408234
118486
142777
411056
228597
201603
252467
428560
391093
314445
159324
137230
145628
241514
222953
275637
391731
424718
439738
213713
104944
336785
219709
199769
105544
437718
233225
351822
198332
280580
149233
448951
268932
143949
449904
263969
113057
401173
370140
263303
342202
176555
234166
371203
410036
171091
372339
109351
233956
367816
413674
119289
204031
445660
130128
297347
443246
310642
237145
118868
250945
215304
320990
188179
193597
311717
334116
377986
275476
234998
157323
283984
202359
251882
383955
302410
197980
366043
192953
157788
185524
340423
196155
340873
261278
263397
432827
378665
336388
289897
133432
347762
359528
184352
216057
356973
248002
140159
353701
212573
225866
410339
250240
178452
330656
210885
410487
311925
382475
182440
387557
390127
422703
289658
297639
195514
271546
132816
102455
249945
393021
455259
326403
133187
337357
221703
213221
403509
370598
183205
146332
431968
406375
269221
226090
222569
252766
318712
435452
364158
161582
393716
205511
140618
391688
326336
145778
238274
416356
106492
361223
220591
127581
141822
415773
266004
283156
430944
313363
192005
395835
365843
437048
385292
276559
307516
198464
320553
295237
112026
191921
296065
407092
299987
333523
187607
340932
286242
152211
331428
106546
388489
299915
123286
222649
381379
353564
353762
109503
385017
292161
282568
396658
187810
106884
201494
292636
132538
426428
130287
322627
235918
238033
315537
349990
196213
321501
337991
330128
239927
199450
264408
160240
108536
145787
311074
278413
208239
374327
157342
302648
384853
428795
270801
197430
304129
189865
316203
346335
295849
273512
146508
117029
353524
212375
372157
138541
140363
240127
140713
152275
395634
288325
318079
253060
270360
325421
394396
310777
341039
448519
358361
430277
313903
386345
170965
129341
374242
229116
312717
336816
340848
219260
318943
445844
433172
379643
385572
415528
259546
165181
383024
383609
300966
343932
202486
236080
387279
194542
323091
246496
109923
156418
403069
288397
338154
120090
294727
362764
292209
122628
306761
148729
230946
417419
400931
391088
199203
353103
419088
378432
371272
150001
308689
268223
350201
215184
292450
358203
395151
399945
182416
455529
234808
233099
320444
326603
273054
228109
235302
141804
286358
321903
363332
387088
443093
233139
167130
162825
151063
450217
216456
116059
334183
225814
184188
342936
178121
105880
287018
316689
238491
234292
147881
178956
155852
397085
219008
142818
341649
140419
290619
311894
237751
342915
314830
167677
375960
131680
432846
213072
392166
427091
192887
424795
303444
334328
239621
177453
267248
171204
423331
331720
388961
331047
377497
455038
261142
129334
180918
363927
437619
260496
359108
182249
100639
380374
202279
130595
389166
211374
253129
124624
216431
281474
363750
303617
273351
190833
342775
453392
198313
436180
385664
365208
256052
431789
348532
452167
418364
434128
348109
421149
299164
313757
152634
351781
191744
210580
145115
111092
125467
168605
224104
455830
199159
114900
312625
301738
122729
211766
319223
135907
242997
417463
228486
210266
108206
102941
369708
431509
242136
325122
178147
334316
356933
390169
337501
297427
434077
123779
315400
216170
297628
192745
275687
226547
440855
283508
107428
442429
284244
174159
203535
234332
444871
382049
437401
356248
102220
371418
285802
201334
455942
125155
152961
438801
312100
208326
445480
285725
303732
442462
224764
334142
204661
129263
351429
446602
295577
384079
318966
375732
181982
404802
104107
441549
190518
151618
347113
136362
415335
208824
362323
288745
418018
339298
171643
406222
275195
238468
244375
175105
232960
104116
112623
413942
340368
126268
416480
451446
253532
177320
394455
423264
276610
382545
166821
416022
341341
172756
260838
310055
155071
107957
342829
181055
404015
421567
445673
288985
150165
357577
393872
290185
363975
254927
317058
304180
253680
441661
290633
367059
112041
252841
249102
198867
319533
150584
430122
157418
413471
281765
364644
129498
254319
451603
240830
216882
333201
455931
161122
283439
309772
401750
292290
385198
400705
369039
189915
119551
115750
132354
109993
306309
405783
107175
147330
230506
401606
334065
146845
426511
272295
259150
452387
447560
372158
420766
350672
320898
259572
413804
304803
436519
407408
290249
140137
396870
102752
358915
210281
379715
445041
305222
393824
114773
160131
105586
166313
398133
354297
372974
261300
118580
353702
158059
294332
389017
360221
202458
103672
332931
362845
159877
450367
159859
127388
436405
282736
120514
123683
378536
338626
325442
257237
106781
217186
423329
330320
179596
415365
276287
403314
378550
391124
237801
229126
200158
201859
270093
349573
135075
133489
418695
239902
410064
266560
385752
239932
443909
373146
323048
207613
246262
105614
324188
176204
287712
438965
400286
230872
255940
138918
356455
346935
277954
254677
251907
340904
378792
203390
274697
288126
368175
396635
239477
246281
256453
203537
110112
175898
413883
285979
423304
447171
118593
192073
441866
355038
361219
311798
272100
173470
367882
216547
321629
123945
205404
379712
100209
290482
438600
253669
166795
252090
283544
324991
394744
452841
173499
255996
427410
135671
165839
435399
147455
441433
118385
215014
139080
447073
408685
132235
183406
129847
173253
312805
141044
202525
351590
134759
256467
109752
284607
355428
439656
233916
261352
371756
126280
192496
315043
127583
182575
137903
159820
343655
393165
303819
389417
404635
195555
318870
167322
231515
409659
406412
298478
321361
269831
425318
183749
242963
141380
114345
422265
358928
120242
125201
294210
405282
220461
186000
310605
219096
336940
160042
419200
429300
412294
266191
444960
406882
360473
114752
417046
201643
212840
352478
352588
417720
326162
381015
263927
249959
130877
273562
208812
391965
235629
111270
273696
153343
273976
295287
360513
269584
193632
346050
396570
379880
409810
161084
123994
245355
440052
101694
154652
156316
407507
239189
278763
395410
359831
144681
230541
200343
416194
452434
149473
119613
243603
352005
131115
189720
232286
257288
181394
439588
418307
418366
191999
329878
314800
392574
435721
254492
370736
172859
127534
187953
244488
347367
337198
217452
167195
358950
288406
170672
407989
114556
309669
253168
191485
446839
333393
254169
352388
283949
365745
303283
211716
414874
292518
152222
361468
123728
213211
169820
133621
418118
220250
276490
211585
201253
235708
188692
173889
291862
389873
272149
126049
199500
290781
118928
270015
351591
113026
227126
229361
186449
131663
269816
278923
318781
166456
322980
335437
415935
261884
172962
253659
277262
296949
172852
380904
409547
441280
357049
167237
132184
129936
167424
299338
419417
166624
438020
340336
301615
175104
216701
317214
187979
296098
374833
148678
118500
257048
406763
445532
393065
122345
118687
269391
106120
118544
343208
107011
168061
263115
134101
346980
165083
149185
130069
366619
368997
364565
154887
428327
327043
414578
203267
403140
263010
309066
430064
386554
208220
451304
261526
178361
347041
107704
341240
291056
198797
182466
177833
446443
249198
215088
389076
406104
236270
120988
241519
237387
234540
159704
162468
304522
218935
227795
238408
281748
199630
167678
223879
240828
401154
352873
188514
302549
434561
150647
174659
387094
410850
235621
237925
284249
388868
379860
425065
424276
319172
317789
453138
318873
360397
145692
394962
331801
305527
305930
381599
177502
122843
207639
368654
249788
356265
240434
195424
184055
369473
274291
412588
186529
363988
106563
113813
449245
135824
232949
358146
146601
156839
395051
179207
131841
393796
273803
134259
361057
240277
300659
123233
360487
198601
302685
297779
120438
301928
416878
277469
325545
361502
333431
452761
266900
452022
314962
180976
371725
373395
332773
344311
359439
400630
105225
258001
453812
294170
119433
347495
175438
364215
153956
433422
189717
400245
226324
139695
139469
335150
159954
135621
208475
453210
378579
294704
170422
108737
375260
371841
403746
107917
119543
151387
373232
232507
303981
150230
449950
112503
454769
181155
274849
332749
110114
439771
281681
352989
317963
367066
333444
428514
412184
246973
155277
383154
243455
249967
159926
335467
326632
420095
303093
344714
308764
250639
208655
284125
299124
107384
277251
171436
385526
173026
327364
249210
153320
188332
283114
353969
272044
190119
280093
398906
214479
372038
244630
211893
405601
370883
280974
187459
101142
173849
445201
107612
443382
435190
330319
147020
285757
210218
436678
168908
422977
290301
180857
227177
252462
249655
141046
223578
233076
248436
286306
268947
410625
231479
408202
145626
418356
373617
196356
351359
369447
227489
403608
229555
413786
178899
203491
280780
160093
143129
169861
213869
139103
359286
190147
195150
453205
151201
205958
292959
350371
267731
448365
200176
357395
334562
398511
380863
210301
421247
204624
188427
232555
398685
320804
422326
378743
432275
324542
304916
166853
159028
114303
270907
128168
360691
199064
137949
291634
183622
184748
166656
178457
407477
307331
259942
237546
124966
282227
283378
352961
252723
435404
137520
282141
129218
374333
316905
379074
446184
100049
189940
347000
307894
107736
380327
135577
372189
249709
429665
115125
244665
280809
414531
187002
127822
317907
395788
454048
326168
399800
106574
156198
381226
113948
284913
370759
126003
287914
173630
126057
368459
294291
440169
108827
342925
339702
445807
203654
280122
172378
308897
406505
262848
277752
278890
229583
250760
108666
254147
375651
183727
272951
279191
310832
299895
141287
243327
454219
413195
404498
272234
140175
119687
449567
118983
126787
296965
303204
435342
183323
263934
378922
409736
341336
283270
347378
381118
404509
167321
281162
298376
375178
114903
234088
192137
244697
393595
346548
426077
116445
350373
174723
350533
286680
452184
279329
405572
359721
194839
411548
387150
127563
232019
191934
157810
387894
236748
143519
142457
301013
277969
121063
120067
411370
292207
147365
454101
272772
178927
115907
423090
291210
195808
265347
392351
103538
273494
443725
250897
394921
172245
431160
359453
433303
217255
308587
195464
392983
386512
315845
290887
358386
359457
139852
395402
142878
207725
204241
273536
210699
401553
283630
399958
256518
225463
243883
155303
176372
427328
276545
280849
196600
264954
296622
144130
180254
234274
386066
131926
385930
401578
454937
368433
113166
331496
361875
352014
364894
110077
153293
168811
379551
167823
441171
368229
415314
389394
297642
384083
396805
271283
257385
131400
124970
437974
256997
107172
337744
154420
356451
130523
204880
172305
275880
204488
265401
323265
431814
209948
257371
258072
363248
404534
204600
454756
316858
356099
201313
288513
271661
305935
220340
215338
134333
201455
430033
203528
167250
413874
360665
455819
114340
365305
173733
133646
356543
431290
401421
119825
433948
130152
374403
175112
400060
304070
247857
270124
371226
168161
260201
330282
157281
418323
454005
201183
388681
190636
447784
227611
143301
260275
452725
405439
289677
114466
114511
109069
440655
341756
223134
386621
439627
270702
373044
355532
180927
331780
109695
410885
307596
404041
371574
292109
338734
333697
425484
330410
206847
350306
425465
328015
411181
208847
359999
144219
153997
386624
278269
385174
158991
237372
430299
416259
117125
233208
130659
443388
266220
361513
190038
393766
403864
442776
428430
225703
161979
196661
350528
302014
162008
352758
312020
107278
300180
419022
284714
313290
384833
265184
262220
199218
259895
224179
102464
174643
405457
346031
248656
180953
441131
340716
386746
165573
437069
388282
217485
200251
261073
447461
170632
412218
434605
325189
455358
332627
252790
405180
274828
402637
173940
350235
383735
118097
201618
180538
350328
105929
420090
433189
428986
450561
354770
271352
442073
404234
116235
385795
275020
285805
412358
334921
182079
172741
163796
285126
232388
217825
284615
416930
358823
330372
152041
399685
192964
171647
369344
224201
179822
116834
144103
438740
136928
246860
321331
119475
181717
407028
191590
387127
170964
333377
190208
104769
295352
321438
341694
382656
184113
132897
108770
197617
170394
435228
250519
115593
291790
395364
414862
255411
388040
345225
135991
442500
440887
320538
368163
246008
402302
182935
253800
127935
258481
219956
340401
289486
385520
357962
371184
242405
269969
135318
323309
290853
375131
107421
367561
276387
218696
159046
321886
164254
107995
201469
368162
113149
361587
270233
262886
362481
174170
192820
222485
180551
319761
355915
305792
264004
401601
409971
334163
107855
396592
263995
405314
208037
163567
261962
200369
131784
274609
438116
157610
357378
400885
327243
227190
336872
302793
174635
295945
132976
300718
311088
333507
185291
378039
273034
254419
258187
239958
178208
194052
186975
232358
132372
225525
203582
303349
427368
231385
160693
195558
383346
173540
203824
261657
370049
272922
319272
267202
116807
312728
221512
428500
452329
218237
297566
198147
420369
140273
363685
438033
288984
234762
388966
300768
261081
253301
369508
224948
414860
443747
223733
418507
373440
344381
219733
293826
419606
322012
154770
275124
145327
313732
415029
329367
452343
166417
170332
421630
137732
220920
156651
158585
350496
420508
232247
302094
306920
243771
358286
114753
100279
125459
400335
110668
233914
223469
316842
410242
153143
296073
380792
300336
407348
180219
282748
425481
123422
387631
326278
332395
323676
341316
261828
177942
132315
346868
156736
352359
185797
266575
375849
225587
372896
179655
123970
255893
234597
386175
436293
250930
313115
391962
440906
319098
242511
229208
300291
359328
161747
288595
173358
263704
258803
211917
315872
448025
400156
212426
239994
116042
393820
240961
142219
327094
373672
239719
111507
175728
229505
240015
430421
117668
229257
139863
416731
407150
204104
131633
156598
352226
135427
437781
193317
279169
367583
343392
119435
125077
130355
424986
227137
161142
403470
315801
455492
274685
165461
358057
222812
284034
102376
241673
177704
360713
296434
358978
337252
240017
275474
347040
400467
412322
189620
189504
162089
353458
413959
194322
102392
352979
375366
299033
147614
184363
438562
183031
319200
190353
389056
413222
186406
456112
436845
354620
305868
250379
162990
302302
386801
293478
355446
256756
130882
143383
243973
224814
244048
419981
295036
313122
263469
404729
123188
300634
360123
278666
137641
128269
380549
167425
394972
265167
437292
298881
339118
281041
402898
346568
324155
452433
214243
194167
253242
304168
291933
435871
315183
310885
310819
158198
172185
427519
218328
158095
117596
231991
300409
391239
279993
409682
410425
456107
125198
429610
380995
232955
334225
207113
154041
306271
312408
111497
131609
366231
118527
143441
132335
410842
343804
324888
356017
382065
184314
261193
251880
208977
136020
298355
385545
431005
409130
414040
234977
114363
348852
383488
138302
297763
121036
365291
376276
151105
282931
285693
312748
373441
449929
358946
155981
167523
415879
220899
433768
104997
243286
381445
301635
360465
305567
300668
156806
326906
332690
300946
115936
121860
346458
448663
350024
114946
271127
359652
365363
234806
445167
366066
181136
149697
225834
372283
312869
182788
235023
318976
389392
438289
244759
359090
188365
244598
217765
435909
133086
397274
124019
410453
369950
189883
208070
378686
339823
235128
324279
217704
246682
242912
212186
366525
269625
289954
248960
237302
370243
157190
299667
125322
392472
326932
148614
103005
231596
194829
224230
161642
289859
414776
297378
452419
451807
355177
441635
115318
288732
225440
177287
303327
165259
424180
327329
301498
253084
196639
431642
111966
427696
109589
363847
170909
312988
168765
424116
235788
298941
365628
316851
197917
310699
421006
131328
313601
414318
126588
140103
303562
443569
438274
270119
331742
356488
439877
308042
344415
421650
304919
238234
428023
131517
419187
402698
286144
308438
266845
223671
431608
166943
348628
186669
419773
175439
108634
239119
435347
187104
174086
414849
436890
236566
124541
107443
170715
354171
283038
310621
347961
410734
218719
317841
376843
323531
284052
270357
211978
275222
444818
383141
167556
184667
367371
328226
400150
151338
277406
390304
439568
186955
130585
394763
387209
258572
201986
352329
334859
338070
108150
368080
341514
280584
256547
207467
196190
424934
277339
278500
416331
218661
227786
272935
224970
356719
275535
424696
194062
317217
142716
361230
154734
305736
183364
234164
405733
444957
328978
162600
378608
438113
374830
425422
109375
455445
310092
327645
449034
330756
283764
295930
243356
422740
403177
393303
247681
436634
374062
440638
125805
220115
365309
299888
336254
278467
315907
431536
128460
413672
143213
137365
167593
314447
117370
137543
280295
116574
137092
100002
126345
317827
245803
290707
182973
191637
377571
142642
423803
216703
177408
150634
361616
128264
220798
324961
247094
291083
378491
441283
138266
148537
412832
372897
110670
324259
135033
300654
331826
171368
352121
198105
106093
375495
231372
143630
256274
132258
400893
412438
420659
225768
166666
360601
183829
134707
291288
298638
104868
184027
418686
175777
203668
295283
386205
143910
256354
154214
357417
366610
163880
329277
194412
335540
134561
261287
308141
167853
453581
224088
244308
248917
315322
338125
235954
323646
209382
361393
423360
175575
420091
249775
402628
119355
135198
430965
291166
222137
437893
192609
104414
121405
385193
190110
150776
224677
136398
455762
199297
341750
413245
230405
276917
428909
210647
233231
279932
429354
115392
241799
250520
167598
260724
105667
106467
104022
320164
121636
276690
308159
428570
236056
333437
253188
349434
420370
302821
267508
381529
121324
332058
341442
184373
165390
178963
403131
147699
406071
417968
329570
276686
337228
385720
312476
163621
303081
138649
118990
392470
353555
444647
294966
246001
126386
124568
318679
134200
322776
123551
105955
264781
305329
374946
402882
101926
451857
103422
434474
187257
355311
369928
275507
207576
238791
393747
201380
354008
137808
401599
117691
150300
121927
210352
251718
145905
390954
281553
373849
167788
266339
440476
322613
192823
196888
282601
140609
282511
325917
331052
127963
315331
210722
301292
163998
189973
190559
402778
293476
156185
422604
261130
194184
349841
449593
122464
403356
220103
359640
348904
343249
179671
370821
178392
253240
440967
309166
426629
267634
254380
239129
305808
236870
150619
446804
450688
155272
242519
237579
195859
336363
306416
203717
275780
241225
291534
389538
296972
428693
151087
256163
167346
110255
190508
336874
150787
175299
327762
357950
283358
444767
401464
349790
110811
317667
143384
342416
412386
285373
338030
334563
256520
195981
150428
320893
290673
249453
453960
224207
236804
232803
362325
311815
189119
204209
124998
130568
206135
345532
193540
294318
215462
352394
362415
200683
366769
392892
137473
124255
292692
423555
189001
175691
263123
254217
350811
239430
361285
327427
287649
169717
251376
396879
316133
373958
382172
254550
263941
178860
111543
248868
431375
389231
228192
342294
365019
263327
430670
340047
269950
447885
304273
140074
191294
311094
283902
291397
237670
300935
327946
112547
312675
212792
305361
221351
176552
439358
431370
176106
354389
410530
161294
132032
228858
180968
193069
234390
218396
372141
350202
321489
264281
356629
256524
420714
241345
345956
447099
443877
229173
400232
305781
154256
355881
186022
414612
399607
131924
293806
220677
444235
165598
183415
359705
219298
178127
354962
184628
176952
165110
420948
395012
452624
354831
177383
132981
157720
203103
188474
260121
195331
336204
266413
388112
177413
386236
397379
163542
343759
230434
119566
297834
345676
433240
268669
252097
198133
222019
250917
127723
374072
218875
444305
421325
338983
368684
320974
135104
302567
222258
116295
418739
411582
241713
166714
330633
130792
430289
293007
406305
415036
104440
160509
144283
205698
103941
356901
291851
314540
228966
168396
273291
227142
338826
369426
285138
137733
204899
168658
350689
268022
154095
396945
327644
120993
391687
176062
395917
193889
199111
399377
135093
157494
172646
284610
372702
134717
410752
448055
288393
445607
252243
163791
113073
113660
160825
157890
170667
331156
241606
167448
325132
147289
105444
100896
300315
136410
344872
184634
227373
201510
383364
248813
436710
119141
443099
148784
245982
273438
218926
437037
390158
260575
253276
214167
132407
120039
419217
404880
391480
446252
303164
128533
247928
433690
430717
208401
351544
377589
305163
128921
168603
428387
132547
268461
290925
247587
387344
402827
307966
335696
229149
132429
412197
268330
331553
179082
232070
395254
248370
234123
192208
204188
132347
196699
369765
108603
424522
104475
185601
132327
218844
234054
278635
309689
224946
323172
228004
373315
337352
216772
227102
407034
219051
103187
384393
264645
427358
264123
351917
220003
450393
353388
326253
354883
270193
389570
215080
347914
287815
402588
173784
372478
190532
195549
171035
225921
209716
182488
367940
426183
311489
294846
355518
162971
378080
278397
104450
254225
148005
139800
226858
190433
109308
277043
271719
452238
160066
421634
151332
206979
278817
327805
452781
179535
454086
186966
247113
230004
329628
109263
231058
426043
125391
109717
173182
453649
102559
189825
201132
222582
441840
287949
201264
309269
206964
141722
430382
139118
203790
394429
118505
105885
407887
212699
216229
223599
332114
441097
382596
259796
209518
409745
319177
456052
228138
125497
194267
376055
139909
164693
139804
285451
196484
140051
109605
455880
453127
274540
196202
285960
159116
146377
328952
371325
206733
247808
236007
299646
165183
129129
188072
213106
366748
228484
237830
188562
120355
138927
115179
414817
449451
420539
420492
155055
398052
122520
337731
162130
209024
384421
126646
451127
307531
419135
195319
254610
193785
132960
391928
305568
280289
163834
151470
133190
377582
273186
272920
351381
386939
265864
419335
339968
233693
276321
225753
230248
368886
282103
153744
166273
189869
181025
131364
442390
352311
176691
139388
276107
179782
181036
203408
263337
365142
217079
186671
348149
434091
138648
395840
120689
351499
234202
389014
237507
340790
440999
415970
192658
342095
305992
268196
257759
443066
132995
136396
126330
127954
192974
367366
114726
399243
282977
157807
185474
405983
174545
113425
256165
213529
146933
357561
379393
372008
184290
364692
102835
327279
205098
244282
277269
339438
304514
285163
224703
213948
293199
117975
309767
182721
309458
409187
288155
306890
201745
116181
332113
151632
205729
306301
249607
134723
190426
118824
452480
143173
412684
340810
349776
341540
216126
412400
220576
200519
199523
140205
199294
327813
376269
422321
203798
335225
196013
136031
270203
447665
151109
251867
356124
235865
323978
357428
334672
269265
289433
341579
322885
370104
210912
317230
319951
435794
106358
300093
154532
418259
199084
149103
446043
373808
253120
288253
211391
145648
301403
158899
295916
337363
436039
299235
196541
198462
129086
443745
196710
237534
123288
154903
168238
148852
126279
309630
443104
442012
354590
265302
328987
199709
250408
380777
153166
310655
172676
331865
394517
323683
131614
147265
289600
237795
332438
197500
244404
285766
219655
159355
275277
456143
117442
173323
210659
367323
157589
275781
414564
305548
383572
151884
425010
441881
450832
348399
322916
327128
207685
244195
455886
213361
324641
384645
214978
189327
428170
388651
214437
371599
388782
400947
382861
427832
334753
363016
422602
220886
172583
394352
190385
287601
358620
105577
254173
208383
450649
310072
434761
358133
177753
439292
141137
331257
293979
303942
392254
122698
207226
246186
298076
273911
147024
371250
439864
239496
119345
421926
350157
165809
259027
247665
202886
438572
197367
325459
108358
355395
289128
157895
240596
316857
348704
413060
332817
170478
145894
293102
181852
123003
290638
242263
446162
303723
107093
340903
351438
126537
285152
338362
194834
294449
256591
378538
307349
185377
368907
163310
213160
192790
408829
168286
274645
229811
433295
394987
412625
279416
152330
285222
417062
304948
308878
280045
370005
394411
294564
272756
330136
398024
239880
412505
378394
165618
141789
220712
443419
395505
189171
279920
377933
189768
170032
263665
417679
341612
112650
233039
368786
403156
375823
144036
383994
245041
385657
108008
339214
290767
359861
368414
126149
300580
308113
186105
266399
327824
207618
396554
146558
121213
212301
126889
393412
417818
269957
312280
236500
360832
382026
185254
407938
281492
395001
373291
154295
299349
401327
393972
179495
109758
253045
190759
234562
265313
240283
269802
338825
213187
378530
284563
249170
256246
356107
267988
348514
255707
335269
139188
251641
330638
152830
212125
339423
386047
447859
389658
441520
380369
354415
164217
359482
245774
109344
121902
375572
313621
440323
190256
127179
170103
239638
161480
334794
166632
331701
435864
153191
254156
271140
214164
195720
270166
157161
389883
338911
337670
129110
227782
320685
234850
340828
109899
313223
396519
140695
274387
243566
348708
142605
202195
334965
177898
357571
243846
244247
410068
162985
441152
350379
243429
293511
350803
238734
323637
306901
397735
338344
123303
153555
454228
437738
189475
139919
175640
368590
123453
202243
388931
272929
318032
335614
436834
330797
365167
239846
284437
203737
310991
137654
130090
311515
120920
232712
274331
317631
366087
275792
356758
162034
333453
403867
440784
107909
198466
235204
108131
281004
213786
161422
192134
277759
195605
348206
215833
351047
333213
201460
395785
188560
252869
226737
412918
334236
260173
444464
353221
443961
174014
325418
276554
410212
409807
230124
296797
406291
194024
303326
304613
170205
389463
441687
258050
413009
222037
450631
217058
246722
427762
317703
162433
250694
194928
261757
143573
276969
340092
442498
178416
239528
431583
152640
373253
440379
292424
287759
185110
141755
331755
159822
226419
347666
293484
232125
360983
101484
185495
183671
112518
247177
344043
263884
189287
445857
218277
100469
443358
356672
169766
398169
433586
299902
289214
142595
315863
455730
392268
144290
410610
177215
418288
158643
368946
182982
205781
195765
163059
199448
141138
373357
266597
134741
408180
133204
115948
275529
261508
175928
353889
425289
218741
180840
112607
422184
219920
395596
174377
234339
329456
349604
313033
188886
142234
323762
306918
171654
121317
132241
416561
175482
428734
181464
245550
177088
399205
171073
333010
204994
418810
118334
232336
300489
260841
369303
170364
217682
188207
452032
217840
220039
233771
359966
289483
262411
399866
141169
279857
119411
291196
341483
364919
222969
436483
411199
230586
152707
414680
285026
224412
417282
411638
223362
387499
182300
299473
426942
311198
254787
425152
305355
243389
227039
139818
143833
265795
202714
156788
377503
185922
351432
324592
405580
371596
222897
238860
206867
251928
277805
122756
286999
410009
141185
439428
438720
192959
269428
158472
203168
192859
311694
436912
381502
319019
188945
389605
138212
363652
324833
311831
223207
382442
407485
376477
204283
429870
355950
113683
373655
316873
264717
350199
390367
203760
400210
327270
311563
170592
446394
103265
177175
320097
200868
201078
185799
145270
176104
187043
145644
440214
382588
340898
137247
318698
398436
358115
138469
245003
347547
177129
404544
238530
414549
242012
391009
203256
227867
217817
424668
109847
266381
145330
381906
362422
447768
353703
143916
140399
361965
172889
113284
321119
310499
338614
276358
371292
146937
280196
301561
365045
125096
287283
165187
184410
173309
442183
428400
384597
452275
162580
152995
391886
223392
276877
128466
433781
321000
220399
334046
111867
166942
378759
400898
430441
125556
268969
361530
218533
369850
142805
425074
287427
319899
234076
257686
178560
452282
117832
398849
331109
118339
375780
289806
395312
136621
244843
194430
219554
437859
235951
217446
272580
429735
348740
312217
351080
286230
430692
246086
245095
278060
363426
165088
414777
165745
443923
214253
102965
408227
270842
152639
373298
165399
451137
291726
346254
383185
186137
292539
193297
209383
302150
244846
239709
439859
426140
379686
435113
140183
355906
375757
351605
332232
104918
162384
213371
300233
307069
352028
257296
150526
377128
178438
214064
196313
347370
414083
291036
200240
317881
443878
208340
364097
180309
428447
253361
347567
337732
356364
138993
246342
106140
280117
338102
107436
177662
362834
393040
246921
225466
403756
376983
403731
206104
311315
109519
397030
416397
180019
364708
282729
118190
363294
130627
128888
240584
391702
448866
212221
269368
284556
195968
411394
111674
396119
357184
326343
233945
410659
257538
135030
432245
137984
116520
156459
226367
337288
285113
248818
226046
302327
414932
446592
319797
356907
176753
131329
297140
243962
386781
150823
323917
141005
328880
238882
262522
394135
187889
231897
249993
311212
214886
352155
419590
287581
189901
149252
308305
257819
255926
448709
250129
309152
236216
280761
375492
306736
232101
226273
154119
146909
342014
186239
297523
382597
124430
394757
153278
321888
363800
115315
111881
220123
131903
144844
116146
204205
359342
377835
231244
453460
363586
164581
315736
390547
407277
227922
453608
353107
433337
144911
365567
319535
266318
258730
162639
265509
364099
291759
345333
411015
319376
386611
279738
405131
339665
216169
448950
247833
309138
316415
162233
376811
320250
253386
313399
415846
431760
274280
242823
242901
114848
371220
282052
310315
313713
390723
454174
199618
252684
209552
250822
206259
383326
135471
260195
189241
443822
453004
249864
209992
332117
307126
393316
337407
259520
257379
355597
274923
270724
289511
181208
390115
368284
332149
169624
334611
101979
221220
166904
369354
307942
428174
319769
365571
455099
191094
228293
386636
154654
205440
261964
224075
121153
396481
365371
141719
303970
147226
227140
157521
443601
119137
132166
193353
253978
313527
145572
104387
207924
138999
310015
343447
116243
413698
134572
235653
242303
104238
363637
372497
251881
230719
319886
405528
385636
234821
358967
205319
258956
206361
356018
441552
119656
335897
294171
359243
398247
426172
313081
330015
436868
337709
251533
248031
153837
166634
200727
366139
157705
415662
324266
218998
404944
229933
297412
154526
428922
195431
296542
213539
115223
328793
196550
352152
393261
394698
207947
357821
194381
102136
172112
210214
202976
430769
365864
125737
353855
375050
119359
169620
344904
377591
414699
115018
312530
174378
143801
147593
334944
257623
231282
189157
281898
396164
346478
341403
418478
328296
203577
366140
274898
381363
137200
108996
440495
128756
443270
161427
249281
264164
437126
333229
416661
212498
186344
440622
261522
428419
332450
262543
440829
414240
380024
173597
180938
300757
134001
393756
176725
106734
149267
199688
212131
287094
302860
416595
124969
377558
299237
269756
416338
135984
253531
176055
126501
243622
330974
338275
104291
423210
425977
230174
376050
192288
264643
444108
285444
413811
217477
113668
304435
435187
129945
165658
383823
258703
119255
402693
250179
205625
434072
211382
426789
187458
302832
403477
383245
411174
420334
206069
106036
448648
140068
378754
380673
303897
366325
314628
161397
217134
284736
348422
144233
217726
273263
148734
264873
297482
216651
366645
138837
442980
238063
238629
280225
155090
240045
138803
138704
388329
433111
398831
368105
360883
412508
222278
268319
281538
338016
320500
171644
395122
339917
354110
405328
195325
318231
229932
349999
227865
290178
208241
291646
421559
372045
354745
139294
224018
393385
394037
107538
360344
317919
111740
427710
393819
352401
426585
157158
167458
401257
445136
123023
144792
444252
125812
304020
128938
435777
259907
328787
188304
169611
241021
450968
269778
283552
199398
444219
199632
154059
451633
166198
148694
215960
252701
319745
249072
159784
349949
207535
336062
319113
410494
109538
231615
392208
450546
283370
328692
402520
450137
231536
160238
147692
385734
268096
278063
262876
167967
223012
215043
307156
211952
120756
380897
192895
378804
434386
440246
210236
364356
145329
121342
179265
198011
438796
325857
438423
156201
248233
163465
316510
140876
173621
450801
314554
208418
146040
445009
100156
324504
405223
107124
168273
450941
439161
186678
193009
400438
127269
285223
361895
383759
417344
170308
114245
158566
395425
301509
192577
288779
132437
383698
230445
309254
247093
222274
399193
147129
208186
175527
101738
386755
135125
400548
184920
374921
445397
340980
144063
388001
324722
389867
133194
410348
423379
340727
405622
424721
387063
260540
399060
248447
227194
185909
273471
220279
212029
373673
452863
100540
264402
239730
332288
328936
430087
323177
323011
189353
183287
421327
183374
419633
363761
412647
258377
376551
110451
397431
180499
368720
195333
356131
267395
226758
380291
208702
327691
185587
363986
230513
316722
363625
225096
190240
447593
187858
428568
237748
160340
436316
386590
277623
100641
437210
275715
110082
319079
124269
393673
289216
313309
257179
417622
407628
432413
299195
385836
440454
208832
126669
141520
120751
287169
437272
232260
165402
226282
252890
189703
328109
275582
169153
323811
274173
347604
235875
425467
155506
371221
296004
325077
351832
324212
267481
261203
190552
189665
333485
418101
453621
455295
150739
151548
369588
138675
233402
149031
409711
276064
229955
221394
379207
107502
358746
421052
139918
147878
328921
448431
212431
227492
419025
355803
279368
429723
282278
277996
241331
224043
285178
204322
337691
410342
411179
250047
116203
179566
406528
175951
275094
175057
356979
269812
347233
393850
431978
295601
168218
142217
219732
417870
106343
205702
134446
120290
204466
322094
395947
188920
441130
208284
204052
403612
171849
269005
328011
377623
140640
241985
151552
127252
243522
245011
243374
192422
304513
410835
377880
311513
372572
162906
328290
413970
252254
316569
350844
454650
344123
437370
322032
255626
440652
353545
247208
124180
233045
363099
133142
341712
155429
143723
310443
384336
390769
115271
206646
269372
362616
269710
286408
113184
430486
231652
318806
142794
117748
152652
148146
455092
151794
391054
123278
322482
213944
434296
423270
273760
213749
212823
377593
238920
103159
367464
373370
436763
167798
169903
420211
224527
107836
301178
231844
264352
397361
284665
453672
232387
233663
398802
373066
319463
450363
267329
252154
166532
454952
220652
404890
212466
359648
378408
219700
113589
162336
179202
421509
316371
174217
210920
385738
135598
371447
408640
226347
415051
112461
127825
294659
360936
134224
215200
252404
257287
317101
163919
218547
116796
347820
139122
257139
319492
132247
162744
373349
439388
260698
389465
262037
286190
445241
388351
339222
363416
121976
455376
171841
415573
188535
264898
135686
129726
103059
305087
115292
331315
213809
266901
257159
185190
413134
193721
102789
139551
383802
366678
191842
251603
156643
225979
290692
189330
107195
418468
115664
248010
176238
268111
311591
203765
112273
282116
335629
129250
426749
340549
364886
247120
106969
421268
264373
229866
119414
268690
366253
333173
325367
234931
250504
443123
338237
455085
432216
156421
192729
294039
268468
159921
119534
119625
413285
387493
123100
251887
184168
141687
384801
266898
403272
370712
188097
201103
176184
383783
271740
409479
430972
317024
124209
356503
264027
415816
360593
215350
263329
118985
257999
307257
417616
106244
257873
191439
217424
421870
245490
370734
295034
380704
165051
188725
161699
146667
152608
129807
438474
428417
275976
142584
313357
290962
182054
212330
275063
168327
352944
230601
366091
319214
123834
278347
293832
102773
124237
277383
374717
345890
383064
333099
172256
225100
427576
282240
201367
249195
446005
212053
296072
219191
182827
270501
369040
455241
356823
220274
222655
250193
257864
217242
166636
307825
265528
323867
290697
388378
190493
107289
307217
311853
180114
275788
141231
186350
231934
347603
238376
265608
261794
346579
114101
345488
368428
353502
307260
281768
157087
446927
299481
438767
183770
290679
157514
160784
328966
225385
444715
389011
211397
179116
107159
386692
138840
147740
140709
319477
114098
324030
125526
310272
305299
433572
101611
368794
184336
284790
126240
317229
277184
397296
440869
157330
450305
350369
358310
249404
131502
454525
290848
207069
113033
315296
426765
224681
424050
156388
295184
145537
203076
413105
252005
320051
302737
304246
318350
358274
263152
143131
437910
403855
265686
367189
338565
357312
173798
169607
204732
396395
255163
183767
428178
210792
124120
335891
134989
144866
115881
227045
248064
296223
267158
213182
313677
137866
300461
453597
337099
454068
252359
224433
145861
148262
351054
437185
126634
389432
378555
370479
121179
311794
424992
225619
214962
337649
142052
139576
361945
338600
286886
405989
178964
143978
286699
344600
442132
153730
427439
121753
454668
415908
119273
114417
128432
392496
250871
212574
207042
429317
218577
254459
259979
366986
199990
400168
152042
246194
271349
387505
323262
208234
321891
326429
426398
150027
433259
378552
277843
217534
217549
415424
335521
116027
243177
252588
415858
164491
426331
273210
226697
391173
247159
116645
246114
433979
320948
379468
181438
242850
337578
230651
198149
327767
385583
221781
198750
174705
282016
375692
347025
361127
397608
358701
215552
214979
239565
219586
139171
356402
442906
349634
252315
393687
104296
154200
151832
413805
314577
307343
149658
176740
196591
205248
261580
269912
149786
107376
440990
214316
427392
354664
359154
380919
209161
188925
203974
340119
224962
453565
417772
400737
172631
322915
142129
255050
251618
352264
377749
246769
269144
207866
159109
214115
429728
403250
218625
179999
292206
330327
113018
408785
333002
268838
107240
375637
300034
116770
393768
371230
387147
309433
177282
271550
433317
165403
150710
383051
327818
437296
191886
174147
212114
249944
205704
414753
450901
285257
157310
329672
142555
288796
206791
352794
356401
134048
145260
170287
395033
449333
287367
264612
228036
292763
178205
313480
341947
204009
215431
346961
304781
107719
296413
431628
282061
210225
142701
287132
451267
242578
328186
243701
208350
379840
307088
291839
265258
280682
190029
339540
211106
351417
410764
117605
277210
448955
211651
197970
203595
444028
296511
351944
418816
369216
250695
196429
226824
367065
306555
235562
211202
441431
215858
369500
364164
424918
225738
428528
259729
370054
370950
126958
207472
208490
148371
254230
168762
161924
296746
338531
308037
282901
259543
240488
259114
271030
181453
148648
416244
399204
301326
454953
111821
441444
434928
269788
355642
293811
288857
133240
281190
292602
406088
427096
130283
315213
304255
328335
233027
316581
343472
263628
113900
148763
221970
414181
228034
179972
157637
427509
369013
365324
250645
244221
140405
203047
220371
213772
394441
398378
176977
255301
213839
243000
174553
430347
444560
205485
371450
221359
351577
181969
347070
288499
354939
384927
413952
233376
280539
405975
250356
255171
330538
416361
132511
139815
315474
343593
154802
119242
112633
112247
290651
287816
290516
312177
234839
450958
138241
316241
203801
368022
387320
291294
183462
411847
436529
185018
144452
244685
104209
287577
427445
382977
218627
203417
133014
221772
405254
425510
174834
199078
297062
260358
237198
160548
268727
316955
324793
374262
140714
455473
381596
441376
307978
211414
203864
376864
282386
181372
232314
421022
258996
194070
161857
314892
306423
382044
371576
161454
127220
312272
198868
222848
223118
172118
134966
404394
151328
169637
412662
341430
390855
134078
196871
199714
276463
196897
272603
190870
248799
434163
396170
395313
322548
282361
346295
215691
151274
119020
382717
309305
185388
388654
145886
382820
384120
335960
289349
129608
125658
291079
434403
386941
285511
222622
304574
377512
101689
418264
223322
142664
338611
159057
338648
148028
267529
316149
262296
387642
222311
454616
155817
303614
212365
413933
124307
406344
315368
142519
158725
240883
396951
325167
206185
341993
451333
114874
378280
364552
267972
157834
348662
279075
175733
365089
118753
149743
283458
309712
404264
426591
296368
137105
430808
332633
240833
120722
397199
446236
398925
332947
373721
414173
227988
164443
166951
202346
427194
449682
437436
225215
429589
136962
207917
201782
248541
444017
375486
245398
174781
426997
255291
151216
183882
416382
451921
292977
229463
428575
153959
387784
163279
127380
177608
343906
347242
397828
320477
311234
178326
353663
397899
254124
241547
372734
296299
222032
389736
325895
189832
266219
167377
100267
218371
395126
228573
259263
203217
404703
104873
376942
270445
316626
425694
136321
278657
431922
100476
236782
194318
244348
245067
313310
247575
362859
394488
278906
231283
401939
109751
334432
338538
419197
317319
402942
279099
307532
280771
287106
217902
216897
387601
388114
201896
121070
333134
114271
333419
447737
454088
131697
188316
284177
325704
222561
412755
111807
192234
135225
211453
169125
411632
390145
102875
135744
355577
355111
192893
448281
399796
200402
264013
341581
276828
374115
293610
323749
359653
232800
448978
406494
220799
454415
387229
401877
261642
129677
243706
317118
339451
363169
410237
312811
165876
201835
175016
286134
211198
315589
300483
215424
277044
353906
128936
206753
332646
185709
454888
433546
398808
441818
245209
175887
332024
125390
196863
301240
106348
203757
408373
238445
370234
136834
341177
268384
143470
169957
417129
204700
235102
390150
378503
434352
388597
209415
114409
265459
404854
115492
335743
201014
165213
379264
137147
438528
257673
208916
176321
364083
214190
333294
332678
223269
439694
355219
294508
395855
135546
279004
256131
431735
329181
258106
389884
202098
259024
337910
438396
272001
387831
386323
319420
418256
232379
154657
397392
125047
180561
166016
159485
351285
286475
114231
377359
247886
448311
334079
275429
248703
352011
365681
225113
382609
100402
397617
407171
211759
159645
184124
255960
265321
310320
338664
418913
182520
168002
273499
110655
101231
352819
398633
276300
425182
304042
126411
193892
281718
382125
343479
198433
346866
157341
100031
446147
214348
114021
277672
419203
434689
241361
376959
354994
212794
226121
150445
138149
114821
314110
346759
247259
173249
299166
420579
426759
207419
237205
138071
166305
193345
144490
302539
425279
265196
365791
106659
303282
339539
410266
263481
340070
169887
178591
316267
211236
274292
117143
338877
123270
206856
434320
102368
380156
165123
267498
291692
229513
178854
434719
369997
420452
383713
143530
147402
276665
294908
226911
204577
203046
332102
282935
339463
349856
103760
168049
362413
127899
151771
132681
271990
425711
130184
156417
245683
364795
100646
125644
221085
331392
444355
178002
220190
370513
137966
221084
171691
199627
335147
129567
151492
419687
270889
352491
420710
287661
421073
337346
183192
452183
211854
250079
110168
444615
387935
228286
441600
296512
205774
251425
108041
301079
249939
416722
304616
289879
351582
362062
364198
394624
226017
365381
258215
137564
246456
217672
385401
143447
395394
434220
146766
383739
267008
247605
202502
367565
401087
438235
217454
384445
397388
404300
172810
281524
154022
270941
436281
141646
294025
188478
210003
194069
256841
168650
440952
350778
412020
221616
225671
169489
144212
359443
382538
227658
443387
101093
333479
147409
415042
162973
169033
114802
322072
230952
123150
114671
388634
116488
305968
211005
385263
241508
298999
172865
392037
398627
343362
132046
308281
133613
115766
326133
350245
300674
383495
148134
452755
417800
240550
430478
269247
257998
224329
125951
376251
413052
174470
253664
326408
427913
372948
449613
293829
439347
252080
369692
299287
157464
259243
274496
304713
156215
312614
302147
310734
112570
173960
295863
276589
446176
406661
388268
217025
210955
353680
142885
100160
217206
196451
349724
263017
380144
130813
301960
153349
241206
255174
238397
284036
354015
297145
204260
381605
443311
231246
422603
171816
426114
323000
407290
315358
146463
355285
221353
200543
155722
398108
340100
111321
395301
159189
294123
295770
256118
440299
449429
200633
441111
272502
270239
187596
298893
100985
188482
226235
209975
370765
297137
172085
198587
455118
437281
449588
121509
367956
127543
421719
141258
377728
362132
326183
234042
332665
164163
152889
392350
183482
450108
443194
145194
354493
359606
188984
289963
222443
179078
265407
268313
267604
362533
417010
190252
122209
164525
309471
178897
185701
146893
290308
396574
363784
456248
311804
133580
413990
125434
130576
206782
419314
276291
200740
415139
323631
234700
193841
396563
169250
357538
337351
186619
373917
429968
316778
293331
225799
222092
299198
173105
114426
381443
320552
316497
454445
224650
404014
276961
203435
396604
375760
197067
444324
175693
391841
132603
151321
414649
376111
437766
198222
172692
103342
396495
227123
423016
263706
224522
267695
388728
255075
322862
432674
204992
452900
275322
386166
420739
102529
286745
156442
255205
290544
183543
108735
399856
337850
187174
309598
350413
233610
355542
455130
332915
338549
302018
147031
435146
439397
288001
338089
292754
266067
245047
205624
200451
409140
436830
177905
200992
131786
157905
376131
218003
138135
353124
329694
270364
237757
298646
435364
103977
288399
218521
379531
171076
173124
262932
205200
109878
380814
350092
341599
428439
106926
110862
280292
350938
193348
109822
381640
204901
352786
263954
237310
338080
414463
308783
431242
380310
280515
433400
165351
384950
271916
239421
221248
183210
265745
322346
160176
314399
370118
409865
368370
270583
369548
202308
334779
217279
363565
413795
235593
286649
380126
115024
109349
425594
307213
138147
214787
250360
371909
123819
382559
408851
253035
234624
273286
245141
415004
292889
441669
320996
186245
181648
158656
447497
144371
198906
168029
171710
177353
278259
139430
130182
448171
360855
428216
261707
191321
237741
211615
367875
279978
132092
369312
295368
248258
147467
148137
188465
144039
239891
374763
296827
103121
192439
389287
120193
121776
264723
320945
128296
402964
109600
162355
392887
212656
104157
324523
269543
412363
348457
309307
289834
436226
149426
284703
358552
263838
391512
449285
428175
309872
129641
298292
268552
412258
162104
352945
148363
393615
194316
290446
429101
263876
272840
214950
117617
369867
143228
207751
447499
220871
394737
348948
231210
120302
151229
441412
251380
434532
243034
326956
418370
245644
183623
137860
395093
346872
286341
264896
301234
171700
205942
330226
122122
419220
105263
259012
197390
370843
417225
182552
410169
136964
336129
206608
204326
137666
411230
258487
125070
191339
267320
281287
244656
223433
282907
196423
135925
345955
394681
370156
205330
136143
295061
170357
404253
402476
201108
448121
439732
142965
298979
261291
422522
116131
358333
409053
164370
357145
337316
257995
443848
418765
102260
195395
239405
400173
344834
202657
115744
378621
366075
398191
123084
261834
427961
335929
445067
278611
127404
242661
300848
275409
289736
373996
167733
337956
129524
167862
282533
412452
285998
446964
294714
277879
382847
292048
261214
301328
408568
172686
187277
263675
382174
352780
200967
323598
277496
237142
411798
367777
155636
110577
276878
427434
235748
254999
411283
281466
156127
226530
184411
115409
151786
342493
409572
362275
309599
386026
179677
317450
445959
329793
105947
114919
425001
427481
217285
307681
236693
340190
206266
442394
273794
100862
330718
372583
442185
347388
407009
261262
282299
257009
102535
144964
166784
113038
173997
356235
368814
397367
292389
308848
302526
133323
188597
224786
355526
176653
351229
377629
150035
221285
449144
207874
431971
340299
213979
294590
333369
302328
115730
351806
372044
433720
170729
380315
209799
104407
286326
295121
341200
379615
325220
141828
201973
194656
363297
312097
214442
413300
224269
202389
354101
310858
333875
230479
192016
309668
158994
443677
334018
143768
221124
249182
275242
311867
232959
427428
313771
137190
414789
373590
418928
293181
140519
343843
282683
285394
272460
305156
226336
227683
147968
414005
322967
324214
378092
361519
375628
392582
198170
273745
145020
219168
313422
162358
236991
195204
228989
243278
136971
135131
205755
196964
395056
318097
222528
281758
201644
254252
410769
181812
445084
141932
418164
234495
290256
362913
162073
104073
204337
158463
273120
106634
136175
311750
114437
241664
101629
421215
169508
377600
294961
418882
275290
374577
348378
342219
129109
370683
174707
169740
427538
387374
446389
455314
231219
282623
258228
293185
111449
434749
270247
368942
227775
100992
314353
431574
284915
346006
300672
452341
132804
153652
294957
341699
153976
148356
186703
190213
303822
131142
161916
115994
307965
420245
425547
173810
220687
175222
433074
278757
118612
130912
125243
110540
336976
137097
177523
351471
279041
218263
113122
438145
311669
353520
102020
231377
281587
307839
336275
298150
270793
354473
173456
282530
299444
201260
145132
331680
232639
242828
146835
293581
277219
141280
418409
234845
120128
283104
271755
260175
156250
187739
342343
282419
136308
337349
328996
244239
313261
360739
154875
171377
343533
350553
307018
115731
374735
431033
422770
111448
354641
310155
450349
350616
219696
158022
118226
451731
284628
175207
406126
364029
210984
246958
216136
242393
182785
135114
203203
306505
102320
209397
265625
212336
278689
127061
450526
167664
234916
343411
125314
346493
103501
129040
330778
371253
140680
175273
446070
105564
170226
430842
310232
415597
386782
247823
233227
344310
358833
280562
344607
293940
255083
136090
413717
282195
285244
132758
130604
193555
172590
135341
418802
277110
358451
298248
203696
323870
190045
256983
161381
413859
315064
392646
235879
443800
243410
168064
112559
335702
241420
180154
352807
308456
174228
117453
234551
377579
278480
203164
179001
294888
430497
193561
332563
212633
234142
433383
368951
265270
269676
152099
242396
281242
408943
316869
346861
455920
213491
288605
251711
196473
444702
240780
390863
428456
164215
158199
214818
145305
139998
454266
121082
222146
182036
268776
104329
174191
255617
290930
240978
397143
231876
336773
219541
154576
268246
119327
447100
446726
353183
198550
250828
258526
287364
322098
444442
325861
408444
296470
132398
417958
374422
259704
236785
314891
341056
182122
411694
361412
152157
231842
274298
300818
418844
225740
151841
132596
183324
203206
440575
146769
298694
295941
438334
404244
314993
448860
263049
351842
155056
352964
110952
152900
299131
308205
421001
320184
123782
237431
258916
322443
438865
382520
376178
333163
210823
102170
154288
101236
444679
382155
291607
193159
116700
359644
360270
353637
413571
167549
350041
272570
432628
198748
234176
256739
430068
123043
109907
274738
166637
420821
327209
313777
193504
422824
275857
288500
152907
275719
405815
235468
281129
228310
416350
247412
331972
379973
438453
212997
312622
189299
322874
320279
118105
337265
436891
323752
255624
177602
101442
342903
253599
207131
133433
406690
150225
242694
103385
263267
203409
192199
147818
297661
251108
299005
420180
275240
152705
399767
440326
455073
295014
251621
339044
254014
133792
155897
423548
327392
200050
446063
401164
398732
270960
345415
413939
158186
143416
443970
455273
164926
103486
300953
153665
116464
183659
332305
219394
214075
309296
279234
233739
409906
407999
269984
425264
269722
177132
397530
112115
198476
219960
211066
144633
341815
360711
283795
189487
149275
360242
107548
189900
300243
397733
270086
182527
375831
178378
420391
107458
333948
422561
440006
411900
274476
321907
424944
126050
292961
353466
195599
420194
312485
241818
174650
316503
322738
338147
231354
231875
273279
406761
237467
283712
195481
242891
206777
270953
409964
444207
162474
321001
111572
226947
191168
187148
233602
338627
276030
427401
145571
301810
369097
371940
387647
278684
313766
395287
318054
367782
260113
329066
365963
344484
292849
182138
339498
378308
431506
178051
183246
268431
191629
174341
184535
294196
387765
281247
323445
277030
277870
370285
339428
155030
180016
365311
226918
447440
261059
371879
390505
450353
224448
366499
306220
221761
260232
202108
282694
434277
171130
339174
128867
438678
146341
329307
437323
201685
261372
331251
448166
358874
397257
332922
403499
408287
221866
408263
452638
257435
206958
302843
341760
380180
290047
298255
442944
375382
270632
437286
279425
176339
121845
232901
234641
111801
444862
305170
302960
216077
199459
266458
316417
296141
248425
442640
253304
302592
447614
213904
244899
401727
397363
315063
344239
237229
338562
405393
190945
355018
396884
245491
172584
375223
303794
242244
426165
245340
242884
444127
441966
264049
152131
282799
134243
161032
104085
137314
419133
308967
110421
133128
147047
161581
411569
249462
384996
317802
378238
377950
204320
413783
224957
313680
428530
211067
234480
184498
376888
175603
138729
415839
367284
438387
409754
427599
326348
194309
109669
116149
169942
173028
173907
287007
351628
414342
183169
103810
207485
182395
284784
441445
398441
301464
403425
255812
386419
183004
375416
233229
143374
337575
178180
389616
139435
200578
172367
262048
193030
265332
367693
194407
150264
367831
121002
185791
201102
410654
205249
153944
398271
317030
251545
451821
349950
405527
280136
421303
238466
131438
178169
127579
322849
278075
283543
369696
431465
131067
109894
310393
303057
250254
443540
119264
205527
288831
138191
209191
381297
156908
171676
452295
304920
284431
102578
337777
438070
145185
125447
299503
161384
411793
194799
179009
154940
102365
145200
290993
251958
344797
137372
453022
436804
226136
272758
256595
175583
272540
147615
135465
231960
119887
454709
168138
415657
241382
249299
446926
344870
352026
313176
430209
434660
320601
167413
321033
441939
276115
187380
294063
450048
130168
170110
450066
348436
175839
434159
346665
439933
304404
391345
373734
240964
229399
118263
294707
355433
256576
366074
289109
344033
274538
138504
264892
131097
451468
380371
276504
102073
404798
436667
422147
451447
126921
229407
405192
409843
159456
205005
157018
120530
434766
405086
184443
334144
263393
256435
124156
419074
301174
290573
178483
217678
163811
165280
297680
336193
401844
240374
270785
383566
213185
389169
196830
244042
236968
250054
414140
387622
182203
446646
216179
416967
281236
327687
437561
319139
273515
181057
308754
317252
105269
191757
195354
287680
371856
245828
376232
340884
301940
193533
447360
269457
252974
145688
148331
149748
347180
242010
275425
251310
269097
218617
363296
381332
146694
289620
225015
288107
273659
424458
230993
306500
434086
393110
436429
426277
235671
241017
450701
138742
156110
233624
154321
231087
306826
344478
123902
346417
330663
268360
253437
164827
376702
433658
314801
435987
413664
285866
383388
429699
193834
284183
253179
133899
412660
143327
300980
275547
274921
161220
367054
301475
291354
189698
137336
347308
355516
197331
239030
138042
417688
158076
213022
378573
429646
432706
421384
244269
116887
403083
130617
195180
281274
452635
208803
447602
290063
174675
293087
228403
378599
233152
431293
115514
124306
380611
267253
359499
451508
335862
409652
371479
307743
201921
127128
355555
198481
180633
362846
324813
256566
134232
204022
410739
171210
392601
264183
228650
274643
445734
109326
150747
117655
152310
232619
368676
115329
105162
453712
305102
309491
209447
234023
344387
203314
220963
229991
386958
311386
213879
151091
230051
294299
300648
448520
166999
107866
311025
194530
144641
305470
331522
236669
316236
287232
306786
440582
261010
449819
196796
288565
217528
133109
103900
207111
246819
287287
333128
320151
433348
131580
223335
438449
189085
145052
148683
432166
103215
433273
245572
393313
407515
385222
227750
381036
187200
153282
212006
319521
439538
152164
248539
395877
261658
216217
222808
249721
431833
140239
269499
341877
256586
206859
304652
180905
136882
441784
428122
295298
286232
433802
256582
249334
340120
241242
194169
337117
155521
231872
299107
387563
161356
320024
431686
272131
326068
248178
153615
422478
240460
452680
126535
295640
331460
365517
438956
282186
184111
334683
410159
451388
435395
307107
371602
436258
455433
380660
164407
129572
334820
312461
360740
162494
106280
273041
261158
312111
310436
114246
167512
406145
419236
417786
111479
135600
300748
140282
455786
431419
327706
439176
412335
263617
443140
103702
126711
277002
209070
151081
385626
294259
443284
111557
100879
206876
445094
301526
225079
233321
113688
172723
133089
313158
161377
206677
255555
150105
241155
372009
295975
211743
399336
158164
136937
387418
328939
298680
165991
245337
362649
408210
358621
391468
434567
222851
104032
301146
223689
255407
180677
398002
115083
374621
157390
407451
348678
442918
172505
213779
245220
130688
374872
154895
285799
296849
311435
255082
177647
374049
337264
258698
332811
259949
220460
112396
346249
202543
375271
165167
104917
320714
184104
258465
372175
336703
202353
219067
186413
181286
310489
238188
426072
313610
252295
193728
322687
119575
126228
368108
247329
450698
311246
122700
114710
122800
239962
337341
224308
434418
193363
446261
163962
135568
358208
185752
228558
411810
239191
164923
232595
225422
307064
319383
157150
344825
417846
304806
369118
116603
255112
210611
277742
329866
395010
276407
291410
417618
106365
302869
283119
154497
290665
392988
253362
190570
113981
314140
208975
148368
288792
168677
338434
223424
422746
311167
202202
133686
292444
146233
103217
421298
224534
285563
247634
282261
230414
117357
363404
410422
261762
201913
437846
194838
302742
414554
362756
455663
103793
415008
357135
193604
395395
359489
442786
320332
203543
102679
371261
259333
146368
432012
256788
109729
335144
211300
245081
364498
323654
262923
148902
253992
145868
126416
452699
389999
263779
291315
420741
279432
108721
288050
137115
157725
188892
453730
291459
263441
306273
306102
390039
298203
356496
249778
445981
174704
362919
380340
119603
394930
435725
395088
419350
299181
427291
126225
339385
395580
187014
398986
117371
453140
121306
306136
264832
338136
415192
234181
306334
426812
298160
427219
337123
438180
307342
212796
445987
191581
247671
265277
379675
281454
103207
347387
232140
433887
252532
331006
102673
422983
106383
149789
239991
311724
315351
375633
111457
216596
261805
225617
174710
271271
271641
179702
131220
228140
280433
429191
331183
317641
377078
313978
395026
153557
309792
277898
146563
133897
209416
447402
298616
238108
229965
419431
138017
191829
317160
314484
335813
349926
285143
305624
115345
375385
117197
171115
406437
242061
140540
325984
383505
437406
376810
256988
276312
428495
194397
214443
312880
282734
248809
373219
190302
433811
180580
212549
166168
268733
360395
250233
344094
221128
196324
154490
316798
375855
137343
318908
289934
393989
304367
293691
425166
358437
435699
366072
202641
327654
132431
264081
296055
310822
437067
381442
342032
214860
316706
355132
204769
292782
163704
383294
332987
411143
444529
364466
193407
232188
206552
450528
420449
217879
210680
218905
268448
447948
111751
413782
370147
139129
140360
442465
411875
322304
123371
451969
290464
334012
168895
110818
110653
445450
269921
439582
144535
387101
376742
263577
106650
117175
379460
430560
344206
245921
151932
404467
198448
250797
426022
264311
239457
281263
448178
289792
342994
173696
439025
374113
197391
204192
138640
288300
105555
195483
328091
217006
104484
171139
344302
171335
412743
372033
103819
376685
279890
160750
127782
223359
254363
321781
273964
243511
446338
191460
152408
337466
243405
116270
422867
238588
184484
261891
342183
436136
245321
411156
193505
402015
187147
118223
408111
159438
402852
151250
161493
151107
229061
114423
420015
109895
112444
301143
311467
158070
422975
434190
370131
120979
241785
111266
443026
170879
276018
351994
224536
291694
309057
363674
239342
307468
137566
225986
197439
130326
406653
384813
320432
209092
216513
221810
240906
446828
322991
443575
365603
295856
133100
253942
148535
322463
107158
198763
165757
134257
182400
406844
437325
198122
176618
174415
386708
360672
299918
236213
382713
114308
217195
292060
156106
396309
347767
173527
315204
438536
189745
152689
397725
425171
449096
134156
258170
127555
397602
220531
451118
335502
113545
216432
267929
245977
198535
272348
226880
152483
223162
164267
201392
408708
290829
277542
169368
190449
108201
214139
125786
376861
126158
394358
219927
420047
223983
300023
136401
102332
377382
310520
408026
269353
135464
188020
225084
449252
282400
360343
363064
422464
418930
352838
306088
229376
419298
450955
429480
402871
234813
454065
165963
441269
102527
350181
275430
302140
361342
182003
192169
191835
448421
395807
414476
177609
407720
270710
178014
154799
444477
411243
361025
430617
282594
100832
282932
312090
305814
183884
236193
256493
385892
244757
387819
404942
392497
259000
327735
172851
347486
362696
243230
241789
359283
414602
335565
427354
284066
122230
186761
309909
156981
380436
163514
301094
201799
381628
242719
124582
196983
148161
385491
338286
291747
122515
157511
362326
252340
439086
132098
160167
224285
168795
424460
404859
422956
102884
151781
230001
209527
422765
234928
282372
177869
202199
373768
407527
332239
442289
294824
245102
368586
402102
449343
204789
371601
225498
105946
304956
252095
112918
225785
358923
443429
257306
321206
268177
100485
429435
183569
231497
445260
168785
301266
264715
182037
288729
452918
130827
244968
396832
371867
227469
430291
299178
248091
421799
366663
338031
320472
145532
314191
267315
142547
330031
128025
267780
425113
362371
244492
308959
426754
260515
284383
305771
365594
305200
254838
292661
149300
275670
443794
248884
390267
197031
179068
146175
191245
406432
423934
256344
108301
335510
264406
424078
117258
105775
103372
378288
224724
246712
305843
215449
159245
368988
265470
434652
272950
120656
380259
298808
428317
454702
125086
208593
201798
306017
277888
125202
450964
270680
449623
191431
120910
331324
226439
400200
258542
197309
269405
433320
294286
372057
114177
179720
219292
330909
268172
157308
353417
391307
188307
418190
260562
390712
106463
294312
180436
347933
449330
191989
152235
254209
405766
347522
286932
446066
173041
160919
199880
400010
200609
319085
182783
204842
394337
416521
199129
133802
371974
236786
415259
136463
324905
442560
449402
344107
455422
107119
449943
366234
219064
359942
100808
454580
297221
300820
182391
395496
131437
378251
355807
209112
204920
400348
314284
166695
151495
301357
441551
137786
102173
342132
300632
310301
137926
382073
117678
340785
263000
251854
352130
420585
276017
146419
360780
261518
245087
266716
245995
298589
307740
394442
336072
251764
338989
136313
147986
225860
354875
122887
258217
197020
176244
318939
313971
125120
127439
215027
276985
256817
173627
177655
177080
141087
362423
187943
159681
327409
146498
245278
393657
417726
429540
267352
452391
270300
202021
339583
175285
290131
335221
298361
403113
414676
173526
235392
397430
131221
152765
287493
166924
196512
159848
101168
260771
200773
268923
431855
250309
399656
453255
313738
371966
155948
290118
262490
233280
348968
328674
175238
224099
164798
327918
251513
407355
138282
224988
404898
368521
176249
195490
233259
126571
177130
245460
422307
117415
124983
147284
114174
291853
420923
415802
434721
152166
149476
403899
277726
263111
251878
308064
308259
414592
172439
274055
383948
380931
444467
209746
159871
198789
259775
391849
399012
138234
313358
353473
453631
348910
276652
230175
201573
298626
277814
221613
195773
129756
370501
360854
135818
281213
319315
154397
390913
340443
392428
207486
316707
346999
291351
241126
311076
337712
220975
342749
186304
273059
159887
246249
278333
236001
369771
246756
433946
162927
137814
399899
334174
170700
387580
124415
261118
387857
431196
190980
387417
333155
244060
144085
418257
198356
455054
257011
257810
431798
172167
111864
280194
260602
401155
239598
292408
151761
236297
405017
163625
344385
436770
187029
175848
289029
144013
355147
179428
351799
396340
153271
321561
258781
135604
129280
300046
147804
156886
201370
131961
444288
236709
428415
271676
310257
226920
138124
155229
343178
361364
108790
189823
419863
274831
145334
237856
438218
175666
226840
219489
103328
366922
298127
355176
305704
125482
242223
348690
305491
350463
217092
125258
166342
293756
417465
311288
216612
412848
354287
405356
177536
424705
173879
277607
365204
313593
282526
445644
227530
196503
268968
413772
142015
417317
194175
270515
155023
455822
329488
325408
325445
328170
118713
402026
113013
450967
340789
241328
259459
153746
257772
348860
432008
304470
137784
312732
227895
257001
140295
383915
127254
418786
352546
264214
276729
298731
162869
218718
221002
279511
442784
325402
280487
312823
248494
159084
224878
366895
261053
442349
416153
308381
214508
314224
204988
154255
232501
285481
215669
276523
358452
159014
354378
232916
281866
335214
286810
356856
310250
449471
401293
248753
314045
332151
179084
263388
425127
337174
430763
147819
418023
402831
441169
217234
172744
138618
428345
194767
284585
300083
346907
154927
270021
126764
297629
203473
386784
297059
291606
105889
292299
225018
361163
177510
203023
436569
200272
156061
234901
176903
436904
361395
323039
297293
144082
236341
207076
113637
339554
151121
347090
149343
151636
199339
427396
390698
319556
282279
245512
165798
158722
444484
167527
114053
221571
323021
166391
388450
222014
259298
443967
179323
158958
272400
119606
173138
192816
300223
404757
135798
219660
291355
187166
340777
270840
141535
231868
205603
232690
430715
133559
372385
444392
400826
266796
321218
447590
344012
262089
201871
310698
337962
334670
270077
112916
223705
428100
215572
162699
151816
229973
424065
367800
158273
206729
410330
205452
321072
418645
337621
184585
314675
327102
125199
133594
431691
231275
333848
423588
196537
424735
409681
357994
393516
304381
423220
116256
443087
168019
344631
187705
313168
290856
272155
398305
160130
406240
357516
186469
180046
431553
215359
206817
449807
395659
304972
166465
140383
157882
293338
279571
121325
176610
368363
208252
104488
414636
409924
372869
382928
401702
426384
357506
180265
143751
146778
221564
345075
115885
456069
249741
402720
318545
294844
181907
316359
340620
347580
363698
191857
109670
167514
392976
203785
131707
359221
354794
259552
245242
211160
303918
161991
259177
357987
438759
275773
428723
208964
263662
408239
394475
403441
116642
314844
313514
203835
160491
253777
242777
301752
156780
137407
249351
289351
217531
304918
221183
236882
169579
189292
188287
145789
102882
354782
322713
447853
292211
386277
436538
103091
410649
225089
288434
335101
394989
403891
372003
255039
410449
238460
235712
416008
221282
183546
325324
386608
157946
270813
126032
132155
129953
335376
290462
305003
245153
433305
136466
200226
202118
273487
327328
104844
318106
252850
349892
256991
101874
390193
234884
415241
113196
156458
444403
210668
205514
201140
417678
257870
118891
252052
128916
147707
259474
343042
268856
207070
307841
357426
173921
383014
281370
321282
421392
201042
183881
262763
179899
344170
421560
147493
281878
425868
327597
110259
348566
141558
347676
122466
171072
123411
440690
277826
143931
320509
439536
363447
135767
238517
257666
117423
271917
261219
358423
344564
122969
257029
365509
121477
361689
298910
382640
223868
237494
303626
380961
454129
367721
442533
210774
401335
199054
181429
449050
271470
297806
255582
380621
165025
438680
314452
154745
133497
156500
263589
343709
366101
375298
203766
170370
370918
203657
245606
179734
442335
217829
418547
139071
342717
208297
308571
265838
262241
175046
225735
455865
155219
140509
382748
445267
341461
251528
353396
284143
435427
189520
183894
237863
373520
379759
135676
422915
446037
166444
193492
145107
390885
311352
353717
436568
373954
333676
241825
249055
387275
167629
203412
334969
110641
338464
369589
337597
330201
274217
448867
168584
373527
138352
287502
136315
317752
324546
219358
102277
399335
246417
438326
305149
164535
355890
140913
225786
431330
442749
224922
265251
400074
204896
443165
315383
364448
315766
429868
380469
440114
358470
132934
224754
166430
175716
367458
228560
367048
446300
227038
329619
416937
259815
422763
427990
199282
261637
197523
357488
250896
266449
121998
126475
151214
429720
240764
440710
322520
311880
392101
255667
446523
244311
414508
148990
128819
405171
140552
264840
354117
220476
181252
317153
277926
100181
188193
350847
113768
172897
208054
289820
162919
189288
386100
425356
360709
173046
307062
427093
164492
379383
396552
280720
320588
225778
326291
247384
152894
136827
273634
177154
103660
211857
251803
404685
189461
407656
110925
115496
229352
413191
243500
197554
128581
448433
281627
124824
136030
425816
225046
285192
361645
408209
442166
431737
236433
247281
355926
330961
390293
114408
250002
423047
160565
119621
258407
284026
158103
295858
233878
405420
368047
350270
167836
168838
368516
409119
168461
262711
110342
384818
384968
279098
343347
147598
329225
271869
418255
346556
135089
437331
358975
382477
425640
309323
260629
307858
378488
353006
219334
130055
381871
438992
338372
234909
322392
378863
445286
433772
125061
448251
352079
265290
251415
113731
331996
447918
150434
193513
220996
361840
357072
167903
134412
245789
264234
347444
287562
193234
169700
227282
346605
333525
189611
231706
400389
106019
216194
447941
296488
359614
338681
152249
125292
384232
209021
374544
403235
142568
252539
260476
355903
300010
100631
452810
126075
366785
122307
118240
400028
194629
448357
264570
345128
283556
218892
172103
122033
373301
202970
230373
364295
131000
135833
237045
445081
213545
166961
320129
119670
264672
373827
156798
428960
184987
189401
322937
316751
337719
438710
365949
408551
383978
257537
328725
249452
342694
350404
399478
335402
254922
393486
168533
411829
387164
107512
421820
255603
444205
203718
261581
324242
205427
156461
221385
182503
217616
146629
355924
358957
226974
123050
378216
362608
376258
432418
210644
229722
311958
221987
131121
132388
361240
341982
268484
137251
365933
200164
206570
445730
355098
327234
295600
360657
138340
248493
409674
302439
333291
146222
428896
109225
274253
358510
376390
203514
219461
123297
118630
378655
213138
248331
447690
273742
415310
297691
121524
284750
164598
234585
341104
255551
338823
213914
119097
387881
447308
377887
137585
418365
130142
235263
406090
180719
411336
314651
454216
453546
307943
160051
322588
418380
109619
161120
183019
335004
228881
222996
411806
364716
200859
130706
389681
177490
277851
243847
322748
364685
402638
429342
162929
356748
411285
283926
292079
381787
375445
240790
206749
370034
114497
270464
390631
249750
127769
201364
267790
431093
114885
212671
328426
108651
323069
268228
273733
148932
422847
164274
248748
266956
163608
281493
126847
244065
206133
295127
265566
339295
456215
375577
186313
103765
297596
412656
169849
184132
359746
186087
300945
343665
269594
445994
407190
100349
225772
379245
301116
441408
443787
424504
393560
133616
275353
355641
396917
403381
243503
151477
337379
194886
119530
240228
260984
370619
396294
358625
185403
430979
356239
167591
247423
237128
332461
331211
263375
199794
372388
165416
173765
221595
237596
330083
138750
150755
226701
437454
403072
379441
358304
372404
137704
233048
175908
224492
437529
436337
398756
364580
227684
222444
279211
114205
384512
150333
181199
105683
180006
130770
350541
162225
192025
266831
154505
405140
132252
393432
253815
148052
226625
218422
294643
453780
131904
190261
274250
165459
274563
308358
183140
439263
108705
413949
390424
411953
449384
360647
370635
194703
265986
375033
354535
209181
152378
379572
333342
341553
235286
102937
123889
223386
265534
219116
257581
318776
119629
327474
352331
437805
250058
297838
208938
168330
194847
214343
344890
107308
160851
157388
268965
383254
303935
312393
150195
367484
403260
374313
207991
160801
210288
254146
260430
413474
289886
303238
449377
354615
447427
286378
327492
310348
137916
246672
330273
117883
163560
324137
300671
259628
193762
139537
249163
227638
358898
377446
210841
192560
350663
305587
235840
202839
393031
320546
438236
170815
247257
361450
430089
426622
413453
282325
244522
306481
181357
284225
270806
286615
452509
261370
282643
243048
297275
222835
343830
272900
415627
119150
429793
353202
383424
256034
142001
380355
411527
250709
226448
100235
330382
424554
279658
120100
350780
109153
375124
380903
189280
320678
268104
434364
246341
362013
328655
305441
299037
134396
183759
365640
166085
223395
337904
333053
350489
339961
436343
184563
116475
327206
407447
407236
406270
375607
380745
160691
344840
273966
180977
206978
379637
194941
240874
240998
383521
276720
101505
115754
281837
293784
145973
301525
402192
407795
339059
237472
150665
383011
190731
345464
133857
313034
265239
221299
201359
290011
157215
131963
361191
186048
186288
393661
437249
375032
293776
255064
404487
109422
407269
285118
131350
162007
336490
312512
424748
299076
138094
376621
106126
158571
404751
367697
153331
195831
126181
272973
442154
295314
440404
130455
322758
300992
180276
396500
172596
246180
423229
105797
120224
158546
180053
214638
403857
151277
177296
274810
267200
289779
409592
278241
156207
310723
356420
254119
309634
316655
186611
327051
179215
107853
335548
104041
280361
138743
354291
204908
310382
231588
102154
353197
416334
426571
274412
420154
210092
299980
153515
299856
423131
136266
247800
386167
346129
191067
365535
232780
350804
229035
274604
390978
365485
430809
360627
398946
294536
316498
175188
275381
337249
155523
313893
374047
158809
378951
262694
264155
106432
434992
168374
155421
328093
416374
136682
399847
329185
248566
361044
223278
214370
146819
437804
312370
303706
249356
241892
125947
118248
438395
398000
360073
417652
333654
320521
298377
216825
221102
358141
436671
452245
350059
289672
157758
383662
228652
340834
245231
211769
335270
405948
265033
321904
346234
315798
125667
127823
229543
289417
238482
217426
343982
337385
166144
310802
260040
415427
271563
446651
102994
387949
206370
452965
377130
415577
329259
310868
138634
364524
146903
399880
379269
330731
207400
330992
203526
301683
161491
244192
383497
445659
287107
293296
117673
158039
181291
271089
336742
247782
453058
415567
213937
425842
307121
344429
219614
320721
432274
449028
101559
105958
237929
106066
218592
199759
186006
347957
265996
339950
220174
271114
158163
265886
149462
287941
389858
257351
439702
279125
213330
442344
118496
117266
349475
313458
416045
197127
108686
421535
305870
149060
377620
238924
334771
436990
209099
131440
413854
347907
178503
241050
339504
162486
281410
259302
419355
360990
194063
349224
157796
115961
107634
313319
311559
298976
352484
232201
131673
384378
345401
213769
219869
121549
318620
384634
424872
311539
363424
263712
262917
301885
308024
255085
239995
417882
306546
409012
389369
178981
191867
124862
185906
155863
436842
348433
445000
329980
111402
228874
388094
227768
201129
293777
449459
343213
255331
157473
267092
438939
336471
152664
128419
192845
178709
353925
380504
103518
158389
327804
106130
298944
179016
111320
296947
118949
184331
455681
237958
400228
397438
176271
220285
105319
422351
288538
338155
225243
310668
192851
266770
327770
431905
262809
164999
198602
186216
238784
128982
456176
308682
364843
252853
242190
310652
274401
256977
399165
423381
303310
283111
133565
362194
401289
191334
443840
236339
161629
167567
273682
399886
351105
450403
218037
135204
329380
261741
422578
153948
319171
358630
216504
182307
283134
142739
122530
416163
300401
446508
430362
326963
184086
300448
365732
250794
216166
435931
299055
187316
287838
223556
127902
238670
247874
194524
345997
270067
110151
226372
237885
105016
327132
291631
371444
259613
289084
298505
110081
118996
305911
423776
144619
179044
377539
440698
437416
174432
342193
226633
312432
137770
363399
419079
364255
347866
200210
164670
437115
259875
158694
327982
412646
298159
426337
348736
309747
433919
192621
106267
244080
352697
227015
430649
212051
116330
262445
173927
410854
421854
291153
345681
441199
162338
397041
113106
136419
358179
121184
194056
201843
292985
324335
420005
130376
434646
180029
448929
337106
137387
169445
436466
269965
208007
252833
327847
375423
120865
132519
313360
326511
406155
270961
313407
156133
412037
380875
358187
110481
376435
190896
249410
252045
282861
340314
213795
151916
105997
395177
428205
132418
164577
113697
103190
299995
335258
286809
348224
415830
324912
436232
340773
394841
288339
217929
421949
346528
104886
416979
283998
274010
215406
285760
419118
423384
439189
404921
362156
236680
204913
115348
338982
381012
170020
409118
344338
160924
136930
345267
343648
190796
279759
114742
333006
303329
376849
217734
428183
154081
130630
244994
162965
393488
428699
183344
162730
405778
263801
176612
321813
154865
447943
199169
226630
351695
119978
219667
233763
328121
194671
293353
345263
281673
335526
424994
193308
210499
240586
218604
366996
357747
209216
386406
162329
310149
120718
439608
141976
290310
183960
386606
324909
125284
292427
391723
361634
114530
192961
357453
413000
300755
404516
117319
452450
285794
374548
238062
289643
347641
129486
367431
245654
169419
192379
278625
383139
424225
180997
430205
405648
376528
276512
331859
380593
391472
121404
357920
356770
171761
116742
371990
151772
267925
362880
256211
437319
117024
240105
158056
212580
406637
292628
372564
248721
453946
370948
206231
128277
422270
422085
102791
189942
112776
218879
408132
421619
254300
447038
133158
373056
240208
413382
441572
304496
413608
173135
388042
414082
358356
271306
208201
178191
160936
296049
161505
312422
450679
397349
170531
315676
295417
285439
315612
118570
228267
328429
142343
297674
314879
128363
161806
293794
365155
373233
435063
147852
137759
197428
291678
361215
177548
357198
305145
409998
171957
190594
237876
185386
208804
116937
228926
318163
100840
156342
319678
126854
208764
170635
269132
434308
439440
188567
314209
225292
215275
132806
266281
408821
365478
371983
143569
171806
449542
173436
424794
354268
112088
135699
271115
187347
409753
371234
226498
128338
393148
429713
127609
141282
270174
335816
299387
151241
450486
425146
231948
444314
230591
133494
138604
141765
104121
400562
241926
207288
298074
185494
194843
114891
317296
195312
237798
141671
133069
351546
448164
118024
390033
284850
230747
298455
169634
292885
124153
112135
201699
212046
174284
367028
240533
400634
446357
111285
300591
399317
242732
306218
408023
271015
281010
159194
368883
307501
359008
119127
326772
315533
350545
261224
439493
220750
113478
267364
117590
238212
320533
295353
421380
345086
306185
376145
167253
120112
454114
177049
133217
128950
304753
186330
366565
427279
208659
187514
429183
422430
365361
284860
455264
408258
180837
144960
317505
230366
197325
171453
190722
203346
193994
399199
120852
446285
223374
361838
373544
440084
196248
223139
421133
402907
303974
281801
190575
347844
333650
130307
277225
247767
112630
437171
310689
381127
376374
144895
309087
276836
359874
264075
255016
410381
121309
374560
384506
237410
213092
450385
425716
155028
452150
419046
290421
163777
301439
339931
409910
426025
182767
308961
273348
121708
264888
179787
449690
385226
373648
413931
304214
240479
344703
421526
101989
207396
188970
447428
254164
109434
120735
165396
205109
392500
417055
283588
119793
211921
217989
215050
156734
200192
389354
267160
433013
240214
430245
440556
281180
341840
333705
183174
390046
421270
433423
190506
436481
106941
266094
327411
453736
312495
386703
220164
305724
427942
220445
306329
316374
427885
425659
358156
252008
155933
160049
307108
435476
285943
273268
227676
236343
215355
137042
153813
125485
323198
386015
310778
348921
213894
267159
291076
253786
181356
434925
427351
244064
147204
347868
155395
150912
176802
205767
313877
416208
164517
262111
155734
235536
247426
216101
433689
302339
144166
164383
356709
306813
353436
116178
213416
267434
308112
111915
307503
280690
202187
200346
156613
118199
335093
333847
102266
286659
328312
280573
140220
181415
151194
330842
232678
155795
155131
148655
389874
333124
100816
329089
226916
212406
116284
451366
117096
284489
271681
378814
454986
287478
122880
237010
360042
381220
276392
409544
187604
272136
390328
319209
292371
241442
189681
153169
308901
441411
316207
358605
140598
219014
149244
211251
434741
125832
132517
346489
385934
285363
363198
199590
226554
335898
181027
326821
291329
328841
297617
445606
340265
236208
444727
136195
325944
254507
438373
408713
222266
247827
230212
239548
359172
237238
199149
242899
275079
173248
242769
450916
184271
275472
315486
330316
303809
244835
237363
261042
169246
169441
234015
323732
170996
271605
171008
353871
216359
334147
271861
381698
452559
386168
222030
326955
382951
251667
287392
389482
302838
266255
392473
311332
251032
196822
297846
280512
373952
352165
321127
227141
263146
101538
207672
419071
335792
148469
395120
276630
153427
386632
403534
438565
365994
344324
343870
351743
123378
272292
241493
329820
289789
420201
111774
239095
160318
376909
300874
235308
176851
447932
453699
390926
196665
236504
357657
186941
335581
397264
160497
416853
219918
212821
150894
425712
298244
128316
152198
304161
163925
355134
407657
198849
230726
157846
202937
327140
320367
262410
216132
347959
299336
333617
311022
109621
207183
366930
269209
369422
435160
265406
409654
111530
399415
131296
383035
452015
154554
314835
347332
144361
127282
241053
369681
301731
106680
276314
245958
243314
381188
390404
380265
319127
310508
358478
333090
402238
286301
367616
350877
130852
237886
201676
439369
110119
224330
412040
217571
434799
328223
351888
233318
349011
271178
380941
438559
136998
445727
218966
419983
297481
341497
252222
155878
445602
277660
442606
212719
220141
330198
342572
307706
285428
298240
158915
269037
334926
353430
205006
343493
199789
267348
408570
361524
273598
100713
209237
433636
326132
446020
361026
256418
259157
318444
184273
311191
254151
222852
283529
333894
416352
333591
355422
429350
310375
382160
115699
411488
373483
454520
102928
357673
141301
334519
307477
178162
107036
198970
108187
154642
294885
350166
339333
388123
107405
204582
350491
258977
354700
401467
363485
306254
128613
435739
186694
197402
110823
175102
161579
208680
282185
121573
398386
268805
114029
327149
329998
327378
229643
442739
131506
383745
151995
323180
392306
278429
169025
203936
183251
219857
167738
451420
107937
442950
304342
308104
107015
207913
132878
182194
368865
335390
128865
124839
114896
395162
156164
154543
202794
232062
179786
282743
311998
351629
176163
288447
234146
219919
144438
349412
177634
268541
257305
446172
142480
349164
428762
199191
349124
169877
260445
383000
423415
287918
111145
433873
113682
184637
436474
261643
203908
111425
158161
435974
235292
142869
451557
321346
407771
276950
149002
418684
391660
426845
309021
140225
215773
122227
441618
448325
354692
140951
159191
298387
231538
141349
173999
130675
234435
169274
383095
187631
157691
226402
372373
392142
173516
339883
191105
450154
151160
197708
421805
431720
420050
343586
183827
122779
341851
417898
411658
258438
158974
426374
322252
403959
341727
239635
366392
314759
170490
132126
153552
345496
295594
109815
187561
119374
256329
223762
255195
442755
146300
417537
372801
175462
192773
127625
209724
242799
107302
282842
289635
375312
229069
221290
291136
397884
378178
210575
232497
214354
267646
417862
335888
258596
397164
435930
427000
281975
138140
280858
450952
121461
134283
109687
151831
199842
304814
102208
395689
232982
283377
135795
137630
165145
298738
275187
352132
411967
355600
339287
107162
366966
123237
227620
181089
422096
374871
153200
284381
138994
317617
161405
390352
160226
202036
345818
155213
374695
208865
301847
324543
311859
211807
295550
131805
454849
330408
308951
139884
266790
103397
217631
353586
268164
194885
110266
139214
307492
130300
208277
187556
283002
380103
163678
108000
371796
373430
388108
422420
367447
211942
378357
210795
229686
226726
104243
423038
130091
441397
411148
449331
263311
247991
400758
147912
171045
307098
169452
241531
263773
415057
305700
132542
251035
206926
449123
237072
444156
347457
112481
345337
251652
218535
408189
287691
296344
140065
365177
412970
128930
138780
394195
194142
259952
181817
211951
141955
443912
396128
375505
175017
257479
407160
432685
336106
313078
317947
442232
137126
265430
335819
205586
328609
437835
450984
263106
413161
430764
433801
191160
325226
201341
347029
144037
444033
157746
271943
410192
320217
116714
280304
380772
130814
288062
435640
122290
161594
312999
404697
159970
332158
147706
179144
329778
447518
222610
215415
272574
359862
232430
253916
325804
313510
140280
165379
206986
395113
301964
224160
352206
186872
203502
150515
445139
340566
236106
452062
391601
453475
156323
140332
215044
365892
332369
353571
260166
426588
301349
387059
303839
101061
171687
196596
122433
426703
258122
312112
421504
275652
220848
232892
281746
392165
419947
417545
190319
260846
393895
348517
269365
359037
238484
405974
257217
431360
109398
160183
113756
450954
160516
389624
314233
105467
322086
446748
182457
262438
357366
167796
239592
138242
264200
164690
397887
452035
208606
325071
252529
107781
322010
319816
187581
108472
101432
297869
144737
170467
238722
124352
368812
163026
188082
125773
410375
123557
214846
246843
317957
193242
104827
294743
266263
215634
308782
299221
305617
236621
222786
215997
433224
431578
237639
228211
234424
206858
450402
213484
341894
405342
239313
433015
288537
198993
253074
305969
282669
304592
259813
260763
229917
381398
413326
200024
430419
444311
311666
402648
226075
437620
429808
235322
142418
343731
293400
178556
142474
363002
190093
191512
304996
314109
338997
349277
112712
213114
155613
372536
199200
143196
170825
233114
209904
318299
451001
363605
321164
211904
240485
209619
373241
198198
248882
311891
334553
335798
142240
150012
321878
355052
169946
444495
416562
448049
213260
268323
198140
353184
127724
352934
301377
349240
375476
330331
436252
115975
387311
396256
171839
385575
366090
182155
334590
369256
235376
278264
335247
153295
101011
196651
295083
138505
211070
135468
187774
159386
138037
432546
184001
204142
397629
246865
207937
177885
263313
104785
440134
313908
222527
446960
247561
414938
209400
392176
355668
347724
227960
139119
124102
271242
214694
101121
385088
173089
243627
405155
272429
145247
120070
144270
211144
314273
172095
128875
379706
229634
273008
321310
431331
318677
419379
232781
140219
109827
143733
259299
385357
437469
290403
434827
418589
209044
242386
416000
393731
298369
125171
165842
419224
393429
439893
264247
193014
356186
410285
443465
316512
110182
307868
187293
262938
181039
370493
233334
215420
172766
343975
359993
426028
135044
230962
232368
407193
255364
254352
321905
133680
395414
340254
344774
102083
327705
260550
281383
184244
379556
102942
309117
185457
260383
365944
408212
257501
149917
447823
298069
198831
366873
210455
369814
147727
224835
263041
378620
271257
281833
139245
364625
217848
355294
336905
258373
185241
381356
321632
286775
281571
371515
244075
439449
257944
378799
171222
329971
301959
385723
188293
126725
170318
322343
430494
333616
224941
364533
417418
206727
161583
310533
417847
293391
341153
239368
317620
120672
283777
272294
366912
148431
454573
159636
451339
356241
369599
381242
405051
109286
346309
221454
365737
380737
109688
250174
149356
444655
293129
195058
348309
400958
411546
313618
268842
416641
388545
251379
123840
393383
182596
229398
430991
422776
328102
415129
372505
422269
447221
407265
272958
377608
156520
260180
427908
212202
325105
387073
323873
362502
127598
287921
190425
306382
276061
337013
256158
195006
140643
325440
158788
276955
177638
319335
253903
243083
370334
104000
112534
231779
304084
369360
182551
284744
245375
154594
216736
176614
137599
408958
427271
363146
300101
424064
323965
414540
164897
204853
282128
344058
252431
418297
155826
155943
281276
120952
308502
408664
299785
171608
137324
188452
238964
386597
297589
139194
249001
187624
358553
126567
117000
331161
343189
435530
409881
194807
229330
351296
154773
380284
312286
304785
198374
285827
299815
121743
187920
320884
199018
351679
130477
285549
391159
275068
441053
166278
312967
105917
358865
404630
304055
409281
129582
186111
203969
343468
355939
326517
292580
140822
113416
156960
128929
176874
288191
239805
355748
179633
238789
299051
325362
410318
200498
227303
124082
188333
291913
226793
216176
282295
106062
406998
448474
148735
162849
167966
431118
251016
302307
299388
431787
201329
411705
250332
137422
225022
339312
102581
418885
428341
213605
443318
138676
162367
296492
317405
407404
310488
399892
452334
366047
370194
136804
118939
327601
445065
227984
377274
293455
250727
124190
410320
328374
414738
404840
280564
443034
342266
321312
302058
218784
327658
183748
159846
440916
102768
135705
246032
325236
404575
337426
225539
150827
440624
281113
155371
346020
136283
253017
233822
453225
313643
339520
363832
344996
252241
453335
190529
422335
385372
128785
159521
160627
364677
434857
349631
351731
111302
220608
453447
294470
213801
306056
197531
373429
306763
164469
348243
244067
252629
301181
117215
364631
310061
151103
318380
219780
127537
271831
265544
336113
302241
209441
223233
248842
180145
117208
193601
357282
401609
150719
351238
325040
121328
363066
209240
118989
257114
298912
115912
400722
296437
331994
405288
136288
150921
296677
289059
232668
138693
253186
231287
276082
144470
351143
176024
324425
163400
272458
415640
438782
432838
127051
356941
129591
375151
234879
425354
155367
231609
390197
305779
167081
420149
168264
210988
431247
370896
167882
320971
161674
139719
372525
249541
121121
320266
301617
133627
348561
293783
206683
118965
237833
422832
349309
224898
219546
307185
284402
190278
341669
357521
178333
295731
321244
453757
375542
387791
113923
125023
130400
185476
154231
254645
347704
178322
273953
413653
126419
170740
196022
329116
358742
305836
417705
163679
427947
167878
363126
436761
450084
375554
143236
345522
212229
446238
137238
273158
389789
402651
170028
240260
409113
392889
453088
382176
453393
399003
195849
410513
315419
148767
308597
212022
396400
183303
309961
236245
374620
264978
359820
404895
413849
427541
388363
426327
407367
176320
134436
365203
448364
220396
114579
422793
390082
149256
266509
220902
191871
228722
297595
316234
384000
429792
416093
389904
434367
268321
425673
396962
301540
167109
176963
134675
303872
407866
156022
269826
211213
288362
147149
296050
326318
129085
327395
363298
399279
419101
379061
209327
407115
349165
378198
288710
412394
322077
155354
438805
396671
438342
272726
423176
187237
425596
138115
104345
243749
108413
170989
308019
282875
273783
432914
202669
161692
281686
141737
322844
178616
352133
279900
101564
394961
181771
102603
237937
405597
390124
117471
350241
315482
281809
343043
104418
152195
118372
244582
227094
197940
210658
245276
289394
114262
260466
127011
156681
420335
381315
177443
103124
398853
114249
352864
289855
106579
115212
260853
292083
411186
210160
441559
401352
327168
132163
347148
291924
211926
393070
369747
314955
360892
431442
182205
184213
428449
237849
411449
406931
346088
322604
351726
149527
385856
240952
163761
305184
398350
427025
214532
336515
194135
383834
248828
119462
125392
355334
275635
455244
183504
380234
318001
343054
326417
126272
133618
349252
192380
193393
314968
107663
273306
180327
410229
350030
232476
439032
278589
331915
333806
226461
229340
195569
199038
162168
103193
416230
303091
454177
401033
253359
101805
403661
379834
376612
348917
169799
403898
237685
101723
269703
421109
377647
293285
330648
435993
187770
447132
354223
348996
118503
276381
396455
193062
391846
171667
207433
173704
258789
216525
134616
422289
223138
349833
372798
179117
235063
145079
261783
309838
319972
432447
231180
456035
302208
444671
221611
271477
408931
403623
453307
100246
404654
337374
180733
437287
301666
128367
208611
294818
415034
351691
304492
351794
188237
149945
206787
413381
251456
364363
403168
241391
256951
162258
221472
191455
337014
241884
270638
329485
290091
165976
426012
321895
325232
426201
137090
441804
172290
124790
367718
239130
237137
258278
242472
327660
258883
378688
297138
213310
324891
262719
271985
414100
237839
378698
302114
226141
115300
134931
322191
224788
172405
230587
413922
224390
440623
291271
157420
323912
325750
386056
308564
117094
227098
269383
254723
334321
194946
213770
193957
319687
453263
180562
301367
256536
227430
443944
358281
352879
319445
411200
316962
455530
353150
302045
145314
190768
124785
160768
130654
208314
313721
400766
206118
292318
320802
188869
283465
284626
434188
180697
436526
344709
316330
214766
162619
437992
321088
108877
227283
189785
330176
172819
155952
258382
381575
328593
410290
260736
228581
315496
156206
450703
260081
222847
351844
279271
193906
430050
353849
422756
330159
237912
277147
177737
388975
349474
311899
347645
406416
188953
284206
425822
231318
198983
280063
355027
430745
130776
301537
193280
414950
139339
320335
183202
265447
164901
183403
347271
169594
143000
205562
352835
364724
108190
102959
394189
222446
185439
204613
245122
133488
436390
242576
163421
381630
236537
256271
325435
269273
275714
443000
267270
246942
439459
232007
104508
235242
304743
155341
341118
160791
244038
437164
261401
380641
231945
321096
427997
212113
176175
103781
340297
269246
117725
258495
123126
306237
234430
337972
220148
265206
380492
125993
437228
260001
306975
349169
219143
292019
427584
265339
253766
248262
423559
448312
450867
241938
198157
215532
451093
408974
230108
271176
137098
265455
130835
279251
120901
344576
222208
245896
364672
208129
434513
368620
349998
360287
323708
223509
232166
111766
261325
167133
417514
365278
257535
237634
355252
293186
387978
240102
136078
411707
123844
285850
145430
414276
375563
305924
297969
237070
136351
196838
264641
409162
178562
147053
165719
162385
372476
318202
258333
265352
164476
414420
143323
117569
233701
340881
313002
441078
243437
421895
339191
331366
318409
258209
342764
152975
294357
205308
217310
259554
268937
409740
127089
384718
213306
142292
281510
450289
199587
253636
301492
357653
381108
299747
322861
168001
289363
225885
322271
381825
155657
125410
266145
109028
281229
210245
271983
419306
258741
290815
452662
254976
142797
331752
400748
336076
203953
255284
383647
140488
244626
140667
344200
385985
414402
386908
325399
398176
380272
239964
130662
117115
268684
302606
395263
361267
255091
362621
352136
261015
165030
186795
307700
238344
153287
427872
332265
180468
198885
290771
208261
331002
359868
203222
183694
278145
373465
409201
442537
370078
290380
291535
361155
147560
161176
429934
315455
276092
170874
211595
383695
177589
293245
248387
185091
135442
393207
257087
179521
133751
120435
351708
307715
296373
156962
268406
441036
424066
304461
366218
126505
353293
244159
417647
219422
390927
377221
166200
296240
298651
201749
303228
148312
323504
254547
129192
204968
290996
426969
425140
198654
370747
240756
340271
154326
154290
297058
146454
178528
150037
354812
405705
356776
111166
326144
326973
358759
374855
348006
373137
438248
361201
344560
119872
207323
147861
422107
179487
377942
240973
204221
398678
258007
309900
122479
263623
102688
253821
189804
146339
196732
429071
232206
296412
152521
217691
111987
416281
342831
166081
382777
106039
204029
163382
176909
235267
441012
234144
103910
351369
213990
375553
172275
103194
300389
201039
213906
245085
260953
149555
364681
286371
101147
136045
154245
254706
305577
453429
451029
425331
336333
236930
119005
319996
115767
167479
388019
293805
258086
379791
319630
236633
214466
209557
443892
283324
307472
433978
221609
100599
408133
173566
394909
283431
451797
438945
137043
231414
417021
267957
328734
399269
415512
357556
159900
172232
315720
390179
263560
267591
452716
227985
169042
170240
419276
166312
338780
199132
429213
174345
405834
358702
133849
444044
255335
110629
267821
358060
343461
114305
131588
344555
410639
274888
273172
258911
318470
169568
168672
385072
217813
231091
352305
209917
266884
385322
235652
287730
313150
406485
196608
408912
195963
106748
428121
423883
448186
274483
351975
122212
318493
344005
413901
182360
158746
147938
269964
108147
217393
193114
286744
421531
388677
339867
149538
236311
144274
301990
348414
131593
170951
336046
222454
147984
133526
447527
134737
267227
100554
402237
423390
110574
315020
325754
395040
237050
117384
214392
239758
173280
421131
341568
132853
281856
276278
388011
100894
351578
105079
252118
282160
327673
159059
180603
446003
374308
439517
301832
388105
414138
146519
271112
156453
295324
381839
132222
206966
206513
252211
271142
347276
403443
406910
288948
428949
242260
438040
353547
115939
307803
306605
305515
449218
333332
369892
344638
437213
424532
442844
356321
149227
271658
162231
339294
391810
423677
220662
282031
430438
162749
377667
231578
345500
189000
400816
284711
418162
128718
269007
405803
123034
286305
258354
343981
204864
233996
388318
228705
396303
303933
321603
329770
312145
100806
236647
259470
273589
150570
339729
427911
101705
449974
341219
451692
349835
251384
419066
274617
313967
272484
454550
274149
311291
253999
169563
256700
349823
200687
291740
101988
239771
309329
140522
204198
229891
377669
363722
226074
241712
346199
444865
383987
164860
393725
173183
451710
428362
237539
439169
399396
166918
270788
271282
126491
329022
349469
165433
233237
425358
377040
267776
449332
384115
102334
277762
327285
413283
137615
431478
179889
289908
392053
114959
283120
217869
145729
382567
438057
151766
141922
132739
277399
379053
116965
107300
309424
165948
398236
277187
402564
417829
182680
325891
257368
166595
187141
179993
130407
341908
195416
163290
272014
339717
284457
389379
314166
455683
155969
421891
369094
448912
134308
171992
288390
334581
191418
312584
211385
230800
263696
381973
208029
199073
422445
123696
102235
133677
224867
277932
116003
278806
247252
198470
291325
384317
131948
289545
185198
193451
442511
360121
133572
249822
150971
317979
132619
426548
231435
404095
298019
353644
290905
433951
261239
219463
353444
148385
204147
344780
393242
441428
437788
311476
324478
171255
447830
429485
334038
129290
251865
251402
264686
320391
170573
195069
359336
249022
139090
190498
107695
184872
111464
437031
295055
383588
169987
116513
153540
218811
370960
161074
103917
121961
211530
193269
184828
253764
450804
145109
405247
300735
191136
426837
289750
342954
355116
420650
231187
147487
218270
360702
167029
202493
102009
434235
413902
453815
266707
208918
172404
103407
317527
320334
281755
410157
289795
159502
436648
198985
348906
169268
326741
325734
325606
252381
151864
157009
193283
282012
384961
257507
146387
212628
243450
420388
234212
431208
166143
255124
356292
225496
264150
422864
116320
162956
398048
145900
403785
270321
127539
326406
205041
349879
433242
176996
350934
324742
441823
341326
200439
299640
159962
281421
404602
250506
291043
381134
350217
442957
361518
239406
439401
185887
136799
331601
309148
455287
426952
236994
204738
100785
120702
317782
352672
293853
343002
215155
203967
213234
171021
316345
377243
164338
241540
450665
373939
137882
130084
332446
426545
131730
347222
223804
122365
257188
279389
381184
141651
314945
167927
134887
430164
404945
440871
174193
144869
239484
118900
215302
299523
342385
365437
423478
205122
164742
431433
237307
186839
335951
153405
115638
181506
191053
319121
315250
357880
269066
224078
352209
139581
142640
386779
423657
153765
183121
230850
405006
175683
332874
226815
347941
184596
142528
106994
399460
122940
151838
333234
328430
435158
393220
190236
134849
380539
204922
208982
353639
159603
146286
341586
193872
357343
232957
178031
434971
106381
375056
370742
266397
208023
303206
331929
144808
342988
118695
447400
235484
274013
266593
382341
163670
174234
446213
264749
380942
390963
309440
156288
364929
207681
300956
175569
238363
284693
212971
293669
109436
455323
150417
156015
330799
111372
401209
322501
438139
110216
127704
144433
269598
222407
188300
262471
210161
341528
108040
201242
115319
125893
136468
319571
408433
243944
293082
315371
280114
172573
222371
160575
366450
133143
285518
136516
241755
320402
329194
360748
320089
340226
268045
193765
449503
312692
309068
340618
179443
333436
335572
428657
357347
372216
249905
109170
385427
365387
342854
218924
381076
263250
161824
355892
351599
142147
451829
230951
347247
190946
380460
129413
399763
450361
242110
436245
417099
418855
212924
210550
418641
455735
447667
219341
350329
310493
365148
160477
385928
105798
418175
332702
244885
320735
157634
246566
231020
202143
452454
402334
372722
176239
364824
414384
265769
101265
455494
295947
247437
344669
410364
297374
151979
391694
226631
401947
242830
382747
204794
142639
127477
229680
109023
222384
434266
265283
437162
303418
189425
243349
327034
124802
374931
309300
451819
439199
192724
440881
216264
182282
252808
281925
329680
426739
221178
425569
316375
275673
139373
183935
148297
359171
211974
307467
371890
308710
455684
314953
256126
252024
131309
419125
399211
128341
115540
319293
131572
366801
190020
420933
263485
386897
150390
397395
337809
281134
364165
406706
262585
133203
410803
143987
344152
393362
212119
186207
175678
167376
364093
205757
244224
385458
347710
191429
233948
315893
226524
195573
158058
287411
114211
224800
207984
440788
344530
279104
397535
405001
185925
364018
372892
209979
205759
257863
220045
218340
291358
250289
439560
245806
210904
440749
126244
453327
248851
202827
431041
340808
259437
349166
189841
217888
262004
215720
319879
302325
131225
192769
193461
143745
359358
375559
130540
167221
383456
340916
144861
133770
108382
128576
405590
369000
221061
218802
182018
134432
209477
388542
393470
128752
245169
387252
278846
428124
415235
142860
189423
123241
171264
443641
181818
221286
128814
203597
311141
182518
158364
356425
183528
436040
165153
115740
394163
243425
275500
322828
127552
234414
284092
406983
259355
227452
344309
413120
237897
447734
196921
215553
288229
251162
101915
211664
189514
255492
454691
272412
384784
317441
109612
242003
443857
151484
393928
158531
355351
351953
114096
319447
212444
382664
332350
342582
123269
344474
191578
383702
319614
324290
420790
258894
288356
231600
162342
298094
437077
426923
234452
244667
207668
424676
166302
338393
396491
333370
175256
193495
233621
246937
225635
429756
198871
409314
228631
349583
288800
248383
438702
226864
130769
451125
163891
287191
112957
340154
321714
294038
237303
367694
232814
180842
288901
295231
166604
111454
383773
170460
175298
387532
318593
392308
281982
348266
272335
131831
222991
304467
179841
130697
173431
329559
372343
354627
143838
421382
257350
304705
333742
368669
203882
320603
161322
214238
239792
286551
444928
310922
116570
401391
101774
170254
406446
392712
395321
333013
276214
102172
274771
155129
293772
263423
267388
381507
157924
318757
267049
132332
160002
281922
196999
202585
159027
304932
294669
231970
199069
117202
196036
277493
129749
264878
210416
429357
310041
409577
448499
331618
213563
282716
137164
155044
272008
120650
151640
177213
430565
265120
326952
214112
102491
123509
357972
381857
252441
389546
361882
195888
169074
312450
318633
333635
380148
455189
323062
299244
143974
235707
280006
143514
319259
310139
277644
433652
175735
224452
429561
319588
386581
411987
420073
430052
239375
252827
366823
369018
164137
170187
371844
453742
435853
146007
332244
180044
410050
162954
310712
365669
422234
327402
136352
291880
186343
287687
105117
140371
195619
263782
209644
289371
218931
209150
380662
346152
444511
251702
446107
189125
166709
358717
259930
196297
241807
448640
142806
252736
267071
136527
319460
247035
196099
114628
171374
237483
410205
200634
333042
435554
116762
434679
189229
296982
398009
151757
414283
274190
162038
228779
391638
356780
147051
101978
400071
342071
153489
136252
385459
218525
106329
103296
314616
190557
233571
271840
144426
387773
220242
276850
156227
417475
383500
161523
397273
211014
313894
332520
263227
313783
201186
413433
392633
298170
157237
202408
218574
115950
160110
277289
106989
230524
100948
442225
440020
380950
145253
346643
389289
254803
341536
100963
270452
234949
149411
249815
405837
194896
434733
100296
318103
452415
169776
180384
315242
383336
173856
132646
280165
164278
274185
252202
196453
268791
402495
385793
456108
409107
309224
443454
419906
358668
162122
415922
214840
107510
213332
442517
276022
107633
304410
399900
229542
429464
425910
246020
348729
220105
103834
427374
106190
260993
192442
215045
397853
394498
117303
245320
310454
175557
353118
218576
310025
379557
285121
399978
223674
400772
309607
333308
203677
440925
421403
388752
205462
209607
353320
363915
205925
153210
359698
378362
176237
170805
445964
215744
276342
139548
330404
406635
272282
353742
219063
166173
175787
101277
374198
277803
179806
346932
324045
411214
390629
150965
131919
386274
232298
415777
297388
417482
271966
211494
186664
388427
115603
153237
365235
416103
209290
316999
211760
109047
283126
187767
176821
344809
217594
139197
237542
154289
157954
190423
317178
187634
133602
263425
174330
173315
151503
325787
179891
275359
428160
308425
169785
354579
219537
331466
229518
396533
268745
215690
422843
238876
284237
353714
377777
226053
296503
399586
405248
201138
268672
406303
445424
279449
177487
307063
264171
149738
364881
417107
297094
327650
329729
442923
394714
214457
325547
138170
394170
370458
123963
447581
339136
154542
333604
365561
110887
319325
200456
336884
417669
367014
397238
166281
374057
439497
167742
264009
292884
451201
332441
445618
367912
184369
388298
276469
333746
389511
345384
204516
161426
367990
404805
177512
288744
278009
452254
301825
274901
103035
230515
349384
333614
335464
185762
194231
243745
362126
380252
350462
357068
185741
135403
202723
210987
344514
324448
400903
102839
434238
110403
301565
210257
134487
414027
170763
369402
162154
256324
174420
316839
177352
143972
183963
263090
278999
425933
368278
438849
152953
342713
423316
397982
233552
381487
365399
167689
182963
133401
183139
418042
102612
309293
348783
182177
115882
173806
321611
169270
230396
192013
172278
208609
313116
109066
397495
287740
201695
364540
172307
137496
264956
178098
214718
314428
416749
177757
429899
380209
149629
314942
296643
340900
195556
204578
436439
274011
244820
122193
110650
112202
341121
114967
351384
452230
389727
330630
129071
137340
346758
133103
120849
235494
295300
413579
164249
328168
163308
341382
376066
132064
368388
205597
340026
210290
370272
254847
238178
239409
385542
147582
253635
392305
214211
223443
406799
180232
279356
172352
132784
228478
117717
216877
157628
352505
212062
191560
288949
289159
129301
236226
296966
409410
220350
269527
129730
134187
167741
292529
133113
309939
213977
173404
118774
191146
240726
112574
421720
349900
356603
299767
118327
237776
197679
302100
217979
209243
340889
320100
256906
154432
339889
173972
268803
212428
166148
248519
267735
305599
419598
422730
335737
342913
336123
118195
275867
276073
109701
380307
173170
162311
115667
425250
279005
383257
213721
195045
403106
234094
212584
380909
101300
388828
395656
319032
122821
385966
401889
179971
356890
392653
296235
454402
450794
284685
248995
406119
273411
170112
315964
205033
430633
128648
260194
407446
401880
117086
358515
232418
197569
187525
286171
319231
389865
385157
245380
220290
399829
377977
160889
344759
231693
441142
423389
323639
316089
135023
272876
276086
117963
193466
383902
330465
347017
210357
109940
220561
435145
335694
114674
452976
355485
249512
436412
302360
221879
289670
202017
237102
312532
150048
131670
251561
383522
383618
291164
246083
258946
206662
390519
108369
117364
403124
244919
386074
399220
197271
414611
313745
218218
265865
171672
295226
187957
335239
434956
402455
301737
393354
118298
372786
321037
374809
347364
235195
240193
151239
183733
172254
151298
237073
164238
249522
285854
133694
386905
170017
350474
265140
138272
337544
145620
179421
403226
330204
135118
107160
126333
407133
452474
375905
247618
213328
194317
292785
295631
262714
232482
154448
222997
290450
113414
121496
123423
321569
108580
227581
278747
121453
224590
222796
245799
354702
408151
257641
352737
190462
173179
306772
293101
398212
423884
224744
312290
311351
368750
340032
120507
442558
405173
140412
332245
255758
140148
110429
252616
316936
406894
433992
242411
148732
178884
281526
437145
355761
258761
390911
166388
383363
398664
450642
355596
118793
338533
384160
257106
196142
289091
324709
366247
230721
391252
249364
273852
306849
398747
336977
161293
367143
269466
336224
141700
155781
404016
219734
406504
395175
162538
125283
397342
393304
249237
405415
240762
322296
442752
170976
455605
290007
402934
450123
197703
127502
320473
354290
116432
377635
218415
194489
247666
240016
355067
232500
226333
210213
377947
354375
329977
141155
367934
239133
444889
229698
164203
310677
437116
314663
268366
222757
347412
200645
300663
416067
182975
233913
115856
269374
100301
237155
157909
301223
410518
223842
425504
266084
194305
408475
399980
297767
143521
218033
302420
140994
390867
450177
387205
425452
404960
368329
312383
318887
249490
301621
194664
406400
429595
455107
240643
358947
102931
134731
395147
350126
314115
411642
361257
270329
189439
276755
310269
199386
227184
203925
401793
281728
104364
105115
269254
347778
117666
238741
413530
120801
160496
149714
112378
193952
214040
138832
164337
138000
321893
265651
272725
446113
450051
187395
269344
358551
212992
391389
199296
169642
331235
167445
169106
192741
113570
135117
104558
298909
326058
201590
402731
216201
338450
158559
298629
297866
341812
203119
412901
299735
238049
331878
312027
400859
146010
228200
323630
194718
321925
253575
287073
108807
383377
384928
389632
229855
212510
137850
359900
268219
297916
147683
255507
242417
332945
436548
232315
156776
297620
347141
432759
231806
420682
254985
201276
347158
132051
445885
402128
353904
112062
359339
168050
306065
213950
380842
274232
283417
154961
298846
176758
269350
338656
214870
150210
420079
321590
159012
127104
358783
379137
448614
156665
447688
289342
183833
424790
178230
186629
438666
372340
171246
239464
433157
349627
111409
420782
127685
164371
346030
366673
260503
253633
436414
332137
241668
289190
404106
377015
330451
149598
267482
184057
373975
193950
425094
289818
266538
124782
264959
455615
348800
347532
437961
378998
132178
252104
205685
308047
276271
125731
195709
408278
380983
328635
326178
326548
207424
258451
107364
312875
322535
404996
418160
201831
171492
208858
363381
200041
185502
162963
222272
111475
214215
139963
238594
236439
447414
107489
179472
346412
358768
202166
452740
401475
368651
338981
343642
380072
453472
130032
246109
406075
117601
156849
248304
325989
206746
378750
384094
187610
313486
382998
432322
297462
372855
183250
127897
228678
173478
228012
298132
304453
266534
118694
144289
126502
401407
366316
369021
357810
398596
282877
103667
245546
383912
316637
284082
260975
121634
448848
433621
320583
178176
107756
254765
124349
272548
271383
181940
387444
423577
198873
251044
337040
372396
435613
141059
425339
326067
218213
