322967
446099
205098
214348
453225
209191
114254
385756
396299
181199
145260
407656
143072
162225
368657
285333
331553
196550
198654
107995
209992
437164
150928
232860
269391
257623
248477
370690
244450
232507
388318
214962
314109
384512
388651
292001
390267
275687
330660
209433
177833
345676
326854
311025
254225
113038
287501
232637
120714
122748
400562
212062
311998
304273
116027
295863
102003
428205
349474
183307
357571
340549
446130
114821
168327
157807
284665
394600
339191
362422
249993
277187
449579
240374
411638
194511
307681
400898
427410
201798
120979
379074
269097
224988
339968
255407
136592
203582
303723
411491
147598
138352
226090
294170
395040
430745
209243
179822
269602
426749
139388
260698
454888
361768
226136
448298
439905
187004
430068
451091
344576
340566
138135
230434
282400
408229
244239
144082
271476
237542
203696
109669
267612
318421
147129
163948
445959
304255
266538
340299
440655
165011
305084
302014
267160
301034
456215
262973
236649
120039
355196
311717
432216
436667
207076
354615
342202
326973
215509
378555
359801
132098
375554
426022
317841
329380
232444
129071
271112
452726
237313
381398
216179
308799
191637
198797
197394
137413
443961
139818
442809
117086
166444
142292
290403
299244
134001
230366
378743
352045
375637
285518
359328
194027
402855
215415
295947
265239
442225
327270
434389
312717
227865
139576
114674
423038
189611
454216
349724
383035
304713
402766
239681
288043
354794
310041
207433
252433
446632
295226
244968
294913
363404
220399
404630
427539
180842
318103
234390
100070
102277
378577
101640
186126
265277
114409
392142
248262
224043
431068
221077
417088
105412
392173
224400
158925
413931
265206
438600
135030
132519
317149
358768
219143
213605
124599
182456
394757
410518
353396
179377
229505
195981
450892
237205
217922
108301
382717
161642
375692
408373
243767
293461
424078
381487
423548
150827
409502
149403
302685
161581
332288
351628
212656
114753
446147
222757
130055
147524
317782
223374
101738
262270
394896
442232
283998
319085
129199
311198
158546
349631
317030
119255
139080
396671
139469
332919
138017
132418
350656
353639
126268
385657
232418
132166
454520
339804
271470
283544
259979
133100
242577
294319
172573
395260
362655
256131
137365
308765
425354
137473
386807
124399
227631
428620
455735
382588
183004
331257
448216
385897
429191
238791
375542
139324
274190
374049
259459
332719
251907
301223
170460
357673
320472
260607
393180
433720
274387
325679
366656
404534
280584
280901
155394
133618
306940
163560
354297
146332
341139
265566
133565
206182
428693
282372
292161
218879
370049
340070
455433
437718
344904
270501
288397
386277
117371
287179
298170
217421
401335
316655
377575
453127
157909
331109
136814
127086
306301
378857
426812
392892
442755
229965
352641
170035
130706
115223
234332
455530
268669
395402
350373
350541
280327
217549
211926
240584
196559
216456
242199
179993
149411
371272
452391
453722
205122
112086
310499
184920
172278
314844
189620
400071
143806
447232
345401
224201
336816
235302
260629
172788
301439
419590
446748
244121
382977
298159
139232
270260
223824
142350
320089
169685
327279
200478
139998
159355
447132
109612
147455
212772
273648
139214
271271
358923
363698
394827
329456
399205
316510
171115
384698
232595
125485
289643
217285
188636
314800
417282
378483
406494
127732
434053
284176
390352
238447
107877
102053
155030
345522
179214
438805
184124
387784
208541
171130
266707
140047
374830
323639
181394
281287
385017
387044
330128
393354
246112
321088
149728
136466
272758
358451
440006
377221
203760
291768
413672
282842
204323
182646
191136
382928
368833
360780
418433
281627
453131
337443
127995
443780
179443
349150
194834
376232
235376
150027
226920
367561
273230
265811
294797
146534
409843
180533
438395
151071
189514
424170
205729
188097
156776
283458
243603
352993
167493
265745
259150
127902
195808
155952
155272
369814
297481
316497
242823
304496
247339
350030
346050
273745
268239
452062
262763
387147
384120
189841
170017
363126
235310
247093
226133
129218
221102
219818
193114
346478
225230
168863
289820
118983
144290
254147
377693
191168
211651
309792
328593
364540
448648
378642
447402
368620
107595
292799
347444
383987
116502
266845
265406
241799
422184
442708
305587
258911
429540
445532
204578
358168
171957
176977
438678
193269
393766
289545
434364
193253
150434
167900
400324
276523
436136
429464
157577
251227
427519
352979
297302
387344
249750
239437
123422
405558
117846
231600
112389
218794
235652
268045
391460
423301
231842
229165
268684
443144
105115
133494
204067
159169
402827
109582
214285
263954
436519
331602
434717
236647
341553
166109
279041
206232
342235
219019
333604
177175
414817
413719
252462
221061
329952
414917
226235
129572
182649
334547
217672
131328
414508
270193
359862
326144
327706
120901
223879
183546
448357
284489
370883
158294
380420
413959
308037
387642
347354
226347
159871
312217
422770
386905
336446
226697
434733
387374
380662
244038
442390
332242
130407
209518
355446
270037
325567
375801
327234
264898
435342
455591
148479
108634
103124
252359
347536
104032
165280
350803
253386
311555
138927
298160
332450
176955
115018
104209
181036
235940
397470
326068
167836
319761
196983
172118
106140
195599
370005
199038
249541
263481
222266
121153
376146
219537
236106
383011
238408
280620
115348
130076
419046
197390
312020
157420
346894
266969
240045
418928
148678
208054
130634
407265
442603
280287
105812
168138
293476
217446
281159
341586
373536
317540
222786
435427
176321
377581
179889
337466
107917
259591
158669
103538
173630
264840
195333
232500
277196
156133
112314
421873
262809
124352
107866
322937
442514
426061
417870
300093
189832
124756
366072
291880
189353
102009
299032
145787
309305
193297
243973
291076
130662
140148
280897
184585
419902
383773
427990
382747
173601
125391
389432
374785
254922
390926
124180
285373
402638
364811
233039
264049
107781
355903
362062
371024
172888
410106
102768
122224
425747
425814
298244
260040
452482
323011
305363
243034
444311
355761
242129
132155
192729
113196
104116
388066
307139
367875
195765
366873
368229
136516
309269
136226
269365
183727
148315
363016
380291
443877
158702
285257
177283
126889
219463
390082
228581
377591
167346
432685
231945
287018
250408
380089
455358
357556
252539
299646
313510
125155
240479
172631
413923
317822
260180
139852
378698
239457
250746
386205
334924
336254
183963
243500
310698
266509
167523
112918
264081
179133
147881
216004
270907
187705
133143
138282
398176
245982
270632
237070
177942
271170
330410
325917
285630
253240
231294
320974
388741
318939
191829
251193
195968
345263
138694
246865
306672
190559
294436
104406
218346
456052
139122
135671
225015
266876
365235
283270
119656
252850
165083
346528
434925
150706
164267
181155
244993
399068
100476
391971
263779
218533
312450
247808
328674
325895
271546
188365
451829
268228
133194
222836
416230
426567
319951
442500
192496
272429
313384
428685
214117
219586
121961
424593
450649
336905
230124
341483
419022
413474
302512
344107
220591
307261
285854
135577
110987
129730
292048
389867
357049
251667
439263
413796
418714
373886
271661
339045
127011
347387
149849
106969
267508
209644
346007
152830
254349
215420
428922
324793
347532
325159
393303
133572
124951
248142
281134
419197
163234
411015
196190
361945
358057
255648
366922
445201
332749
395321
249182
356709
270931
280902
285794
213545
419079
258187
211198
394995
407236
210841
338614
397536
405314
363424
112540
316858
173641
380310
227450
448164
344115
438666
370285
395807
220141
200377
337712
204913
116181
116762
414111
189439
344514
255227
270793
309859
127598
135131
396026
353898
121179
265608
210795
309199
431720
184001
341612
151552
101705
315612
343447
386345
431033
119242
405648
434646
284244
341461
117197
285799
233045
284610
432846
152900
252438
422684
251618
273984
327847
249237
381940
327601
177220
356901
167823
267092
255996
430122
302140
122520
339738
268158
324770
125955
248851
179472
121549
347603
144470
395147
171492
409152
106821
423582
281010
394985
389736
393411
242223
144166
449031
451807
289617
443745
143690
249260
333670
161699
230004
427460
181978
287669
174345
354745
365177
352136
342864
313738
189125
210831
390179
115664
231282
252381
347070
318806
272840
136682
312512
278347
323062
442583
438618
240214
387205
286196
208314
264978
323683
436834
274849
252061
255707
206926
266956
346254
150012
365148
375621
288595
145430
182155
417107
377021
150581
248238
216649
370243
145628
326927
385639
330382
353296
287815
358701
173315
360918
206789
291294
198122
337991
350533
203314
169250
224018
137599
364283
310301
120910
120128
204198
423270
421504
151772
285757
424668
375778
138082
188216
158958
426703
341316
215080
338347
411707
393825
364542
108206
112893
351702
115979
106819
386074
450794
224754
404854
316751
251525
189292
151864
441148
125459
390304
433658
414094
385401
379675
307343
211227
198789
315798
333915
307943
420015
185198
115330
306813
103660
426969
190896
155852
196155
141059
170592
206958
420539
395313
276388
178580
250058
217424
200024
249102
193684
235195
427481
163678
357882
261291
385575
183169
285960
367014
387831
352737
395151
244697
275429
247359
197309
175196
225022
300648
232019
437132
348783
308019
439401
122151
255718
110182
410654
351770
227676
227923
360855
367464
455107
145330
411706
167689
445173
401257
165586
238212
324546
188582
452318
379709
113122
177132
234052
328312
415310
423590
110577
221987
328093
201859
190353
420226
288729
139129
246417
384950
392268
245749
114874
298287
118339
154490
288500
343046
147493
241328
372944
176106
379880
296622
405342
239902
189288
109375
402026
210500
225986
251377
123834
201824
164383
331618
423545
422983
306218
297620
375309
179848
127822
267646
138124
118190
309491
159681
271282
451899
202533
361342
203168
310272
245278
452343
404234
255291
209181
109861
332245
401289
241848
301810
108119
208611
128269
428317
256231
129051
160167
299349
170700
377918
189425
344797
324105
245340
297680
281925
342266
121213
446602
352835
388597
174005
327402
442844
373851
317118
196830
126146
413134
418122
218270
167317
183403
246958
184086
236235
430808
208865
125993
207848
109275
198545
213211
441142
380504
256788
240016
296278
279075
338372
431316
253619
320755
402192
395580
113184
172665
230898
337379
391252
325040
323309
111801
374308
216359
207183
162024
353906
102136
348860
228200
263648
395788
316842
375050
344669
206118
105225
333654
427836
359439
165145
339950
453472
126319
384270
203801
195556
158570
113682
228874
381912
150584
294318
109909
422740
245700
137966
137564
239995
302328
293087
263782
346417
135114
444727
409781
171052
245220
303960
401578
188288
156459
203864
269246
301475
153282
305808
341217
284556
105946
354648
244582
390885
336076
123746
285444
382820
223911
244589
391291
376685
444316
337691
172087
162965
322545
368786
173571
261658
270015
360735
202794
262353
339385
266456
203835
425320
201831
282147
132987
227509
123819
158097
372855
134675
213858
395177
165461
111464
412709
318175
217120
280634
115137
360832
350811
247035
443093
263897
401164
425166
373357
313422
327378
217455
287807
333332
113970
205689
161991
110432
167606
450964
132853
152128
231615
241606
138742
355925
422307
271684
424766
216369
104428
103215
427997
245832
152314
185226
294449
191325
137164
203473
310493
107510
236011
387978
116714
383955
315063
352864
194365
331350
261142
429899
306826
168061
359721
294190
153343
372702
440134
258803
300638
284034
357708
237303
230980
161377
153493
337544
106781
196541
251897
422785
122821
226053
155421
338533
200543
136080
377535
272134
375056
296478
386632
100808
103793
423934
204844
172686
185254
371856
263623
300233
248258
184111
331742
212114
360739
417317
302606
414689
237072
317919
310802
264570
233084
393432
321643
359243
447264
270961
319886
392134
332874
212752
226141
436268
272900
155863
177320
138037
122516
361616
416395
147560
369040
400335
380904
126571
371450
198448
358156
153652
244221
437992
423047
351369
396015
126050
410128
111668
445424
198535
232206
246642
308961
449402
389632
312348
135421
151124
113101
203953
291079
374577
259289
348206
158899
430478
102624
208975
190020
142489
236709
396195
154515
157810
170028
110514
410242
185455
369354
372896
391009
294038
335221
300966
352987
377658
308263
403156
280849
213029
401209
263250
167738
307156
353124
286378
195416
131831
314428
151214
321895
448120
257604
303626
402238
354994
325891
289618
293391
331324
349224
176753
178277
438248
403218
364524
156850
214064
374575
203577
277219
410885
206646
447885
308425
455486
306453
255624
172245
419203
340789
413942
421779
103852
221516
392653
402628
124603
238734
299473
439199
430565
255484
199957
444647
375523
217426
356776
415657
410157
239771
380148
310349
214166
320546
197988
323870
149259
320334
308313
100567
115856
135150
129341
315201
253242
289708
266339
329866
340443
196702
204241
104777
124269
197653
135798
291833
147740
110112
189942
384000
406999
351806
340903
415922
332232
113057
434719
221478
289795
108008
374894
263085
293186
210644
220279
311859
271257
429480
132496
392166
272996
275242
345004
262714
310489
180968
161674
314663
327140
431242
259775
335554
319172
130585
225054
401087
189446
279658
219014
139804
349252
448421
307342
276000
245851
278027
324214
416093
359489
237387
134283
180044
418164
154288
178361
337041
211165
430419
301143
218240
320865
149731
230586
297767
355116
310849
162468
323811
289600
267481
383326
365963
243410
425569
302094
141722
103486
397735
134421
369118
289897
315051
317559
313158
204908
452965
268678
123278
324469
315066
415314
304449
126669
350489
278906
191160
101011
239242
174470
157502
243286
250002
196235
157274
187556
275124
169419
187912
208378
128875
426503
261085
331286
442560
206255
433948
146377
311074
179596
451001
125120
442780
111000
423884
231596
414228
243350
219291
294727
389789
318976
439056
154321
444579
157418
378538
268431
381184
422703
164548
214308
269722
387320
253452
384094
421270
340869
222311
395175
147852
289908
416892
427710
380903
306102
362314
358218
276271
144270
259499
192053
267988
295972
277742
428560
289670
341382
103134
396222
226379
326278
165976
288494
352329
238108
396715
322072
142739
179720
111302
302576
411548
245774
190694
412851
268330
113416
314399
158023
263393
206266
366769
222527
111867
241531
338016
147938
417829
409572
350338
173627
311352
122679
433383
359648
436167
377629
149031
371632
403177
434235
421382
181917
125447
145886
171464
362746
232892
257296
310465
380492
158788
195354
248818
181291
207924
151548
349835
436548
237912
293167
222649
107158
139537
190731
411156
141789
446162
322776
263560
315893
378573
213417
407938
445094
227184
309102
210797
177296
229991
126419
334012
237830
341982
105947
214211
165379
244919
359861
165459
454415
419200
351229
320601
369816
329778
231369
450705
290951
116475
369758
408708
329259
213306
276652
433801
426629
332230
225177
204924
234977
252869
448951
182780
248425
425596
322482
124244
208982
218661
265290
326067
251711
211974
282240
422843
436281
242472
212580
259012
290129
342094
383912
128819
421006
168330
341430
156201
241442
254550
162744
140491
118240
251402
203206
110114
286240
423478
141372
355252
393110
435554
237958
101121
257641
341326
294885
260540
124291
380621
121845
199880
161629
242263
267227
147878
232800
132804
337649
419906
159859
337777
406126
154497
281866
310777
181372
162384
164742
187014
288792
245169
320164
347388
414240
190370
175691
315442
180918
278009
307516
324045
161824
189461
190203
198733
397485
192555
157521
379825
427015
194231
312272
408892
267008
450561
428023
218926
376157
136045
441445
261096
165403
132335
216882
450363
453460
137850
176055
205041
349879
384160
355428
270360
402942
241242
204608
186857
175383
154001
276589
220712
168838
170020
388105
301498
348740
402334
364164
139430
352672
124082
214316
305222
395613
247503
251456
133860
253800
356823
410375
205442
379706
335696
420056
451187
329820
139918
302241
280573
145778
369692
312461
220561
146819
350369
151239
232781
438113
372396
378759
356629
341118
306108
308172
118971
240833
221226
209099
414027
134075
444862
315400
242335
438496
165842
132388
112916
357072
190110
253659
194885
243449
428762
277234
245122
405247
273598
224207
416143
388257
301168
191431
272107
249404
104345
314447
142001
154419
293400
136928
155914
284206
341336
385193
234677
173336
205440
435555
307942
169563
235858
390771
346012
204968
238276
163600
277726
132048
253633
122515
397199
354117
204901
375651
358833
207613
156388
316936
377600
176874
452411
409130
195006
249462
343526
225834
429350
257156
292539
290697
124417
310778
129040
228192
341991
317229
279368
450698
119608
104085
281571
172756
447853
307328
418364
201364
260562
450048
128316
100267
419071
380611
194062
320730
217704
267048
289859
396384
192816
304743
373219
312732
405198
147024
354101
137207
433224
233215
211414
311724
240726
366815
438801
381443
363923
178750
455529
110629
375366
159446
149462
143733
168658
208469
372283
321888
393928
316498
335513
281553
402133
206570
286665
189900
244067
396856
148655
133646
357577
253281
391660
311975
181453
190945
319556
437249
450665
437313
432934
413949
333675
413795
368794
421136
117504
215776
148694
228442
285943
428216
244247
362413
360711
323265
378772
404575
106289
220250
435659
183679
149917
411798
325887
198849
264888
218003
370896
309712
204710
154903
253766
310734
174650
192429
224433
280122
105667
312383
115318
156908
269100
261572
427888
350404
127165
198310
247281
368428
387505
108382
349950
225778
181208
225089
125737
302307
102752
420369
255205
141137
324709
386518
395823
204920
380209
234845
307477
117781
206663
243868
443123
243437
183964
421870
267320
111166
119978
279004
425359
310269
319098
199590
116834
351726
175438
358416
251742
272100
411056
298377
304404
235939
183019
172852
430408
296797
438559
437441
448912
365628
231231
270300
263617
159962
438334
302147
402907
134989
284607
405329
242769
352964
276469
361320
445660
387073
235788
107736
235853
201140
426739
361412
380951
327029
404945
433546
410965
191835
167549
419276
310348
446773
165327
369736
394979
349553
138972
391468
118565
351577
451508
207069
382503
172275
225785
238049
153955
193492
129656
140522
103217
318873
419606
229330
214354
252254
158915
324722
203930
452699
417010
330282
193030
175575
152521
364093
347724
292389
389076
285563
437001
230951
414699
372385
407115
410422
293669
242828
214139
266489
308368
433951
426012
116320
121325
298074
177838
209416
144274
194412
148028
439440
251603
416356
384421
188193
373430
168895
255016
380265
435987
191429
236213
276061
454228
268690
333128
455762
107502
159010
160042
215553
186413
109899
127935
338626
236245
235242
162985
196749
424660
256418
190722
134048
130032
113104
383363
452419
393834
395390
304781
244080
387935
388545
224878
431509
354389
422478
201078
174468
337349
242393
130455
273666
388019
247823
168482
239476
169744
190240
135416
390547
156137
419220
165948
440908
442012
259895
212431
312432
202097
188572
435909
375398
122800
202543
238188
319218
122969
186882
352478
361689
255603
114363
348561
219259
212140
389538
437529
408402
156094
177453
379637
307737
356941
215758
266796
102208
273696
377608
394870
113512
216057
248157
339295
269845
332633
397143
249512
100402
149275
111270
198140
314110
334316
364708
413698
325447
144633
237041
324961
397733
449456
182566
212330
346214
269037
239598
356543
316425
215304
331720
127388
239342
293902
196248
320948
425182
129423
414427
183287
398317
146368
435416
366450
202359
363488
137126
152249
250341
325226
259472
125199
372373
258333
372734
320217
132311
291740
211854
171761
264009
165153
254014
127625
359705
138288
327329
396500
374242
157323
343981
208401
156839
137704
133391
103593
260175
131572
237169
267071
233771
354627
332114
412184
422776
424918
307472
219064
367059
287691
266458
340209
241021
283933
441001
380958
120735
157924
237055
455092
316722
398678
215155
104414
308330
268838
103193
382998
274643
363381
341599
388634
329774
350022
230946
246020
195431
302410
277495
207917
455931
360123
428570
336874
149267
439627
277851
164797
153349
143678
314942
172352
280045
312290
335093
446726
241493
378172
368329
288126
101300
280066
442786
353702
119273
195223
350379
299563
102875
383802
425289
348103
324102
206743
431553
253575
373996
402439
377382
338484
329793
306697
396945
293189
244522
300148
417537
104785
124624
220441
300034
422630
369950
366359
405006
282423
163795
160918
203408
216277
419236
350534
441269
342718
212699
357521
267202
273487
237916
101611
397342
404942
355924
353444
275652
343803
304652
261741
366101
258741
278657
413326
232430
310980
259114
105117
216701
208858
277043
277762
180770
205527
239396
397392
305935
334519
235616
252340
151640
211374
148651
137837
322463
202657
402797
143521
193473
447171
281113
185925
405815
422452
393220
415627
378793
278258
404509
316485
162367
407477
257772
376586
407193
333090
181818
103159
333507
359966
303335
413260
137795
166895
164967
323069
311958
404947
131680
116131
380931
313290
299005
113697
391673
196503
416731
426204
256536
370493
176558
287601
130659
371983
227045
109257
236125
151781
448364
122227
339333
225623
303283
111774
316207
127252
379383
161454
316869
143526
236425
163192
154285
245137
425504
180719
360892
353904
450113
264645
213770
104238
389733
322876
143455
368586
423588
232358
162600
415034
188567
443194
388677
393726
310055
162315
409577
401981
220799
216504
234414
377512
243701
347495
188121
354293
437213
376374
171710
175716
411900
414961
348852
149608
437869
416382
169775
373127
350329
349926
437037
293883
373617
153609
171264
233099
455830
328993
383698
151495
106748
445844
204104
245490
301146
248813
427396
444355
221703
342040
341723
271917
394688
316962
341497
454675
298315
450484
115889
162494
406998
170374
409479
327767
307656
305760
234076
154745
110858
452022
134737
258278
436249
115300
209746
416641
232587
199129
373044
378505
188892
335888
106680
385572
405947
313040
334018
222808
385720
283873
230198
310926
456107
437292
176610
154095
311338
303329
288846
247575
321312
123230
376131
265455
131436
222610
402882
199709
175482
108000
247423
262711
410318
368942
422289
309057
357378
167133
136078
277002
191485
155948
260736
141765
420244
416562
418018
137343
211213
415048
445964
199617
418695
288339
291271
214471
139929
343759
174710
390629
266094
143978
367694
152705
146387
330327
326318
123003
448121
173907
454769
246001
132431
155129
165025
331996
137074
131814
399767
214146
299154
214578
214437
335521
305377
272131
261203
215251
195720
399199
405439
438388
119543
431265
422003
260522
232260
450361
146047
433772
219096
454174
111530
422445
182935
405171
361747
432008
255301
375445
273499
310393
213072
320367
276592
174464
276086
203059
100231
314166
366499
429595
107278
330909
344809
436316
279543
170976
323430
209216
179026
160124
294675
158022
446252
186669
305087
177987
137712
282719
368596
240105
375855
359114
211494
285363
256547
296511
403857
248703
228651
153730
373298
326795
153700
399701
176653
159429
235102
352311
166388
412117
350092
355018
232780
293854
141005
148052
258215
286305
207126
280295
327946
426831
440379
254838
205603
292961
338656
214253
428360
251032
377243
157310
224970
173849
183733
271855
153934
361755
163290
166587
355311
234260
436258
106131
174086
390712
173837
381242
352588
380156
357561
109670
344714
187002
228267
325754
182307
443787
208220
421650
288434
376551
232402
395056
314209
393730
252853
358967
131378
429435
294291
408202
339375
438759
398553
183671
439653
265352
416008
183541
300748
152483
121902
425358
263869
291355
438033
251016
164203
158186
299895
313514
139373
437469
101874
440246
108147
328725
196591
194656
155127
236887
408278
150755
243191
107581
113545
180677
157215
265332
368163
234901
320945
414510
447414
407795
177352
370101
203023
141742
356603
387532
358552
131730
399856
187739
413413
350049
346498
279718
219709
441600
451319
295975
384122
453565
211458
338997
404798
240102
269964
343648
215462
409113
385795
234916
231316
144103
226737
296413
120702
293756
233552
337288
143530
397966
142605
253168
274771
128296
441559
376435
251354
367990
284563
330451
219554
365381
106384
182596
279191
273290
366895
186022
239326
362880
414676
156207
255335
150300
379245
427401
159109
454668
373958
226974
370775
299998
143569
350348
326772
348517
381118
217888
371253
399933
120546
156022
439893
315736
390744
204209
345452
146101
233663
148190
223269
339418
240209
226554
190425
175777
390855
321907
181308
434679
284790
166595
154543
357135
104364
399415
224898
286699
174046
304932
209383
255112
158156
335270
453429
151387
309876
307819
223804
160795
264873
367447
254119
364029
103407
283556
127307
237596
361395
170008
424676
288857
307185
353417
179972
431735
437620
363524
354425
368370
325547
317494
101093
221084
107124
120290
274185
237302
205704
237438
269957
198635
360827
448866
420079
144035
404659
445480
316626
151328
118544
136419
434561
196710
194070
231526
321033
314123
434159
210679
199789
270990
407355
298629
440990
405991
411186
296487
206185
285152
445734
106088
162079
156185
189791
193092
386047
219960
184168
429735
377571
353197
224681
141885
207270
172596
143630
129847
308381
169120
135621
219855
383232
153746
249001
449331
194886
258354
203654
216763
403806
204018
100349
235954
361026
345890
455264
231020
210218
392306
308104
280974
132092
181415
425010
272603
248809
132032
190493
211545
326136
245081
174147
128841
198602
419101
413571
382073
235653
449806
365594
286615
399243
325145
194799
171204
318054
278670
427411
378270
324021
334859
328141
366645
397629
151229
215044
177673
345536
371602
356420
439588
345772
300243
141976
204853
197430
450241
204142
399396
239281
319383
141822
352383
420714
334926
145253
338031
443270
139245
186703
105958
452559
167413
416374
157634
158364
248348
438479
268223
427439
304042
267577
242019
411210
159645
175702
335793
213879
417726
356871
271965
218280
262471
364552
416815
341567
244207
269368
373232
229340
375572
277552
374620
333453
135676
441965
250254
360709
215730
203390
277843
332817
298412
450631
220576
185587
433074
257316
212232
405983
216132
373349
360497
293940
272044
137105
383368
226046
164337
407360
371841
372525
347844
454088
277676
195045
404075
137641
440004
281065
347158
344324
232476
422270
326517
118554
306920
389817
445378
288249
326955
312112
126345
105611
355052
229583
320884
313627
447560
276950
212498
130427
182797
116149
263000
208418
429868
251881
301178
129524
221649
249953
160825
251797
137042
427392
420659
365791
448609
362772
351047
124970
238789
319437
133165
117258
247587
386897
321500
224786
162311
323631
180857
355803
109729
191053
416722
265625
213092
395010
208252
226049
204588
157628
432015
443016
132619
400630
376810
367912
322343
414138
309630
183140
241107
433290
352401
353751
348457
295283
150210
231091
256197
134572
384722
131593
156215
374393
152310
449218
177282
134782
289945
140643
417613
100181
234146
264164
361838
217571
202118
353107
162154
306763
115187
368133
337731
100599
439608
414420
101265
391694
189940
185495
405173
278990
129677
332542
329116
157127
171374
272460
147804
431789
133568
103765
372158
417244
225422
309323
312740
134145
192845
315064
145052
150719
421630
201676
455683
442335
122479
366247
117000
438070
383647
442511
231385
249008
292079
167270
254747
422603
231872
353594
252648
197500
423131
443526
127685
175678
410842
130540
332239
282601
157143
427093
395364
260826
154989
124349
262003
343086
250208
211664
177154
139884
275670
332947
218396
136175
266534
239962
309634
215552
325362
224677
325996
132784
332244
119435
374580
356425
391389
243349
376528
321682
195514
137336
288745
277660
454129
304814
285802
269984
330109
106062
198133
105177
114096
443967
451447
106383
151761
165963
202408
438210
125644
194829
319533
132999
108324
397085
400548
266397
196022
425640
196639
364894
362326
113297
265668
119566
382847
382559
132981
261219
399478
380983
358746
220652
239958
412647
261081
292114
204127
408239
347168
251958
157637
123889
283764
351544
438939
250930
243944
266649
196839
160318
447527
273911
185594
285569
350778
424956
381356
196484
270511
361257
201476
290047
213502
162770
111507
132222
436904
224329
186304
418118
320473
211106
374717
433154
334121
399106
411243
163880
328635
275880
176618
338275
282716
425711
272058
436890
375831
402898
445831
332376
338851
149194
384968
354415
404316
419069
141520
260113
388781
337044
283712
177753
184142
258487
410320
318620
164249
404482
311669
397062
430497
270119
334779
433811
373520
237937
241155
257288
320721
238741
366195
226002
425842
244961
319816
100639
347914
440698
367371
406344
141671
252295
320802
351714
225720
196356
145729
251513
414082
290426
264539
445374
409592
326417
352133
121270
363296
325787
305912
382049
345086
167081
328091
228034
320885
199018
166532
436429
245896
182518
185762
157846
160575
213795
387279
363442
192964
297347
261666
310375
415139
420585
195312
349309
380272
371890
398000
419379
192137
412218
156681
224314
272400
427546
120052
154505
356632
318943
368720
380103
410381
327372
232814
155506
241835
221359
173182
291687
359734
270077
150048
136964
283370
333746
411829
215532
299659
291166
426923
317405
365089
234949
317827
396604
372197
182177
173028
220274
322126
425581
116513
425318
182488
359283
200519
133203
268384
315204
311288
160548
190462
198867
395122
319223
261010
249272
433015
440690
202585
290380
148331
133559
287502
204723
103059
154657
415935
390631
426351
237050
102332
251878
377880
443429
434086
391369
415235
150737
214548
375223
331156
219422
385322
125198
365933
336193
171806
387275
430680
191871
345532
241225
414140
373184
296065
419687
418478
137654
341947
428417
193076
158164
244427
358989
288390
246109
228881
428456
194946
417465
380259
355641
237238
451710
379842
405051
209237
302592
417622
369875
411695
101979
415241
130627
442154
181136
235845
313535
239758
373952
400228
358478
192974
378092
365949
344474
283004
319325
411199
125390
236439
267498
198831
135700
232314
421799
432914
340881
392500
241514
402015
210647
452450
254531
294707
229014
313309
164577
296492
282932
230463
348529
436763
121317
349551
171676
357395
118503
135464
225466
411209
300944
416937
430164
249452
444865
136621
125372
217195
138184
289736
137176
384268
236113
160491
306416
182503
127310
407028
415839
118418
437893
363099
156901
144960
225496
445730
153944
171591
231283
387931
348149
346888
240643
442183
261458
211595
402778
122887
111751
327149
297595
251425
245512
152164
221336
171335
222933
269200
125812
362919
313176
440871
120090
149002
117963
392101
228193
231244
131329
356402
420180
282274
418765
433111
363986
293777
210257
419417
408111
396336
208383
402128
172232
392914
264749
311212
139548
286745
377728
206986
344094
413743
410330
243376
422977
448780
243420
230506
454937
194267
453546
383695
137043
324242
194069
167696
182783
399351
264624
261432
305003
390197
254164
133897
366043
135705
222991
314675
346006
227303
410610
322297
435201
214215
101915
131506
239961
250520
220396
132806
209331
428798
306065
444675
240998
208350
168533
321037
443454
134259
418160
309307
417772
385892
159373
317160
190498
136288
438453
409314
406931
211539
450389
372732
107240
230787
202358
318971
258977
245921
207866
218415
345267
261805
115982
369010
322828
433045
307064
423577
126333
374276
281983
240012
293415
172878
181996
317058
316414
139909
114804
100985
141646
137986
423304
140236
370410
131115
257188
302058
449712
296805
180561
386275
286242
392470
310436
371966
343804
271861
208812
255082
392563
451637
137786
180254
257507
322862
372801
296072
204775
225573
112957
423016
285714
264428
387252
163696
261352
296563
447749
377950
254101
120355
361645
441737
443677
274476
387088
261193
114271
436390
284913
226547
418846
411200
363927
170909
244626
438638
393560
395090
382174
175105
183622
111987
112570
392321
259474
280515
205227
235063
426277
242799
212628
278413
103501
313296
110574
135568
304337
323353
189720
147047
304084
113450
168166
427202
246843
183324
355596
361587
189523
233259
274445
166961
406240
374633
166143
175102
263628
110862
283104
211858
177443
122193
351629
372461
317641
266473
282567
403124
305617
379441
265315
196732
408132
452183
282533
213182
417225
330344
251896
258789
130827
333436
414874
312233
392633
277898
358437
123023
248442
456233
225463
352011
334328
334183
312370
254173
438966
137866
256495
204864
109326
380234
174014
275857
243278
114408
318493
106029
451765
337703
230952
216431
389664
374667
434128
346665
443099
452944
258324
418641
107160
234998
274923
315533
411488
306500
319121
449459
373544
388282
454065
398455
401750
146175
348266
167711
329488
111821
123728
130400
311332
277879
345500
366150
224948
361364
345083
360221
146237
360593
238062
204700
141380
149300
433235
152195
394396
259554
193407
209619
213371
182079
413394
132315
417463
271755
318712
298071
154526
201745
145471
346249
226793
414932
428872
121036
313766
244551
185502
186629
135598
433743
349833
351975
283435
401173
331215
168065
238445
137090
191105
333155
369681
300945
260515
166524
255075
242777
229575
151201
317620
287011
289394
159573
188195
389169
337013
364060
423953
436650
232505
137130
453140
226864
310723
393495
290651
157388
225799
208804
145079
257810
213990
262438
100151
140280
278763
251162
260413
279432
430438
358165
312097
415879
311513
365843
444414
315419
129749
141548
295314
237310
277354
276878
152276
436403
160919
107384
419045
173296
375416
455730
444655
236843
114628
123918
382404
320538
288499
391702
349279
111372
414036
269921
288831
448154
201138
213221
407408
291132
315238
258526
289954
120989
391810
428535
404269
130477
320044
138676
124824
344381
212250
279425
444715
412505
281236
263106
260194
195859
298478
197325
242386
102791
367550
122792
141105
207396
314233
234597
390723
119327
142052
315043
193257
436348
187840
216704
200839
154532
393021
135808
194838
218844
448287
265184
142096
315801
171255
285190
322296
181368
118939
339554
290925
381605
130307
315331
382640
450094
250506
185934
264781
204337
295083
430763
175603
200633
362764
215690
119440
178208
263801
220899
133770
303970
412660
285725
440556
348996
317289
358274
355807
298829
257385
451366
290767
142015
119475
308438
426585
161924
298738
259299
205955
153107
130387
416153
184579
327600
423415
389394
132538
142595
211857
266399
415640
377669
148446
394744
412322
360271
234928
307084
224099
221002
262118
452387
189241
227137
184558
266281
434761
117908
221468
243539
305704
342731
262917
330320
145915
248868
393756
349469
246456
135225
333431
360395
219734
241853
279528
431005
443923
449584
150230
207288
395689
335795
290368
393044
262490
205707
455494
302114
137422
392254
237849
413922
356241
166352
428952
378437
380794
180870
119462
213114
443419
367189
401467
427947
239462
405580
399220
325445
280194
378290
398596
330623
215550
419633
352989
321611
151392
370843
338648
193344
169594
273182
290435
440169
279190
336976
297890
246903
126911
361518
387563
360242
410064
195709
247634
103845
110077
249170
176555
132603
441551
358310
404654
358928
258256
377558
287392
131400
157072
239484
130675
193345
109066
156011
291153
296426
352152
434961
358947
147467
337106
354291
111266
213139
318494
228138
431331
452509
356907
248076
314273
184055
251384
360936
153752
427271
244369
120070
374604
264717
255507
268745
240228
119359
376843
396552
347457
364102
340727
180309
355597
412394
259447
245803
285827
191234
430291
268680
351980
217979
130112
219857
410283
398802
327762
454756
134723
361450
235671
195150
366785
219927
321891
102376
167221
114177
156244
446463
216772
379705
247947
443388
244578
436120
424052
247679
332158
227219
443725
259930
309482
391405
138750
240193
340119
313680
254723
323752
182416
227658
228693
242089
345678
169776
341540
186111
292944
341468
100672
126847
342031
270217
441397
316503
302821
363975
336998
268932
151470
105467
188072
162402
392996
375105
148735
236416
312027
144212
201986
422744
209447
403785
273536
337709
104121
155219
356107
398270
402237
228675
319180
362608
275359
298069
389017
254166
437766
157330
120801
296542
122424
435295
103702
392601
260953
362013
180142
328921
160340
447289
181648
232062
207535
117517
331865
217233
404868
146222
114530
170874
321228
364565
230601
107011
138774
311537
108705
181920
152104
440326
147401
115750
301928
384402
102813
341177
448325
282299
402403
379468
143228
321346
286649
261657
188925
360665
453742
441661
160627
348678
260107
162956
166168
158974
197402
369344
451339
234585
150001
325122
258122
151503
263107
198339
202887
251668
291278
140509
385626
294846
229513
152664
406635
260466
122433
290131
344349
282743
445260
437126
414564
277886
141922
114340
169404
253186
232188
378804
352621
269094
343493
325435
334536
424794
103296
158076
283009
452716
172439
225929
441669
413843
443575
417021
100713
140583
407009
225587
291913
368039
435613
147330
195331
280809
249185
144471
365509
243356
389327
449384
165051
189705
390293
263704
376276
175782
324196
239464
185457
302189
399866
201871
317802
372979
391728
426371
335046
148246
299221
346435
237801
181531
203597
262938
419066
299262
340303
351384
371879
381297
324543
453812
434071
300010
314759
366047
116520
408587
176195
232619
437910
296849
108909
108648
157758
348532
187166
300765
201695
404840
387119
102170
272166
371990
388363
220871
100650
226305
250945
288796
264064
210455
117024
225703
385157
166531
256354
207472
193038
439771
354664
335702
138206
225204
229131
362204
251854
449028
403443
358356
417287
142219
307331
305012
343089
449943
411181
151059
334046
365561
380792
312748
238920
455130
183012
430809
308571
223308
268111
302234
318966
157576
384996
140282
449613
323091
120505
165416
220290
433400
141155
183174
337040
327034
129255
439397
394055
270114
433768
369928
344631
258217
190045
347024
434741
197195
116270
252974
448929
150921
347518
425452
413643
104971
172676
151461
180114
389865
100540
370104
307108
336129
117143
409753
346152
412499
151816
448568
338120
430511
398961
414592
357714
170715
313928
389583
375960
106546
376362
276214
227611
108886
116937
124156
360849
330663
119625
164690
353714
450656
329619
261300
444392
152059
234015
285511
188300
205734
165015
281774
275714
378951
280292
333377
389033
400748
238891
286391
299881
421052
114417
166636
441111
428064
331047
219660
361502
143745
228953
295127
268727
371184
223578
182249
111864
310652
219462
330331
146498
299918
418288
444560
337578
203164
343433
221085
257368
415427
354535
297032
106274
450645
316345
134707
452635
305329
412081
321361
141935
319687
424522
180436
265302
268033
318781
358975
395106
146339
384961
293129
213801
257939
443026
182466
308305
185797
300980
131924
338734
307501
391480
217869
233916
330538
242901
450703
400232
341200
103342
155028
186744
287918
143439
351590
119358
413883
192378
341153
167445
145620
398568
146766
228286
277469
219116
410285
408821
369550
360854
198933
274921
268905
225687
242850
326198
270452
127654
286932
239126
399980
123042
329977
188597
327824
334944
359528
253821
428737
126272
302567
174704
212997
278923
313211
267311
414311
171091
410192
212671
114231
347332
346568
290516
384818
175683
320588
114742
109968
113660
337695
138832
205282
344661
132517
173733
202535
426428
378608
259024
125951
221108
380863
383665
365204
311794
148852
329672
135291
335392
161220
426588
308035
125096
407515
419598
432275
356018
349282
142860
386274
421907
390978
313757
121634
325324
344302
392507
192025
316144
386419
177608
272182
180043
319745
317101
420391
300283
113166
354767
387101
406222
263577
335798
122659
361748
213484
391212
224071
100806
381944
354378
335960
391054
444938
273411
453712
143519
327658
342445
183344
373056
332772
236193
219334
276504
170763
150823
171588
385583
264959
152042
182440
212336
282568
165598
395051
278329
383210
131440
151618
130142
392582
149658
426025
445000
339261
208037
204462
335150
306382
290256
272125
175046
188325
308959
433048
395033
212823
215634
283524
421325
107512
414083
233318
234047
448178
411283
144283
423555
216612
141242
403489
339059
447723
392308
254787
379615
303933
354657
298248
272929
361840
443000
105775
135118
119150
172112
380073
404921
272258
247666
278264
175527
307189
169637
383245
294196
169445
214508
227492
304574
234292
237833
157716
130782
393213
361215
360740
299481
176024
134308
276314
173404
130821
269527
371220
456248
313894
170805
304522
133886
443287
274617
353644
164923
392282
199386
151216
103091
116843
425174
281180
102965
339665
207131
449807
281410
416281
403756
241420
250191
398511
343766
251415
170815
148854
405705
118516
215997
356973
213730
443140
400903
234432
400766
321925
155222
165030
309939
174723
252662
384084
342193
236080
422085
407505
220055
136031
205427
140419
433652
115767
296965
253599
212113
439859
358702
302445
348224
113517
267604
306546
156250
375298
187767
148431
228361
405356
329616
130184
203005
178002
248137
176552
365588
166391
351499
243081
287740
421611
299015
262367
306271
104558
134645
320569
133157
119773
370960
175557
323886
250694
219780
275322
299037
441053
257501
248130
452341
199073
409019
210352
364533
211585
410850
259729
352132
173105
266593
377593
167862
307858
282907
374833
264352
427913
121976
426942
400126
244757
287007
280257
434749
268894
365737
231806
180538
397041
206513
281801
297589
431628
248383
154289
353244
167966
117655
291314
262876
451603
360513
134612
153515
103667
305802
396962
161384
445981
277969
433242
276115
367366
186966
431760
179068
435689
259945
383739
342032
147868
281263
376269
395263
316569
186207
166666
326511
390954
417705
122466
243984
359942
420680
195325
330009
276381
106467
202369
183504
427923
312090
169153
142418
273589
159057
321904
155044
130173
413307
212924
257537
420211
295731
143000
409745
311591
403072
100485
353118
450485
177130
386781
262089
193957
144792
130654
224308
335004
121998
147706
283363
145973
337174
136387
175733
298909
327209
388728
415160
167479
267790
112396
308259
209441
291329
203882
212719
367723
183303
202723
126279
141932
264672
102464
227608
208560
294508
336113
160136
275381
215720
301615
133113
237410
343709
213950
142555
408026
273268
119097
356401
250672
390404
428122
201921
274342
261053
138708
174545
193540
404729
357987
396570
106126
400406
351429
288325
414100
313115
389546
382044
378315
111876
341694
272548
171691
189934
311925
193885
127282
202525
318633
397379
276017
335269
388725
144059
430414
330955
132332
177471
239927
134057
224883
412743
373440
305781
258376
380195
215773
142878
331746
200316
213010
214519
372057
367456
390124
430760
100839
189124
138241
322861
154915
396870
244492
181125
137926
158727
245380
245644
340336
227373
407507
250871
189804
114967
308431
423657
138147
147692
437325
241731
434136
244311
105555
353889
397828
111766
410590
247329
430842
282977
157194
393575
148165
381529
359358
405590
301964
454949
153191
366966
191335
335186
380549
434708
192961
255626
333074
433209
159784
248519
405017
244370
338825
307965
289230
178966
240764
440881
380777
199069
415528
282931
166656
414744
295184
385044
304342
455038
315863
443540
363628
174643
382026
275547
335897
329597
426765
131121
350780
307719
424991
441411
333783
149024
422125
344914
420452
359342
148537
238460
359595
274403
313621
335813
350934
320685
169740
140405
346299
232166
242814
131874
298505
211766
420047
285573
406894
273120
100072
121324
201118
388450
259796
117137
165396
354375
281758
332372
332137
209240
412646
331739
217631
418507
218931
214040
292830
413120
231934
305724
194896
289677
263375
449709
383735
209552
227098
362275
346866
179971
305310
355890
151512
384578
111145
143374
211014
414318
437804
312988
133240
301752
201367
225738
224078
104022
386024
219146
117244
439670
226524
300659
141558
228743
451267
232136
194309
267947
220135
424225
214704
336977
304405
297643
183183
224048
226448
418297
144998
212794
166943
207424
308682
130792
286659
313977
298979
439161
218283
287132
157436
365864
375492
240586
265534
368951
223443
278890
348433
120751
239730
277493
264150
172378
168762
258069
209945
427117
282185
202516
207751
455492
140064
130300
164913
346605
296414
317752
112273
377405
378391
283134
248995
310133
174845
324833
196324
328961
166695
253518
123387
403168
316706
147119
311489
180006
371230
272988
452863
119137
231246
298846
347522
320097
412037
144964
212510
102688
288050
255385
299170
328609
101405
372141
240550
154119
395414
440971
107704
444320
322191
193294
430633
227513
141378
169579
430715
368175
372948
357538
100047
290178
435476
190570
209724
170964
147612
200683
321072
321603
135265
347041
176906
385427
154231
437835
322535
292889
147204
390863
398271
224452
215330
326162
171053
162355
234212
206858
335390
292444
444176
168050
130912
112481
200272
107568
129110
109225
173014
186678
355918
307454
306772
111557
200634
152378
119141
425594
148767
389369
319678
447928
282729
202375
156780
313268
176239
376471
254158
160130
145688
395309
339702
266612
378394
210160
347778
351255
156812
372505
265401
376864
353741
379926
382929
142664
214112
120224
441433
272876
250079
142214
247482
430267
299055
195464
172692
322304
177638
425303
260445
107538
267695
266318
416521
312408
156788
238819
177837
219015
110485
405007
281883
171731
230183
150710
352730
213416
424954
103121
205767
360702
109436
384944
410835
154734
124839
298526
298127
233878
100785
117630
279168
185494
290310
252202
452146
135907
202458
112547
301737
152718
308967
230800
100631
140540
455241
368946
435063
226017
208284
117029
417720
410205
271030
218213
396805
126416
245276
326932
281878
222864
357123
343208
205958
320409
324137
369765
197554
396592
229069
173901
194063
154022
354263
299108
228145
141828
431370
155157
318679
355156
347645
153389
292576
347160
245546
448614
249351
137566
242511
384445
397602
140667
435483
411875
103917
429728
400150
110186
434474
260342
333742
120849
426894
154652
119482
415858
235008
405975
135298
159189
452471
236500
382477
199152
321878
315293
128036
267914
183482
434163
277643
358717
192171
445067
450918
133103
440369
354883
258072
360487
370458
372974
240961
205330
435404
381808
146900
417678
217058
322077
113051
109815
307740
194840
221609
354268
249905
183031
164798
141804
309387
311141
403910
377040
453327
387150
329190
346065
250402
182767
340190
245153
413530
194767
216136
171667
167853
263663
282325
297057
348708
276760
135377
342854
309838
428803
379393
306636
148614
325984
319032
417786
300671
169452
183202
281274
348609
316637
252045
223424
231960
306736
129756
304753
133489
308196
426019
381673
371601
440362
450084
348729
309068
428568
378088
176725
246981
106838
404805
248002
383254
257029
422430
383662
406412
261522
205033
264832
332461
168584
202886
164268
290679
210987
311315
406385
262808
120722
271831
233139
328939
194807
333948
294564
175693
331183
192893
270086
364716
316707
286134
162073
148683
159012
229061
123233
434308
342776
283907
198913
139157
366663
200687
349164
161979
357312
337385
102114
271360
232229
151477
455445
223509
281493
423176
121015
381906
379686
333367
351578
451020
244667
427584
430347
123355
338538
276312
379207
377570
187459
119793
205511
221454
407171
159194
153765
318908
218576
383834
203003
437287
242905
297861
265015
140609
244665
401475
378216
156936
404264
271383
439855
399390
370734
369097
117364
408023
378998
368363
157692
349548
345464
294704
352394
448950
409810
332702
187148
442344
322537
314456
416749
220801
352491
267957
419624
415777
394475
447038
307098
369773
341877
222582
453393
406375
249939
196473
209716
222092
330648
117727
438702
318677
236963
430965
318079
260275
377503
318279
288723
163059
373241
430670
341528
152010
180327
389482
202502
284383
202714
326632
444205
173879
207113
418255
123557
407616
207070
446176
133497
435794
210266
415025
123963
174193
332350
409998
440323
419135
425868
322588
414384
173597
220145
264403
112426
190261
134333
269831
355542
283002
150665
232007
142777
291288
224376
439388
113981
344780
133432
213226
153025
427030
169397
391004
101723
287759
394698
367565
272412
266575
237856
368433
225539
256451
155205
190768
147699
274609
323519
148220
239991
192380
204794
262543
105016
413728
407190
427374
367583
222146
314993
170490
439877
241807
124862
209382
358950
184535
283738
187347
329181
305700
102235
263123
312622
136283
307966
294299
168002
442132
377667
381445
214443
114941
376477
317441
414283
101178
164443
307803
397438
186312
326952
287367
333213
321310
354831
335239
157190
327040
165390
352165
121803
111966
381012
436678
238264
352005
169849
265470
138572
330961
426337
283984
251641
189825
231058
223278
194316
152065
358620
222407
210611
294536
293776
341514
364097
355461
435347
405948
247605
142457
102824
109047
152485
386512
150634
420760
427538
433172
358795
245954
281031
126228
134303
327691
126854
229208
307825
122729
197610
256274
142965
333099
363652
209092
115731
220045
395659
415802
120756
207781
221385
397887
298999
325734
260023
403140
105683
227142
331435
225751
128432
221324
125258
335548
297779
214718
209799
169957
389658
443641
148546
217691
448736
287134
378792
405457
147654
226631
262383
253916
187687
386624
428449
443955
450066
212406
277926
390570
432861
114903
366087
208042
324266
369533
113756
273783
350545
276630
237472
272712
404880
305357
242732
341568
401198
106994
215045
401939
335225
162358
281286
299971
292782
166144
198198
355132
202346
425113
144037
252132
283358
406104
103380
266067
195549
121092
256246
389328
193728
381442
316581
421509
177905
338728
117883
203046
194024
417475
259276
108651
334562
261072
354521
271619
369794
218404
395254
272356
252712
210214
395739
146667
152408
171654
192442
334449
415159
229978
440020
255083
107443
337352
380327
190423
394555
243177
116003
107015
268992
418409
159970
145115
236845
175285
364269
427096
209327
306164
325804
199319
217840
182138
353520
213977
158725
136396
241668
370661
148973
416120
392176
446281
333983
400737
328787
293766
383346
111448
263152
247863
342095
119621
450318
173810
292434
428528
111159
326429
235531
398441
268172
258481
416194
243749
158994
174217
411806
174553
343617
268969
358423
257857
297075
167195
330842
140445
352838
423532
356496
323177
258438
109344
243522
449904
225619
368521
129186
329563
317907
151771
126645
270166
165088
211066
197031
145501
183748
179495
198313
158373
281722
359171
269374
169799
427491
125173
184369
186251
190796
121461
304461
101629
319019
253764
116059
400156
166156
137190
392350
449377
442918
160768
428400
167376
235875
236669
359640
216910
272484
207245
252095
333437
133458
388304
344759
100816
308205
204798
371974
300935
382988
389040
212840
337956
194167
370759
255547
292985
256027
176048
117357
380284
445461
239459
282683
242405
238588
421133
352014
247618
195619
230650
225814
125061
446037
406995
140183
122345
373849
329022
350148
378536
143129
107364
267395
151274
155391
250695
153278
412400
393895
327328
438710
144063
257305
199612
104844
408415
108046
418786
345735
166281
130128
218905
417337
414789
336106
445885
292835
217134
190866
296368
355642
280289
282279
286551
171647
396118
164280
359614
205685
427018
162639
211433
136527
247874
337264
243360
439856
170740
351582
186525
389463
264075
293245
395287
311291
451819
299735
229173
327827
418162
447308
201603
375922
157834
232639
211382
314835
423443
377684
395312
349721
282012
127724
214066
401606
157916
344385
115730
428439
219063
102856
257863
430555
419981
173272
128814
103214
181438
191439
150225
357198
354700
164670
195605
384767
416244
298076
310520
439732
139546
189280
151241
295770
430991
443779
149786
346758
137230
248748
362846
425296
113589
274011
190518
436149
438965
326348
177671
294304
347933
223674
170965
418923
171935
405733
149103
403867
153813
334225
143939
358286
167599
363637
133323
163400
247426
117997
118580
313458
404635
198868
346872
103672
292754
453058
218998
380593
179001
113637
438396
271089
142642
428183
187770
117832
118496
210668
339711
214766
172085
206978
107119
441837
421852
307213
113468
157796
173527
388489
170110
277888
283527
197316
380875
448406
273634
259527
253406
219298
400590
354040
444871
211716
435160
179995
289417
206683
396533
275020
310232
242912
226840
168064
163679
307467
178051
309599
264279
432166
299128
191294
273489
283529
297522
311666
303819
341104
279527
327168
392983
185922
232803
295916
365994
454952
255736
177510
239426
357282
223705
193812
259177
303327
140951
161582
347378
223514
144219
210213
444960
357055
328952
215833
144737
117975
136020
173183
392745
358592
251924
366184
299181
420766
420005
234274
334215
374262
266898
164897
338979
262445
243021
382341
338756
356488
443511
141825
255209
422282
284092
309115
401889
280114
268448
289834
309927
140640
270680
209975
179084
263049
314284
418442
188945
318757
194056
292529
421723
455611
401793
327411
265647
398633
249198
135403
100896
181982
144911
440638
119969
448440
276030
104073
374560
430793
254146
251545
246769
201799
234803
385292
153997
387857
285722
318994
169042
246291
191512
139815
315729
322713
400859
136321
192169
388427
298694
338408
305599
431247
388694
288107
159974
186619
136930
263017
155521
149233
208513
262905
193762
214979
185179
203717
403226
231275
158199
273760
280196
142035
219869
403235
284850
397982
340271
389624
428986
398436
107836
446384
224285
383521
193062
421247
418855
199587
147860
103205
282736
444458
265347
440622
450967
239805
329457
444615
321218
352130
228692
259243
237507
161074
252243
102025
251605
274538
302100
260667
165384
111497
439176
423264
314628
160002
157158
406088
332441
309767
440114
167967
441152
281129
254419
263589
220350
373441
362737
260763
388966
212549
386993
130168
330315
407035
268219
134487
318163
415883
153370
450901
388752
210920
359653
162233
347040
329151
232387
385318
334079
447932
182205
358146
442558
204994
217902
301464
283378
405766
290488
439032
129290
139197
249914
338001
410769
419990
361773
257009
303822
358333
431922
152634
377446
189171
329208
183462
351238
255298
381787
346133
117748
354223
408293
160801
387645
216545
297723
167678
361564
401687
179024
111495
434320
378280
251380
237483
160791
394337
188478
179078
441703
367484
312999
126003
399847
275894
208234
269826
447893
391420
153959
425481
428170
426183
104886
383614
427872
328978
332355
331867
300668
162963
344012
221101
221761
285192
167130
422847
127823
245398
332151
418547
443822
172095
133433
237145
201905
322474
109286
246860
433636
269353
390331
212006
337198
418323
156806
159900
101559
230405
354392
199137
180145
116042
327237
207618
431360
385734
389570
239421
152275
366074
110650
120845
428718
332811
130152
241664
118500
377417
432447
364644
133677
442462
386611
378488
311234
354008
335376
197531
377497
195490
449544
393872
414938
232195
384393
300591
313033
274697
176758
435969
296437
429357
411987
448852
321844
190700
449182
425663
378550
118996
138994
190093
415908
119355
141533
405131
222131
324279
320250
406799
406091
452150
393468
267832
207552
417616
271178
107909
449451
421526
370742
117569
257998
355926
378552
203572
224724
226333
343711
444695
217767
201213
268022
223322
377348
394737
455198
357747
424460
448402
133849
338886
121776
423559
235970
437346
341649
336742
204769
139695
422746
309148
183445
439358
429843
228027
331701
161397
155657
416208
268968
380072
281670
407092
376931
289963
174646
256309
196699
280186
391238
156206
110216
393193
106734
199752
443944
112776
230993
371203
440476
281982
367028
327205
332438
267634
300654
163542
205389
437296
391173
279993
319991
211397
359874
435032
225243
425659
376942
311374
355051
105917
139275
338155
255869
327918
365752
166465
182451
227094
186033
141719
144338
410764
248566
347961
269350
399204
247886
344170
322899
226530
166795
337265
144741
133621
140137
281221
297661
244224
454048
157087
429495
191999
388123
106613
305868
178191
442813
194530
417129
271719
389442
306947
162805
414950
404898
288779
361219
366807
325077
222443
228073
223733
263111
237757
273733
231354
307894
409361
452035
434567
424064
383377
228626
146933
310250
275222
415320
245685
244375
171595
229407
197367
145113
360748
389525
114426
290749
290118
234176
336275
153331
445009
202279
315789
157464
350672
430145
436218
358417
218822
399060
320804
281833
323021
167798
304168
448640
304343
380539
328247
190433
440671
193451
265033
204613
225617
341929
365691
145572
234584
231538
199523
417652
444979
338657
101175
184411
112559
236664
223139
324259
428175
173248
434958
151298
245390
288949
348566
362423
255850
186105
178127
319479
413902
188535
199084
183809
418175
345496
116243
236782
262977
233822
115179
213138
289779
343982
225979
386801
196796
310370
427811
331754
272922
363832
339428
403425
111160
145895
441905
437859
397274
305441
245425
320911
106219
382713
449819
347113
283902
141651
290962
344058
158463
158656
200727
400021
147090
346907
355532
431798
203824
284052
433753
249299
403477
322548
124983
186344
179786
386941
133162
136308
451137
112623
420095
189093
152894
426508
204688
322613
350024
235534
251561
194524
208326
229932
138795
448166
174378
172167
303614
115961
388112
180094
263267
447790
201740
165757
286232
248520
280139
175887
121410
423011
218037
217485
434992
133488
136469
198576
398899
130341
373078
161211
180704
170635
344638
369892
200402
240460
353524
314045
397264
147819
335737
165570
394193
172103
301624
330512
432245
219419
109023
287612
141258
226282
254999
169366
416561
405420
210236
291043
452254
454445
101340
361820
178813
332305
135925
164278
292299
101165
410649
205249
418802
112202
272920
171246
291358
164492
208020
182395
432393
249210
179891
177377
438274
280336
146519
247252
336655
209870
212202
301525
428795
377130
210823
216500
166951
424844
155878
394189
280165
125832
350126
389379
132803
253304
372497
239405
125786
445702
282386
184678
448520
350186
295640
440829
121070
127963
143323
257673
249383
214466
252535
309424
186941
166313
327705
203718
447368
222812
260838
191321
353762
178528
360691
405155
343392
366392
293296
214238
381973
283795
224814
146371
303093
120920
217515
333479
441130
351105
280006
419074
223146
162825
207829
372517
315183
306975
132429
134570
132407
446927
392811
438057
345415
161120
336423
210580
285121
370118
272109
290777
291438
404199
257870
201039
445894
304956
102839
352999
213944
255289
291459
290771
214479
112518
316203
236930
405086
352848
132398
219020
226431
371940
379053
329731
321789
211615
147818
193069
338565
185741
434827
388135
439456
207984
186839
156800
399335
297628
317617
248064
149885
168286
396879
350935
455405
332518
125171
326126
264914
292290
344484
397430
318680
217682
403899
260354
333697
230305
105889
455039
239129
106120
341581
313310
139800
305470
213539
427696
314224
235529
193834
272899
117319
126181
280914
179487
369708
293007
390046
230524
107612
230373
344478
257917
115492
455666
123270
319588
150619
199191
332767
312967
307531
334969
276740
227620
434072
302869
357184
219356
336046
409902
179671
380897
181895
136510
175036
430692
310257
130877
136727
203757
391140
390557
124293
252090
222118
271176
164118
149012
362186
260121
447778
184104
276720
231372
434769
210984
168765
421406
113570
260903
337816
105079
414753
285178
339118
287411
111238
232286
187390
391688
421634
438139
328248
103094
214978
209215
259298
307062
142805
217929
195393
453811
329089
240952
338410
402412
241755
396052
275535
284066
250794
365019
338102
384833
183323
147707
291535
145305
148284
315720
266741
240978
212046
425422
445209
377545
429646
336224
154961
100209
208824
356146
165402
118695
123050
352484
305200
378750
178438
450968
118327
393768
256324
326058
422975
300735
362624
220844
235879
327818
121306
415105
394441
374198
321001
149697
156751
361895
425171
109751
159085
308159
212971
177321
223012
236699
150716
273335
355111
442606
143987
201843
106244
182400
356017
238466
285126
423667
333635
122843
440710
219782
151081
267731
347412
128351
176612
400793
141098
409681
413105
135471
409740
206259
134731
259813
127004
278970
255758
220662
396951
253815
265394
436405
127220
214782
441444
240828
125023
320596
221772
338600
157494
203967
157161
299353
313903
105797
188870
383095
150428
447400
171687
205794
143514
323001
216106
276955
132235
175207
425040
394286
261118
380995
403131
451857
276559
170287
182203
292597
447541
413556
439933
452167
415512
279356
211160
210804
271306
199346
345135
285026
436466
102612
345967
235383
421403
198468
308848
297834
412040
451232
381146
175273
330302
389336
377579
210499
159822
196036
233913
423229
377128
293945
134436
439369
214243
299596
304616
120530
180977
360276
272001
389166
233693
102365
368651
108603
342376
169106
433887
401219
211459
311042
413285
161244
412358
356292
239565
175728
161594
130576
200843
189220
287094
212125
363565
223118
184132
353742
165745
259942
214343
339298
232408
381134
109157
264155
161142
128497
431041
313687
313777
216657
156424
168019
322520
174432
113817
348309
314540
167927
182785
208490
347767
147912
170097
417818
265769
224522
404627
203203
203209
410692
309329
276176
147265
131903
390232
201186
344703
295136
394011
289818
452433
152790
399269
337621
415830
356124
106884
107055
177049
108472
191533
334134
205925
329593
360519
411694
346698
181698
285244
343347
383235
156443
358281
129401
295036
288948
202243
246756
397363
279125
242190
170667
127254
262583
443087
213161
275490
135794
454616
165992
103986
377438
244282
115911
331601
191408
428100
216194
381640
422335
253017
409652
211849
418148
422061
175299
401293
308710
110823
367934
127769
435642
148356
269802
178031
238063
334921
281856
205213
185906
136313
125070
128648
369303
180232
209542
409053
415577
152211
324905
343468
376400
310922
290421
397535
118793
385723
146403
236001
146917
129582
309087
358089
386692
349475
341669
446357
265004
413567
446043
343994
375253
315845
146438
231147
421022
370006
115292
187607
398722
221512
353571
191629
404890
435640
333707
173566
396554
183623
415597
452437
433013
291692
404877
190506
238730
248331
313643
312125
154255
416137
405803
203595
216432
265116
414476
190636
295324
156442
454550
372536
337351
345333
425499
355526
141185
395204
317505
333806
234715
388828
214846
238033
167125
393412
196833
201510
187293
404487
415662
129567
378665
331504
366371
285025
201132
292720
149743
330804
198065
200498
357147
320893
102994
132258
452976
350328
335101
132516
429213
139719
194629
161433
436544
340030
407628
161426
374871
250519
305814
324813
426845
391962
244042
304246
226461
121121
111805
194287
228140
350804
188960
212186
106992
438262
383141
414554
292770
402699
299042
321561
246342
139524
447602
328073
174228
409682
357723
217234
331771
198374
365535
135442
264402
436569
444547
140399
349583
353547
382030
357541
251880
234424
127051
206746
327285
403381
220105
121509
448663
145644
223762
261518
296141
290996
117094
194381
162089
105997
420650
449252
297866
128533
126491
115994
368812
205248
119887
440108
201370
211978
146322
224399
317153
345169
283377
143196
385226
119889
155395
431978
133792
252629
320051
137706
249164
364929
407747
246973
378686
318566
299124
393383
310541
308564
403260
268617
312532
376066
162220
347580
217752
367782
217279
377824
384336
417099
227922
139118
454759
334820
198498
265192
196001
136937
187774
367718
445673
349900
412271
138115
186385
413471
323534
237886
253208
177609
373939
331680
394913
241673
332773
302208
256453
426140
297293
233956
194941
294908
422881
109907
310242
104329
268991
264956
297838
410036
397367
261581
227863
281454
436614
105586
157155
218875
388341
170079
225385
129608
306505
409304
201245
327395
221909
435993
221810
186051
114423
122986
252827
358290
227102
440577
217813
175017
107707
184314
114303
266392
393261
122940
368698
202675
304920
278241
429671
298255
452781
453263
301527
375495
130763
366372
178205
381599
411705
306334
159846
226273
348743
304893
303238
198763
162954
291826
411810
125731
149732
343249
128576
286886
237045
367284
166342
272335
287668
419350
454068
190491
374313
415773
256335
292577
190594
142129
403314
254677
161578
374763
338821
124582
424696
392976
166924
157954
400173
220848
319139
217817
200343
303444
355608
285118
167411
404602
269364
434077
276287
363800
322627
277826
381015
123298
134616
189510
151228
157396
373884
234452
228036
199632
259470
387580
200041
346935
180905
412901
408785
276512
287811
282983
420201
161916
226916
373483
329307
407967
373066
277406
147744
225860
373383
300389
175583
370389
185190
286030
434003
242417
422756
162168
128810
414181
197020
342416
372892
227984
182733
200439
263662
249741
387483
304868
131841
224054
146893
140788
293457
406910
259815
223433
348023
284237
124119
117415
195170
341499
374765
235593
221183
177523
228478
259552
419306
312393
133089
160477
153287
323637
337374
192379
183415
362859
120452
402731
120242
202389
233610
416350
212131
411179
133142
336072
246388
279271
388050
184373
179535
289128
233048
280117
416000
380460
171453
408829
403113
435864
227430
200158
152847
121002
282419
115754
311148
138693
306273
107008
283588
425822
448049
437116
452742
275113
373768
256841
327709
140239
310015
271983
328186
456069
324742
417419
407888
173280
430441
139103
338630
304309
283630
257173
142234
333422
446874
370168
329932
277030
228966
409260
204880
402648
313503
351415
426791
442185
382609
326286
443636
430717
169700
227452
125467
199296
251867
425356
161831
304209
307536
260602
313616
223386
196202
434547
425465
201014
359868
102128
442980
364198
283465
160784
264801
311052
399829
293783
200164
406119
437561
100832
284784
180697
351822
217616
237839
446926
178378
383495
268196
333234
261135
185018
101432
258916
200688
206876
435389
447518
312614
389999
192984
102773
187395
301834
326406
322501
218618
276107
369867
109923
446020
290446
144484
101894
328290
134156
118143
196596
158746
123043
320015
365669
279099
426072
168396
283543
433992
424065
324478
411394
178709
201460
360507
145185
243496
163545
186912
416338
103005
321194
223330
354692
296344
365467
230747
274010
284082
249822
138000
212665
399377
131502
331002
443165
335249
261395
152149
183941
142640
296685
380535
434857
384853
315322
304972
223491
230414
366619
176104
390150
347607
430289
346556
353152
165504
404467
192621
185986
391928
302360
129086
185305
352546
379531
220103
399165
444219
137340
341731
147284
330404
137296
332024
322849
290450
295550
242717
227684
228498
181511
354702
333691
257379
409450
152852
211952
367882
253188
225440
289486
377205
232070
135600
329359
395564
155817
350050
312145
271605
344827
124660
186216
301471
156643
151277
393065
181055
257371
249356
270801
114773
386236
168904
338089
435539
318202
395088
293199
283156
360647
252583
176238
186406
343716
253636
173452
192424
319630
109028
264369
173778
269778
408227
134000
282191
257581
154542
145900
224800
303942
165183
389811
297884
167588
303212
275079
244348
384891
452624
358898
264836
164940
213552
428387
114511
416375
136463
265528
225046
433321
242003
210659
119606
277497
323978
204661
386015
315561
278589
309296
226758
231780
229857
288732
224835
112045
341056
101231
182827
263227
123286
239620
235304
334236
251809
417679
447590
345818
325485
121753
211236
393716
125322
424554
320996
316165
446394
415259
229376
192073
211389
274828
323749
319127
330638
252072
265196
282748
156114
419711
275221
204922
163382
450154
155399
117361
267683
361285
149185
235840
194317
418256
269221
342071
231897
228611
281247
182973
395785
368516
379840
320327
158566
292518
366253
250822
438145
185887
111740
204842
298941
364580
366234
356890
429561
240155
218535
107200
212584
207485
408992
149738
381507
202505
263441
346493
435530
157684
196231
241884
206135
151332
102527
231693
314445
342183
403470
446839
431293
156288
430426
342651
252684
341970
247827
291325
410487
107458
453597
343411
123779
138441
380201
400210
191578
244111
381860
423803
169877
342994
225096
205698
211807
164215
451125
431971
364165
211453
329694
384597
269710
119670
169568
220123
183374
225772
137762
337341
422793
274133
428345
218802
319571
103810
218263
190414
402102
387819
294357
313908
263388
281859
305568
363847
160829
232959
159014
296947
209919
203076
299076
160693
211638
368113
143157
338450
368278
307492
136827
227282
214167
425065
136468
321119
126386
332051
159877
135699
264954
258542
140709
259782
323262
210244
229933
249709
450867
275094
299131
409140
329971
450386
126958
417618
252861
172404
408046
252697
330159
174148
196512
338344
393178
300992
217477
379906
415846
417688
171608
165836
353293
259297
272930
101692
255582
271242
156323
356235
138212
387895
268980
388941
313618
379192
198481
147365
310835
240780
364073
386708
418257
128929
212393
192443
418450
235770
454219
303057
386939
372157
373655
175735
255667
109170
208680
181276
159231
229955
306017
293548
315383
243627
271500
350938
346999
128256
123696
192422
108117
365311
233376
230872
395877
166826
325857
138837
433978
196863
386026
193348
293421
315250
173124
215691
107405
395162
229174
185403
270233
109511
106039
417482
389681
349949
377621
133401
367800
313407
107128
233996
124415
224163
162990
210896
438956
155387
398945
140175
331878
174878
157009
439025
182982
167733
246460
177898
368558
278689
133112
231180
301696
176614
366673
363605
317957
290829
376849
194253
310820
166278
342219
361530
323743
326937
163279
355367
199218
116432
424076
312625
142356
210368
324174
253942
393661
219407
455323
338030
327243
352934
273563
291479
413859
155934
305166
166669
166305
267364
455295
294985
446070
110151
222014
391124
259543
150739
171368
379384
127179
272417
374931
280063
410348
191989
116284
123026
187859
339239
292911
160565
147293
324452
105263
307576
442498
180499
135125
443970
210988
128463
383543
352794
252222
448670
340447
223842
123747
369635
117423
270093
281276
222030
106574
375505
338062
431093
452238
257538
274540
411177
136398
137957
245491
138191
414653
453815
120067
272951
452295
122943
143301
368108
248304
358978
220445
206357
184930
340834
320995
290018
188984
310320
335565
209040
122700
300818
350616
110818
229679
285693
386746
134449
351794
205586
235582
307839
405783
435131
271114
357417
143125
220531
445644
348906
349604
394455
201392
209477
170989
298680
201260
260724
245375
230587
210680
259035
429317
316839
351917
235292
366139
241345
405415
325421
285113
229116
275953
237307
301621
202976
127741
332281
191208
443800
452415
162962
198222
404802
193353
177490
251621
236115
314893
134446
269273
103187
290887
409549
301832
226633
126502
435145
351953
127897
228560
304046
267789
308113
438562
252441
224088
184113
158604
221248
152889
379860
259875
332520
364018
305145
196661
193952
268348
395120
308771
272077
422832
297738
326282
191411
281474
331496
265885
343189
272189
162602
152359
108877
351080
265355
205005
377539
290249
279759
375124
202187
352873
292371
311796
375323
210003
110925
370683
322319
264723
218924
153976
274314
183528
377635
397145
117581
304434
317214
344354
444467
125526
364919
102266
301492
120689
280503
448251
233571
310689
153948
274483
147986
164901
113768
169860
146601
136520
154799
200773
284026
304055
192745
189423
437781
255364
295577
357501
355425
298589
121964
427981
162749
350927
338823
212796
139919
130352
183833
232101
342624
257179
250174
436912
421619
454620
177129
334142
281718
396491
319171
203494
430245
134101
422464
450108
257306
171210
143804
197917
141321
400013
405321
216822
364881
231801
188145
271219
424456
248863
345200
281748
340873
269209
346459
140360
419299
426043
201102
131609
177513
353871
425279
232125
197127
130232
398247
239591
184410
448786
355351
110655
338125
188427
299503
431290
330083
203502
351285
109094
421460
413676
138071
363454
179677
337824
418101
370948
295055
297062
268323
256542
249522
235263
201469
363674
243622
406432
417968
451333
355219
164535
298731
170996
440906
442349
382442
428657
295121
286326
204899
113560
206608
223880
381698
192709
425712
327071
174635
412197
142093
214720
190319
204966
107697
453621
327804
186425
184057
222561
436142
430277
162184
114900
115315
354770
297221
176163
140456
348399
347604
418870
449285
159116
362378
179899
329485
424116
434593
320934
265167
391345
310712
296235
182122
178834
428415
198321
421177
212633
161523
294312
183759
148262
146454
291606
258956
161122
132934
334496
248828
307743
190870
301738
143213
242884
304410
426472
225921
254011
284036
202003
105885
269466
324991
446523
203491
378205
328296
318231
448433
239409
250360
276163
421794
380371
271740
422864
355881
281837
342848
431565
126075
365291
130287
442517
352575
144861
198550
448025
399719
265459
226419
392351
216651
408612
185115
306360
232112
262894
139188
113985
378039
353334
111449
181025
403356
333705
191867
378357
366912
369508
238902
113478
100301
126244
429699
305299
247373
450526
289068
232678
308782
300448
339539
118900
141138
216170
194847
119685
447737
151063
281768
185737
277496
208751
209557
275673
287649
212375
233904
323000
137810
445582
226143
370092
358964
325606
366801
159636
357145
344028
271803
401947
275110
302526
146948
376983
265368
160168
314879
260195
413195
286978
393437
355027
177213
424795
346861
395522
390367
186795
409187
188333
188237
229534
315492
360752
256591
260575
132739
376811
265366
174420
258170
341760
394495
180219
454114
225869
434660
279326
374695
450367
376302
212041
433781
369292
138803
130523
220299
428500
320279
142869
137949
413763
208964
221571
438116
394037
170226
219700
115284
327813
199159
316955
430494
157591
215184
193009
318192
405192
443794
200142
410543
162008
173871
401018
133580
376988
369779
337363
195204
364215
160750
446184
182721
289466
199054
229866
175188
273438
316330
310425
247159
213948
312422
399978
162231
418366
336065
378914
363848
222444
381575
353281
366316
185291
149168
292109
290665
142528
196838
263884
240810
168407
178562
304996
306458
380950
264355
300764
264027
188562
288565
341442
248163
242576
144619
256158
304841
173889
220499
339931
152222
289371
439449
122651
324542
282734
327597
148137
228256
124209
333342
265251
155213
367431
198748
235776
446592
416378
328996
149060
174776
235308
336029
284402
337117
402698
127502
288253
391841
338664
253693
194052
300849
374327
318470
338911
409964
426458
276554
192953
450980
126769
293832
280030
316234
419773
238363
204205
141169
394393
412819
175467
229172
118630
191457
225079
456108
398169
333883
263469
190099
204107
438865
314945
296049
308951
434539
171672
335816
310819
106267
413283
192013
289342
384241
236785
310061
155613
191744
337962
309117
302253
177512
232349
282361
378922
238670
346664
379269
357873
436252
281728
227140
179406
170531
155486
119603
375823
297138
376612
347547
436483
427358
272295
383572
396294
167593
323798
152489
385355
110939
403658
453250
273494
291133
136735
362615
319524
187957
366066
201643
237539
304161
433586
285866
429146
356770
145584
277773
448848
276985
170729
449542
153237
297059
112630
261993
272725
144255
132126
347567
101538
184363
110082
329194
123269
349240
125292
241290
259355
164407
385440
417898
326336
313971
266946
312476
129473
359172
430299
441784
299282
310488
325861
251094
272756
114765
116867
320215
339504
252766
140273
416529
423265
344338
410739
356923
317025
210885
338124
199614
143972
284736
303091
252052
258883
133086
257139
131221
358575
398133
246008
445227
455681
244994
107937
229542
443827
161293
158095
276342
132236
203657
398732
112650
176996
405284
426511
327770
265864
161294
381857
132878
429354
423390
217006
207042
393989
311804
163465
374072
451692
132824
321948
105668
445311
359453
437197
253978
261015
394352
228858
452480
359443
337316
301565
164371
132897
212426
409281
341039
163761
454953
136266
375375
455865
409118
280304
274831
429723
446508
148649
394882
171700
444403
130769
282008
361965
325545
273085
226336
120675
449034
177885
237142
132596
138170
250193
259462
216419
208261
286408
200251
324888
225786
313223
362698
450787
359286
118753
187187
305491
165187
302793
344872
335929
110704
387773
210774
137770
363758
210912
438507
438849
181771
407160
271096
150894
406013
300180
397899
346780
306178
220920
338080
107302
279738
239183
201253
225498
163704
104418
420091
184271
386206
157912
338830
275277
263437
182282
353436
134078
402965
304457
257287
380329
289216
322915
268360
284381
350241
370811
140441
336919
132511
203908
173431
312823
350041
316512
200240
358133
439864
224922
374873
186137
183694
115702
225768
267591
339312
157237
245799
452434
330633
359037
196979
425127
422867
283063
270174
227854
152765
202195
280761
418919
168785
161915
421149
106492
418042
310605
140552
438342
150195
313681
383588
430275
316732
117617
291862
147683
195133
160516
401464
445081
287478
301292
193159
262241
241508
193014
289422
414776
312286
162976
286341
423891
253110
357068
283182
136315
223158
151636
364625
394219
265986
140519
420194
370408
371250
189676
221164
344128
395012
228631
162929
312992
154373
155636
172505
234345
271840
149555
456102
427911
376324
164525
129641
296643
350844
111548
222685
294934
207991
441668
209979
350963
306254
183192
200578
142343
205702
234624
279167
341098
238626
415057
426622
351296
287347
432147
273286
342717
346020
275582
133686
164293
351546
223945
352206
118965
239191
390963
359881
185166
135901
301704
353320
408433
120438
356321
137278
390328
315265
329444
203256
128245
288362
226439
420557
448186
282116
360073
151471
314743
413000
175140
383915
266191
381702
288480
409780
256700
296434
438591
449954
224534
327687
110767
151493
287470
333617
138494
238376
232336
411285
389177
133506
194839
325808
192658
137512
420334
206847
291136
118226
342749
138234
451821
172135
135104
449503
195963
283754
390033
374306
437319
259546
322758
150676
219394
352879
412335
359482
422321
167595
245041
441939
282861
208606
218525
253992
414276
229398
350181
115062
375382
390698
245572
222813
327427
258005
377933
295298
404271
304803
299203
115939
389874
446113
262476
342493
274013
223618
115882
110291
180551
360397
339214
413222
311435
299301
276850
318409
208201
358208
425716
372869
260029
205452
400958
304367
178147
212554
172851
117508
137630
202827
238300
238274
393385
416397
213106
145648
452810
195773
317108
124268
447427
118927
351886
299980
278666
370821
256468
133640
116887
344642
304381
411143
307126
404253
222528
155277
321481
311019
179373
104873
428514
283120
260081
325418
170456
197439
125140
404884
321692
372189
444028
217726
183767
238007
270889
251882
362756
241824
211070
128021
358823
385247
279158
291839
264183
193609
112461
111321
324523
322098
167253
442073
233561
456184
243566
231652
231435
382117
327673
169268
373253
273158
180170
102884
445167
303245
205514
119411
412284
271115
445413
311750
143916
345255
324397
184213
410625
130182
225017
317164
421559
256551
220750
140208
393687
333010
257944
370765
169654
264612
278269
350371
301960
439459
256034
214860
103325
275398
455819
316778
140363
397431
216217
122853
415002
307868
218892
264715
375905
205624
237102
214870
454016
173516
266900
384643
427961
166198
280968
360601
163351
198871
129662
155070
330778
273471
175848
315907
156665
252833
389287
157882
450955
394488
111454
242136
448499
230626
271990
436245
107220
375849
384378
152436
215960
302832
289635
138729
272580
436529
320450
252365
387444
139339
297427
320127
412662
261278
341579
200050
293794
446804
333875
247392
454086
345225
206552
306765
329598
160051
179016
163026
401155
211970
203785
430276
305170
449776
331609
317295
395840
106343
315770
342988
182527
252701
346798
283577
224492
166999
245067
167527
104450
430972
446443
129807
115766
110540
452740
126240
217079
423792
430362
230489
229126
432628
398831
302539
383364
445602
237929
430252
196453
266449
145789
179215
330176
256435
277251
444702
259162
398108
445066
394135
174234
231318
373005
432567
261158
413805
404041
286435
100951
443246
413161
232201
166918
275781
343870
136962
285222
253201
125482
161422
197041
296373
111320
369021
325903
415816
275719
210925
421429
170672
402520
160299
284715
430089
250709
328121
214842
249788
434766
267076
358060
206777
452474
264686
193495
419217
105237
348800
395376
304819
100156
350553
253786
416352
192288
345075
113029
297629
172256
385793
272726
396303
158039
343305
385930
311607
241802
199688
400634
455985
344933
101277
373834
448431
114579
217041
194322
147877
103518
280539
281587
305149
366851
296412
204221
429589
224867
306396
364841
450916
432322
105347
285883
371867
454702
341121
427219
183364
340552
373429
451985
303985
281190
231695
406178
291056
387881
437210
411241
199906
106255
441572
371515
133602
112951
173456
122310
199759
336062
408189
398024
144426
282623
289059
367510
143974
393615
278635
356451
116431
145329
398880
453631
313783
359698
260503
178322
397498
157342
209161
454650
299336
333369
343054
207226
339003
201042
412127
421380
109153
302549
250504
357343
275773
177662
400931
111425
429720
156198
299387
295941
192577
333848
356131
402838
427308
340884
303974
421854
435678
166637
361850
154397
453762
203925
343868
213830
294669
408805
343472
293572
224527
265283
214303
118184
304948
184498
329185
343417
271127
426331
245102
102886
226911
194285
398925
186989
438180
407451
307260
134224
232499
301094
358874
372175
202873
269049
296988
170659
105614
303219
385263
216825
175642
103292
221299
365278
377078
257873
385469
289029
398470
124892
252808
270536
299523
412918
281421
170573
228652
268365
341151
280769
131926
333393
444671
353388
447823
348981
173046
165809
200609
125074
260232
116445
432706
437272
242458
301818
388782
227489
138648
300874
392813
282724
161579
266633
400467
234480
264415
369696
297496
140332
449471
175298
379556
419355
258430
176802
115216
333614
109457
212161
390039
240973
101805
341718
215869
254319
130770
365745
335144
413060
437738
402455
365890
279389
104407
323180
193555
412020
137187
100043
266219
263941
245141
275792
173856
377977
197467
231609
428160
205868
300315
372044
132551
288393
305911
130548
334753
438083
237795
147487
390769
398627
350475
215013
234641
359435
319259
330319
370053
402438
216169
217002
228705
155241
163621
359336
351124
422201
278757
373648
273659
275476
192005
192302
112247
242031
263876
159558
234806
143949
172185
439536
193466
439738
165716
372038
252529
237798
271869
455473
112022
368865
452725
215135
203435
203936
177757
367143
248721
198433
183520
325440
332665
179296
299836
264810
180938
401327
305924
337904
326815
195481
358554
443143
153271
325587
334370
100554
179009
180840
296055
248539
346129
113149
400168
276018
373367
390519
447941
140159
245056
247019
435974
335402
338237
274232
354746
152995
137538
422578
450305
173179
434532
107853
408568
412438
308783
306220
315242
401421
333370
372640
157890
340226
140051
252817
242997
227126
121922
453602
430769
235918
338981
347831
309772
333956
432827
287073
132064
291634
285088
363419
404023
288710
235392
425673
277542
121860
396563
366610
156607
129263
164238
123126
137814
327206
351435
193130
236216
427576
326741
221138
166081
102835
380842
445740
158389
263706
448978
357920
155722
255812
278485
319591
440789
195523
436538
306481
398685
267388
158722
167878
123913
433320
448173
315351
393207
236693
292424
220148
439169
157957
434786
450538
377835
350202
444332
284235
437323
431446
271378
232119
333173
446107
200192
241053
114039
145861
179655
384468
189883
191456
184884
102220
326253
406504
102281
156598
140618
417418
314891
101484
263221
154887
212444
340265
375732
105915
387164
317916
327676
419983
380469
323590
142887
163308
303706
456030
257648
179525
338070
214504
269950
158506
415335
431478
181717
336123
273742
231868
104868
305102
240964
347641
221220
386166
172646
421765
119433
412874
122122
311853
153405
317667
136939
164254
422880
113860
268226
245545
218718
114312
244685
337744
406155
426548
230651
131225
124799
329680
449332
327364
121453
316851
387399
438443
172324
324912
132654
277399
340944
203677
450984
273852
335581
211552
283552
238484
364223
162123
189327
331915
420682
279112
140412
445362
393819
353183
351679
385198
330756
384372
248882
363332
418739
235867
249490
153540
255492
307217
197271
327132
267776
300336
359681
348550
330595
344600
225371
101168
222852
328375
325944
152296
357880
355577
245242
320714
345488
242963
185709
236748
257087
191334
149945
418307
380144
452915
433979
445851
124969
189745
153424
210649
310907
383024
306109
109895
308491
221174
248494
155056
377620
378621
261891
228678
333294
445241
239965
361139
279005
151831
140295
173526
211921
359704
225313
338536
340618
386066
328655
284437
429968
151109
411582
247585
116488
361968
169717
339463
411449
252614
416259
422741
119687
230507
203103
140225
135465
103397
237741
314968
125452
356071
422326
249111
100646
440788
233621
437436
130813
217879
336940
315922
207691
387493
108790
178392
176740
447049
152642
177408
154432
192199
222655
359786
153615
344655
340900
313721
255171
127537
361155
129001
260975
113948
452275
214490
253532
122496
110668
173621
358361
389465
274280
381063
121571
284177
256997
275753
372343
186872
258451
233027
420370
387601
361025
357716
194142
290848
415780
117751
450385
224741
368261
186529
352786
129301
172835
328734
339249
110653
427354
206859
285439
302339
280562
111386
178854
206133
361201
336312
166578
246722
147229
422602
388351
319477
258228
406713
405265
213721
412539
101694
118774
211087
315482
175928
110255
149244
113098
178014
440967
310092
418380
324641
267253
194169
114671
391606
391473
429610
135468
394989
262382
158694
103035
167237
216897
399899
239638
234142
405223
380024
352028
331161
276610
179116
428723
180997
243962
303794
454691
278747
150672
407367
228486
315455
359393
416046
303809
150787
318097
414901
216176
253045
254610
256951
141044
434238
412363
175209
355683
151870
231706
151632
166709
387557
350245
429713
242661
373315
196342
375178
249945
230108
243511
311813
253616
135089
103900
156962
189520
309021
302325
236270
133683
291678
273562
123683
322271
340032
410425
447099
274401
392472
187889
299444
269676
171035
126330
220570
399012
189703
296299
186697
267329
382065
243745
256582
201455
148312
436891
168908
110902
198280
128959
246712
186006
100869
115689
201183
377652
107719
312530
433259
341756
246307
251074
406485
276836
141955
292567
257751
382861
144487
175222
242899
219733
128867
292959
310991
366276
208659
185251
268313
102536
155592
412970
116669
305271
109503
364631
227750
106348
201985
104379
257845
433295
266831
435699
249336
403731
173972
264311
209357
106941
394498
173323
218277
393362
217025
237897
154576
241675
250356
162971
339225
188523
249072
168579
385174
414849
427820
121328
249453
408475
104769
246366
210416
421531
208669
236311
444235
161747
310858
349412
371029
258892
410266
178560
328335
399356
173765
268803
442166
333974
453946
239792
257479
102006
210882
166148
455376
422956
235204
201313
415004
199294
424721
322252
253864
230062
279857
113284
325335
404014
392988
452638
292060
437769
213653
362415
398161
339520
378814
425183
444679
138640
274055
343830
433189
383000
383978
454184
403623
192851
169246
429396
261508
247043
195424
216877
101689
316375
433423
342829
211251
138541
427328
239719
319493
192648
288300
239430
305564
164693
430052
455663
123840
455287
410342
449593
222307
291321
205532
189077
444033
327259
161058
364363
441078
128613
327941
340351
304070
301311
192439
101236
437162
420508
111475
174159
181429
204780
368105
168161
172590
372897
257999
302843
126646
413717
331929
297275
307403
165618
301940
339044
149553
446005
326291
141459
233227
424994
170357
127477
147094
240861
112569
108822
284626
331752
205021
131296
220476
440495
373734
220963
303839
139751
387765
201590
364934
196822
314191
327643
451833
444818
353770
188869
250608
374722
202108
239496
409654
395395
384317
340092
243307
114262
291904
434652
276215
301326
363002
218336
239528
275430
383051
122530
324901
115409
207681
215200
391846
399607
367066
421911
305156
427936
143801
167742
383064
371234
191067
167556
343586
395656
287688
127583
233114
120056
128277
122230
311815
304513
159466
223138
393476
209934
242299
107300
354962
441171
275637
165351
299915
256817
188332
402302
200226
346332
246114
410229
187029
377777
323762
317947
231658
360657
355067
453210
433317
109246
276278
297691
265695
253034
290067
301377
371444
167425
139581
241391
163393
395650
241712
230541
208214
345997
154927
348109
452761
189802
176372
261884
277607
295594
419298
251764
350157
252790
165433
194928
442429
311386
247800
127314
372476
313527
410530
351605
201285
133986
318001
273463
277515
202920
131786
329437
107548
333042
154256
433168
297015
241206
176062
232982
450349
309020
320971
297524
222278
218574
369135
297639
110429
201570
108807
416361
310868
436868
158103
450164
243455
447497
229722
295417
115744
313360
340716
374746
151194
171073
438236
205755
166338
292977
152284
232949
103381
168603
415424
151414
207597
310443
437314
337719
405834
329419
262923
179841
173960
189001
244159
366256
154345
275625
347247
177647
368388
307107
188596
178981
352695
213185
234879
396164
158991
127704
259000
343593
408263
394517
172290
289344
320521
100085
121957
447581
424736
302018
231219
383658
234144
183864
267114
453307
126556
377162
262296
429792
281327
363416
452918
128921
115540
431968
167730
427762
454986
191455
177536
200346
235023
368590
441428
252080
347090
130814
229818
287107
190256
265339
169459
118105
426438
323500
344800
375760
296190
304470
278625
330015
112442
157788
370942
172810
293784
178503
153210
249882
235322
395505
158559
425650
211156
392498
395917
215288
363915
308281
205462
390927
245971
259884
417846
232620
123509
342014
237020
236310
202839
314554
308141
378408
231210
207467
141301
325236
101617
390158
236433
171308
383948
355510
114205
418810
101505
154304
255478
323873
160525
162122
207111
341547
373590
354590
222622
189287
278063
451118
344607
331315
325402
117115
276189
207913
440582
190067
362323
149426
399279
117303
111572
157681
204022
207102
241126
228779
328155
221290
375780
393080
290930
413009
378579
447918
267159
365478
328430
258589
334174
127061
309961
365681
130283
208702
445286
145031
415573
189475
115389
145314
400885
335247
151578
388807
135833
154295
391442
191647
273644
265509
260173
247011
343026
340904
146563
266770
232668
295237
182036
288277
220798
351994
204052
369589
444503
205597
410159
144452
123237
238857
370234
329770
215355
201685
363248
448111
136834
151564
173999
137733
426789
156418
108599
383258
396481
421567
411569
213839
285850
136195
401407
209150
274060
451356
174170
222848
353586
278726
332578
206636
212573
261677
418684
108686
312875
190252
138604
213914
146341
172305
456002
358668
346800
217829
283482
373370
278333
257864
235656
137247
150121
218547
164185
217827
393516
197349
265447
257011
139551
378362
201618
433430
102020
440887
209390
307532
147226
323983
441520
156054
186239
389279
305771
251528
140913
289279
444593
207496
121496
406637
219051
127723
444280
358553
166632
285402
136637
239030
242694
348948
402592
301174
290692
413300
331972
385810
403855
132327
383488
260808
187300
160160
353909
350689
172597
385520
242110
135871
140050
318087
169447
377808
299051
124184
324592
229985
228484
265258
365567
219042
269856
388040
339928
209607
103941
182680
242532
426545
121071
263337
139900
319535
438474
241152
356979
343362
337910
140876
444830
423523
305815
286680
315020
437653
269405
359008
206699
390585
370950
301537
109017
419863
247113
389904
355147
178416
251651
274075
380909
121184
134741
102073
415305
364178
125077
155341
230245
454101
449343
166971
187979
216229
207937
421570
369850
330556
314280
171816
154236
140714
424180
310642
256163
209397
109605
309138
279260
181940
271966
291266
158198
219260
127825
174330
207419
288155
310699
313378
298337
433240
233914
354782
385966
199149
293478
227782
169596
143131
232667
380684
242260
365363
154081
380180
187257
100894
451731
190946
394442
159954
198989
396395
429894
102942
277672
368058
187940
258531
304020
313329
131309
163359
160093
198912
305361
109993
139158
416630
123411
226918
335325
181812
256988
219341
341341
308064
129259
315766
255617
202021
173639
223983
287687
247403
203267
237639
352388
335743
117471
392646
286301
180053
440745
361044
309540
318870
165573
354171
143833
303204
366724
210904
372798
128466
166853
396734
111948
246314
129109
344840
445372
258315
347308
139149
121524
386407
100246
222796
401844
108580
370131
424193
215027
339113
264892
146463
414612
319525
284714
284431
282061
244835
381229
144844
300083
133158
377856
222137
236680
319910
398808
413970
301847
442776
177088
300398
453649
408180
144954
356994
311351
193363
375627
450217
447768
232955
333111
136572
358605
102392
170478
260430
434743
290241
199132
147051
225455
345745
107289
203535
327644
299856
111413
290573
337357
313034
252616
309224
350528
145692
273041
125773
230743
157150
187624
135567
409201
192063
385712
245714
388001
220003
324166
306376
429756
218216
247208
386581
286810
270813
188867
164827
238882
347025
260993
195492
300632
210955
301666
393070
300755
239750
409924
153982
333163
213324
355892
145537
261137
434721
366095
369497
380114
294961
167677
209639
193632
270432
385664
367529
405248
262220
168029
265795
272292
205781
105081
208847
101444
232388
261325
107036
148352
283266
291534
187634
363399
252467
295858
161381
386908
455314
158472
311891
422765
136391
276321
415567
249775
171106
158070
189973
253361
386406
422623
358203
202121
127345
164581
411747
115975
378178
322687
446651
301240
327805
309433
447990
306088
126442
235621
144808
307325
206629
128367
397361
330177
245515
201264
181464
291631
267780
114497
311559
335891
237372
421303
365732
181579
288001
230531
333002
376702
123478
144535
212627
231844
126411
127096
135729
171008
374367
241105
213906
271641
356758
188179
433305
288537
280682
323504
213563
101142
157946
119575
189330
286144
228439
451201
134694
326963
369771
364158
253031
176069
284628
171377
372246
240533
268805
378507
257666
146905
448867
299235
195180
456112
230850
254494
295164
386168
443747
152041
253271
209527
320500
300634
264013
170467
389913
424050
450289
147020
116574
274205
147409
352305
263010
303623
126032
306291
384232
450123
204789
154770
272574
153295
225100
238860
319079
131784
175238
144785
306974
241547
138505
280192
393304
368997
237776
103265
272570
255530
196600
429779
241818
130069
267270
150763
430320
167512
124153
288901
295300
156106
290804
104440
334590
124564
293102
191614
306167
309522
310285
431691
200474
135991
333053
381127
209144
292642
162784
123034
327051
274563
168795
108041
313835
105162
451969
142880
196999
382656
335529
107963
364099
234410
268937
249607
182457
172741
415088
409490
157610
118527
333006
110421
167860
304059
132051
266084
199282
376192
375260
384083
212466
103760
273964
434191
351417
238768
360713
428327
190529
239592
451557
377820
444324
290308
123188
340254
156110
263927
439497
245460
204326
189698
274291
337972
322885
335464
132252
379557
149546
233602
374898
234054
371447
436648
372641
268484
282460
126049
193280
316417
421268
261794
207685
327532
370140
190759
113026
204168
119020
239477
295812
145626
373673
348378
369094
327474
218500
202017
357950
311831
168218
358473
403070
353564
143723
356186
304613
255368
136351
150248
140030
144448
378238
154554
286333
427434
381220
303401
292241
213749
327102
425977
307279
389616
347271
266004
196651
111543
216669
220460
291354
167903
198332
121063
260001
296223
304919
351781
110591
442795
393824
102673
346548
441393
314971
245712
399586
168942
114891
333650
324425
344206
115015
173041
261553
162038
301079
442944
338444
298976
127534
339222
377749
194971
345128
273953
114556
222996
314452
167664
170032
189823
260327
433802
447499
424992
164491
419314
352264
319113
242411
266470
417800
332395
158565
403441
193481
206787
109701
261239
319769
409906
237155
442739
382748
336730
161806
202353
371628
201749
331006
269619
347370
176249
329570
336290
421001
299198
136090
213234
234339
411725
160497
417545
126567
425501
336872
200946
453685
313002
247028
142553
352616
128865
105443
438585
344033
430139
397884
237765
240762
137086
319376
347866
224412
144566
276452
313168
301540
177233
447461
375628
214115
225671
300483
414636
218935
434513
433690
387311
268733
417647
354400
252736
292019
137324
199714
309900
348455
242061
204577
279851
367697
276828
394411
181027
123371
347029
425140
118593
320509
123970
286203
322329
303699
376416
161322
422351
257435
191961
217310
422096
107159
383783
245806
263313
331755
340620
349999
324738
246083
108536
148297
398946
112574
259027
222897
413382
172307
392037
364886
272234
127241
204868
334406
153626
276961
454525
322916
124237
195849
343513
133899
269756
413381
330397
338154
129367
388042
142568
304492
327409
426172
418365
270203
193227
305163
111479
108369
453088
366996
205040
170825
417353
311798
179566
433422
330718
314919
382538
230900
294286
164338
336363
367430
287661
210288
369312
338611
114053
238530
380374
373883
216525
108827
414571
292763
162258
392048
110952
299640
329998
185909
416853
359746
181356
330465
448312
190833
405528
447688
111915
260943
379326
256271
106066
104107
356265
293763
151766
204520
250337
162849
211376
133187
116603
214950
390505
124190
170389
403083
146778
280433
332486
158984
246066
298848
125284
222807
207668
193680
202308
340932
129413
394074
295601
144433
299888
263090
241331
212022
126280
183054
331908
355177
108770
193393
123844
229639
428168
404703
109695
282052
298638
277481
226367
339867
312485
215808
169942
281162
233353
236339
347704
411734
232298
125392
347339
263559
355134
158571
184872
266255
455085
435777
111644
211769
404544
289750
428575
323814
359729
261372
261783
399892
292849
326403
403959
250797
420388
194175
415552
145201
148932
389829
382828
139963
106659
321590
117596
252104
373233
154802
425476
102559
308754
240485
291747
114416
125283
434944
148828
296846
115936
115948
246682
248799
102368
277023
374062
160830
347820
174675
368162
189299
398386
340808
177502
250896
255124
110670
421535
445987
423930
146629
445479
400148
108109
117398
424790
108737
434352
207807
332563
299785
203217
103994
330204
138780
130223
396574
199990
239458
233402
184953
438218
336566
151995
447440
138704
408864
452245
450941
432674
232690
336703
178963
277110
273966
247120
449050
172723
269005
221613
340120
267248
339527
175016
414531
380355
151160
408551
166808
445939
124336
423384
244512
130376
168238
137243
455991
281074
146937
179421
399211
285706
171076
228935
365437
364824
169861
372009
170308
219292
352069
352226
192565
261964
421131
182575
261643
113556
277184
370034
436412
297412
182018
405604
110596
306423
148528
291164
362151
279978
340828
216336
308456
426165
137916
223502
268923
298240
189865
100616
116642
399584
252810
388114
219614
128440
242830
223972
299338
328841
346335
153323
195747
402501
358621
400647
105929
203537
276690
126225
109398
137789
202166
210589
395496
338778
450403
258208
425547
278145
305779
276729
205308
283970
199297
163514
375770
269254
180095
373954
306558
150105
201896
430199
308227
400583
384115
426837
172859
367956
228271
244048
247366
115926
317296
296640
149589
230877
375385
307591
434091
219461
232482
200369
296050
135318
350462
256520
422269
296670
185752
439978
107436
269816
269383
375685
386784
390145
292602
350474
326603
325189
188207
450402
404015
117202
446338
237405
257106
238234
179762
306235
282278
322874
268552
165658
207077
444017
162474
388378
269703
208029
113564
385222
175951
273492
438680
370054
299107
272458
422420
202663
224160
424884
129203
186288
127563
408912
268406
389014
416465
190980
365059
236804
322738
135033
100852
283949
386056
194489
381363
360228
432759
111409
235708
439493
109758
263675
384801
360343
279104
116796
194135
288399
247294
236056
291196
358515
122290
281975
126535
263187
372280
431160
159386
145247
418885
123691
326227
172055
362784
408995
214469
271015
373808
366090
100160
219163
155826
141280
300223
244597
167567
258373
402720
234023
341712
375131
395835
207639
123288
353221
408966
259613
356809
189110
398668
383497
165876
173499
388329
414540
320444
371526
419947
228265
362904
405140
420579
223362
155333
202098
161427
116295
136892
312880
375607
131220
115319
162104
406661
381188
449690
137092
348917
279449
130465
127609
449007
334321
304514
356856
269428
102959
175709
294818
353103
377623
278881
117725
211905
317789
161032
352961
438767
182552
233624
224230
251376
171436
252211
161144
228237
343002
316586
203664
405001
414799
163454
296507
256126
296495
291440
335437
354493
244269
118298
329559
113106
202319
124998
453312
282694
209389
244060
125202
155429
325597
233948
445397
393031
302302
439133
392208
303732
320678
390290
216663
208106
115212
276082
346759
259157
196897
206853
220068
233206
292206
171849
346295
258781
281538
292627
284099
452627
430444
231087
325228
419224
331826
426705
204283
386554
128338
212301
188307
309551
293853
198149
350744
163310
148902
222032
122698
439432
200740
101988
306421
289214
397395
294966
356780
111319
190449
387059
298177
310552
363426
289879
191934
406653
385752
313399
380639
105472
360990
226232
116877
254816
225716
240434
174341
440999
345955
289159
406090
202199
250727
185474
408133
188545
169187
333124
206856
361692
240015
154059
291759
369137
275474
213529
253074
374809
222019
147615
261685
127404
128341
113683
165167
447784
215359
313967
142480
222485
177278
188725
211202
328936
344996
380252
157569
293353
107162
392887
441866
154142
281765
115638
128888
156553
110898
289789
170318
144130
194184
291083
410659
411527
141282
320391
323912
130776
423381
428495
297374
437846
225018
410357
429419
241789
162720
146474
394170
314830
331223
285163
453581
449623
129726
453830
255551
375271
151492
138840
290050
291397
156316
270724
166784
118385
256493
243227
383994
127543
279416
147614
310072
314577
343906
263995
388144
326379
406761
310885
279571
258495
123917
196964
344429
207450
426082
289806
352819
311043
235921
104918
275425
199169
330797
393470
202643
447614
129297
307841
219546
438887
158161
452130
203803
241519
120993
346489
322980
183251
222371
348006
172818
308440
251702
166456
253581
258050
323965
327867
313713
316089
204470
133802
437800
340004
218592
166173
294888
267735
371725
292358
256983
435395
125632
282594
349841
436843
235536
130210
436481
233302
454643
167591
368459
331211
443857
356239
295014
171644
113425
129085
206501
379643
454433
151091
321903
437077
153293
119534
358915
309080
203409
119289
234562
450832
244759
152157
137372
208480
373773
291503
316359
346980
335540
361513
320024
449779
218371
246032
138649
254380
289091
118985
450177
335898
230841
288476
292318
186528
148134
131673
231875
153427
362696
114308
391515
156127
278039
285042
213455
335792
383293
170632
428447
452680
194504
303418
192724
229680
198918
236870
413901
376909
435931
281524
205404
217678
161480
293829
400438
178956
239621
244579
343196
265886
219358
246330
205625
137615
307909
166499
145132
364672
371025
435190
376742
180030
137784
128581
454463
393595
338627
169025
311515
116330
345752
234430
171643
414649
421392
352505
438040
269066
331890
416661
372483
425933
344311
428960
175439
207672
366494
143097
277225
297869
228597
328793
232315
410494
333523
383745
378370
104387
369588
410924
433303
368750
398560
137808
427194
222396
294171
437483
264878
374157
258698
127439
199857
332996
152608
418468
349165
330731
118502
453864
354579
192609
296966
173977
261454
165399
400353
150037
112534
185329
179942
226498
240273
301561
280224
376055
211144
263124
152961
168587
163919
129318
192020
396128
237925
368080
337346
353719
240220
218604
247384
112115
123303
407912
103328
194843
426699
361524
316236
250332
201523
145126
219530
198157
130035
428049
363583
384079
367039
160240
384927
184352
358141
407472
367262
114246
109335
405180
397567
253120
207486
105880
131261
351438
447773
231377
408287
421264
135984
327645
141746
284711
444857
220164
403499
239060
395389
184563
190557
385526
215449
219168
250917
437171
382951
437185
249944
152001
199627
172394
434621
157511
308587
441552
181252
100235
425074
224590
214103
447956
431737
236942
105283
320335
452282
285036
196451
131580
274645
397751
231497
282685
380782
284750
189542
365305
169987
412588
430087
297482
392473
219856
192437
125947
146508
305969
112088
253680
326821
231327
409674
380704
405027
249655
372564
219696
320272
138094
151250
168650
418708
230445
165991
225263
140488
119822
262886
172865
151103
359154
326018
419025
147968
143327
408102
334905
373291
313978
203668
279234
420710
401154
430205
283332
110887
450679
392432
199741
369000
249778
195069
347676
427457
206062
243405
249264
129590
141046
221394
440812
264214
258209
418259
325167
137098
203790
173249
152099
124966
256739
341727
239143
436425
115392
261292
263712
395093
233837
113113
424276
418199
143173
381226
271647
404693
106019
162007
234909
100279
170524
294424
381332
386958
306849
437067
119613
279211
436516
243870
338681
402476
312869
218521
120100
293082
142806
173089
293581
241713
248010
433572
278846
323917
114174
134412
293897
145200
455942
176109
138999
185241
347486
430167
276073
178326
404106
393673
361468
102578
222384
392547
262411
341219
335467
198601
192533
317703
267315
183543
386608
445780
308024
286371
244846
230962
441247
163625
127899
376966
313261
350951
291489
365142
125047
270710
304435
219937
127539
277752
242010
234540
124307
330613
355334
407720
349998
163811
420933
431375
129280
363779
226532
151740
282515
300248
190119
179734
416163
353925
223134
325232
385928
427495
296503
329608
158643
115345
324335
369402
186813
289363
446236
256145
338694
422561
452662
230001
408640
226701
428530
369599
438988
126475
384718
173979
378432
136030
270555
351128
368022
114211
135546
229352
137097
320834
197004
159324
413939
200037
103555
247665
202486
447948
106710
205006
164274
412656
382160
210550
450801
134257
351776
449429
131000
433415
204732
140407
446960
260952
210815
305355
358169
344834
204738
428121
338393
112041
256906
130090
353466
130617
196313
133356
139090
102581
249022
263311
206964
154875
360822
245003
270329
286230
107756
422730
322032
280225
285428
409881
300768
146352
195851
380052
317225
224703
263969
374548
187404
448709
359090
400772
251928
255555
371909
128460
176184
217594
346680
412841
210792
326133
385357
341993
393725
358865
364685
208803
291315
204322
266529
323531
129965
210357
125279
113073
340785
112969
155981
316415
336388
271943
265651
325132
173540
145331
318431
336333
184596
270583
451764
262848
449198
220190
353184
395425
307063
134396
114345
257686
450051
324290
268104
368676
167424
351668
370747
258946
358551
233763
224269
324207
419088
378288
349856
192125
267607
129796
290619
238594
426028
312675
104296
135795
364466
127269
222446
300580
340848
290301
289109
270515
226816
100469
192773
352944
291726
232497
152640
334116
179433
336838
431419
191757
176849
420026
348910
447593
164456
253359
380126
445659
422147
437788
183139
394961
121405
168677
116211
175057
141499
411214
134200
209070
208916
391832
316241
322443
189119
195058
285979
411546
121636
127782
251310
176691
232501
309607
322748
208437
166714
170422
255597
364764
172156
444044
438387
126158
251469
350877
176701
307121
280361
290905
319447
447269
220115
232532
302420
284457
373487
348422
202970
448171
431121
383566
267352
254209
220461
357994
189717
276064
426839
343479
117678
362126
156487
278500
191146
438502
250308
250233
435146
445807
173954
449333
433337
447830
134917
173265
226625
207725
215350
402852
265865
162130
356450
400826
192820
389605
258752
403250
243883
355950
317527
181039
241535
390913
119598
142011
169903
367323
207340
183190
326132
211909
206104
214787
331185
323654
133217
217848
260476
298910
229012
215088
291351
438740
276917
313601
123241
214457
132823
239119
118694
443912
408234
332113
254943
343006
263665
306918
301234
372003
203289
200758
260841
393316
152029
429101
369422
132681
273172
309747
108040
298203
279057
427942
255269
320598
101981
331052
408340
319460
295856
270788
428909
258703
387494
333308
263329
162927
287283
160924
446172
390867
387650
163998
203526
155897
409014
374921
156015
391965
252058
308689
273462
155279
350315
105798
226947
420821
446896
335502
328692
177353
449245
291410
287761
198800
245087
384545
438227
274250
282935
250309
438782
333591
212229
420338
297642
274738
163962
335631
423331
244075
353202
301617
109878
427025
336490
360958
431208
285805
106669
260771
175908
266560
202937
438235
357364
126921
438720
257026
411149
399457
256991
184290
148043
290211
229120
156421
330398
311938
280771
393820
282128
312336
239880
117442
164614
336204
107172
203913
230212
116870
304453
171222
290462
174191
178452
240830
180603
400012
243314
305577
248493
372340
149113
435228
420499
449974
454849
384769
253635
407485
293285
121807
378080
325750
189768
147861
103781
100049
113668
353663
319335
259572
297270
162696
349790
331774
135686
375748
166904
342343
198707
328880
173143
134232
389354
316133
434188
312584
234375
184273
371292
394358
220646
290482
322081
286458
133131
239189
322590
402637
353855
377998
176175
172254
368047
121173
427774
235494
310149
321470
413423
307018
204600
376714
152166
218741
296982
300820
369216
191968
198470
306329
447100
162619
332446
191043
357453
226971
338291
358625
271550
206733
238629
179806
444207
366231
247833
113688
244656
445607
372045
389392
237198
378450
211653
403661
238468
407866
215050
214818
260729
280690
410212
212029
402964
417862
398009
106599
292692
247857
380941
377488
375563
179790
437401
306501
278999
455786
211391
426952
294447
219920
156458
221473
450393
255750
447501
158056
170205
135023
356969
366325
277924
262932
295631
325123
433946
225753
385934
308020
394930
125556
160889
367693
431330
312320
217731
120865
413854
220608
364692
391723
157341
174834
288995
229525
245433
449950
308502
390025
219541
332915
404516
310155
117106
373137
142474
233828
425903
358390
350166
318887
393040
431433
208889
260166
352780
244820
158006
349634
289351
436845
192560
316074
219320
150570
232916
159028
118612
363026
418816
398236
211743
176237
269912
164217
227729
268672
450954
299585
383702
397136
334670
414860
245132
425079
294910
223950
250240
216126
377582
261642
251035
377274
261828
305315
254921
268246
201073
204248
414680
436526
166417
347054
453447
116235
428178
198682
245355
279920
251652
359339
118989
389593
318350
148778
330198
345681
404751
307715
280487
231515
154089
106365
220975
433621
323867
149252
155734
117732
197428
430033
188452
320990
198750
442752
150417
127560
200210
339413
167250
196665
296972
378599
225866
378503
126787
397642
364356
217255
375476
328170
164370
363709
266861
453960
219008
210225
108201
143962
281041
174415
255091
321096
173138
302795
443736
152954
421109
418844
400426
101061
405357
224536
107695
228091
394163
245958
172405
167661
403891
419118
131142
243425
171839
272136
120302
362132
379973
116700
261059
193561
353637
275068
428124
183096
122212
444477
301181
194750
251438
292580
283417
169611
401033
207425
213772
189229
321232
396884
128419
241785
448623
280512
275187
184637
125992
425226
443465
357426
289349
111283
160851
146323
172584
197975
267221
247144
308915
148763
257001
189785
235468
186955
440009
397049
425510
235369
153143
203412
260496
218609
328374
190653
433689
442784
303081
164476
266413
236226
304785
194707
348616
370736
282799
400675
249334
179521
396455
217256
338434
348628
269247
237919
145616
287949
310862
162329
352079
354382
185439
241050
199111
240277
411148
128849
173487
231948
225740
130697
323732
191857
110366
201782
272282
266220
196537
118891
416878
183210
244404
264123
112026
376588
349861
271283
203528
109688
178805
431465
349627
223395
348867
165191
279098
265321
410364
342936
390911
155071
181008
187277
159245
279900
317631
184628
131904
264247
189375
339717
132548
172348
243188
270842
256344
101273
416042
385072
391472
397030
189000
102857
228149
360222
309293
323039
350663
151786
186048
443591
128752
109847
279932
425030
200176
299140
114098
370272
181852
204989
225635
206677
419187
133616
181969
387418
158531
149973
206662
274888
229896
287577
261272
446063
347012
224788
384784
129671
188514
239375
295368
447141
378491
134561
197185
119414
331804
314616
339136
409602
455054
293331
269625
157751
311611
250135
289792
278806
237494
199448
306761
266901
416595
351832
143236
164469
407446
267529
441721
252024
286475
278817
398812
120852
280652
240488
179037
158809
125658
240874
236537
258224
349124
100296
179787
170254
409713
299401
133680
303562
375577
427351
226815
277262
208241
243083
293772
287106
447322
149440
170303
333616
319272
144869
397467
409119
392357
312486
156886
209400
275409
390424
342831
311246
391601
260358
343533
340898
293185
451420
127089
413933
398756
406528
125497
241926
446285
115438
169368
142320
125410
391875
210722
150833
423044
162730
446389
133190
412625
441412
343042
180316
368556
191245
213022
315371
347631
229361
346381
168510
271985
346458
290653
353502
411632
257535
253669
157508
410237
155303
287562
361519
280246
220124
180019
418356
131707
231784
239964
311147
432135
415469
429071
222686
417514
400010
294743
218895
415008
185725
346961
370635
359165
179323
250120
234495
244843
311539
170394
195375
169946
203417
103977
335338
152707
121342
201359
190147
156164
103834
296470
259378
429922
359644
162973
375151
180952
386782
123150
282901
352001
340297
280720
324448
140219
122033
234042
308897
406075
178365
443417
313480
380660
161319
168889
235527
138042
420739
300409
204685
234094
194718
338147
296505
185524
204089
114029
127581
105192
288062
405282
236341
270357
114885
423329
179702
357962
429300
407034
220996
380340
148535
321893
130852
272105
410339
381825
440084
427279
281966
115881
286190
152330
199200
437331
235155
353703
141700
208512
438373
360672
167448
286171
167598
308808
121327
442533
246918
305264
375033
379551
111402
453392
416022
186088
422303
246496
268842
176357
355294
224744
426480
303747
317319
343301
290011
386167
125314
313482
271142
301013
245683
224941
330400
241630
132184
299767
356455
157068
158058
196921
221124
406400
412294
119674
241825
442640
215572
408943
315964
382597
431118
154420
226369
311880
363625
111908
254976
235629
277932
143838
408151
133627
338877
266597
236621
119268
113203
405227
292083
171139
136804
404244
102529
372443
153288
438449
339883
453612
274298
203652
146007
237128
156453
311022
399763
360270
421073
102761
428341
248541
446238
370390
301866
196888
153552
424066
338582
328092
407150
215275
111016
192790
288837
300956
306692
335904
287730
178591
110264
261962
186664
287480
332149
275780
338377
314353
280580
306605
329102
185701
219956
177215
371221
385491
142547
366525
260087
234762
114946
172981
148469
232901
335633
437416
350235
116645
232957
371325
276339
187043
261130
454505
340889
306667
229666
381076
328966
193950
108924
179669
346088
258086
208340
182300
246889
150445
187953
398002
405757
371576
239709
217989
300489
172766
199842
393747
178333
408209
173253
388137
288229
216077
359820
159485
373016
267925
391849
313116
294824
284583
122321
109687
386621
213837
417633
242719
363781
276116
118824
441751
455822
121743
170112
163925
375559
108594
217206
180083
227775
211400
231588
333243
431196
266381
452703
155055
311441
420669
306044
179044
385054
371479
112444
133751
223556
151484
158628
406706
198476
164999
252097
236249
132163
273976
400893
439582
366986
216201
441283
294332
315213
429008
429845
272187
202875
274039
178860
249281
253362
347107
253131
410154
380919
396309
330608
180468
441687
282846
201509
268096
394841
172744
262867
320151
305146
403608
330201
440404
410169
384634
389883
278163
102173
444889
444127
291210
183770
302737
289855
318458
406505
310677
221611
408570
272696
350191
327392
111285
160226
105577
260921
161405
162940
198873
401553
333310
214638
261793
268461
226121
363297
223015
100031
106329
106381
117590
153555
188287
254569
298626
443311
256576
421811
281681
436990
340423
357037
312100
421384
276407
344896
309152
221250
198969
206867
213997
195374
370513
102796
289190
331251
228211
148371
250897
277870
404486
272294
357177
343731
341840
438283
409754
270227
195888
433457
338983
450181
231800
428430
269266
263696
453004
320432
394681
173017
310822
331428
429342
362437
220802
317979
268321
161875
353545
204624
173256
208609
168274
112378
126588
120514
261762
151659
340497
180249
261042
203632
273603
169634
191842
440794
338464
106463
238924
422824
213779
406305
261707
438989
245995
323642
276545
153665
190426
349635
362533
136144
438536
228403
204988
236504
164931
142584
383759
273791
398666
200992
125032
367721
261296
411744
240283
140663
264774
276649
277383
358713
395301
201361
240906
283431
193785
292217
447711
408866
423883
376111
189722
386859
105564
263397
228012
265270
290965
352807
333525
192016
215302
182975
282295
427368
421203
284693
177655
279329
114249
437454
124252
144036
403272
133128
352945
131663
271366
293181
239994
455605
338136
338562
205757
187104
177602
350496
262600
289433
201242
148161
392496
319209
294714
236994
164023
312811
255039
269499
212428
152953
314801
234166
176909
278397
408212
413664
244614
171435
290853
413191
275976
223620
136352
163796
367168
399148
423212
205485
321501
237546
387094
421720
388579
359652
292785
210575
167788
330799
192895
349434
209637
203543
222835
252375
441131
270960
117691
149476
187127
144085
344239
199339
166085
183189
195831
211300
138918
279263
121477
431414
154718
304180
174746
206782
230513
408685
338299
223497
217825
310037
394789
349169
256457
388458
329358
256566
438572
398849
190436
177487
244899
221879
301959
246819
120152
229555
411953
204192
296184
405393
346579
332369
453775
310454
346037
308736
283676
351842
143573
370918
241197
139119
227960
298912
325105
263343
213809
426759
392884
305527
275788
191418
342132
174781
192134
327094
367616
319521
180633
402588
180662
319177
221432
412657
392165
306555
264234
254169
198985
306890
422604
229698
376145
130630
300291
227867
184449
117601
331797
146233
173927
394962
407887
104475
324380
257351
357045
166226
308843
401963
380416
388404
421719
177343
222997
424458
373827
386566
337123
155678
254191
119629
215669
187858
256524
287680
398853
105319
150264
325704
254507
406034
151535
196213
300023
112646
378620
415513
190330
361127
304980
333847
331029
451029
454008
429960
451446
228554
265982
325442
289084
114959
197569
372388
174659
428901
378629
446964
193597
132547
118486
421298
163890
388094
184714
207874
270638
436770
371599
136252
141687
365361
201129
391638
239846
214864
414342
134432
425910
139435
294590
386090
330316
251887
419431
442957
446003
211530
329878
424944
153763
454005
175666
272958
401618
183406
350201
261080
226372
315496
411370
240790
124790
429049
147776
273263
448474
320533
201380
243327
365331
425094
311354
243000
283546
101564
329729
304806
131671
319879
135818
435364
351359
330574
262741
102941
151321
208896
329980
413674
183960
134849
436842
273054
386590
351136
438920
107093
413874
147041
291851
370452
275063
188082
230396
414402
290856
319614
161356
438957
307706
451435
331780
448620
177704
272348
263838
233076
137496
213769
285549
303025
275507
331392
418686
186761
320866
206791
298681
241985
342925
234700
282604
357653
263934
439702
319420
386636
149211
146769
229149
270378
358793
220663
380673
149356
107175
228565
315474
347141
137238
300663
289511
444314
350270
315589
288744
371054
205942
445606
115271
336600
313893
348662
258894
255174
374533
357516
128369
221285
172298
452841
186134
334182
304467
329066
118223
281383
446646
161176
184828
224330
350618
256118
163804
374355
128168
127337
147593
288513
329004
449682
327043
310962
208593
104827
123423
341393
159704
387631
218625
344560
272008
191560
289658
281213
127552
413919
217528
305968
437281
141087
248146
268776
406437
230479
123612
315697
455418
212119
176508
434418
131614
179645
279169
198983
133055
350785
379712
376251
243389
429107
109600
451468
404394
233945
299667
188842
387949
235484
392994
173135
370519
323598
263762
388751
168374
318032
282727
117215
369117
422369
221282
249959
285998
435158
113178
213713
142217
332627
220242
361223
426201
374066
272540
299996
342713
204992
155131
435111
435175
394987
423776
144018
212585
385459
201276
162342
256595
397586
298333
279930
390248
192314
148193
351799
298893
382545
158244
210281
109744
166820
270953
117175
294632
337407
253228
309734
123677
431787
344866
120988
257114
167796
445004
323708
132873
300565
329832
450137
417669
440925
172580
340026
217498
138302
253999
370072
132646
333134
196423
182037
149263
248523
234931
356412
421895
404137
234839
124541
427679
355098
272149
232491
187604
171682
316873
296650
212051
281724
437344
187362
445136
132816
238517
225735
251803
282530
369018
357972
371844
296004
138675
361393
197940
386779
432012
329277
268947
126711
357871
259868
170240
281242
376888
173504
254706
428348
201108
248205
170626
358187
378095
373146
387499
167421
359900
425209
353835
219067
221826
323630
395001
373266
118248
190157
320898
170332
170737
318545
210245
114919
377887
134902
109894
269007
174705
117096
257258
195402
279511
303228
264170
417958
183894
430764
430485
183250
378754
283777
348918
364677
301266
246341
111674
175254
456143
167377
129603
218838
369500
344152
195555
160509
227827
328168
245321
207995
374057
199203
341894
150390
236297
182360
247782
204637
339540
150747
183884
300757
256165
444928
180915
378863
131438
154326
236968
440217
135315
412452
155969
263425
357328
140979
345384
222258
235707
229463
137147
336984
102931
156520
418645
204009
328223
193367
334553
381036
339287
153166
151105
369473
381502
169508
157029
255064
271916
147582
381831
404996
233321
424718
160936
292431
386703
406882
211760
422915
142716
325071
107633
187631
449588
400028
443878
418190
125893
254985
340100
244610
234088
415051
297596
374621
346186
126587
269372
368680
442465
205615
137748
278270
191274
224544
401784
212967
235267
431617
374735
434403
379658
249506
369997
103194
310533
158606
162433
387259
407989
366218
404895
248447
217313
271563
273059
145326
331235
175041
353680
145020
105209
440454
199500
137520
335694
359084
442923
203119
187920
401168
259628
155781
335951
447360
180154
318299
149606
391470
300401
118040
229187
367777
120260
401590
210658
450958
364453
177774
218696
344200
230248
199630
211893
229917
196013
400705
303600
295352
411847
207498
209021
429793
271672
442906
147984
178098
175112
219732
145194
166333
255411
421926
211231
340154
364608
254124
425987
206753
187943
115083
281533
238722
320129
138993
413653
420751
219427
249055
110643
130355
206727
304214
343178
229635
272772
159848
426754
380339
109752
433521
108190
364871
189776
137732
270785
434262
431829
359993
360627
258106
416967
310832
409162
233231
227123
247928
183059
439517
357428
217734
222953
246262
422261
450091
442205
316798
159820
390190
131633
416333
288406
381451
155933
194671
130595
153956
205200
183205
214190
349277
362254
218218
204545
184331
311408
255893
373043
387127
216244
445087
213361
269598
348424
128930
269606
292408
413740
184681
156417
304592
151841
388931
107508
123945
228310
249364
431226
380814
436040
237467
276300
118570
147831
107428
108358
446213
410803
122355
297523
415365
140611
118505
253060
202377
363064
313150
143416
160402
440869
286645
256586
376390
308790
301731
409279
125262
102320
229257
307862
420245
125306
322312
148368
340684
290316
414173
422674
324729
244332
126117
399695
242396
278075
374047
257048
299652
393796
154810
279398
348968
313806
444767
264641
439214
348658
157705
233152
282195
101989
423006
145672
358386
265698
140713
227887
100286
213904
251865
184987
363169
266317
410639
117945
448955
183659
141535
326548
347148
193412
423380
335526
242173
262004
131350
224075
227581
443909
187086
408851
278069
387229
145409
420445
391512
254252
338460
421327
436414
264589
140371
400348
434605
154273
193889
421949
321109
233033
197331
362325
349662
151620
319972
232960
199618
118097
259605
129192
293805
156500
403864
159456
177540
364255
114437
346678
456176
193234
397725
425250
242303
226324
358383
209334
412401
334036
421805
231187
222272
369358
206069
294943
176903
125272
132758
235286
274526
347959
215858
289636
377465
413783
402299
445084
207576
266716
283319
224650
370156
240505
431506
105632
152426
319231
363305
229891
280016
359457
270116
424504
392305
101531
135427
350059
173026
101926
313610
354231
106579
186611
161695
262619
270342
127713
441635
111722
374690
382777
330543
346412
301403
302838
130315
112503
155475
254300
434888
149598
132354
116146
281004
115593
330798
325093
413782
346199
155356
444108
399317
173309
196697
254151
415022
454402
424532
214694
107552
131028
129486
400389
213310
387063
261370
354541
219172
423379
388268
315676
443341
132088
451797
425098
302909
169642
196932
137251
190038
193994
362623
267909
407999
153174
144539
208007
238784
400816
255331
204692
211951
385836
436830
383154
438289
374333
170879
170370
250111
137686
271140
283114
362371
115514
391636
434266
112062
193765
226644
287838
258382
242986
234123
110050
389453
215781
245231
208918
159046
157390
184188
123782
300494
271658
221844
435721
217186
306056
233225
216513
347868
313935
169270
401880
354620
260384
366140
177362
130568
345337
303342
190385
428734
270247
391731
149009
339438
151107
190236
115353
124568
204029
242020
156930
244630
453335
152198
231698
243311
401391
344123
270464
368940
357347
223392
401437
296488
148385
414549
249721
163891
278611
175256
188473
138504
171045
213979
250828
290673
286775
307503
393242
453736
201329
157589
305130
363750
441036
404210
256518
151916
105269
420149
297462
230174
344310
344564
240883
237876
237363
116625
413811
323412
186000
257350
126764
175104
294659
312728
108721
287816
278467
144371
159476
169785
255085
393486
171072
192769
221616
247257
342694
260383
202251
402154
156061
102937
395618
199078
294210
222569
152960
173784
146909
126725
209065
173997
387791
107489
277210
204974
160728
