159744
308979
133488
356280
431392
217108
342343
324700
101993
385402
294910
134444
315147
299701
284325
358002
424529
101954
262071
142069
169935
195564
227218
117630
432016
302489
364158
160344
431870
350811
103582
426797
269418
100500
370732
415060
112174
427864
372889
165493
152038
441376
452905
274989
448169
111471
321206
186476
405110
327014
150899
451701
260169
380401
279824
270804
454078
115602
183004
291075
190494
447396
336094
208207
154781
409189
395052
454468
218548
436450
250699
156792
320899
231062
400324
240100
233231
288387
269722
250263
372246
110966
349022
261655
307952
269901
381188
175579
382210
161029
213931
246036
344233
261492
238647
304869
292101
291516
246109
175382
364962
416178
361551
330773
442379
109528
315214
194421
291720
310610
369999
293081
222654
329773
414327
182843
226712
399567
139119
384169
364895
122899
312129
347725
183447
106857
267353
289434
131094
363758
422918
243656
110388
213381
145295
449019
156520
409719
454423
409096
446721
438678
118195
298881
414755
219053
183964
376621
163512
377927
166699
249591
391780
296809
312960
438057
397318
247523
298944
406226
210172
188597
186583
175356
414439
179668
241925
353540
302251
455158
192429
385674
450901
366930
226594
378652
206839
326899
122345
320354
250293
432611
119343
385178
352702
203795
245663
368378
190559
372608
326569
286080
422674
394191
380621
267658
298878
450992
407945
341933
128928
422591
402906
346105
146935
408345
105084
157064
110741
147021
389456
300895
241659
340753
323982
165979
347547
387693
401259
412212
285340
371915
401464
375413
389788
144621
455180
383325
225307
217682
440345
330746
113303
316414
110124
146734
297282
144500
176824
172809
446159
247895
231300
265857
386491
371305
360855
202806
172459
449226
253515
253579
217702
241789
303878
400328
304146
222746
287525
343755
366830
171957
279930
401782
111386
256092
290679
222836
168213
409709
233938
331434
317957
436075
231896
254490
172293
175848
343303
217543
139582
333294
394707
387496
397531
382770
411693
353202
419587
422149
252851
387334
113778
353324
309795
170895
267915
152451
422893
153015
427316
155798
322179
265686
279747
129453
385723
184741
233300
410169
352265
284388
117497
402170
268176
256984
375103
134665
444464
397676
128149
416613
416593
388332
120331
234893
265755
355150
192621
204584
339702
393382
329598
334480
413066
250244
392648
439404
192884
210904
408401
327337
360793
432245
148238
438686
259515
435403
301317
206244
416820
429865
395241
205377
235360
106100
309307
426361
204089
134170
298749
229497
295184
373763
372189
281273
440512
115072
259486
272525
244561
181980
276621
278740
366528
162409
335293
277888
223149
153915
378118
201073
113590
346780
184560
287562
323561
404693
186035
172669
394498
239700
139365
128159
370304
376413
252119
219782
285353
280561
229544
260853
262007
394882
211426
336703
350145
377703
335840
391316
285336
446063
344596
387209
277247
128126
401632
143798
293722
292686
454219
102474
349188
240978
233633
205007
111941
422584
364951
215489
195856
158019
124677
173672
244755
434211
367500
271754
247936
123504
312376
235885
120377
102691
167822
322689
345121
436400
137528
183487
110099
156288
302808
453461
180789
318606
181448
434113
415510
359796
208291
397886
139036
134650
401907
153342
134228
252627
404433
125253
377575
407999
272483
229505
318761
184799
419085
188288
241923
381278
342035
396419
423689
402316
392321
453340
243513
219818
157721
370147
228325
333165
372499
321847
137400
419396
339417
285623
325515
120902
190139
120932
210285
307214
353684
264135
168111
406241
235817
380679
138671
319502
390466
316003
147262
243123
361120
442752
194479
186161
396778
111200
369833
422973
335898
194639
380563
323444
430871
338992
276046
342307
114674
132280
193361
247838
123957
324791
430458
401423
198162
156323
262924
448732
346457
150263
239000
442632
281723
114784
252691
248235
272849
394358
110178
123960
287703
115651
252554
442591
420119
220359
165525
185025
337904
455443
354605
181993
145375
373219
406709
318750
308653
204124
426332
242937
127773
354623
384242
226541
182420
114722
143626
304646
170693
158958
401516
421937
331896
184594
384329
321105
266701
449257
407425
330623
360216
260121
440612
403942
401489
233801
356300
418212
167162
287209
286031
359017
302853
168203
202635
267158
391967
381890
155101
376647
273504
224880
130280
233320
336251
351606
122700
319479
369327
383588
371847
268248
247218
206217
252467
189744
178564
194873
209226
119317
357517
227102
212302
267733
171878
385380
185323
302436
319783
198827
248984
217571
402999
239054
369101
344478
106437
202714
321682
175235
253090
190621
101900
393085
295593
206017
245799
197394
270747
307062
223505
229621
261335
263426
211924
216712
407040
293016
295827
161599
154743
375817
156279
198570
149987
228895
225831
382309
184863
451851
334115
423577
330879
161697
450646
346716
225421
294068
178378
249007
258170
387505
219244
133743
186362
441019
306118
152639
272671
405169
203521
416758
206754
308597
340437
134568
424701
378761
109756
377808
136998
444105
227278
381597
306178
262146
131929
330305
392859
452485
454757
136125
302416
270908
196345
443573
239544
125412
295289
348856
164026
274224
169391
197642
353947
163772
331863
329926
111762
269831
441922
162954
372497
319469
156401
115883
318723
306870
253542
247841
447428
164749
236131
278581
165964
226628
306661
369014
104835
311669
217128
309224
235371
271114
203540
247257
136363
195796
427443
346994
258689
383213
221591
276395
413893
346705
350243
185088
297905
358393
211168
320409
272074
444963
160949
416284
113584
335836
315806
163323
119188
398649
449587
133458
356271
182347
260567
126487
100846
150243
417482
167510
317854
374454
453813
363434
240556
123443
341486
439032
224662
371885
186413
364686
250482
379351
338637
155891
254878
273446
435873
257091
331062
247329
113448
290063
128968
215938
292919
303909
142782
404023
373052
271816
186992
116714
322615
116337
143943
419581
210455
129491
287316
317983
191716
224267
192147
177022
332804
251090
427452
335390
236978
172957
371409
327786
145956
276022
452631
397103
199061
346811
185738
233043
109532
435483
330818
448636
121293
161018
434105
159328
452423
411582
261461
234627
263191
117117
106042
108719
143768
330357
146766
319871
123594
383078
178773
266366
143075
124090
290234
201459
166924
302112
101563
251745
177233
289842
257911
273165
385045
413641
350112
331500
168281
182833
335868
363574
315424
373078
153974
250952
248566
245736
201818
304331
274976
284436
222841
100412
116303
386621
302564
371921
226800
278500
452450
380693
256670
208653
405938
275801
378157
333704
452198
137296
224143
271341
385457
453858
287500
119042
367016
254318
369941
421429
270419
117253
144606
359130
154273
382418
231271
110050
242298
201000
126317
220605
363246
161585
256307
382439
141844
181589
373395
222727
294020
356792
327315
124771
288610
439500
390196
441307
450191
446010
114789
240487
102615
263212
110597
233469
390763
207262
426464
285164
218561
122162
318279
337714
199031
336867
313700
366247
203712
252882
232434
247113
284932
205243
221348
416374
153950
157365
450948
147226
267500
203532
382423
289981
189321
172712
186457
180043
234722
229756
135677
111586
110068
268518
387137
240156
419298
158713
341675
136892
315259
451573
210925
124180
210934
372139
112470
395455
295023
410939
149183
291362
381889
211721
141017
240033
242154
125545
319241
258864
268688
333773
318903
377251
345932
250830
450161
440200
408110
274417
312805
178670
445585
102882
422890
251458
103875
226804
442927
416332
130313
354235
386383
257112
162214
155792
142123
231966
164829
301513
177289
318941
336169
241835
414435
322545
395103
205082
229670
385488
443458
249182
428694
248133
201236
355647
233579
200828
117678
300799
155128
431462
256097
296752
322012
326035
347268
141567
258322
240173
322721
305778
310868
109623
442270
159137
326772
112361
206056
445480
252171
269156
454747
362292
286907
383882
246486
210790
364871
173871
221918
376358
279298
262780
182261
170991
242542
266450
186688
426167
335290
414301
253769
389365
303098
220920
336369
187700
378534
210128
371479
243098
119286
127104
279912
300825
431911
451188
422522
157521
216382
182346
400902
430593
342017
155380
239034
325666
356423
345215
291956
229247
361755
412275
443115
334860
281851
206663
447940
455345
318776
369696
331726
260067
180071
251388
373724
348329
430497
143875
359747
178354
278466
208314
435038
268061
364905
119835
360156
285546
231272
400885
354415
312450
142260
156493
293664
217051
268116
331463
281179
117517
264619
431594
242031
132735
437094
100176
319445
208447
313954
325137
110321
440369
374256
391652
378215
187532
117522
287947
436163
226865
396890
236134
197117
451911
199665
450013
143619
216643
319321
153473
293396
122654
436844
217879
205704
118117
246476
120436
174265
138250
215340
137552
187604
394031
133032
418708
355140
436737
314814
312123
235206
258149
264000
427470
438672
104348
200735
425871
193164
448092
168377
252731
225025
189702
389023
185268
313967
335583
437535
382453
291816
109493
201133
288192
135767
141769
109750
111232
189764
183491
249385
265795
305262
225476
215684
357410
245776
214066
114793
241966
102324
344254
100313
311027
214245
201731
445447
150344
413412
307885
212810
200176
167823
137580
207765
172167
107031
149597
434612
232269
443057
326338
412719
275231
345669
447533
391252
289715
137386
191162
387033
127278
441784
160160
378950
237613
276228
170576
271916
182526
264983
147724
353659
367737
134702
172273
333655
368359
331258
333638
311554
327676
183617
247344
226260
202529
226999
284624
132685
239076
348817
123982
323423
285163
263107
270492
176420
177389
378385
456105
112797
410827
311212
317802
107443
260032
278611
393329
455529
402411
182115
140632
250079
240227
368962
396509
200439
188132
289444
249483
324380
239435
390072
428031
300806
152687
216657
434576
388378
403622
403170
334910
107412
210542
194680
339075
341928
220899
381934
164742
107764
423705
418440
209473
346640
313197
108134
279886
179700
343617
388010
222583
343753
225465
185413
348782
269689
356664
262438
111280
184417
150805
210929
234218
196169
179250
235112
411774
441512
443892
412121
299905
128593
196576
281788
165459
420669
347259
366514
166939
250083
358109
181513
139219
103058
374647
369358
243602
401813
434755
257881
434203
162550
240842
146882
348926
119809
175625
305712
352588
292722
182729
101084
322357
437272
320834
180468
330478
416614
166413
116423
362311
223980
335882
304781
396489
213419
158659
211663
190221
268296
443302
450949
120073
167611
417361
289731
182817
163072
449458
405558
294696
170369
125825
285508
415025
443508
245301
216613
253599
391976
247197
412449
134730
419930
242101
149426
285086
377217
253345
137970
333674
327745
184137
151495
404110
234384
182538
239933
229872
298815
406145
190256
179360
103407
366720
318409
447851
289194
261583
342725
371410
234533
230894
444951
310991
225793
116966
374809
372307
104838
181261
108100
201270
147435
314026
309487
277843
365268
166343
450604
239149
231176
213618
179921
176007
384004
232519
140066
417803
343167
401810
244451
438736
120714
412130
228662
384898
370820
236924
315551
306280
372209
245459
380903
302239
311081
436951
113105
203681
427227
455651
218200
393121
426349
373187
156694
280000
106725
117235
310212
307342
208656
274231
451959
299786
291377
104565
141116
283378
143878
110408
156056
241215
262964
211705
419712
238953
247249
126735
306154
186789
436073
243410
375423
187374
141955
266021
146517
142152
402493
154710
307617
396363
137566
345145
343828
266599
167726
312272
313371
327667
216252
270224
454590
451684
198223
161579
381563
349148
108898
145565
260895
249561
212627
202003
432268
369447
448583
341440
318001
240259
334615
147361
149112
367438
236738
212330
170524
169979
306903
268858
310357
366519
108603
344505
308178
223387
216831
453472
449459
342746
354008
222534
284177
166235
199209
230558
182760
197146
319201
393800
250935
166027
105085
273037
415998
367039
153680
401884
126208
214806
335917
189142
229849
254430
135952
219689
360425
300132
144931
226133
288355
283275
328546
326206
163685
388637
318128
408229
151006
384124
183375
214772
257162
311175
381849
255338
199309
314110
289973
131875
177912
427335
159901
326933
449597
281963
234014
367943
441516
137077
398853
154765
388981
126991
200022
340027
143987
373269
292652
292932
440242
180920
295412
234738
364351
338614
301732
361531
159501
237239
188488
450485
297127
446161
197783
132873
160289
351379
100590
415760
135592
206459
114697
162612
147639
115045
380604
258748
288972
184696
438743
289960
351709
440568
259667
276418
167040
390957
154594
133467
347215
138769
290341
320304
190402
318111
133016
279632
278485
117671
208080
271338
267383
207493
229062
180245
422797
343846
426100
195524
162336
180084
186225
317377
122122
304404
271717
328259
257792
348959
409884
443446
112300
206162
332052
164155
164176
414949
221238
112715
123177
158341
198923
218645
342407
281649
440967
452440
301256
214183
400726
122695
427766
252559
208049
192197
168660
401058
241958
404650
294488
239744
315583
160355
314595
114254
399208
260501
333243
334776
212797
400196
378590
396382
326228
166953
232246
258596
411929
108776
362183
108014
452580
324926
379749
304020
333894
263363
183236
414168
365472
309655
303274
360246
172647
390505
136597
246351
420417
229078
121145
350235
221109
278037
162034
109227
437178
433506
110890
181244
184246
398403
411199
336336
337522
243316
222376
149085
338069
201208
351065
276888
388634
155512
299054
412400
278104
362189
406096
167474
445902
306586
317507
366140
102956
187810
197810
350244
321489
433457
132569
118861
273286
186221
269010
368468
386738
231687
374335
309636
251784
142891
403894
216166
175432
213037
456179
370569
184114
125229
294367
202456
315252
188128
406830
246725
392661
338952
453293
294119
433040
131047
336037
148078
451720
365915
359521
148168
115487
103852
275359
270871
370800
430325
188553
371990
388734
242704
387990
326617
295897
365725
431626
431687
305227
371238
224256
115997
313855
229592
181297
352631
102352
339290
293761
447703
402580
271063
404719
125345
276187
159188
320222
452261
110506
410844
298867
209215
203707
299423
101208
123383
123410
190551
436820
277773
138729
451829
376391
336809
274170
147790
294479
249342
178834
298694
211533
391051
235204
191112
205582
422651
390016
165695
104944
351323
151260
444689
162585
156650
136319
137169
166982
401105
406621
180704
116834
154531
446691
180170
298816
275701
336126
155070
284922
227786
113876
367921
396135
152015
380782
199856
322709
443358
288097
208648
178980
119764
204284
310286
163879
230987
239363
135555
111274
176622
277895
395300
211339
169251
152961
124995
201735
214168
130647
205586
323360
324592
442850
381372
347878
285620
356216
347362
134523
262419
270805
202065
376749
442162
194129
273498
200627
133613
392788
105460
108634
416235
257945
428838
412614
314009
185015
272979
311467
347055
114725
348021
329187
430069
119530
389570
305930
251456
321305
126725
119234
237263
374448
376784
234280
160268
174643
135685
137308
243701
112876
334437
188731
417360
247871
273812
443155
275911
379741
176952
305087
263920
206053
118709
271827
227810
274149
148742
328495
107613
119034
273890
373523
397450
430283
388165
201824
150779
253565
185611
392832
355134
215044
352350
203969
168467
246237
169731
219745
233690
249085
370184
265915
226059
239675
226631
162538
330001
183152
399531
194062
451468
431303
375748
453012
224930
292554
314696
294407
321835
451623
168975
261172
118687
231239
230574
349384
434998
222789
207549
225844
451475
149735
152157
221830
113545
184312
153978
173877
171377
108444
228776
375494
137147
265358
239477
100713
193859
294512
257775
170472
212447
108886
272988
211604
197996
192949
388728
161220
389265
128547
372445
288427
139101
424097
383489
355429
232154
262215
352628
146040
208967
199814
115890
391228
184649
344594
173945
146117
217336
255880
274459
306406
337123
144426
318400
104358
239655
123964
284972
101742
279474
113825
310061
220847
239200
289035
146230
204257
239593
330098
140626
449393
183980
182444
195141
272108
367079
330825
372547
192180
368237
351707
274221
207657
185615
319702
377845
158009
310986
362013
116534
287389
113781
278911
405177
122489
441054
390867
245412
413018
174015
167675
138336
271223
368278
215055
192917
380142
259702
242626
165498
375780
135703
215962
321762
324232
363481
221104
363614
170165
228048
113478
170003
320076
395228
166241
270507
269606
178952
114366
291988
371273
354523
165163
348968
215542
435200
165594
399999
263634
271330
303981
243725
165183
277106
279359
342033
138041
438291
206114
321472
315052
198534
364385
313016
418737
188623
431284
426101
359970
180659
318518
261529
129428
399695
225708
389432
364317
355627
129815
265201
290149
125201
297700
154214
228419
209884
150610
404911
393319
250704
213065
271596
362591
386543
103394
443422
232354
292924
105360
219431
130036
338866
445797
342124
396339
347804
440378
378608
189286
376103
210541
127380
102764
166179
280016
193109
352784
260410
308578
279321
371227
236047
443764
352485
374974
379856
134232
444282
131320
396997
115768
450669
399875
197890
250302
137292
257072
107707
174707
176474
229837
257656
334133
321754
309270
361388
264427
286776
386376
150985
302359
102818
348393
106409
169125
159172
191349
294357
246540
248700
401975
147836
417229
398375
296142
217179
387546
275813
332480
164726
378645
229152
242628
193348
344833
303239
160885
265005
325675
240704
155769
293322
145226
298376
260288
196140
344779
153989
225405
319028
220017
162621
146321
320498
339087
181716
177160
390559
306880
116435
238994
103709
352724
337540
374578
221470
300755
217274
104000
427534
177836
218875
409907
155289
145253
321324
414710
375705
280221
227201
294949
124188
267076
412500
183146
320444
419078
358761
366411
109692
141541
179885
251188
425859
453769
392637
217523
357134
209221
159848
334928
118990
326273
242933
443981
390397
413426
138931
344251
271495
101812
215544
377019
396822
311643
428481
342287
286755
192850
138266
194634
317234
407571
384336
100782
348550
287798
238297
172844
384938
238351
363251
230619
247019
431161
288246
264868
215070
181443
218240
122877
214480
130238
206391
196287
368123
232776
263995
303304
422968
315523
127934
200141
142046
118391
236652
160516
315039
292374
212843
192697
358369
373332
308576
112569
420393
448174
262932
342183
438589
169954
206232
157780
322526
408326
157467
291286
285848
186532
409722
401241
336254
170729
274866
269368
366831
113600
374363
392473
119063
407380
379815
350373
353171
285075
262858
269774
173526
431196
305566
359579
168659
250413
423920
160110
278125
112471
148060
339725
172733
142509
161808
229292
239186
195483
430427
435852
227070
117123
257207
299923
335344
187333
447451
337393
222055
366281
263118
199157
415588
314204
167300
223950
244360
312516
393648
367795
446804
386103
375343
332300
261991
191038
389161
282029
262940
328243
280883
147159
135239
254274
228337
180328
135712
229158
313399
205753
315103
123779
177116
180921
263511
455176
224747
434225
405565
257909
266899
373558
244787
190020
208158
141742
214367
414907
216106
320586
416468
227098
155739
271358
398674
393408
112705
156419
326183
240557
148003
387624
298137
280232
448253
155033
104902
447589
111113
309322
450909
262526
137769
278658
276494
377752
411109
318146
452044
410877
354499
234401
449686
261962
118513
102489
320169
395879
267399
146390
165784
328233
116108
188596
334943
321687
310679
352148
125386
242263
386427
107521
165420
237961
273340
415303
380701
185784
248361
111354
376680
266306
336345
214115
150332
212591
258337
337745
256860
103295
415317
450359
453499
256321
354188
316633
288072
235596
266861
437783
421085
202608
261057
242310
130822
178681
105940
437194
381800
205644
454187
237674
207288
160128
305073
344181
225942
115468
278306
255284
388918
122732
134206
112477
123762
120489
378231
336455
407301
359413
305361
136792
416044
190721
348616
426701
248828
337472
291749
174604
328709
174789
254891
148710
101889
252021
334516
146719
137474
189085
205614
227515
218659
336814
422700
199545
222047
164361
201183
292420
388314
364223
286103
346659
410484
317124
129153
143685
279745
346473
430855
315191
407824
308733
325723
258956
229359
220766
278010
382498
235104
402634
151249
432564
227489
449786
447499
240981
393217
223207
201119
138813
448355
335785
276808
293848
320662
213607
377338
141312
421104
429058
320589
314393
233209
168603
249251
436704
290021
232185
410540
397418
189668
408922
136020
431790
128023
430472
107160
350510
222732
213049
421489
245038
337351
176647
394595
418484
276183
428652
153876
220264
312001
437219
128988
347837
365963
225235
196392
214578
298695
259238
274340
173985
404541
368833
227771
221002
328454
298083
418962
440997
349452
435442
236958
150470
120589
266085
156591
270192
132675
188636
375713
134061
249786
241106
335853
272976
431884
248862
196686
323676
274628
175318
328183
404031
442403
320868
199847
210932
244968
178374
445010
163382
442749
392536
236895
198310
261685
242073
142196
144480
208525
452243
124910
416001
388286
252624
321056
441628
103739
379436
419687
428667
318682
283102
166161
356550
299009
446883
145532
413537
190615
300482
449846
348466
243931
446261
377276
445745
315908
440704
298733
301076
157273
286385
291006
315059
207128
196617
396929
393313
378394
368698
365173
194253
347146
203126
225419
334443
190430
422440
300532
442993
421849
189624
256220
174415
185849
406558
372734
210245
127986
446368
300594
200840
227512
420162
429868
260382
221298
191181
445522
336009
262176
371863
382101
152827
134667
293657
391704
431035
333130
419425
148360
119588
221112
439886
103140
317849
415004
183493
226283
179506
174402
400431
184796
379688
224105
380505
272614
389724
384145
377885
156839
291078
297145
202191
238110
261239
122457
266191
421212
122220
389152
334673
416638
215808
246071
322186
315722
169646
121550
262744
292220
135831
195499
409546
282406
447393
119969
267601
374885
272269
429203
346125
287680
171950
233916
426785
227788
194888
252795
232679
332058
112370
262808
331754
177471
394028
246235
256042
236142
361034
426771
325409
123002
142586
390102
190416
256216
153663
244667
378515
297979
380177
233084
232444
330929
161077
408111
319823
119373
190853
107700
244921
244680
313769
385565
336845
176851
254373
369172
395613
342977
451992
406997
226710
113658
363169
451120
213417
202963
422694
433781
288429
341140
383120
391407
148528
379220
372322
425069
454342
247517
171215
240856
288585
327653
214673
363368
427970
157646
352449
209768
269390
407115
241844
134189
355452
197954
375776
215514
346327
306141
380707
198554
382090
245473
233640
379393
382442
308449
374746
149227
419496
225774
196608
232158
120988
147973
318290
245592
305780
356924
163619
143852
196894
152041
178949
432851
265440
283838
373925
385980
438710
414571
240616
119264
270294
124629
321011
239419
240749
109870
271618
443000
398011
402223
227329
203632
260243
411442
100478
214500
215568
388282
216547
422390
450422
106136
208699
455726
361103
254686
102750
393210
292527
105745
164250
363994
100430
323151
372063
264373
139445
225635
281242
255931
275101
215420
106518
446383
133325
182282
448595
135772
307056
350793
144231
379783
271768
145387
235833
174378
357085
299873
416204
348194
263311
223108
186222
348565
191755
404383
382125
131754
298453
256660
154056
404264
415012
103101
450408
390304
244190
360651
158846
326705
284062
397599
354383
114863
193043
312704
434241
348618
305897
119133
423942
236456
449750
379728
284860
222610
362299
290346
192293
286273
205109
191253
193460
331098
387418
324216
298211
378544
283544
110426
203910
260770
162929
440194
228395
221989
403762
401690
228968
430812
176518
254519
377083
265060
413662
221590
434099
232402
215365
412939
162155
231470
137126
319861
423841
388291
415313
425375
385434
444349
272999
152965
104219
281897
417017
218563
427219
412441
109253
220577
147000
427339
328605
118639
229794
351400
308061
283622
242010
265631
456176
380756
323342
362334
205946
383290
125655
221936
302538
119406
217487
367042
258106
438941
263017
134105
170104
408929
395882
447581
106468
311253
374497
367001
430347
338356
292368
279170
173395
421870
254675
187362
358811
453063
291539
182892
206544
262361
318896
240691
311940
177763
262885
143213
210186
400181
388531
206655
392748
395717
356505
283926
260250
119781
433572
219980
117964
116762
254378
154280
118372
437742
126498
425687
216225
388490
225007
294149
137186
384879
248589
432838
399308
282630
120772
139639
368671
331446
135852
286595
373061
231905
147598
319854
390059
208145
157550
262306
225450
449886
263796
305581
339191
271122
178689
358245
325402
111591
144449
143049
333164
361102
447061
145017
132727
217481
439491
262004
416909
178097
300395
150686
119307
392313
182976
440062
132603
105054
283302
136424
103945
200678
248206
134768
372916
141042
192426
112607
155889
391510
370138
217532
367917
430561
451159
151904
412074
258691
308954
426200
321978
431741
332619
298990
395041
279149
130335
353242
395592
159849
335328
400074
131944
192027
268029
248227
246961
170993
324874
264105
112791
304033
199547
302931
349799
130394
433843
435897
117594
305457
338940
157223
182603
307855
242472
184042
309482
287404
199050
290607
117514
201548
352774
448943
380043
191592
288228
444723
279027
222317
100470
353926
402768
260284
296991
221592
214781
223906
243295
265842
438362
411150
345561
403208
147412
442961
182825
416174
163795
391989
375523
234988
328477
267395
276559
212446
123169
365898
284043
263808
174459
309258
234129
240143
293766
117605
129341
284334
447433
203622
317924
189804
448964
409534
157339
210996
193459
246993
356608
187614
456014
123248
261565
154910
322206
291305
125173
176724
180609
122293
360995
263888
330543
218798
368122
330115
159976
172315
142480
155363
145364
334084
152384
182969
175728
139339
333512
372005
189954
169811
288639
169636
247643
133931
409847
228204
274705
110161
426353
265809
211809
116143
355658
344417
136695
153131
374846
294579
353875
174650
234041
132232
107779
234293
296910
379562
158853
318048
320048
389682
125707
410850
395294
284343
110600
305741
386322
298371
385774
156337
165993
208381
337951
314120
144348
246917
138410
163995
232569
379865
295486
396278
243120
398822
249475
353985
111147
253745
406957
142723
248940
172755
206829
147743
293046
248387
371666
333954
371964
405665
113512
227090
281305
427351
344301
366338
382192
414738
134100
175013
416622
423353
388338
338499
128594
296831
322106
309490
113168
266423
164785
164705
301418
317306
448737
415242
191830
244038
438227
308809
338536
192560
332678
162417
179930
417527
167195
329661
238559
382828
196131
122498
109569
318974
227356
303621
387359
360173
224417
343714
416974
352610
306239
148184
122927
135228
114636
322133
319273
408850
104484
348483
451344
113442
268795
412484
370268
350245
359543
372220
125322
361547
380099
411967
252717
320721
102307
395288
313015
347551
267291
221588
316774
452403
312783
273392
201223
304235
194540
293660
241946
256657
293979
153880
168231
250039
263447
257368
448383
149535
196770
356900
206340
434823
455985
105759
258142
324905
352518
410371
299819
206694
120525
229571
286531
146258
394713
431920
426130
119812
156618
116376
453815
176903
404827
304359
441449
325074
452358
306039
308223
327526
293139
192379
424665
257435
404976
135520
338977
171851
188496
304449
334421
237832
294404
315017
429927
437846
412281
190385
390301
261137
315279
127723
373421
146461
389188
168378
377060
368985
245995
343001
344495
105354
432138
185820
402422
356296
141210
290067
380587
113243
265632
308104
386206
220321
202815
109338
338848
356109
371498
124279
349397
399920
271660
137874
418068
264915
229469
358572
297293
275332
391466
286301
172638
380124
270902
187228
315036
348111
305904
335780
320685
341016
392488
453306
290469
319477
184460
154177
440700
347328
397934
116003
411128
118339
393767
197661
256012
442596
320477
341540
267750
265347
295666
223047
340565
313667
108972
260855
231911
358638
298233
201348
172908
273554
427981
361230
192769
360672
102809
125976
336728
223010
249132
351145
206794
312993
389110
328060
148890
281128
184434
428464
219303
451207
412583
169314
268160
235195
187566
209933
401662
435370
262571
221970
260717
320766
423210
157270
296767
395865
215677
266008
294325
177246
368238
119700
186822
455351
270240
323490
310677
452683
184479
168221
395522
343213
424460
251653
218672
168445
264223
314628
214162
285347
245941
151087
410861
360836
334126
281081
371488
117901
366472
353586
448668
275577
124182
299034
398616
334553
361807
454516
387260
394104
411993
447681
242341
160770
132048
345122
167563
165945
312540
363261
182584
322810
361930
121845
198810
239926
105613
336202
383550
167678
165909
284859
246697
221489
116310
263393
123058
350226
424819
173406
454724
303897
378147
228316
398702
371138
242291
237337
284486
439358
435288
172128
298305
394989
257457
101761
108726
380048
193762
395298
332467
391294
213801
131741
109948
241560
265295
299192
162463
383735
428062
184251
422432
250395
233439
421945
338858
349840
155439
279498
394937
146686
387089
405774
392494
379282
243603
361677
312508
153125
380504
348601
122767
399278
174109
299235
444647
135618
252626
349336
117857
147204
279661
296530
268038
230124
395691
171645
433088
107314
170828
244334
295791
117192
357932
172275
117279
412046
321442
315126
369561
379851
317538
237232
403925
108424
399871
177833
318364
202035
256532
146985
194703
330333
365000
125009
199090
396967
418929
284754
174884
328916
204780
268201
172303
269895
143784
210787
355676
185860
376717
118945
101992
166988
305704
384373
284790
336726
106710
263619
181781
276434
213074
100300
113495
321405
154696
218226
353348
184725
378654
383107
171519
263303
401877
439567
290308
190291
367833
383747
295084
209937
392393
360783
292097
233949
390631
205179
101050
140785
192102
114474
340869
341366
118515
375179
453053
198147
363848
313273
179190
286989
364808
390292
246465
367192
426430
438497
253813
279767
134737
192629
184690
131872
311689
446217
407476
282160
140064
343392
132314
290651
294050
152771
177468
126868
345317
370689
242641
308440
184052
331986
367090
104946
403806
285700
251729
340057
379521
144888
416322
124951
124164
424510
148685
365424
102375
402351
380150
417351
190839
452383
426080
170868
181081
228054
214317
175222
307325
132758
213768
346615
249201
339534
218924
372749
103120
385735
187688
323207
111585
239646
214740
163292
380627
313094
410280
292948
425585
380672
249637
230405
159921
322978
112038
360571
316869
441748
238848
332888
320900
252745
446873
361123
362427
323223
157323
286730
450775
220002
324755
107213
281718
376810
426490
349585
424210
118002
337366
453664
245024
380530
206661
126182
276648
294900
186887
112272
292104
341694
269412
334193
396009
225079
434316
393560
448151
347723
330718
121717
285845
399345
433006
214886
248915
150283
365333
312424
315479
258010
249380
110680
256531
319531
393315
217010
211974
242954
125127
392110
258936
195245
185563
314987
296375
211433
136341
285752
263819
281610
175440
263049
325184
408712
296867
371134
143409
370768
391969
454162
302588
216861
183942
249453
385833
103115
434705
387073
186055
454870
418109
222209
433503
292642
190930
342108
345466
266610
352852
349635
121462
418794
248283
180959
157085
154762
194857
235547
133209
371395
382127
433642
372777
188891
264693
347580
334183
284405
361267
448651
115143
126539
218175
362784
244022
439995
177153
182315
441468
180353
367682
126650
187101
403106
275407
222340
304276
452737
109083
316475
147479
263125
367809
192026
378511
428439
361088
402141
266254
205024
148505
137675
160645
341706
397339
306171
316192
327922
254637
190970
125026
220193
218474
393439
174359
238834
294534
242947
340304
271676
398127
182379
190996
362226
393347
266810
286021
257011
434526
433915
424906
313977
391731
292729
105806
205378
364798
171753
329908
235369
309137
145604
145948
196103
216307
345524
128067
108404
353517
126807
295111
424417
296035
221127
232169
370980
198468
188057
112907
336584
380544
237303
157675
162904
334668
354268
291488
443468
330007
296840
287609
363723
249284
354476
121322
239224
425040
290382
341431
379628
451679
413041
385730
119766
373773
347332
286095
353670
152752
156297
183727
435156
361926
301131
142113
388722
287524
356568
379569
244970
233186
213871
175539
271451
426931
219026
444341
104235
342253
375108
369604
340380
386056
317247
442773
352264
366562
162434
187496
390197
284947
358356
199853
434310
364006
321294
229406
326468
449736
323950
232030
258602
203169
325606
391481
159456
436688
343716
435861
450857
251382
123936
321362
363228
163955
353312
386000
144241
244030
255125
364089
264954
344735
290002
293514
343488
156440
171294
138443
359969
262610
166376
419223
292051
369554
332687
346234
213857
285118
438790
106574
243000
324321
322114
104296
450259
374037
420825
291184
284241
397114
177853
240807
286108
219132
446281
311366
208107
334136
387477
110129
130519
143104
192448
309531
181554
369758
441027
343288
194701
115363
191411
135836
209667
355591
449663
171204
238541
128280
352374
402147
273166
335264
148256
288744
431316
326311
315442
234079
150079
220895
364214
303311
409631
386996
326094
367076
315032
286948
217353
321747
263667
243609
391045
224059
431485
146965
119665
281212
134280
264309
273421
347382
368505
296796
138823
337958
201079
257751
291239
283685
303305
381362
380416
262891
289168
425495
322875
100951
254329
169279
246964
265161
113790
310279
322629
183634
415382
446778
199544
314377
315768
438690
285658
193501
246451
267654
348121
358665
345462
268681
204251
419019
190519
331073
252148
389408
192341
215518
261973
248074
196566
364929
167939
108152
452547
350448
422331
166360
412656
227190
250606
200954
376922
427833
277334
267648
229405
330093
232802
298267
402349
318356
445220
435988
235663
112921
181586
381837
114630
147071
330275
263063
369250
254692
444362
240425
188469
244927
308517
112653
431494
168572
235362
218362
194008
226519
233111
216696
125704
403126
164164
101646
190338
131946
294328
227821
141924
370712
233668
413509
147798
238037
209189
246095
157108
293853
125449
316397
443123
198409
175497
412955
314115
377963
236213
375785
270889
143455
263099
352974
330832
362824
121224
403627
362601
453505
355750
203729
364726
269274
391442
399666
440065
361996
240043
241948
359692
264403
440899
214696
435733
166408
111493
130717
168021
234505
362493
106525
140143
241618
117196
368527
172063
167253
201542
241701
138523
254522
366779
215768
140692
405801
232707
388235
344426
317252
177894
425308
156816
193100
308138
272798
122780
205308
114512
125620
323532
225341
240456
202433
175897
337083
298310
342391
207340
134083
324641
307229
366641
231538
367741
258352
340483
148218
305273
428282
236316
233115
423953
136810
366410
160653
438155
308663
296153
272316
153729
255406
325379
299613
254660
175658
436136
164852
393110
250067
373994
270750
324096
321273
351010
332248
251873
435747
384806
220137
268669
246498
149728
176383
156700
168050
318107
288963
414198
423472
282808
411797
113871
242540
247128
397404
133982
169375
252218
396519
393712
108133
230583
306754
448535
443575
235439
138199
153923
442702
277898
202639
436193
148316
310937
252904
454114
443318
436414
137361
354238
358234
422604
420015
105971
361672
319474
438148
101265
251363
295356
429168
127947
439706
221649
295607
455510
134850
104092
274626
222627
100847
363259
280255
402589
397115
258202
103704
165219
444345
162061
287521
395725
258665
353645
204201
177084
419533
433247
353583
153679
166767
128219
198319
147895
415444
375831
282202
327211
389577
286166
209560
166419
452960
445308
343722
421669
313240
165704
221843
354618
150584
370248
370249
394067
285018
285944
346199
441039
283614
428038
341316
200788
455400
341139
262826
452959
331161
237932
139919
230435
282113
153210
244754
218864
379401
258412
218270
330554
297397
343782
215876
288058
226225
106692
436425
157258
169398
309370
238366
256689
368178
150195
312982
197022
125364
349470
360379
402837
278259
140797
114759
216018
371656
405037
277904
398288
353975
331723
378783
190390
211882
240366
227143
241433
407404
424691
175426
154519
246420
104863
385328
305739
298259
163016
154040
142533
220139
232153
389282
293574
344616
253909
294109
324267
161523
378757
240059
266428
224186
358687
333116
338484
415515
310354
401958
439383
138676
348221
345662
284992
366139
146579
297489
402397
161282
186067
222335
248567
243998
192260
452872
243472
440122
303706
224928
281047
101073
245396
197674
216098
317751
283164
184306
276032
283773
375335
441411
333110
190044
305042
450717
242588
318620
429484
413316
344221
236331
238458
431898
135021
367112
172348
342027
210611
350524
123512
166646
218790
158153
445885
148521
269072
422746
182642
203087
451987
401018
362716
128757
164060
145266
448315
247990
183983
327981
286947
215380
228449
380552
307683
138713
436546
441193
280802
415267
141294
242481
140893
225451
232353
109511
224320
265096
163551
346528
202424
178470
214490
360142
202588
449650
348269
121753
174296
447536
168670
142176
309039
119333
299438
382454
252227
219501
198778
317850
339265
223185
422961
200104
434651
364058
170227
298366
320598
329519
441584
293772
452771
324606
347431
359880
446329
345895
264857
388376
400530
182594
248163
411564
101565
162457
332554
164577
180911
370647
289295
434010
421116
177172
126567
180576
270140
349539
242340
426663
375985
230896
366574
402683
133602
345362
453665
152099
354295
216980
240430
351648
371756
318331
161881
350361
387486
441312
181113
309222
303615
288503
101811
253963
227714
229834
201057
317919
404686
205794
325305
236816
363775
283911
395501
353420
275716
347392
245122
108351
170774
452214
192115
275640
229461
383258
248035
126537
392689
217428
428747
437719
256191
117911
359133
442036
136410
221218
102131
175970
424131
342071
228991
431706
371461
317746
208202
187957
263697
287241
239856
247192
199283
231416
277312
328102
368558
355767
180146
420991
191955
240127
204225
299645
382128
362062
261805
141115
151277
174345
188983
400895
261760
275907
225625
339400
192492
289379
114702
358431
168554
108002
195329
349768
456187
145526
111605
316900
222644
127416
257037
314392
303623
194285
124032
277756
329616
318202
164127
305621
181995
419291
242463
122401
414900
119369
166011
393608
439350
448421
227321
193620
153361
345230
282211
216664
173265
104807
131358
261799
442865
307102
309994
261878
269028
373963
112871
432832
384285
115191
136948
441184
297081
192912
359085
210819
416494
229628
299387
370464
249474
201979
155828
296755
177862
398122
142340
378257
296182
308263
118433
266130
408492
444652
286035
368013
452831
184276
375640
220233
352944
224084
290670
188704
403629
225531
403194
179248
203506
246955
191448
311382
282352
200850
324184
122685
280928
318341
102073
397220
424449
338798
278039
272399
255034
373931
305366
321380
176054
307706
235426
181036
418433
168481
280773
150673
169437
411458
165893
261620
289677
445167
351544
143665
413095
146826
371869
370822
207297
186795
140142
237223
252785
122970
351790
166910
261484
143300
181523
212475
204787
219489
143922
213362
404784
368470
340415
370654
278304
411466
397590
340005
133919
403898
249374
270958
100999
419865
367274
375487
316099
307046
309747
312449
311966
405538
299106
153178
259338
216359
355941
429007
408161
446169
273271
291571
348582
441028
395804
283159
442813
245702
407683
228067
381568
415828
304354
437864
104698
124650
115476
263047
300690
136873
361294
384968
178981
198439
230039
309731
148636
360589
217520
169573
392150
356662
233289
166340
169315
256439
156481
261582
309668
392653
288474
276777
185011
168402
266426
276440
388035
258589
129549
386578
451447
221654
412018
340269
236651
187262
196863
108847
266717
396827
363373
379714
176735
417667
424435
321302
242811
176891
265239
114346
335464
229310
182086
221521
192533
325633
343837
258707
395011
183715
418521
240596
280188
245056
169639
354388
225379
128861
415766
369873
338377
117760
293359
125002
350409
248371
134496
108499
426865
389991
359270
187180
402383
368713
239995
452397
402269
372107
149948
219222
254127
289758
288833
182699
256154
341714
114199
162769
394209
378213
257831
213777
105757
377448
303652
300467
444940
301952
452346
295692
414615
152480
251223
104118
100373
259142
388736
202202
343042
272624
195575
165998
100682
338057
390025
395802
252052
140281
201340
114294
240474
359614
120195
451610
146959
359412
158778
229840
367289
308930
341779
398668
228563
343269
335297
179746
204785
226942
319081
294980
249983
372788
191867
164694
207937
386718
361475
202313
206052
449605
346389
150209
113844
335618
218371
153948
150804
340755
301565
421620
328119
398267
185508
396527
118415
142404
278538
143425
159041
156039
113061
402409
292217
422646
317740
182916
375692
317985
208543
213997
193465
204840
307086
404874
104423
362151
116796
254922
450211
247821
364958
383158
182008
191173
395487
424037
445277
323924
325192
378189
446830
259169
192028
241262
113534
409364
377285
339384
444513
328759
364242
380224
109736
311271
236976
188356
428297
401696
206331
362838
450385
136270
394263
345887
345295
377503
373827
106505
434459
453546
347928
110123
126434
239411
157165
443543
103405
429396
352899
117141
335270
336250
328996
176269
240214
266250
273634
299583
117795
108992
262989
148712
237875
336928
332392
114808
311901
173401
125392
413151
298319
343357
430525
214296
282120
433445
114639
167895
358033
307966
318100
307601
172889
400206
262706
284088
205500
156036
381504
207571
314085
291637
379364
368033
267470
252735
262113
191335
271283
202067
329026
185929
155338
381776
105412
358778
141260
142000
266507
244824
165858
101205
186231
255474
125785
409881
432774
335980
295528
113654
288107
254454
257628
114383
413579
275625
248270
357000
346901
238587
445249
366096
348287
416164
211728
349504
390134
128277
234894
384353
177483
224914
409924
178319
298629
105392
439028
379452
315983
306363
247691
128952
185587
257629
273558
358146
382959
199599
330229
270239
445321
210831
421329
180513
285812
342708
316460
336953
447334
171008
146301
194504
339022
239736
198679
368226
213858
362727
304170
237153
161508
353740
195980
428450
314778
264256
436479
115187
296974
176861
161355
278018
300247
290322
248545
230992
259489
287079
327015
403276
166786
102140
438481
127783
225343
122241
164236
180802
298803
380629
126881
328326
241708
282561
293315
196259
286810
427234
432379
273232
421432
175381
246504
244014
133127
229680
308122
147229
225661
140360
151579
162225
155702
191478
108041
234414
139533
357362
136131
241976
214528
395480
405010
106706
253105
372551
330379
181911
118282
452657
121199
229380
255225
326725
156827
340831
211840
114659
241561
280118
442105
262464
211506
416665
310052
289374
376864
103075
414476
377250
351160
334465
331789
202644
142995
289288
119621
432997
177303
177165
446342
425267
318114
101785
307621
313444
156169
399827
378999
287773
253175
293017
419218
270521
145034
297769
209720
252684
208488
204813
197649
106019
124508
325944
412383
437210
153874
200770
166681
167868
264799
365070
162090
164973
349327
303705
452680
167875
349209
243016
276260
409556
275817
232085
179697
277092
259205
169499
124005
255211
155429
396803
341530
276318
223896
227273
183256
308121
237418
309291
408216
144076
350934
216945
228950
334794
149646
136161
224570
162396
133568
243890
243003
103798
350368
255305
303165
298791
395259
188268
418801
276831
397568
411574
292628
391121
285312
443878
184750
366371
164779
368516
213182
422294
301181
282837
147228
105820
376781
437052
161973
228361
258945
455975
113141
322036
132178
160154
147010
272827
207170
212031
286770
162751
376005
207311
388685
129519
420579
140003
357152
421248
244859
374992
156231
403930
225291
207791
425255
272001
296154
114888
285241
279445
232193
389109
143211
451583
220865
433279
297634
181860
379054
138863
373958
301893
254263
191323
181735
429041
359165
294430
260624
158346
320804
300116
345678
382662
147819
179546
257434
322063
433227
426098
130183
383245
351092
218750
111056
261717
374146
134582
326534
101496
264562
248353
367979
160686
260513
157438
309238
151884
275794
267371
400978
158532
455291
212350
190347
242903
438818
426418
278763
287974
215903
208407
147775
167758
428980
287749
307328
166018
114589
112630
425751
214687
349383
369623
101342
250436
178678
300566
223572
346031
411435
198401
359951
153610
411771
342031
269242
231286
168869
352195
431174
373585
162927
152410
248286
102697
134505
155475
361623
439412
350413
390830
295938
364239
176027
134659
385755
431737
264785
232378
405449
337542
389616
296037
315474
189883
340085
329782
202640
100353
217637
262396
299980
362480
114234
157490
180928
453138
455110
215635
127017
171418
378664
128918
427497
217013
296694
382020
358136
232863
159150
204396
351417
356902
220124
168785
187338
230314
334839
239681
110651
247573
257603
304501
440935
321359
331457
251854
372385
255792
380919
190168
373179
147156
187479
320552
225772
453757
316175
117562
225487
305722
241304
213032
222651
325045
402154
284817
361850
132630
103089
253312
334591
277681
154702
167407
402570
407792
103855
217039
276522
158188
374875
357055
201860
102930
406703
421542
220933
432109
154068
236077
114151
446175
197202
188201
326303
315324
374797
434563
186459
366248
436105
403478
209892
268010
190104
138793
343994
315612
300559
444215
181470
447186
258831
450962
290789
369176
302789
116079
452119
245573
355444
116387
241092
379449
309092
286940
162617
416537
146005
207575
300448
256039
150357
262982
148290
216772
155764
159355
424383
444877
392309
254053
287323
363750
217711
167191
346741
140323
366260
156162
184612
356748
440893
123874
279777
443341
127646
417144
127307
190176
353534
224543
246112
176864
176022
170236
282008
398023
134103
230525
301626
180175
196859
154560
315345
171003
434307
172397
291944
152976
233369
143973
106909
326144
122224
126311
347243
431109
201745
277496
441198
251950
324385
345076
380307
247377
388723
254561
262899
207694
181175
316990
426545
293476
300416
370950
235209
412869
293584
416797
450648
446848
424601
160053
367956
277561
138153
262507
157319
391943
436888
329190
414241
428840
387460
196442
104099
399028
254991
161020
257668
244311
111700
149766
229605
226880
390287
191339
349239
266801
117184
325631
232684
203553
249601
423036
336879
399274
112117
188459
101007
291507
189306
265770
106745
106380
332515
315633
133886
211697
393600
158148
423716
228033
354287
163673
248140
351716
163969
392434
175182
375198
311771
296366
390315
117115
200205
448609
258620
194690
187766
420759
364655
345690
264495
262558
411462
153164
393888
182326
447678
367656
203301
210679
256538
326484
322222
293553
107886
326397
439360
391697
221141
122417
246114
168656
246220
385995
445411
291596
336029
353339
310564
317511
376679
282953
357043
206777
120687
360487
150050
158157
397232
372451
406061
248442
252610
277879
155838
340185
102626
153383
184562
265670
362446
395757
193914
233488
113782
420333
237946
238938
398230
236466
179961
401893
336933
154019
194925
261010
130274
140641
214730
116255
286891
321267
301866
336800
326473
122628
166847
138558
234039
185762
300816
241172
125006
191047
409937
381675
177122
388502
192198
380539
163096
338533
311236
362997
353828
161779
411548
104498
122482
434226
273319
102156
268786
176699
376377
343408
429854
189693
337129
177809
191858
266473
107159
269796
419079
332178
170064
329450
193139
322980
314402
449007
440588
331131
153038
304291
122670
106776
221365
267397
395395
120239
373794
141727
428539
383402
148720
192213
218943
347066
438918
422824
266593
174687
333190
150107
278609
363071
348636
340478
372478
341870
235687
209024
328527
308006
349124
245240
123691
317935
131625
288882
328362
372034
234820
421436
385825
278278
420395
357843
250063
393314
452232
107375
442780
416224
294497
328113
267117
276099
223864
203811
427916
102171
382363
158995
171104
452539
415884
155935
351325
239260
216274
421717
318956
404955
156113
347394
350570
198257
418741
215046
125692
118875
158887
252598
123378
332734
138569
169690
107184
298255
114205
204635
347128
125981
297973
270173
209415
268680
414846
374580
225368
101604
436667
393229
156237
175558
325449
339620
272922
373301
378736
455068
130484
433358
397733
343491
182970
379763
451797
429741
262717
420377
422580
314788
274943
166812
151910
403200
281454
325198
356489
215753
134686
433658
198374
216691
323978
422285
233739
241291
397829
347710
246145
420978
195968
170439
450718
244741
110927
402163
102200
442153
379548
137486
443901
344400
220200
190345
173810
308459
109229
281553
124796
318543
379005
208568
369467
247171
439345
121586
144341
392521
135110
282782
363411
217012
185445
191571
275986
139121
202465
242707
168095
276034
219607
134931
281579
366352
120229
104968
430277
288839
354095
114552
351735
239698
129379
349116
127090
272964
103099
263890
184023
185725
201147
369816
402733
296365
193711
232411
155703
268246
312628
337555
194940
221901
171417
417146
449263
318443
152247
442086
445825
360907
212325
268819
238829
353406
408201
144026
353699
391618
384917
295807
177432
183350
190414
125462
321644
253969
441995
154255
178365
346805
385642
171602
243367
103910
275499
373625
390795
138216
277923
173089
292543
422256
213334
437644
434071
193597
236368
406020
358397
297426
223827
373617
171777
345570
272840
243959
421170
258703
265186
146968
157396
406884
343477
129053
100130
400499
392252
387613
261223
445967
364015
360062
332842
442809
119993
288742
316442
274584
316345
147922
306872
239510
439810
340856
180533
106367
258493
416438
349610
148584
320072
409481
247466
336334
139528
267669
145234
126020
147290
222311
176698
448413
311411
271140
239450
308503
394773
133019
337769
288605
296777
370781
298094
148426
369010
395449
414142
249638
327409
402910
308706
148424
133971
211749
337874
199534
430872
130168
286969
310369
286593
264862
331425
331035
186134
400947
383497
270077
336770
320391
342204
302177
257783
338153
249840
140261
351163
121034
196432
411175
145923
320712
140757
227182
338711
435588
103922
226273
239486
210381
123747
171752
196434
148253
343036
427543
390582
273649
425731
135696
395956
134530
226089
418336
330344
378763
302990
100468
402594
150758
412301
180422
444190
450005
381051
303669
161305
357086
192516
129110
208693
145848
247587
210673
328904
175603
125670
404611
187581
425616
311299
232491
443143
445088
158306
436226
133356
138821
194839
333127
143589
165739
252068
158112
192810
405648
319564
321452
405150
209380
140568
141050
177352
200479
436000
383595
365827
200024
395550
274250
175117
337781
301959
361424
140256
426393
363440
214941
417308
336330
218998
103133
235428
431696
209357
253484
316998
159549
148502
157555
326304
116451
262628
321570
326653
106450
158076
416029
339064
399913
285599
198829
103304
327642
330077
345403
277615
188341
114648
254780
420979
215663
181822
375271
333679
253279
261829
415566
359962
385665
370537
370214
273850
257726
139318
268434
352716
262480
309154
365192
165842
388098
353694
228526
212364
333588
100007
337690
330127
179020
367510
135028
406063
403904
294123
347830
181485
169967
399114
412083
272989
369508
288294
444269
136682
366362
292141
230758
173235
267830
388537
387299
121129
308375
207458
377292
312017
394869
428937
379887
175732
285981
309174
350928
329813
437619
320964
322451
154469
395941
369473
395147
296768
393770
336878
413024
114516
190740
265853
256873
374635
379556
148349
353717
164491
125454
200582
343642
286394
169741
256724
313798
307687
306690
207693
131561
392713
346721
447130
172347
202779
305799
140570
417473
225230
204400
109549
372101
280985
361032
348787
247557
152850
321903
172810
311696
247984
292717
130385
245292
258239
172880
269144
425991
140326
306926
104703
269530
305470
243343
318133
111496
335877
393664
406517
297136
431907
407983
179192
307346
111053
284734
446718
306084
143787
405348
419774
417815
103746
386701
245597
169492
450747
270456
379020
190759
405541
393456
357716
155129
327092
242595
412389
197279
319740
226192
273454
237494
113282
221090
154968
202072
235821
332942
214614
112841
268392
212030
266508
351177
321547
334841
119261
121966
452334
322942
156892
385183
211864
143202
114054
248038
315759
320991
210323
317669
273704
218434
416474
110148
193072
195417
306834
246190
389370
372991
444180
259656
188251
437659
210366
165000
277171
292478
212196
225853
298559
268011
289471
336028
192467
155726
177765
436683
128929
278746
239129
215094
445962
158868
205687
419056
282549
256566
406484
194181
337525
197344
171132
103977
447478
245115
364126
242193
115379
188135
298243
440248
185378
373612
413161
148681
285092
250741
239006
269136
318192
233101
300852
303280
238811
340323
128924
240757
202458
109270
213585
104687
330800
354345
130531
444260
363443
254683
449411
347377
423613
258086
440843
231408
317029
251459
453662
313230
160945
451952
140929
305028
435960
120427
404314
321148
116185
164205
197079
277044
439435
242255
353503
178668
350132
289863
456184
379271
196653
303310
253179
430062
260477
387769
428398
227827
101340
451301
363838
418849
426795
277830
276207
233885
401709
314166
178932
440791
432914
452555
364600
438139
265214
412290
322764
357784
443386
144618
358284
191924
279087
133165
453863
449119
374470
180793
290198
413719
220032
361675
233817
363841
236071
398018
308762
312461
104054
282815
380215
295189
203907
373717
202977
258825
150395
393349
269203
363414
391873
182998
157447
116838
245248
423883
365660
270172
184979
455445
166869
125676
448406
390241
349087
408231
367022
104003
290091
139148
375507
172034
261767
195226
152483
328335
396572
336190
342562
357859
278989
412140
207917
377313
234230
386175
456108
122497
317387
426622
433245
268325
372176
327039
152946
131506
224873
167012
244819
358573
145637
321293
281286
254524
199102
263863
196313
316857
180919
272879
246528
235333
213690
150012
317861
202138
454031
424162
164846
234813
404353
139750
247144
342642
332151
455312
177655
272049
240964
402838
126277
299428
350802
225953
196710
194721
343411
289934
268330
389578
252723
260899
168179
286371
318246
257608
436702
201040
156801
145252
379635
312288
246658
237906
224762
120254
421421
346246
365931
295316
377359
213226
132001
162213
342346
268914
439870
266277
222096
361346
282861
197155
329648
249050
366372
385927
176927
406590
268881
244301
360744
416195
218430
223160
445454
355559
332560
390860
204310
362794
203734
317092
126628
263553
277924
143119
289537
231456
228075
219348
319311
383559
436890
397105
239836
351505
360543
303641
355079
427533
419273
446541
268614
256992
154073
349607
375943
156587
126905
442569
446248
136073
355915
347959
199864
416043
253694
249673
162961
191742
187793
189884
245211
330676
412792
330605
206664
363294
308109
106976
174659
431465
136167
450463
293725
240505
302933
190605
424625
344237
330685
383058
415513
109322
355668
321445
146220
133854
340999
220205
243438
370175
295147
408837
347746
374708
430772
198538
320883
397257
169120
380380
322029
269097
411127
164926
107162
368669
120465
219218
237857
404990
197669
291936
302945
336008
140826
275863
415259
279449
336874
442278
401370
391928
264346
340803
148331
336463
314266
244771
432044
109967
221905
254912
262265
180249
380752
305089
186925
373996
403317
207325
231686
287263
377690
142850
254579
237929
122823
297324
114992
194649
426482
334430
256661
124534
305482
426805
238975
332720
118754
414791
215363
171256
328616
254614
454433
281327
417571
143301
451591
353789
121657
182583
179382
279333
232244
103052
439086
451722
147355
132731
234977
392971
181156
239978
384361
109374
342657
257658
201304
127502
287661
269894
298514
406595
218438
446151
355030
324505
406604
146705
314865
409459
197685
418255
289181
146607
367532
296388
431849
313766
253294
214854
174432
395610
192538
140895
184164
364227
446440
178754
245607
390217
367568
420489
324770
376663
101777
373064
243780
377184
298574
423792
311736
163655
105925
215957
116941
217389
305822
118877
303822
111293
246032
346999
156691
150051
268381
248139
118954
327113
333069
230881
131799
231472
163698
268406
274793
386134
296564
187770
151808
216856
325677
237939
133675
160691
229511
156359
153571
454982
220854
418192
150960
290182
350919
228158
377595
429953
155984
248259
260760
208802
338674
250303
226793
156873
311454
136963
268223
144028
240081
327522
169559
390590
357851
403300
146647
330404
216273
128781
222365
373882
105255
273253
328426
376166
289883
450935
174946
410119
121992
146099
289006
382555
161818
152692
262615
293856
386397
177283
347427
328091
184841
302315
446795
390094
404798
283006
160851
128370
168970
154051
123844
228955
134412
306609
323805
293185
230787
132247
374467
430798
389918
321342
366159
239697
136013
132143
440249
153801
108919
147325
451177
380990
369048
377235
447604
221029
438878
172685
318547
156673
154281
311638
343462
252300
340401
219380
109343
230051
117286
181753
141359
161852
204869
360565
377798
371249
307532
327782
164387
411919
249399
201025
240768
420134
260670
315550
134783
369020
323582
304107
446715
262409
135291
360433
173999
163857
213853
378552
221781
260956
299591
362024
277993
443569
391655
117026
377857
400472
221421
416056
125330
207987
290998
181041
451937
317705
452576
203406
105879
130585
274336
294675
264061
174848
413909
382063
280761
387808
307618
137859
277526
121389
442987
256410
155603
423805
406742
417852
102608
456142
126955
248101
276399
343255
331522
205721
398314
362681
247591
244219
438553
356369
394570
445240
372722
276836
109785
200741
114995
239190
339928
345379
442453
296457
274603
448866
190693
408304
301909
233227
319636
188422
450713
357229
369585
124509
369938
218576
416210
404886
268976
346335
381841
374781
264604
444230
412320
154405
246723
251792
325577
253545
235409
169309
240389
308338
335417
143783
275513
211781
187186
104314
173458
436039
218519
189280
442445
250820
316588
449781
292202
436259
260559
311096
317547
200722
405323
218876
145321
179397
237228
377262
219189
128653
388749
119955
363738
242580
352332
271536
314225
344933
194438
284459
332435
314677
184783
275778
314235
281696
349915
193736
399049
131670
337306
265919
143054
151739
183429
400675
260204
173668
435530
176740
191179
349428
187715
447175
298090
172637
298246
242892
241455
247152
317556
132708
168463
312619
210715
139308
130985
390088
353639
387253
370896
333319
186519
189504
149538
424926
454239
126718
144165
301413
320217
295928
256129
275822
308588
366948
375721
426280
208130
194747
240710
145185
198757
154885
313735
267293
168222
126646
233787
443526
180719
437569
130215
448527
301780
209123
178303
363807
151718
146265
142403
291785
328051
326855
346711
169686
440633
298539
278342
141687
131121
370795
141550
168607
328360
257747
126521
425999
419935
289620
373487
334192
152051
207161
256913
270041
319129
291457
244117
148079
217608
343246
198651
134598
364727
362928
127220
116002
256397
139109
222504
281478
113761
267238
306833
290954
177789
298857
391568
241223
373719
366133
129080
271300
211803
346785
288584
141075
274903
408557
178051
329343
178400
254338
293880
249008
331720
382780
218783
218263
163521
419759
273693
337371
417616
120911
201156
106884
211212
357267
404802
396332
165431
113731
122282
153087
227930
317202
242654
124862
399254
394220
144671
452844
250989
233719
355740
430840
145304
383556
311196
199885
418081
177604
334026
182374
310559
295103
149343
428953
324022
354747
364221
308689
170851
345968
377352
326223
301778
455339
434561
132848
359508
405473
199615
121824
237028
355370
286577
130725
423521
321630
265831
164128
264659
118749
408475
155175
344625
147033
208412
270268
356465
250618
230335
206125
225237
207404
412233
187621
232323
273103
391781
302742
157197
353368
416395
230618
392194
306644
283679
399983
419729
100600
243479
130493
236117
219567
300706
183759
219420
218928
381386
135568
338887
443284
191302
241115
399470
163931
250869
317841
307795
294421
140805
362598
134502
308219
104526
437348
223561
215550
329820
249804
213161
201624
353962
251391
388691
340186
403596
333229
277996
233545
273435
175105
441419
378766
273575
236468
417592
369638
308438
439895
260110
101148
270311
198297
431785
108336
100156
401773
404425
420452
378579
148869
134757
308806
269374
283508
268045
317482
243545
343685
265464
250287
167507
331958
213188
256232
267599
105714
267571
294756
356820
264130
394416
284402
428914
372191
294170
208819
107551
289898
222756
388996
439964
354155
347545
391821
266622
195448
208615
202971
111458
392096
230096
158418
202241
181355
396703
417284
418250
141991
112341
110280
192784
327406
321876
162663
444144
175601
375661
308288
288325
408853
204031
127000
194947
406717
138870
179825
320171
195014
160025
145465
448529
269545
170782
396910
310565
334852
215832
247628
249196
281479
312405
360700
318806
195427
402520
317832
380738
156319
451405
323542
236845
332685
422581
411921
100214
306485
337404
123102
340412
365746
262809
395392
333385
259721
344187
177104
262673
418172
353198
430515
378520
414049
417185
251812
178521
242958
450810
207983
448122
434315
221650
306026
340006
173899
416349
346578
447028
246555
403341
169717
280969
430940
390555
212141
278622
181884
109930
275877
283808
142717
167574
440538
267983
394193
355525
200727
125485
270553
356862
224254
273715
203177
198913
300670
277801
429183
396998
314254
100533
330556
102521
395416
234495
387018
445326
213191
285563
294196
193078
449172
352461
240584
235267
336838
399207
229561
322828
316374
245433
297831
338191
195095
320875
384739
238187
436134
198867
144805
220016
218701
315795
393386
227464
200803
101871
256466
418227
359699
272388
224804
210310
319189
363829
260701
299481
197841
440583
280901
154164
128111
363999
179911
452088
424992
222916
446745
111511
174123
234514
173232
379389
419380
356503
229844
260444
452295
238724
401880
387660
238153
340177
332890
106751
121927
261608
281748
134696
138234
328076
453787
179439
350256
104694
224237
275447
126167
426416
167256
126471
314297
209927
170024
267772
310160
284076
302694
322795
238510
221229
364836
249750
269907
403854
238940
194069
149178
442079
451557
160113
297878
292984
407272
394486
221554
147748
124410
325895
398076
154629
255839
201460
375149
326940
285654
172422
453290
165678
143710
276108
398682
434958
214791
228101
293121
166746
203680
324070
219933
336261
325997
428547
147031
120869
100881
130270
221038
188753
213068
178462
405051
183209
199838
277275
423970
185499
152092
317748
368380
213267
235522
222655
196850
141101
173499
295351
187848
208889
388129
239138
250323
343093
302530
202832
215676
210761
447690
112445
134520
438320
229702
242612
372836
200858
200237
335227
289916
413199
329301
445653
292995
121574
291607
140268
247613
300496
442053
105639
199974
399012
139343
434872
434412
202043
370663
314465
233498
131069
442375
440303
450091
340119
184162
366254
391191
161495
365253
203543
162909
174270
121345
207298
203396
149561
371668
434437
372937
168778
202939
169752
388184
365372
184005
396222
257955
423238
417515
313806
144174
342948
198411
451654
108750
105060
128315
228309
285010
391940
228611
345869
401583
252376
159064
382241
300545
331897
243765
381578
287401
329929
218237
106575
110417
204613
387060
116523
164648
401800
327095
342625
123278
294588
162346
233242
421698
167768
261672
120324
107211
415879
349485
211522
170746
255028
391423
434977
304310
242657
409679
377929
180314
386166
453083
316013
311828
336201
290079
286766
210437
314179
107872
188606
417601
214464
138272
295891
419436
440755
104970
198536
404773
235879
126222
113207
430716
177575
427090
368078
433501
109564
432654
125340
145222
268529
170113
296868
201619
328184
219192
416090
221774
443787
431994
221619
297366
254064
274178
340705
297648
236882
312076
330624
418784
223911
367121
360221
329900
134772
171012
104208
432964
443846
197628
336342
321763
409006
103396
232167
282372
217443
387762
251129
149102
149483
220836
265261
164960
405197
229989
188174
165722
445945
173225
283729
432243
295870
434404
407201
105444
407888
296734
110432
393374
214565
212491
162422
288047
275118
180237
432846
195224
235816
422216
347970
435028
342090
272670
190399
243179
290779
127210
439980
430267
200168
200664
382428
280705
243521
220667
110073
450193
212599
176560
243463
400748
276452
210319
454851
337986
106732
454538
228722
367108
196909
155622
184065
315899
375889
408769
300519
204295
228532
421393
354478
259553
267933
139003
381944
201506
298204
110357
131587
138690
455763
101990
212457
149452
397579
432795
434532
122998
243083
186163
146841
187811
126828
235717
263055
149250
175540
410691
361281
443434
348424
285071
311894
137837
240015
360275
218514
366949
394074
430877
330644
400469
404481
425705
376719
242041
165905
222129
401376
212445
258217
447825
377558
140215
250220
428675
128183
119950
371049
204366
162552
101573
116408
446999
381999
455552
169667
149694
304207
308783
326133
216929
104036
409453
326857
374785
239355
332162
120787
254423
380213
232337
364267
432779
397440
321522
118137
436614
117888
303047
250697
425984
355828
348284
109725
216419
401871
364832
323118
154289
145101
335949
188141
261178
277354
187929
212393
421390
177718
150611
292787
429213
292762
118396
330225
148551
200910
405705
224082
398868
236650
281817
314947
269280
156452
160874
276406
393213
414601
192234
253765
163356
202391
442300
376543
416359
158308
286551
448102
307606
150027
146893
324851
362626
247379
369097
207852
133009
414817
153675
174442
293832
370246
254302
453833
343515
298470
127399
293666
155016
333668
356073
203146
196214
299726
373002
320603
130696
169274
321228
308915
415040
215163
226815
192219
128463
336857
137430
260115
359594
286624
110038
380810
325587
144651
155819
394253
425356
100477
417820
298351
189408
455615
296781
182528
351905
169390
441659
184515
449656
139270
298019
315027
312038
130591
421642
200470
333457
427027
227032
290464
204942
383557
396500
339494
391438
451290
364256
252229
231410
152388
350031
155978
391013
329878
226550
329063
200099
399586
427005
138184
285712
372578
399118
227088
373220
298180
193026
433645
330374
449268
411339
387979
350892
242368
340335
338611
299762
164585
229020
286211
332197
418276
172915
332080
131732
236796
372948
323498
231676
166046
299444
194997
210827
179037
177975
259417
332624
196719
279680
149087
344836
149204
285437
329563
329444
367721
246802
385284
425706
251748
326378
347385
261145
166367
232368
294392
240527
191483
101236
433768
358070
181266
122781
280087
111539
298971
125092
417337
369227
137602
395078
365479
167028
210228
182552
105408
129294
446122
192249
256099
112125
174398
276588
419911
298314
123975
200103
131396
167839
119327
162847
139044
314777
126864
363896
229689
377623
360351
283023
323512
408928
286096
109533
248974
360817
426759
168426
319576
176196
299815
428053
435257
119358
399371
296130
440077
424178
283665
393895
126244
256620
447508
151175
298805
108382
295335
389736
120994
357835
454556
157934
286824
208634
368318
162485
140103
145325
131323
245787
352504
348029
224853
386755
171682
308933
319097
417652
395618
147005
358410
195223
265289
297018
296508
343932
159916
269533
143514
176318
397480
429721
363977
291687
387949
179848
358942
284440
128267
437929
275094
225137
256091
340572
135213
198246
394384
163650
147349
119732
155055
443990
218336
364657
234576
331504
121149
100094
242173
406562
259745
148357
146361
325220
203750
167045
441325
262086
235599
191642
226146
255272
428776
264390
381258
190882
158585
447100
358108
166862
347089
311481
256770
323333
136637
112008
173626
266527
216021
120505
272401
376099
347345
107001
269404
302849
142354
193365
228651
344362
198918
395521
157792
190651
239316
448273
120201
432310
169268
434824
387458
336513
163780
335999
318751
225544
255640
132398
426592
260981
124137
124558
434443
376160
110414
105495
341269
455045
231596
415631
420810
313315
313480
135742
393925
321752
437416
121580
390096
337283
140250
252791
173563
431944
343768
129048
267698
354059
360301
244068
207572
424076
251438
409485
323395
383544
121561
364706
326483
338232
356155
284913
450794
369794
193660
327429
399597
256501
109174
385223
387797
410646
264941
269893
103507
342229
365142
384490
435399
448763
383212
243930
234113
306192
356196
166917
143600
392773
395435
195590
104558
115833
437828
421569
427756
447699
232086
334883
120471
333985
212970
271476
252977
195271
404851
371419
152471
337374
427561
413573
404960
358589
311106
163774
398547
175709
150175
114279
136915
396623
421960
422354
104094
265313
341469
205095
330820
220231
401845
223777
276866
101334
254955
148845
189221
272466
279849
246837
174594
374897
424197
179754
253778
245484
113364
198483
438776
141078
298483
121994
191495
181832
453500
120167
368000
273975
347762
371759
189811
269534
135157
268697
210325
122515
230727
309378
157463
307368
330999
240226
317872
304900
257284
414420
308925
351700
133870
357381
343343
397654
421905
341219
261288
390227
429969
371024
431344
230552
275953
317972
365299
455505
125440
436180
235713
312029
384888
118222
130382
396619
151700
232306
207472
331486
159680
215164
334170
274230
108373
325108
334750
103558
275996
168314
408822
143242
442853
371865
122372
373857
300911
337431
275298
121253
174130
273706
337281
339094
175301
434621
219533
448221
217127
121819
415157
183506
399645
209304
199028
135973
350698
120374
367324
145345
113622
324797
261601
395263
341388
207833
265775
445121
336877
277178
237372
182599
177648
243063
266641
221248
140539
118835
351022
286330
341826
102164
179552
203214
187712
198205
118944
246073
159576
211374
281673
363980
432754
382432
263985
429796
374621
258741
111415
383220
294598
237522
197635
109017
424021
181062
364123
256468
299510
366412
343461
134030
416060
447811
149506
192500
123085
318994
332353
159315
447423
333508
270761
356766
401149
378521
296223
434372
345546
151656
284355
367777
206846
427096
133673
165029
277057
151585
288024
123283
322328
136321
111006
173749
155966
175995
387620
408180
171838
358982
147327
397042
449987
331588
234321
348347
204575
455276
367354
448932
217851
310375
374488
395323
375372
216576
256553
238735
342848
122645
247746
112520
139479
196677
298069
222085
377123
156428
199507
376940
103027
208880
290628
171636
142818
347318
400758
152579
351499
268042
331091
163339
103463
234801
232421
158139
296161
410155
220339
217402
314424
221535
259255
233049
348026
447755
123637
225921
102028
362741
138075
329509
249094
440111
380538
216812
140784
100973
382314
179365
265512
178122
158723
231223
140905
127724
106358
271505
377947
374243
111726
228192
266569
273659
169414
212188
134174
452260
236533
374931
250096
429696
274530
262867
276673
279288
185400
377348
150005
122930
335050
229627
281639
438591
243466
229018
130073
335010
452387
210708
153687
268391
334670
387437
113360
328219
212932
426067
107622
314505
403303
211523
272982
268000
256897
286160
411083
277747
166696
186060
210526
356129
202264
111341
378914
267352
267018
137953
103114
294098
145181
316543
237315
287957
233781
141478
284013
251032
360689
354734
174625
241736
210109
287497
136464
327073
119161
249724
299076
114185
389727
190234
247037
388445
429733
416144
174902
163627
206025
366224
421598
357561
280924
344867
191256
327520
428453
303617
178178
441586
154182
104732
234513
181694
296163
367066
323883
199552
173733
358037
445545
249100
114466
370644
251236
304242
317243
220180
158745
119691
238105
196591
259830
386117
228577
149420
191104
350853
368556
309283
276690
294594
430723
238475
336092
121629
220552
415363
238423
257894
298073
153795
446036
384251
358568
283149
448844
448022
395599
270841
241795
323597
149690
423502
284461
263627
146549
251780
354878
333266
398511
386640
276698
352393
278065
273297
303215
366966
307846
265838
342915
345909
312850
300592
298451
228220
123846
103680
338432
322790
417704
420788
400286
141861
247609
351444
314955
257247
448811
326132
198707
415397
389369
106121
130469
334238
425533
328189
343661
316412
201452
239139
249120
265766
325518
427282
325862
339865
192143
265996
285154
264793
229847
240799
129344
301035
370236
354293
196062
229330
437185
368865
358142
421270
126505
243539
180812
226129
316244
359388
206802
446729
347041
110576
353966
381293
209128
181556
251427
115395
407557
372467
235344
185868
175791
252600
111077
181107
146828
367750
442335
152578
175680
408926
102674
157971
251940
413295
355416
370918
163953
297663
292832
406672
305736
450020
117082
309909
425707
103660
234050
438145
187545
344033
406549
340368
299282
279848
415865
266486
292786
127081
346846
172017
397251
124955
427530
370514
421934
225681
301666
297789
331757
195482
410696
296357
242869
396816
301840
221068
261015
284102
175527
352880
353310
313553
436179
383482
251880
433612
334684
426974
188191
160921
344063
210400
258327
121609
412381
266198
358915
421619
172600
116708
323863
419906
236893
112237
322940
363238
345872
433897
327405
385266
427987
248456
312432
447081
151503
369314
403682
286135
184884
393915
452624
167125
430983
180570
450629
449065
399461
372340
295066
451555
252886
254787
210275
270040
237830
274505
289904
139423
386011
114617
334985
438269
304421
213860
115338
224220
214303
108035
437404
288010
313843
236322
374764
202242
178403
277430
288401
389413
168358
327468
297053
224221
372230
200434
224753
359843
233075
443278
121625
207697
440259
330159
110082
394620
292171
345086
224352
433124
364073
437129
136271
329931
215699
136757
246413
250379
388715
160527
453926
346892
177801
337645
157644
442071
375495
149476
206733
380254
189885
108674
254494
216271
130587
451837
248645
156042
362922
344020
188139
247954
282631
317259
108502
241197
357274
213764
380848
151093
276320
327527
231578
391596
360102
128225
137559
361864
258092
216395
136602
382708
253435
209325
396348
297076
411799
220146
206753
135407
444703
197494
296496
429419
401613
249281
411527
338122
289736
397604
108588
332493
420180
222914
198520
357127
378139
125087
402481
367071
386099
283954
335776
247759
170420
333747
328921
205015
405902
134203
305404
190650
256800
134951
286060
364435
400356
441086
372587
192824
174365
331534
138130
226583
242145
177400
149905
149446
417819
437308
131499
290071
178439
209017
322610
444945
292328
215086
440622
323900
352071
217453
437628
306170
222851
199035
193528
439398
112684
338056
299469
177193
233664
215745
253912
304279
243376
443149
310108
419944
417105
381331
230491
129149
451865
428474
446983
134171
123832
134326
131095
190826
349562
343199
275754
106588
300627
180629
117493
284765
217309
220262
240095
385191
401076
329125
445132
350688
119239
376588
107821
336774
241949
171736
212921
368844
103309
143810
135109
386957
450175
114217
194932
349956
300512
221440
319978
119181
399143
328118
434593
271647
208727
247414
186172
443235
134119
438285
185752
345681
206276
281497
411133
102824
194994
444671
308515
424188
185943
216114
311234
214664
292635
215184
293217
387571
423197
135084
161146
200771
325264
346157
253236
186744
112217
420014
380611
439610
339917
129675
241932
154841
240917
419472
391579
191625
334753
231217
310572
361180
444776
170575
439409
418805
311428
455258
353623
108271
111527
341382
363030
452293
162098
253762
290078
378144
118111
333090
386870
277926
284827
112428
259761
446272
390977
446457
328031
381323
165331
332124
304412
203092
215536
141086
260644
427732
260424
447730
385939
138675
225752
322310
288803
119793
237734
426102
394980
126287
183602
453528
257264
127457
219586
368708
186425
344434
303256
132291
196533
118843
335062
339946
409658
333053
309066
357208
272107
405122
377177
435039
126482
279738
416880
442970
287218
365387
268415
188083
185831
391360
376471
292008
225828
288064
295717
274757
358250
219417
162091
297154
136889
335846
241360
276450
268650
179813
244424
305331
166781
363636
341310
451295
127084
274674
284067
439503
163290
114773
453678
448306
320215
144267
386396
119946
455043
455866
294352
414145
211638
156017
445729
136526
172578
401148
238729
125763
146627
400025
303974
253496
198824
451776
396652
405920
427863
382305
123962
423261
437212
200942
140127
446130
183476
132900
282981
349723
442899
387199
438142
415054
385687
182767
254623
300617
177885
161188
356737
219173
130102
287047
100516
339514
172174
303506
257642
125379
367397
437604
272156
433729
365677
205858
363123
146437
263437
138146
183718
285811
206536
380097
265746
421273
333848
181177
383483
429162
168811
421418
311301
405635
260714
445565
182070
283561
120111
302052
263849
386244
115235
298492
108241
293200
398971
382466
280987
135077
229866
199723
296898
398508
102599
261937
362060
377016
364064
213355
336198
123240
261463
288464
115542
336299
187821
160846
227907
392385
218305
127401
209283
213647
269001
337999
237482
431421
152225
132024
177331
392455
255979
213670
282258
326010
180999
121653
422403
161491
306900
277932
253280
316552
385271
378550
446216
338342
204949
313927
318619
369237
435600
229251
164239
219416
403133
132413
383465
159363
246575
265789
370347
278141
264324
430890
280639
133189
274999
298955
362615
162973
323073
432917
201807
233158
353773
188203
154553
117083
254977
333715
304405
395034
405949
297866
415580
307915
199897
383572
387164
144756
256929
317687
332719
450980
272574
102796
384384
230935
392813
209567
206098
297225
166456
146079
375339
245407
392956
160252
388395
322728
403499
409232
406898
369377
235786
364746
329577
260025
149208
225980
307075
317595
137814
188964
455952
214555
233056
280373
342201
240991
246508
100356
365147
235220
333419
403359
327636
105415
172305
410218
351451
417460
416718
361512
224273
249306
332603
124892
396499
333006
236664
399610
192304
349332
446401
153737
289744
405086
244597
106838
360524
198942
208470
454980
169952
274569
208582
236050
443810
135245
355185
186804
153190
221445
107836
324045
281102
297214
175898
215824
202026
366404
425839
385843
276313
105121
120559
327867
143251
254896
330504
119760
293579
366449
353978
287086
100485
294169
260685
233299
449027
171882
354793
428383
254019
351283
157633
154609
441745
438782
307149
302928
326210
244247
402399
384357
143439
234356
275992
392706
304865
119389
308667
425888
147725
167369
353383
103402
402938
169424
271168
227450
351413
105922
245093
392563
426549
130145
361895
317631
444684
130540
347292
122152
173592
289394
218004
122548
123251
247874
133409
439371
434077
271488
264550
441956
137071
411269
434736
184733
307570
365658
351410
433400
115411
225926
418802
214836
160661
145065
180832
406447
205450
376561
447590
396205
327880
272831
366310
155934
114296
120451
324543
368586
196463
329917
428872
315444
135221
371188
415476
325588
255328
247940
387288
107428
410281
314607
244947
285239
211411
365373
387397
298846
303187
163297
110951
228308
369428
410873
191160
328168
409188
408496
212699
357153
134057
297204
367359
261243
258931
157935
236340
361368
159011
178795
170097
362201
343395
260524
341004
325901
328139
275297
387582
328232
447847
118298
187550
315849
420065
154648
168482
433282
403916
310635
108532
243956
331216
390050
245312
184153
336998
271035
241053
402944
417279
320367
391611
393474
100036
377106
424083
393308
187589
212537
291675
197671
226920
347941
168881
130975
104151
447282
103760
285481
267303
407659
313471
303114
149286
205570
410642
298337
353609
152008
401512
144578
399310
426699
347975
447026
171528
373331
339963
133179
182249
414189
316905
367965
146601
243333
449973
163554
189533
438655
366751
349545
196575
447011
180925
152128
289033
194593
399656
131376
218252
421886
258392
331865
337706
251651
397358
293807
357780
141196
346143
185613
312086
106372
409748
391081
166749
449608
165788
223987
197341
352388
325499
357222
390245
294426
415225
206437
194984
197840
340484
297633
287937
169942
270823
291098
369129
450404
428737
239389
352084
246778
316685
219220
160547
357463
162246
369670
344526
377952
153282
199269
330022
241798
380164
186390
323578
153944
123783
337712
258752
199585
230352
235973
311388
433415
309021
440079
326330
214847
205748
409395
119253
302184
168543
371804
376738
407211
371507
407127
414554
221045
112243
133259
403794
318103
353201
336060
321437
159783
418259
334069
308398
367248
297235
325340
210751
401566
340976
417718
175832
121738
101884
117069
262116
414398
153296
429728
199197
320398
379140
319626
101575
173405
117491
147649
411068
347797
402966
443502
229523
431277
338585
211338
272020
227195
288158
422805
249034
165351
343635
310011
337842
296445
384941
290513
295952
402793
301950
120275
224104
269598
396725
246636
241621
376129
358381
257387
441345
145334
235555
211198
276092
218497
372846
261762
366291
355286
448882
209553
207681
304511
235544
192875
206790
276718
115911
105750
417021
280160
431204
304135
360321
159017
342437
249492
168083
385844
184652
335162
287030
138605
219569
152664
294474
336348
328212
334448
292785
106133
126171
154556
429615
340727
437138
236337
424866
244757
189315
270166
298672
445432
119823
248857
378450
354925
276652
164882
148878
101727
102447
396383
156743
211591
288772
400459
306959
418770
428943
162943
272286
231787
243050
409888
179436
412947
449440
111317
150579
241007
375111
455688
245311
375208
392259
175470
306807
181998
278294
199376
307297
338546
165153
354541
379192
131415
304001
283112
174799
121743
387856
245965
386760
123974
360276
326715
179085
234782
435115
391390
243119
321020
346991
318313
172832
385890
400134
244619
373326
422515
369342
179308
162678
358569
276288
278744
223381
264734
340252
282711
127328
250705
110446
363489
348213
311092
255306
426813
202836
445415
371581
191274
399838
107236
391504
444923
315064
266528
156212
293811
373548
121675
377110
401556
390229
149225
407130
269372
396164
220040
187009
393365
325802
156806
241335
354346
126467
410833
454676
238412
333926
322205
354587
141976
383768
347387
310208
159493
224504
278528
120976
253992
341320
187288
139383
241429
223105
110585
213814
333403
282186
320713
313807
336139
261295
369325
250609
125837
324196
208464
450562
264723
344733
393510
253431
156521
405704
106062
453696
112354
270167
183650
389556
278391
119443
355072
179665
166532
421192
439654
452912
327510
254174
337203
287420
101453
282951
425682
411044
326194
439922
360336
371701
241387
159403
245512
432334
334225
246370
340512
242364
297341
388522
262410
360578
154419
290958
212021
271796
451214
340666
205745
226339
140930
437877
434677
418492
260575
123295
273243
335633
358510
144924
305759
115074
315599
222405
359162
227373
400297
293129
253523
435658
364076
102025
223196
165598
320392
209668
201032
170248
120424
118382
243503
158829
284267
317636
450824
316713
249810
394472
205598
297110
430644
409781
179200
368657
115201
416632
305433
206496
274235
219969
326496
337363
184672
367928
335060
366207
332640
341812
404059
232404
223491
142200
148616
124735
215549
435579
346643
382838
348834
440061
430066
143668
285815
432999
214663
316267
126273
250274
113989
447875
440933
134678
165830
188559
440739
102079
220875
219285
373721
273646
116206
376304
418297
182357
168494
145963
152933
142397
269078
148936
247393
222213
348504
402569
354400
205192
234349
265824
181311
295532
100282
213088
182158
303136
450113
231006
431025
351968
347206
117933
374294
143661
346861
149356
453487
139261
156486
322991
192301
153025
319139
197051
308062
225503
251101
302604
300142
279092
353438
299451
150833
256903
392596
443727
327635
381180
213330
290857
348828
127028
408203
259379
388250
424134
110169
122168
156361
306563
133405
421220
291165
214011
115283
325458
395697
226801
296336
101739
245997
148433
217284
248571
371019
245518
194632
150444
353838
123642
288669
254074
141505
454967
327116
368926
120000
343400
204048
194562
248342
399243
305011
368136
394984
276217
120711
148037
368905
450744
115532
367474
182268
137972
169173
101928
401437
212428
224932
329437
319904
449494
310893
168540
287727
299232
335819
202388
434235
234797
259547
365101
220398
451093
256633
222620
312567
207024
431033
282983
232048
290075
156480
417221
362118
237558
373973
317368
434360
341271
395642
425499
190357
270504
138681
345434
124232
429346
186033
197420
185560
231719
349435
202622
275648
345081
380897
395240
396945
110641
200527
197755
320571
324618
297285
132252
141184
122688
331389
298865
284110
296902
301768
108659
223426
316363
135620
327694
428400
412915
108224
117454
408957
362995
125027
227382
442346
221296
222377
202565
211769
279262
311294
103207
380684
220960
219035
149814
147100
143616
157624
277210
233130
191429
137753
375042
349527
135764
259221
167860
197182
363569
432360
107784
202813
358558
451130
243952
136926
239944
322252
286695
195136
415277
413969
417483
165585
173134
444487
280192
214548
398639
251835
143495
402972
333485
148563
271510
231693
122830
414338
230756
434930
231188
332596
380320
401356
209820
132672
153091
123408
346416
128811
364000
353771
308614
280826
187687
359856
299962
281532
146546
137860
273593
105786
220250
380613
282529
201136
175191
207336
398805
121031
330448
187293
193694
392943
191497
222252
187822
146368
273762
311878
269129
159133
437860
383403
107255
313174
359265
435438
379549
104966
401902
129767
301118
129539
333550
227547
183938
453246
292529
357219
145092
210021
295129
264810
179068
313919
238918
428473
211990
426874
391600
393716
369950
422587
240516
273179
248438
127466
148154
415926
200035
118380
183150
151117
153776
344792
304419
403635
243868
246136
118506
345886
150003
356623
350401
289653
264027
224749
261727
351348
317575
311859
316404
343830
258928
328567
413517
440379
359492
416931
236699
214473
438558
228413
208664
338394
181351
154027
180100
223305
388456
408395
282344
119729
324937
254943
395396
110799
123661
225153
346110
262201
123111
289791
248447
393657
325768
326162
128365
316953
167556
422340
171556
370657
128021
296060
267607
382906
380989
398763
402719
377229
455826
369440
332038
381302
289386
299638
132941
433954
181115
351318
105933
389995
156535
340350
432027
210305
352819
108053
442531
356758
125028
389173
134552
227216
420961
304277
245183
325073
384606
195808
438002
186753
366258
327827
434128
358608
189802
288942
163112
329654
119941
450563
411279
444707
359928
415960
346435
353102
451321
337945
374410
242206
159155
402848
236523
215616
419359
433493
102994
238166
281097
105646
281129
163755
187421
263824
253035
125687
226753
439408
258377
301184
193629
426472
397438
195139
256914
391606
446297
112645
220525
293951
327946
301392
114041
429918
288007
198018
255150
305057
366212
311938
445286
308500
339399
309738
207825
210604
196176
251321
267962
126565
360197
449649
438987
207018
249164
362169
108262
435690
129490
260713
101391
196699
254677
154774
438420
128014
215154
309818
117408
433401
143159
158248
338347
272429
415683
147731
205478
220778
450715
410673
430241
345568
312318
309793
141415
444293
141739
311412
344556
346773
204427
324373
184047
121318
432854
219511
343628
110701
281650
425318
381607
441875
120129
425210
237806
243529
447080
232358
126006
169856
252916
448640
392320
184076
120200
394554
159479
392660
431437
178560
161642
223692
326321
391291
222290
407737
251094
397616
323811
442281
133839
114778
300733
212256
226601
147511
254172
352756
449069
262391
126812
230594
106940
208287
371777
268565
357071
439798
449559
399904
438680
134059
346120
335225
431069
160961
141453
270124
313313
154200
207639
237467
404194
387943
345075
316521
220912
232229
405145
113053
127087
141879
363927
123711
330150
435036
386877
168113
359215
338198
227076
147301
221384
264692
302374
224517
386115
153631
129795
193203
311533
332271
173819
281289
287646
202140
165214
217613
437145
332526
125398
357848
308258
404219
373527
266870
224923
421866
360955
357575
183869
212149
117589
449887
205662
222283
225769
433534
413283
356135
179731
107582
212948
357881
129457
179939
370303
380471
337501
355486
333941
241114
309643
149783
330899
442936
320735
269852
241894
161387
224750
262953
168218
379083
344010
308754
433706
245840
178749
326889
383951
104949
308064
159175
218808
453364
420011
186408
398232
245900
388682
256509
224868
119773
381557
349135
377932
155961
234668
319924
135644
124342
201896
374142
163954
287905
237489
197453
428028
427366
274086
271553
444547
185821
146894
125333
322776
394767
344129
275715
362764
341915
183369
207414
156438
186727
397940
265438
222441
248234
419106
217294
196018
387053
308523
324453
170468
263932
400057
234057
146185
155179
295852
185464
364297
122448
230211
420105
374570
339495
374403
381804
147184
224521
422413
264618
254570
400487
314210
385103
294549
171841
405238
126246
205329
256766
397624
147796
335430
296967
378064
135793
455177
228853
106617
233869
209204
206196
190157
289009
166013
241679
182549
132715
306746
340440
120821
203481
385226
311210
207044
167285
236812
252736
275241
449560
354102
208181
448487
432604
397332
169957
184798
406388
306575
403592
314889
217531
174572
424382
120882
230243
183106
230002
326283
106516
450812
398021
368927
393861
405782
157039
153583
266054
231365
286679
422264
393613
319738
454725
311912
187607
323944
263388
194859
248794
338673
141771
288984
315120
269357
429535
176743
180498
221934
377924
315649
400340
353404
383387
321574
251743
255170
100200
109132
306275
355481
170034
192834
205404
206874
150557
166644
369118
448807
439417
356849
213586
112290
403428
349454
115453
433447
295501
268581
368429
426609
205818
195934
328378
211682
280196
426033
115329
352666
277155
442585
244649
375802
208782
218836
169913
443503
121900
288568
430588
280620
108423
200422
183239
192553
290649
121938
224189
317204
145417
439992
120017
227419
316909
356398
354896
414832
389990
154131
118533
295883
441048
327582
415279
274692
251131
291419
264662
221697
282128
436198
254061
320939
310862
143426
156226
258359
182036
275542
279881
117739
348658
136219
207733
428137
324649
392105
433385
325926
329633
254907
298044
212272
254796
390684
318359
281746
289336
290338
162096
437886
167377
185420
284669
180357
164698
325578
359861
264961
171696
427396
408713
259774
339144
147245
233165
321813
404155
148807
386401
380309
190436
413904
381688
382118
156670
114719
438825
225155
295514
110524
106152
362015
337278
377423
285904
426904
387559
363767
109515
164857
310234
371440
270335
202000
368083
235970
116910
179759
351165
385487
257230
211471
283578
260647
352964
128819
289599
216923
100181
113707
214982
194653
247729
109653
204114
250230
168486
122169
206894
368063
370456
252095
306481
395925
226648
268992
441341
161967
223469
425651
221281
134261
121079
142984
164745
452082
402913
145384
240380
103543
223599
415696
227101
258523
309065
411367
342176
228701
212114
100507
410754
405853
378270
310666
272684
333091
375825
289102
282814
311633
126005
346622
291535
220476
171429
178307
445911
165662
153159
126049
321331
203981
219356
352981
213580
374999
450664
124268
447555
407616
380660
381409
250248
265687
133709
402028
186754
119535
217313
164827
263237
299161
303837
368259
320292
130659
198634
142841
429779
430397
117779
303685
437467
312041
445586
150723
362829
427748
303171
274061
171542
159781
385031
237123
359682
179611
198961
136621
131633
406453
172869
431997
214360
169992
134719
371253
143478
416455
443084
139157
236716
224603
188326
176236
181440
399397
143420
430289
350066
197919
282756
319535
418719
231208
202679
202217
352863
326815
324659
250084
170209
444884
127973
129050
434825
182733
140729
109147
203881
162428
371904
114271
444822
412906
107738
388135
216528
354337
421774
327666
341253
227227
118672
174737
257373
115665
349773
393898
353311
392268
327056
328820
451272
454477
209951
372023
384058
296827
203408
227910
223063
306207
250081
103726
312159
276431
292942
319655
170240
380968
214352
435361
176979
236921
280326
276605
393291
428164
385731
103928
131110
150445
293873
417535
319707
357335
330427
417899
228497
366091
384875
151423
346612
152729
425510
375408
400101
455287
446184
234379
376363
453575
144769
223413
228274
230810
286174
401750
292576
101705
252496
406844
210586
414715
391905
411664
421663
142128
249776
418520
141614
100919
385109
357924
221992
137633
304541
268382
282499
281317
339130
171510
283088
197158
302871
175109
427285
192130
303595
283920
134243
276453
207920
201510
336328
168386
324796
225846
183070
218526
124352
265315
169450
275264
366819
154771
283496
378717
330017
328249
221772
319249
251995
316096
347844
242494
366640
248233
335247
417764
304407
389217
250300
329359
368825
171136
183100
164640
450265
202296
331287
172646
122941
321063
126790
136200
235115
210797
288102
242060
169024
214608
283365
342530
267618
371665
436926
309638
127301
381079
144737
229434
421303
396645
422061
298240
178945
335725
140624
167559
198178
281809
344692
145212
132528
413898
332578
293145
361920
286458
279536
254732
155279
173865
238871
258668
342060
455953
253018
118537
188538
234238
375493
388803
239092
372572
342777
107161
269781
272159
282939
317301
328876
381332
254588
427020
132422
373919
286186
407286
303266
442344
301744
184345
316827
208579
363033
309211
115318
204508
378205
232719
196732
271884
281821
235846
120373
204775
312408
292093
163596
177523
275257
139875
333646
386002
268952
420017
120252
240793
156524
237049
387850
422463
444094
422117
435905
433981
264649
174817
288213
349650
204510
263106
225275
199744
142522
414851
309385
284543
111562
241620
199103
248799
163501
411146
392789
333151
336750
144271
449630
160647
397650
274668
204676
201261
282193
264121
306947
450011
193453
346979
224609
432141
187792
153113
432570
236430
309304
352413
260203
206804
131291
210349
306948
392074
431874
440140
128256
149581
436724
444777
109892
228977
354427
235375
347602
385667
431380
206571
338458
363700
205803
275390
199063
362609
299499
448449
228952
203936
197556
126530
333919
196801
419874
349636
267494
316047
430854
404787
274318
261680
134415
121141
299378
229835
410395
273996
101516
416517
237791
405652
450292
455127
337850
311779
224090
115555
378405
257176
112473
351521
401707
261612
309296
102636
452769
194789
341830
392944
119045
347275
393775
422281
270276
166895
423578
399655
176556
241799
162444
106178
214638
371912
410709
133876
261913
317343
429720
331262
226392
283822
126392
453210
211156
300382
164838
284915
290573
286457
269186
416148
115284
447559
239074
333676
393996
253529
242228
143330
412479
338413
108217
177151
147237
334076
375968
156472
110382
292485
239965
235482
242412
394533
194831
210812
334376
450967
236642
336679
376251
147314
297800
300931
234396
149546
414783
266905
210259
124622
236944
177056
235712
346299
391624
375147
425298
350645
422287
421687
145227
419569
400036
217734
281667
169634
275434
117149
274779
372729
276874
142718
392043
318342
149805
205990
363904
309639
342313
447227
257683
102789
375252
337857
326964
448104
368877
164545
114460
162783
158022
429221
144895
177790
140363
254881
283681
282337
405355
296077
455783
304510
314232
414515
131870
285064
367679
347351
234091
242691
166784
237082
261075
246579
140224
284367
100060
331935
152594
430617
437497
117584
322502
100252
116020
169433
332214
439497
377645
196999
281709
399430
254371
338415
267656
408227
437197
117359
436739
346186
248812
453275
112523
100802
204488
314695
205755
168225
264837
405186
434832
249526
280260
265047
158119
246967
374925
278615
401745
368778
183251
159611
455257
270669
430968
325325
438496
153894
267566
414826
335057
359097
379381
442338
115386
428033
161179
298147
447939
431390
400840
286731
227710
130544
371381
339392
380058
267710
323364
414753
272825
231087
251402
382981
201503
239311
169796
411705
183109
447477
292518
148398
455501
356426
423254
320170
181772
116920
412258
257003
397855
309105
249892
184699
348349
116205
144775
291293
290590
262118
446755
169706
130193
342192
207984
261619
309182
302230
420124
262050
445070
169922
436456
369258
416297
236290
186183
118075
207638
219798
401327
374641
252328
111509
233574
366873
254691
369404
193195
158808
302993
113184
357818
428836
141219
314544
393528
194524
130784
449041
441003
196209
252663
205637
286106
185601
286823
287042
260810
397556
327174
261117
436969
323732
116120
247505
140273
137564
396514
223015
157612
275717
206763
338449
362726
283012
337349
346570
223653
245152
135388
186941
295134
320646
365295
108504
165429
348090
300389
383974
172154
131663
408281
196472
297439
120824
272057
412323
312058
214118
215281
228692
151573
187433
420782
330172
141016
220985
265366
346459
335256
166979
346529
118631
436139
277809
431005
157586
262379
101974
377466
258433
289888
286632
430813
223702
192199
365009
456137
296444
241841
397939
255220
352394
119256
300949
317319
256367
410017
233946
414463
128363
275465
165930
264429
141133
249131
405282
402229
453192
436097
305344
157791
228108
145754
372721
286188
306887
215700
369551
127535
378013
154139
343578
123198
394335
123005
241980
301791
430615
408892
345256
393162
373376
183408
339716
112202
136093
144216
178680
215306
127240
355053
440427
121430
271723
108409
177513
417707
247305
270717
312280
321856
147059
192886
339901
228754
137360
229558
219371
353049
189521
390839
205312
135038
365324
269467
317819
447764
292358
129877
134113
405895
350045
421527
305281
155143
210780
378626
267362
212046
297773
267560
340872
275370
326914
339174
167835
211776
353714
398909
186989
239220
252308
307647
363198
248788
424334
287150
270724
217559
326212
253996
106551
134829
197968
119805
434269
157041
242456
358048
113918
367645
114802
362691
128301
319341
256433
340209
122526
430167
163381
226161
315090
130752
136771
352497
429561
219240
235031
331068
350339
163120
324721
152144
251080
217999
164635
454357
391834
393893
450628
130081
342484
314632
221709
151621
155700
421207
425228
298679
125664
139509
349640
435805
164693
354562
355800
330493
109659
193623
125715
164885
374535
287581
438691
225885
116468
146581
285222
294133
187666
167165
291464
248662
173922
338162
225267
116867
409865
260290
276284
187923
131197
429012
206646
336961
445209
453346
390178
455364
144052
345668
316197
292015
300432
383359
246454
133279
422659
259979
310250
184711
115682
368108
365478
153739
224096
236157
275516
211875
418194
345344
208515
250694
335988
421050
418970
328779
121386
133029
310054
271857
266849
201177
353804
288206
201168
410494
341757
190919
290358
198320
127294
434277
299625
115948
365561
451599
359644
235500
107654
438070
283498
404959
190099
410905
238989
204896
451754
316111
379900
247419
285295
109043
263865
180497
151949
207131
375273
290890
420703
181304
111265
395199
164736
426932
215466
351664
364763
305374
107987
341471
159382
159658
300280
286816
145804
437710
240862
406437
449244
268047
195125
358699
414211
274580
372897
435735
261580
198502
392266
417782
426860
271254
232225
412678
148332
412158
188290
387951
241852
258413
374049
164449
346710
153975
229686
150863
305066
228690
269320
316512
438773
323847
202089
332874
249930
293504
316288
282098
251945
119422
287286
137176
109311
214996
420743
200546
333962
168923
130336
156922
433801
419598
200474
285663
131016
248810
340312
288132
388576
324381
241272
170796
315699
163889
396856
268110
376758
218254
439284
369852
403323
380890
107897
334116
319995
405300
386247
316846
242734
270068
245143
202801
344539
252868
166619
108513
346286
220968
381787
274472
377834
299933
269819
305901
387347
345464
207102
446242
349405
110162
425296
311963
443361
344956
334432
345200
219536
170815
409224
117076
250628
305664
199065
357919
408023
293265
207770
124420
271007
416465
123803
144255
357450
355964
379866
396292
232247
295748
265541
380688
443720
402691
445839
128425
449678
454643
193084
384647
383031
278626
402951
319517
423779
278204
105645
327242
225022
382183
423497
348085
432050
229521
386408
383725
210690
413226
266723
140832
214122
204937
371373
387773
248031
342181
280742
234899
401487
365701
215875
439613
436986
370454
347085
189495
358700
217040
303443
237020
395848
423418
138407
169971
428695
108051
419269
439395
385978
263954
256838
413386
293154
315023
386157
366329
443731
281560
156335
389776
320898
159574
203699
455762
446790
120686
349208
116526
196035
397958
276716
176746
131390
207490
446964
207145
114764
232722
299366
442082
251055
198090
125978
164806
147430
118836
392206
134534
359062
356464
281883
109320
339192
356989
179898
379252
319520
156845
221320
247769
180343
266282
410969
257165
396101
308724
154643
344543
152323
276493
202287
233003
322089
200833
288719
454535
383130
442008
440581
190543
379230
200380
216914
292208
290673
308910
326663
149658
148074
218665
120729
384150
179371
100463
258719
392215
149749
138983
137238
181824
278682
325333
111970
359640
456190
255227
303388
131462
289031
440206
231449
299457
202129
195868
399678
448327
277355
337942
175850
173702
378146
121217
346270
123790
444316
320279
197160
280728
110795
363139
393576
224573
437213
208365
185463
149240
189356
134803
356234
340205
166942
237965
412609
134127
337032
104177
420702
289675
437717
220187
399488
115953
432711
306623
385881
400541
392827
332097
138694
375849
370667
332504
238584
234366
192441
418882
167733
282059
221580
124143
387811
447782
152746
450305
196752
183573
199397
343341
387842
360961
272463
226821
289852
186886
112911
450354
443362
285106
321272
298063
426894
258218
235628
180977
109439
447111
166671
378175
374191
360045
418793
141076
452876
152777
344600
389526
112686
112836
248501
300271
272841
150826
303750
108123
237134
177321
389453
255545
300318
395497
305075
344737
179049
398325
398060
123893
426747
263416
192025
330537
330009
245045
415253
297008
261662
103707
170879
316686
372629
275081
177005
244177
267743
455025
262536
158156
357746
394583
299315
403621
144846
167782
142538
329141
334261
313632
445370
238042
447721
250492
221048
335617
293535
225212
300483
327135
315554
244419
213879
286517
344710
372725
273478
161090
335730
199181
170474
262518
158844
289799
336072
389447
359279
215321
414155
131188
351346
251725
425534
356039
376748
399376
169502
170834
349826
225770
287383
249775
130415
276616
306636
389383
328262
164760
254080
336488
439734
295233
259562
137118
394951
253771
309841
289996
398528
452935
145027
309794
412502
135989
178110
256508
230059
185742
188016
383762
164538
241021
248776
352989
414692
171869
416254
276331
122683
201805
446542
146892
287262
367178
301384
119603
177096
120503
333923
282200
108101
192799
451304
296640
409740
218131
429307
152583
264321
225897
117647
248244
391070
148844
366364
218048
114621
357452
177101
203826
239005
254846
282699
287384
448439
169265
376910
171194
359163
213322
309817
146124
293775
348113
327179
345472
373526
200947
325159
277763
244707
411194
414675
419884
206262
449303
368114
417968
227207
151055
424445
432967
248469
134629
339751
329483
358465
358430
256757
181272
376634
309190
184599
407440
332332
411352
438857
264076
194975
163579
217242
143138
195133
331497
205540
281959
114399
172014
270069
271129
419976
295353
159436
399153
289337
406054
315708
456057
160752
244665
309559
149440
113542
194757
133907
139250
261454
230806
357577
201318
157511
159192
297884
453783
358386
387592
247445
313319
275507
349684
420533
107903
220570
302065
293009
254859
444600
424303
217907
372663
424918
208668
214779
260388
334163
204794
168473
152147
438340
333089
134331
162355
190812
454445
276146
305191
172665
124280
438135
132404
337230
155200
256356
367492
259310
382475
437962
454504
373912
290403
109898
110631
415858
111406
444704
270772
269420
114955
184379
246522
107995
423383
303117
141841
118435
231952
424376
409810
330101
395651
196064
112180
309933
208114
430805
156485
400771
386796
440453
431083
214869
144622
368746
410863
394225
208631
430222
419284
271417
324653
205249
157608
200724
156633
276000
121500
361968
285675
108422
332633
198292
108831
245966
321800
422289
263320
303853
205884
213629
425918
160621
185417
317006
429286
165768
230505
193082
271228
345333
368149
276205
335772
307630
232058
453237
162910
319951
224585
230151
431208
258515
253256
196547
109028
175993
289726
240641
364568
124669
401422
386339
398660
321469
388982
295283
112641
408260
289867
142331
157786
279719
361519
360869
424325
179601
349549
254610
175162
152400
355077
391431
324508
279520
381575
201190
282129
253386
234328
437487
264075
183960
179742
406724
349040
217750
225020
399757
336649
197329
382798
174683
273026
382499
445136
452780
173900
429605
183388
260195
204119
124103
154936
283852
219185
219448
360052
447157
142516
100915
352217
248000
286260
173740
184607
364570
173849
240722
105764
230174
222499
450324
244223
226577
289500
202405
418289
229648
265925
122001
269039
447711
319317
345004
351411
424448
220615
313849
426162
312823
337882
400346
252831
264950
162273
371222
170727
148397
455589
158496
430709
139214
293105
185476
173584
314806
231215
304788
207879
271470
448031
143730
319537
345656
141301
363001
227524
301783
194506
449037
212794
139377
146753
370736
286118
341109
204596
338744
216864
407261
298290
439935
361944
290988
146619
403660
118985
169899
184239
267579
286465
288746
134136
191935
363727
392006
377246
133872
366378
337710
251390
380518
329671
359972
220885
357645
429370
195502
296880
354280
205022
286759
374905
270065
208857
137407
327132
129599
300718
112713
155284
131737
145633
269442
176156
260649
397873
333675
294888
355116
277339
407092
306195
238870
448679
310617
220979
441596
256759
226017
204806
356882
157466
280580
380144
196155
165811
309717
353388
155073
375451
134645
336723
298978
153099
307221
438458
143106
449913
148986
239327
189147
409005
173356
280187
321318
175868
346880
377257
404601
174170
249737
391803
432813
445607
231377
277513
332055
309586
273645
161194
328919
123700
323699
248450
196872
387881
238033
133358
342926
274093
263557
162886
214208
258209
298716
241519
433833
425806
268468
189557
191528
141545
306692
250295
316573
218633
210752
158599
308671
230312
360327
181876
420501
377641
210308
377653
454637
308335
347570
251348
402040
301542
420914
101474
281236
450353
234920
332494
444013
275837
302234
379975
258486
360145
238455
208632
445858
360582
324231
300446
175954
315360
433538
230665
281574
190793
216559
194258
381452
187663
281269
348935
222958
420754
110692
404696
384975
449496
138171
400148
443265
113901
149704
266075
374597
426312
396935
243589
206622
347176
433929
132031
140581
360373
419045
401409
116465
334611
182707
452832
117619
347453
353471
265138
270323
183075
109157
330677
266718
209419
407445
138276
217198
377592
406106
157361
207417
327149
115043
223335
352272
132963
289483
340659
418633
239061
294384
282365
432651
196511
234765
422925
234981
353434
214135
408011
402334
189165
318053
304768
232734
381336
408773
303646
138020
323068
163010
309484
354261
400253
439640
267981
161746
247681
358202
454094
124928
236963
187098
324584
285883
428284
405458
176833
227549
248384
377498
100879
334777
133304
308340
275543
414862
316749
290446
341712
220266
394124
200540
176602
342115
215557
176117
427586
329228
282244
151156
232701
318142
148620
168161
280224
312370
359819
321890
345618
270196
305802
126004
206369
343066
384916
318940
291101
362481
399393
357008
314001
288802
387095
304199
167893
119462
136426
205087
247570
355322
185093
429281
279268
454425
429640
171234
369718
256493
407967
416749
435994
284794
295579
406072
228425
409565
245737
298168
418946
297497
325451
118008
268371
208414
304816
302581
419768
144008
405712
317925
201349
230117
417019
303448
224533
201704
122810
377465
355171
202538
357854
338760
253094
138948
379077
311293
349051
178044
345182
219239
176714
103555
119184
162168
394460
427029
296481
427398
249123
304468
388689
404228
428399
198063
161956
419676
334540
437016
381226
109136
424165
163868
350439
193500
123429
169272
409469
138554
281766
240183
154737
142835
162188
368388
407837
334340
281480
365141
102559
333468
349986
172409
197549
391160
105181
190952
359115
306652
407671
118786
266460
203840
166491
146744
218444
233442
298501
315405
155412
454256
412588
315854
138576
169655
203757
210185
138381
243240
138628
252262
118190
227579
114503
248332
230183
433194
411801
264800
315014
258263
210375
327843
270880
207419
190148
419219
378576
233702
280581
101357
142126
101490
212430
147686
147305
427912
150933
344925
302992
236087
327644
139171
127876
380050
355757
406067
121042
419046
256458
324323
268641
328256
194641
225109
294190
390635
362693
181777
108365
244369
390988
443539
265847
238190
143688
286217
406889
399845
105709
111092
100292
438985
111162
278666
409829
390912
439035
267317
322575
132090
220077
412167
373151
169641
312944
441975
442394
325040
357197
323715
208823
112437
282425
130035
250791
319009
244918
286117
290007
439789
130399
348258
233042
369997
110035
449899
433792
329465
179415
185054
191990
281866
136874
103799
168141
206353
238526
387507
168878
385462
369021
156457
316408
441965
228646
352357
125578
272458
409712
224564
309772
144289
329016
285004
125021
297034
441526
147691
160346
425756
101613
405230
449609
226600
179920
267853
281215
425578
261643
140556
276104
426511
267872
373653
268040
222184
428422
385278
206650
248071
247754
365858
147797
363479
397665
154793
253045
175857
450642
234527
345347
290156
125501
421016
420999
149660
247140
381115
272369
149874
168042
433936
178451
429441
426768
181065
318701
273351
294345
283733
285644
290239
433118
444252
204190
333208
440621
249021
180035
343136
363083
164327
165120
436480
381017
120706
106384
345799
454579
339674
418157
391951
325496
185922
141459
319390
451886
337972
431455
413598
239007
111427
295294
107557
247074
277051
186694
108462
385962
314855
318050
366074
286184
177157
186287
258081
162624
383385
131839
274609
185135
358540
314407
323884
387755
253062
158335
343410
172218
302232
380175
160168
329210
432692
432709
106758
368370
253036
446584
116166
129784
101277
357763
199590
241467
283828
115623
329172
110072
133646
271822
124117
426722
176940
370992
181155
153893
411484
183184
280803
390266
380753
290962
285013
441370
157415
281130
331994
264132
449460
231909
313265
376415
320556
174449
321281
100727
273616
289355
290348
378985
158303
390885
365970
267171
228085
160795
322207
316560
161801
283514
318653
140310
167967
441927
442968
113250
435913
121405
450098
370960
351792
335510
393486
222748
275849
410124
435500
304345
283358
177969
341968
429145
263397
174341
198157
105437
187458
197725
435655
213073
353498
113194
295481
436442
189579
146448
333851
242521
199118
185254
450891
124380
137635
143701
211007
374743
154645
304896
335979
288428
443417
337340
169447
271150
134778
100598
392522
289242
289163
311842
226037
441132
294438
372387
256336
433562
324463
143009
154693
298133
273331
120614
417599
269919
108312
360228
257896
230309
149786
239044
443113
376714
393890
377416
364924
409391
289140
299603
187674
195508
302852
287308
151060
215509
302963
397952
149222
114103
119400
263418
341362
349837
188330
333836
275881
180968
218589
143197
304074
309932
101038
252178
187832
286234
428288
418659
408664
269793
331323
303958
132388
411072
430139
309607
149407
305419
141278
329244
378489
215504
272441
443194
159107
236931
310139
319764
110910
230905
410129
139328
388011
207302
281241
454816
225726
278069
197887
212509
107631
302253
372474
439277
233560
190876
264239
265576
277014
139585
408682
185327
203749
100728
300256
320619
384628
296715
373016
163513
380678
187135
244320
304733
442996
204289
356357
355998
152795
102199
190539
444790
376682
272552
184828
242660
129840
251989
414929
340885
276713
181003
405494
385734
426950
257927
220306
265140
388115
399018
376028
121365
385958
429009
443511
239348
182589
230711
409912
359339
149924
130674
146490
342635
242738
427936
349128
136077
354147
100924
374499
105546
203739
125870
433907
341704
337538
168920
192635
276474
340482
336324
313306
173483
291168
294879
176184
427576
324349
351954
420007
191311
309186
417270
192489
366737
138644
133446
263859
160050
236388
366424
280139
211284
193716
188638
439426
343564
190707
103053
233727
228357
217041
363088
367699
141586
321408
155170
384584
252507
226263
156222
299651
407213
128538
441403
370099
228618
374171
237754
197988
304633
218056
172903
108417
365410
442319
149256
353513
280168
265516
206529
403305
431414
107141
207069
257174
392199
204966
266969
263936
175196
208894
179761
320269
448248
229230
107079
347631
196159
174998
290777
340554
268506
421266
278676
210388
110620
102075
267717
296506
164517
151407
282444
319563
423816
370384
252800
193602
108686
118783
200781
236046
435137
245789
225700
279363
271963
302205
248102
295761
448056
418019
278769
330551
377813
166505
288937
326336
418422
392851
400602
357231
248523
353627
437971
355065
156962
414163
331109
447539
180266
135315
123095
107052
138575
429744
294266
123482
410525
418127
434457
363132
372756
401001
400173
399779
270015
335793
324891
312623
188301
296166
174769
349850
294343
445067
324097
452145
319259
209974
261426
112799
126078
435465
294448
297482
189503
229985
285827
437804
186337
176062
291079
202469
428178
297756
440692
201014
325574
228876
306684
451692
242701
391347
288729
148443
120354
386430
100730
267509
418381
168850
429108
349359
135464
247407
386736
419009
178630
438083
388112
232457
114428
360736
318774
109055
368578
260223
165711
350069
133452
142344
177328
179895
143926
396256
118065
116793
164278
240892
160536
137145
383909
332544
357366
237736
362849
317109
362930
392633
453264
214374
199639
178797
348754
210337
109852
152773
261303
219484
229951
414069
110663
118043
116870
322650
391421
198832
206980
427719
105886
182452
129896
129774
391832
375283
322102
364099
404260
281421
171465
318032
169324
305080
120838
451314
235966
332474
381685
451765
321109
451631
403350
201523
260163
399256
368889
353895
444726
273453
282931
262533
390814
320029
194377
319075
136917
360375
121161
234248
222706
378483
181145
421992
291215
233136
314406
364165
274298
252966
356992
151493
272282
206243
435130
129132
293188
262111
290914
304255
307825
286635
185791
281899
381474
384958
151766
144837
236535
256271
238988
237500
405039
412117
371766
153495
390267
421089
420416
375563
142878
313039
208413
228406
281680
428791
337684
320433
419264
126149
416100
339006
130619
365296
150428
168396
383504
356044
304635
448065
293151
128613
200407
306645
408979
179594
130761
165402
270604
101658
382347
306776
230819
399162
289365
402945
211752
144794
224285
251903
449044
402126
322272
267396
168704
231807
201224
257810
104664
267780
263180
264214
223171
270163
297846
180943
288825
287430
328457
253129
419940
357815
121823
250030
389681
359723
118726
421289
296212
255940
229665
166174
309440
247120
186534
198834
163630
233982
439020
240780
362620
115266
344208
180154
449691
357544
313358
436914
446592
337291
379074
445443
262212
280030
339058
213190
270081
190309
225360
361477
117275
165573
358019
372444
172745
362586
302252
258908
297072
368431
432601
347426
180196
366012
426604
132973
400231
144182
167878
334717
101820
308715
121678
438433
219558
338007
139409
425563
237202
212632
407030
348925
371364
304059
301202
323593
431550
150591
429350
325524
208820
336529
194491
190173
162566
153400
402025
158058
412048
354349
189607
411497
179694
384218
366584
335338
225319
397983
341286
258816
370765
124419
245087
197124
242643
438134
191046
194348
350406
263900
454881
380053
434603
117751
354325
417739
249365
391633
170817
454068
350012
363696
311650
189869
228122
263413
125940
257450
396365
116396
441346
386357
370636
345625
199900
148921
252421
412813
235773
266807
410556
301440
417047
100963
167181
368958
347277
189036
209533
237908
181079
171366
317394
352002
291476
280398
239553
210025
272236
204090
373818
135374
237541
189530
181952
350356
448357
328596
145817
357532
314428
318549
165198
232596
197477
145197
283369
200013
341736
119674
337135
156775
338907
109577
280680
341951
141649
415929
433383
197469
158626
168121
377682
188716
388477
336140
342219
377432
200573
365684
158692
365902
207793
340291
383016
184775
237920
158440
256582
110611
191231
447561
207461
310817
443510
234884
268755
375765
447206
279701
272226
105599
157072
299164
231524
453616
273493
332749
391234
196642
373800
352613
362874
255725
307024
394143
153183
373971
159043
369542
348502
183771
301487
255744
142659
436515
402325
260627
325132
424140
321822
286642
401116
314284
185532
133494
431704
334729
224904
406461
220345
419735
276527
304960
309336
128059
115647
347679
427972
417312
337617
265054
108569
263111
352167
164137
139357
397027
406184
196840
203015
315401
233504
194118
379441
330372
114172
129162
393358
197617
300572
206233
237730
182037
247964
170864
190774
116257
329558
274277
381064
384084
410151
338555
452655
145724
387167
249982
333554
136419
347929
368522
386494
269231
161092
198796
243909
316317
320659
359150
198947
176413
399237
206757
168547
161904
282507
203418
417127
415249
305783
150688
301540
120469
142029
368839
219916
374327
415439
418847
324239
288014
203766
107592
221293
125683
428677
450394
358637
312256
421621
299118
270578
427365
389455
110960
324362
184397
122587
106063
341047
358766
172289
291759
214446
217126
236968
449337
368444
403056
403774
109670
428798
378414
446449
132928
325447
216986
205232
332883
331002
143327
427573
280925
442755
453946
420959
355921
117311
306596
216628
452794
118417
276152
217742
261016
415010
156636
140871
282724
336663
361561
181812
139695
269298
159048
240588
207124
315280
271873
268723
167938
161190
135651
181668
419124
151512
409211
147365
285872
434029
380803
336409
413986
117745
383528
370900
100928
369682
321441
414258
248600
144711
198553
339438
375645
299467
225622
446463
101783
364840
172369
408000
198787
393575
375383
142457
231373
416528
247288
184469
319505
437571
319969
445994
358701
403289
445402
152166
359016
119345
114907
111647
320531
120901
309471
259737
286276
317502
177293
384093
417885
117511
288786
404063
211221
195005
205276
279528
277213
286269
435392
393725
293246
166517
420845
396151
229475
207835
386588
446583
244766
390989
148700
390689
326595
202310
343198
184754
125076
288185
426657
214477
102974
446865
278265
204657
371066
128279
356979
166589
151216
280853
282044
181798
244477
147936
147673
336645
320673
176159
379840
308843
397777
234706
444498
455663
266023
296303
321881
432763
278719
220995
187217
258749
263563
265849
349309
382350
368177
401933
451657
249490
323263
425627
436263
446764
437944
119048
179122
224845
453590
443602
282803
154193
126290
365745
101617
119687
401761
331833
129537
111071
293177
309838
279254
382990
136980
434358
426360
175209
229479
257233
371659
195877
293952
306704
262080
204900
362653
222367
398733
229815
313773
129446
290709
248996
308759
362749
158175
204922
379146
249731
245230
123856
280417
284358
161334
418891
387605
283239
271175
136708
412109
387791
331975
197767
106126
275578
262462
147560
323510
244598
408447
270141
440121
405324
315592
289435
311836
413438
277056
115900
409332
169800
389130
140867
208980
345827
285579
410248
427862
300820
176725
140914
388595
335444
290345
397798
444158
283550
428528
129465
390660
108175
257241
330575
162138
396906
126709
420055
331569
400601
266166
443064
146489
313268
169742
206800
230638
432165
109308
384516
242351
357599
394594
389646
316892
364608
180097
299049
121453
440540
341885
287870
342268
358709
108023
227743
160535
447979
382217
125792
409510
129140
305886
409376
419781
375388
365448
110156
260943
224038
331354
325534
313564
226411
147870
382930
289445
445551
256130
289083
359913
214645
153320
453292
352484
251173
330032
130887
365310
345508
108272
249256
358548
215022
214250
370406
163901
194913
452638
340351
312794
336414
259140
184739
153486
254248
379529
356493
325694
219316
333940
435654
210131
327128
355285
211289
108261
386260
251472
157763
283155
347588
446899
441511
384716
198999
329711
309686
265272
373680
341978
125933
371425
235630
241366
186040
455089
305891
429617
223242
191320
411937
125128
435045
426983
249276
116017
427679
114087
389321
246712
424988
455788
382000
308638
356054
400666
320535
320540
169875
215481
244195
137112
256441
234845
393896
173239
454833
285537
342473
371958
200940
105661
402765
279954
206674
443762
390822
199812
108959
312739
120692
147344
306915
200687
183671
273931
391005
134479
225313
428328
259404
241242
126661
380845
142425
425908
348665
275858
425300
227812
107549
217624
340423
143323
105773
411836
262387
398359
258848
194359
163285
437439
220819
244739
112613
439499
286990
365743
407358
363025
160218
316359
439161
289780
175386
299860
388834
347903
339113
183188
391127
192146
156598
274001
105696
182680
357866
204161
106755
395093
370378
333441
444911
258241
448625
378444
176274
271146
179312
337533
195031
308860
357322
302110
336200
214661
186369
108337
266199
236300
324804
389531
136592
253451
337563
408631
154248
270671
431228
249076
394832
224740
320923
366142
325937
349950
188445
455201
366580
274284
248247
264445
334636
382420
331912
451884
252303
142182
132652
363737
212753
314475
151525
212029
125328
428997
267968
112561
113713
217417
371095
301815
100895
401769
189962
374344
232430
143848
332185
300743
403211
407722
451016
409785
371612
343350
449628
217960
102578
277046
417045
225904
347092
207989
135172
254961
250138
370352
288413
185122
454764
320068
155308
259685
365764
204260
280075
306272
131885
222131
232710
455301
183572
360854
201278
360735
162358
203210
389120
293624
170929
287325
109619
369188
169101
188655
418831
376844
142911
225799
344581
161130
259226
300652
158154
243429
256464
230646
388523
124690
106359
250336
447441
203304
151179
389893
364724
163888
174046
364209
185731
143408
321089
439454
105362
128839
160340
153914
381792
426944
370883
319038
442594
211478
145427
201835
312322
433366
316392
292639
153691
294147
182613
145327
444400
337468
442035
147616
252230
184568
319878
190575
350922
271041
399165
218179
340834
129509
154635
395091
375935
223139
387002
419040
342742
187243
168020
199395
288702
126563
381692
311764
347672
258912
187556
294693
265611
241796
118329
439662
394953
269579
438107
342267
332612
450448
313642
279435
204967
264560
426289
257874
213605
206929
303004
416009
338220
383042
379043
131359
209880
404408
382727
186697
282738
243755
234511
178514
328093
280443
268182
382364
315533
382640
264967
385398
455973
378315
437115
206085
444797
245608
231868
300522
403522
163670
285960
218312
100818
164990
184219
428372
373843
370221
280938
331413
287890
230598
293902
407086
322755
369875
337252
358135
219280
125265
131482
285088
318837
338769
402859
311351
330474
337593
196762
411477
154154
121547
317908
402802
302528
140883
310889
256798
110818
325544
454798
416376
234391
184592
380126
174281
297593
440869
325921
405507
442543
325999
146307
411204
228173
112614
104651
327091
185198
118097
152178
138608
272712
421740
331466
130955
194459
102949
387558
439993
347260
375381
341732
352136
118820
104640
408894
407123
438274
242247
305770
118243
421517
376894
289813
397750
348614
198100
153188
336282
368662
109200
250202
270297
451802
189093
192307
331259
181518
181168
413421
349464
281785
121090
284064
300999
315056
342475
322568
333567
309255
332471
366141
144462
375368
354469
214807
445362
364083
380547
379808
311371
123373
193379
351305
451224
252080
183509
164757
288520
222124
420989
322259
327705
182221
191934
433096
273434
403381
157242
201622
140456
422032
253807
425207
400344
398753
455302
226421
213543
344870
379813
191551
172781
322844
191177
364056
230908
229902
177612
183330
301572
303742
233063
181473
313698
377349
154048
361904
129628
340318
451205
270734
391811
291265
312148
372903
144731
192476
294128
176204
225330
339434
245912
162981
372816
341071
390081
379144
229604
116179
242450
120008
209702
419476
354490
192522
153406
341385
370408
113691
332378
366799
394608
298072
151019
160130
153489
159692
145132
210977
292176
151369
247164
357985
130008
279397
170532
414268
352183
435645
173918
422379
324206
268604
383683
273016
238337
325684
111436
212726
452569
226126
417776
187855
222100
234712
246272
168112
418810
163913
304267
399210
184969
330082
107730
295232
447665
101394
292206
311207
413009
180095
197296
383547
360911
381005
292531
373656
326775
150095
259009
121952
213894
204363
130838
337089
366825
332518
214766
216574
367049
300079
314602
449584
214784
232763
113794
444039
395901
290444
135669
391919
382376
430870
244812
346452
157318
453044
174388
450093
319025
115648
360739
344046
342456
304859
259035
172909
442522
382725
272801
399557
246205
353961
121150
428179
231349
262755
116486
175004
241474
378377
220164
274934
379554
359791
323386
366366
137880
449205
366228
122494
195731
135634
341588
236626
245050
103917
280926
420546
300563
398745
369053
295064
300940
157698
271193
132893
303933
302634
291519
451426
426103
157407
226711
102678
325482
291216
357077
323747
332736
341945
345382
419377
199265
101286
441703
334675
235603
268908
382938
243054
182806
123238
204479
374513
265712
273154
390150
432340
239940
109630
226953
286532
343272
357403
455109
250823
312924
100246
406635
256901
410357
166948
378461
283156
246175
244449
362827
386867
332987
257351
376259
372283
151474
300923
438012
325175
348707
312248
226913
329837
323981
359924
108370
427438
125623
168468
271042
260421
100634
450300
192562
441566
416529
168733
436948
191408
193252
401532
315845
294063
138092
348262
315589
301824
255507
447309
284628
260568
382061
128589
149757
280893
234844
134561
284115
228012
406530
256737
144437
134292
449002
440166
365594
306550
362674
400182
166656
378216
239403
281776
345277
262525
323430
181530
355645
364527
338523
123677
318642
341775
203510
175642
291498
177282
338392
108316
105821
237767
111644
101721
330511
242118
231731
298738
159612
394731
162938
204166
303650
228728
267706
223655
377854
168558
371016
393550
425155
288236
239176
316056
413728
432288
392490
114467
191065
259499
273188
159207
173226
103831
350102
330248
189920
393299
379978
298572
330958
437637
318715
357713
441709
320410
209979
154741
394703
150556
282860
338077
180093
191527
312586
247825
139459
275255
410362
253469
283370
219666
276760
241668
284687
175136
429808
206075
317641
398990
163055
164337
186214
408259
299107
368963
411800
328230
351373
164644
198989
400177
177760
395333
258039
202471
269594
241897
316634
147900
299908
438885
293596
271097
232055
206054
383818
224537
210866
182464
189363
123093
399228
359631
223705
134182
186149
369789
156410
156690
406687
427849
270569
370207
237590
185110
348738
130763
246693
105045
449946
338258
118565
181515
433738
352194
350976
125894
267909
322292
338569
437125
273370
345147
233027
107682
139060
182866
416267
201662
129614
283079
425058
182547
298701
342212
236542
191202
275459
354433
106172
184482
206858
217825
214304
424587
393371
326340
109481
260667
419371
309460
216030
172263
233527
140585
209799
252560
443007
104697
340618
157493
302760
352471
294204
328548
267864
146464
385865
213392
235131
158349
296364
418359
364449
290666
171375
389477
159573
427385
286193
181189
181452
343579
318329
339660
320390
129979
416389
356897
280538
309612
447471
354458
135265
260792
118807
116324
254357
407654
147347
447335
424600
137085
269681
305205
430050
250700
246159
110201
241579
312518
181908
149835
411126
260232
240690
211291
102278
358157
169460
408022
159420
412418
255381
393999
352727
141660
380961
151835
181024
380955
193154
206365
144486
239590
131297
207585
270067
391283
395287
284094
338968
277292
155160
361201
136680
298654
105560
280933
444511
257722
226579
237181
194471
141636
104075
189733
222820
446836
340352
307603
157126
338877
443856
125651
364332
278492
112600
385537
271115
335641
418123
317752
401528
279273
123417
313582
373552
169543
181022
418118
186026
282721
235881
214612
276090
170786
116472
310527
108431
185208
450751
188037
115052
126645
241428
437955
281874
109061
244651
440299
209135
337731
159187
105872
340992
435945
425294
153191
384525
192969
250559
268571
271108
426440
282775
134318
398441
416737
221001
303063
316054
394310
200194
407614
339759
264543
275535
199969
131811
113459
284806
178322
448562
370066
364253
131106
187045
165828
303203
402128
317996
368403
258451
236566
231505
147740
154614
151346
196232
265452
343818
182393
187512
151693
205491
445983
126944
262605
423548
100043
325687
178904
387717
207535
286291
196527
434950
325610
278331
217476
109436
134275
310520
453462
326253
406488
380821
429582
203412
303688
291965
249850
308352
359704
136362
173233
451727
278196
181719
232289
268475
450941
441746
434587
396957
425647
372512
204692
253990
196589
340884
368851
344326
184109
107055
413877
387055
324751
402347
455213
189705
137325
318887
222135
421091
319518
123175
268699
355306
256561
411159
275381
107824
185384
422318
155656
108632
223120
264262
332853
417370
139346
386700
315608
401135
446579
376250
297691
197253
290422
363757
179782
404239
448232
297105
192862
135441
184411
143378
194979
143035
303760
410171
351256
187314
232300
397382
451633
382129
403589
444339
344115
423395
453025
166010
102903
186904
259455
236881
198135
172901
271859
346666
305193
419748
361069
280624
132633
342932
358867
182823
371358
111337
320200
206803
176216
217436
161692
241342
437518
434753
295527
260684
366403
309681
241133
266233
184951
181187
405171
446696
279820
188897
450844
372332
353474
116037
136651
101950
215732
382971
227923
414365
379370
433578
393495
103292
223423
384854
118032
416592
379429
192719
138864
233763
388752
452899
198969
230946
426817
151996
163196
285749
205631
191970
253645
318068
145207
329714
444179
359458
373092
434389
118215
289087
390069
119085
130611
456252
441967
265502
194788
396626
391491
389215
202487
449530
187411
387731
338298
164501
152801
350807
296963
449572
302167
174148
358773
431599
339025
453429
341993
383853
400844
165165
265391
103466
102003
437008
270715
431953
221745
321146
291459
186857
212406
358433
222164
154883
150439
152537
205743
185565
195414
201940
207796
268133
156316
168066
340002
309833
176256
378659
138717
433664
271101
268733
219473
296982
154152
338654
404861
365755
427546
111975
388484
302279
302526
134799
220045
188094
416157
369070
262540
183397
370449
431661
299967
337006
381920
295004
161717
343670
142693
278143
405284
319230
409616
227288
356381
154756
206824
166182
375641
254246
155630
346902
400913
164216
321320
308539
173764
247449
329269
309458
202954
404793
344669
348501
115146
144441
415551
370502
143196
234127
382596
412677
393737
268104
292684
339198
117161
177940
202431
127898
166131
108429
432281
125564
203672
116116
162146
435829
242055
105788
147326
132813
309545
403158
217408
151427
442022
234856
200300
182804
231895
108255
195631
380386
145616
146120
447338
290496
409693
348914
392977
228016
214428
217378
245067
398744
231020
302793
322426
164490
383283
384142
414457
174715
195770
346465
306765
403382
447205
445000
311687
244629
310076
377252
297548
412848
228839
407098
206389
203786
288232
302242
143765
381407
313279
173136
295032
277659
124989
232556
365468
295930
144877
215902
355605
139129
432671
325292
271628
420661
294015
370867
236251
308890
425046
132700
379531
222455
250985
166068
174421
340724
154755
285464
186133
434761
253525
183253
184205
349630
162779
338862
454383
225928
449471
321893
112678
341393
378875
336696
448133
207565
256980
305102
439022
314608
150029
375560
114308
373536
141719
108435
445065
168194
278753
415214
316425
402987
239347
274547
370339
243726
207995
413745
253043
415003
118615
192419
339136
403103
341527
189391
222798
137210
139026
208680
102673
355111
169660
237388
377633
107448
173068
282780
180014
143862
145649
318577
238344
276463
167017
155309
170478
196897
153278
123455
230509
274078
302439
124302
142518
233614
437036
219698
299194
446232
449996
407819
212192
373850
424470
305836
171963
279764
203928
334849
393444
161260
148027
263645
184882
338332
285915
415852
274938
452941
117628
179773
337493
428829
279642
114083
202210
320600
159828
170820
154374
351433
375013
352664
207822
110204
231346
153415
232258
146425
138387
206398
205915
313812
395937
302545
414339
217140
118880
270409
224724
184669
339796
180589
131697
220911
177908
280159
442566
256119
249404
123118
384214
385410
370684
103701
390327
380420
257782
239380
312036
239725
382925
315918
175263
322637
321500
301367
123592
293065
342776
273991
327536
119856
322518
226981
128761
430486
180395
255890
330465
365818
297589
315921
327299
270576
213234
393392
208685
291736
197163
399155
406520
133351
397918
320301
302792
321172
243502
341068
120483
364074
368938
326819
130560
175238
129855
446371
348461
150699
109134
260729
378943
270904
398042
189698
178561
329344
265801
249188
352310
428057
134391
398209
209163
320278
391553
114874
286443
308931
264601
453363
449181
369434
299804
154034
276740
234868
190888
140238
419961
291001
385534
214868
365911
354350
209422
352072
159109
110939
128375
208641
277436
195185
433962
192593
308209
142147
304166
221586
330412
142692
115482
171765
444750
428205
412081
400071
273737
164421
390773
169877
396791
449974
121401
108334
398594
271761
371551
370678
290269
224754
297257
273901
161403
162628
128950
166228
110264
210747
137205
410653
315504
241098
302095
363711
272093
383244
213134
299889
421703
250149
266602
325622
369081
186780
366100
393862
117452
335325
124427
104430
115792
111765
421891
347271
180366
123246
268931
250187
103353
153854
339225
280163
215303
195172
413382
146906
165288
348418
139217
371636
265523
177045
441281
328748
228292
110331
197316
190136
246209
279687
415206
292532
314657
141330
165394
448530
141466
158294
286293
300371
141581
329847
444903
436265
236832
429146
100160
342929
177086
415856
368427
317074
256906
123286
395313
169182
225385
147177
232100
358307
260815
186466
407907
452986
424739
429141
112026
106821
427542
294848
256548
427909
171051
390680
276335
279996
411207
133433
108670
312454
110969
258098
171660
186645
163175
411374
438883
329718
175017
253806
289091
115171
194633
257535
265459
407806
327024
323644
287073
322703
106353
162081
207955
337963
143457
385637
179430
261370
454740
298361
260278
443429
113726
387091
352006
146618
306726
152094
275251
384100
131554
181243
344872
213092
447846
131058
306149
415042
143243
324738
110521
203641
316671
419869
428638
379155
332461
111459
434087
280672
433886
238830
128253
112338
428251
278718
399215
273335
333045
395823
245494
311856
156150
205027
369368
436740
118504
244358
224248
346471
337047
148139
196744
120507
323567
219020
420369
344702
203059
116998
144816
201274
290361
248178
255704
359912
150037
190087
173256
219103
218964
321392
140220
401257
279420
240426
129638
138268
158054
312121
307740
197175
143368
316624
280990
152366
217239
237139
107144
437585
424564
233495
447870
144576
305170
205115
319691
115976
111145
209607
363562
136307
135822
101063
444496
312913
415399
320446
239754
321888
122958
304819
430761
330219
165222
369633
294929
117693
350816
171462
445020
433586
190595
205625
297071
318004
134200
132235
327599
225092
220473
215982
150885
291043
430024
187334
346415
329394
280592
260376
172851
325093
156643
214489
426772
142649
431280
144967
266490
208280
379596
192479
430756
258491
259782
229591
331221
446970
336818
215576
426302
252173
165187
399190
325205
235048
330286
291698
263916
131296
432396
109426
421034
321008
455758
108594
330050
244366
304525
419728
390105
337362
249208
274237
397411
234347
219530
408493
440190
231149
402472
245807
127619
212365
344147
431217
373673
446517
151635
220705
341087
141662
387117
145584
371623
302821
354061
400640
251392
229518
357238
233458
229283
263491
433517
122394
124740
351571
139576
396925
151102
303337
245982
260104
104692
334519
361576
415385
162255
148928
246233
298750
209785
181491
411414
237238
222307
359109
395369
287539
448556
157123
197222
273096
272990
107093
105590
243081
160814
188454
333587
115939
169376
327379
423267
212815
253604
453344
423770
163658
391217
166195
160968
148153
303556
184851
383160
190540
186145
287094
139766
230326
435955
191431
342877
435033
343829
300622
220769
158131
129391
218894
148173
216700
355477
182247
342766
415888
308590
219805
179349
199561
362350
333453
203486
162122
273296
170502
390796
231799
178194
107241
193308
282922
241206
453641
336487
247488
152209
100816
422758
121531
168792
392244
290192
366172
396394
391830
271243
395939
201060
130376
267580
201871
355679
335905
417425
216705
288878
128870
269504
237106
246100
402668
230003
291842
346136
187390
140255
242746
200289
385720
280329
421962
205700
154050
350789
124985
271993
294360
269106
162519
269007
315452
355409
168713
153925
433950
435906
160272
302434
384051
240612
403884
156954
447435
453434
294576
301374
170299
217950
110553
323500
455493
359052
102083
180289
189805
310762
107938
181032
270072
183027
184520
179806
179009
138722
250536
455092
306475
318677
263976
280907
437806
360940
112156
196188
244119
125731
281726
425358
279760
411658
218075
100355
306606
266032
222438
414901
426043
181445
277235
174420
404138
447662
192763
120344
259057
160250
207169
225715
255242
280241
299684
106130
340980
423352
355052
122254
357998
400634
354006
368624
396374
334052
384390
112314
391477
202937
362629
161153
428633
261282
382534
112897
345389
381366
304185
186990
389975
181208
194531
200231
367689
122473
234762
390890
163880
300671
442390
248659
233992
223044
414432
287584
330276
305149
451385
191835
223443
190649
418060
173266
182427
439554
189160
351695
354916
318469
327410
335282
208597
402295
241637
298864
199629
374750
168206
102729
214068
212563
268179
251988
160937
130271
239538
135413
226943
311339
256654
425136
225882
175837
296641
135022
240062
429021
294105
117017
107731
151484
127428
281237
262222
260951
305230
423481
195528
283338
242962
327402
434549
441011
262192
132122
240890
446194
317532
287095
395281
119961
408553
437816
162946
134958
183495
108267
272713
108536
412658
325692
240213
257646
309862
211348
336932
413910
118958
276587
221155
147239
234597
303168
452659
278413
174289
394688
323303
216432
268526
253775
125080
432429
379373
239245
397385
258543
194572
384245
250277
307741
107917
361937
213547
153350
191956
185284
242293
348705
150674
261064
107120
198462
284739
215027
435894
398225
380259
200077
289871
112422
109998
345664
167251
250988
184984
226289
233341
235367
196839
385448
383373
398257
379413
230910
340235
258262
447718
282656
267033
328480
289424
322304
247338
389743
268314
269944
164368
101036
406068
418333
258288
209091
171737
272770
455786
307180
331085
352278
401733
324711
109758
232393
145488
190418
121974
349183
344790
218480
397351
397509
260373
150020
164291
167362
448842
164974
180895
196908
295944
201042
285452
435098
120110
323526
445236
286343
260942
282706
438912
271635
127394
224122
343242
167221
159058
289141
252955
438584
423866
142663
130677
248292
326709
207569
161641
293206
261131
452583
270378
388745
247050
365008
111087
264302
238701
207273
144843
245073
129996
291663
244349
149990
394961
215056
437835
363693
314057
238171
213098
147565
107611
386677
392325
348274
135771
358907
348161
107293
165963
133621
134441
189848
253550
122299
341268
452812
257595
119686
384964
329142
194809
299886
344666
332452
413023
436076
103045
451503
185151
198503
365969
257870
317734
274853
128431
276784
202539
316358
239623
340703
140178
189814
314911
415192
183831
300148
395746
278598
184999
426025
410137
196022
222983
321865
267867
238774
145501
279757
185446
179061
153779
279167
451842
325134
151936
149706
129203
297910
281394
125773
189405
239197
225095
174086
451031
339671
265466
312583
168385
117696
282795
373436
324975
401427
129422
315930
272138
279473
272601
360711
194473
219008
396545
313866
339889
183604
105042
201367
263924
353346
323299
252283
271901
175063
141269
433229
196218
252070
321846
447570
454888
400598
402873
153805
396788
103619
172779
113152
232668
437402
406593
175705
436801
205634
119779
157464
351867
268964
198256
158389
183030
192142
200485
436130
313928
227750
351384
204347
386829
310774
222199
205762
407989
158256
370877
277486
190355
445563
116050
140175
378756
392172
329574
346502
134573
211334
212675
254808
204083
314142
380045
448994
105310
134484
444488
299364
198280
422286
283968
157715
306852
187764
176587
212700
435822
384927
113251
169784
177436
261855
340086
374137
436778
279003
150514
235466
428501
360021
296405
372447
347799
158899
292004
232809
259862
211444
247183
384054
177929
405733
232599
225970
203976
395669
123050
406332
173615
332502
300334
194483
222140
148312
392608
184095
232805
379397
453140
233749
356224
314759
349486
247878
273980
372065
309010
337322
178193
183482
111166
319185
134870
432615
328422
176637
125962
228593
428851
141194
127322
121854
203678
410367
104414
402065
184466
409256
440733
140747
239561
272358
373394
247507
204024
170726
213840
285789
189610
445188
455182
365415
418322
390429
171590
145033
220301
188075
429321
396690
444484
109525
353742
305099
374950
444579
279389
156776
245206
303970
121366
326730
354909
169419
416514
289373
176330
189006
299918
343434
315659
136716
220666
239902
388137
247927
255676
392438
360034
151938
116775
141594
236146
133195
180502
240395
280033
134145
297969
373201
182649
413798
435941
326783
271492
297776
438963
355405
380454
147198
331718
188918
372741
286700
276701
406581
349867
372947
385176
212640
425855
231536
273878
265651
152624
334399
425981
185448
206838
186245
310535
166913
226775
354509
113937
175360
218126
341998
385970
103346
108702
246458
121009
384249
405775
283883
283003
135945
263297
380158
351040
133135
167424
147823
322409
440454
279858
336132
177458
303663
307887
223410
309742
245482
131289
204500
387823
291146
284989
122418
102222
371729
350943
162338
130551
279407
289059
310102
122950
367662
169366
211503
451676
390766
295916
210705
197121
181895
364005
112697
358989
409622
357602
406661
120582
234341
134319
326498
268745
331350
341049
361046
119005
444591
122531
312732
435187
108721
160227
361771
183120
224962
181390
175236
255335
287246
413420
146072
369142
395510
200087
275723
351776
392878
292689
250678
250515
449366
389354
134004
349791
292510
348766
151194
384605
380576
382928
133927
298333
165280
186918
351023
442924
216033
105423
180861
250297
192347
100456
432979
252816
413390
157863
106705
450609
158010
180311
368289
252592
181683
356298
247355
412832
284145
346750
448656
419645
295203
209165
202403
362266
168662
168526
242199
112330
144709
307079
220799
133380
425598
306235
342385
269265
359466
299855
183913
152083
386329
389071
308905
260707
183087
106859
419185
361916
192299
258136
389783
338756
200708
442369
243201
337695
304924
369333
325829
415626
245685
375402
348252
334617
175410
410938
185422
450215
366895
344755
318097
318225
356622
313349
127908
383545
245321
265252
413539
205004
176649
270758
448874
366358
399946
213709
422292
401585
139469
166897
346381
194911
315780
138839
378629
274797
408195
455618
443998
411575
218038
209653
433916
293099
280275
241290
111226
313489
361668
443148
329040
444778
267577
257173
288421
139986
125061
274888
409027
381820
448298
417916
398627
439189
371401
425087
102396
151707
182395
419181
164245
219120
189499
118689
169816
249264
415196
278921
177013
190143
168236
338765
279833
187631
352018
396689
276971
156303
102839
100971
455392
179655
204520
203047
438282
175939
233114
225785
224816
411737
264231
225512
373451
328767
422754
162746
287825
141380
127476
396180
304534
170021
143332
429806
317219
361301
447043
259097
432513
398934
354986
334166
212451
178479
361749
210200
235600
451062
106341
150092
293189
405283
308463
309176
169373
170307
107244
358005
240005
238303
358562
414938
403435
219816
377974
107289
342315
386657
312762
242051
176238
369177
134692
382839
402851
114666
352811
162770
253362
190076
174418
392173
359489
359581
228506
151952
207334
160302
199184
157921
145704
285471
203573
183528
229463
145691
377719
421812
328073
286699
138601
451624
263442
308240
410769
167111
342171
323991
174723
265536
377551
410422
314360
321886
227854
327375
326547
123150
114224
390996
265045
405727
187735
322554
409933
204068
370580
126676
437850
166383
166527
171454
285445
150821
252633
138631
293113
416331
156248
318223
302829
344963
386121
262923
397024
180379
180976
293484
374283
362715
326168
192731
137244
375116
190761
146118
418881
200274
197860
380925
241383
450651
353254
369390
241212
360702
276086
303394
391962
128055
361017
428044
306370
278910
298737
389117
361549
391874
147665
259924
416378
105848
299593
456047
143315
196607
394128
192004
440905
323808
330972
354833
374608
107875
193605
211087
290860
310468
204979
164550
371499
183400
367157
288611
114211
213104
179378
140903
376003
323301
211940
249867
227950
133121
245075
365572
403881
202414
198508
451471
171314
201903
225219
142640
157233
330642
234677
220442
317828
399896
135810
177987
103126
219496
338989
244521
154642
244427
171427
125593
253901
265028
127867
416707
450542
135813
159276
161429
296475
445445
370783
141252
250654
272262
178187
360114
388108
403709
390168
126577
142965
192996
316001
281084
153564
132191
258315
429929
217009
269405
271690
445093
357826
326344
120450
348861
445263
136195
312771
129290
296597
386953
148155
258242
376849
237241
421492
424067
283890
280564
306886
396558
290985
317473
189283
134262
374009
129829
366385
329751
268058
228267
266458
315371
176373
451460
359340
391420
427621
272312
272942
429080
237104
235587
287559
201217
259090
406056
350973
238917
103427
137175
242736
442062
232496
262640
446177
398374
445120
384006
321085
154345
205164
366441
301047
398593
276955
441676
216799
391810
227239
117698
156936
409438
140634
294691
237064
344302
415781
224770
216462
148886
158933
190275
428637
146672
283724
312683
158043
188078
191804
207371
335148
119904
262555
177094
264352
324940
289306
205514
313110
180212
204968
242473
294727
156912
327353
314432
344607
255122
321523
293763
194847
379905
335688
232789
259358
440186
224919
253518
181994
314102
240982
452029
212396
240575
408741
256326
276656
432164
309114
134571
118313
330795
254959
406866
334262
417703
100113
111379
400991
308161
292378
132273
337814
346760
309943
405786
449133
223671
328565
212377
396862
356443
434016
209222
263823
215907
185480
444939
317480
404071
365703
266898
226095
407241
255942
176442
130447
285263
147020
259923
179692
178582
427709
369635
388003
314452
122935
134817
288465
262314
364939
318200
258581
337344
154959
166216
401019
429454
241204
354049
124467
220520
185630
402407
272251
335095
236118
362018
438030
237706
171689
393170
370113
310770
338403
349271
226375
375568
387444
278955
113056
156209
427762
434427
236612
144705
330319
345619
452288
300696
251473
418321
241365
133303
351576
438793
389366
304571
176755
370299
357290
311935
373754
208443
112150
280214
115011
242729
417170
286518
303555
128973
404523
200287
228719
255098
255105
267090
144537
200081
343884
210156
364466
405290
163876
251069
276649
377384
318749
219313
257321
215693
193902
282917
408737
356491
331279
358252
279482
155067
190773
435722
275143
238691
321874
444319
237225
256447
409582
224730
264370
305919
154554
421280
394055
403402
215682
431746
184749
165559
132571
147166
384347
171952
154277
290580
171876
412358
358646
321133
418146
165787
288281
316654
379304
361207
221328
400353
386030
223650
191317
449335
135587
437285
303371
396469
320819
270814
349195
356354
124550
269874
263931
317667
451924
168274
397642
443333
189972
359178
235538
193429
171570
199776
398158
108131
135676
356204
311161
427919
230073
217518
160508
105319
131175
188332
303444
148043
307501
197280
276921
143097
138026
285126
239784
285745
432235
290450
387549
215541
160243
418642
291358
250863
386781
148876
118802
132698
424452
173300
402238
399553
415246
317002
439667
302307
100291
424991
241167
351161
247481
161848
321994
293244
101378
204678
258180
452303
218160
367109
259991
171989
230281
129945
370870
418527
139235
261026
113579
448743
393929
309067
323349
182513
415322
170829
276020
164303
258639
234000
345496
136527
403068
183815
266575
135806
175859
371179
348039
197815
454317
231588
229063
175068
105955
239592
310614
128396
281617
208439
383838
272296
356745
160519
430910
332279
190460
415734
360639
204208
388781
430051
108512
426059
334370
325440
314716
405718
208779
364343
235790
131025
104300
128361
347536
166391
358788
283980
370420
152962
325474
430794
391730
163508
230874
144320
220005
431691
189751
237478
148051
294252
161214
162180
321403
183966
207392
324643
405766
114030
279047
267795
213624
120014
284980
331529
120435
324253
344634
124639
202920
286758
200709
230333
257537
126590
415140
297858
382623
253380
121010
271112
341637
170631
124228
420005
202991
232731
380327
136825
195331
333257
301982
249367
272890
339750
170848
262957
326922
312081
129214
354545
107335
388450
121230
420953
175194
420341
369410
195212
429584
294445
449245
316417
388730
430945
420840
110952
345725
213153
319118
112770
232293
129671
312465
370442
134372
205562
106502
335393
367621
128341
392148
438840
359179
426963
362863
102577
398646
144279
274192
167936
288588
187624
283212
241044
317971
404898
401966
147855
153295
218821
155092
376154
148207
131137
417781
441543
313814
109491
143441
383131
419616
249498
419579
300768
163346
140486
201695
318602
328226
333818
386611
219956
379658
338088
165240
435457
147967
280378
213466
378942
329729
117691
257598
191356
446070
262340
120225
142412
145344
422369
435427
370450
344809
316936
192305
149854
408101
456018
243564
104140
324071
254952
319437
396785
402045
132914
225869
295731
193877
224003
387497
334630
428670
121324
211066
281878
102774
136300
405106
103090
221389
448445
109510
366748
410313
315383
145998
426763
421127
224489
385983
298387
247553
352202
349861
338601
185507
139259
184641
282101
313050
317038
312884
362276
426327
203781
111583
333583
356923
357929
294934
175210
273517
153331
202817
415285
252959
232637
186073
303006
330695
247730
398453
300268
269066
310530
158997
311702
138219
260614
185354
413697
406358
255325
411644
368414
242696
146323
110403
283579
190728
355149
325965
195601
128052
170482
222212
172693
162099
141440
302711
167850
123023
243823
156477
279923
165072
391133
311193
260958
380240
168830
404100
347505
271854
249049
396734
232933
391992
139963
325190
292849
320895
317229
421908
191058
415208
451729
455861
434809
216726
105289
211079
143298
324951
152744
276529
216579
373115
324852
258607
251967
285524
446425
429662
399416
180731
153656
398212
303936
377626
430979
100641
399031
104407
356193
279098
320251
436186
371967
182715
157436
237697
432088
210005
246180
324953
377412
439959
113386
345606
252335
153591
162154
155195
300232
134010
410490
107766
163403
207547
391727
259312
187605
152194
130527
391044
210161
145217
320151
443028
407909
443795
239548
171434
301564
218485
326348
421083
104252
407733
144256
384074
306167
180312
436597
239038
352130
172956
168832
294679
255349
271089
273822
348792
377746
144946
432801
208726
145279
136870
184474
149674
164763
254395
414975
311508
307364
187831
159600
112219
132514
315426
180728
217813
102587
381634
401108
308469
282882
189311
362498
375627
176069
210121
313879
204032
329987
162203
423844
229964
324406
388662
189803
390979
200891
407107
417508
445562
232479
141867
365620
190495
403515
152211
127437
348915
220136
225960
150719
303713
211313
117734
336423
234618
321296
297609
283182
149953
338658
116253
309358
162578
290819
236386
381940
236086
373261
232555
205719
150515
251715
214462
156771
135193
251971
146416
262343
180490
228989
146074
167873
195365
367496
189824
144703
432000
309854
251065
428570
284357
173663
308737
147723
302452
447363
331721
380696
357207
121774
370532
225318
380517
260009
385453
349211
182457
181976
407739
116094
348201
154209
224054
437126
315578
405452
409207
385714
205294
123535
107523
290025
393185
364003
373821
263381
222835
393635
150554
152666
285395
175961
214081
108197
103037
384891
238244
240806
415855
162670
150917
425666
426809
273092
170572
318542
430668
228031
316918
145930
240593
390600
332459
307862
177264
406931
102747
266765
268945
431398
376836
143942
262220
437240
174740
106329
387978
291887
215182
122610
198663
227181
292636
268980
296562
232127
225183
103060
361320
444695
361360
368224
163242
260256
273399
314285
442932
300848
162536
149290
416875
221094
131344
446808
404796
174975
373245
290546
377894
325990
124244
116196
223481
413370
351964
244532
249709
345135
297427
418950
159527
435050
129808
181442
204841
199020
232544
199095
371594
373881
286395
397469
176462
342516
146905
227684
324756
378555
400789
438321
386554
400439
159545
240980
364829
157928
257814
367622
395353
156983
196689
123481
200958
200514
427918
454010
210403
142426
447247
341261
367596
421892
348000
132184
123987
212683
371644
288964
239716
226065
343468
158311
199769
318789
426570
256739
242429
225072
398904
381835
306772
209139
383088
197939
248042
217666
270793
185472
423680
209371
107119
203403
289535
212019
418320
388111
327438
212557
192095
262230
447582
159038
158231
248100
355539
437609
397842
253001
422267
137018
183306
393073
128759
367320
185881
393385
231164
383976
120313
128221
418337
437545
302836
118113
223737
452538
384195
388796
115951
282285
414510
106092
119627
308445
107011
388109
118364
270959
259428
277749
190776
117752
282659
134303
450515
335521
158460
187049
230767
422162
132964
135437
167199
114500
403221
431753
186869
285114
101479
286228
198762
412784
146904
396959
334378
237155
352537
194655
452297
319698
447645
186593
249462
193968
188634
415571
242908
245618
273926
351821
291950
338358
276917
274736
116095
138383
425614
408183
264220
118950
113637
411685
239635
310767
453606
301220
170138
278851
374610
114726
349963
175438
277886
123814
184472
420441
316257
131298
132350
241190
302471
401783
177840
405189
187920
281455
400381
184156
202546
100366
214911
437639
288482
358385
212222
282168
390849
230796
223140
175927
444526
255414
240506
137092
124149
335718
311876
245937
134078
149264
218972
338115
185282
183196
339460
129617
274012
317313
233757
129828
381240
426493
268343
364795
248835
241460
234821
186193
338566
318781
429719
115155
357167
219054
163504
168029
153585
367427
373969
333657
192756
104981
123048
162404
109979
311130
327088
367867
334619
216176
395458
356289
371814
265889
291750
382189
376898
180019
209944
432168
414370
152523
270762
261841
250050
370577
218088
123371
365344
185346
109853
167322
407017
197713
274331
113491
100336
426754
245069
264890
387023
325085
219755
436744
430345
202526
284825
441058
424054
302133
117543
353286
176320
103926
357145
408270
191706
266503
366190
384566
441837
184608
413407
152417
124990
418557
163544
453594
175611
267083
293945
240211
206383
396463
408324
177640
345903
316189
386887
385761
409484
121564
120848
201453
435580
332024
100936
429761
366778
417011
139971
155983
256966
260755
104006
158986
294887
254340
387168
426190
255707
297222
443233
146418
267604
423190
434044
204458
283431
159987
113548
355611
265204
256925
165114
353770
162209
381707
197831
205288
209237
111653
199976
206479
295981
409832
206982
207738
209576
232315
209588
255635
391419
257826
270010
234780
208906
451152
107533
120841
152671
383836
419435
452292
175761
300710
163787
120799
109837
269881
100102
160577
250017
427372
179240
406656
378974
242458
195998
277602
101230
403608
213824
147105
156899
162615
111068
125165
198630
243487
387611
397350
208698
206847
246357
306100
274651
313936
436895
232098
440517
390992
360264
356928
346038
363461
444443
292318
160565
132008
312043
425170
394147
172906
228700
330023
171407
144844
117568
142091
412499
450486
341236
392497
264685
411404
285152
313121
442427
231939
213922
415716
260629
223359
319015
342826
196573
333138
365174
332947
137020
144564
139716
261329
157003
136552
141063
130315
402287
386104
107304
152900
163152
353881
322006
351913
205031
210268
191399
131417
248176
309956
416259
331453
419544
292509
423027
242311
286514
254693
139118
449859
308059
109538
349016
105115
142768
283260
329194
174263
184707
116330
282977
148056
275362
131620
207217
342832
447677
432571
331602
232137
201204
116426
337201
340083
380772
337411
314917
126551
327046
141400
341246
204769
123631
280628
338478
102091
236200
144053
292517
304694
169846
169163
237102
289324
226034
319811
106174
360577
271701
304613
358473
222266
356749
197238
172107
403243
371447
118716
260354
148719
124141
402629
446990
210634
272725
203922
434551
266935
425656
342514
208803
247373
408434
391744
453296
409939
144533
213642
333215
363913
122916
389937
129498
335144
376200
337876
250980
101121
365224
156193
395205
337729
331187
307805
330459
301469
170921
357953
121048
141152
297490
161042
284274
164007
142267
273118
303718
290014
261537
219766
151771
255643
172332
398320
230550
171381
214709
449565
218926
435833
408134
317442
434115
308466
267251
269447
246251
138993
152381
314598
183158
321266
174470
113054
336456
392140
121153
166549
378408
327995
211657
278654
104608
284680
320990
276045
398036
413326
232089
343833
123297
342216
417621
163536
295569
221559
379780
243314
127690
236731
130901
145284
326877
133137
452318
386782
274458
131539
204147
364095
123053
125889
336318
121747
347397
288812
190637
455128
380066
207994
454871
216443
149006
255140
151631
443871
302999
201644
403750
251056
243186
368211
280790
303519
257623
212500
335814
285439
267071
265083
323162
450500
338129
338577
114509
222298
404805
245153
325813
238725
109568
364116
419985
222623
117794
452320
236503
195333
395425
120393
227835
342780
110163
271271
161430
211807
151166
146767
144497
232456
226066
386044
445613
336614
219096
288398
412837
335746
386234
236910
227610
182949
126811
427690
315481
266897
298257
114262
236563
435059
127534
287903
392472
415785
174463
442992
316497
438037
316499
386949
364059
153786
226902
367782
164773
202614
107322
275144
448626
285015
410349
409450
317118
200330
208038
237614
297907
411551
201823
419619
268472
269815
264641
151150
156127
277744
138773
183080
294841
316365
280699
192613
402898
173988
342193
149270
407958
454937
264099
444871
103306
178611
333509
338965
421225
333329
134066
140787
251706
229093
410450
136413
256761
368866
104336
211166
274439
197317
159288
101858
417937
253235
318310
409090
372050
191357
185942
216300
412746
417921
124999
221977
368913
167600
117679
186778
288630
211028
146958
240541
326925
382007
429943
273532
113470
337070
252365
180720
230257
355177
439365
266956
150772
127712
341991
297671
189376
452934
370264
174031
373954
298573
203802
359331
365235
270515
213752
213155
389582
295764
181878
414651
170840
305552
387262
404399
331997
142797
242509
366148
338411
166750
447611
266330
204779
266586
328089
106055
159568
205746
170626
388297
334838
290959
289550
107585
429453
129250
187781
377742
409753
223178
231296
100555
123769
408697
290863
116461
286860
353551
339711
206992
263904
339015
156225
385411
203388
231604
198735
385852
398756
249658
417898
140033
195543
433232
393781
218005
303331
301027
283494
139372
358928
427911
237596
136465
398618
429568
249001
330961
432503
297723
446690
123035
110868
168147
360065
112905
188427
258442
415393
289806
134079
277104
343281
114376
334396
308094
440444
354343
248395
454993
252637
329807
292314
394194
291739
324818
397974
246277
429327
424057
367550
372953
231650
254986
443109
115638
268734
423062
382896
258962
173559
124367
247919
413959
200003
418472
445276
122212
448172
362792
240030
217057
172774
452937
254240
107091
300398
184150
447501
154267
142269
192895
102965
157359
116554
403298
420774
178192
248683
288175
238943
267551
240230
181058
313335
391091
295138
284800
263934
154448
433177
137958
277629
294913
326562
359724
354471
191833
442648
372339
430436
328989
122042
294990
296473
101004
425173
392503
353807
400766
180403
277243
114330
404167
199221
154565
208409
342954
260872
289750
354441
356812
237617
148866
211835
372288
109657
193281
376232
278451
234367
208581
187022
438023
390536
140913
378686
434689
168432
435486
366465
418776
127011
333351
359378
313610
138609
239929
412421
372121
225746
140419
317625
171893
318524
219660
203657
167298
452965
112480
289985
293487
301690
142612
352229
217497
320854
353630
114034
192750
182276
304919
332949
189350
394331
288147
275448
157672
167602
281364
184609
399335
134567
230826
343105
361825
251334
280302
347475
165602
226478
348836
336864
256515
337148
284545
194034
374833
359736
334547
249018
175462
290413
281545
443279
155977
444281
331438
227882
331297
405984
243934
439811
108560
128695
248947
374882
177118
215354
168777
239259
343834
354807
308272
103964
434366
199169
318593
383956
426001
137609
442287
213229
383037
291104
380210
137694
234891
130042
447859
163192
209895
395312
280704
179187
143806
238822
309233
395188
320381
353409
189596
169505
387487
388542
353933
406275
141321
132646
344800
230490
295844
341428
259389
130997
124109
104777
341084
264164
245488
262548
208863
125810
235175
271048
171517
159899
356022
296452
375834
275830
178014
180932
390124
115578
301614
333332
157716
362559
291163
361456
115077
163899
189992
189548
338208
182428
304273
393520
239322
371992
315834
398712
446668
297939
453058
139507
388303
450725
426150
296050
198955
452180
193351
109131
196016
381857
215706
438439
415691
145483
374241
366740
315877
256354
182251
144421
208876
113019
109928
346346
385733
228925
154467
335892
331479
446107
256023
419456
361153
145414
195177
199752
297378
390371
261022
419723
358478
425678
126889
204994
385478
386345
298596
304293
142033
404737
193576
220055
391511
122772
171435
112389
145238
288241
148974
385460
230546
200679
443354
417618
448049
132176
288529
377844
396319
435198
411433
214270
219559
344848
323037
327775
146082
272110
214950
131301
312290
166276
427804
363504
448069
332218
327709
240986
339883
352706
323755
344021
444995
385215
422994
152049
214725
246167
393053
325128
308859
319169
228976
140843
182567
222498
188431
147024
171650
419071
275808
106879
409866
147854
419510
175678
289692
126987
162683
433120
192364
431771
395059
391961
371831
244127
200115
234360
427502
312193
232147
199495
246718
181817
289411
267941
132293
329001
271428
129063
320452
415129
267606
319510
173178
326256
179491
409667
289442
299251
224751
136837
104364
399856
345961
387495
283531
231119
198076
257549
322543
202084
171665
196596
137973
120929
255357
184001
455502
448877
370888
421221
149542
152485
387857
136188
216390
243248
386483
449936
379759
432655
312754
243598
195701
446178
166492
238215
431829
329865
217407
194305
136901
248290
153700
252259
329868
424908
409424
275061
328655
301439
203472
102990
384127
374404
401198
446519
347094
143523
384060
217310
413184
452605
127048
171188
240252
121440
192149
110957
386356
145648
178188
156085
178490
365814
318210
214560
273831
125686
396859
114101
256318
113568
400890
119597
214319
105822
212646
450899
314327
304394
173787
270366
357234
106515
405331
384395
387895
164077
344747
422932
322298
193604
275512
332232
342126
337674
440971
287615
252386
245535
395195
228029
307096
286414
100286
218784
412520
295888
235721
204834
275781
444721
313225
338453
318034
164599
443593
188919
322830
175358
313922
426868
175597
430874
421502
308782
301383
308110
311274
378012
129497
150184
212431
317364
141749
295922
325977
112230
394870
132827
441352
148973
409020
363425
246301
405651
315037
228454
289685
147284
400096
289391
204120
277624
128688
454482
449463
114942
157338
254546
243851
109900
223172
260846
163811
142594
102408
347317
117271
304005
454890
131067
263615
210118
366626
448896
271992
278847
236619
355165
208335
153973
438796
270840
365691
109355
156982
190209
286045
181000
120780
159111
208623
131911
241660
332718
178708
304588
436516
340152
327833
227168
236539
379842
365791
133903
338485
379550
231450
245373
198985
296255
230366
217838
324969
296056
242085
131927
410283
408887
149695
396728
113630
216108
353515
358916
422765
386257
222371
317059
282536
445860
102805
179553
201181
219957
123499
226635
267529
270089
123471
161987
374450
412584
341277
302674
449949
419058
216206
272689
278189
415507
353600
417122
146937
129904
348647
261785
281820
148469
238734
243393
369511
103477
335431
287108
133991
321694
344838
247522
299353
245389
350402
428466
318033
444320
300724
233307
235448
120544
276785
295648
448329
281354
449429
221191
111976
426371
356956
271844
249425
378223
446244
292608
227873
390416
179850
356018
352206
402455
273105
157119
211920
171676
199109
426591
432790
160167
411069
244855
187005
376400
277850
337464
393150
162003
123963
196447
203763
119685
110991
352513
136496
437449
301464
329100
191786
447331
384640
429151
323912
336379
146314
414564
234119
132999
284788
423555
444448
189275
386038
402558
354460
315618
211175
123712
121102
304976
247666
310435
447375
357239
354339
352632
115167
181432
365383
427722
325826
219966
243032
186015
110004
156763
185879
412359
148020
253092
246307
223099
123428
393554
299820
450166
155417
367529
143031
377673
105043
349810
419455
381308
405143
322152
284851
149010
396635
249863
304821
125941
344435
201469
290629
407191
437815
378854
324478
311043
194287
282397
281490
201214
297818
413804
360587
407591
201589
264783
161758
205385
302671
423625
430291
271334
234290
305200
179485
204245
267686
279143
364246
125381
339028
179380
362483
438706
415945
309150
273961
289227
381110
393196
225647
168706
445208
196386
366579
388305
111029
143019
362645
236758
120003
130345
427266
339756
262553
447394
372981
398515
317052
105133
292561
334020
351787
353541
224997
206279
214022
271589
190286
332711
339248
233033
152280
126903
249849
195692
264421
385160
164186
111615
268539
119724
112400
254989
318014
388797
402463
288665
403443
418726
367940
380027
195265
133097
388802
297277
332900
398157
257522
198418
283877
379920
222774
448639
134315
254244
293165
369539
144900
281062
387035
424513
128326
106563
126228
155680
378561
138915
315470
234929
314470
377462
449130
437322
111103
444792
264687
268319
411815
120639
168199
378000
315770
284004
321010
451483
173377
184235
438540
161212
406807
196949
370336
408344
308328
434456
451848
192022
223382
427195
254474
104215
372044
132160
407437
439088
187272
376615
402438
246317
404358
300292
233780
215815
431670
219248
123798
159954
328699
283520
140366
245958
120836
221511
281615
188064
286953
116506
387345
135171
399822
105504
157282
335790
321815
150133
259080
275859
126615
292225
104425
317200
377993
292605
146954
427511
345984
148764
367422
442973
189769
317465
402813
315946
354547
322399
362737
224036
423667
232361
113775
192372
365059
176906
123647
379758
329424
202498
123126
178777
145537
208297
307614
337732
382018
259437
196599
207300
210883
130337
254663
407518
157559
124448
104844
429209
326192
183324
128170
359662
128717
295592
376724
157391
453077
185030
426456
217340
138680
438302
140077
259024
158643
144068
394819
297966
224729
233153
336869
173792
435842
404061
143173
367578
223091
337023
406406
179849
257026
203415
187278
263264
337399
445139
391857
125589
308926
248064
153120
157037
387545
122355
339097
328752
357285
110983
140820
399962
380986
216646
109150
272685
114876
197684
345248
162229
383670
193370
253572
173806
361650
265255
439529
443725
451127
258097
184393
251871
235083
394575
111904
366947
125483
120917
370070
325064
333519
381498
154581
447948
304870
318482
403069
244795
376244
374181
453225
372665
307379
125235
208855
281152
379585
229343
331283
215659
450811
407037
409695
401758
299864
349155
395775
111393
265375
134095
259103
360206
231166
305164
408962
170977
422885
228421
146233
182520
117122
209311
386604
279978
128089
147550
340051
296421
293313
381268
281526
319812
395721
356794
422238
329225
100158
187289
141156
277094
370072
276191
311958
280114
189899
222039
269788
199772
200822
411560
347077
441767
450780
194805
336398
349523
264532
147331
102279
194126
423531
218422
229228
434325
337121
420009
410031
419405
213433
161496
342081
186664
196380
374562
221512
258750
395023
214568
282583
108998
159678
426355
170861
442926
335753
456052
322537
195375
176786
295071
412864
100560
414230
382343
384691
161280
268308
105765
185312
379945
164420
176818
292882
117337
220702
258803
360721
145634
441846
181835
401735
408821
254103
246088
179189
221986
334700
304252
184136
448614
219016
416436
379404
107424
434329
335098
130485
293052
117555
257186
173895
147860
333727
239786
235864
419590
153151
329608
264090
380777
140439
213536
304673
389341
211004
435476
140612
192865
442995
443107
273607
157237
168657
222797
416448
164027
410779
327380
396592
203714
293930
170099
288367
184962
353936
170948
407408
184902
278761
343793
418042
142207
252281
117106
394134
389712
146205
400984
336639
235282
129769
322323
367431
449122
253336
330470
307142
342674
224519
135997
171352
146563
102087
363023
226737
394899
228590
409664
253955
402760
291308
277028
406930
193753
422943
328724
366156
430826
146113
405321
252853
189566
261714
249952
101907
341151
235400
253186
441555
182421
407643
335894
197131
403434
332723
389020
198535
196712
309765
369017
194289
125091
170287
244353
343604
128881
318335
373887
310380
421559
161680
266263
189823
371064
208101
234824
356666
403035
272570
293439
366430
349169
312241
174240
152105
391699
183567
140891
192563
228898
434499
258867
168479
268842
368442
146988
159330
412901
422532
119613
455352
259903
154538
141800
239619
223690
210651
389155
181688
182788
257009
239589
107981
405934
132544
179989
104927
323618
245653
299471
115188
313102
452276
126711
201759
105700
249607
276139
234997
319945
108789
254723
314824
121692
440474
184427
350785
246265
189032
208368
424897
229169
293167
136575
173571
136063
193680
149054
235629
449024
403202
309957
375401
297258
178571
228924
359496
235565
205384
137184
209105
313126
300557
281652
202279
411760
351409
200250
368119
408285
136124
100932
273224
321968
313923
211785
436160
316548
354997
101127
233822
171968
293223
421005
301703
331195
226926
139209
174618
424686
382512
264442
406998
235416
209808
362920
309904
207845
311076
112893
202542
313415
379063
170557
208786
251491
227704
322587
154455
300333
107676
179495
216264
420644
135040
195799
339287
333511
383065
151841
104658
388366
230348
187424
184392
440950
356729
125103
177205
274738
111313
317008
339527
287758
191334
415156
363190
364580
111010
219169
302960
418709
284156
201577
401524
333124
148535
172782
300606
155310
321635
356876
405768
273717
320534
448271
171029
206859
146459
217655
285145
401755
263528
307284
147363
189487
243614
441199
136265
338362
426028
353421
409611
266217
184634
132049
388828
414970
320866
253162
283899
224985
318235
156266
209400
410867
253741
418565
313779
444275
254300
140550
198669
195797
206781
141696
317283
251335
166732
271552
452627
187189
147753
378437
130459
383620
320177
376199
324208
135914
443472
295179
102134
214545
117162
363677
159012
429886
416709
267724
198537
153376
426505
211280
206574
237786
337458
283925
272434
241993
345544
261390
409115
254827
318631
416013
404604
296409
339029
115337
204998
231811
318349
209618
298022
368727
130770
119660
193677
369925
101632
281585
100047
436266
311844
277636
213085
102594
271509
235878
378866
406956
392330
161180
125163
193159
383488
314678
275036
365742
139471
223308
405170
256895
178755
131569
430878
315688
341623
110677
212479
360646
151786
335038
233829
180922
323358
101654
221933
449229
408219
394233
102515
410748
368472
306761
294826
285296
412789
436681
278410
243719
437265
388905
338488
249069
193354
344797
209536
187197
140295
265597
426948
438068
100180
393451
202874
185567
390187
104128
311754
433563
131790
208829
296945
424385
428194
174474
300749
272726
435828
152749
305382
410713
422212
452629
428762
448581
157734
290767
280277
277870
142807
256335
398341
282458
407705
192261
135915
115895
145994
309961
436245
156533
319222
264316
333663
440963
307628
317423
143377
321004
116932
436038
249806
434420
196431
237911
164397
434756
371240
404171
439629
367897
296947
352826
412852
241713
348699
324039
180378
319233
143438
427172
113293
198003
164600
158020
231319
340813
250047
432684
274859
334674
313115
307434
408570
405168
368347
345551
421196
207081
289277
119167
149421
226558
433699
261867
412820
119019
168440
447651
323555
225780
257183
270705
133443
394417
364554
147885
358281
387683
205391
421358
247276
422821
207532
287068
193278
375354
159543
441212
410835
436258
359084
124607
216429
419326
289173
259470
189785
217146
438081
436492
415845
269928
154512
438313
222272
268379
419563
389495
339627
452603
333835
205740
303326
206893
327691
454367
450754
178857
100567
412444
348013
295682
417862
115067
243975
101916
257914
341676
122601
208741
192899
410036
208185
115885
306005
242512
414714
390097
353494
321016
303603
183038
207474
341468
233771
208055
164994
246117
176905
401342
351277
277623
135539
212836
269699
398339
227804
397744
247983
416481
312978
154114
389546
298905
174636
413611
292763
106066
405780
383548
340270
315033
417576
294556
395503
155969
290042
307196
155460
360296
327254
360200
163178
337888
155960
128574
418797
245755
425633
234998
400986
149097
438594
100578
101059
319279
201488
137838
419660
201653
208071
255536
225120
208441
307607
304675
414158
306002
146513
338407
195426
350299
234826
363981
423058
172912
247585
368654
432586
243716
447270
416705
243566
265952
452824
260906
278701
185793
114896
259605
161106
392064
306500
174960
197028
455684
196014
355363
201045
167286
292211
411792
145469
234101
110237
391205
346821
129328
166333
437083
217683
217459
287944
428594
268909
152784
218251
407930
243482
273966
286197
364745
414823
353118
127320
212014
370266
297759
256362
347871
320052
382074
282671
100810
419113
433946
387154
313246
166220
297062
419894
411968
105837
335128
183422
136515
150630
270626
367031
210553
235347
136632
212062
215517
397577
122831
122976
385057
304743
256226
109716
164325
212915
315739
204144
285519
320357
296486
264650
307564
400542
421293
272473
265413
373750
265257
306123
199910
418126
295061
227016
367346
214443
360957
391938
161438
152116
110661
147923
377387
119031
240647
320414
151632
287536
115563
195016
360259
158931
399495
132258
373817
409932
377528
412243
373709
379519
102424
396154
280377
386451
201774
407381
310849
394656
269890
295011
373007
242216
406637
264156
360150
244338
124603
108870
314106
180898
452879
252567
260057
151181
340699
368296
384098
179902
137413
326300
350414
123427
100192
323021
394855
337106
354517
399606
402252
267359
360710
215838
238260
256701
426838
189928
440992
318278
230617
145712
330660
329561
273976
444355
366875
134388
189268
126884
326267
145711
308086
206423
316247
191439
154903
196749
130632
266893
346037
407355
197742
369464
278592
357292
439770
188584
356724
292187
411796
121893
364469
363937
419461
155277
386876
262066
333313
203084
229514
221953
359739
172780
369093
370926
369370
343902
346609
356872
264774
394718
225758
226759
173105
251269
130184
280104
412518
437133
420020
166860
231765
257258
455070
432413
414174
122582
261745
348357
161433
284532
268087
398009
256597
245523
251930
208939
241921
450838
298528
114714
443812
314500
255637
284192
287831
353643
341839
339454
399685
159116
396899
201487
187542
279429
106806
418647
209868
227179
194729
232010
111650
108518
243121
168034
168339
122077
240727
120751
160186
264296
113379
307997
449813
204516
174517
383834
300057
194462
280063
445557
245100
323600
440939
235150
291482
324765
253253
120355
222084
248592
145897
183753
163308
295279
135537
263978
315798
187004
357756
284690
286500
214860
298467
362636
291634
417740
447666
311291
112736
282268
266654
423845
138039
197564
272216
166882
277016
310975
313012
338309
233361
444961
375782
393327
240853
233563
267081
222500
397692
306629
392764
335867
249702
270359
144532
399041
307920
178617
254185
176842
298356
279863
410924
186656
356232
247862
178555
164758
155292
108013
248108
127055
137669
134767
375010
184127
329396
356166
361543
365248
387569
422197
181669
162464
268063
250802
325326
272214
101983
311680
182928
330886
225946
196409
428141
418923
181678
131501
357914
120226
175256
297462
189233
119523
358856
117410
194154
359027
428300
114738
127410
103296
202187
283339
189611
290592
300663
111462
319055
404974
422898
413021
399054
225753
114991
321207
127663
123525
186933
406214
328667
125467
101303
279203
415063
352735
215688
451643
289213
121903
205436
158685
168096
215853
376980
393616
304893
249375
323198
219401
133752
282883
449958
417353
429087
102832
227988
349836
452703
279329
210559
226704
238136
136427
213023
137481
129564
107195
231756
137555
115854
342773
378798
404199
369869
286645
415970
285136
402713
437477
376280
154208
201983
328804
154159
388499
152708
112657
385099
382161
455503
172362
111868
132971
140908
283563
408547
257124
288069
204107
203121
454952
282941
442073
223801
299362
114448
142994
396821
100121
422703
186639
211766
327282
169029
368476
297960
311479
199296
226823
448709
239361
288603
315028
115761
302161
384944
274205
305534
227558
284771
307900
329852
441251
156824
234269
359189
433546
159344
436141
110090
319156
254592
436393
310265
438387
216892
297719
313805
208795
166245
146754
241094
290561
438370
406731
328566
316949
353581
440914
139912
282034
345518
188137
250135
204399
352599
280496
262296
426529
193818
405341
124600
435670
316434
361669
343337
274419
326432
190747
211641
256675
126038
334148
227708
332604
354804
230963
394888
429928
350915
342524
240622
199549
335039
121344
210714
401133
114315
261056
185999
211759
274756
344415
215028
159303
145171
191534
185568
300379
443807
342919
298665
298369
113324
372977
292250
152285
409620
334159
144887
329482
321836
277110
146403
435498
267457
251652
133968
415663
174195
232850
384473
142709
412962
212971
110514
434346
340273
107036
377218
388524
436966
165417
228247
386617
444560
290856
393077
211545
313579
379558
338544
263129
183865
353713
172065
352281
363468
424474
145774
396535
129839
424944
244125
268033
335483
315656
218971
357272
241893
174462
435103
360385
179060
204710
433700
215690
286243
278183
155013
338888
368630
290894
321071
386585
252648
212006
330753
171646
422815
430147
378465
335294
234634
434075
353445
254830
355553
450679
219508
281859
211951
322723
429639
184556
408680
173267
163836
414679
254404
113567
332221
395356
240220
450976
218205
151546
101499
167991
342132
313454
131334
396825
355391
317262
291316
278970
281142
431137
400141
244382
396723
240517
343863
125432
220237
127784
275011
163283
308835
345917
161865
244630
453807
367146
163328
267777
351565
222873
128069
264854
446927
442916
216167
228015
344353
449456
357310
169402
425057
129078
187825
209072
283775
413497
112964
310397
368198
253344
123523
198959
428388
442239
248372
155854
136787
151552
365993
296396
353747
211978
296539
355318
435376
445914
143002
412944
436254
275320
134472
242132
162501
131787
238494
197052
175116
196144
269235
445541
254364
122756
447432
366663
176907
431297
314467
268177
188826
292488
199649
422013
116567
445921
240914
338821
416440
331116
289216
168244
437986
407401
234013
398227
126339
292083
209389
322007
310590
254583
435063
201826
258357
274807
102751
393230
348668
381108
399334
288214
161321
430604
226918
213518
346431
107489
387855
410558
437968
281256
247810
447593
211302
396523
175550
437970
190699
165042
450043
215315
245047
255844
176478
447214
287492
431236
275249
225617
413128
245903
127980
180179
239622
384469
250383
236172
361380
137907
391464
439251
203908
156224
256792
152455
397791
105850
379662
367929
424441
396560
242820
438698
301624
300200
301980
386683
332934
259060
185347
188214
104127
198313
315785
339773
144051
244080
396423
283266
135794
291768
355619
297941
155947
169970
120788
160791
235836
272007
305109
174992
177600
203776
201596
174299
365485
273189
108529
149411
243027
359686
395643
196171
143175
214942
408652
428295
217352
147401
161534
138158
315692
239372
114037
377014
447778
324117
103635
235954
135044
117984
283170
246656
280081
221160
103712
169966
183627
121529
301544
246092
179432
150325
344107
400938
372913
215352
183835
346330
442603
108117
257989
341153
249328
375031
166466
193747
374261
172725
158525
415835
453325
264349
113395
124254
157837
360931
295834
393400
323172
333393
414167
299646
196438
349841
264106
394988
220774
117561
138059
377039
248646
181094
409479
379700
306898
447913
366706
309331
112758
402632
132851
269912
291681
291632
376170
102752
308021
254997
438286
319847
351557
288645
452805
157004
182147
355271
124802
327413
265571
414019
341878
294792
372054
340811
234355
426277
191636
404081
326888
314445
174220
215053
106925
353244
412437
264295
259545
451233
179760
334848
160248
298132
408197
213990
343899
416551
298447
268287
281841
361502
227469
416936
117603
415894
399377
129418
230949
378781
214269
414670
186813
184484
354013
451114
301807
398497
270528
176926
127561
280481
358714
140580
388881
265739
161752
326854
148478
239066
317094
280932
310401
408419
132304
446501
371221
218905
163576
169968
256585
452211
321753
413251
189069
141754
384845
274643
168157
155876
337933
350117
218965
155494
319804
201891
364119
214798
218288
446352
126295
138149
392090
387764
391002
377153
309163
344583
295254
326163
105894
138220
378899
415657
306989
145264
347008
400226
228574
380339
453629
328910
379166
168693
345926
401642
248255
190261
166226
231091
111067
361964
426659
436412
364516
390001
256568
251451
361358
238276
292790
391173
157356
260314
451993
367186
316503
119869
138989
264440
357802
408878
142423
150021
198620
388051
246821
293954
244024
181973
427678
105577
347135
267789
322378
169838
137869
186089
205896
419118
339235
316620
141062
407975
284554
218985
101114
312496
134386
135440
105849
176557
381658
401872
167794
290390
452347
443627
226410
234141
255497
308215
429479
447643
273561
352209
205239
272174
132051
381948
365571
246218
247739
209241
217485
417531
202669
189660
162152
234785
318047
205373
264986
144917
393921
423181
274899
256110
363765
258920
112830
345558
128138
123036
421485
348672
375129
214562
104114
237819
117389
152246
130356
165845
147837
101662
302355
157140
417304
189514
206711
316722
139478
115613
434116
171096
157528
138640
389887
192248
358123
382365
179617
199646
299549
106893
423319
112383
314651
282177
275197
133055
340808
398357
452915
455822
200914
147175
107603
257943
325749
199775
226313
196224
220558
275885
209291
253477
333528
380325
420739
449290
270073
454716
167270
160477
101424
165161
408500
248549
317495
300279
411431
408995
329054
241421
242098
285934
281953
307316
235981
394700
251417
356743
422910
222607
347247
377910
314948
105614
435070
356582
213754
171750
265002
321921
262694
116033
347276
241669
225266
276342
412341
314430
298055
396943
170492
247339
273497
142110
452848
382046
380595
257051
107178
117222
155199
328053
220148
357328
111728
252330
395089
106921
309783
189398
186676
154395
359398
202176
173385
258905
296493
419785
411739
250543
160231
149217
360314
200404
233414
149755
306597
179799
193555
436571
244618
125938
259918
129192
414384
317198
320460
421181
160635
425892
107805
249558
299228
424300
287805
428856
269006
150393
357418
292840
332863
395954
119390
252311
196213
390281
223376
130555
443641
118141
382636
388974
153524
301168
122702
280513
173635
292854
315844
217810
200027
281977
307671
276658
235082
217837
353342
380117
137134
259763
329205
383776
191368
342800
317019
335167
126216
446090
175498
288814
398443
214283
360305
425697
208822
163310
370276
322641
303743
447461
233686
404857
420135
162092
157009
178441
283745
426419
318907
355129
367569
159051
139424
289103
267427
267346
143678
223009
414978
315361
323418
188839
410201
313563
125171
190765
160975
122365
237461
348659
367011
211919
133720
176913
396772
205658
109576
446959
410262
254477
198295
154777
126532
293534
215598
114541
131760
179374
456225
206782
339379
379705
368667
245675
136589
360374
302692
375835
451005
311603
436483
117053
161552
447029
210686
283091
378637
176165
343646
414547
207748
326631
268830
244101
215960
339314
268384
412971
137877
160827
349430
349899
227831
383678
406538
266218
336518
128623
348385
392364
208611
157324
235671
442864
288356
277117
378861
392734
267990
437168
372135
318451
422942
110448
316730
440990
431426
145210
109462
138562
157953
365204
207378
297579
162017
171848
202827
366983
382008
257104
157584
299711
411313
163456
202019
406467
342913
172510
265852
271542
284474
219334
188580
311019
246804
223430
212042
255644
143559
277231
193559
223581
413067
399607
257965
383251
389270
385918
258208
164313
121524
450564
150905
101304
441093
353722
101947
428250
376966
255555
425558
234562
342650
177312
359157
445737
379572
426801
350240
314113
319894
189517
309975
443131
449905
143850
383919
175061
299041
131943
374565
129825
118105
175727
258024
447047
423813
158359
154716
405115
314742
302047
181129
110713
226494
174708
406379
247170
103514
158930
249023
118159
391459
298273
381788
263194
404735
398665
220976
448345
153566
113501
271851
339692
338197
360831
314439
306129
136727
236404
441171
280689
218697
167965
389505
377569
172056
137398
213721
135934
402311
339712
161724
298227
317287
399522
450407
220879
379198
192923
406119
396554
276439
237260
254160
261209
297972
435306
225433
391124
198782
104829
140594
356294
439927
202535
420335
127637
164055
330257
154221
224345
261721
435051
292060
455437
149168
399346
284742
445155
230334
384667
339375
159887
259684
162386
364861
231372
178605
416190
362974
184577
303297
342087
419248
328635
374364
285001
232266
109005
290748
420401
224083
137725
131687
123758
137793
270582
381508
441610
351147
124646
274013
450327
372673
186177
107558
316346
257905
202413
210346
332444
211231
235330
130913
202966
376157
340241
254645
424999
326142
265125
235866
417700
100945
143044
408796
156853
102015
338212
455830
326434
123237
267290
431221
428884
392208
224530
230223
205144
304843
434708
147278
311682
386958
361628
228757
134934
217460
283324
427328
409517
237242
379208
373266
341613
378481
237454
295380
344722
233184
107020
453955
155668
419763
199127
313007
102717
448525
413344
331855
374375
341740
335535
301412
125879
414762
219164
141439
374544
331105
288532
314988
359183
339049
272540
123347
257804
231814
451414
276166
453568
242805
373589
130296
301302
206466
133379
403927
154362
374314
147707
311697
401032
269459
210002
411847
216445
388546
177936
436382
356972
319950
362467
148264
324062
271164
241698
417671
334757
327061
365605
315300
222543
263812
419863
198174
120626
451718
260921
220793
249272
408549
381307
138861
229766
378086
315552
172606
450364
373834
411632
354567
448474
287688
109806
134062
186910
287769
128097
338785
181096
239095
162998
347445
337709
269737
106834
338695
124120
288329
303160
294086
443469
347406
431705
426946
347228
345257
370669
291553
262669
188091
325349
376772
132837
326047
442694
128037
316318
367105
287169
288907
310395
134028
114581
367086
303541
215441
424919
248889
318063
233678
338108
160242
314827
441791
142343
135761
340852
120823
429968
289789
127254
262883
450361
226498
365828
450990
120952
425044
271866
129243
339019
438610
121673
434668
189722
267602
321178
431154
381933
295361
144018
326119
408444
448316
216285
180194
100112
454600
245269
144583
444856
450158
325597
371926
108890
365891
302861
266073
186338
403447
346654
190902
143702
202175
234459
265785
434594
391309
328915
159322
427508
321612
379159
190284
435085
401043
131934
159263
371478
104034
216736
405415
364433
130791
250320
188465
219648
387285
253480
152470
143885
161010
159455
315411
390443
393393
226162
404636
241141
266796
287139
177071
319775
335813
350773
213745
113931
394239
311750
307773
150171
218983
298979
109329
256217
449767
308436
422214
147989
415576
340939
420314
302321
438024
125585
174208
282428
341820
425015
132935
108097
344320
245575
317513
442494
117846
106555
401619
210853
372169
272141
334158
371165
245295
181426
304616
130515
385788
417709
144672
334259
429264
449365
324355
381786
177495
335648
217159
235680
248710
284327
315559
303003
129114
209551
115570
442705
387841
433360
262990
210214
442511
231027
314740
346758
253100
448037
367081
386351
350689
324710
370149
329927
394711
375286
389394
323536
111305
401315
127321
223374
111867
272295
192839
117880
244251
117971
137969
356523
308113
390464
182723
379231
378715
260095
366205
331782
352619
327364
246222
350109
238633
196427
226048
120676
437508
439466
392342
112661
319066
146923
383364
177697
380469
447649
412659
434746
307891
237041
126845
153256
205268
148048
336746
255037
304435
292537
103167
268375
352176
276480
260219
263769
167840
249185
219780
220009
239901
126383
291402
434363
170543
347375
322313
195180
449993
200726
132496
194107
360008
342827
390815
444672
187775
104166
283522
437564
120478
103905
432314
453269
162507
282959
156822
376840
346665
150396
126878
182786
202236
315397
285586
215609
338489
235623
147289
168024
153273
228179
369158
403124
446119
125077
278914
179505
174638
407294
136078
385897
349922
440844
416745
247401
321088
423196
392295
333639
346825
368105
402826
339364
370510
119128
315548
419558
394939
132533
366086
181080
134202
112910
351307
160293
378828
145323
236072
445021
245825
226125
112840
115436
376104
327693
355631
312725
163621
179133
422965
121595
252850
254646
133592
184192
372088
211265
158240
393283
208532
371186
265248
255358
126054
377344
420685
331665
147407
242504
378829
247364
113033
444187
191272
289214
329486
318823
199574
448047
318163
141978
254666
132113
152466
394162
213243
222808
158497
439199
315729
176431
307002
160285
192766
361029
375576
185799
451940
422593
187467
138445
340926
175118
355946
254944
374093
189281
135698
445266
145426
303261
182922
423188
332898
245842
407874
172750
102793
415920
211472
296823
125540
253929
204414
322013
383647
231381
426485
291268
216078
216787
447819
292039
311945
187478
169154
199690
178897
242647
357185
271632
351190
218150
177454
280078
411120
256683
163778
237481
395341
357392
325235
223860
369994
402937
219801
305772
109827
266361
393579
182632
407295
204594
110142
305426
451107
250715
388681
218328
421366
210061
198300
160965
346603
267824
192285
381696
429517
204738
297026
451925
139926
233337
428749
322833
203368
107629
122994
370756
192407
133532
411680
453392
121273
391031
448499
433838
445787
357910
178449
445754
428060
101439
162797
428620
142381
167537
103180
426381
189771
367344
365507
190815
331265
368354
300674
288508
392897
356890
292599
282545
369630
137384
109909
154617
384937
376324
281030
270765
138837
306798
419638
119887
172981
346777
222806
407439
264591
288998
308601
173540
188119
225149
119539
158436
381059
230524
204087
101965
390389
267419
133327
107718
369426
135099
274254
431701
295910
393615
118862
218216
105857
337082
184232
303193
223041
174499
274480
200106
104180
170889
423272
263749
277209
149012
405657
245132
242543
455076
345439
426177
362720
379368
170354
397050
115156
390163
151381
115186
233795
333860
253789
364217
383702
336284
439406
124935
306480
307875
297353
423006
207103
214881
431104
436312
271160
280368
378864
290171
282329
441812
447132
442700
156734
366629
441823
420497
455252
177845
214870
437722
236024
180188
342731
106145
111450
435258
440938
292052
308337
230244
325149
241587
441214
261170
225952
156027
155836
257944
388298
198460
265662
114502
355659
193041
433240
440020
279744
176313
256760
412069
262385
445257
309771
382253
329290
176072
378374
420929
265025
357276
190149
306108
126044
366974
215030
430777
164848
291272
194286
178891
268219
123983
145320
299479
182492
137621
117643
327454
167156
106604
197480
330426
192591
140662
246320
102609
373371
289413
366897
203722
230577
353382
144067
124536
279522
285596
349401
411210
142769
430755
245561
371475
296323
137017
316728
169435
264282
315616
197094
447610
144642
385626
303876
180568
349031
278867
320692
366738
142716
435269
211182
164988
148456
322777
330213
310465
202722
455381
425324
365853
299802
196172
226868
455588
400444
199745
448170
163763
377608
280343
326760
261534
240765
344498
287608
208014
151899
113437
281117
241681
447434
427107
446394
137272
297483
289933
234019
419036
255922
131511
359482
180191
206148
253192
213200
197536
159156
106756
162320
379798
432989
195514
381981
335249
451151
317058
434386
247588
102190
421484
307881
158561
212179
446651
304002
265698
243557
304129
108996
329734
259303
312377
325322
434748
400064
337875
146568
282568
451634
338829
220444
255708
450185
196017
148967
261087
422539
108703
376603
244167
326731
207260
287313
226916
155023
389274
450329
378708
451125
245409
241077
245511
216662
248932
372197
267525
409119
383618
166422
361539
337073
290406
351208
290822
218881
202569
134725
354413
188869
335046
119289
256578
352286
221313
208718
144970
345823
281450
223844
388413
184800
175711
266246
434674
270380
230373
330309
207119
279864
134487
327558
200170
240945
172125
261024
105119
248839
239814
194091
443796
150974
440758
261222
408785
216979
420083
263315
337632
404044
216879
249700
159834
299287
253117
355194
134255
223825
336419
188043
420499
310055
335147
379755
325703
153807
236786
441125
118363
420080
427840
155823
266692
217989
185391
147656
406676
207579
369402
248434
112639
273237
101806
273742
365869
428216
324888
185856
175693
301760
133821
432274
150356
384853
318866
208419
154823
153506
404033
426517
139158
140187
133677
382656
350921
314874
123739
101905
269492
337768
364811
248443
105025
219112
316873
326157
308764
345598
439317
105171
205102
394133
205947
277864
119228
449473
235350
254015
241856
388946
444030
158493
198146
426706
426385
399437
155008
164810
329377
197839
324910
104467
109411
317742
362577
235707
402897
219440
207799
324742
125014
280572
297588
154126
452344
125689
103960
169011
125702
366847
105308
155355
424515
292594
336152
183947
335972
335486
276291
124365
333666
134965
286061
178741
440871
208601
347189
189720
436634
128333
223361
447343
177290
151754
313193
169074
268866
344992
426613
131807
331266
331309
249401
337026
139133
449056
384569
324308
334468
248723
178784
126083
152222
110918
385998
248896
134343
368728
454532
342940
150956
423424
208500
345220
188726
101042
392912
127265
419848
126855
264245
159871
400808
214946
403798
233265
202530
167303
149311
261861
390913
318093
140106
239083
226350
394916
208586
333616
323546
336768
423325
308170
207689
451141
205136
416722
380093
446147
442111
451664
356466
152807
248326
231249
420137
395439
323445
341598
205292
195334
435984
205223
151599
189161
439434
418269
137150
337794
213451
203450
215462
188121
280393
194790
415817
310506
153374
185993
116172
381805
267084
378617
161565
217004
289902
269706
278376
157915
393663
308687
343325
184912
450402
437456
189542
264645
206214
269527
267384
226630
176231
236702
128576
305851
254848
304632
372589
363778
443942
118460
125032
364760
408173
178321
374402
195348
128786
255894
421364
278864
419108
451589
255543
279722
136235
406490
186864
397634
228145
147102
144205
323507
162468
431172
358874
107899
391216
111132
444075
210215
311036
394660
174639
314837
307586
325122
373658
262495
114246
166714
271525
440539
243731
241391
359456
324367
146713
127352
275296
403537
268879
129297
190510
349108
197454
288659
310950
348537
187214
344487
375420
124580
235181
263688
187141
368807
108406
331019
324538
292974
408061
179683
353125
202427
359881
282403
318737
170219
429326
361842
395254
386926
419234
311723
308374
311052
428542
123067
380952
198339
325485
198464
245039
305132
296098
152975
452979
419516
310859
249115
148234
138352
141855
343097
223406
229014
144827
374620
395709
265048
220642
357734
150527
296677
401711
447961
393853
428457
158056
453062
127916
109499
275841
439625
375771
124398
117188
412317
289756
431435
409171
253626
404049
219160
264745
370280
374260
265109
269427
421193
292026
446719
252557
249026
201534
199402
270145
336477
406837
272828
399469
147306
201734
302619
201028
281110
278850
394561
239010
293375
163126
108387
418357
114286
445307
453677
209232
291575
346764
247437
251587
371299
240864
272357
280327
393261
310694
326986
209134
216050
144694
360426
191623
227638
273769
365932
329645
442990
151129
109612
233010
236140
249596
428495
146615
394657
182566
347630
101177
108707
268768
174034
279177
406639
303431
137501
429655
179433
100596
173542
441722
169803
328493
138148
136809
166539
173026
183181
239296
404440
101291
395040
313673
217058
277978
183827
294219
434654
125351
299596
204456
430597
107788
172291
240874
378197
305385
286555
121814
401576
428436
382342
330775
324728
120044
134706
415656
188567
210517
452343
195085
101144
410973
411787
306072
327012
371492
119614
316845
103422
161091
208805
256827
153552
431653
348441
101165
306738
212100
259040
124634
447885
391514
331549
123534
178960
214048
250847
358923
319455
373483
250506
376184
167471
122400
347347
293674
113556
156101
289378
297327
127473
318656
285868
352555
123064
281869
302838
109450
263675
445702
286071
398090
416690
338272
329901
109566
433303
247359
417753
345197
197554
196337
342037
346061
145272
201416
362364
249672
129401
264959
143711
409062
362011
184152
247832
137571
169936
155427
297013
370574
315199
259055
203220
293339
322748
290312
192735
152339
191635
371404
338726
202733
271677
258536
113509
343339
423086
427734
362729
119311
270158
345610
180885
130759
179734
251601
260553
229654
423263
415613
310149
175444
187270
408152
314969
284667
318614
334462
431528
442112
187081
264289
105992
313151
220152
136469
200633
424967
116884
136399
370350
176963
120401
122388
188870
221585
220343
181800
306611
202581
266611
440786
160155
191068
287616
118603
159662
240373
191170
352934
282400
273153
130410
268365
238639
336528
125433
398426
256746
185992
421715
241805
267414
237958
156882
347153
147322
207826
173609
242069
448772
124615
133619
424164
255006
339926
409239
138349
420930
202371
246447
203222
179841
396153
398626
292292
138390
210537
346361
455514
417504
382679
389249
374007
292804
246922
149738
183420
368661
454172
269886
404041
336175
211149
126580
233974
148201
152532
188429
204810
289250
433951
373979
316986
156704
386975
396336
455330
220497
326108
343295
422950
237217
428655
267855
246341
427806
380392
158680
203045
138501
347866
334846
200438
202947
384813
109199
297557
322071
411251
371082
257077
366348
418655
300291
117504
388654
208046
186002
426654
424687
263100
119416
303648
446234
269816
324374
443829
200175
375611
303748
245265
377215
290835
455611
452493
332176
379443
403330
433790
253114
328537
441445
369841
272930
159895
314540
139001
137173
286520
425618
170170
414471
229929
282496
428566
452975
352834
410818
267096
182149
192137
266945
100002
411067
127941
229415
187096
232645
114561
219576
449926
358776
157418
136513
226033
140091
444031
192167
362478
287777
250342
445260
397250
439949
348152
121033
381035
146219
429606
393025
111814
305265
166231
404971
269748
455623
104005
444962
275156
226280
356020
236108
115181
215776
339961
146835
386420
329866
265174
414283
409718
176825
113450
421878
141923
441774
330033
171443
386888
446219
417772
264521
454249
187199
435989
286189
117445
263384
452146
380374
304026
368984
132461
341684
291549
209919
231783
195053
131984
259871
214167
175059
301852
261030
342106
267166
121174
286616
184233
222957
442934
265615
167457
410032
266513
144959
444465
119137
190228
434741
358772
336752
302925
125612
238939
402699
279150
166826
299777
331303
232804
159281
371602
136628
332981
392265
172322
124759
179016
338564
258647
404698
199845
172093
101914
325603
286195
133705
107754
116368
235770
146081
397201
400907
274685
331864
312702
438649
106788
218594
149461
429671
286870
373848
389123
296108
307272
194843
247543
287056
382386
325286
364833
117415
444173
360994
292902
278974
191547
256646
408041
190280
220340
421075
311993
268984
422672
238590
116995
100902
378463
177810
230945
209516
165327
161196
200446
345025
206289
255189
368717
151191
281021
422173
330048
298359
244365
404107
285089
439528
184191
401475
173627
358799
218465
368459
128765
404992
197727
317950
268362
196604
320528
420313
278241
188666
365835
146567
301492
170374
303995
294535
186873
354428
174304
362371
385848
380451
244197
410987
266314
124568
306667
344759
397266
442077
228687
286722
353519
103786
133239
361538
197099
423967
263647
296876
210392
368364
364092
243928
366807
449331
306535
388014
225855
375019
294296
123641
420170
285110
192042
170526
403159
337354
142345
442260
126943
255597
165926
191481
172220
159108
266936
441540
414893
402403
288901
338062
111129
401344
148790
339504
199210
231010
450855
245588
278254
113551
146101
220282
433152
324469
405845
167010
389442
138392
212792
363348
222161
307909
189682
299248
283851
226221
271824
286012
439872
264174
175951
353221
409245
270520
293235
130122
350319
238666
283226
423560
417307
262636
400481
281822
383328
172386
310346
374795
251380
161620
327478
233145
432041
159268
344146
315807
442333
168053
188269
208875
168328
282729
193448
277742
123357
290081
377221
414572
355215
284285
448009
292442
393792
396996
451537
236250
388579
161831
222776
405379
429392
254210
134419
397960
220245
396262
296195
222847
110819
220926
130948
394150
400762
201643
259659
103488
447077
159208
125070
187490
312706
427937
257240
229973
322496
409678
320329
311811
453745
218304
119541
155872
355976
301219
138110
270187
158438
100274
429463
389062
282848
351963
363800
109120
251319
162089
310419
136360
341581
200162
159647
125584
341872
177466
284053
452150
206360
305409
324522
270990
307038
306826
392968
205942
180551
126669
403677
161583
423656
220608
213544
307413
189457
231244
374921
305969
324475
269664
165645
366120
208602
267334
181755
204002
153293
243442
192040
332690
368549
300179
307376
271219
271718
416717
312404
172636
336656
297079
248580
438815
357669
400449
391986
140584
109254
109588
316850
412147
422627
378172
386563
221192
187730
156859
153483
231114
255688
260366
356652
407984
263704
310974
208371
147986
408813
276194
341200
357531
380387
296151
129686
300415
456005
283945
443315
443206
443488
414247
270706
422185
154970
157656
393820
172932
153774
201355
161427
105379
238993
262382
123394
153166
427462
296842
129756
441412
284567
332646
133203
169937
125353
192598
428807
366259
383950
206872
168839
387509
110186
239107
161807
129708
236310
131172
385536
299907
213491
339215
359759
234871
293045
284321
356046
391788
230645
261710
424669
215743
253000
120508
320361
166074
372439
314457
204578
455059
394966
382434
191133
295522
232843
251925
190270
164362
107835
299671
228851
451246
150676
247155
148828
234933
172165
398727
154599
419559
287477
273598
131022
285138
245920
244571
159821
424158
122018
414332
354301
160124
208475
294481
448259
139743
389670
296001
179591
180356
311666
265722
331710
363371
162247
382966
236591
386597
118909
330222
159415
131803
271759
326453
182339
144655
242358
121442
103068
251088
184102
371450
424282
145881
311239
302200
108916
424071
245291
184644
350722
131184
102388
316486
220192
339180
288903
248003
111051
298727
141351
381021
188984
226843
339517
154233
429127
256939
211558
433315
363595
404583
240374
407077
112762
407512
325841
439401
136699
165857
346922
186251
405564
442313
261656
423654
248987
401787
142465
390803
102929
120456
415231
180938
384349
105866
269083
280295
401691
219111
331324
139801
427446
149077
453732
225100
287425
101498
250471
159386
190850
153584
106096
348291
386660
146511
113848
181920
174847
315863
197705
130837
421650
291044
277604
438149
399650
250639
332702
177662
400647
120090
154475
195470
308838
154542
294508
305328
133541
436891
334200
257903
280914
400142
145755
382377
302806
218139
220397
368357
341103
350729
395707
153249
407062
372432
149156
111595
222269
298357
285134
223613
340032
394158
260369
357417
268634
411066
172531
423588
338152
290434
181192
310251
100773
387739
333072
403468
126847
197690
453294
365782
239915
381053
288124
182911
172653
140008
373586
351701
429110
142582
301175
244726
326840
180684
374530
275321
136027
145970
414770
135744
408435
212553
355345
347043
390349
404600
242847
381596
347750
431282
190852
328987
436506
382482
231645
140047
395354
144471
352583
176640
406199
420686
156235
262089
383003
141262
281073
311925
316133
280755
236119
395864
249451
239792
332000
171436
387456
316955
364976
213302
437755
383580
181591
398253
130025
156250
236602
343957
146850
100190
324938
252690
450785
299020
426071
337805
424893
401521
336174
322784
300763
182981
441280
108822
122131
130474
269768
319553
344445
110269
215644
134700
354119
268509
441428
258313
321435
222678
262905
384601
389368
247020
178894
219979
401446
437857
308848
292901
238884
223894
149104
152883
166945
138242
452474
391012
345837
363608
102382
352360
390585
356107
246177
315351
189290
402606
278852
276127
215047
339383
393422
232844
314145
202505
419881
416738
328391
410622
209238
123173
192073
412911
115993
176190
138051
375492
256065
356451
269339
243183
230911
335925
144754
429231
140502
342137
168728
428076
155303
137916
139134
232509
357067
223433
282743
138626
154147
203986
263592
163704
144803
310871
308830
195379
251760
279672
216763
361164
173604
313661
388486
381089
188924
331256
265481
165642
426249
224644
107017
421944
299623
232345
203465
421632
225162
203577
129413
271231
234654
447631
334509
189052
251373
331067
306377
168815
390384
151485
278235
298931
428810
332084
187593
434289
434915
431955
446853
125965
310687
405516
131308
423547
426836
413223
110972
182178
355094
318060
160408
159381
259493
174971
241152
237385
360514
256327
145789
379541
293941
213845
256383
245380
199216
323979
436845
197183
121049
320878
401714
258789
118557
380484
339128
183684
337033
209347
154042
446768
340688
358224
213413
108075
167462
231706
321003
421106
140213
245910
357642
439533
405520
442703
242997
354647
207895
126400
376411
301525
247148
120016
206237
152894
262934
251721
167302
436842
187754
152704
231968
409992
310699
273327
272379
316162
148182
263911
328594
287007
250385
297402
339230
168672
137487
453015
149828
430814
177364
101786
211624
164971
383125
328871
344554
135468
382110
192678
224657
386707
411001
161968
411701
320486
339318
321692
264163
283425
221909
435447
435699
234968
186976
381321
454481
431354
280392
294155
261761
136147
397247
127045
376434
238626
135824
323187
402871
188024
153232
407992
307222
431620
326920
180794
354082
373443
362239
194903
417002
247040
221402
220242
182992
451850
380958
193148
284063
331472
198262
364211
130069
253021
188472
203274
223138
396235
188590
436333
206294
277147
127260
199880
177132
111261
378556
346920
244256
264063
435016
358574
114584
291047
194148
277679
274941
186013
148371
257600
303418
153137
286322
364904
407477
137788
325353
302244
331734
321905
162983
151000
439378
406206
454161
250770
159183
271681
169321
286482
132542
427018
388190
441338
234140
313202
351095
348736
128209
292940
383423
218062
205667
387104
221062
130476
173591
426426
311408
414507
108136
176922
198800
332453
166759
399840
155801
251693
191187
204095
105713
388839
163246
359671
416002
426646
431463
434714
243388
146269
114753
162692
174958
229997
443229
359925
284457
112969
360311
169407
301411
384050
279317
130807
245649
283692
159521
246921
329406
108520
223366
287294
285219
405064
394379
197133
330428
116195
420432
276427
116366
226236
195798
358464
188864
445051
309930
322405
411183
221853
159062
230668
131203
158802
160197
294546
404197
272187
140663
403572
422860
200843
164870
398657
390923
391460
202076
438755
442341
396335
200023
331414
201472
187380
451424
232112
106343
381603
162047
109118
174184
192564
173474
109139
272619
102031
379897
183045
184603
315953
201277
449278
215513
228841
145074
353898
215792
391333
343161
172597
349878
186045
209889
264738
416937
309752
102942
429579
244988
217883
164253
283208
115130
450201
207080
437163
359346
218615
369727
117718
222852
415390
146352
233202
335274
435196
266220
357132
276504
233791
353043
143570
227369
273284
307457
366388
410075
174191
137509
163573
447085
160223
162487
126156
273390
153878
444857
268480
368570
138212
257285
393490
301053
447144
252665
117479
267889
235872
105436
298706
311190
265322
406811
431596
306427
166787
451700
389065
214986
449823
379003
258160
351197
421494
326633
130063
208093
176205
323855
220406
233117
289664
329122
139056
198912
278640
189584
108578
266055
141434
154119
160183
195720
311784
444038
382381
270052
236124
443677
387239
383020
196771
394350
234816
324668
129836
159952
362583
143182
453127
201870
370225
181027
264611
416778
361702
275042
181089
353204
363108
280363
384830
210527
325259
246852
343502
172182
202452
358390
108200
324040
317193
435389
416427
176660
328165
332019
455314
114438
195345
341461
180475
400692
445320
107112
288336
254229
204984
101883
171856
421021
285657
361965
157806
238001
218467
448115
234202
376306
202934
226268
325118
413206
317744
287994
385249
414678
223566
197731
452607
234896
379547
220526
335816
139482
333136
397586
330672
374936
174464
431570
358371
320998
182982
155690
118389
420187
124869
160196
180016
272254
196583
392976
422154
353230
450048
120699
335855
114377
315981
360919
264428
430237
174468
361255
188689
339059
402901
451637
153808
149009
413786
191602
255215
177481
267940
338335
106626
130194
210799
195383
385594
267173
396750
221490
247525
351159
178224
355353
385235
157143
251145
388489
355858
257121
264690
229187
412543
280630
270356
417128
175122
352193
262796
282474
230478
338997
207037
311832
440269
165367
405390
249433
375552
399849
443394
129582
341199
380411
427694
158181
211403
300544
389043
207598
276024
245429
103794
306251
192408
107974
202878
425473
335530
344110
129285
158878
149595
208126
292579
173760
369596
276085
304039
333005
366237
361487
446144
418544
391936
203690
253428
435311
184213
386185
125641
193690
413115
374575
416892
356111
114710
288106
365553
218927
265279
229440
308333
370851
132407
119291
135219
131726
334752
122995
146934
411917
145137
187854
170503
382371
139420
248513
314342
108843
185478
126321
300234
228034
305395
443061
201693
258918
171247
231424
351731
271174
416146
365042
109222
229961
448751
305241
196061
266910
339724
238876
135158
450315
192013
288125
204240
225356
414961
193728
203043
115017
320695
177540
186288
124038
269441
211843
385892
334801
372408
249067
253159
241603
426655
263975
446807
239386
445875
230111
312737
195263
205964
409078
197774
118731
225959
382633
424424
188111
139434
111772
282639
230198
340367
160765
355410
238159
309856
394102
447418
405000
170754
216703
444744
334754
152580
240540
401785
325875
434353
253223
261515
342914
237169
358588
236342
412505
406822
358619
150621
186406
156062
386116
234062
284641
115514
330483
243634
396901
288328
103767
105368
211415
121205
379206
339036
201138
328101
295414
152284
157610
441737
302104
211827
406345
125631
197531
349798
387147
364231
426695
391224
430799
224787
331925
248829
268432
288022
363697
343406
260646
230956
273041
154518
224587
384160
284141
303251
323851
219064
265843
311141
404795
233420
138380
228347
235732
376626
403016
275224
437739
337720
393152
319225
444323
316010
422919
413812
157491
140836
281561
381615
204954
323357
211192
140133
419722
102345
230680
210341
406019
296203
399600
218463
300707
354244
182780
117963
278975
177470
218535
291327
129871
225740
197098
392465
447999
204476
137999
112455
363953
156158
303439
278170
430817
454025
368329
335219
130128
177129
280386
381129
167863
260047
248459
135735
407420
124749
250429
126665
237432
429544
274958
399640
322464
439588
271350
338438
349338
160773
205597
131190
205929
195951
245726
400831
317947
204319
116220
181953
193946
375673
356141
275880
168263
199734
336651
239218
279472
404638
134423
107140
252356
340798
314339
343142
361508
119411
403670
390596
151819
155074
257065
226417
447454
446280
375385
257759
452801
321261
122231
146706
440890
296648
267701
216365
276930
266360
430382
357029
174719
251627
126019
257002
312764
160638
446672
374365
138280
208729
422744
204604
150972
224387
340862
325652
356600
259744
190154
183519
372041
404568
435057
421295
280004
110018
436833
105610
174765
346078
444739
364280
243735
418089
454009
271133
179032
400041
253212
417981
367262
421110
306423
434361
240165
242384
437058
435950
350044
387157
441036
415992
130995
355176
279041
181570
205321
133457
247877
347300
272431
268186
236106
141835
124541
199852
266109
266889
148729
416637
230723
314060
432578
305439
404885
200213
345840
312293
267964
268004
104813
433095
446575
273933
292831
432634
222416
127004
351918
343191
312228
104980
229137
213456
419973
265250
453736
350118
239090
287715
296799
339714
380201
373814
350008
114370
102790
211627
190049
433900
179014
364402
209027
375489
300060
259492
274504
319810
437104
428921
406708
157279
346849
217241
176465
264418
120643
158729
438854
347618
187756
109030
431760
201765
312751
396232
119556
212607
166285
374555
106799
180306
116041
308141
175781
268721
156300
139675
361099
143886
254755
126556
123468
258082
386406
221476
138812
304677
360325
454506
256587
389317
208776
161716
163502
155584
193881
109096
280881
382977
420749
148745
423079
419366
342935
373291
191460
247421
173003
336276
153997
201361
430725
395698
416666
414245
116462
195678
332355
113823
316721
129239
215874
349236
341854
404748
191267
342565
199832
192007
376829
189603
445495
444411
233948
213885
316743
227899
437800
139537
126848
124578
105570
204447
343623
285430
181343
162084
331634
313033
167155
235232
426315
367085
227553
383808
272291
243450
314017
348853
236314
422477
299006
394759
430545
308353
341908
341121
221195
448900
325094
422730
434762
201070
189787
260043
427901
191260
301769
316735
180160
419299
249759
235610
205145
168765
131963
140445
156000
127302
145421
156453
422084
253738
284080
357744
304301
359824
414604
105410
301236
432225
122665
376953
274617
192671
122821
136180
252360
122250
255221
289899
210512
171452
353501
108350
254690
157404
275388
364764
406839
338880
385039
430489
445383
266581
197021
330809
278112
118487
428874
140858
379542
384425
346989
195852
195534
346388
422098
369537
373258
394763
212927
395071
161229
209831
437741
179582
201030
321467
424377
319114
397807
326325
358010
452823
141564
241583
106381
334730
428387
415022
188049
172900
386139
235447
380430
415276
437942
228182
449712
330118
130599
187417
146763
359500
173282
286462
300452
143291
215014
388609
395065
138505
411823
257557
176993
127564
213137
355806
302371
424597
124994
124073
227861
272996
225506
227042
101599
148674
231214
257418
419480
398681
265886
442463
318080
423441
402166
426183
352682
427967
417100
455681
405133
274918
332383
123008
375863
189867
323907
212170
295544
351938
154432
441824
146483
382705
194936
378233
222612
213813
336031
119245
350016
123043
245930
216208
361393
283367
286156
324942
347573
281172
328843
340280
206298
293668
154261
389232
103228
381341
405256
434801
325166
314611
186557
433348
282750
266286
369694
190040
100021
219151
219002
163737
388080
290375
205044
416562
312295
232304
332548
355132
188654
260726
261697
226949
332333
234256
262639
102679
301830
108696
439366
410449
234449
142972
245278
285146
179040
309408
173054
280240
201359
258303
290821
368466
421302
276278
371379
158754
417665
198342
109815
134166
154225
240000
435868
225786
111437
407410
237367
298700
337287
200649
395523
128080
374811
258168
360131
266869
379122
389885
296571
188287
423072
302523
323232
454129
293523
109452
383070
100409
446243
314174
210479
241289
175419
303530
424629
406393
299372
130706
323138
174284
254822
293833
278929
260344
295344
322671
404981
328967
237992
230492
338157
273186
259950
280936
285285
388343
176805
102773
130842
353991
398923
230058
195237
121151
455197
141665
327869
101048
321314
136937
208037
435661
133855
266281
212954
225292
203127
282849
180531
410263
404367
388424
185636
120974
237520
377699
341868
247469
111840
432689
443691
233386
320190
117361
113734
337856
406910
423172
289364
141231
301742
216748
292048
215158
233934
355019
283120
309445
209366
347720
229139
269780
119525
193865
153850
297088
396521
214700
373869
303257
232993
100804
261915
250757
295287
419747
196822
350353
153260
306400
342040
377155
209010
328162
134758
151297
254461
421226
172655
429632
179896
230060
381714
309102
200129
274768
196101
327655
361516
251317
296918
422872
228073
212301
358517
147277
234589
242902
121642
206175
311892
247806
222342
307666
263178
166745
325887
364179
149504
120052
304493
370463
238881
270508
104929
221627
280549
127782
348405
334167
349322
327264
134866
283558
383480
273657
345451
390884
273865
139296
226755
450123
319315
152447
367048
240025
129355
221703
164678
105457
204391
406497
425853
170110
383390
284969
299559
124312
348909
125139
181527
151636
444546
418873
416358
171013
291242
375334
343092
302614
454016
253625
382791
169985
131133
287024
314546
157087
298446
231925
215970
141864
292240
388299
129244
256225
175042
401175
310850
161883
292087
324262
216087
203925
243196
191436
230148
254285
366710
219246
199861
223219
175587
191299
362561
353073
154940
146629
162251
425241
135986
166057
321263
375788
302262
102022
214574
182241
355844
297607
301966
137348
432977
210569
362199
455528
135357
383331
435749
227400
262368
271719
250681
113653
297963
300436
451271
322734
298076
273505
407858
143109
280487
412222
151879
358268
196187
379610
431484
423888
224304
166085
232121
202860
115020
432069
130877
172772
158776
247415
421720
295215
407657
279104
276372
211202
210986
118724
334191
399661
417230
134187
221369
148991
200397
206234
428666
185213
410237
273918
107856
110574
353869
161120
359991
217719
237431
328271
120926
108525
355460
197053
126921
164272
233313
224536
388602
222813
109361
396767
233602
413248
335599
175842
237591
291109
454521
198683
419320
267683
260490
180953
145764
320466
179767
249109
385194
450777
361423
363155
214041
161245
170978
275322
362198
179394
328959
413207
256736
382723
445350
212117
419350
256951
185403
192487
222485
343735
302736
175243
244330
294513
249448
278517
430199
428280
232689
383027
136728
265641
167520
407637
425011
390374
317749
101033
111864
347386
416281
405948
157599
114800
324780
149383
328312
418961
107134
138298
266523
387191
249552
226769
417697
324830
419082
217767
168582
227260
436989
326973
164673
325421
400389
277036
417373
308766
127662
251692
175147
440624
245081
296860
102325
306335
110481
331069
161578
339639
138938
386080
366072
246417
269617
134648
371285
363833
373027
132405
166063
301498
438365
205452
301037
111548
203212
139548
121995
323002
114868
110185
127524
109745
396198
187610
260105
108848
111956
143867
295655
328557
269512
209552
104210
240490
439887
305094
317161
279571
184277
310348
123379
162699
236598
329971
438485
120065
358210
402037
282842
232739
293652
139651
389581
236693
400408
248884
307844
146819
372157
265861
252645
151244
353213
198722
177774
290999
326236
355441
149748
417866
131965
429371
141328
315379
351098
404283
178366
377572
425691
297876
145307
353855
331291
289109
282074
202598
409361
285207
423582
396972
326829
113172
358833
283294
328609
415318
455249
241586
135785
332173
221224
392811
205829
250441
227986
210757
172544
333346
321597
365513
399033
140537
388416
267120
342098
134500
130178
396908
420178
422657
135557
127725
271087
293828
384321
148130
214253
383353
230026
425468
444793
296441
291764
193511
212465
438759
188079
404125
130684
218522
117213
427867
346708
234492
409880
370576
296793
123338
417053
308145
300265
415440
189033
325279
351862
454061
269660
358902
432001
240085
256788
387122
119695
303079
198148
386624
393704
323460
291624
300010
208392
203074
396037
252510
292600
246776
333534
183809
200251
430990
162976
438602
450557
226193
325923
348992
254964
342572
328018
236422
258492
200432
241807
316206
239443
119728
383770
335054
381114
222919
404746
402230
375320
344609
287044
391528
364697
380095
296492
157669
339902
401474
272078
293943
142077
271760
173318
125993
431579
332330
426656
444078
376285
126859
289536
258481
369958
121436
412028
311986
255779
275803
335677
291135
375830
240083
394781
452459
432940
104509
121728
103584
347980
234791
310370
257766
315962
343253
207900
205537
436538
224227
230248
301620
177963
287293
401578
126633
427369
143200
405401
218408
130689
244742
356914
112364
325594
309231
158451
390586
259796
257021
327226
265033
372754
371245
229161
452434
240974
125490
409418
358226
102657
363923
286701
138514
174608
110057
370730
392803
382089
226118
122735
365655
398387
314584
178513
280247
146322
353835
155203
280750
451740
150186
272328
360998
191698
263337
189173
265866
141883
451258
149651
225900
390219
337588
150997
355596
151887
385326
263554
183733
399611
208781
114048
146903
253517
374156
390526
102532
432872
425140
190393
193305
414933
221386
166432
162774
180848
257242
367886
403533
171499
344799
434671
254619
393765
133100
109546
322907
152360
305264
263903
173808
224468
232363
273665
353321
213138
292221
324908
423430
344843
252063
304365
311100
423492
188315
289382
419622
268651
250108
122251
207267
146552
106542
170267
171045
363120
448339
350364
327825
201819
142042
165764
276951
425047
307334
185773
180983
171389
359259
107316
455046
183164
412724
194511
440260
279561
171691
263012
204299
271740
255671
111790
399076
318772
179180
200302
219890
165147
237886
419382
193952
455885
193134
101307
291275
406903
272484
199162
286826
180738
176198
361427
269724
190498
229435
186629
363188
348529
156680
276073
130019
272050
196784
313162
260411
445478
123753
351698
210985
232696
415290
363351
376566
300160
204136
366058
220290
272106
213124
323052
230479
322087
322224
143572
377593
129268
286745
282057
164503
454704
285788
444327
176985
435293
134378
356452
412540
324397
392337
409013
223875
376155
204665
101874
219034
261654
175383
270995
104575
258879
343178
296064
421600
374589
221737
455254
146814
343960
334593
116636
393237
134193
214846
327481
144983
427358
164039
385084
163623
329211
193950
249198
455713
183917
436131
234075
108201
288204
134607
411034
426099
153143
413388
312936
126773
269100
343940
439592
351661
424307
248902
420954
377918
299483
435686
388492
222375
310636
351391
179284
114437
205248
204582
232273
238310
203586
185737
453974
339146
234337
329808
446608
102603
261224
204913
294968
310080
372691
264107
240952
307304
242367
169545
290497
166938
273882
190421
206870
250309
117860
260091
325398
130535
355515
128682
258781
159066
104924
251126
209431
279021
181725
240485
434839
275815
342655
392559
201514
209654
351639
134014
270875
443646
308697
175554
250106
375393
257714
264383
383591
111086
182601
321685
420329
341352
442166
172251
150430
137195
108636
379344
377351
184693
337066
219307
352578
337147
358507
190813
291907
298381
332036
124060
437600
441367
296619
202247
132823
197391
341534
314572
179204
372765
219414
271874
409246
389917
182157
326894
230118
441444
430631
276101
107733
125867
159087
286561
217384
397296
218370
438250
322485
248591
276312
234217
347616
227131
439332
237310
385030
116570
149833
347724
145049
280358
425363
153389
412294
413816
244344
155272
292396
213846
352765
205196
193852
196461
218144
441521
440403
174084
390844
353870
313527
328307
305386
322010
363683
313660
185495
329860
213999
455358
300391
384511
340397
298627
237839
297578
355433
332485
193867
205541
435416
162840
193171
313738
400109
262347
382119
231351
180988
172413
372140
403066
215655
348499
451173
272758
184459
287012
115772
101257
418075
400539
211539
247784
297971
243523
337459
375542
411769
419950
433856
285364
366243
264525
164565
136847
258872
242607
170226
433137
176534
118989
270116
188316
286808
240240
257698
179015
434578
197242
380739
329367
205455
262095
451071
157107
337657
132464
310502
194476
291067
156384
230081
259914
453945
199863
350538
212466
406351
336347
321255
200902
328452
292514
127740
233460
425643
238372
355509
203668
120289
424844
380971
314331
342720
308866
299030
129664
340945
200230
287367
349713
249729
107157
382550
152188
287188
351765
291530
172115
110546
188293
362785
188788
220751
117771
308790
351953
404724
192994
136814
197221
287730
194707
202833
238551
352387
206561
453799
328400
139502
238392
257287
381020
202131
197019
212311
455997
297693
215296
113217
305357
390809
352954
254121
365641
225583
152696
371080
209092
404913
173023
401693
247794
307524
187363
195008
365603
281010
148571
236745
201894
118852
425174
210775
404345
392435
256198
146720
347695
183019
313857
211586
113773
324729
389169
301695
452593
378621
349073
417874
297942
438549
204654
305548
272646
120210
361481
240056
231748
330608
180456
296849
239308
323797
180444
221133
225587
179254
364212
254941
447328
109225
244034
404127
166595
108753
271071
382580
233080
236706
299037
288017
326425
314494
354643
145847
269905
206950
378180
154449
412269
428111
127269
337529
380634
250882
352892
200332
270066
353026
120103
134022
367852
341727
159416
160592
410290
409023
427728
413051
262530
354277
150530
406088
336854
334953
193536
390506
426562
165030
375328
346406
104739
232487
129512
287649
392937
436390
144382
362110
432193
161266
207015
179687
247564
168838
279416
447415
306322
454353
206882
121971
417484
436860
227230
167536
424322
375823
373944
149511
103006
349633
383327
119494
146721
352455
339914
361335
355593
274339
155414
184447
261392
225925
232369
445582
383185
141106
454850
171085
244303
390135
396871
212813
452183
246466
349750
351809
183979
367839
285424
412983
128493
250192
125599
168868
340132
306200
147970
378786
294397
313395
213844
110183
239160
249682
279002
157454
360892
316571
273455
300957
287799
372830
285237
406899
421245
226442
146267
180228
236934
180411
356272
237729
202540
433259
419780
409012
233332
272699
204624
334440
433286
342143
427184
365073
134887
414100
398460
341750
208804
281810
275985
390765
386800
165580
331119
332706
138733
342804
445625
408571
259541
279716
337906
316878
397329
266397
186020
196688
291450
229352
155258
222812
330221
429468
272459
278620
431290
109858
291100
407212
214467
277326
204552
311276
237034
179889
181852
163688
235640
418223
298676
132002
437453
319180
253739
402909
371302
132218
162310
353032
452670
395002
148836
421308
305982
132548
431799
285634
393498
105350
179381
326724
422367
108862
323392
411884
292835
166719
285974
103674
374872
279945
207462
377531
197382
197069
118100
415508
212438
208201
432346
403279
236164
440554
146910
197376
158864
224744
431332
124878
307370
382774
356518
168145
400419
148792
109483
379477
131730
119708
160202
423859
202260
106191
320378
286680
336044
292619
244737
150860
406984
428525
325548
186279
103192
199133
287053
441009
239712
399396
120029
430444
375623
228614
307830
221370
423360
291520
447385
209803
207038
105265
319720
298985
224153
400343
325072
431209
108812
386387
153317
453848
106662
392052
203565
355277
323365
337492
384036
181444
192729
117572
360044
240340
220445
440595
386726
105018
275082
316734
102529
148441
218315
326891
319016
265625
377249
234092
158627
345242
160854
358978
116877
189128
259337
203275
183630
144954
352602
333337
439471
128809
281918
141472
382782
240735
215848
172407
187093
384678
403941
203140
173984
158580
243227
144111
332256
369059
212952
187662
198631
310723
336052
309988
262532
157943
314141
392205
278325
317024
282946
332386
349198
152854
391724
152103
436576
215292
200375
312055
241411
243378
172588
356498
320942
235321
289107
387476
219612
111693
441923
103571
128268
254688
149541
233261
190705
343699
153791
124147
197835
397412
426261
187395
195374
146430
423338
140744
250695
249903
308696
214905
293961
129112
169963
303932
255085
272945
233958
376927
410823
254960
109354
126749
335437
443952
128419
243586
314597
392983
159677
305622
423657
377797
449918
318431
111871
281287
169229
379330
441819
398952
149044
369692
367249
302648
419300
336630
434388
367816
205601
283355
280124
370635
133391
451106
339764
262479
418896
292310
267817
414634
339401
160583
264083
293594
102565
347015
131876
243660
446114
312452
296838
110980
311591
272716
257643
346743
351697
150474
403672
309480
223013
146145
338211
443357
275409
111044
311807
143255
166983
154253
181558
270210
439351
174047
442275
195860
202394
217420
257975
226368
365423
452226
327849
297913
166558
350460
449159
127396
443290
310930
387016
238760
237569
104911
325960
116165
386142
403290
187321
344877
256602
120438
145443
448359
377395
172550
315408
217899
146538
249734
335089
392733
253012
334062
155105
121247
174090
265871
206033
433811
139629
402299
263078
346898
124358
325870
265713
105679
456088
359231
412538
259916
265143
174089
397936
127039
429485
204365
388085
180931
223059
165737
285488
304956
191126
328582
238397
341250
267459
176766
195783
105017
219216
329854
398819
257538
336081
159779
224316
436481
191795
454106
422376
124459
209079
285195
450955
166127
271614
293468
207959
438671
133120
332862
289585
259357
151349
358858
358346
333625
146580
293216
216789
173085
129984
401400
388120
210027
450920
369924
264614
178713
249538
346351
206247
169878
299055
418826
168805
114231
170609
326269
137616
282404
259085
374340
335636
162258
421297
195105
305583
354617
265700
425493
305068
277230
258759
388233
377091
440232
207609
348947
397013
433402
266864
265303
260358
378804
453825
224299
380605
320952
376843
119306
290092
248948
409140
258331
155486
292552
165145
398118
208544
106554
403576
216437
113192
340447
220763
172298
166540
170680
390310
119682
376610
268797
252761
294293
415272
104590
360503
356127
414948
430649
149252
179466
103148
120546
188172
211905
105520
142546
174308
422931
332822
189685
206518
125511
289042
121813
312709
398454
117066
119273
120213
138832
181856
105391
327648
218714
127298
277013
360057
352531
291354
387939
164293
367760
160713
339173
229122
383424
357917
320097
249782
152995
146025
312621
425670
392421
228524
133751
128841
299044
345724
295083
147921
319384
366934
196410
158513
257843
350533
450514
373450
260681
390937
143174
260328
305638
386014
428472
406412
210573
422471
435919
266358
229447
195112
252902
372114
438324
276619
119879
242737
455165
202837
117430
110609
424619
209819
103986
186821
280692
177674
102837
246795
263927
296895
355728
398091
196059
283705
346425
351255
399224
203526
202017
130812
442231
144248
430169
102596
247901
247207
214872
402963
353252
187308
202731
121906
307158
449911
124116
137075
107845
340968
212642
233745
421252
277631
247847
436357
143245
364100
279316
291875
234995
156304
269366
220535
277219
417894
450094
212161
423025
327730
440809
214096
224115
390122
195376
350191
454949
177502
415620
122071
314288
284504
261327
372896
156366
218217
137469
103325
286119
127538
393842
390843
450823
241504
151858
304214
159627
225178
341996
427614
343347
275397
374706
183250
449524
408443
454580
172573
183935
255588
186132
134052
258660
218745
401727
358141
380156
359755
121170
104825
270595
111430
446960
430377
327753
170177
369605
267704
123303
198298
204325
236012
140251
198183
414150
134269
168273
238740
426871
291467
324098
411487
235354
400700
294045
432995
218194
387581
365305
344066
227716
259643
412539
439402
410575
301822
434562
226620
149697
178100
156324
255289
200510
449668
437012
241773
150924
269076
290877
305431
139853
238456
329017
344206
388671
337115
300410
338344
215964
161215
181209
319928
258187
188105
154675
213294
355227
296917
276224
285369
342938
165099
310840
285683
181252
114209
295612
343417
301601
419586
409380
159709
270123
248520
242114
430996
332919
387466
392936
369221
155149
397520
316368
127800
293421
139611
263837
198216
267951
217738
217928
318256
425544
382644
224677
136259
369597
449620
269802
249240
434582
139373
332406
366244
446884
265531
438036
438507
337676
390313
202522
303491
232957
386662
124466
387323
344646
213253
408924
236817
258839
236762
101627
366656
452381
456112
300725
323308
103449
188161
301046
201264
118238
354131
199022
334612
154249
219924
156144
379551
177531
277889
399157
308397
267454
227832
378103
176259
343596
245095
230138
329964
210114
360083
214211
438252
153639
413116
404685
111574
188799
437957
381208
221887
349506
143158
175079
281990
321656
217687
233319
125823
312326
169623
331883
138999
300708
164333
185823
398731
332078
155030
124219
328083
362253
434781
426276
174445
286905
355859
400551
204480
150383
183300
177621
223422
291279
168063
443180
188732
385842
230897
436756
212123
348162
130454
203663
168726
302818
312165
203819
136382
134704
291026
199282
385286
305709
345231
262583
371761
312003
303131
105527
160992
397457
107291
267570
186755
251906
445851
425532
363485
408943
211642
307965
197467
190163
327616
305380
395335
409783
229092
100194
177050
456131
269353
299995
143129
212413
298040
180002
236814
206442
106337
311739
293639
414557
340626
346675
243532
265652
434720
416429
349257
114919
407887
290195
398378
380361
351667
417550
294824
275951
288078
154310
270713
291386
401165
407513
144290
365150
133962
327679
223674
322698
377097
276850
135932
306404
198366
326979
143363
161230
379019
302768
316916
239452
144394
306082
400702
224284
289768
445456
258426
331264
399445
447412
271831
160378
411241
303245
193667
250901
234358
407110
132655
427374
255093
180394
244202
447386
314832
407866
174852
318904
258495
395705
307638
308967
345979
203417
233573
398183
305832
273115
114564
275655
279296
143861
415612
296040
225961
292913
364716
391340
152487
429834
272036
157020
221557
183402
232960
169485
164185
174242
185579
297357
439007
383106
273025
432868
224894
161244
400114
378372
230162
359583
269036
103213
284942
446939
274239
163636
275745
160478
151033
407559
269383
163807
405454
341650
361581
114134
453591
299003
373947
204397
100621
261678
276214
411708
108232
453098
429656
348245
159654
404729
445692
404684
132227
277912
281100
393458
215362
402401
337225
168714
252890
232826
231722
384723
135029
410332
354246
420193
322151
429725
347402
383262
137490
160903
448309
327539
358864
263845
139316
124777
141895
278806
308951
336946
128925
196106
364445
323815
402482
345640
388110
201364
181360
220103
210864
175073
165396
200666
390557
309414
242774
426552
212399
413589
109835
274048
344560
373611
196026
193306
306929
259112
335384
242303
390390
409548
266000
224378
307914
227430
174102
314447
362178
116060
272260
223502
302512
149453
417063
189269
270580
447275
206789
410381
159926
238096
378704
417129
446671
320471
419490
189626
385267
302869
260531
426158
166813
412325
362293
359007
114063
239815
443022
125947
202980
181699
454710
324844
121680
417593
140529
184270
181337
411626
340928
347364
159440
186023
406295
260113
362961
415347
355748
246892
145715
207668
344493
115160
311806
170710
177920
360687
230632
226529
326548
353535
204079
305974
312877
427093
294868
280754
349180
277479
318583
393809
166805
248803
259155
161294
369352
120242
431571
346651
393336
347839
397485
123902
336187
101538
156764
293921
264887
173628
315172
253512
295493
354787
147129
447750
433551
121683
233089
205868
422966
421149
344398
374946
174736
434080
361882
363300
117143
245555
102084
323749
289346
115189
360035
308508
292911
396119
411572
360162
305500
202970
432796
294057
263685
249904
368445
344309
426822
172951
343518
101774
220335
115793
387388
258616
146332
118496
145233
146107
320688
217327
355925
296566
455521
108275
337486
295906
207602
430848
330974
297210
267332
125788
334701
136804
341642
444886
404007
303208
297760
117664
365987
235794
276230
221810
140065
212433
388097
162849
402647
389854
120468
252318
408410
292316
318407
112527
417817
325655
173890
439033
281067
344649
356355
265605
415787
126502
156025
190359
157582
117447
252476
406448
287473
147747
169983
122290
409369
286659
138094
393649
220580
168795
187519
107220
453501
258745
282381
104059
441683
340538
102948
291825
141186
354882
374678
130446
124417
216377
413526
354713
182277
101487
252892
233026
182676
263400
128106
227569
177631
379859
307889
257289
255045
284623
141318
399027
148678
312371
103172
145293
104998
172103
117569
360788
227570
366054
295228
353992
114550
178872
166357
136031
332439
217605
353621
206709
346575
184628
324331
219758
449687
376604
445025
368011
369114
251446
261458
199877
426893
269139
383464
351124
237390
411329
313312
175910
367650
349184
179623
339921
306262
324395
309319
233722
296510
283662
348159
199990
113210
336097
130702
372944
238517
440833
385024
327461
272747
216588
223494
439665
174340
416221
119374
289423
164850
171832
329484
259812
295548
324398
272900
384955
259510
109478
270845
105586
375154
241567
199807
294680
138708
100636
271543
407282
109628
334528
243640
200279
371674
104621
317278
386716
389905
260383
295950
356237
201485
305980
151201
173765
443499
135832
259875
411233
402385
276176
215600
242326
130190
426994
337748
362894
278031
303801
264912
119944
449028
305743
168342
297645
237685
370145
398463
355490
193709
389024
361004
409316
208945
157810
143923
233357
113847
310231
326447
289577
274983
166977
444993
188648
183597
352488
145444
123342
107568
247979
445989
184906
310281
410375
299357
254252
221379
107469
305955
238692
396156
184350
128117
441165
144760
182328
385318
357024
416541
122486
252877
353594
409641
416816
316084
188685
220712
400021
439647
320690
143731
274371
177945
119086
411356
368850
145777
343876
325526
162738
399303
227933
103649
130523
236536
136908
421709
292147
200007
316826
309944
422271
167473
205645
250178
421076
287570
236147
327051
450800
341563
387126
348580
118702
279112
425606
355986
219846
196539
422297
255603
260786
435761
302573
363304
334423
302744
329053
300543
361071
363526
239333
246067
251634
328354
447099
155058
403079
189121
453074
400440
239313
177634
400581
159933
101737
230607
309097
245683
225261
413129
391482
268462
206005
182605
404614
421856
143488
358026
281863
141899
296507
161166
365327
163261
301864
213425
196521
360673
244645
278865
355926
220073
244386
318892
453584
317855
306944
232062
438910
137156
293506
221037
367870
112823
266038
200765
433100
183189
392233
242109
107736
428049
439947
305267
209587
366108
323182
156092
158130
191865
176764
181345
409348
427197
112034
336668
310848
444734
182503
406037
127248
147779
325399
450756
290473
203808
449869
378994
431883
325154
396055
146654
221102
279703
204868
315922
264585
209220
150619
302872
180530
314168
122563
202570
390831
260395
314056
390584
414855
243226
306512
290658
256821
171131
341318
357454
240997
297377
326575
312388
367955
159231
159599
112582
374938
306433
109951
140611
102542
370802
362307
122275
404134
159309
379999
141240
430944
275155
369527
101543
194753
210508
331502
173883
214924
114797
315575
224534
400275
411492
403025
374376
193674
350941
313651
307128
348231
451866
162132
210788
339291
265989
363564
382005
306946
297890
118770
387666
316545
206412
267223
232835
103606
175779
334024
306287
425175
368650
432239
390968
431489
203271
343947
379586
394922
178654
120583
366565
156850
203803
351689
353542
121554
161197
446639
439397
315809
390203
288736
175341
236161
156870
222520
436664
153822
178392
195410
140544
404272
142191
292427
142925
158597
140013
283070
158437
454926
384035
351316
111017
158023
246058
360093
384545
147905
161481
310109
389647
296118
335307
418501
183760
172387
415340
384698
196156
242823
283049
388684
310819
124371
304692
322184
165269
173852
193014
147328
122937
121532
293829
184974
385312
103517
344061
103220
446275
324542
174385
213221
345299
149379
268117
115564
294475
362909
425599
219546
198252
345706
169849
148968
102954
418505
212850
288073
330610
329752
154341
305912
291945
326439
432477
173154
113425
418855
331539
180309
275782
224477
236897
376144
211662
203217
296629
431160
402704
186541
195646
236361
279375
305672
255740
298926
251994
288435
360322
368676
355597
131711
179477
414906
138584
105453
356707
319447
166284
192019
182319
345002
453475
137144
253659
336185
142324
312356
382551
141630
403644
452364
436866
113334
251243
289316
354715
306277
156607
410250
243368
394997
314069
122979
232591
258540
391532
451858
298206
243862
203616
371928
315882
446523
224878
251723
123516
280552
440491
378797
445459
125615
340910
384088
245231
184717
290380
341670
389391
182703
316681
254601
215502
300584
413022
381690
129373
108162
230608
108900
212455
287759
126458
322892
104475
207910
277437
224025
380417
100741
245625
126667
365804
193219
315419
448647
314209
328227
294272
336048
332567
114358
169430
305181
257168
205122
178198
139614
150842
163691
341430
395174
405475
236413
319548
195003
236627
251209
174933
294433
182307
285968
237583
341499
438720
191008
170111
137120
343131
227048
140263
129654
435660
104053
361506
347796
126215
317178
403162
170049
234006
362631
372373
327019
191961
189791
341267
323097
360214
276157
134116
435340
131961
164769
381140
339763
207345
269432
396947
418714
454883
227842
164977
410074
101810
232644
445894
446442
328486
270591
214031
183405
177888
439041
433679
373440
197914
138103
227867
386231
288880
393362
384769
315564
395309
101489
258042
181840
157219
405876
249117
288437
163267
198562
289125
140474
209780
322767
308393
427186
296604
343284
449876
263996
393006
360899
392806
159050
334820
216915
149796
292548
235616
412973
134809
106029
157261
107485
265742
233334
254003
241112
384271
301545
251836
258774
208242
171714
349345
295337
129085
235767
257516
146807
167979
143699
327271
410632
298377
138288
154530
440036
200326
391712
299851
196211
343613
164273
417227
313775
340227
317045
140058
106131
363430
297207
361233
200060
319599
399009
312760
130332
299776
118479
265803
297816
102857
255562
271468
341677
435225
149068
105804
117680
363205
348667
280336
298198
383658
202577
157830
218340
252279
352712
434648
391018
285175
118978
322311
326403
332067
405539
204065
161827
336374
413135
250002
212789
118411
316793
282935
205386
443190
119171
168988
281255
387423
414917
204880
332061
123256
291313
125262
319912
164531
233552
187780
436191
132578
411391
255334
444767
337235
360388
380596
268672
358169
185925
322173
357161
285142
147188
120854
101076
373678
394352
135254
261214
232140
295766
172222
421971
257950
126489
214607
271298
346391
125130
333409
101066
449975
259012
326232
324297
424451
402651
227761
322027
243437
421512
455905
224826
192006
260839
221401
217992
388619
151302
170974
327365
425282
194340
102313
390457
266747
443946
162097
342283
425624
263093
325957
246539
303494
147654
340251
316672
336667
370752
353533
383388
109664
124946
208108
353166
119520
204243
200489
142063
174306
200804
382176
290362
435522
209695
343684
410967
357010
158785
195526
326282
322094
436195
285614
295055
360936
449776
272695
446809
121463
237741
404153
258503
393188
415248
182142
308106
234070
150456
177427
261715
140332
251856
189871
420429
295465
235705
382307
207215
132739
175925
331173
327237
266356
419620
210608
438373
250341
359047
341212
361696
123192
184022
188927
203309
174147
144593
296295
292450
180367
328048
301584
442252
422023
200861
417584
233660
174875
224183
376853
118927
370049
377296
300012
154515
228462
126844
216794
237554
164285
210297
261873
363596
234883
339594
163233
168223
366084
378254
164860
215288
191000
116422
247520
422458
372680
423780
390516
196569
359459
430153
157202
108306
208768
418431
380685
316746
156621
105541
270954
227983
128462
144088
121697
252487
336699
197017
386238
329621
438548
196947
299388
398746
448299
329427
115907
410625
262147
387550
280064
424102
373139
100980
236686
280128
167692
213197
268187
312798
213173
110704
417238
120260
177715
448808
298308
255083
106988
165569
249884
312418
143518
453750
183972
334272
215850
366745
124970
445424
319167
445980
143148
200462
384774
168302
255885
442643
305411
390872
258994
219631
245435
137365
190568
429988
102780
344764
101559
386195
353762
353154
255005
451040
234887
354093
331444
194050
448108
265608
116625
294240
448190
423122
219518
104260
357619
190220
394000
352436
141876
290865
149034
343749
289594
308216
174392
439628
145574
180265
152127
340646
403571
221343
392303
192583
228544
213913
109194
227898
433742
434070
272895
312530
187042
342479
309407
388557
218335
330887
348224
434960
370301
453224
228275
110540
110198
377860
254608
373923
413224
215859
142524
198500
369611
263665
408292
128953
430824
228541
116895
348173
430598
455609
431151
337985
162688
184078
252291
269428
204028
197307
290749
312246
288396
422905
379715
338055
137848
205603
252045
381950
130542
195989
327321
185432
364505
260240
219404
269398
147052
252442
437258
315482
368352
386428
305456
347381
408967
426823
302035
130096
350696
176385
300282
137686
446099
321789
344232
256555
383881
110519
167786
450034
217888
331237
359191
132335
232326
403756
233152
335179
360255
333963
285022
248376
290017
262184
250727
347154
397849
384066
241984
408163
417647
214294
418666
105683
450115
421730
227265
156780
436800
326851
265423
167069
356780
444665
332867
449168
309248
287043
338728
233385
310072
111593
445833
318870
267065
426649
199938
214929
416202
410393
447916
377190
143485
138621
192870
115662
122428
411488
229128
311527
187707
414164
388000
207166
419306
126177
344281
112843
100010
400510
205572
118476
419653
305097
319079
262544
112378
118994
455912
259271
407244
252790
268409
430308
363536
340004
123186
280461
236692
422265
126693
191487
255244
217056
322161
104918
126135
158586
167453
208798
317147
282263
181541
164443
289302
407503
156397
252844
233269
347245
256487
425123
161597
232605
273001
416250
102385
255472
371563
392555
368124
449908
177138
118621
307553
318788
193632
181383
141620
167833
220117
107552
162891
273981
454260
296847
425500
410983
230697
165707
451001
325187
378894
441396
213281
114391
220754
320612
227677
228575
323752
207860
145981
321378
330848
317663
406704
229764
100473
336939
161792
195573
251266
301141
411144
275112
308484
107877
290112
157735
226141
448213
106215
439517
195052
409721
249127
217600
224071
285095
169222
156593
160146
364245
247072
157274
308389
388236
401441
110647
394179
175048
436295
430693
173954
219895
147699
452988
403329
325696
118122
201094
378954
108714
242476
344471
350050
305315
103518
394914
411354
277825
229884
159835
103109
393467
241998
351195
134575
238857
287788
245998
117336
348025
177199
341508
436282
391975
138424
108651
191369
215835
438406
425629
228331
338892
450167
380192
260940
386692
252077
332002
424399
151435
352568
180748
196862
118172
357714
254533
162728
332917
406017
434141
139513
314715
299998
172555
367561
404877
303954
411282
197188
341645
451490
193495
128276
312409
308341
106994
200164
204517
300343
434729
239376
403730
143801
183786
442061
385390
298407
195020
235022
221844
382463
234160
121957
420189
261174
308955
169494
166675
361250
399428
370661
110996
337652
303811
197944
407732
354005
447663
342671
254319
236425
128400
333260
162752
445558
363418
102361
342134
343814
226924
100449
254317
329084
237836
189204
445806
303410
201480
330003
403183
143053
424956
163213
357570
163041
196682
382713
400010
405488
328344
213075
346412
348723
383028
399698
223556
245342
426976
385028
259039
221178
301528
253823
352763
374996
274051
125912
208374
199422
289363
267972
281949
281997
117357
102758
377935
137881
145261
446629
345169
144980
175057
193158
438945
143280
219920
105083
276499
308596
429331
152482
307894
394696
407099
206879
146701
357950
257573
366665
255321
436699
323906
394079
367003
105608
425335
363599
369341
145064
127989
200693
220099
326380
259646
447653
403547
328553
225006
209592
200764
353432
250075
360483
334359
447172
432061
360634
341241
264801
420942
454892
253120
368327
202378
153465
345249
400590
390386
226888
307759
170085
277322
312529
109177
372297
421820
454775
292002
180997
413380
323020
213877
236051
188361
420723
249409
331064
283751
233598
249790
178580
216101
349282
155685
161173
263371
127736
314109
207396
433753
256090
121849
225673
363637
250205
269210
369365
447525
138257
192741
109571
221087
152534
226466
420943
236789
357493
376942
211847
382191
265362
401285
266061
143945
355940
116688
169993
206216
275373
159040
336424
166430
154993
177608
227717
217236
203747
421250
330100
274712
420203
422844
442942
289917
201531
107376
201784
115287
435860
388771
456228
402072
241185
100147
360887
240676
207656
138662
125627
135815
385242
182734
137903
383614
108478
355612
452352
408472
399701
318871
419314
189794
188642
422453
396294
268874
450633
194180
129832
117285
437081
167664
269552
391965
107774
171931
345140
219883
308332
190636
261059
285233
136228
237912
363746
141044
245725
336769
401189
149732
413811
271242
422321
329936
131132
151240
410255
142311
178214
118855
109267
208836
415360
130432
258390
377509
341759
223756
310594
393844
194179
396237
237312
206670
297746
404521
377494
321977
450492
323311
419621
255291
399900
108339
395839
325150
293190
352998
184418
363043
159632
203546
301107
175161
265116
401191
438701
172006
107595
326902
245280
424413
166457
253952
419066
336294
450317
218477
110930
296761
353971
225767
167146
271179
351551
214306
360069
115236
166642
119940
258061
323953
102217
175564
198873
120812
217979
448786
332400
410599
352509
392080
264840
230575
153645
282932
194751
242786
440145
133204
254195
343825
288892
325245
368152
262676
415975
422790
300869
119294
291383
420950
228637
243153
322236
145772
338365
412601
166314
140509
252103
205394
294400
342255
226282
193829
454753
278828
143522
212573
401685
451887
197927
399761
418902
429354
161236
243052
243997
428458
310255
212534
368491
162496
314879
446284
386361
281927
253144
108046
129990
445074
404114
243925
327217
174443
162641
341389
415411
145915
359237
194009
278140
347310
298555
398459
261144
407429
296065
201200
373025
369232
346583
209099
225798
244085
233725
272686
431351
298536
176213
260903
336171
449819
434909
190448
192937
134695
133110
237208
365536
168666
203772
250537
375728
395484
391569
410756
189307
316757
452760
273196
145519
136577
203028
111817
317257
132681
156084
401369
354528
323821
244239
374107
432076
186659
341914
199332
339862
360816
180930
330627
379532
294212
189681
318118
213157
293338
407624
429899
221945
270357
414308
324058
251681
400121
416838
265799
361918
117052
207199
254123
374660
188072
205783
331910
344721
123321
440703
182056
403080
183945
372856
305213
161295
292808
290848
339405
201088
414592
352116
366994
304377
190641
214679
277187
288724
222786
120273
412970
185838
148210
356137
218416
192786
278589
219282
121659
200385
122223
309410
385416
386950
339840
147536
454267
262338
439128
172897
370761
101512
295123
194870
110536
371392
448453
268891
129572
223762
158818
211137
149806
144504
265556
346482
387269
267799
176761
215822
119747
404835
250021
302663
121006
223863
285762
328425
186348
113768
382993
206495
397596
448789
101585
364498
267021
398947
364240
410414
152870
348988
191119
339088
445322
434190
349285
397846
429516
260570
215866
438318
276264
217544
257386
127032
417850
376414
269984
222544
168056
414713
169010
350042
319640
319546
304980
265663
400067
352726
152276
284077
437303
259016
182810
255827
391153
149552
241555
394490
127483
128551
177478
219049
329831
199612
439527
406222
395494
406425
195342
369388
426072
363448
259232
101330
448951
207484
111769
190048
310445
238418
305788
115821
317295
305088
411723
118566
429198
288949
213978
247504
415679
207890
443231
351267
379543
259028
158094
282155
183726
139314
213105
178614
404642
312847
452735
190171
258762
432161
115216
169768
194339
193695
277303
225062
267832
354274
430505
105286
152759
347027
289695
104031
198823
333155
303031
174616
187041
437660
215448
244511
145430
378222
213977
100809
271068
226850
102633
292910
396061
304251
244009
194111
339749
430065
271153
342320
379387
380191
377679
111801
419297
272232
449489
161141
119877
426743
400608
454202
207672
349761
