303816
289781
183197
451374
344709
217380
375935
147514
273833
454980
422793
337205
428142
307293
223138
258536
293776
293753
184983
236498
366202
171109
392813
102616
331271
434909
368950
230334
120302
158647
108719
201300
247149
217028
400686
138412
170896
278999
441454
254986
247252
419902
236520
236331
437167
119823
132230
276982
210992
263119
247813
400423
359734
132570
414722
244477
417678
245927
450315
131190
342869
112422
165448
224249
265098
202601
424760
185875
421325
206544
182933
447035
202718
415780
303692
398659
290463
399265
250735
363934
336991
213165
312177
160866
438342
273785
254718
265579
431145
244386
201371
179785
234540
249356
256352
387557
313945
149647
303703
418625
127868
383786
352493
200297
245757
339399
220581
429488
391333
412692
206900
131776
455218
172459
199420
163816
344203
233083
384119
167094
248712
166631
413048
390128
164848
403472
139959
425704
405876
214943
321713
153605
295807
304337
155103
442337
411429
215139
332959
266774
171548
197895
100319
318774
196299
251379
175092
401526
156275
347153
121809
293612
317084
196741
366748
259231
297328
313895
402846
320810
454117
231871
398059
207288
324162
394540
197300
199313
428396
262465
216689
112018
135105
369690
253616
253062
422694
404135
109579
144583
321041
303206
407071
340981
294005
380761
312925
126432
330705
295185
362960
241555
419891
127190
165030
354124
282086
382232
242768
225564
279125
149064
351942
363692
428981
227820
334458
386503
190470
176744
416755
215104
128561
370942
158022
243185
124005
136788
197939
334236
367755
197376
122408
393178
261702
209407
210589
291670
286278
223009
162057
173322
146337
432570
163809
167487
438439
385625
120065
351790
294156
355951
362136
150373
237582
187271
367407
354696
317834
141140
331790
155192
339661
147292
155089
189832
250826
308434
149658
278726
445914
128960
401327
298647
337562
208060
328107
232406
122441
374879
373792
271505
430867
289468
132377
366699
367703
310647
388674
138065
375470
110872
107754
450944
446483
130921
221353
305129
416709
191339
229583
410586
337875
251403
207117
401772
442673
142390
276114
228061
249682
256520
415692
263770
197781
393629
260290
284635
341579
111217
119284
347933
254949
312050
230481
167855
414393
330680
294143
155873
251925
381217
100643
349229
191644
343975
110077
126414
394315
307767
431174
326203
346569
132546
168184
177334
439453
360374
443070
312311
182283
435098
195530
304487
161042
110802
175290
331548
137912
329705
392368
145115
442943
450803
307189
236768
382228
252077
292323
276502
318884
391657
276041
262870
185836
316262
344556
426140
207738
156690
358807
441126
358320
181488
117846
269962
256991
135262
369425
333716
377446
437554
217869
215130
241991
300477
165074
139603
351854
265608
174283
135630
175244
328832
179699
164775
185290
383235
264356
166418
154801
344020
365241
223766
189614
218253
108626
286131
123237
171855
152762
425716
120174
343654
421801
247744
266693
169253
167969
232084
106634
314392
406557
357951
385605
213970
419400
220495
190389
336109
185750
304023
263437
448546
208722
259127
199005
378851
398011
259457
434867
282362
437205
306269
347375
319932
443402
381177
108061
315383
299350
316941
265219
256698
254611
100255
380971
145776
371527
218818
362956
178085
149759
242349
186813
364601
128147
128711
363390
101751
303594
208577
369780
423206
250292
102765
369433
251884
168286
190877
440677
252741
187916
373739
189265
342473
194496
451659
446922
212595
179154
288464
440004
405240
204333
366769
328839
137729
419224
223753
405011
178125
239821
364061
279902
114516
235322
126634
101199
176678
241818
259444
398920
254113
175931
249645
360948
128333
218463
379271
186256
120532
134612
206772
116796
180654
108492
427557
411663
106904
370811
139445
335833
251142
355768
127503
282400
382786
305116
203481
250821
299923
269271
132359
203032
192592
378128
142091
355023
454503
207420
239425
119506
129473
159262
410673
228180
310295
290026
414181
417140
188590
331154
376419
213106
262317
331067
443878
353255
125112
219197
297397
407231
190602
338234
275277
259184
200266
413981
379341
168415
408109
216082
354841
368181
241883
413976
101165
376728
249946
416669
341500
271803
389613
262938
302979
183224
424529
292341
221942
272032
375029
445994
221270
160667
291597
179121
105778
134260
220037
246305
352559
121213
445987
133485
452635
128290
317877
327788
298406
446236
331000
340489
251995
454110
150865
342287
218735
384035
298926
443290
309856
306332
277042
438459
283088
413753
330512
284863
185315
242262
307064
430577
152190
306754
399620
215932
393630
161058
140555
140268
116687
429342
231526
370460
117149
101447
319903
315368
355765
279058
226282
160253
194850
315457
187769
407949
394538
117462
201671
355056
211438
352206
453498
241981
389626
445167
269676
334566
265600
163798
327529
408219
330184
205949
246015
187578
409040
279523
185321
265983
291438
365649
372937
308098
314499
181531
118721
298307
140529
192436
163886
219655
295902
201366
303285
223953
248425
313110
321110
275880
125415
437938
356047
205573
229410
361275
419120
411308
284432
393346
211008
223398
268267
438317
275894
154691
159200
254605
310488
314871
133786
414674
246668
282309
213578
277742
256759
316127
212373
195376
383882
350142
211716
131329
304540
317959
424322
230435
404270
337123
381539
128814
169468
419621
152435
229022
121902
391839
360234
418320
210308
280400
163389
260331
292596
102822
287040
411724
178756
117883
411651
252095
126281
404131
449992
330911
249836
435047
306691
258624
207109
175228
114495
200566
318341
141629
344324
149368
101522
344100
137644
452044
398527
429994
362408
155270
318482
261891
329468
226107
408810
429276
102809
137959
255551
357302
334020
134638
390195
376911
253915
127414
240226
184593
196944
333036
352652
382116
276082
131302
331955
276925
340684
156519
405869
236511
250422
341179
363953
280700
164254
308141
328360
218284
266551
214655
323419
403720
274031
445424
337223
154434
129259
271676
287436
281104
348815
370462
358727
369357
244888
434963
240103
396455
234909
260956
385417
371625
194271
347797
118559
226376
382442
159658
267414
422895
243560
137366
425193
103787
387619
113981
182795
199842
201549
120584
298208
387803
227255
208733
428495
411644
424643
344531
280391
295858
298205
427207
445233
267233
205444
446541
230187
193772
302091
226497
257450
159958
349723
266067
117371
212506
330563
350996
446557
124528
233868
284807
329817
393881
150741
405474
118475
356207
334676
433015
409716
364590
183783
229005
315120
200688
198002
266284
421680
290660
280483
450403
291185
116079
237181
342022
412273
273064
111411
215035
444529
317818
450181
225237
120706
312776
357781
152683
107682
195558
305733
271034
289349
393613
193504
129617
448323
149010
288841
315069
250500
268824
133198
160832
157084
332102
452474
377435
276738
173304
419561
405752
373529
257162
239786
388076
262823
252255
151573
335089
241504
277128
289724
427804
254657
430490
289643
303238
310959
324734
377518
395781
263755
401334
147855
143993
142011
357687
136419
218252
372784
139748
126507
380186
269922
271225
160879
220593
169325
144338
343417
332541
369316
219877
296704
292358
154464
145308
403905
455038
230601
271035
225056
373678
167620
333479
232067
322083
441964
405487
335161
223664
163082
437346
320427
226975
108946
314286
253377
375336
285274
387384
235163
368482
140626
270587
309420
250520
349025
329491
159418
422090
290616
388954
445084
315159
387664
320237
201563
262695
269831
273682
169037
379543
277514
350485
314069
226215
455330
149116
153323
104917
330249
377576
268319
344487
384605
188636
220131
120438
388301
448738
435977
241810
289633
240957
426447
232961
133311
431032
429997
341463
236025
317869
125243
262805
414407
321177
111159
411840
351023
440655
181955
205248
255972
100088
357880
177874
189493
268576
413136
413032
413542
390841
330587
252125
183354
325207
190105
299076
410271
272855
392126
259857
255552
163310
424992
411139
303799
383241
425108
110481
411148
448312
376107
186786
265273
174167
214668
305294
180491
249899
412189
332066
143579
279707
347300
203193
142623
435096
435374
175942
107762
413891
344499
147262
401257
328584
103810
455028
190793
104133
347213
322072
292954
138535
239595
180532
420540
190113
252120
323163
169905
138579
337377
254354
302792
201013
147096
350689
154575
161671
350704
415198
152296
108594
217609
338900
114004
369033
140739
321386
126105
332299
343834
384570
272362
419529
437901
407567
109983
442104
232998
244855
451851
241533
172119
196583
373358
259007
171085
161876
112269
338488
210820
454777
259976
175777
260449
217461
191599
223600
174086
455015
165435
431216
367087
331776
357233
189563
349722
133056
113164
391078
279536
246556
161365
400598
137706
334163
241611
261133
124160
323262
261289
142834
362276
449844
308035
221023
338826
435376
450962
100035
282233
259055
134917
332436
382184
274075
334475
290482
453058
324218
245126
383920
361461
104313
399118
294447
255026
399332
191107
234665
333008
436946
424017
339926
270223
192648
201338
170088
411616
273493
192386
312653
205679
106922
422716
129524
447026
169149
100360
120818
244720
157190
162797
375839
276384
362875
304757
146267
454764
380021
134187
373674
313950
250157
141991
343016
158247
297938
298903
129176
455737
294705
135979
107238
173689
390725
175299
400683
212902
143452
295531
259832
281216
175093
371049
239333
175307
140709
384888
387750
141797
368245
156453
265947
437906
191361
233081
455937
196857
216799
146248
373126
126976
268443
143540
273737
311079
212727
141985
433172
427609
353476
423779
133202
420563
296555
174646
361215
453864
378981
153850
361875
224311
259098
232795
411900
419639
365203
234149
102279
376593
293221
280287
151199
400627
331419
272292
152041
398895
326736
189060
400733
416699
443969
213923
441142
121573
202984
259619
296709
349464
387022
113741
167357
293994
220499
258513
113231
312888
315845
430036
297752
132997
365111
114969
351560
138839
217487
296276
434231
316159
148599
197092
434376
229864
176627
441119
437643
287913
396336
436398
156651
261186
150192
415388
134980
297473
136143
346575
263505
209695
234451
333103
310725
260846
192095
450719
199483
174705
332984
429953
305482
429993
172634
324016
184951
207407
399675
265889
173601
433572
369545
177963
109550
236257
308000
315345
301637
165042
271782
123205
387876
167590
305962
441897
126704
396528
192706
120094
365207
424382
324309
277389
111282
191798
424550
342321
436806
123361
226710
171418
391880
157464
116163
378277
382957
166019
120813
298149
330262
148494
170619
237690
214318
430226
350361
454986
274757
400896
418152
197417
412350
138188
241134
128432
171907
316284
131594
268086
182406
427670
248577
319162
157176
451214
201152
282558
114321
237920
436614
394280
399570
197480
276828
238150
104077
216308
380238
351229
327658
228413
374153
427917
243947
372040
227121
432196
236524
215818
250646
318310
146641
119770
412277
148352
290397
365842
159686
333066
449059
413310
234944
455118
153786
319079
420696
135819
315763
246590
292161
420423
244444
202225
209878
350045
382750
377815
154022
399276
426667
295468
318586
267261
103292
274528
364466
436281
330326
169107
383497
196449
297900
453724
337157
436969
158427
138244
355791
320030
427863
404908
185129
404547
291633
110238
306772
207434
333591
185788
253049
386779
253144
203657
332078
219454
330055
185704
386406
268836
387776
191254
201655
277581
217838
295509
128350
302442
385671
311870
375007
391335
305264
369010
330521
250992
128025
219293
196386
242862
272064
341837
320745
251799
385712
213805
426075
387763
138268
431646
371167
360173
226263
165710
212266
393731
241539
362050
167484
121563
341624
188681
164115
274537
380218
273293
160124
194331
146227
114304
212494
371378
261687
375366
331187
136573
186246
274197
264651
300035
272001
448296
263182
220489
113263
356971
255970
252211
224677
313585
427212
433747
286724
315803
233742
144220
229424
374435
185420
306765
260724
100941
300973
311790
310882
422161
313510
137273
148778
105247
318010
143954
397772
424707
452460
335486
283879
314484
329185
339789
116484
359846
117008
445620
277945
142147
294432
448173
147020
135894
374581
141471
286645
377434
261460
318913
169441
155518
380528
203630
312783
379546
386438
116521
121814
323983
179970
396079
416087
398744
238860
376396
200985
308923
253786
112204
251439
381791
139799
434349
248515
128973
315052
422931
313866
257708
152210
440173
352183
181039
297637
300338
287463
140692
132559
300057
353614
383006
434848
212695
414725
265635
385434
365361
434913
383885
265731
201784
392421
245685
121882
314948
403731
233478
331688
320599
327155
432050
241042
253409
380223
403018
227337
192804
199473
251532
383697
248074
404611
350666
223702
366579
408161
331816
417116
373971
194630
420441
212869
211459
393255
129801
136387
219474
227541
435918
413944
303859
412661
399370
214931
341973
154714
195229
244708
328987
267523
119608
429064
297378
430164
253640
230118
184117
171899
352516
237991
380486
257574
109104
372526
356743
194703
297623
266088
162742
162366
455693
229915
369554
446474
108599
259398
106351
120334
417657
291535
219255
401975
217979
449452
313715
316961
133618
184614
339462
393446
259675
240682
180935
446627
370717
277805
140186
435759
330372
364582
200598
416447
247973
313078
348063
100516
430089
353565
202431
188088
204737
369021
357716
378431
320208
419999
342666
437030
277340
128404
246298
217391
414313
221862
321320
296200
310122
106579
429434
367233
314889
282397
356360
187294
287497
270705
392140
211759
333721
265871
250757
203150
293053
221381
163340
308883
129521
319844
388780
296146
100848
377890
316267
291805
264438
227865
455550
432140
428273
342030
410655
420522
147565
138743
223252
139815
355618
368418
196358
188445
362331
133260
323910
213416
308047
408009
197008
229973
436981
346644
287865
256137
408520
443797
214838
326781
125669
436543
177269
430616
263358
415426
419904
304005
276129
251900
273416
331714
133690
266330
245348
148329
303477
124522
192973
342494
250142
128117
245952
409820
403853
115337
430570
246277
419490
101192
200772
190249
246529
329800
442385
451097
369785
443231
273832
173679
421741
395850
374440
191868
120735
154109
147461
444903
388297
354110
312336
104818
442919
242357
413004
352842
171868
206355
371450
158542
246997
411212
191372
358467
128225
108201
301543
442652
435444
249659
155416
292308
208987
453325
207551
387161
193744
345911
306494
416403
396537
157338
258788
310402
232222
226522
213952
438695
274628
394608
217187
134238
185718
203985
304357
222681
166103
165659
254286
429057
276354
118375
403639
385969
377404
172184
435722
221222
173760
441726
417587
272707
110533
147879
111450
317264
224178
436265
440812
255667
357038
260974
132258
189789
406541
334829
176164
214142
347903
294457
199138
289329
377793
380877
282481
300361
309656
302962
225292
238895
233997
273756
452607
452336
367989
438284
124313
406983
386400
120056
105181
317164
386590
359357
260384
227432
350235
312299
253541
354849
221414
368452
359144
139792
424484
369473
385599
170664
270258
146719
137187
171486
270501
443117
260376
376499
302304
291450
421948
437859
455336
196193
127050
144500
386104
140137
431552
149945
366870
165821
129417
451727
356393
185235
410652
184628
148813
386440
421648
311251
279738
240390
330814
148324
405576
364323
408680
206658
147018
399837
291620
356770
306489
241598
231263
201033
401396
135034
348667
306190
253223
112591
447402
367273
431420
286870
161064
290402
299205
109999
397373
130221
237806
420451
278464
252410
407355
187449
125096
357136
342905
450471
300704
209070
273516
413612
431442
106030
401280
338685
305737
381881
115283
369237
327113
284140
211899
303440
453934
161747
315989
263023
446436
336182
421908
166088
236702
447778
393167
220148
297475
134209
361549
165206
312491
163612
302203
390184
185345
439704
275354
431370
256335
274312
163875
209681
239787
166068
265491
131025
443427
159801
150965
144281
415665
439091
174027
111737
300945
102526
373368
363218
184962
199832
438931
382684
280901
358196
222686
244546
135501
110734
293938
338989
428699
367643
340143
422190
373784
212353
295518
431141
357475
240367
328329
131071
295988
320655
212180
327304
341726
131974
177633
165002
193532
228449
245785
403987
112841
262182
429416
405190
453163
237819
104259
264799
426545
360600
124632
277615
158473
412385
304577
363146
201896
108790
407479
307949
339612
343847
221226
264781
154816
355532
225422
254698
348740
164492
400316
363470
369796
424357
166115
333326
308389
325440
329380
319513
410474
253131
170979
130310
255607
255019
408290
148991
287704
381451
117958
236893
332577
246487
256209
285671
327999
170640
282898
173367
270054
374276
352705
323255
214127
396441
394961
310637
208054
316482
210349
240755
389944
239810
292998
370724
199022
375965
233364
402765
101474
252615
304737
153160
108117
303917
347119
404843
201264
371906
377338
148537
363975
331769
128093
324744
108784
257501
191660
335709
324771
209919
363267
393390
320048
450157
454684
362929
213088
237139
447683
342924
198603
350414
130381
435781
277629
260594
144758
155750
450217
353010
101417
254734
262032
437585
199021
164543
319361
151959
421657
343854
238599
357857
243221
365812
324694
229399
386660
221478
123351
102905
117870
175828
312692
283160
114809
270808
380621
376013
101122
182935
212885
336640
386363
446958
296757
318593
361046
370661
413090
133356
253615
133928
376948
332366
178232
141517
364225
188598
101265
178377
216408
450214
394265
394820
299515
166725
289686
236652
378985
221068
333588
133188
410767
432993
276835
275615
208122
148748
376659
282131
264783
275849
170240
174046
205098
106588
448234
267829
437028
304527
356860
426541
250534
448731
443887
182845
438415
186290
448257
236474
204668
376514
172747
233290
427357
121097
291126
288393
100069
118062
395484
132710
213705
251358
317212
373306
431326
312001
239720
346798
221879
273745
455473
137202
198275
416909
276858
398209
353564
101088
379686
325262
398161
313486
428548
216726
254800
429792
422461
353408
138935
431224
388324
147832
444381
286137
265033
358430
199296
339609
140919
197527
336423
195838
412663
183835
433025
387473
452001
261112
143189
415618
340641
394760
317187
179740
248432
366031
193018
430384
173142
335828
202520
248028
381610
186368
275465
392281
312654
426429
232874
427772
203409
383038
319229
149953
384928
224895
120054
208367
115666
299888
265025
369267
401632
366152
101073
216892
198071
326814
265992
333367
218808
147784
188490
122786
426482
407300
314345
230004
126377
380611
193872
182395
116407
361756
387605
364576
304788
447126
259263
425147
232188
168971
389936
101042
197221
325067
219961
264127
246981
167227
419096
118540
244697
283607
332379
262304
250167
196547
135051
312823
118676
386216
312036
300271
324205
378316
400892
197264
437619
240890
257629
406011
449712
251122
257767
147409
345464
416917
271377
263025
419946
280181
429767
112092
338658
176378
178277
182511
281117
125602
375370
442790
246766
273379
321604
431150
415170
203047
430534
390555
130787
316187
144401
166669
219960
392139
410507
394321
168369
437212
294280
243245
398119
360605
284810
139234
286028
300890
453596
271542
309282
219735
186452
410042
240535
265587
324425
220220
341699
292833
328937
136917
130042
367911
123223
138227
154572
410597
349659
335931
221551
261976
123649
451216
108604
223232
188573
338238
240731
442508
382688
304275
333536
309152
306940
381248
399425
396753
197542
148219
452099
184443
265516
406170
143368
445144
119053
210112
416137
236363
446756
397151
355535
116884
267623
404574
414935
294696
135714
436947
265694
103486
304501
271755
197366
235347
175841
373655
414037
423006
222216
380512
355348
401847
315647
125627
250465
417656
376172
430181
348396
103407
374950
450559
171761
349489
386793
245362
276176
245216
242780
416136
203151
323149
371289
267022
127090
318561
116753
145422
265790
189487
142885
402295
313193
410159
204900
268130
141083
397774
109375
445361
132551
170926
188423
234623
102129
192832
247056
124912
160550
256911
360169
281676
232147
228903
294747
116644
312621
346315
392637
375049
245958
416794
105132
309286
306404
256977
222952
133433
156608
318810
219689
191151
232376
363784
157645
100475
184616
291298
363988
428646
238852
365958
396743
388451
369159
143462
287277
349090
234583
393861
218223
317631
229892
439351
121781
379582
210910
453516
279483
366729
453800
415472
299084
151152
217658
115868
359200
313651
325273
130648
281897
201871
221914
418850
199132
192078
237239
357173
207244
185820
132892
130915
374506
262212
116485
368693
158285
286740
191434
102274
330581
182982
219448
263976
214174
324780
171188
130517
447990
115947
210665
297458
348247
348716
341336
172979
325413
175474
372559
222864
370095
192542
426446
203246
227322
300634
353835
330344
374351
418449
182783
110207
355080
158754
295110
419851
426901
400245
170081
418048
147766
267034
293698
186637
188728
433618
262863
214245
145674
187002
246614
148506
198745
390875
214222
322358
214354
132003
301221
418370
368673
395797
439180
436904
203000
329258
396305
431302
132309
156990
119690
255301
261503
223890
306903
447179
451135
386084
183680
341362
268141
314728
349968
195485
326414
146358
146333
172404
134653
226235
175291
133220
393125
249296
232109
171572
409284
348325
121195
205620
166430
400067
221928
429264
339401
433094
192413
361538
154614
161865
157787
319672
143875
436769
130101
150428
373613
274519
435593
267146
301792
352444
404939
123904
205027
137077
306860
382572
106208
145179
357094
280767
428253
294388
141045
288957
374638
107724
299030
416055
305112
248141
447141
172826
320472
250760
308473
319466
180226
163565
110683
173790
248339
380702
434956
337745
380821
196838
435751
216711
348658
367377
411436
207431
273159
229503
281392
196555
444598
169363
363456
328414
282952
293459
369143
269869
127520
355574
430474
349059
170231
117538
127981
226186
287765
191066
165715
150329
278842
395851
356545
315656
164945
337909
126938
399864
409019
109466
436030
162747
328609
143518
137131
245423
182984
131513
318896
107405
205727
435295
277604
150360
172598
252070
284302
295854
134120
185821
430438
278213
204471
417588
362658
382588
254197
319288
253599
273841
265678
438006
291452
436949
318202
185731
368958
113591
302944
244248
393085
142094
212794
215575
290023
228693
155339
288235
210508
431533
184464
409100
295785
195931
171545
149443
439006
266952
325944
198577
251066
121966
168383
123812
428327
319842
367886
296956
227205
226443
451731
143287
244258
176106
122113
402985
210417
337256
249253
183254
454903
285829
429582
281766
366683
198343
179015
131858
131429
225556
167476
328304
283315
167804
198985
309523
105325
180275
365407
137163
198103
433372
304001
102170
142742
425991
338821
425751
294990
118877
301527
212103
130202
222397
305006
375715
152618
379345
169016
352028
215523
312233
345937
279226
196999
107499
371586
178051
173854
305487
421489
398742
454838
221360
255144
343234
326055
321194
201794
299431
421717
243868
136696
292789
224894
372899
394413
343685
390282
376918
237577
254547
262491
175315
130620
282908
266296
414240
355268
381363
109647
238426
116214
136892
394342
422200
122967
183229
236288
317402
376463
289646
130995
287142
161473
453441
399655
219220
160408
273031
107316
379196
311462
117368
354439
109993
409524
177118
405524
168327
356346
210641
383660
267770
402418
282201
352931
114776
185029
198310
384354
193271
361534
392412
429284
320720
123973
288206
126807
430846
325348
437788
204011
390511
358240
210458
430439
399796
124279
453246
421743
239275
428447
208418
172347
259297
311489
316062
243603
219204
218426
321072
364686
291395
453178
328030
177621
369051
114711
426769
158496
142609
274959
369118
128460
402319
221806
344972
238472
355960
322501
279896
183719
272976
340299
328725
101495
424677
257222
263585
394343
355403
253804
178975
361272
311034
340220
342192
266242
119161
334554
229144
256208
233321
193186
194231
261586
158974
206516
272762
139680
288308
380792
156694
260103
146980
113514
253979
245048
128308
242761
223166
267909
205326
397364
134992
396811
447131
224504
369213
325091
309564
141760
442183
296009
253170
430244
336866
217006
265024
368800
237886
407392
274149
367324
456034
393374
157281
124512
104079
173154
277579
126139
367350
216176
314815
140673
444818
422387
201967
348543
405947
397509
453433
391498
294146
255099
293040
102578
433696
400101
447797
159403
314876
193169
376714
318200
288198
155131
377454
409725
105003
186905
378997
171250
182699
115744
441153
360117
263699
302230
412137
128163
436243
205113
367418
155212
255266
142474
375673
444996
441603
122665
414414
123089
258903
413426
251318
374164
130981
334184
172498
343446
117315
142739
394899
392626
401252
355044
230723
187191
242873
400443
265470
161367
311386
318170
294058
425566
129153
372443
148642
153343
143514
229735
278801
412923
417069
364600
165402
309205
249455
139551
259499
399025
255962
264596
354400
396149
330094
437583
253883
147820
130630
281736
439509
228010
137372
111630
230647
437342
413381
150544
377825
134516
207576
264720
140034
342745
313852
448774
161581
409176
249215
154532
247457
245275
443343
221945
146338
315001
150890
284607
353013
378724
338605
187650
249771
122667
233727
101617
154530
195894
134171
398023
362180
135552
154048
233911
248691
293829
114621
333390
325808
155700
233309
130773
399794
394960
157758
342685
225969
333963
108375
215773
136252
219154
110843
260641
327029
116850
434740
413449
379717
303035
449037
130434
291235
149494
323579
214627
383479
424471
268487
156714
139068
171701
189152
178426
246805
215158
130625
158252
171632
158026
266101
385594
259713
417971
158696
115825
303623
194253
116837
347653
370049
154784
272978
143739
277843
222836
293397
393783
334924
294755
313072
238504
424638
435794
433264
345440
131391
140083
255800
367809
248492
417901
336320
125173
370246
250451
104649
384897
368442
266181
114241
268537
398552
208582
148605
342007
373921
429004
338801
293113
436110
138113
181061
154424
178561
169082
332883
329322
446152
262289
378302
415289
177162
254275
239911
447295
200607
110396
349638
202279
316809
135395
432977
343871
311392
319027
205661
114248
267814
334147
445198
438224
343768
421045
304471
336329
214676
413583
353175
184473
405782
156840
156722
322318
119606
129043
316016
185851
286629
423397
316142
107541
388974
132605
103986
201890
397619
124235
132684
185625
187735
179911
197803
226062
206022
438283
445019
338347
362918
157996
260667
227515
316089
270630
207005
455470
133751
224432
104074
123626
130588
147699
370240
137669
272612
231085
167186
289113
219987
124958
367874
325524
143775
366680
422265
366197
419725
104687
337937
390487
232461
195061
380985
236462
159287
139333
106099
263388
351319
168337
402777
197610
185568
188215
170350
314779
188077
336166
453130
414457
177210
249279
139401
276597
394923
211415
149828
116438
139446
173031
327378
241015
219913
376212
199165
160424
376790
198162
356166
162621
128754
449388
447561
444976
132802
159811
141698
370741
423548
312004
261326
289713
151503
298240
365901
237208
214802
132933
316359
154539
262636
135736
103719
405764
189049
272312
433101
115455
240873
139509
194377
365535
383683
338262
437453
441645
417507
244217
176779
148407
374753
389832
160226
377921
415911
222415
128887
241560
378766
300291
388741
419444
317605
385389
187484
387744
414395
284985
404015
168065
392538
263845
278569
340043
385368
167798
167214
435033
343875
132957
256263
121426
182291
450232
275154
160984
400893
100566
445606
408760
146306
220233
263673
160506
190365
257603
378521
185565
320279
427180
124405
452394
115027
452413
439435
188275
233619
165399
248064
225219
136592
313728
205882
146882
409954
257376
237355
134275
124355
152449
153005
445607
138147
411875
195149
323389
192887
101093
455332
109246
356019
366645
208926
452671
199399
217333
220771
417105
130568
416805
118600
401606
252723
451121
345623
363117
290573
125070
130474
166939
270138
292548
249775
151677
296205
167652
292374
121738
400433
263144
451459
234624
331827
234738
391235
143745
310348
176474
255701
199984
452066
263104
229463
138975
279029
263969
440070
212135
300773
115082
140612
287172
307590
121055
285524
105881
393496
328674
445532
195585
309069
417170
206412
404584
139430
114019
404746
418106
403847
251958
225388
344489
426727
273914
228015
364239
339482
198060
209680
162842
346895
141885
229836
298132
184150
157038
408528
155875
161479
443063
126911
196422
151658
223816
447266
360222
133513
237906
339367
380244
213528
255803
418716
382016
298375
227018
350681
260839
427319
335624
355400
326943
311223
339730
339139
303481
282138
189435
446020
264543
308646
298610
294433
418095
191055
243122
137629
374614
246456
395950
365723
125277
222419
371086
327450
269327
427820
134257
134737
424631
350473
184442
354772
296368
150209
118014
233042
403000
305201
144535
246204
189611
153600
257830
221484
249977
157506
252103
146525
296774
171821
132800
254237
291726
133654
401152
370660
270285
147043
275291
286417
444410
359490
272047
302114
333132
155102
427721
186067
378503
439576
132518
368815
373060
416001
178782
272179
197022
198749
158915
334906
419734
378919
343556
217353
123819
244985
287229
386063
302229
141294
192839
324123
302506
425826
367176
251327
181046
289019
138889
214427
288180
126960
223124
313444
202537
168452
218486
384752
334904
401781
187091
123745
426719
224269
237017
422110
249015
413717
119724
435560
277017
268784
343848
246268
115766
113029
164333
431550
150835
360207
166555
337216
421247
167451
380162
411472
293628
152161
301972
130373
147927
151393
147332
426937
432047
257417
213009
395925
152946
412852
197045
392040
227922
136028
245625
218311
301292
354522
157487
378236
253202
395721
362696
186207
354183
289564
120525
111278
287134
156776
191100
147365
329122
434827
216590
218888
454784
159197
321062
355134
219032
161001
149288
143455
218774
405652
267160
118743
305052
357144
426026
186051
173868
228452
265261
413464
134778
291107
238542
278339
432795
396238
411561
267552
278677
190104
212141
405913
166099
407477
404730
431178
439128
334619
312450
396281
450486
283465
401456
302274
352552
352509
205783
324241
319247
310811
395650
259837
454022
118053
261628
367242
214339
344151
200640
134437
136107
245872
273419
374825
147524
416731
286631
267166
325244
329076
301896
180915
138755
283489
407092
247874
374915
223293
259958
213670
402733
393093
408434
378975
295482
152008
412867
414952
235732
341501
218927
220441
269150
320171
208568
271890
204134
435038
313823
172535
196277
135732
107567
423616
383312
265438
102751
129215
275044
150991
155646
137209
287687
299458
387452
373652
143008
118662
377552
198328
443115
431189
403206
294515
198981
334672
392771
218059
297078
444470
388491
272318
268931
417732
346547
269742
190837
420968
227583
228381
192025
400385
226182
433034
201470
153215
246736
438048
404822
274102
201703
249170
380479
333637
136370
254877
343395
432197
416374
226461
265234
310987
299513
279000
238301
184211
217191
296672
320124
326127
356453
166821
170777
190532
205430
196853
274212
253609
264355
425182
194118
429494
345102
287013
294963
442582
419261
317831
260125
282579
163393
283204
323031
376916
216673
307667
198407
218249
194135
124599
139477
337727
252586
386975
254119
173204
140570
339191
319990
242923
201644
201190
131222
112964
291826
291271
239682
318222
189069
190740
120737
207605
403666
336364
182132
339019
112695
138265
294687
133380
124861
247893
282141
137035
365943
294997
178148
283507
347654
135074
154336
224402
224536
426279
133086
215434
356703
165367
369610
377270
122319
274728
123601
189031
161130
255736
158006
291881
108372
430485
207681
442756
333555
282052
246345
128141
191088
215659
312601
185771
311894
230445
437635
352310
123362
225872
445783
410122
353961
410018
400391
334134
153686
281170
332709
220098
397617
175627
226036
102943
344325
102857
348768
426971
411554
106700
367032
317505
344906
240196
372766
218110
316958
409664
116408
106384
294083
125347
260576
162756
304075
218596
357985
363374
406771
250440
244953
175124
352002
221685
430797
182307
330501
283468
282454
379064
371309
449817
320265
454230
355805
191917
282182
349391
410391
294908
205030
336046
353450
177507
304209
245710
128337
214968
313908
119621
435991
168461
450204
178972
149910
205358
129571
207803
211896
124919
238217
230088
213899
445423
304213
105039
136016
172851
187644
400503
117860
307750
307890
274342
114124
208698
207666
213879
418654
256332
246050
331855
185506
130352
353323
218672
333620
203920
231517
433792
180195
417764
355879
429179
213525
355518
410211
409342
123126
122892
274836
357844
214054
411332
296375
245894
203093
435860
452764
318722
346490
239758
245117
152588
164678
405413
217687
297975
239147
331248
324301
283558
124728
316673
385312
152169
115496
339110
383525
291435
431018
374574
127053
279191
163142
404587
334441
231623
445184
216268
395873
298170
450473
386935
244343
292570
439342
160910
449953
256487
352088
388430
448776
206974
166200
132239
341002
234150
443389
397391
371227
291500
255255
214567
176698
282003
358845
129961
255950
349453
228518
190945
415187
164068
208989
311724
108550
231911
318715
381907
276108
165287
327768
160580
406118
171654
182972
321633
315062
259202
186257
452009
424584
409388
339451
339320
229755
275892
322264
291568
421559
236929
176939
210178
349403
105393
285872
449962
395597
320964
263840
251790
108829
239859
178407
350931
323973
401956
441514
273009
326554
436117
395201
308056
247577
281477
369324
414241
170740
352427
339946
406854
278333
420276
223786
333415
250107
384057
292717
432514
185018
456066
250139
360968
404747
399676
216293
405177
317161
348099
125796
322849
381347
155486
271802
399250
208521
160951
212683
333121
295598
133559
120352
199095
196416
257379
314014
445194
311553
111631
174220
353586
197097
368197
358815
238606
292063
446231
214578
388132
187342
452281
204732
163104
386739
382511
352871
273464
352280
108833
162614
377447
173399
108778
305642
358019
418976
196280
298635
304900
302795
433045
371144
152536
120743
382007
285845
232731
185234
201487
222504
198041
428194
244899
292056
314254
176255
100529
298331
359193
170458
420162
145548
315804
140513
381882
396263
450688
178896
392052
278217
212888
288474
329836
115186
301452
137324
163062
381859
222649
162485
391252
230357
299785
424998
218918
165797
273124
195557
326555
131133
455934
340657
259596
258208
281484
401528
309310
342345
285832
147532
374004
161582
324434
305703
230510
263773
383132
239638
122153
186795
138242
147258
209912
371019
114226
371089
173712
170054
439426
412226
150300
246114
334847
123181
160211
395208
118649
247729
314886
362583
371689
408529
139103
393589
306849
159715
170993
428466
216879
200918
148559
258829
418364
240551
250687
348067
310660
441221
427452
400139
165073
385003
113478
400621
157035
364709
306665
121888
199278
264371
223655
139393
319161
234004
420896
273572
233152
107988
299873
412359
358527
232374
414564
441470
141192
382210
423381
433597
406494
416716
355926
321501
273800
193601
173825
209439
394582
285511
378951
319284
423243
412604
154348
197159
259140
408850
190099
130234
150530
443155
389575
246927
142397
296949
158907
362879
260612
215441
348160
442272
407909
423871
341513
247525
421315
386126
121146
105556
240407
305794
268909
446562
200941
261855
116132
300944
281516
191300
347636
296496
342533
117666
335370
122421
393863
401578
347247
183160
116602
189280
446771
269302
251489
233211
384510
391722
322176
213617
281466
333737
263446
435701
195256
214779
130617
159209
117363
439507
204248
305073
336062
137117
162719
325109
249984
411591
243000
391054
158629
159978
188553
192820
306577
438694
227638
307286
181365
249157
364263
105251
216639
406500
240278
302137
393254
288565
414039
238605
427053
297665
363040
433774
415088
279168
130785
199389
238101
193201
454352
451067
171397
454430
222742
272297
237882
120556
325014
153559
272155
195057
189784
215114
223658
189521
148005
178313
339724
102377
204866
149477
392303
368643
117432
441561
436942
111651
219067
416515
208344
128448
359879
315201
118460
243915
118169
449519
231016
454888
351408
283854
403555
294042
353872
180732
410647
284370
406957
388956
244407
160551
214492
224837
191197
224732
259891
440404
342595
194718
140499
401809
125306
291632
151622
281857
399460
449720
443408
413435
382990
211014
252248
149414
348736
319480
347049
213810
263563
268984
315877
254151
156075
103297
281918
438969
435126
161414
425174
124836
125825
274403
317898
253746
401506
213459
318069
359724
254683
379777
212037
255622
241731
264898
257537
211297
262332
138554
291621
181369
278581
139583
334166
249610
421581
349711
180333
443627
346369
263932
192326
139823
263665
253506
286722
186093
359661
405005
260652
419028
162188
163216
394681
277339
380969
423424
193367
442059
170732
343315
131697
111383
419633
400843
221447
111920
181859
244884
255845
347233
180938
245867
326952
443736
428990
103728
323397
224086
423315
378652
385185
232954
342624
423973
221661
390451
230932
348035
111324
172439
302541
198233
387158
130112
438971
339548
237384
187008
130512
406794
176135
286369
171192
359874
182503
395376
304903
445625
101396
108450
275898
114739
449342
300446
173671
443905
301462
371636
357920
156938
185255
333430
284741
425673
305250
126196
228145
375651
297820
393749
306493
120859
144192
156710
238628
176184
217286
234881
196682
277478
300909
230137
234901
166434
190213
429265
104382
435160
213277
308771
337772
224948
321202
419951
319311
144957
264517
357313
193442
435050
272736
216980
100181
170097
151087
184136
232908
332995
200186
145503
276863
408142
278381
210310
402393
403185
314620
449687
312461
398053
389816
308726
447445
292121
276173
108625
225102
336114
169857
272996
269602
397049
146888
228192
396481
342725
285706
382244
204517
251485
358058
243491
399414
385225
184719
250145
119729
110168
382235
328175
434429
137075
273277
336763
374637
387886
434980
362656
269564
154006
160947
409752
193478
296577
202485
232671
287116
252663
202881
181019
322152
129910
333234
385288
188426
263177
274626
260260
317739
347820
389368
442146
113377
219269
247925
419250
384705
276673
122152
389233
383801
332424
112489
452415
188407
186912
105925
117874
421206
381660
359127
117550
318826
159196
178668
386861
375730
365574
431818
383540
149098
427093
170991
204200
322297
433551
451787
314749
231832
405342
182207
318399
421061
162158
362703
289407
118133
127459
340549
299198
346098
248634
451400
234834
226966
322734
408175
227733
416581
264902
430634
102895
292527
100079
263959
164811
169031
332158
280904
410351
386193
441901
131737
247881
331317
122058
300613
292301
165332
447838
235776
329355
175517
175032
321562
174535
303016
380690
102906
260430
391255
268484
166815
282573
454431
133136
305106
412752
131295
326494
233815
293897
166644
389033
103456
395726
211069
366951
284619
211272
297293
272955
388555
208406
118420
226043
209801
432358
422164
118170
391129
293557
346233
231801
304055
141154
113995
138258
201983
199551
448749
320635
154695
388579
328921
265566
435897
187714
452739
214799
353807
297356
243606
447521
145643
232107
163313
147875
137112
290175
427781
209161
236553
396870
205893
164348
270247
257035
322666
188320
450630
190479
145268
260234
317942
240247
278641
394225
396688
414978
215022
425088
109970
261675
380117
194283
276205
103412
288892
389837
244457
390270
108393
164151
187672
119795
444865
323418
276024
102670
346981
454874
214846
272982
226839
234919
268871
267497
256873
221541
341692
374131
244272
164063
252118
248400
360027
401404
253784
188503
330082
271344
183031
408656
421803
400859
369124
151841
141431
117902
312273
360044
114763
244816
245584
199398
329878
310565
195481
408741
188222
371705
144605
304067
342465
156658
265235
439625
283989
381188
335436
409561
281062
155849
298291
149737
377039
205373
140208
384076
391810
236649
193593
146823
186990
275597
110623
191521
285579
269947
363537
317124
235346
278867
266292
353369
146968
389577
151671
335189
228247
372153
182324
258525
242504
445081
443157
444206
332518
371961
409867
285116
346077
249797
318923
294666
297885
331677
320332
317804
265239
269310
342959
325264
306103
318277
112691
316252
383097
345920
383220
233940
219754
165292
407423
338195
361628
453429
213191
453401
290669
244218
417726
433768
201568
427338
275375
403577
421971
373702
338769
217921
329507
325085
123228
415976
285423
302652
295532
138717
136369
388739
237172
439272
244742
431223
362293
414841
378922
203071
130585
244191
353957
174993
440842
415662
381805
327294
364581
411926
320633
137984
134168
247847
262027
240841
285029
327660
344776
309364
126050
283851
241304
292995
438593
278228
440456
119417
144341
226314
303233
382502
235659
133675
337102
177176
444791
171557
156602
369000
410812
427033
319222
445298
263552
196710
294464
160185
369821
161406
177483
381990
186114
312393
214700
237541
147466
408958
250863
375725
343798
360253
114707
424388
291401
425554
172004
292582
193509
383259
435761
366873
163018
399587
391815
453513
261877
279645
120845
375153
422106
280570
449584
347107
116109
114530
105627
436376
241014
309556
109520
144546
144384
317975
167125
348594
438710
256344
229230
109589
204594
398997
410486
317004
401410
228897
444176
173406
282103
212458
324766
195757
123856
298859
306131
276091
224463
426199
429062
181082
295859
313036
449570
186509
214215
203543
439001
121247
233237
316417
119845
335047
405233
328768
179523
454812
109314
126089
420168
263419
245670
179937
164183
391840
197184
346212
149537
160796
192162
202285
417365
222820
137764
420335
268888
368300
246150
140606
164620
385828
226722
247244
280304
345975
359231
115597
319377
141913
180660
130008
439926
373546
331837
114150
443374
182579
194658
226341
238741
163417
209307
371933
421654
255820
190280
256859
436875
431879
109208
440573
212665
451951
384031
210577
353886
100670
346533
153381
301497
258041
124191
166289
217264
276780
150037
256939
345519
294943
434958
420073
310214
406536
236424
384580
196925
329727
337723
126056
106149
119699
194198
402253
452967
338524
256566
446429
406385
289889
154857
411643
303723
150353
220250
322791
421753
317404
192148
437730
435643
374740
450393
227789
200920
344602
377506
309271
441837
400499
349224
325023
329419
370163
235296
378367
349418
320391
313049
242919
149461
432851
181089
215328
343252
184950
326273
273154
231783
106869
364682
346814
170558
284883
327149
276752
149867
200558
435413
419350
123272
289163
106547
449321
175048
284008
144478
364475
118805
164707
376607
172816
226013
221624
404129
283409
419474
116920
329243
279636
236828
347781
313681
424563
109225
445734
407008
289677
451822
414600
272742
374411
440716
148998
365691
244383
148310
187303
176262
438180
341833
120917
363620
421199
426505
165556
189082
167018
184243
312005
446594
108079
365228
314440
113450
231193
270943
231708
189776
194092
420484
201100
221394
341802
199989
120148
344865
171715
419370
420454
294642
312982
108933
199702
112025
455869
171524
218781
162481
116636
252581
123569
265118
162561
261149
290390
237061
314275
373266
206665
239205
439757
427513
147256
156736
343818
404937
112198
383772
302535
135970
440327
301599
369789
380165
257266
373776
295164
407282
122756
359867
441923
185172
150534
104293
256600
264493
216893
170478
321294
442238
323582
361735
101541
121209
416222
278264
429281
388965
329651
118726
135921
307608
215356
433720
213894
298081
155876
200317
204567
242738
286615
158531
352548
107948
384653
391233
111668
228560
143987
292051
261377
342280
345792
119056
192410
384636
410730
178159
222576
298146
353060
445923
264954
300965
391144
226832
131804
120676
277276
373434
299925
285830
325336
180098
126424
233375
214625
103164
130863
234902
197656
150891
160509
129189
193263
331859
175586
208504
234347
406479
231904
211586
364976
190421
455093
215341
118543
236566
228714
280132
231336
229351
116512
274958
349774
245353
229621
341867
387568
303568
295928
234485
330241
358301
200711
419011
187450
272281
236587
150261
339132
383904
206140
120560
244814
389086
149185
114671
370393
394909
297928
111990
289688
281864
288715
105081
160974
171915
335798
345415
381052
306390
239220
120903
389636
353741
147062
388490
406304
278795
420756
394720
136941
263014
309460
445287
170949
203778
279759
394017
175052
195563
416215
150144
196774
316783
115044
238626
153959
216404
378370
322519
442373
374615
377250
294266
152267
218609
188704
347147
444487
259964
305296
240456
234073
422135
376169
201486
121727
219453
280016
322624
234268
109687
324175
114365
282360
258069
439522
423085
173931
118155
372461
282821
231188
406333
292207
437289
310998
371134
199188
251409
400818
174453
252900
370977
364764
319136
182656
217787
306510
206485
451765
428960
273460
267419
440612
259590
452631
227384
217407
389469
356608
215557
342926
406262
355709
280099
343954
184255
116612
164754
304574
246819
229128
230474
321289
450370
276920
450456
390947
188898
288318
351010
119373
408540
113142
224544
264808
254543
317370
398390
295105
297841
293458
387806
146584
161851
246480
207585
359498
392612
313709
247263
229794
412364
438600
103734
177915
381131
126118
367317
214132
163488
206181
336310
424554
218850
356010
357719
296718
417319
386251
108368
315848
292274
282766
162228
398476
414436
268180
385557
275706
164706
262591
365333
175377
197864
335475
443589
312498
255257
310483
157830
172339
303252
262505
119189
280441
423881
224470
331466
318608
278977
425532
262349
455020
413890
325926
124221
271583
153500
224778
421529
214199
336177
241768
340397
116714
128787
240580
426831
203397
213327
297834
163835
195319
162391
282361
316246
115025
407989
295430
369855
245051
198028
277489
325531
340440
391507
387975
231844
392377
195886
304998
394704
422942
271850
287459
221370
181044
258199
264531
411210
211531
193629
277305
133000
225295
298494
269579
377966
171853
241700
191408
411801
176893
172424
346999
140263
283631
133290
182348
278772
235853
432581
271555
233386
288229
449701
168532
454662
414558
219104
267939
257571
372111
430029
432753
361675
435650
176653
169917
306429
416749
410903
106229
244341
148109
146706
446889
407626
234411
285992
147708
134057
193839
134198
303368
373536
356208
427982
161062
456030
232154
451260
180069
184138
241901
347215
355480
378963
315303
291032
174151
236647
215094
340132
398787
237019
362690
155301
403658
285534
283369
132945
390708
333507
331142
103825
370070
188265
384120
421496
275857
205899
170796
444981
450992
332907
378874
270110
173438
382711
110678
337680
449156
191702
151914
314930
259644
104118
381548
276607
149590
234691
179179
357822
290173
431046
150159
400603
328024
280104
185947
228731
379844
361704
119558
288343
390078
157431
128453
413200
171430
296531
260515
360073
322402
244894
289934
114783
101212
136888
275828
394690
379960
385105
441412
306509
147957
452111
145890
375811
109250
336489
151807
364367
195653
430868
127191
400010
437466
326113
221308
378405
282473
230061
334036
242218
398407
116654
281355
310489
449938
121484
130998
441868
423270
303718
333511
110322
160701
360203
406768
453408
325583
348340
142654
137165
337887
449496
452469
279871
397257
412506
294340
430623
193957
311787
284230
313962
179073
396568
184970
265279
336668
144648
269169
243949
298640
409106
293181
137558
378426
208436
179606
139786
407075
163274
396480
156316
109483
177341
419665
117691
339438
353607
254247
287603
248377
365841
430203
184872
305622
125921
450776
230345
240214
103166
228054
304635
113324
437767
179485
133627
441905
203534
443774
223452
193455
118010
246425
234081
219354
335617
167574
239850
210516
427538
404710
285123
114454
444910
145360
376485
128697
344723
257226
291853
307936
348461
427977
421331
191740
290392
210774
387239
176410
141692
301439
105640
110781
174840
167965
176928
353774
302339
447486
348385
339923
211285
424866
159611
331922
363280
154038
209385
170818
327948
229660
189944
124983
419315
405755
143978
454793
180056
333240
144275
159983
320476
168771
221920
194785
200369
231458
201550
170948
246922
379245
181416
386394
370934
241123
304923
262631
199423
265860
185732
226877
384009
173876
403442
262875
126847
259117
287350
334438
282799
210234
355568
123267
421833
224601
266068
396008
160957
280475
101507
100907
386095
271440
375900
208938
116130
288638
356994
200130
429085
307323
170873
388139
294186
293722
157681
368289
217558
244870
382953
283312
159849
195385
204670
151674
454824
173696
428743
392753
206267
211198
400253
391229
429876
370034
454141
213318
139288
115191
252399
453195
432208
339036
109180
261325
251831
423557
355215
126905
337217
238673
219878
212860
419314
384668
271981
345997
260793
323232
436903
420997
307135
214184
355136
121892
403898
151512
347778
383267
271851
151078
163250
273685
287060
175199
319432
200740
103228
288024
313470
276143
163005
369652
415048
344197
271029
142540
214001
196620
271332
336731
264778
387092
175652
382267
346489
128576
214982
399148
109828
176295
199012
336557
449443
122945
214124
232677
229529
328815
260519
305390
433838
102422
290687
432184
323727
257031
154031
390660
311808
308259
110912
127791
348369
317782
203645
335029
157669
376562
107891
275021
103179
354349
112734
158875
367374
390821
148528
220799
316615
247884
420453
300841
306925
358515
351188
178192
321399
168714
240372
389938
408551
438361
448580
133287
354609
137039
232749
263723
338149
131781
172298
385352
289545
215627
231166
390158
252803
167634
435697
120425
428881
314116
253669
404729
424694
387054
326420
425862
130566
249607
202376
296730
328473
404918
105513
242783
147406
166472
411128
176377
200341
394310
442166
184427
350631
354025
226741
118654
199936
289363
141784
323536
189687
165314
173450
306241
294331
123460
436648
160041
384958
427599
267972
191739
104182
434781
134067
128092
198819
268331
448694
453133
337312
153592
306338
199377
306736
193300
124116
207477
425576
390785
396348
403389
128392
445445
378621
221835
263924
435673
188501
307343
277475
248828
418394
354782
120356
323829
301772
183276
435709
132946
409746
380291
134255
408962
222263
141880
425584
336539
317864
418467
167874
314471
370888
256880
122112
189496
365389
417353
272988
454737
285036
366122
346873
329334
292177
194780
450566
252455
206309
285775
240100
178725
357854
400889
336993
220680
423039
123295
452771
199823
225263
389863
456018
305175
433210
169647
354957
126621
247877
315435
422134
117086
381282
128991
290267
221027
221781
328562
422084
369816
192985
395168
345872
356978
160329
167823
275874
244200
268818
220654
313313
100636
240431
292551
429630
190206
287047
226151
318529
393649
300160
450837
353713
180316
330493
353181
273676
121030
356088
154581
321737
384197
292539
347904
371369
119165
403636
355822
357345
113980
186569
447097
269808
246445
157274
158588
170172
174449
107932
333515
224484
215806
273603
166893
328194
234442
402673
144391
133968
117042
265903
166476
325381
197123
233165
152975
355227
453002
421842
398717
281041
101004
306674
173651
368439
265616
181183
143316
284718
145438
143926
236640
365545
404165
390389
410237
416156
263801
193998
440647
214871
313344
187662
317525
452683
114279
425028
184034
242462
350642
301329
144465
363887
429480
445232
310766
320529
378992
128929
222468
124266
249958
340039
400565
391340
255202
340044
269280
423636
101906
262398
156785
118209
415530
296371
402699
132002
304372
423695
205010
404087
380101
170679
209125
154825
420429
301983
343286
145434
101205
151056
348517
381070
234087
368760
179097
446172
356771
443704
151391
172580
375956
265133
435338
108050
363457
245664
333525
341109
425016
251089
257710
191565
428138
167878
129830
426369
101792
256676
420047
175159
204999
419027
449488
350201
430678
228771
362049
187521
177622
185306
122524
193943
311564
266982
443666
270033
353706
382151
356498
106292
378380
385964
387018
100485
254919
222289
358782
137463
194755
446692
230491
267612
331514
262085
304423
241579
393759
207770
155241
322774
448112
218028
179857
177468
169411
186863
276058
149849
194184
452560
144586
217376
216660
182204
171011
330472
416701
149361
224805
165018
262396
167321
329723
413955
219869
117777
170494
311201
446999
264882
446244
270515
313232
375106
381822
424917
365803
404787
405284
300565
148468
399674
429638
294327
102619
114374
299697
293401
317205
391533
169354
294043
269685
202932
136766
162358
415242
393400
250213
406305
246865
115048
270780
200792
390134
415912
423177
124559
203701
100176
455800
138726
249193
426231
228533
403221
179872
337613
301953
200479
118247
385017
365114
266709
381944
314314
220724
125077
351677
426866
210229
368377
146378
237121
401320
335367
406776
167345
370914
195794
330267
183598
133408
425893
234765
183092
155705
346724
199082
388457
269034
452725
201628
190449
164880
333090
190154
143577
230646
367054
389453
227101
367816
379556
436927
380187
394875
133676
129072
291423
397078
327650
373731
432095
257390
380253
193450
206591
258266
124999
358304
408940
365886
200819
156047
173551
262998
309599
200142
146935
228643
248163
148601
251905
304541
176473
130849
449503
275485
413250
147818
435182
128982
182620
205143
258981
304814
263951
377139
201623
145282
335704
311657
454058
351568
368786
122924
116951
116621
358356
189080
416190
391360
306046
183388
190309
280996
330169
364381
232505
449674
322210
262435
224768
401266
315889
389512
194349
316474
238380
148667
133705
225891
446378
108316
367714
137240
413523
206119
416926
433387
305789
216837
131902
190938
156621
339777
293398
205162
232464
379433
103946
367782
291622
276327
219821
241744
121120
264546
109784
373857
182542
338757
355073
179283
430068
102544
440652
422539
220491
305084
126117
180507
451177
247878
267548
293089
344426
364643
212769
194531
304739
390845
404519
214565
228115
102297
109069
429574
245740
198611
422676
163287
306684
293719
165570
119020
289288
263090
349790
436130
293502
101983
216970
119799
110758
304326
430871
266046
431160
213432
128269
278970
333928
131517
438468
178326
254069
440810
372675
427908
307123
173998
453000
254703
258877
246847
110102
114433
425749
392788
416564
210651
393459
317111
293012
391323
431284
222087
445945
319032
306401
349002
255547
300950
252979
285388
362634
156633
183593
311437
298203
167674
363143
155536
263410
279352
428909
347534
249033
243735
191467
115719
172862
283870
324184
252957
329277
315247
257810
411087
129732
282546
223027
328602
323345
101124
356310
173353
395364
385491
321046
394047
146170
114177
210891
228419
158115
359435
403334
351724
415862
284707
220435
103075
426046
322655
109131
289904
407901
317013
443383
289376
211034
124287
199607
333023
229289
249967
249786
212471
453243
350541
372534
298970
111595
389983
231970
183361
354211
115900
381828
320557
422282
187476
209050
240285
168744
130300
104807
238007
231272
231041
413742
325520
115718
213966
435946
110330
454266
203198
111509
197379
301027
190066
242400
360661
178144
330051
375087
337983
448018
372718
132080
156797
115273
196558
454314
226342
226450
361197
207701
133261
249900
455600
367532
301110
276587
268665
152084
157079
320109
319794
259921
384337
376364
309600
453203
142555
379742
241103
341512
322263
171404
313194
107278
200945
228085
329948
425079
269354
444536
219172
181688
340096
405470
242928
118505
317845
250706
138833
297210
340373
426409
312017
159321
448329
127573
342117
138291
198072
106502
300571
359937
390247
206217
200245
190244
306632
115628
101859
420708
316722
395228
208385
187545
264687
324923
148908
391536
416529
222088
293408
300219
291578
153282
390584
238955
334591
257825
300243
339275
404799
340494
335147
114867
361349
287278
153228
388377
158520
391688
230028
222814
382960
319263
118862
240042
138988
151330
251384
425745
201352
395754
244270
248033
273624
452062
172552
370452
177035
277134
104863
432063
267706
294882
148514
266711
264961
374486
383823
410393
378102
295920
340873
179512
228497
301945
199444
436830
273733
141395
102128
179754
207646
143003
176025
421143
111895
275062
418761
405287
114092
449066
314971
192459
162533
311077
334091
235656
340314
264107
439150
263830
240155
172208
181870
197289
310667
179952
207461
382405
424958
240479
346417
325813
404531
111615
353363
188731
121743
342435
359594
239490
294675
202108
226569
426453
223792
370467
187612
427123
321006
429532
344982
440040
150714
290946
374621
289962
275885
436177
330096
430108
438565
180444
139852
388722
210124
338197
381575
263782
265238
319234
420420
372780
390961
150316
331527
150417
380265
163108
373483
163425
387012
278894
251663
390424
263418
356809
219289
428070
398608
158775
125564
358602
193973
350648
283287
212161
385667
209551
315249
307658
145726
220072
374746
150864
196986
213115
152055
124593
209907
285133
284030
303909
237493
263964
321059
182722
269707
154009
156441
152164
355342
155349
294786
342912
253241
359242
413490
254432
411906
156764
211780
452632
261401
194937
268743
272400
364685
249939
448049
230667
234722
221518
186443
392443
173063
162976
190543
173059
452992
173486
365430
139185
242316
178100
149788
171565
188213
366661
396052
273114
190088
333422
159573
115083
188459
437083
346412
253673
107334
199431
412063
253912
236592
250978
287837
123790
269611
355740
354475
180890
299599
214403
261921
150723
356358
276219
301076
225405
132076
287568
415900
422184
308782
444060
379738
181593
342650
247274
416819
392315
365931
449034
383066
100949
310194
411813
369066
279373
277074
153293
265615
199002
306844
318497
292625
389858
131074
304932
370960
170682
128650
434099
328220
406193
232794
288359
409048
424422
192714
338997
336880
311379
407289
360760
316860
391714
170887
449031
308197
175320
349880
393539
435521
342841
282328
432107
344703
190279
408427
166198
408548
182560
292131
121906
215438
405103
379595
306244
137276
276884
123271
129355
112159
219567
302771
293254
137347
435052
212787
375781
218157
418810
390075
181695
368028
203939
190582
166490
127579
196425
189133
378743
321600
232307
263785
452976
232712
277960
125106
374570
189346
209081
302366
277187
181426
124924
389581
307459
149990
324370
116539
321883
263159
380437
233673
232810
224059
228571
193901
311794
173937
423911
106650
411708
130997
172733
456043
114953
168315
347723
391803
388803
343175
283546
147204
356452
102903
273518
100727
421085
239930
155187
167817
160379
182425
403072
297261
147501
344963
387545
410323
342452
239470
133142
312555
413898
431213
367448
330624
393848
430588
366150
122208
366087
405092
377187
157932
366006
168084
360548
283209
244043
257787
195141
259916
301619
305318
262701
234821
319038
454224
217672
424227
167733
177442
167123
206521
420576
339752
238538
350540
361869
194763
240393
295511
183673
361768
221181
270735
273677
375908
251030
435522
396641
454280
285223
138857
310948
128979
306983
159027
289637
307744
295294
324703
196474
164508
427184
372548
387380
117772
181468
452390
413786
315688
209971
112909
324255
317168
198401
226140
223468
450013
307770
191717
140497
451809
165519
325468
375773
142257
377628
394495
138153
386185
420557
447314
117976
415263
408111
389817
221393
279547
389073
263200
381267
292568
259511
418975
401201
222692
114595
423760
312698
249049
333301
298080
129736
422802
159860
149830
345616
255816
171858
408803
351590
317746
305313
187424
250527
113158
246463
170348
453833
173496
440418
178193
136400
422725
372542
415462
290371
171234
234775
452587
353938
156348
321624
252731
297331
185738
287351
222050
136105
108621
123583
270314
192666
447454
384246
440505
438519
346344
128389
164341
294824
283223
115475
147449
116984
323151
245223
133391
275073
348561
223887
429419
432245
259796
333874
148575
249462
183306
425069
262924
219425
397580
189330
347419
206426
197887
338069
270472
270973
454249
201423
370775
362151
425263
357422
171165
324810
103396
125283
168937
134195
242388
359648
454039
199199
151771
233615
253345
133057
102430
173915
278204
441361
455972
289496
105696
102217
172801
298263
442249
218519
154902
200800
103080
114312
428317
155023
429194
207763
193638
361894
211290
319298
207535
100582
382751
151607
287730
191805
342943
441461
189513
228075
421131
340134
371570
395377
434291
236329
354342
389977
257423
342371
257945
282931
451339
395425
372066
441843
205687
337265
411823
287084
119358
430739
255478
288772
172962
296833
104039
427509
221210
326097
353066
244053
349741
412471
289373
208923
335489
329687
273253
413192
419058
327673
337456
192959
418638
192233
114500
233164
406567
170287
178787
441721
444189
161284
245419
358856
195619
116308
234049
215125
158745
113200
165807
102035
309189
122290
248354
186027
264473
202064
349509
315064
148422
297124
360685
433645
394724
236354
436867
228779
146762
237320
252613
343638
323600
310105
403942
208653
263523
348155
426292
284231
431290
362288
385038
385173
198419
185169
426788
142729
310055
256354
329867
140799
434071
184151
325228
218444
112671
222016
422212
330198
221070
202277
303819
450671
359554
380112
112571
260269
333304
405180
230141
382191
101113
326431
177502
437298
429031
334559
205786
194744
453966
419456
253991
273852
306225
357534
331049
110432
250193
153350
303401
249299
378863
124921
314599
403730
451341
156416
247208
376946
315585
134741
367948
433428
343169
291163
308926
439560
158231
276357
417374
360615
192220
422711
239148
413336
414906
106052
183574
344527
365687
203143
322547
172646
354293
289902
163290
380339
396209
205233
181254
281299
455364
358242
414114
445283
328550
214672
132752
429107
137283
182667
165105
298492
415925
373397
403492
129293
125462
396468
109176
143994
263499
150510
322084
152012
270969
223355
280732
115474
316081
151924
298733
398707
172348
217752
133746
386428
266576
375860
139196
347970
340437
320603
226384
296384
322261
239888
235155
216958
164677
273574
353765
312293
374360
248314
313064
386127
260139
349551
266534
223730
159010
269033
136516
310380
435834
226494
426902
301314
172837
298266
451209
217726
315334
334581
447936
425879
116472
109717
296178
396862
172220
412769
191085
230198
377658
167361
155179
370736
194467
327128
209140
150681
381063
166895
178619
222779
284125
130228
257878
421532
361874
425220
281200
452061
172365
110762
343002
186087
446138
422609
349031
123459
284104
387698
165598
348143
411569
113197
197811
165936
435796
126134
298035
140175
205799
240273
338718
314062
434195
167654
103305
315954
331500
374554
175072
293578
174545
373223
305682
358896
325734
379827
349415
296587
276471
234885
212872
349426
155826
213662
376030
326650
126514
283911
374838
407628
138696
237488
102806
225018
189188
326592
361134
133126
271062
322425
157233
100214
321331
401897
404868
393527
380191
116197
360323
125401
328449
395898
359042
172135
281837
180765
259016
168214
432874
410348
329680
389727
319456
234345
432805
148510
168193
356792
339712
214163
392926
373552
126937
306497
259676
443377
244839
368254
190915
383550
430544
225921
452528
175637
408943
388863
377519
347130
259560
387068
454600
117852
238800
178121
350578
415159
316681
433348
424466
197707
408190
371899
343461
187345
251386
135454
138305
315208
126405
283909
380874
208424
453281
271693
426883
338661
158067
447636
185373
163641
222569
190330
354971
406846
193619
169284
429811
222757
271884
243479
201113
291947
227292
436120
454825
149139
194242
388473
331253
219583
311363
313180
426372
290716
388609
250168
369947
444583
394337
132253
413512
357265
337021
431437
448520
239264
109755
226205
341202
168294
146703
423960
107705
434080
323089
294659
150528
307418
262834
376600
197503
375381
284846
335652
247317
208911
210446
234548
133722
193173
307698
276061
348770
345248
379665
265101
321491
206491
283926
322548
225051
106255
416242
387411
415250
425697
241062
322167
302391
137325
139467
145144
304413
244761
194612
437696
278642
153926
333553
213988
246131
239823
269526
274487
418023
149931
406980
107770
264995
314759
183002
416199
445139
291292
253992
215107
390476
262352
377700
233399
391138
362995
206042
381627
124839
176909
381665
162098
367834
181171
225571
141843
431161
449287
112623
128846
275042
232367
278774
348016
187062
162198
428570
383077
345355
325050
402488
140317
192652
241025
183090
126734
387117
182088
262046
367590
282885
245007
447667
276621
121890
234409
148186
294204
408404
201484
114388
384744
203267
368115
442420
100882
326709
440310
433303
446640
194886
320324
139377
118228
416914
196345
279545
232002
305742
404040
251600
280336
346026
148547
189713
233341
433542
413066
290304
243044
179245
124764
446698
427933
315543
193417
172211
285143
382481
222032
419558
184786
196655
358520
436861
192011
388918
103402
146699
191344
220723
249011
139398
452740
366643
233904
374810
344705
333788
393076
298189
316904
253320
358715
326162
418056
364498
216004
290403
452980
361787
250154
100295
182113
247266
354168
198493
278337
379063
117776
317841
117410
436366
122018
447323
120503
284447
280639
144833
316271
283772
113136
146403
127628
346521
440098
199359
398612
452674
395101
168895
138212
232963
107088
258789
396664
194055
291354
359909
439608
158604
247649
379383
209375
340199
347974
301704
350864
426997
397568
162161
154654
207499
379570
208958
239443
262422
324389
284189
207595
254300
391066
409490
232814
357395
143771
257502
218215
361626
243083
130269
247281
173625
111869
363723
148650
260596
360276
282913
394042
350995
387348
229188
145716
340568
416831
111681
185639
307613
274579
210550
450599
318386
102646
148330
361412
163430
448047
404012
100971
326132
372696
452624
366827
120112
321657
117875
270623
170774
410078
442794
428694
425484
443779
125824
321905
326466
231468
184725
285121
111160
252397
352439
147278
371200
237655
178777
256929
415340
299662
432502
327705
396071
309721
117889
312787
267401
352947
135176
192215
244808
144271
451608
397262
241055
361530
193012
335853
305755
189737
223382
427497
289230
423329
212705
237008
215572
300347
374397
168301
125115
223247
135291
222973
215422
163055
236992
218351
213139
144270
424956
235345
100149
437620
248486
452684
212138
338155
156029
245171
427965
447162
207703
283544
154939
371266
382768
104556
116841
202771
335496
455107
235448
298986
342284
222607
452288
257884
216480
228173
258593
273704
142416
145789
101534
358123
109774
297073
437119
273783
241238
282409
290630
343093
272263
282262
192316
327484
371413
124927
155070
207298
373999
192360
171454
191577
298429
176656
121170
199039
112378
274266
221189
289002
352342
212172
389166
287998
220045
349672
130441
349083
387703
302454
257037
353512
125022
163022
293280
421650
266738
367027
430541
206225
268863
286130
225592
399978
394294
102897
249714
375830
222851
451413
152347
378688
174719
299576
212994
143473
350396
232011
240203
371143
442918
438895
206845
115004
195458
150027
267076
337651
124019
406458
219511
321881
215003
271422
396309
275677
379625
289059
420661
225977
319699
145452
429766
261499
155371
155113
146150
148194
190323
157298
243749
320373
153407
304081
310861
213310
380346
203717
411742
101508
278888
363883
338678
357120
417175
379551
168533
325385
325931
261486
265648
133591
230072
250390
328894
364454
280114
138529
380201
423044
432274
345106
456102
449710
244042
192138
118355
411109
189126
152447
176856
316035
117324
155290
133135
419017
172812
416869
139620
206401
201144
141038
387748
253352
438693
381500
321137
131555
200951
223319
102489
393797
258801
235944
321742
180802
253431
165430
105512
128775
279325
156421
281107
240720
184152
347909
157438
241096
287919
180109
173183
191032
300111
184530
145842
226086
369853
251939
439715
268670
266138
412100
207273
385304
272634
342208
354651
391519
164219
395802
207230
280472
444305
394084
253619
332240
307278
358980
228480
344759
393043
188796
411985
401664
337433
448186
188307
279938
391438
447928
208935
405960
264428
130927
196179
127289
244642
107510
307229
151216
293590
202619
335588
145628
388367
453469
130194
448855
267595
103961
106451
442955
189896
376797
110551
112598
298886
333177
261686
348092
216957
407254
367966
131430
103064
169147
318868
181824
111464
281746
244828
114218
276750
243378
275207
122765
333089
137231
121275
180211
109253
105510
398849
115399
356989
411635
333700
189158
231014
217218
241680
167660
363370
310827
409031
232040
318624
450855
452139
237912
454927
211883
133337
156147
364442
138282
363730
164497
126590
279294
436135
203737
310705
257576
161774
185975
258657
248799
336999
200491
415658
248649
323642
275791
435429
229559
266219
299786
308563
128316
196713
442553
454149
181167
350534
136352
382487
275716
154322
337741
397703
405832
437559
408359
388123
125585
266315
120637
299809
261169
431341
324701
330593
116793
107718
182837
405808
268384
250962
203482
164827
122955
430121
249008
232571
290709
124244
353092
445982
310114
330526
125072
129555
217445
163308
104262
411562
263202
292961
192371
196644
206859
293841
218892
233794
427469
407632
393872
337030
323216
375688
295452
225844
148926
132583
150092
409602
203162
199137
271641
266969
442153
194240
153144
260467
269764
407987
284927
388483
348808
378842
221993
236001
358156
323850
387895
359971
345536
142523
244365
402882
292368
302129
379458
454160
379705
215681
187479
343054
105137
359280
206434
235304
163391
264850
145620
184741
293324
100389
181031
374644
217274
320858
261229
101182
154988
389769
262296
291631
218741
391281
397098
373527
390345
137818
271386
354535
287816
179395
194375
169416
177742
272783
297145
415864
354131
230719
222651
371024
362355
101721
362367
292787
219120
311945
174791
200785
222225
254581
413783
327860
400114
299849
123521
256509
103543
102118
325171
113553
270124
339357
439376
314102
222719
224020
113008
193336
367091
110317
273202
412138
378557
361452
445478
447389
380454
244972
218477
344526
350411
249371
330955
106923
150370
247914
233436
251854
202953
320824
427792
343320
346008
341326
309745
177234
293599
278109
378788
269007
107425
175899
369008
160093
334914
296745
143085
430450
155379
396304
155222
177928
198973
292882
452636
322847
214023
177273
446960
388813
424986
178365
235831
275209
452573
148244
452572
443558
448408
343439
239539
439518
393727
250920
244071
205457
322118
228340
426529
238600
450261
288732
247825
368388
213515
313784
240325
291136
197272
305392
279936
215709
408895
201469
325995
385840
196608
364333
251742
348983
426171
284420
420068
426345
235006
411404
446577
227118
180823
419624
372116
288107
336976
306421
274617
365159
197316
118248
241297
329042
125833
340789
350211
243761
169280
412793
265042
300886
116021
319276
368044
403335
198711
323379
250639
186525
444872
171613
279141
105898
254641
329967
231905
221691
325959
365517
251153
284878
226899
397108
128533
403611
218003
107362
317375
163626
196766
271162
450271
334538
258195
428937
208029
372882
338927
211213
342587
110811
308393
407852
298224
444546
310570
451730
448575
258158
355183
121466
288995
159846
181974
444994
348318
205658
278471
366285
271401
155216
423897
151997
121237
348948
316345
104169
343958
186164
156945
297611
349236
149617
258555
312124
134191
300389
227484
132695
113122
419814
386961
131312
370532
228273
326439
203542
421220
439580
161562
104001
246466
438608
267224
455830
218548
364533
280945
356633
444218
178580
187109
309230
239667
219033
101925
249985
344250
451465
333981
233334
441553
130279
299091
353545
344667
279790
169351
351826
141435
261123
393393
258333
347732
294098
166154
135318
199534
110078
181250
326192
316707
244086
307978
407001
275056
261910
196629
262525
187966
244079
221086
227303
444938
161120
398447
311282
328866
248010
427179
251883
346376
137927
185001
374132
326759
366413
251049
318552
109707
219619
119627
105645
361089
390783
141193
259126
111109
421264
373935
174368
107114
186439
180243
288036
312217
447988
186231
389062
247961
235904
135042
406343
271321
381677
273200
286914
395934
209925
256301
144743
292279
144831
311818
121094
159168
315082
218707
326675
324993
239552
221515
417146
337378
404951
450326
294189
272069
326757
311804
262569
248446
264745
290561
401678
312854
367460
377028
438496
201585
366819
171244
354550
146866
218240
375214
326109
313685
428216
345710
219068
357650
290446
323811
147871
146975
286446
223779
389314
144019
127144
417847
233267
232801
337269
400748
139351
425240
211428
392910
175597
275426
225774
228886
334024
227795
412572
147236
410504
301058
166097
426328
252355
348853
192645
414246
149065
416891
288029
137975
311384
415883
325833
362927
399793
153767
174421
450484
351997
387347
145260
104159
172182
374521
116046
274479
116229
423865
312930
406691
129217
394282
404838
175234
424280
205929
143161
118250
125664
275439
219709
200503
180483
150321
142738
249599
230068
237542
140201
284290
451557
172748
109782
148225
358341
348505
417302
320089
118075
132204
412588
257452
154841
195333
441618
209527
324185
327321
453156
167880
452386
338523
188671
197344
399203
381811
318588
397607
371940
383547
399005
181040
366050
194501
356456
276788
114883
432176
443521
307488
171841
105588
341433
102673
226951
203385
120667
446230
131345
178147
118275
374609
138663
284652
104733
443940
123835
427583
148344
288017
259830
384620
216086
446578
392216
162342
388334
451833
427916
404075
354188
138003
282563
188086
400129
124342
422115
348501
363597
314568
235178
183132
312817
431943
399354
155381
102493
260466
368146
275420
403732
239713
374998
272979
146961
437962
151648
258050
151102
390514
443451
389758
396267
356107
272847
375050
255251
342948
131558
403745
110023
377790
428536
106767
357884
281553
241885
449690
255940
307250
373072
248061
314673
126827
342304
365503
255850
388071
307612
247990
333614
296272
375834
140787
297125
189872
430135
326040
331072
149211
377997
401350
197021
223285
340875
333201
301884
408403
144235
315953
280858
183622
129063
430882
100348
385587
310734
334602
296441
374855
144949
134201
191885
276230
373709
312937
279669
384835
435978
412507
278178
351478
277508
160104
312240
213073
366811
135442
139261
425180
240007
297875
207450
383907
456245
144198
431015
255330
409603
121957
230583
215009
320898
336368
180196
184875
208114
256792
268727
298573
377218
150656
213117
159928
222370
396516
322746
209410
323113
101533
244030
271097
108611
162688
274472
311245
289886
363023
353725
250434
365936
258216
437416
219297
368075
333958
441100
206479
161579
417794
205745
175419
363935
455406
277270
386181
425654
170472
271642
384947
313358
120293
183456
344605
208705
447822
341246
334011
318567
372981
180111
434793
150368
119892
315422
377440
181140
103384
267626
139491
187693
182360
120485
131904
391767
295731
224739
367611
326330
335769
371418
272716
204943
392481
250532
357080
292792
219042
275732
447687
382326
181999
262470
224688
152774
116575
282175
192137
360131
283765
360966
449061
433088
267635
219956
134563
184099
207128
204588
404269
256668
383664
433962
267071
129994
368720
184476
134384
244779
171489
121413
177452
318673
109031
403273
303898
234050
362913
376066
226553
114648
323584
108543
146674
372148
279382
159395
410293
436407
173540
214638
419118
140741
428110
138047
445885
268772
261665
327192
398406
412279
173076
247074
350108
212041
376798
283455
422287
442347
401281
150346
221641
242261
214990
445051
226168
214385
259258
318870
104977
371278
201971
345396
248687
323982
213003
428098
402368
427096
336541
321207
255986
150040
189598
410618
289811
324381
155149
418561
152744
201183
454041
155724
401642
268659
322543
273300
408544
286575
263114
186774
163866
155353
289533
232689
408145
357195
135204
174499
331402
400874
315934
347337
408229
168449
229047
291714
178069
242223
265220
277633
323348
311255
422990
183116
270452
157689
145178
177301
413112
276533
133355
264013
402550
163903
408972
172835
450268
218469
329606
123785
119190
149581
445408
445610
386056
265473
363813
372541
208366
107521
444720
293178
230670
409419
287740
147872
313239
390291
420397
225451
317758
188217
282959
374230
264937
444226
293133
410837
324926
220709
165091
348602
369299
454839
301290
293032
360398
212843
107890
220707
161236
109651
213844
267884
383014
265652
448852
394126
245795
295226
118337
338737
344338
385790
253924
305439
414669
236404
253362
253747
266489
259704
387615
343388
369311
276000
223139
351827
201007
395742
266392
395261
155092
140860
311473
373406
336523
304189
221390
217149
408502
299195
145581
315551
252874
101357
186454
299295
232247
390203
191627
384413
122619
285169
386945
301552
150676
166161
355577
181489
110266
405955
149058
278546
397701
294889
295399
222834
162138
199169
149208
418086
149959
200911
166999
165879
337522
425212
309958
204798
329466
286229
142128
141077
272687
262142
342897
329922
127046
405139
363550
392493
154086
443269
426472
145318
454309
193041
285999
397640
359423
296989
203826
413128
255702
348296
339328
452781
362533
190355
172330
343225
253106
395440
193728
248795
372729
259169
377562
205279
238390
216106
394209
325071
325861
243660
382208
360868
345348
200578
334961
265932
319723
141337
250856
238685
252047
321982
272643
234292
401046
258619
141455
161920
156725
189804
130580
300244
168339
342958
122522
443417
232934
273158
237370
314781
254011
406190
163613
196511
454666
120340
164071
102491
243624
261970
315492
264747
216335
264888
420135
295686
246235
367777
450533
314675
380255
219738
247282
313747
186430
334777
321740
449935
129942
289121
284080
444528
139457
180309
427720
230527
303004
182598
321726
273881
401199
241589
141928
363460
236181
331213
140228
347330
248857
454742
114973
196719
386274
172107
183572
153541
403035
276760
114831
423561
120256
133459
290516
449199
123467
190492
338077
394236
144130
380233
352009
291687
198219
409605
161621
425935
439214
199627
115429
309012
286729
441331
115028
434500
154423
286284
193372
360593
208981
296482
299340
410189
217107
322991
378522
130980
289273
204093
413792
193395
266993
446410
149732
121047
350706
170905
380108
447566
151787
175238
215654
412964
254177
215416
153170
411602
232830
398761
160032
244667
325187
166792
215712
314439
152196
122225
165293
446364
438941
383150
366718
155631
162193
328964
166527
385950
289457
266515
193029
259605
383570
167788
192213
226075
437008
425199
222902
230673
423253
327513
294713
245466
183251
192121
110086
324838
120319
165731
123455
112818
422511
358274
110739
101538
146438
437162
294138
255709
107270
346438
190813
141179
338533
392465
200910
262498
168587
128049
378103
406189
371334
248277
295835
110700
384066
111435
254528
361186
422380
107066
434969
384938
337956
315579
118395
190952
286370
363682
378568
120787
174899
428815
135666
427017
390295
253554
338272
305535
131958
209582
368661
407297
179746
401870
290546
227287
360096
399540
290689
204688
239442
321437
245982
402435
432761
338000
160088
348868
437917
245325
190332
260819
319063
340891
249524
450457
289208
443556
371546
341508
308411
391922
172636
137938
316581
206106
199941
234428
213797
344161
119403
211703
139686
420031
295808
397690
381952
363193
316934
207462
189974
401420
428622
104186
196485
340347
234212
411174
307785
146325
441891
190973
269680
390576
328258
217417
317636
374208
243106
206393
312645
372869
115644
404255
408813
265748
353432
356146
360375
279728
360395
388518
380908
406126
314611
177213
390467
411733
429685
439949
281810
257165
325198
106806
144844
245263
317688
168413
429101
415021
222169
264066
286778
244525
230918
217459
235354
167012
383864
427046
277103
134047
136707
175889
219163
230074
407461
178933
372631
284248
327607
416945
361944
204028
275965
158135
350774
336027
312794
453878
290438
119592
260869
194161
234091
325039
285328
134606
109934
423527
187130
117674
390474
313401
314730
140883
143850
161269
128776
360720
326262
142569
376467
230057
244253
295513
157098
417833
175782
271350
193297
296329
412864
210857
155224
397301
113044
153468
321711
378847
193353
452383
422272
224890
344894
415134
443862
192465
383000
173252
269428
216445
404542
454227
352841
170300
103347
159557
335215
346382
256510
270823
317394
349270
342535
397746
287906
156767
296065
409511
208893
354485
299906
147716
290999
146109
159204
427963
259311
179833
230366
217413
273630
317492
249105
388578
228395
198545
225795
420376
184068
408822
272498
331162
160543
128603
327071
203107
229099
354471
449495
336907
356886
428419
413556
310686
266401
248433
270094
352661
140713
120164
200591
301595
178967
179396
391964
451788
383211
280552
399083
347730
337857
389885
215941
434768
449005
392904
105921
366119
101016
380380
166585
120079
231296
378506
295177
187827
316644
375209
349165
138245
388996
121264
236658
424399
313610
192824
330210
350428
218827
445549
417878
400001
156842
322441
145753
197648
268967
251464
275719
210721
408275
400549
143549
156960
200928
296508
441747
167844
159268
225120
186697
194372
202726
206913
413267
211884
422610
391828
195095
339116
135155
254248
219969
410515
386894
245240
229168
397972
157656
102599
147666
337314
295632
301895
416139
346652
323698
369191
327323
446130
158188
100468
316729
426598
353438
378414
453089
214877
346670
268323
396132
172637
262703
260799
422828
179552
218959
413259
369063
106458
453364
212229
153740
115502
146937
272589
291600
249337
448062
335823
206229
331882
388820
148712
199875
318333
352277
264562
369708
146835
270425
287001
380376
125553
212029
242398
142695
287991
268894
270143
142548
185232
330902
386744
280013
244873
244780
174013
216979
383605
269855
335186
203327
249166
137727
409086
275853
156137
134991
417709
349166
418765
321537
216956
339029
246458
159619
191743
154498
451990
445240
438080
113607
132501
258205
222871
367597
311075
352985
287623
229976
443297
315639
205213
275704
207307
239098
258495
280001
407951
450385
363489
139148
240506
179762
282544
396269
190982
349832
299665
101564
318954
430787
263852
104566
156062
359499
353896
236506
261136
395354
406018
440225
114786
251126
274983
408443
225284
143290
280330
153165
437741
444180
299287
190501
156466
196468
307319
232706
133077
420991
348194
104073
164094
326756
364732
186678
388498
359045
361180
434365
348329
294624
232901
150916
159586
189943
339574
424358
329041
374897
308249
332718
151181
267352
406992
166077
312309
238568
287583
284170
284603
386576
446266
344294
144355
254603
112043
365858
178904
117276
340324
141280
266008
455656
155943
396164
199038
252635
130696
329291
123492
450583
360700
284409
193632
334097
117453
198470
382081
454877
350138
316792
426049
437170
121461
161852
208227
365567
367474
171678
332281
217682
136951
339334
362866
311696
252195
412055
438584
361033
232349
103189
194933
328503
445222
174379
393935
383927
323121
184219
370463
165773
342559
384218
342361
386434
409450
197253
204746
358803
264550
432086
374161
148711
298960
397889
200767
315811
366930
336838
362425
363497
225968
333398
236152
354202
191311
351448
433916
317314
326894
406550
189579
294312
247853
210206
289419
256250
141835
340152
376942
442108
386812
100374
411919
305420
195269
444345
300097
354517
352108
427911
418676
326195
232026
173269
191117
178862
217818
210341
383705
200103
370680
396519
398102
422640
122155
252513
315071
441975
387660
281590
312876
269796
316318
145092
443426
289511
450828
437319
178641
191245
426586
316130
437955
371411
185890
431470
322744
319940
220750
248270
280729
189798
382656
155899
384903
196933
321383
149327
152195
386583
248076
163456
140800
273688
145847
217161
317526
414809
142829
211886
320127
432917
187121
179001
111629
195241
412747
367687
306816
303110
285160
390029
232358
423319
317471
415042
249399
334487
118068
208003
189906
278837
180809
106743
272178
365732
396118
173257
248507
187084
369510
436519
125811
438965
268842
305471
147828
114881
113177
331762
300940
311643
225241
251897
417529
426837
417946
371702
383336
260366
408173
177816
116338
316405
384373
195797
352344
250052
270634
249969
427176
165097
224320
111078
146007
198970
375175
142304
248620
244530
377740
397079
385291
134538
318770
326811
421697
303116
176348
384419
129996
449689
388771
104286
416188
218447
455089
408667
182744
210627
162886
255497
153866
408953
409453
386166
211808
359739
443536
159071
214742
256518
351969
239294
141829
395738
119455
190036
347041
348121
241771
447961
364552
387606
361709
122735
195294
453307
453392
412023
217862
169570
258834
130291
391169
406698
344132
256514
211541
405836
311381
175395
455053
346439
116295
110611
255730
207679
180040
428368
384920
424899
245622
256239
364336
290381
250432
252081
191966
283532
129286
176958
131786
122037
350490
292378
383505
418849
439347
356459
341027
345002
131185
214683
118857
285319
108415
125526
453122
268884
303780
346511
276459
154340
436261
205091
301774
237005
311351
350384
261673
414425
238740
136410
390615
113771
229771
391846
117544
133820
344498
189046
317927
216617
188560
390375
130082
244001
265012
352331
285207
132252
340765
455878
147939
307156
233383
442715
192016
240483
353293
367683
261267
112411
361941
284455
380295
197748
236903
325159
424504
153788
107160
382621
450635
361633
299653
351305
363383
242405
111073
294565
401103
153822
411387
229682
433690
197893
385897
176571
148640
224113
363356
108773
222341
120407
200315
155663
411519
203053
118972
452923
332805
361228
328969
240769
423513
377980
265464
436708
370497
189954
323431
335398
268491
425127
403612
341366
227415
224512
151019
120631
308588
165482
240864
394088
382758
414718
262833
299771
403145
274805
410242
416528
123789
326321
379576
100398
209397
344664
126020
134724
318627
290018
333911
301499
304473
366252
451426
451305
293925
367522
293369
383028
279451
449639
149598
367107
293801
324094
109149
102038
275246
121082
339111
300669
426764
450839
139875
113673
246350
253074
290856
156266
249291
396340
170820
144733
144950
343912
135917
454162
389546
381146
143246
108516
152965
127741
205495
402791
271423
149542
250630
112656
228912
121316
161217
410603
159346
284009
408287
186987
340345
330756
253012
308529
352302
195101
271908
103437
411385
301257
171990
322451
455091
100604
122144
416916
232957
233408
102394
373949
441280
455813
276388
420928
452812
424099
132677
392766
309747
195620
306659
396211
105875
103997
328299
422649
246602
211631
384439
325736
106496
192817
106472
247107
355066
371787
204481
145165
114712
309510
304532
117010
227131
187206
357053
210202
301672
446367
341249
178068
186120
339059
335435
145347
219875
242607
158389
450552
286551
228335
175024
127310
150026
114199
300826
446083
373148
381233
311279
446454
365767
412309
375721
375998
238424
123230
405067
430295
209904
176409
118758
307053
364205
169410
431123
164956
337141
337197
109365
296339
442642
116499
135394
306272
184705
256949
250732
237065
455865
197845
226702
290439
367587
202454
218524
403656
146295
244369
417465
278689
150285
391575
296844
353117
403813
111945
271861
255927
414048
387903
313360
146076
285099
184709
265800
397912
155430
368708
123026
157148
101458
176870
124089
379701
173559
406866
270702
153749
431514
400109
288385
233848
171008
451414
129717
179924
304922
201594
361634
421047
355362
112900
130085
418873
224655
223118
412120
179331
146376
166947
400274
438158
156958
327492
265244
241109
119048
126229
208047
260113
369196
101395
250871
442114
435462
183137
408368
380968
386981
431185
273067
304556
346235
284960
368904
196599
174711
444020
455520
198741
138074
310730
314020
435994
139918
334530
164286
136031
448712
340366
345653
137994
259161
391943
280282
227844
401293
155475
338159
271681
369533
387784
370712
228734
233047
211530
440970
216698
377669
152961
257579
173435
438148
282348
294506
223660
347360
148828
298756
423558
296055
260604
218662
424994
377807
389374
294044
127152
416722
180727
348945
386895
270210
250320
179563
330741
246056
257965
308597
413864
337748
241034
263931
404162
329289
348058
261104
156979
187624
451388
162217
144112
208514
431794
333539
399060
432899
375434
363360
376724
290720
242933
104237
232905
259037
271132
384624
221026
167124
190255
105756
288053
374309
136007
213236
274733
372792
187334
187527
209296
307538
106057
286751
224301
230862
345223
443559
450794
261396
103187
382538
118196
377170
109286
258665
249079
430282
234852
176416
400894
424101
357697
412550
182746
295541
281925
432155
280292
209049
226191
156278
287900
328802
433012
193341
381299
125977
301396
433885
119188
194449
277462
357451
330774
146647
410519
293536
219536
210277
208152
247488
195220
388111
117358
206454
323791
177673
364022
124102
452772
405665
164039
278200
373371
386635
290496
452665
313353
287218
346816
453609
126890
102073
287452
217691
126402
359492
349068
259703
345173
272924
377198
399126
325857
228989
197846
201986
394826
369820
405260
264323
253358
325999
187604
177352
253439
207831
391029
310190
198430
404680
324161
355285
147661
328382
369875
234627
271885
373336
382018
345014
156535
268244
348660
340780
239817
433457
148501
135446
281928
329814
414797
198905
407199
175438
341477
129110
266910
132542
286694
318728
410260
126537
342616
127571
416535
115394
169089
151605
104155
344210
202525
315464
105944
109153
310694
264484
424402
371821
385793
257404
332357
296036
206761
381950
282574
404048
426605
448765
351811
181329
152545
195377
399369
257864
252250
164800
132008
274083
342180
277358
162225
145180
208043
199453
235010
305939
212846
159299
255752
339823
158359
315329
126290
303243
131915
381873
396890
368336
140368
385437
154391
260998
328162
312884
116716
396880
432735
436954
132257
184974
325471
229634
418497
300957
303273
448197
163632
409305
177513
333587
398679
282653
135640
121855
309643
406057
108580
225149
378579
414394
146057
399279
302817
203060
228189
424887
300024
174373
211613
237397
392176
372362
305730
294000
286221
241425
331754
325088
332794
368590
140198
414982
254984
153380
227560
109270
269439
309208
100945
138638
175444
375824
271817
157115
371579
135988
124331
179239
449026
231210
393266
410851
383154
267356
155606
366639
421689
269269
428535
178628
245032
157761
201656
354987
277598
356671
283014
440940
115605
347524
279640
311225
127252
361678
322346
378222
242570
294590
261071
122766
158736
378101
338610
335401
164251
243119
364690
320598
164995
193951
200048
380048
193708
383932
151665
226338
185720
302624
433341
280190
365668
285430
436075
153995
150481
261457
137879
379248
384927
203996
390595
155744
236110
204108
224137
342986
303281
211042
337973
322292
157290
432180
421422
159264
357744
342810
316839
377067
435625
316437
219853
306287
347176
345572
103322
372986
303874
158812
410991
449185
283535
258862
212261
100151
349211
221970
455449
223931
360247
289882
189980
198833
339234
332661
257544
342303
390553
220132
381012
225662
346732
162435
191014
342573
112352
241470
137990
347203
100992
324397
293697
178487
394594
352130
147615
386755
162863
372163
123003
388072
255392
342954
395562
257820
290050
184181
372339
285856
248754
159207
341732
454852
169902
262101
350456
223748
266358
279649
451157
130655
140584
320913
222777
159436
346973
201606
307737
132530
387077
238560
301015
255582
227455
198439
124336
444535
360625
402396
444560
307720
293106
384538
180815
443591
247616
272667
185582
354903
220933
203064
191977
213640
247024
125851
372636
373673
173265
237195
143833
238734
331954
313569
302111
101331
213592
193472
396082
361389
161648
198170
123332
290753
445936
327385
211664
446205
138823
102795
437968
439329
345590
220512
362247
157909
410625
221965
352144
357794
162144
166315
242742
325421
376232
395174
170118
137024
284897
129055
150227
350656
341880
207121
443438
205527
350471
322347
166820
188079
366490
139452
114245
425762
400180
164118
430737
220783
411185
310100
388129
249052
185034
234296
339500
322645
214575
372932
256570
324448
344995
194960
164442
204848
337773
360282
274097
104619
403538
321273
161329
242540
128113
338525
386974
451470
296505
422880
249423
382928
328513
321381
176646
449668
244614
394380
153425
138962
361137
184695
120303
108129
244629
307025
405479
402680
267168
309762
262292
215504
181716
387791
161305
202191
185081
318460
169448
173050
312068
452411
377539
136403
325015
210795
378150
236020
206080
244927
187664
114575
419466
134048
432402
184550
143776
105850
105511
133411
326712
289992
206698
184321
245340
212264
431781
234113
410599
216380
366546
308815
138910
323676
136672
141694
262118
449950
278928
158313
273020
405097
384999
429486
373675
346523
321288
265637
455170
226181
393748
157264
433560
261737
416915
411556
441058
364681
364658
182892
348112
262461
420826
163019
367471
416839
118465
371936
147799
324447
287504
132467
161837
113815
233826
239126
219950
409764
151034
297808
417386
276983
245782
275034
147641
227967
117785
139016
327413
256238
439358
183019
274168
437722
146120
442352
192476
177912
314756
294404
385913
244755
353007
401910
267436
387720
205097
281927
149697
218969
140357
101217
353517
248560
300315
203403
162519
446456
301832
219879
314324
333148
201894
134367
451149
332660
282744
140339
176087
158378
429727
417688
201293
124505
346874
221338
164559
443206
386514
243564
325126
209248
138284
315103
200322
120569
204901
151877
194576
347005
295253
268196
414901
379326
264452
313268
143097
103442
204273
164999
291708
442705
185271
367161
386351
266421
338264
408984
241347
254445
134687
145900
332010
366997
444500
246844
184577
205720
385228
386277
426863
218251
359854
441566
193035
265446
216048
313143
410590
221248
242665
148360
114921
257036
267867
121894
158978
327541
340792
441445
287467
318308
299715
305272
174695
217316
207127
241065
287373
423577
251707
405629
101300
102462
254353
373217
109170
188376
422297
175542
381101
418112
297710
240974
169130
110025
379412
295819
422141
240332
428762
360664
204033
160972
273901
229784
287420
422126
311784
423183
200583
160207
391482
207424
203163
440885
137246
233739
144768
438567
219713
241534
392355
287834
406330
108518
126748
150885
125482
283773
201280
341554
151462
308097
359962
107897
123680
426595
311179
352979
114946
269711
136200
183935
353480
336305
296556
380144
262220
254726
392411
454134
180897
277583
391217
390787
431942
264081
187962
354204
371199
237681
308578
406449
419364
249708
396185
398378
305701
121204
443517
150243
442547
264967
154200
330740
396130
180701
362024
122500
439428
349004
437476
391022
423716
295231
428720
200171
455712
449263
244143
130321
435091
199392
355858
210764
155457
452703
347788
153488
382236
114489
111822
252545
409196
432595
290613
236459
379154
448568
242193
452680
261099
355543
450059
123525
404394
183155
181452
423538
299916
268044
215269
365359
170390
411848
189425
147367
327927
401943
209351
289237
149748
401783
263102
201123
101750
410490
296772
418478
259040
175939
233409
433126
247912
103635
452253
264597
320977
355754
452834
355815
296875
182222
263017
307442
171888
369818
382261
380552
245370
300431
260821
308113
440016
290777
268006
229591
156163
279426
202826
315461
331916
220245
211713
257063
211249
230003
104359
121668
307039
444553
282697
166064
416561
212867
189552
310435
277996
198904
410017
421573
127202
451911
290316
265199
372429
122139
248088
237020
310102
249009
408605
272226
194729
252873
397510
201920
429370
405269
146210
320813
263444
164232
371479
355262
127666
115548
151618
180573
149728
102682
150839
101115
431814
150805
125723
231385
265003
335086
155271
388394
303611
205769
176196
439043
242051
256465
113589
453255
252896
108223
109935
155879
349215
429327
131491
338648
381535
296643
418082
284489
233278
432586
230489
321500
231913
351175
165391
415162
296612
370764
287368
240388
273853
121662
246860
322609
167656
409745
201138
421712
351955
230097
438469
322771
126711
144801
216935
251154
339719
363868
355913
172185
132508
220742
156259
228527
361653
205671
374673
335325
432038
398438
288723
385679
221788
293378
331365
340229
368851
104751
414987
401724
124227
402336
144143
132580
266012
337545
247608
254457
252777
163149
325029
455667
174215
340287
212019
299009
161225
198701
107399
304607
146067
358143
325435
118298
166399
305589
335638
214307
211328
376285
428415
154162
402853
140977
347280
242745
418553
193764
347535
287367
206335
277898
423430
315533
308235
213581
372886
263078
170420
104997
254961
159189
358934
323172
139726
117446
368556
114029
105419
284602
409718
376052
401070
247100
232690
102830
284465
188943
293854
427686
323896
318919
348316
303534
117465
152233
100806
200909
346054
254055
133410
114066
187101
108540
435984
412821
208093
234561
213789
104299
314539
105564
243203
449842
293818
288108
215489
190053
368087
193886
174963
373443
324542
442545
415629
318905
415866
145626
195686
263692
119515
308741
292763
226026
266225
211743
346269
391046
183910
295911
170100
160864
353267
260083
258328
297620
317519
269356
357372
184242
369090
426774
248223
440971
312934
436481
209328
103250
394206
346033
394099
412424
152992
384383
452590
313733
442278
371850
239974
439246
450346
168600
154461
181917
347830
234386
400264
346469
243975
138705
297926
289868
281382
391497
142261
407197
328446
368394
406220
441152
370948
127477
236045
362116
305842
200162
119464
453467
328157
334584
210710
269714
432276
417471
193200
280842
231477
409933
145499
347180
428776
389123
237925
401221
119367
255065
154305
374049
183482
353894
222186
201132
111583
248793
247109
407794
308531
315469
342676
411388
456097
124337
397286
293210
356072
419569
157622
313240
231376
172201
104037
239548
165459
141326
378315
248875
299802
426569
224713
245460
396884
455929
406737
430386
259367
280031
333676
394111
382902
426072
363498
439062
100990
123604
437012
369614
306763
335390
370045
291358
111115
177440
293727
364455
119052
274221
403382
225411
374335
273746
320167
422434
399426
134022
378632
226479
257716
289518
353561
197569
222105
385436
107138
345756
119030
447053
248263
185705
100821
138115
253613
254576
358517
266906
439710
369692
158698
236337
342204
132435
369229
284540
331731
290985
318726
277855
334942
243147
105772
120012
329190
394511
329271
346276
405037
118885
410657
201653
310937
104346
286578
293930
163370
238083
321864
339598
234622
100640
293601
314420
258929
189707
386403
248787
146182
324950
204947
369338
319180
221218
278466
318028
101705
111346
284020
306906
365908
438874
277704
438297
110951
332725
325975
297706
318663
225021
278890
261378
239303
412579
300961
266457
367781
156136
246092
402728
381835
119182
448142
151301
373755
385520
201772
400271
229012
238493
301971
251404
280786
119101
138834
391018
126499
314777
421129
142869
298417
322588
284306
420055
422645
255272
183187
161584
192980
345264
449887
381889
196845
171362
202742
223184
236468
107060
293880
319474
238045
211842
220973
258397
325608
349273
338890
453818
377360
415322
159502
254212
303570
208978
398709
214524
333701
293285
127443
202824
266278
123664
127381
108176
124456
154266
401673
377474
418973
369862
209448
244031
187036
389169
253695
449528
342273
341481
338612
245799
385078
354103
392433
324004
375697
412355
341490
255427
351949
405166
385736
325989
111962
111605
338081
133370
260553
398946
328374
400637
296821
281213
266432
403194
219380
166323
294279
314289
401915
287443
238744
380100
371646
185527
289397
121104
389392
364385
235735
238401
203272
270538
192472
308484
281965
428997
176667
429100
217357
317231
243354
167668
347104
250897
411778
141971
207935
264622
342044
396868
155671
440214
372589
450137
290427
224745
436887
206662
370786
247349
337583
421080
168922
260027
366027
130805
315735
417761
362001
146743
230651
147024
178390
445896
379906
373524
190062
192656
354315
295360
154642
413610
254833
212301
183923
424844
374966
143910
401135
387097
121269
168358
172070
195514
455023
165504
440869
169623
157165
445454
398932
184425
184938
143092
267145
420421
407514
435036
447831
229886
123991
405532
308216
221002
195181
163427
285019
421546
141380
446635
407384
378779
114918
359187
151407
275609
164621
228257
377857
246160
455890
232568
313068
379204
175193
364940
387647
123712
127405
278418
409139
305882
215374
379641
419311
375235
244316
138645
102407
176906
135862
352456
133986
395151
232401
209100
160927
225752
353764
215262
259294
235954
170906
331556
305996
194901
171334
307291
146154
133199
164342
146990
224125
363380
362846
338832
271210
174191
181294
111663
240537
268113
229083
188716
401745
158335
252884
364806
366859
124113
399278
141677
272638
313774
435884
288749
315379
411799
240514
312877
359122
248274
321408
205089
351862
218072
145868
403032
340027
414244
335510
298338
369157
326402
348055
372345
179126
322439
402964
377812
162364
282425
252210
290663
191825
179884
302410
235038
236490
387321
269505
404370
188872
231341
291991
129525
238216
138653
395081
131344
300230
272100
180504
346115
334590
396099
372279
218802
215715
234305
230872
202333
351104
454346
157396
140082
391090
137109
218622
397795
341536
122473
306382
182891
385112
255818
253250
356543
176679
409355
365747
269482
289860
175142
182772
412848
344765
245874
226642
111616
208265
382774
331681
331928
314369
292302
395026
342423
273598
229964
241582
197742
365536
207835
379569
267575
389369
352387
347001
174420
310004
311961
332039
247707
378573
335644
131740
133157
290115
441703
285445
434863
222112
262061
329146
164392
140405
130326
129201
346339
129586
218394
296049
400885
191368
138332
220871
135249
437054
440367
129080
421164
454945
113098
297674
302832
305401
347833
198140
343711
435439
157840
348650
148612
145348
349975
379958
428361
389307
378147
118990
410177
289076
197186
205609
102539
387374
176562
405981
172305
303344
342658
135088
135315
172941
119807
286916
400993
333200
190787
292032
393640
442829
229149
410596
305351
350557
123238
195152
165183
263823
254653
152696
132234
245378
427789
360342
162698
135416
363535
425120
336330
215645
195476
348585
231140
430051
320145
345642
337259
208130
277762
286665
192816
239962
265332
211857
194131
194365
218218
423659
365179
203323
346025
427923
280046
168400
296130
258060
125927
205580
122997
129171
332064
317030
241003
239057
199692
122193
143125
260813
394550
328145
155471
434125
195093
183353
422169
142858
432903
185429
134899
301590
380093
446402
247048
366018
297209
147274
341412
149371
312991
392645
343532
405022
150672
347670
229990
216528
359960
283749
224382
387994
108222
204066
290829
226367
187236
224530
342805
290129
153241
350267
319564
234551
336825
153200
174972
187806
412709
320675
355557
435398
163931
221715
196496
245421
111644
299114
286204
442041
154219
281554
362551
255453
152710
218172
279644
433801
429395
289089
226644
420511
401241
234129
291764
267670
173889
261454
172313
251664
172369
363677
258224
436652
127198
313783
140211
173901
435541
407990
366619
383912
199923
223985
112997
288446
305822
391660
438391
257901
188973
411495
155683
256404
372307
203158
410520
134786
426706
380155
153765
234064
352760
309100
271797
308882
221548
120941
120817
364951
146481
237988
259989
378839
389970
286927
333361
374631
244777
361168
445965
181950
327586
163053
165149
353988
193780
243952
158096
418375
175941
148201
291619
271206
176652
159397
429804
321389
308904
273363
314300
426200
191572
356022
430409
294570
377644
254536
415240
244706
430115
170036
183746
346637
329747
392265
283031
174707
431035
295201
156092
403994
294703
149841
103556
263392
400681
302180
199244
136204
340372
454538
335151
212587
215340
215446
143101
315568
384312
240790
221416
261420
282163
306320
232140
277449
199291
210797
199357
380338
359631
286583
127012
216440
402778
357580
398108
229038
173939
123050
249249
345480
207672
385431
113293
359881
425205
412919
175728
169394
147537
431544
166083
276851
240368
205126
453315
396675
301383
441787
268219
107584
154809
378771
394897
450103
249406
372286
102049
112718
388137
183400
342867
372733
400228
389408
291308
346796
280201
173940
139723
167850
455008
333756
360481
427762
408718
142616
180384
112375
140188
352677
388409
119243
225673
223982
295891
140876
289722
206279
439063
277602
418245
223775
244581
305741
309471
260601
436525
319201
318583
421412
294604
340163
113724
445189
425208
354416
258521
374578
234418
138704
183039
180013
158686
332015
340187
206817
199468
218926
297014
370079
276581
223134
271360
215162
121117
450249
284523
160069
421891
348477
262359
192964
327258
386564
190682
218263
100286
316560
379058
337532
320687
279449
153038
325190
120714
308173
120524
314197
286133
227206
449103
164225
422079
195623
163590
180053
125761
308863
153877
192579
419213
424532
439847
297472
281705
403168
243948
217950
407638
334421
440484
144693
301800
383858
388766
277044
215462
136935
203963
417671
134710
233077
328581
229148
102581
412284
425981
351289
312923
201681
369669
315544
304374
444767
149623
174905
210952
238699
161790
322201
364863
309668
164561
196457
426578
186498
180371
294793
274048
123878
227214
151714
239599
378308
224451
363750
198939
325766
349603
450918
312889
102931
308358
377453
264049
380411
404514
414291
242508
120882
110552
190503
317816
408314
423841
322518
170668
120602
367144
341253
123392
268797
422592
451071
448769
444260
226714
202362
228716
401566
271243
437525
419241
394676
303901
118445
286062
188687
352606
169931
204337
228081
369864
132873
112951
136341
363414
127141
179258
279176
388125
226271
441367
127071
269350
258091
304588
405205
301133
307541
127683
125891
241973
270852
110647
432651
232018
341393
121001
399982
184011
321229
318309
167967
426908
278611
243969
223801
154546
269108
150263
369158
378857
338877
254164
416441
247681
381984
283122
243954
110955
166239
351766
121900
383214
421388
454949
371467
350560
238923
303883
290168
389986
157223
160807
216264
432625
201716
383470
298881
324607
223003
246539
303073
114533
265706
210098
158857
355294
443387
311216
318249
255824
378818
321412
337316
159934
151628
251329
379836
161727
306434
166574
264111
355728
173659
160620
243522
239880
178209
450048
375145
162363
290228
380407
382559
128628
159128
156229
430906
284365
286144
439152
317881
140928
415016
171596
316893
165134
244150
453184
114749
294564
159936
438060
280755
447908
213612
160383
429312
320328
443194
214453
211109
431336
258950
264732
430792
361780
104627
204723
416672
319571
157755
110248
234837
441378
357892
398922
171330
181412
264612
323664
288633
107985
425999
235513
141073
369426
229058
207158
208613
397548
289738
347537
431392
377207
338343
185802
351638
294231
122085
361447
438822
450567
206041
222272
391407
388547
111507
199932
349267
188005
196107
438734
254999
226588
208735
237169
119055
134101
453975
346834
152942
435467
180240
126587
176316
172505
102521
258017
256271
358318
299131
342982
248343
298676
162007
330345
262999
161144
101937
379074
387493
327551
346528
141571
317663
432149
202071
229722
441854
138644
236089
282254
321007
248242
397186
163301
145906
437758
129688
364716
342470
176096
130245
307020
158506
269179
260163
330197
317094
434171
347547
217152
218749
375710
224685
271763
190586
449012
377025
345785
224334
236124
172250
440917
448705
232482
219524
417150
109452
328078
235078
133390
309361
338320
456002
336855
192613
394108
134599
453876
245290
294079
450460
232001
254263
302838
370468
241179
291915
144924
248329
381596
371440
221048
326839
250566
185139
433445
422746
240121
348917
205227
217102
333274
326379
393399
378084
233813
238774
147867
410931
422437
190854
268883
396067
456014
206535
250295
250675
438145
174422
196213
431661
415567
155533
365372
179527
301825
247194
171539
206357
318973
359870
287562
235695
288476
298282
245343
432644
282430
169963
139905
195194
292157
195668
219725
290286
391819
182378
280457
151475
114367
434537
281132
431830
337671
259205
282833
397237
111082
231775
123394
286269
251034
115438
375831
123960
382395
414293
148986
240465
280365
140547
296467
451481
333540
339043
317553
351777
221810
162407
415516
352469
398986
409964
212770
178180
309676
293011
232619
296342
350155
220039
417531
209987
270349
385525
215430
175074
293318
116235
305394
441495
149212
232668
163316
209906
356055
150280
221843
339915
285027
326866
175866
142530
385226
389632
277730
295972
376610
238435
280914
263277
362018
437348
110926
165772
211127
192005
409609
313536
256075
146072
341032
211630
368278
418141
288296
353102
250506
102689
241478
117685
252453
392983
245705
106772
199490
242113
299147
124926
214493
281662
256037
233041
209592
314907
160496
427255
421236
342909
307060
294733
438863
410633
343473
375888
298626
209486
160907
126467
137241
219947
444423
339514
207047
373516
378410
320533
241089
213795
213314
456198
449562
100839
295470
266414
404244
387839
391287
266224
348070
125951
102914
156959
106553
304979
261026
157069
428727
146089
184746
418296
392435
434318
355591
143615
342626
181837
375684
410099
435949
374635
115043
137247
110925
221745
306391
167376
452407
416748
434278
136022
215600
292306
221266
255264
303749
166882
211165
298449
399850
213019
287210
329035
324212
314698
114967
231842
220802
396438
306043
283370
369317
121172
102288
320941
427687
411628
291380
417324
143920
340026
111152
345201
159344
273504
359489
345238
419905
308861
446897
337800
240508
217689
268992
360507
258377
233621
347533
196714
101191
126803
345964
197634
192955
338319
115697
387984
229824
319714
427869
121928
254594
151750
150832
114565
144078
253728
214755
336334
353150
393534
135098
289327
348159
160437
292060
428777
107808
187148
408110
333212
237689
380166
397808
225730
406432
220273
272533
238397
279664
246889
153818
264321
250946
316146
391808
321615
220377
219003
212864
271374
426740
218304
391697
183504
197671
442801
456021
446425
259757
273981
256330
338251
293333
173935
359394
392199
387515
138576
139581
441569
102892
368687
329927
370336
296591
185587
377120
418879
409410
354580
267929
177821
270041
294618
449453
247538
333051
410227
184031
389761
428925
357747
451673
263157
229612
262574
101779
222485
255364
355918
305456
260655
276218
229538
388515
125540
254169
216648
253777
420539
202773
237485
331096
222444
369800
341715
371887
411709
391669
239856
335464
353518
284909
114557
274416
315028
454239
376259
302363
298991
168980
377254
102284
310368
427411
144160
359984
275827
155338
226126
192307
228459
304017
151059
373712
259006
421063
173478
245242
194728
172743
399656
143487
278544
175848
382104
225367
333822
364608
355689
331120
345521
207685
115386
256383
365594
280484
234918
261517
310273
318195
446167
160317
395267
235959
133476
423853
397756
406185
245832
159156
450670
395243
383131
123023
191052
107240
144905
312325
136747
165334
160582
264208
155300
118937
408771
304243
194835
141990
159947
256054
389506
289635
130133
357816
356089
369174
220899
361267
407296
207458
145295
196315
326940
190882
259775
193110
113848
398264
288729
307391
300076
138949
222746
204604
152826
324469
377931
108484
138093
340642
395107
431670
250823
371880
377551
436440
145731
351731
158904
316586
315932
224409
401121
131482
372057
126230
323443
130956
320436
368503
372570
144279
189146
189998
341352
375139
409114
218783
308412
183026
116454
452269
251326
207725
357197
284905
312510
257245
449724
355458
330611
114115
196047
314571
232780
332809
311234
232960
329072
409152
172489
111086
164719
115143
274491
209938
399298
439418
125066
376303
293274
278434
129769
449198
284857
411935
327526
137621
225765
145596
154925
239598
266989
231190
357921
418702
221658
281113
397125
192606
310169
189869
218525
121920
132421
382998
195094
275714
300576
304107
339306
288052
310158
207330
316771
339153
182261
435101
189394
452698
379130
368238
432439
102312
445522
284957
446018
134340
222679
395670
103211
260332
333065
235981
313215
370519
172263
411162
378722
148298
280977
392928
404351
239683
105683
294711
263577
172251
238692
249796
310303
194555
224467
379244
166074
161148
325887
424281
193334
135526
294567
322629
320963
127344
111144
415275
116005
147629
202076
355850
124269
398560
156103
285676
347716
175440
339299
443635
446583
274291
199110
372925
288339
432813
100365
276017
343526
334586
199251
134125
438583
379449
418931
220963
274591
425225
157418
136807
147045
188462
239950
413874
251803
178357
308961
127301
423480
319364
324482
272136
235748
268051
292412
291049
152417
265919
271486
379845
304681
117620
214260
423884
378665
210741
184708
207385
278125
447213
262411
218490
271275
249572
363491
341773
391611
348111
409674
240031
241547
288833
429996
416201
283960
307490
352276
134023
398511
224998
271176
194522
122800
367858
389007
218257
230625
325764
276700
145955
431345
103439
107788
155198
302278
180337
371526
186072
305630
187067
446853
306835
304726
166687
380227
174730
274298
155310
334677
420685
361596
293855
386877
269331
365084
112865
173026
168605
418437
218216
163399
383809
145495
348041
378306
186199
211117
385441
380927
286761
346426
359559
145592
156093
181315
168893
248882
334060
290826
274513
435424
227594
149729
176195
275916
435327
340289
161433
419188
361189
237041
180012
177095
219658
399215
327565
125682
259680
280175
100047
375024
180697
194421
109759
153739
265531
150801
262240
444306
257357
201553
322593
157971
433954
200984
416719
295885
366077
308431
240376
207287
253916
237217
279368
114145
355789
135682
288266
299562
341875
167408
209955
185112
180282
440474
439203
189958
169986
432049
252330
383566
224003
392226
141237
429303
134029
178582
209793
429123
281421
140806
353272
363711
248841
156744
392322
267377
233945
429030
449245
420403
368080
174307
218430
147374
133758
370517
274676
421203
420231
107298
211156
359082
453712
448351
363870
312024
156841
229317
166238
179806
365485
313659
237871
335649
332232
359331
207026
307844
202202
187325
113360
393225
395809
394297
146819
226063
390199
137298
112652
238444
198087
100049
140450
310275
190106
414466
378514
354283
111847
425750
331560
185092
310621
172325
387416
141783
123983
215411
171223
132552
153132
313552
418380
152102
305646
391814
255242
238207
420761
276313
451334
148062
140633
276224
152010
136952
257971
183247
329359
431861
195998
219375
257656
117782
171736
217180
445555
261629
230103
439425
162631
356830
117540
243641
405738
230160
276038
405063
335522
181313
258737
301745
451829
246598
325597
379083
239342
434132
391612
214462
301269
370206
443926
320606
338321
445397
245399
147529
110668
178898
417884
419945
255136
381316
145539
120283
140864
118059
449463
402679
358232
377649
125556
134803
425533
274232
391114
186045
253668
299025
391316
374415
378599
380665
205675
446321
358757
290963
133672
439312
442119
404552
162091
314573
148379
305927
171079
313037
134386
347165
161093
270961
297488
260921
394604
429741
331449
367360
392995
363914
160391
298589
160164
203666
432135
396635
155055
104203
448666
426585
448977
331545
118749
116194
216291
432678
238103
361559
200300
287354
188945
286573
255681
326388
331119
311264
223825
204260
234957
356631
297410
282296
175436
217607
336081
331752
295491
382785
344320
429283
293806
182531
188214
235912
109481
219157
116477
344728
132429
378853
148016
307663
391608
109895
135646
348345
372654
404080
320688
102418
297226
302564
411271
274195
243318
294056
446348
173814
336549
265686
394993
214962
389873
222476
222858
239709
404273
398545
358993
375658
311169
407438
426484
447417
241922
210454
403230
232363
443787
138604
176589
222965
402637
140611
343466
142035
408535
101532
263010
290618
309572
418273
376938
314445
137141
300735
197649
234585
342094
277176
411340
108202
370465
283378
316846
112813
437526
101575
244602
156845
146624
159087
124973
211414
383993
249520
150049
162084
195847
256166
421644
224704
225882
327833
374544
288161
201278
111008
427460
331243
131945
119633
176137
443872
109303
448534
271899
391616
180936
413318
284308
181748
236680
102255
345403
426653
152718
232457
301309
217256
294318
147070
302955
204547
370683
344774
220684
166660
352703
252554
174541
138903
158149
397777
242276
246109
267876
179953
265505
153970
125594
290688
314372
120728
340889
283829
422583
443485
281836
329755
426609
309991
199939
268571
374395
365239
274532
213801
255085
276092
384986
306555
403584
231963
246121
369224
317366
212518
378817
141219
177061
354453
436763
238340
186304
274731
442447
376414
184854
219896
360907
346879
130243
325474
167462
193096
299860
180968
308724
377049
290707
321763
206368
289684
452696
433734
370397
381502
218885
312100
351470
417366
385201
120392
451195
357481
158210
315726
307648
431706
149731
343830
252790
336203
213200
313231
432561
234154
293772
116059
275824
218309
106019
125799
277613
277275
223236
280549
187305
353382
122968
395705
240607
381088
336653
383952
361127
281316
105932
233973
394027
199081
137081
165398
191226
305345
356489
148015
405453
447015
439902
308982
434809
417325
298048
145992
275607
172709
239125
176110
433259
372613
186071
348725
363753
167939
202958
401874
185004
412853
292994
203521
142735
187427
401657
177836
338428
138310
209892
216422
137610
220599
446938
254101
351067
281993
385526
285454
260854
181607
309000
194020
123735
359515
337573
294188
395998
389789
367524
107004
132069
136803
269393
273104
391950
445480
356289
397448
371434
141742
320830
102095
422498
387659
436483
140841
151904
177094
115740
324488
383597
417162
106237
208900
323469
441011
174055
119446
161757
391358
137120
140934
191571
299930
343329
377091
335513
346878
322619
250751
392827
348624
333457
346559
343362
320364
323941
408132
227353
143322
321739
291410
153062
323000
271115
108864
162566
420187
175611
401255
237214
338555
403762
224587
136188
138239
342678
452450
328460
210868
336787
336884
374032
319852
228892
326995
202471
426747
104151
112184
394988
182147
224159
128325
152289
261757
176660
126725
341250
409369
417508
243012
180953
106431
316380
449072
139969
271242
230256
220391
270196
187077
271531
233345
346199
158688
103820
374073
201313
349461
357674
443481
453293
211911
241626
339929
406825
134141
262558
410750
419758
124782
302938
125970
389127
223872
138902
128613
162197
189299
154542
389449
384346
122865
345659
317860
398458
429765
380469
220214
166478
273729
111245
114825
103612
147849
399504
245087
167738
385675
288401
261580
390176
435354
254272
178438
221644
302340
366224
110543
307939
418382
422031
316290
172918
428837
283682
342925
405167
158257
252320
280005
181663
373227
390570
315080
247128
398633
378608
224970
382299
435889
209468
444511
449020
120897
400084
270934
223885
418897
419620
325494
140225
427935
241573
347941
321920
274073
392264
437773
414259
310361
202396
201835
437970
123211
190833
425707
241980
442707
454715
417330
128328
285234
375833
202066
134598
148771
233355
415448
366607
211416
375982
408708
345794
409726
328109
352518
194817
378130
316812
197257
369039
433530
300037
309122
272193
120475
280580
339044
247718
386866
388004
199843
277770
300923
410845
375226
227381
355176
116129
176823
341062
443524
247412
333675
147136
149807
201770
337392
157207
143113
454978
452299
235566
103059
252539
393045
379386
259960
301696
208081
208338
128144
454276
137362
154652
332474
235063
257505
352358
247188
221001
212021
423389
361516
375529
129053
173742
198906
427833
422794
271271
425047
189996
242737
234162
215040
259270
304854
352870
129492
189465
253922
436275
415858
295290
316936
289573
319599
324252
326236
213154
317385
357518
123029
444635
199454
420647
388096
139115
146031
150619
145057
103852
214744
262973
395340
118705
277214
314654
437142
454316
234631
147047
119589
364964
109676
352969
133451
418071
161870
289206
191219
105322
184137
302579
314879
113387
399127
159086
317723
250715
108206
401176
412927
233299
260629
429286
260518
404741
218340
114170
155703
343555
239855
314848
353714
180034
439264
268393
356383
241241
380179
414862
431956
367774
121538
281241
360827
196559
371358
186483
409730
223437
247483
237461
271581
174005
417932
345075
238920
191112
321694
286183
127150
268960
223768
444469
338153
368236
294371
209045
298068
138017
271787
192913
356894
383684
243962
411824
263204
111915
269136
230234
126944
396119
337731
398364
395167
345742
375821
145912
453277
184173
426319
322496
361486
102536
431691
155130
445502
272966
381374
378583
430087
204840
423553
283368
406990
183344
421145
438168
139101
105064
201372
379851
374707
106619
184796
254375
306626
292864
205881
400796
204391
401880
398170
106478
391789
216336
225083
432413
362310
131068
160348
111372
257772
427787
441350
172955
455017
287688
130714
269697
347460
159466
202834
205774
410863
307531
433446
344216
283112
275310
253110
215740
370900
221155
259476
202600
375388
153359
368773
416033
311533
427768
135050
448407
327837
392663
171460
278963
217369
343303
233660
172417
114669
153399
435343
235102
405106
194883
316669
446966
283985
440393
422993
252791
409264
235654
147888
271963
282083
246343
434260
137523
337088
223578
325151
102538
195219
216993
157068
414798
143295
451183
297524
331318
243567
139136
377483
326604
257640
363985
121465
379610
289342
250836
448174
315168
410739
311702
284449
306776
318951
187532
191083
288620
259027
346628
212810
398100
304307
110886
301760
426256
357235
182318
202205
187256
211447
209091
270543
167925
139692
148846
445785
395048
282791
197369
363599
225608
128520
339526
231975
109688
284177
387950
441473
400795
387409
295950
153405
297816
286085
439258
399607
441788
421359
202674
420559
109036
140587
445664
335740
311845
230385
197574
126773
244024
233874
355162
121712
285009
160526
286816
293954
238725
135886
130069
175595
304821
222528
167942
151346
349450
193807
361425
221398
321119
223443
365229
347227
441325
299046
314465
287072
220626
208580
360613
219317
120013
323709
115142
184036
382599
351772
194489
179140
249418
105864
250536
216525
369929
194346
146727
287924
208039
373214
140538
152822
427739
194594
408817
185066
343168
117439
213512
156340
137957
111690
123834
234856
316124
188463
235648
432283
358518
188318
194186
326728
433607
414796
202817
189871
258061
214296
385816
433008
214441
395785
158281
135621
153258
431397
330488
121740
382556
413401
221450
115606
202103
159725
114884
158864
177495
156822
183021
423539
437469
203321
266409
194272
393844
340628
206081
404163
191941
193782
326911
165210
413719
455130
216443
114923
406251
267126
164456
322119
248442
305200
372583
319084
164344
145237
276308
100276
162583
144212
116350
263958
290185
320010
314784
446669
169053
406692
180213
265313
356129
422457
269441
308244
192618
433924
216465
297613
266597
388054
381605
402677
369236
442449
192977
231615
378627
112332
265704
387103
209896
296722
446517
301565
326963
141673
352209
321525
310589
417486
160769
237429
365296
253027
158819
223884
351944
217727
300550
289947
232846
387525
368343
119178
280094
158058
209722
443904
402759
240795
118994
231583
434716
249231
316206
441314
340514
308139
398071
194511
235582
220677
406621
235880
409886
313742
351875
106818
442695
422655
241393
348225
109967
344901
343489
424077
169120
226480
218371
276539
110984
125964
168766
231181
258200
328088
225740
348596
296281
226365
340878
138053
450320
257418
414937
112291
182400
239735
387345
318281
311812
430267
148972
222049
129016
438702
420149
366969
225930
196657
435290
116417
309059
328676
375001
172974
293246
233078
115318
259628
300737
423844
344063
285025
154474
205008
398901
136589
269760
257622
257332
109432
409655
114689
248369
392949
277826
177361
352867
448474
430276
424717
168941
194251
415324
292216
397653
187518
190984
258825
357142
428707
348036
272457
281288
412618
444288
236743
122513
355094
232693
379159
262028
238813
245722
314805
186629
414413
210457
356688
433546
118099
409903
172957
222639
194707
106863
415772
375914
428325
124951
241468
248846
146893
168271
132122
232973
420052
150458
166403
280252
426980
358751
411276
115501
128662
300196
450485
232845
109097
381332
342132
145699
275005
329488
416679
422318
136361
343983
374818
133429
237929
350016
126160
301934
421197
447374
203485
406918
310891
374079
179986
230893
221480
119378
190839
130852
170739
454247
384036
219552
196218
113039
440962
314232
297146
251683
257467
150391
214614
436055
420914
299151
348175
369352
339775
308858
263508
418442
205109
142301
122676
372219
321251
401667
427778
247753
351384
417176
245081
291158
274055
190831
108094
417823
351557
277095
338944
388528
198100
183320
243274
319383
380946
437176
277773
393165
338114
291807
380753
268721
261966
183305
110118
186128
244029
327969
433851
373064
283638
186418
201133
164579
249262
327944
355801
357937
334192
186244
292122
437738
334839
450237
157463
351664
160386
440250
117084
376622
240148
121335
277234
455138
455510
204926
328912
350513
444041
171968
252624
108653
159822
133822
173148
223622
170833
144529
450007
122081
226280
107685
111204
183106
421922
109498
348115
233139
434078
379531
417125
112585
171295
452649
174750
350893
143744
213091
118005
104689
426663
378673
316520
358390
444017
381443
288252
320492
377205
196890
305012
360442
341905
206827
287962
398002
314189
239073
374564
330315
174584
426681
108590
361300
385732
359441
446398
117984
182161
410425
348180
143180
247931
396440
272195
451943
366482
220009
336688
145537
359482
441104
451099
398876
251580
166181
350415
434661
455058
297945
245971
189421
337756
267470
450726
226252
214656
337500
180449
127388
315416
415407
372432
113545
360377
300859
433041
351285
362243
212975
412670
172269
238593
402638
230045
354994
223126
440697
338430
135568
266297
341157
226640
440611
121251
427491
225981
337906
181263
137472
443839
265720
407507
293847
107203
193131
141461
374122
209085
311319
408180
366959
369728
287917
364684
437368
316412
270804
445350
221933
295916
279412
231873
310336
161720
196231
300591
327982
341597
314702
307273
401245
207390
455068
224152
366961
166587
245790
132416
120209
254943
239197
386962
384122
379716
112515
434170
379791
336619
207833
455150
394179
238466
456016
325426
157480
163953
409781
217279
292808
158358
432733
351968
271831
426923
153117
449870
144745
230533
446976
134816
349627
175249
390441
391303
272283
352783
261581
170333
371547
302615
344853
198112
350112
139015
432657
454051
239965
361827
331167
355555
304798
364143
451050
358116
356599
393794
261693
352818
373168
275960
198625
343539
431342
417812
108737
217387
253360
124327
290808
190059
108066
321607
106885
388827
190071
386801
143242
263967
402061
120542
423196
261275
379596
257058
356897
235175
157875
277919
175861
327269
259185
342088
413950
282530
351928
374110
307333
398526
183975
203226
355586
251313
117274
334102
326347
156467
200219
158595
364284
425985
386804
253311
111878
119598
133827
297635
110373
265763
182868
108686
350756
157505
338450
270516
342014
274040
410804
196116
383464
319270
161108
433133
177663
421740
337008
284790
124957
184502
159423
120039
140121
350655
324159
157792
224814
146293
428451
335020
419069
188030
106246
204104
441819
112721
278027
422765
409187
139212
194126
292769
289704
428782
227194
318646
208019
226462
130255
178809
358573
293817
354620
189444
207299
148412
370824
310175
220910
372669
355628
356677
371016
445174
386046
364625
208616
432600
268229
199099
235264
410555
250754
386622
384322
205743
154129
244833
185962
440424
410311
313703
283000
108187
290351
388298
374931
396708
276326
308024
196854
212221
245860
133526
170483
181156
282062
252801
384823
137536
244249
449039
451016
120780
236376
174148
411698
238047
212431
374115
420938
117385
384200
456027
304526
426662
140662
210888
291591
240033
230890
326735
360824
373979
122261
284134
271353
436619
413000
199354
260599
389993
432371
268622
175153
191632
294529
198989
217024
288866
272062
260681
286517
188867
309324
226563
371888
195049
334346
266023
228394
125545
271551
359469
405282
212308
292619
146478
125026
124988
451324
217721
358245
277869
400797
395528
101635
381028
368518
285985
334048
426143
393091
193634
156898
189399
191965
242126
418447
207564
182352
112449
364791
303951
278736
316155
436681
317393
247831
201539
261533
240353
224898
257053
283695
156332
107073
136986
155465
123571
358288
102994
242997
147740
388352
187979
216274
144329
271463
354397
157757
195252
216069
164894
236573
158568
266313
157987
437742
280560
118402
227522
146401
204933
427696
234625
120572
140157
281587
175491
350272
272692
301664
401810
154125
246278
417621
425903
377030
112454
302567
392395
340682
415890
242707
281479
426083
108357
429090
422528
452376
314546
321090
131456
129352
254802
266464
307965
322016
382125
133018
374535
347700
178709
144002
177704
137543
422028
437016
431478
247012
124075
178236
310233
146519
229065
100905
290100
406088
298985
185726
169289
377438
131506
355339
120270
201073
335795
100937
444468
116670
113157
315902
276896
207580
264330
212644
414416
201177
116929
453705
253821
268669
265987
359618
386993
113726
395823
219205
386641
269340
144005
441904
179628
190970
273514
198081
446500
139245
148922
182262
377285
141406
280306
297314
222480
123468
438735
201511
167867
421401
357362
341646
397194
436156
356601
291062
174238
256125
141214
454096
432256
192854
392482
253846
281217
172653
331871
220034
273540
191729
292202
283185
376810
198531
181814
348405
398540
106725
137815
336781
224254
221050
221207
202500
453908
406603
157788
280387
313330
197371
178542
220287
399193
304841
321033
433627
231282
343356
104947
381518
451421
430143
333409
323507
385488
176852
203120
123075
160520
394421
124544
349738
333193
355813
228675
109354
347262
150434
303458
258564
313910
224392
159674
343554
272904
448988
346786
339627
332720
333623
386543
349695
151217
194597
262218
196295
142340
162216
418694
319210
105379
377256
108607
184032
147395
323402
275470
366822
389188
394194
339536
315497
227141
119972
173149
275218
264348
421040
252487
216254
349209
210259
303319
104088
182631
402470
245582
216982
277233
419930
191892
298648
200850
187463
208447
224854
389918
390179
283226
152500
281610
275686
331368
110902
320721
167479
439960
442044
290157
110831
297906
235662
430606
450649
162554
427246
159697
341271
229704
327468
312234
139312
220875
227295
399190
133734
159169
319850
392453
251789
361483
381948
373370
251448
194831
131814
415716
452831
273263
291302
363625
142586
365720
238828
439179
398703
184353
264966
344992
338286
169485
251270
102024
319847
384333
392150
191479
368162
372016
263242
422918
444356
201308
102954
349626
104377
280048
296657
270077
182331
175533
324985
268206
104240
191600
166963
335035
132023
284715
101360
136914
254893
258191
277523
114340
440577
296141
243381
242675
218620
208041
287286
165424
151719
100646
296781
326535
244863
333657
361139
336487
282718
318830
363706
362978
314529
354582
340402
362321
348780
137952
216481
116463
336015
388925
150125
330560
261971
267152
166456
210696
359853
161322
426525
233114
209754
276650
122148
117963
374123
166706
339333
118901
178079
244821
392496
120242
397957
304103
139524
192912
361689
418890
383365
419462
171074
354455
390995
163154
335284
397905
389730
280592
204276
112646
277251
452928
178966
193661
282681
274510
265837
235708
427556
265982
332514
120282
198726
208609
364708
292963
221362
415916
455875
298732
141400
267043
354241
419103
102835
286311
118602
214482
182423
281612
294925
287498
221164
419756
399512
185916
214396
443265
434370
286998
274716
161090
326032
362000
387495
104386
235281
205583
274576
108227
116467
192578
115895
139233
379213
115851
440779
109214
290347
249766
106028
403100
305435
161242
240216
122739
350426
181776
144244
255043
200660
234570
163762
280562
187102
159576
324666
391414
302394
241212
291210
257303
397598
367990
133327
185547
294419
374127
254744
257637
410366
163857
143547
412596
383788
401722
256762
271485
451861
308767
248900
125332
212764
377094
210477
297628
449784
213645
204951
237996
242176
404091
348130
385655
330871
432762
232479
163993
286505
404095
365655
138668
313187
402749
112338
140104
266136
258011
430331
177924
417127
223589
333355
161453
428501
360221
295833
300452
124411
366231
415066
398962
272525
161509
425798
370118
150114
447979
436289
181918
452018
406754
418414
240410
134220
400021
206373
217751
133512
392974
258797
163702
448382
281470
181708
270262
434201
230506
238283
102953
425184
389646
180929
300332
157521
399743
334437
140810
338104
331251
217631
412018
286531
366486
246804
321578
274879
354777
151178
273747
111335
162494
391087
403062
314544
367096
330456
172981
185860
346332
300609
213408
102945
142276
416754
264351
390381
453155
426201
241697
375415
273489
346716
454445
292006
314357
430777
120801
267339
356571
164895
149222
423774
208581
168563
314428
381864
446795
234672
161044
190531
314642
429870
239160
128819
435833
328279
166357
362677
275094
370818
398681
194344
386362
101470
435387
112078
173574
301420
448639
249526
265281
369806
203864
358454
266083
248266
164743
214794
136525
455072
285103
416032
294014
354461
428300
273934
428582
298945
212924
184418
421847
240739
414257
228080
424105
253629
158065
376830
114904
199547
395312
445516
420078
169443
100956
235031
207348
264313
377151
175167
431246
424037
328082
267817
342496
264105
307048
159681
318175
245516
370104
259824
344599
432012
143856
140875
456085
262426
130408
130332
198335
261080
119330
362958
184100
194442
242250
163600
413579
453224
224979
173568
303861
145648
438376
124449
354695
273906
363028
389257
315729
355111
368131
293341
350215
321793
189142
351963
109368
372363
304529
183001
197785
341586
414612
123478
162147
440925
227487
332441
264002
205047
228797
296549
393360
279432
261760
113416
148524
144827
388105
107199
447055
331041
183896
344281
106309
356789
190443
302090
397947
220340
280611
334411
191139
236245
425499
118609
345860
182961
123442
266754
449394
380085
182803
101695
417584
419845
208335
182288
309066
383725
340565
434641
261072
368597
302945
453887
113640
379030
363466
238684
132619
233121
227177
388140
316676
136979
406471
269957
364829
362483
215329
334146
298764
294050
250478
227185
126400
427337
274280
442142
333127
156920
336483
244743
407785
424581
244121
342727
239462
221303
177072
375554
176518
421029
383345
262253
445359
218907
450665
454056
346695
301624
339533
123897
229960
277774
163164
311076
446916
324200
131019
191692
230698
453120
452682
270980
204160
335575
314703
420575
344849
227849
389084
339865
106718
245228
226090
103291
327381
355252
289772
452575
163309
320390
404849
361670
179915
365086
146654
448653
282074
157259
316635
394990
133475
178309
374434
282186
138811
122628
197367
219016
221710
232139
268410
314652
314917
454587
249172
419062
272394
367355
367492
142726
396856
217012
407266
179367
421646
315976
328244
379297
157550
103802
421745
162699
404573
195492
239594
115357
324994
207820
273469
144488
339295
304553
241884
234991
234985
237850
373051
341346
286138
301136
294545
283723
103469
402344
316450
409881
365987
447625
106734
420442
260127
115729
145533
399610
267451
156198
361737
272025
171183
377343
241945
384366
302299
162514
296013
288742
128625
382316
132657
415631
187922
344081
123186
153639
332862
362847
281081
156579
207693
229630
270791
377359
334727
308466
137143
322081
269353
149939
350188
239326
427990
339825
274653
149749
142723
191836
297368
409246
326810
218778
239312
122613
406483
282635
379769
183326
448348
434882
204632
118637
122897
359786
354840
444670
383947
326626
292560
219343
276098
166915
429612
195400
351433
312805
111599
394650
123176
159815
456204
370686
152869
303846
330357
411816
416219
456088
317714
229943
163476
115136
266790
339785
159916
366481
103672
258755
278762
303406
275221
361240
402308
143544
332613
111943
278396
455977
451262
342187
132226
175311
167402
328302
107781
123747
358860
336807
359906
338342
279848
219924
379289
163834
122167
206274
280313
414529
450105
430491
116566
138397
137735
243602
166054
129432
102083
197304
286518
411505
311559
330107
181146
375637
309614
141106
340368
333347
121704
310271
108364
160072
258247
193214
289135
313884
382649
405235
231613
211148
452864
346182
180392
287126
218698
116852
428438
214760
430353
298685
189091
382292
163170
120275
207376
239670
365261
287071
326336
436072
294558
416961
419997
318564
179207
272271
208365
342671
398277
413286
152009
258481
210533
215631
377973
196519
115723
439360
123954
321473
137427
331555
253135
253714
162770
304558
440449
287585
318945
319523
412649
354123
434008
221826
362963
367704
223441
341248
110556
380156
299169
435347
292665
283511
161894
194227
434795
347235
318677
394874
274868
146407
149925
289214
269409
386061
208321
344669
272437
112607
303668
305760
253651
372734
110838
168948
197471
308092
439583
322661
302066
248340
173099
307332
405414
365681
108178
228363
307649
443394
255528
301616
428719
240323
315720
183351
192598
184308
315808
394478
131885
410127
222398
212118
233598
156940
391854
409844
267390
104544
141938
176211
355923
255439
390863
112261
120038
391636
352242
114059
177079
207267
192654
100714
184845
224496
279169
270228
352787
151892
405388
122007
249512
374584
243157
372284
134850
245787
143157
401373
166491
333654
299702
158778
331303
370314
324505
167463
224861
207192
420138
355064
326630
112894
194175
189870
254732
383670
204982
200764
252793
202544
393675
233647
382432
287364
155792
218583
116490
349818
349237
165354
199214
290507
214327
189218
242852
175126
172324
454145
351828
226601
348525
412795
370907
192314
176524
290954
152253
171556
445959
380755
172932
434587
106991
417563
202469
352744
134571
121244
309020
356283
187251
446314
400060
334972
343242
436667
450780
154297
309609
384470
348616
193419
281652
116725
130428
119971
237160
395449
317698
229843
437877
174345
174468
360229
102033
150575
383061
389452
272778
225383
354210
202973
215432
235671
450361
308451
365307
163211
330626
247421
350949
361777
302708
176791
356412
353313
234415
242805
135141
120128
225813
287974
434364
152284
185414
144545
342487
420040
143494
391736
191781
419912
429990
314217
300121
212066
214642
374667
262191
160818
411669
243811
453598
311336
359444
408093
114936
175583
221908
165189
426415
346907
149407
450018
454448
397546
143104
203616
287937
399714
160654
200531
274928
161867
299342
165464
355988
157672
122209
379171
226139
398345
418547
436929
268432
214961
373661
408284
234762
373344
349177
416784
224398
255208
110199
416534
380158
208906
172246
145219
290740
105674
454547
125816
331471
352541
387087
198838
142126
290375
389596
125947
145297
380272
167234
109753
446745
390401
168300
213800
136175
369516
323932
296985
308989
319655
179382
225497
139158
287316
303459
308314
187098
271114
380394
349495
411587
428069
218804
350044
314668
260175
437340
156734
272058
270193
205309
153794
364135
212071
263478
296117
302626
103991
365072
221499
395113
448644
167897
206853
395489
286046
125091
161229
446390
146339
421556
196308
407277
138824
293877
402665
221681
400008
171609
213472
362418
172121
155701
156908
385223
356884
196918
241147
377694
121659
164371
150276
203672
408922
312748
269111
409118
447042
184748
400281
450629
127379
352388
107440
310538
399584
331298
382011
353920
195331
251349
341242
103118
269634
191950
130561
274105
381996
296469
236571
406917
450746
233602
346151
338460
177596
278327
368357
146297
168019
197477
335583
310401
122345
319165
194992
258001
377413
176298
242368
205242
121167
343431
358697
447849
191697
329956
367422
250839
102250
259885
339568
301540
105042
415704
364101
261250
279829
334704
422087
348037
407260
446584
156154
413779
435642
300112
255739
377010
371873
188437
182084
437313
335757
258863
168950
195237
169732
333779
100186
314084
418446
154628
370610
206407
277890
197492
156922
323457
249773
262262
315226
183024
281429
365605
445042
372478
427549
124907
193109
262200
439732
293613
236385
294490
160009
342124
443747
420445
200150
361576
454370
358451
260355
339809
156471
254616
406283
170297
276292
196053
231657
247256
394483
330748
159540
416321
296492
216429
406425
157027
304918
303335
137961
151552
141538
188710
301592
302473
346846
206332
165503
231371
234085
399739
344914
136104
401084
185949
328378
368865
414872
419408
410793
308075
191334
176891
312485
110479
232058
332372
184794
296894
288688
373220
261706
135450
148154
285477
168709
291896
202340
120559
105661
285083
322279
311266
179920
145447
360048
288426
314022
195423
390219
286216
300026
331587
401250
258872
379231
383343
256696
311101
250858
197030
422140
291026
150171
308335
251967
144077
237733
210383
285848
302989
437231
435844
282030
346909
455109
169871
251986
218604
274698
129726
307681
110218
345236
195312
350734
230524
426204
349999
349181
346540
403517
132398
198661
185421
100500
379073
242032
213484
292685
383722
114484
211590
409385
102796
218180
450800
332858
377069
198006
429674
424796
408697
263551
272259
113580
324610
399957
234079
136905
269806
345170
182476
172909
266539
444655
357634
289025
333485
289038
315433
150156
168769
289217
103601
447800
320524
421619
262358
400766
228913
343088
144915
361163
225446
135654
374671
418058
324021
269199
370318
338051
324776
127647
224637
304331
320646
255399
370821
155564
152198
367659
304410
418425
161455
365753
124626
188743
286823
229639
137552
124582
188231
418878
381415
147977
317916
438997
211996
382345
339136
259930
151764
296767
101076
178822
448547
114031
121231
219650
316430
340727
284350
171440
379631
246867
216991
270358
249944
393807
250872
363108
198338
265726
213384
294820
395024
269164
338728
384615
211268
214899
446034
385875
162927
180668
185817
349003
120313
349763
361878
413394
325038
379880
278676
386637
390799
129346
316106
283194
130963
405473
164560
359967
222512
442784
251533
447617
417045
296773
227095
138541
247197
427190
339200
131280
323028
183300
454267
416008
358923
188305
163539
275444
354343
172786
366135
415009
342218
156366
430043
214057
189973
215967
272901
446805
277511
106962
302257
165667
211737
128174
341240
326642
420944
407420
394759
338736
259091
396097
145414
305671
231230
444937
292466
357502
287663
151316
123949
315063
160487
431919
143249
215222
361882
205540
230609
364612
165820
124975
138297
417665
249723
297567
344170
277747
287237
369771
379828
373718
278263
227034
394913
155067
433961
352949
198817
294170
319113
156330
179968
195228
378702
286900
143111
284234
332420
267256
166853
284510
218836
318815
437384
336107
114508
372158
306167
219225
129542
198770
207939
235629
326312
240173
409534
434330
416339
136053
324546
407837
323519
423899
196108
137933
104748
452241
287160
455727
414738
217275
302439
233391
108772
216360
212190
238277
439716
213412
278271
226419
450935
420686
147835
377048
447383
101201
455238
172236
337843
340904
127521
225841
414053
154543
321612
186350
305186
158450
243556
359286
289736
111460
333285
157527
382371
113381
192437
359650
137136
212538
304894
382166
411490
366479
298743
353266
379925
419948
256201
314272
145714
123235
139696
350303
259011
316817
194203
294877
223033
328928
210159
147757
250067
184560
323581
246446
203405
385960
229834
364127
368349
387529
223671
305836
126853
215133
202677
240982
269812
347397
262941
218894
362596
178230
303280
351710
404281
267897
266901
427087
103889
305097
197293
252432
434695
359738
406731
396810
211368
178676
327282
193257
281370
166864
380343
121240
201764
427736
428369
271042
383271
239189
201523
272993
100827
167414
293580
184572
200265
358139
245021
367099
237174
107822
136167
206787
154024
359151
252258
275472
165007
452243
208665
406303
226143
200848
453546
396576
109954
238297
105880
273760
135035
293452
175422
104317
172407
190796
184607
141591
133453
193526
122048
353196
314235
249868
259150
407119
166359
210768
287017
146528
436977
415794
201391
170250
287855
324282
121703
453028
382585
205941
387307
281859
244747
445229
133831
293587
436920
172218
353383
289721
347926
417147
438082
355943
175252
157417
330327
189283
242750
302931
160068
443195
416143
330247
189030
399102
305568
354354
379183
220995
194038
188444
177929
369377
213306
400211
114514
229801
134422
438132
275177
376900
385461
283152
209786
241909
140074
372009
334480
188450
190635
285919
352887
301597
335772
328350
357090
400348
352165
365548
418516
363567
422601
183671
121036
439176
110790
390397
363648
365640
329574
280131
201965
426110
350029
444101
235765
215314
433971
168146
135944
113054
167552
159355
314584
236113
286049
403857
273417
144674
354873
381132
208291
353770
142815
388519
373362
344767
213107
196452
228036
293145
145611
295732
131561
100060
219412
197727
104021
239369
166667
292105
184124
381148
124749
335562
108214
316728
201235
361437
141424
178779
204750
357614
438507
133681
449999
400873
406506
255140
204721
236926
249001
334242
396386
129086
144736
301856
397342
176885
406169
215355
149486
412035
118156
130554
242954
262484
411835
423956
132472
233923
163610
214247
350523
179484
232601
175754
154608
174783
419396
444232
392434
179999
200474
399614
365423
176249
246222
111100
430462
193305
435399
402110
194453
405078
420818
135171
277666
182698
212355
120093
387339
338848
383245
337921
179014
305281
253901
112074
350221
327131
155197
248284
427293
254270
159592
177998
286087
310515
252414
391200
394057
270762
309110
285536
237114
273164
209473
383363
240532
102135
386621
181090
311195
152162
154935
413175
353908
272284
162865
123327
149462
346889
115292
150454
197537
196350
297826
145670
133735
190759
332189
453282
450236
260952
148902
300805
195259
166742
186721
333775
373520
341804
239402
150908
120259
393261
353656
148056
252600
145411
382252
204185
164397
239046
196982
445224
114628
292991
285963
289395
357357
199559
208630
137229
410866
452027
177197
430106
162751
208990
197315
182690
269343
130224
356966
412114
165324
437471
337703
182424
179046
156241
329215
135592
192719
298900
241021
208284
172014
306681
396075
377621
261090
173661
225291
279696
358329
322861
201458
157659
321647
109434
230263
137256
164748
419383
110112
215281
443682
369040
125126
289553
378152
277835
193682
358355
166109
162892
229902
162300
196195
307379
263677
205707
118767
248498
268313
440288
362845
106945
295770
400494
376528
118105
103646
155559
133477
331516
192115
451106
337349
339577
224878
191352
190119
427679
154150
451796
451139
206847
437603
367145
247609
177908
369269
360309
323378
140871
445149
188911
445303
357344
260648
345737
307030
190256
132705
411965
147326
276917
254423
295540
287743
444238
359628
387983
456003
249107
176243
451137
228526
410643
200226
304026
203568
190632
408858
212830
448771
115107
366648
131156
319510
254903
357055
175929
103845
163364
418627
188909
135167
442625
329711
307900
215450
387458
174204
126426
265853
185179
393251
221167
268663
134077
157628
210831
390750
108179
387650
119669
245018
280200
164847
151918
326556
230980
120417
102875
321724
406472
322429
422026
141473
146152
414874
421575
117517
450067
161198
303659
198805
191911
347155
435384
250192
296826
397321
436039
398176
323726
126837
209179
306843
301042
403727
123054
127543
299179
262740
142056
423559
107194
247337
184850
215602
455398
159764
379557
281486
421561
368647
185116
324583
317343
419900
149895
451715
351778
133023
372155
275532
341479
158607
186882
297509
177295
124180
252001
410802
317932
404955
206778
209511
360005
345575
258115
198735
420965
187135
391535
195759
153385
154828
323804
201921
444680
258796
243400
442291
317405
190197
132388
238834
173698
171286
418711
377422
299926
133677
417219
350730
413727
354300
416053
120409
195362
105363
306621
203490
334342
423849
444111
141766
146544
274265
452377
211760
399961
293446
396917
168700
326227
382639
113961
370267
107720
432950
346835
333236
322526
390694
140329
377582
205015
437764
273739
265147
221176
135726
119482
298846
234800
162791
171850
406312
384074
248025
341521
133833
101917
189072
238427
331594
337828
369605
308461
295322
204775
380712
356037
281567
406652
239435
243171
273509
270445
450625
286211
172915
184352
138136
225161
128538
249562
208287
260674
386017
183639
231355
336480
184377
260452
143327
204058
101929
298199
269876
261561
240429
341869
172671
361512
268868
206826
409014
316868
159032
141509
253397
306954
230951
380663
206767
105495
385330
372604
422973
295944
198290
176900
277309
101019
165116
331380
109729
172763
166903
218929
134870
214689
355609
432861
219457
412384
119040
363637
436702
138270
445703
226870
182996
209712
400812
104137
237159
368015
313279
132640
351883
229187
446045
153415
368907
376996
140492
230859
324047
101856
255069
345579
120906
360749
134920
426317
175041
278916
328652
210679
342572
288962
213291
312652
410353
453631
318066
173597
282008
111085
277850
121684
436690
322755
323513
238315
333532
228446
448626
150181
393253
222108
410028
402178
428514
407958
210462
204620
128689
332768
118604
288651
134931
209199
406844
333739
378441
153300
424345
273221
164548
385981
334542
222440
390328
393280
356374
405003
405591
276545
189032
362922
147304
192503
243636
350431
433263
311525
404591
210673
270330
407810
344933
208758
349130
216886
419679
277938
367101
325542
168851
436695
350802
375804
348928
384283
162073
103530
419284
372225
155029
401883
235206
413218
286099
211679
341476
317754
349291
113460
194838
363639
432827
129039
135183
327923
213455
296211
207124
400116
134727
177346
287396
382623
425267
212685
304706
407440
275616
303320
107851
353811
111352
415157
367450
190642
451758
150410
410487
219648
318545
294622
335979
136177
446480
194289
106207
200610
184535
320097
266695
233443
174315
328198
158521
124773
436778
415961
164338
373441
258399
298585
378638
415513
322182
249580
343879
179532
397362
424585
386397
364446
217762
133529
308515
281698
390644
333833
303372
173256
237730
381017
421407
388496
265004
132603
122664
202226
173429
276765
183250
208680
166433
114422
151962
308512
326354
244668
382549
440161
285940
385435
235290
107568
152281
216021
223216
131200
444700
224976
232386
196665
396618
229872
257008
259654
331637
317740
229322
314965
418065
264320
273431
305821
446951
122579
406021
145413
404898
208725
113687
251998
300893
208025
409304
302711
237375
402191
119888
342687
404349
260499
182316
307547
309350
157373
390008
195888
111029
166073
132979
174769
436990
165258
176033
438218
437537
240558
429586
128079
310704
156619
358423
227489
448136
262545
285934
280390
325486
147051
253391
123899
147617
371800
296442
194767
167906
138550
272862
424499
448699
231033
439739
399590
288147
377465
123033
299244
131736
221170
287051
251070
385541
292695
247671
310636
308472
397693
293270
238011
437939
217914
194524
174550
270428
397298
214979
372496
350217
391265
315419
172782
115045
219833
369443
215642
274753
394202
235500
319920
111166
434563
200562
189721
255955
290822
239076
214841
450678
320300
376472
358463
135693
369635
318602
118785
437125
275241
395094
367719
434762
372944
162472
206558
385263
300333
246306
125440
254542
251068
282367
293825
310597
305877
372198
287258
423419
130913
204291
252291
345147
111611
227037
392976
264041
130014
291743
380593
419203
215165
196288
353892
199450
348357
451479
335224
428939
147090
146692
117644
142835
426614
345009
247375
260085
371559
151134
299970
380888
450171
198992
329909
186007
454115
179488
214053
237425
291254
202248
228118
396951
124445
170690
329864
358039
367940
151776
322613
234263
361659
184359
256867
312938
337794
392795
353309
135558
429392
423162
130163
208731
244847
142443
428643
114166
325698
414778
124437
267231
261469
215060
107428
371405
118230
161830
178907
227529
119833
304586
257415
328093
107634
363169
265828
315326
205755
107469
106190
193523
232873
202715
160377
137302
403086
207543
202979
208375
402605
439694
354395
271532
259465
383534
138316
146123
205698
104762
142467
289581
164084
122138
144637
404624
341982
148182
418209
122016
184180
258414
243450
106830
374266
357733
292896
325083
174786
230319
410171
157828
301011
116866
435951
405246
422864
402683
379662
373367
357448
275876
455338
280740
270485
294253
389683
404368
264910
425721
364896
299364
286759
428865
354831
215176
220571
376573
411830
135125
155523
301334
390339
267481
354175
308493
268463
184281
433852
171651
352833
285677
276499
353596
209861
340643
147041
132533
228784
162536
136815
239187
206195
304886
133970
438648
101098
390115
269746
265564
373245
320413
316442
403051
418244
245123
257276
253415
263375
427995
433520
170415
209190
209316
216601
416959
400786
391370
135391
329632
402142
284734
353666
303348
150284
241618
155277
134383
258164
118399
330401
241206
444156
348582
318541
330543
447679
329549
180608
234894
354988
362815
120910
276864
170743
228957
384441
132734
449121
411188
107067
399177
115881
238683
101559
178041
111863
400699
353402
113963
385072
371253
295847
394056
108452
208622
228625
366379
240950
199317
345336
354150
315570
451129
327409
234139
222835
190811
157272
282619
352716
430242
244497
311667
338756
121976
188469
386608
111216
200804
155434
102349
252619
134650
299971
451114
176215
322133
156015
355351
243663
329813
262606
228952
286876
210722
241196
146353
400230
300663
317919
212925
444807
355149
398950
255222
296412
448061
233208
284550
107365
213616
288691
433291
207467
160952
257530
337235
276600
360581
170502
110727
393458
193493
425321
419899
293248
397538
327089
319482
196302
107592
448044
260736
244414
372053
117479
260944
205165
147376
452997
135696
158936
361006
360596
439929
302083
174298
149813
190536
419728
276037
217486
270352
123797
262899
220679
378216
346950
119613
389284
369197
329707
313500
440194
217363
130745
371337
109488
345879
225360
150047
270851
195942
116522
130028
239464
433700
121397
187617
341106
368122
422739
342385
317054
233017
444940
125237
115828
120920
282213
145534
181252
216342
142863
376692
422943
385322
310250
241057
419301
414921
191563
103342
399270
267613
220448
440166
102829
121048
412158
177243
314370
248459
353971
261808
192614
418590
264840
216127
341528
328332
452231
270305
323346
363125
262080
455734
304339
407115
312371
289876
390884
376749
218050
156112
272154
410128
208307
445204
320727
220865
446324
232353
405403
403805
270960
290313
162738
261343
381910
142352
145466
351139
108017
291503
168345
305395
405467
291422
211591
223856
307563
284558
432232
356314
405707
160390
224276
191106
193337
382200
319739
430701
299070
189900
297670
383124
359630
405052
197476
346458
298978
127360
163923
360519
267947
204842
189048
430082
374545
412492
332938
271737
426613
133432
393729
448928
198688
358006
318966
298369
124012
413907
418925
243725
375011
171969
426237
273179
311793
254721
154970
335057
286184
415246
214416
254363
216926
180249
113606
301712
219430
397652
167510
423523
421700
267914
405553
181310
123968
411806
244415
369208
150022
385533
264988
422960
426526
385745
293202
163017
354658
144487
215275
266458
238228
301959
285923
416694
104210
144668
110704
257433
386688
274918
299221
198623
159757
259554
152276
353281
169407
430352
213866
109809
208407
305464
221178
351395
252084
329528
412607
381221
171414
286910
303919
217325
149373
107810
447085
135794
165842
434097
320183
108008
230672
237138
378930
300264
126017
211955
225684
229866
337290
223732
135773
240765
424417
251887
274781
440500
179459
391603
137130
312899
238613
349900
338010
107663
351321
410374
375803
384254
247833
346731
405281
395945
228346
310086
136486
341210
261657
188150
212868
344686
288536
262185
211490
110307
148008
144959
170495
210245
309076
107885
295579
441555
276418
323842
214598
157436
299274
189169
186529
232394
440361
453678
378271
349485
166735
117672
219020
440034
455699
184064
176568
168088
119548
308843
145918
278692
133052
351905
174473
404014
443303
394768
361088
216783
134759
234824
436076
209222
162296
272649
410844
137226
250162
398412
380533
101391
213992
352014
298910
405604
162525
433400
259712
126298
315442
375949
253359
384602
168102
331832
189077
145365
379719
390987
450128
268406
443395
335633
176036
295656
278162
114120
132903
161330
344421
255407
310862
390606
431980
345040
438014
358032
253334
301453
178089
225619
276491
124955
100859
281541
262136
329862
213594
333915
350610
414020
189141
100852
172769
210221
104488
230664
328882
132200
265230
429072
185355
142221
202684
216252
338541
306975
215455
178658
405777
185135
454067
228546
258456
150579
227250
212423
421485
188427
335359
228674
410481
444443
273561
372210
363088
225418
235374
414145
266249
274620
353630
166333
439752
304807
330408
111209
181018
169764
304939
442171
318417
407962
222497
437956
178683
302658
375770
234319
198811
354623
408395
314842
223705
109533
316960
337341
423787
139280
206420
369360
162645
233434
399632
340918
286307
379757
262891
189802
346608
403995
395587
112447
146769
454397
218434
192795
422790
349258
123692
265719
233488
405176
276881
198165
342004
133026
277436
290571
253977
413902
421709
139879
376697
373583
181155
338869
270827
133711
343731
413926
347679
224728
452448
299600
150411
440008
425606
441139
355159
274096
409144
171445
212809
203507
325042
322399
178488
279131
139205
207555
167023
136954
176520
344908
371031
346381
149768
120159
212519
208625
372830
125413
291139
104312
322913
201380
139957
291431
319422
230229
421477
341555
262715
182176
342095
201473
102239
340970
326308
400877
328862
446934
199460
425015
240843
207807
304115
437861
392996
162440
197617
234818
408720
299623
226585
234118
255725
207222
146430
115979
370450
126404
290445
441506
269616
422027
361128
139282
137566
137296
112560
211188
391468
250766
146939
252040
353986
158644
455172
439495
213350
350803
244946
296777
306867
347382
442951
344942
272900
246139
355915
281212
229799
114330
238768
206918
146884
176651
153989
414258
182590
214521
376400
212772
172318
165851
204306
231000
353810
340370
329657
292976
190032
350024
189626
140403
437481
286097
419962
125291
102776
306375
279322
306987
195969
145702
235154
204443
364295
203763
126557
415034
341558
421011
100879
364247
128574
448487
402306
152483
132010
205853
181092
114083
153464
363927
431937
407056
227170
424706
130161
321977
392584
435948
259798
258542
231884
298466
415802
289879
228900
304254
132448
299490
159942
383424
174855
174888
102265
346226
158728
295592
104157
179231
371748
415887
317309
192306
145595
271050
292211
244397
248898
246245
307647
276850
265729
425742
287928
401579
444187
142903
113928
286252
440351
148790
362805
229244
440700
139232
200751
265557
322417
170017
382596
128506
126128
280392
113034
423801
281029
307999
206515
332731
205050
144960
231901
291942
163644
377135
119517
121964
129272
194799
330618
178761
142681
174796
224506
172394
133194
380159
209068
234289
430611
418150
413585
393745
290230
250410
144558
322252
412843
334444
147331
313269
282728
196593
202501
161078
139080
143887
252012
133131
350786
350573
416547
152348
343208
386949
301435
367391
358928
316239
173015
260372
436138
191234
427743
294591
211226
369956
337695
396639
312656
447648
279190
111274
324500
182152
122008
341599
429762
227798
359614
384911
400283
173457
282907
443859
411086
440809
435502
276812
352091
237406
273703
339870
357640
364116
406637
362948
448689
285515
181043
269094
250074
131883
227677
320198
170836
107300
296674
270081
397266
258413
166624
435616
299549
253187
376559
151163
337624
369393
296303
273531
410623
197085
246666
253323
168364
115511
155148
106917
136086
232503
390517
354753
217340
176130
236000
384026
231709
430275
353826
179658
136513
308983
264730
158233
292050
246044
302079
197596
283808
389935
195973
136315
158565
221517
117205
344171
161013
207443
209779
193107
449737
247765
169936
229873
305102
143572
449332
254694
333391
332937
350373
243165
196480
338814
248889
154401
139376
329295
439857
279014
154278
453131
316485
116617
280649
307835
162303
282780
195487
246288
366753
427358
455472
308598
162963
420098
232281
107397
207379
374066
388158
313801
407402
416004
324628
394114
211917
379615
117035
262825
333124
171453
152431
131751
408783
428479
332118
156887
231741
455901
411946
202398
148760
133507
253887
146084
329456
324819
303582
236613
269565
136075
306761
415476
392334
148884
131225
323265
271983
351257
249182
277837
323899
237297
184396
306394
122650
302465
183525
355168
336998
427980
227867
383185
423877
416817
266086
169451
232111
249441
335936
433136
265610
358369
382673
434329
417314
341903
166917
375326
113145
401432
116320
222786
291071
171134
258483
149276
223889
398506
294325
445702
366773
329560
195510
131465
321687
357483
429009
257709
375233
220191
168429
401134
166945
398981
440977
391098
241243
133137
395219
218641
343649
195274
429146
374363
454520
392932
301674
105185
187957
182976
153665
354405
160557
110485
138073
419036
388286
271613
449324
209394
443003
107328
156531
370147
163111
249394
239210
267170
312594
391234
433902
393461
350315
263653
270879
343741
209482
355156
257996
247094
276090
444482
271066
136492
250832
275709
426091
425743
321692
242578
183908
125232
455410
200902
351881
393352
198489
185297
429917
270093
436100
452970
408253
151582
179498
213944
316487
281778
238243
380141
376561
365647
348410
160270
140003
346128
368498
453927
284723
313238
208313
369830
299390
199569
338711
139988
345837
391907
202560
330263
125683
349089
198548
446365
260414
117747
417921
443844
202427
324031
407787
416299
403359
399922
246378
218566
130686
187195
149846
309300
276045
448205
218356
282515
202081
355290
158685
206748
329443
242922
436305
223346
142509
198781
202326
298857
314874
132184
316238
187277
115464
334116
270923
363001
121164
360981
200708
216057
376866
408860
233048
407023
323561
132379
303555
233977
158428
324117
301488
265832
220274
391712
380087
265904
346742
107536
244229
141404
226287
129767
101947
137126
411406
184513
416164
376621
257604
338733
395117
234767
159019
315835
302861
445653
395540
372497
443178
291243
397004
395543
409568
284161
100456
420110
151820
325110
353026
435401
276952
187419
255271
278010
116528
287993
431147
453922
404374
114708
382728
351492
408538
252161
352332
188341
318751
447099
403877
144977
244835
327963
331381
399036
214218
212700
387252
238116
202590
442474
179887
398211
119145
253396
402871
120401
248324
161792
448161
194072
441005
279332
427500
244207
396394
158056
264851
111812
419944
204107
243254
123706
185224
128310
278433
194299
265887
154621
149287
392134
368613
160268
426476
435780
327955
373700
326153
117447
404218
439411
285943
160726
137839
255023
368716
336961
285443
362324
159871
143252
217552
302867
380669
313200
167250
362098
292565
421074
395596
343646
448620
436852
356119
218408
400560
252139
397469
184113
450364
413120
404292
140102
161899
365810
286408
120461
195638
355412
176221
247999
330036
210345
122781
395542
258812
174441
426069
112641
328412
238645
158363
305454
447919
305657
167047
440556
420185
445209
262626
302371
414029
229815
180461
350299
449751
267645
290799
188692
131175
300748
265484
420307
437728
446074
413849
428160
435933
441357
218560
379741
292159
124992
170264
314229
248312
143854
220089
147680
188930
179293
325419
301838
376597
230162
405948
269593
105527
373920
437985
263496
302055
107789
313016
135757
126885
194507
426440
313577
440299
352877
420213
416334
157111
363698
196560
297034
278626
133903
404052
314352
148757
195654
418419
371220
345933
141790
303456
124509
282523
334226
306519
352251
276170
168780
414094
442836
429166
149742
205192
148620
184623
248595
294895
322795
294778
402398
415215
180366
145384
342708
370707
433167
154358
378954
209082
248091
252808
106023
114891
299846
400753
394619
168672
164424
394244
228601
259417
232833
114472
213474
362964
105381
158337
182810
284174
316794
111000
317321
227011
338360
175741
373487
452040
264866
450378
152203
110899
174016
416389
364822
246032
411265
385513
200272
240252
416395
398808
278456
332461
307386
203668
235613
150122
310000
438213
118192
261347
195161
112606
186511
429268
349746
110287
273447
297652
352433
454068
147585
415171
110369
367452
245354
240184
176576
446467
366019
158510
241987
291583
260180
299469
164625
191787
153436
311452
177437
204188
277178
297140
105106
172938
418756
398339
296420
278589
391512
110003
237448
205748
169217
263329
382773
230717
269398
291613
206608
141259
370347
316753
143071
195483
208503
143441
448237
154155
325619
383344
378126
170485
351729
206104
391272
158922
111607
123246
368640
354706
180170
435105
325695
313024
190165
437267
301649
376009
305911
307330
373082
356604
329937
412779
276458
412003
355642
161092
339040
214226
343586
426400
399894
252173
107024
422290
249027
317934
375162
212537
368328
264229
424967
164635
351621
235032
407653
324473
111538
327043
101116
315697
255611
267278
191725
115811
356691
322115
197163
432587
313541
263863
413064
399356
253645
447110
266628
378555
246688
190508
190649
230666
189970
184865
265549
316199
165016
198380
356823
249164
150189
317361
122312
330753
129795
392064
139993
190576
337618
415139
245981
424980
119193
326729
129947
323627
279348
377347
180376
218500
271380
160906
198742
345099
357609
354632
231052
234658
415219
316528
195913
345426
148043
351015
308558
167456
233768
362026
291214
440056
126758
327402
245075
229725
140180
440722
300100
224559
455419
449669
106504
312087
174731
131986
142213
289483
156780
239389
418787
304785
406661
420093
178403
151740
334667
364881
430888
355593
427016
164516
426669
435037
305936
328850
154791
289140
355686
452711
146700
260225
249281
169856
259520
273976
219857
438072
247934
133112
135159
222669
128410
243366
176972
108523
437061
397733
216369
106050
267570
109847
182679
348028
409459
272166
447541
403257
396152
114451
420154
279651
181493
145604
331108
288484
246759
180481
426924
371254
393217
358290
161008
350982
435869
203892
124770
366826
101489
133267
251499
156159
443735
442920
343278
272407
138669
120846
273743
450892
391100
426493
146965
391460
455190
282058
107728
141757
140510
379678
422718
159157
412460
230887
133599
286443
234185
440855
355523
300189
365737
283119
422745
395254
423588
198911
228264
209459
185477
410326
154774
165561
171031
187231
378142
337225
339678
210883
347432
113610
388013
353643
245469
432683
375561
386162
335984
266423
438972
144540
383289
423291
409211
356678
214348
294145
288557
287216
202098
402154
194916
291093
263630
149419
217310
451985
215647
376653
129559
203577
439494
354254
194697
157501
363897
354867
323498
201229
304697
317008
329036
245788
371588
168081
436926
128105
395128
137941
283902
192965
263036
266147
341299
257378
321005
156061
353250
364018
257699
120656
413889
409236
207565
276739
117541
354308
326683
177602
262600
425131
145823
156873
315415
280521
347275
222604
200159
341174
337882
245472
170597
442437
150792
369017
241315
306826
372722
297068
402469
433594
217406
367431
107403
410449
393383
223162
423036
387426
385050
194815
403150
386387
224481
259113
426726
374797
165745
448866
240141
394601
154596
112087
322914
197271
109360
180817
454045
162295
344877
284677
214246
125636
192449
323482
307446
179057
289894
449365
317049
340075
329141
355501
139471
392947
282610
324292
454585
111461
159123
202827
253802
359821
133873
438854
330766
282707
306503
440495
161478
352588
324543
196705
145449
367902
250053
240182
389865
387455
301633
377375
149995
284623
223731
225172
182911
195092
335043
150725
418076
241966
254146
283592
395912
371602
198565
157473
145496
130754
448670
112952
155764
364551
249004
303228
329513
128875
194639
336113
250464
323064
237051
296958
228454
124858
135397
194541
450349
201722
328338
195375
224038
420586
231784
320626
135712
184987
312235
399204
140653
286336
225885
145619
199849
165984
448268
156046
178007
185784
380674
422347
349169
249350
102669
107716
265020
398056
243360
326082
442314
331149
132701
282622
252392
114732
171124
215264
300116
204516
301368
300739
259342
114305
129245
183081
251653
264788
391940
373574
117569
191422
344273
215311
218578
329661
385974
412392
307187
133561
406497
409037
387532
138861
224299
267940
121092
289197
255209
434770
168250
250388
169744
345200
188372
355596
143332
205653
235043
136455
242179
442598
432836
269316
100192
452525
441673
356157
139086
430926
284784
220199
142149
375652
227812
430234
162708
311454
439531
394711
202711
153564
198961
322173
416737
123241
454311
378083
364540
244022
178844
391349
332146
385292
142519
397846
204300
185141
263844
333138
128106
352510
360325
440169
441861
415518
325372
392400
202375
273438
102133
294426
264657
331884
232396
141242
397267
180725
402797
225089
256248
346935
431808
434717
309216
177926
347398
127979
326664
405545
117053
341499
207223
358927
359762
386091
440568
136781
342459
354853
196528
161635
143223
191858
153787
413567
248611
204507
330701
255597
314792
231345
219700
134533
162981
270091
350467
123193
355000
131120
414723
337245
397363
448375
406529
212256
396062
296602
404143
153111
187810
382402
383232
226973
165788
139860
277647
395378
445271
187379
405920
115944
137738
218336
162371
444031
388165
168495
362997
350546
101931
215444
244285
299216
368558
259327
378858
135277
112168
327613
323299
358568
443753
282468
157791
360735
449172
206815
118799
113237
144895
350232
215676
171427
404713
447690
113639
125853
186311
388366
144865
313261
220342
139964
400383
413837
232257
231609
276102
352549
136870
323708
439961
302416
189273
228409
376947
308217
243759
381888
239502
404589
391282
119221
304059
193175
171513
273385
191457
351021
154132
412300
164067
419484
114822
435575
230541
363878
211769
196287
105506
315829
421468
306752
434890
381380
274740
379916
430746
162471
145020
427688
110614
322715
433907
143284
402438
290819
383339
215891
160184
242625
380285
359052
214823
116767
269825
123314
391011
345667
107612
411520
179874
143906
390499
395606
438281
254592
273989
414342
454450
449752
242823
433942
407616
416948
423332
290895
133313
444822
239745
182909
167929
251526
408924
246825
321513
165795
399308
355690
242101
428489
329128
395255
271840
231948
187126
406822
193521
161134
343721
271053
335277
142296
200908
411202
201121
445812
225945
293924
270889
152234
434488
356979
431270
191865
184498
127800
152761
397913
392569
359698
300509
445473
317759
295143
208494
220936
105416
348189
365521
292730
329624
207653
329424
209415
363472
282976
436316
390311
325847
405204
301359
372538
189271
336526
151240
159194
390737
320848
277937
242198
107480
400035
133613
351191
350837
195825
281838
265502
203766
379265
346415
390956
302327
285152
241249
261470
225527
250277
361844
359279
221317
105826
116715
333769
167042
206554
357821
361748
111746
218971
431486
402003
438130
307393
413854
227958
139940
144788
423689
339607
111044
143280
308851
317781
192117
305143
138605
115148
108000
430138
337220
175084
136025
230502
152000
372910
430024
181390
190880
454064
419264
259631
338439
335571
179087
239241
134006
202635
314449
136447
307884
317235
188837
349833
416407
210837
426917
157797
161773
375380
195934
191829
359674
198153
337964
262088
311284
311433
263327
387941
347468
451266
336857
373457
341718
406592
217820
220209
132158
259959
280293
363686
125567
346487
392381
102348
156162
130173
218807
298988
371416
383065
155391
441960
242422
243934
353130
399945
139796
191980
271982
405109
326653
198570
447643
252421
183617
110389
298887
446884
243956
348609
297884
425140
147923
186318
263183
342531
249119
274834
220152
311467
263817
445618
149936
231259
356975
417211
131662
360542
269412
249378
428500
371453
161310
185411
150526
149550
105259
143222
417477
110426
381788
419339
263934
413102
353148
407621
336579
454882
129335
404053
231435
273649
274851
103745
223374
317031
193592
149545
162944
399159
421442
350634
177634
351019
138241
167472
342778
110808
280198
223251
289411
446276
444095
233521
348530
407643
170479
205928
115819
427693
175546
342740
398442
192916
211838
400778
108546
246043
305490
195805
303535
259443
128401
442077
360559
265210
332115
344537
204915
432704
199587
448144
370175
175218
272472
346293
399993
280796
201034
179409
225539
328168
151048
157534
249283
308545
377466
288096
269901
369677
305192
292952
345272
441446
203091
362760
126146
182416
395766
345723
170024
116689
172850
349256
451764
262872
285046
448780
366739
274522
401585
416668
331117
430547
390127
292210
422186
429529
160639
263706
287170
274677
340621
293786
217622
356522
428042
426514
295244
316492
131627
246205
314503
204519
202126
346060
104876
356521
242311
214502
159662
239621
307919
412606
339863
409523
150364
247319
115730
317401
421992
102325
323460
137224
148083
256013
251573
375385
266762
449767
121550
327353
378593
222993
337675
366335
231597
406166
215903
282983
210109
175487
163739
234328
178661
453417
369368
408302
345914
110503
274372
448553
385662
254774
377346
279915
371497
341750
118328
129918
396417
371095
408303
265128
383562
364256
369934
270226
232678
350175
230282
447663
338637
212534
224433
423342
323527
213429
161992
209287
161349
140973
283207
221061
336591
145194
237589
167927
322055
303138
234534
211830
188229
147593
185324
449393
418075
425828
307775
342603
171352
402804
103114
218690
277239
350815
189533
371620
166339
369111
159864
381357
436851
253820
146462
411154
121102
283577
258815
142062
207242
453786
139250
159923
125899
286589
302539
442061
107407
281491
206829
390619
443529
254360
303617
145945
372340
437806
226166
228646
253490
274169
304733
287831
294968
369459
157451
402756
377652
202592
280555
340825
225253
263942
408203
123481
187331
240030
311149
331458
370015
395160
347977
161565
390246
396819
204277
134288
328396
267306
180232
374580
422994
391824
251801
336401
447450
332717
346658
399552
274272
120904
210297
108182
336515
390562
311531
105155
266274
324682
342344
314391
369518
248896
234750
236724
443278
251502
137145
400650
223306
330703
344076
213070
274809
226703
142346
216930
391899
333835
390844
103313
274838
308770
358132
449128
415018
231180
442514
400945
260972
422270
380794
351097
421126
116028
187407
412828
210813
420409
332891
338379
360854
155635
225407
337283
345028
273445
352666
439333
434039
408239
108297
147905
127895
119631
121153
103344
354492
200922
295364
286254
432914
229345
138191
250680
272039
347075
369924
220927
393495
184241
273731
139589
127945
218109
388902
415099
215163
218745
254366
313217
175150
143949
450224
140315
286616
164594
325532
287971
427470
266190
434686
243803
144954
204299
137579
374992
300979
206278
232817
300185
141641
320990
418264
147214
197391
165594
209219
439085
441844
330086
253680
220398
180870
372283
182410
269025
440114
351302
453001
254124
199260
214013
424390
374367
432382
178102
289426
155598
273032
254831
401960
403311
392144
286051
277870
392689
199787
276609
246331
307957
398636
334308
262975
253948
160196
344467
360031
113166
348206
368386
425494
353829
275914
318394
348825
422901
145509
363991
261663
295366
362600
223915
396376
158986
293573
120031
403482
337332
274066
347704
446864
115906
424896
235339
257936
101723
375892
338699
140498
382567
398551
415592
318151
285294
103086
440586
205511
272016
100864
366869
447981
323186
215668
452162
172673
277910
380484
423096
303876
172917
331915
331696
366090
381084
143600
432819
242713
357538
351886
197599
240673
353653
273383
140526
206105
166322
442340
187618
216488
393071
442860
363304
401875
345409
250356
405597
288895
166763
436939
204069
225815
153837
285484
133148
344530
357663
208364
352758
236088
130436
346773
369630
380126
305396
166392
219855
346925
336475
175696
373376
229629
409473
313022
432990
175740
322160
341730
235969
165590
318221
170204
152293
315353
369037
143387
289683
139247
269769
223532
315859
303699
446762
304816
156615
412819
142406
256021
389430
389163
161103
228945
393752
127131
346518
279170
225987
203112
256739
194606
444949
102586
248802
256495
376262
142764
421314
253713
177549
429411
439401
205558
263125
399386
117964
150430
383177
205762
172025
198913
416836
285997
118833
117393
138434
206596
252504
252445
188524
154605
439667
118433
373352
219417
397013
425575
236824
349684
245210
264205
215070
321655
311137
182689
405115
185945
177091
183253
286223
296439
226995
267482
397117
277130
291494
349862
218587
342246
249411
131520
396690
389053
319784
184891
291079
275102
265915
110962
191398
159954
446345
178514
103538
323798
422903
213324
275907
218189
245038
430898
191872
358741
166226
430667
374165
256799
337538
365838
149616
275703
399003
108949
204136
411878
388715
253575
173135
102705
148733
177819
140241
258695
419384
202264
241424
441390
419650
443954
144480
180857
214112
284586
115526
165062
375042
165485
210282
348458
130546
312244
427192
414215
370145
241120
360841
449589
182076
256454
360060
210473
226886
389029
146845
449934
193990
124125
268679
414948
153340
189841
347218
278624
335788
454088
220674
151495
344691
200458
145783
193412
111875
198222
425978
386492
174879
108241
225033
167780
398846
338205
276115
241967
160882
204419
156101
158331
407713
229274
149602
428655
305069
367965
197213
426242
293251
358474
409779
429485
425558
299301
335394
345823
160662
340396
230807
392187
409376
315098
225731
407732
102397
301667
370793
334477
360977
108373
102254
107049
119620
214203
434229
390124
335530
318118
289006
341938
241032
235112
308246
190232
152495
216555
228662
312567
431208
411487
254074
332171
172846
157937
443572
265508
200663
409731
400260
293462
124652
421762
307361
311254
415515
451267
239917
202875
367946
239419
401189
321878
157956
177490
218777
423977
317748
242519
140644
335604
210505
174409
446408
448055
302950
373585
121448
278665
174799
447247
395806
138816
245166
147510
138829
443729
170576
326353
163858
323026
392331
426329
117244
268766
230288
432964
185305
177601
173145
368244
167290
102788
174565
352356
154810
367513
437653
282844
174296
135634
190344
215203
410798
209719
273648
451093
354646
392987
412909
152968
427576
257893
415679
233209
454967
337759
184213
275529
326594
456240
116543
443587
137772
100016
395435
306481
166431
179723
170070
249245
265252
220777
103215
107875
100834
447103
223394
342380
166791
394882
182388
155967
422809
169359
128495
289986
285175
425586
358563
217095
158261
258289
400176
144046
449317
418385
433192
118734
331286
229082
252639
208545
321616
234905
332774
405223
272234
436175
183414
319679
232454
306044
114768
163890
376788
455884
114379
227946
150079
288320
192672
449988
445553
442349
380409
319795
224967
133547
133382
280704
179056
243953
299559
210822
185719
390610
240185
306076
118229
365591
233029
220446
290288
179848
268140
191852
189516
449285
192248
230470
254386
187993
409279
349240
317350
148230
448641
307062
258703
190505
367484
403804
347707
132823
360029
355925
365302
356426
399630
214322
423452
279411
119224
393265
195419
399491
433290
416816
329387
230327
285109
253094
226388
268134
336017
163829
218955
454807
322337
117387
203838
153553
101606
378642
213661
393510
403870
371714
275242
260377
198999
386210
446914
241614
299811
430069
184783
390046
117072
390970
387176
369840
279017
279777
189123
258613
109712
160714
450931
211638
194751
374603
301050
236342
217683
222279
252147
322983
250263
240088
379877
322650
231662
132444
112104
164770
183098
312287
125883
125792
379184
283070
137054
167344
264346
366102
341048
345789
199590
415605
317021
315213
418352
148006
316203
385305
435021
294779
243620
194258
331649
239906
450021
176858
187687
360906
160311
169399
296139
218799
336536
337306
380688
201945
276193
370296
177373
331010
360076
143900
286953
371856
232052
199647
162014
448095
131249
381019
247505
446333
450824
265911
256229
215988
181402
131819
407862
171323
324011
315475
216136
420669
219386
133108
302555
308808
113989
233361
135901
271169
451842
384643
151075
398576
246058
378661
348157
131783
430514
162038
378169
159316
249552
299111
161794
387059
394661
299041
311167
145074
122685
419453
160711
216087
255234
193382
402629
209236
434003
372553
176331
254544
267742
287545
199328
212858
219818
141220
384631
345910
211070
444074
212210
110421
386341
143420
306502
209264
203675
298976
331463
122684
221967
234813
370678
434851
396532
418219
126483
430306
343515
272857
363794
317884
397203
104060
257834
281336
382245
387889
353849
155456
122943
274162
225866
270828
182434
147922
386683
299246
346297
116422
357711
393668
153290
424070
220997
247732
167155
297443
389211
452013
267666
297676
295655
165628
133799
166354
321987
431699
315409
367020
285450
146230
103205
340304
133401
192673
331168
451876
330530
117258
433955
411703
256471
401896
247986
186222
157593
321453
135775
272224
304104
208160
333453
207637
182785
107272
301181
383378
305057
174853
175735
127387
343357
439953
188193
361726
141516
392498
405277
156795
107220
226514
419071
349183
253638
237309
256920
265583
211764
200536
420989
144370
424526
449886
332550
363557
283134
314521
436953
397495
408877
133946
178916
265166
290980
348914
332419
406490
427554
370727
324166
440371
416472
422892
443192
316506
163864
253252
307847
183301
429377
337989
297680
238447
329953
288967
273964
293781
283182
187095
236570
155916
316263
202097
272093
263066
382780
157578
181925
282084
442287
198933
117783
207444
128075
380576
242207
284548
301544
241496
321800
360718
113613
151871
158581
236193
271928
166231
143345
135662
143648
134819
118724
246870
187821
448803
215023
238386
100424
344535
290274
454738
122019
424693
361958
348488
324579
284374
399214
317873
390596
289418
186564
407387
381632
195060
163468
431578
355598
417668
354286
414662
207089
278492
325739
363230
203187
310508
398242
106066
203654
243696
246342
235059
152274
183317
255191
218326
312171
102097
103217
222852
184747
139604
228983
265544
335119
136274
177278
204853
353108
263165
165719
291701
306259
248338
115842
244068
203256
341697
388645
101646
257968
344911
305282
276745
153527
173820
424076
191340
281403
340413
294764
439469
441863
325547
322492
301196
126330
385066
196267
338536
350227
152043
154540
376230
442120
395615
274712
298384
253923
275255
380478
230073
121748
104752
169563
349797
168183
323392
119255
277365
279403
131209
286669
195672
332594
269737
272345
382315
161549
394356
192806
128803
369074
167322
387459
358201
412520
296980
369304
255076
100690
108261
114616
434123
353239
308343
296098
327059
298314
224163
147092
320491
199758
178917
206946
420315
272493
182296
303810
123605
226622
185445
230424
200439
336380
242732
437483
185535
437344
129852
345018
316218
194599
127929
305271
183613
273659
331175
350292
222801
292104
283172
408373
453472
199524
314984
410762
418122
420156
389413
133743
120344
225121
214320
186989
430768
348988
175716
141444
324909
431657
239553
415655
198867
284153
178071
175683
192102
131816
447944
141970
349262
299211
407656
315521
241048
440095
312614
411297
301025
243325
235284
231215
439408
425117
329201
146620
294910
102981
345262
318227
178630
245321
432498
145320
180139
252867
197905
261685
190775
121089
172167
439912
253606
332346
447120
103006
219699
134111
404524
413191
360499
193185
349318
270599
409757
144300
229914
426755
215081
383381
186440
398316
381401
169153
143526
286620
455025
440293
445464
334714
276295
295300
262735
280174
170290
205012
197044
295667
369270
101800
221150
280751
324274
304943
417095
353719
247120
239984
166454
115248
207490
394109
313901
359399
234278
195872
268981
199926
327935
323094
251879
345059
451692
422593
398223
453497
256701
189803
429651
159003
171528
185579
413346
413922
206791
211921
250837
264950
385438
119805
408004
387850
289486
137190
393701
202320
163474
176151
282119
399244
269071
245773
401500
203451
154635
261246
166065
427486
339021
289174
318494
223390
255764
442304
117044
153402
203072
218497
447984
312566
249699
455957
368214
360904
417813
163521
342931
323330
278218
131449
121177
378030
295912
157492
283358
161412
205869
236382
231868
231377
116322
108926
249041
109963
158792
262763
228019
179215
311687
176849
310450
407709
105236
103155
241039
166896
319832
134783
311592
351381
239313
423573
331239
171305
236297
307687
300060
307131
365335
132063
449530
381218
178120
255285
179206
129673
244167
392246
135374
372973
317776
150990
120170
362624
217526
388973
270638
267609
448565
181794
245380
222547
310517
324116
240794
108307
263733
115866
344631
270595
192756
199228
426759
363115
217381
388037
136460
245274
422061
250065
439250
160650
318690
138432
392256
203474
189001
304195
140685
320748
440006
113341
257247
252765
305845
259743
171201
349056
403788
109894
227593
158153
236327
143988
320147
455259
144276
108909
224313
309872
437299
312159
160001
302241
170543
278483
310615
356419
432059
324601
122174
201311
435030
404636
145538
345057
232723
356465
117386
402146
205788
423928
127439
197325
165739
436406
135008
254236
437843
310808
212451
288456
155961
251200
450868
161012
290075
399418
194482
332767
249297
289598
356567
354489
180396
389015
227157
294376
259503
405903
367844
166014
104827
368928
159429
445880
428398
244355
148966
411122
305365
269888
382489
132920
148720
252477
233917
368123
270263
371810
233428
400154
286969
394577
413539
327377
413438
157893
172520
215808
246066
450201
243034
197985
419367
386473
223155
335320
186241
365516
347946
160933
135881
185762
262744
219239
209626
243834
160854
196232
371711
147807
199699
273796
244311
126794
393622
395788
276066
331627
260306
356241
295149
344077
275953
151782
358902
268552
250702
125452
392067
171869
319239
212379
109127
280497
370825
396300
256515
423336
159095
197661
149885
162200
143619
332463
108912
446037
188013
437561
374197
300367
314411
226583
379884
156607
298011
381566
291391
172977
254706
133646
384244
453327
100097
374741
347603
297058
435112
137043
398685
446671
453357
419959
147402
121796
160943
399254
240761
302593
147470
240772
195773
289567
415260
447925
154136
242838
228573
252827
217709
280215
442188
384187
442936
211683
130241
434847
327509
444991
190269
306874
249096
310710
293239
208277
270141
277733
363791
348435
173508
391656
183192
451240
170319
124060
196844
446893
362275
209666
213977
110072
294667
304171
250159
154617
167564
240164
187924
330196
189815
244704
233591
337104
212437
131833
361940
298232
243646
311766
237623
129226
282069
298737
131938
447959
177674
418158
165165
320501
446250
196666
357271
127766
115593
278585
353153
165620
330413
133454
441313
402592
222446
452343
377240
440674
179196
162474
222958
347921
121320
436171
197501
225217
115848
456233
117589
379309
158243
216126
381448
113356
139505
206532
273007
273927
250121
442237
423429
368325
135189
192803
182302
105775
367427
433501
418948
407521
433698
349749
123890
161140
426763
234552
266437
428158
428499
275708
143925
208699
181273
331499
284037
215353
401215
347284
226016
393420
207024
387922
239183
144506
119080
152384
429105
101339
257114
314589
411126
204565
263872
398076
446539
415528
383037
264643
257083
146271
405086
266679
406380
270149
260280
266903
219515
351051
450955
132335
313966
440491
369383
380991
191177
126613
295799
383480
189065
144131
293024
271030
189824
393487
322921
362611
204893
344644
242380
165064
180014
233137
268148
227115
451299
317077
237241
407711
159149
371399
125293
120638
201041
442341
259473
369810
401129
259805
220253
445952
249746
452081
406528
344801
327235
325567
265918
412832
236796
193153
151384
278738
246005
304123
332242
214785
321989
136651
389451
418119
215662
281352
166419
305170
412992
448999
193501
143239
134643
283678
130313
319709
421934
377266
122127
307593
342771
172964
209243
318941
167604
304172
197223
127841
125626
222265
152387
429394
215544
414277
418407
194285
256371
216811
208840
328833
241948
219973
188621
245751
182960
209637
190067
449164
101500
108144
423402
323069
233835
107945
422369
286790
218543
366614
324787
249393
421865
425356
398134
160963
241074
165881
274623
168091
280066
240600
160126
358488
294801
368896
251792
401438
127583
314161
262551
167452
391157
348702
419707
190045
117543
453796
153314
221063
262311
104113
224237
170124
101214
163938
103120
438986
211313
138096
184556
370424
291964
213994
355742
277844
341791
407930
333973
117961
328851
236216
308109
373523
256104
192604
243509
221509
265736
448429
325958
360786
285526
139210
100294
268321
293190
288271
211168
213766
414990
449902
389092
452536
417277
237302
326021
380231
397324
208835
356332
187349
386529
441111
125198
241620
165017
101488
323895
419969
393582
133909
126389
254015
343301
331341
278171
219732
164567
263684
124123
120105
255652
191999
355932
264122
390037
273426
153631
180850
200152
397028
360431
264446
416045
184317
310540
282896
428341
379614
335529
288043
263689
391180
161657
277620
248186
163595
388734
209436
391492
171982
418899
304845
306102
443077
262179
406063
225343
322185
182139
294608
147318
432915
327068
181700
199732
279912
371535
425011
337028
181780
337037
291409
108447
198675
134725
409131
204039
384832
237434
232439
445533
290671
406272
105708
404168
261370
331720
236106
119532
100301
302654
115911
230981
253813
143643
157445
283760
158746
452259
311490
206699
271683
132563
433061
202517
170145
141111
357008
101679
438184
176125
420157
231693
296277
422741
315844
425291
177762
283738
260536
266565
440796
403381
269863
214738
200170
249087
429188
180358
277924
106235
283469
449908
200279
300532
444349
372044
187768
369458
370272
236172
143962
109387
364215
206822
215174
278917
112892
298807
405452
116361
283951
216303
321105
254502
248932
119310
159657
404454
120445
305577
199149
326543
315465
362681
439367
447989
322382
392472
218115
451435
410181
280361
281524
361502
346749
441550
210581
418454
294414
327410
390687
358652
119149
420671
172110
390996
158311
261056
268121
137826
209948
448782
423072
285106
147282
257067
374595
330882
215960
233771
154804
330458
309934
311096
452083
277267
352408
106711
187187
116619
349525
181916
383635
384786
308848
205063
237428
232191
232827
274652
414135
220424
297807
108560
231861
422269
280525
446658
212105
366337
311232
454077
189475
438484
280101
350137
456052
392054
447469
115775
418844
387573
106500
411859
440508
156261
447095
171045
166782
230948
246646
376240
269635
401824
159329
358738
120172
285722
120856
205083
235204
131028
401707
241017
312192
436650
367706
386661
214244
394435
199546
247257
289331
205348
329446
278315
245624
121797
205779
274886
235331
427173
329033
447340
153082
241694
127577
137758
240968
441400
111527
220017
119143
345169
299378
264075
130881
266386
127303
103827
361740
138648
364545
364331
381383
428454
299457
100490
392757
257492
343817
412999
300579
301249
118327
326212
428402
395835
291451
146503
384968
254521
429877
256132
270884
256737
176083
344310
417499
216703
384633
427434
298396
418995
328607
407846
199292
101754
135334
267956
198147
292454
235458
119926
259308
121666
452264
341779
454010
449288
380843
211796
121940
414287
324137
292004
184756
155788
387855
295776
164943
326302
313221
322000
342310
230505
294748
253926
399146
414505
167223
184597
373958
355032
451363
370123
192689
276435
367313
390356
304127
313888
363796
350451
101307
387088
193099
152698
301853
345222
239619
167692
400275
136136
277973
276095
437503
226834
141861
375545
183312
347773
316755
231918
232976
250516
439166
399854
290457
150024
264641
329970
194145
262184
203088
171438
118737
236164
294216
149317
102667
312193
312477
233678
283401
134152
137803
354569
137932
393975
183842
448615
422267
147347
366386
164467
451318
435073
356629
424132
221281
332058
329437
389671
331823
390973
437114
421597
431528
356149
292640
120576
108454
260841
221811
440086
345990
299886
328000
380294
139514
280136
209576
166695
140047
153962
402688
423406
331020
308500
259459
403400
285208
369892
205570
141062
423235
129747
367653
159843
441973
169006
126635
248920
118900
106536
441443
446225
255308
404913
339062
104153
150482
226239
219849
128416
344616
135740
123406
320985
319296
273600
194148
250501
274478
168343
229754
298616
110635
237123
115647
155923
427118
356982
203746
231492
130274
293392
164520
363758
328073
431704
100584
310462
103185
347054
268174
144931
383996
374903
394461
295325
163231
154300
393336
232637
419220
149087
274673
108659
293338
436506
236552
222092
360984
361330
295569
364828
123002
343778
381587
248222
349513
140145
407067
190057
366354
274830
104091
429300
213538
164391
402099
220171
115659
276708
399565
211961
128808
434720
430104
318037
214333
201576
128382
256493
445307
349325
346689
323957
207645
110431
381302
284613
188846
278341
283929
224716
193218
345886
390069
208611
283751
219522
342524
407572
379312
131102
137762
436283
106981
427987
236200
149381
160762
219337
402476
357605
429160
296180
403407
187179
295484
145056
326771
172649
324063
177723
374882
319596
407591
284164
217327
200528
440916
445338
242049
136035
365013
435854
268507
279405
283993
296400
281758
273092
123380
242752
404007
346504
440582
232649
219296
153478
164501
259866
102768
254614
330178
108323
151040
382296
405426
318502
256980
263218
229474
278357
434073
317572
187723
382999
301178
267896
314767
405766
242734
133440
369340
221609
291459
284869
161488
232997
371486
147805
353700
272718
257113
195684
266449
431005
413037
315367
434719
161620
390308
308265
347425
369889
255852
421531
238037
427570
148290
256974
267114
208744
194129
332855
290832
202505
448519
312933
447718
449330
237465
310917
410850
279206
159832
341645
272078
304548
260459
390150
121803
185927
286651
436226
261142
385846
107185
112306
339182
272348
358086
303245
443752
363488
415039
357566
392269
272676
441160
184439
131951
455146
254755
233624
286633
171676
356868
410349
403582
354054
223233
296850
276529
347489
387838
302381
417057
216113
313855
146942
379399
107027
170202
223987
210126
387678
451165
264162
186356
233414
388778
239119
303151
131826
443136
376438
279961
186274
264472
296831
268805
413234
296868
109448
136485
229933
315708
100612
145824
234042
393121
279814
448841
334370
160120
136394
325446
167650
234352
109122
368752
185046
148469
169828
400516
367258
287772
240583
331328
338839
374960
149290
227082
318779
129351
149930
352872
366410
392343
110245
253386
256071
338080
247754
148121
221203
331369
247215
288823
238136
100881
329974
281860
394870
203527
439148
452621
194547
441431
285692
136519
410422
247860
399317
449983
389107
182663
323500
171991
425465
449157
317339
155429
299377
271285
320490
363176
440403
313290
387622
378212
133871
123541
302864
387015
191105
317341
167781
436190
265846
329208
187634
244091
405596
352386
182510
126645
132778
209944
304437
315746
191741
440167
410285
376761
141582
165379
298129
419187
381484
326955
268368
282315
448273
425040
439454
158570
383936
442965
353949
261513
413009
402374
322623
304831
315564
351540
178829
350020
291441
106659
242835
112855
355030
206150
391894
405425
229468
360958
374649
237277
157113
374379
216498
172665
394563
191431
189157
416612
143939
134300
141472
133425
442285
327675
131194
266691
404702
327305
379288
303933
125119
259634
208779
230734
422136
442985
356398
384447
385572
242158
186305
142637
347036
398756
291656
321497
272132
201396
455403
183065
335285
316510
363628
361081
238848
374842
304583
441334
354098
448908
224568
431289
242227
227363
331354
204246
264115
173010
412974
124322
308744
315795
151537
325345
373140
425121
286490
366072
418900
322859
118939
147947
282288
337676
431367
100897
106829
454650
278620
140881
254289
138848
114970
347160
344871
248581
427356
391751
178948
210634
148953
143301
419925
152532
265466
386666
177933
450684
274380
329477
391027
394728
381297
449376
234784
271717
326056
298521
139121
156361
360133
175173
332735
335158
331561
298793
350562
252811
365524
260076
248084
187261
174621
374250
208977
177455
130928
328822
109530
406493
289630
272796
165829
233861
146508
160235
116105
420560
337380
416964
187459
144486
227267
397680
131860
319666
159559
111640
430379
387602
360594
265868
319124
170765
292297
342578
145478
291294
158297
258537
349095
226802
301731
205301
300422
220249
334174
144424
337181
126628
389375
276604
340351
245107
448775
282049
129322
122128
309791
376175
318937
106989
225799
148630
233348
256756
194712
393157
296997
244606
238647
401153
259225
362503
296794
431824
366017
257802
229690
286559
443379
123970
193798
149823
395475
358330
131590
277881
104896
415573
316674
438594
449598
455505
275247
232136
115174
220675
190637
149125
112586
349072
353604
102737
327037
146456
332369
143710
327021
397763
329699
153698
414121
220383
104823
129624
435733
454464
411632
329643
114674
147917
416954
347200
140509
312424
367510
406607
427481
210424
374120
445670
400302
273468
332003
222838
422979
307741
396131
139490
315025
107872
444691
392295
215339
303242
269335
424955
448242
429545
404260
424298
349219
167710
108823
102304
333551
186897
136963
254713
227002
286061
354281
266121
332470
202339
377262
106583
414095
293232
451043
373549
407062
186126
215189
282516
268949
116080
397418
267919
135316
352680
235556
158617
170248
290366
184859
211426
393435
173733
236238
359880
213950
260159
393725
424769
339711
172275
201652
277966
264790
248182
420400
305018
279783
338657
284935
421593
245780
312684
394079
231627
429208
167306
303123
144919
312397
397395
256323
407501
193067
172180
139665
210703
294893
118593
392516
359002
210432
181761
431236
238483
205500
180120
205442
391702
124371
273492
235749
285092
335922
203752
123008
122577
129339
363904
326135
229309
447836
232857
122321
244919
175778
257538
110612
190135
191673
404161
395591
106845
303370
383782
223303
288491
143383
314095
256095
220990
346634
295723
244569
301608
301824
329630
442487
339052
371990
410224
128695
439138
113768
186753
452057
227465
242417
136214
145536
157021
277525
132099
395154
327211
453685
438266
204370
410568
272519
193491
290003
420760
406400
162299
353913
297138
341886
166802
178702
232946
165308
355775
396388
173676
269192
128121
374692
323464
420808
224314
318936
100598
449125
210595
366948
307423
185202
292019
117158
342087
140822
204562
444302
271655
267591
246464
422680
285988
116245
101574
206125
273613
124435
345127
335953
279660
355562
152231
245975
399692
204725
297223
420579
250308
274038
276284
223960
152694
106339
211440
337136
104217
137557
106227
351352
438720
401618
403783
397596
126986
394687
306778
181472
347785
399629
209167
326558
292141
170104
118576
194446
149629
100653
280339
136182
318758
249122
130575
328980
431505
330163
280335
206584
290565
204031
373287
230841
369511
381633
142693
260759
320330
410511
369456
236936
254691
230526
399052
423958
431787
358828
101959
454294
134768
386356
238365
284119
432633
455649
402669
186288
350682
231737
450822
387693
175569
199208
344929
439970
102211
371230
278055
222416
278082
273000
336624
451387
408989
430776
345225
438024
437373
153976
294237
215361
267057
438982
364761
435755
303829
455745
452705
316315
348754
381608
190408
365314
441641
212043
327096
178111
264836
176878
180086
200989
146432
105580
385161
309566
287532
425820
120120
260031
128006
432185
215415
162804
349998
434731
439964
112317
455514
396559
149705
445436
294492
198352
389110
240752
144011
411158
219365
224497
306440
105883
184986
176517
400985
253301
253185
234621
277119
323634
377249
163275
367163
346697
236567
418914
407791
322687
346948
212276
247339
397738
415630
253799
448025
386113
122337
117727
320650
409785
131217
244844
285263
226330
381266
368400
286861
227102
214299
373486
361407
439533
138984
380195
414594
264284
329769
429819
310487
429578
124970
254192
123421
409464
351929
371166
448332
313059
416163
224273
344470
156670
293084
410806
138447
261315
188488
394957
234175
200203
366910
318911
269005
351174
138847
367477
244129
403074
238418
302108
144347
331845
357820
402623
427806
111129
274999
275480
365150
281545
428739
404877
351095
351668
120109
243627
207937
232768
336411
216701
232328
201799
181397
200872
370925
337632
366477
141613
323859
347762
356001
220911
179364
328645
273298
441270
328110
448495
285900
377410
305950
342540
444191
235113
305884
210670
252164
140439
105764
291383
210433
315215
144420
353828
203539
454126
117937
228126
235663
379122
113469
413517
373304
198133
371058
275957
145427
429908
357236
320882
211114
186385
343118
413201
321855
244896
308942
106467
235679
366158
367046
455195
385966
331199
217372
416706
361172
268573
277431
343876
123799
175705
316614
204078
353353
363019
236994
310419
360768
305650
383844
179375
171252
185729
164291
324806
357581
362069
452148
295648
439837
103922
225959
364469
390632
273144
196134
176982
149639
331504
106723
221520
173499
173837
369384
340482
410895
212563
447894
451006
400148
277888
292574
179193
319757
149839
340241
155622
279680
326268
289916
270447
269560
221230
207491
367387
409695
371841
176643
170851
178186
128829
353434
189508
267187
236973
228249
116205
278788
135906
408087
310626
155163
354888
104224
390211
408757
449605
215768
389531
289908
259057
351566
295397
346122
424352
360420
359298
222066
291090
355950
414537
112327
217242
227601
141774
109563
428537
145488
245879
431321
289655
226149
150979
116660
434854
183528
227681
291555
292637
297255
323621
154943
447353
348533
392402
409938
287062
391802
295577
391610
255751
355346
260809
425469
336007
272074
215394
248778
251074
267558
252766
212997
141886
367066
218362
391003
404844
288306
328904
418774
182799
136543
358081
124229
422856
154620
426390
131121
303305
326498
348455
300659
235064
354174
153547
152368
186386
397898
220978
146633
127257
268322
186494
174968
261194
311739
386142
334393
421926
133900
235610
313688
307289
341244
105918
115771
312806
315347
287747
256304
266562
154075
309530
330864
146723
337130
147410
118282
329669
112465
363434
115397
180238
115094
330688
296161
386506
293222
420571
344601
315649
365460
122710
297290
104989
209092
386116
123723
116236
167975
280574
187289
137871
152571
445648
342497
416579
322077
275004
450273
383559
333451
177050
370620
285343
301434
273741
374878
134345
266531
337302
228905
148039
187765
356853
140375
389455
111740
160336
100800
181456
281760
245152
213082
403007
311164
440345
289824
366378
173510
192083
203063
176903
271041
331235
173819
160447
441423
150791
432278
408210
260005
318350
155201
108878
402691
403999
257189
444171
375703
323837
396025
210161
429572
248523
191626
175547
331741
253685
121924
197387
160791
130521
306018
344231
331726
257111
164407
225674
386941
336789
112413
190819
242055
264582
350625
402314
442502
297427
228246
157033
334681
163448
407662
137559
346401
362829
196526
331863
356907
253908
322028
161491
155066
303554
266004
135968
313555
325246
364139
256797
440935
257905
218751
183165
291382
107824
454894
287217
422384
261882
140522
223380
318136
127713
190240
312487
433033
306423
301283
447737
255787
281097
364745
321325
270902
230912
120081
374689
383542
204934
385780
449776
197743
431155
365049
284690
326851
164830
266044
364269
169343
127353
390177
433091
254191
306488
297986
125581
163403
128719
328290
429513
401604
312583
400144
209466
155634
138229
207472
227305
396357
264214
303093
347856
322545
200368
169265
316920
325502
420544
287827
371816
187874
268533
181333
339887
412282
260895
133546
172819
359281
380770
110293
334136
134015
176531
437703
169510
252966
319275
394666
365642
146211
187705
325329
373329
429366
185797
269600
192850
389612
353138
165209
371340
116180
237036
445060
445440
103330
450434
255130
145109
404804
105308
319826
318231
384599
102395
440569
442944
278789
444797
356593
152323
193355
232838
158860
266571
420585
398157
178156
122492
294930
120027
444706
117357
202636
121589
412371
162289
373627
206331
176054
195997
153894
399637
232528
107736
365879
385535
294038
333366
233119
353036
175715
283454
270234
271874
222250
280337
222019
356508
160323
188879
213721
317886
419866
166839
148341
103582
254685
172956
176318
270076
115103
346549
445526
191820
212923
209442
213846
331595
116301
129051
447408
291355
200326
140348
272301
430296
121526
152730
178169
196240
207783
196739
421651
375805
418162
300820
182941
425074
423064
332034
263832
170815
163345
217141
194381
342938
344837
424213
411066
105415
368294
199653
309834
113956
187068
419914
246240
335667
435635
103875
153669
125940
178090
124004
113603
435574
379699
429086
365399
382242
440623
214159
300769
358256
324697
244879
421337
428878
406199
228018
137074
385104
345411
235071
448078
360976
178280
302804
354525
122566
218541
257666
180683
370137
447195
224001
449138
177252
369002
334505
398978
108894
384627
338323
238062
158181
253692
130614
142286
118334
117678
204395
316886
355441
280771
128707
240690
116270
287379
273639
449722
257495
126700
335890
155656
398521
367213
339783
380982
365554
190644
114702
300645
120965
382638
317953
258143
422983
410636
178547
150366
383939
217025
238957
109733
168740
338392
367840
293766
219271
317088
374231
384314
283434
142878
136945
356658
339674
430594
214402
329029
133971
235707
311194
331290
271509
106151
108608
285634
339737
164137
378828
151873
363490
279736
248398
375149
280019
170166
286248
433208
196810
453672
381857
189149
309490
340403
143245
285416
354787
109457
434656
364596
456047
342032
346579
203437
172936
313380
360296
446252
217642
305350
386741
219861
370459
220466
172841
113165
242425
155823
420532
183126
364729
317516
237670
156754
300679
420564
161447
181476
245827
265715
451979
289324
163072
425305
119470
169144
253579
122810
286579
328286
363533
253538
253792
436105
166784
408568
395348
403358
156604
289910
216917
381033
137627
301339
182567
119529
387241
279768
317725
308003
440575
166351
404016
127220
448283
410299
362106
289942
427890
215864
213181
412949
374548
320834
450212
203979
140821
159887
353221
181067
290704
373131
318885
177964
178158
101556
184515
435268
162096
354979
121634
392117
205947
145749
314263
277676
203127
426384
386184
278852
304920
328667
446978
100242
139012
276554
370094
234748
376157
258465
192751
263135
182971
380252
103834
190198
442740
249028
310320
220262
402485
450082
139713
398755
176068
178157
368426
127080
171429
400057
102940
287540
310216
180681
223859
285965
223950
325965
195745
247812
315747
293449
403001
418107
306213
341878
345656
321963
364398
327313
117471
355178
428851
286574
435410
277801
440690
100111
253745
411704
177599
184953
175909
145416
226374
149826
287155
447166
339634
453816
364718
440434
230168
196373
153656
119942
264468
250054
372197
126652
408853
375851
211934
232595
338294
342966
285622
430290
404535
415841
165976
367337
237229
318967
193544
381895
243767
196915
319805
227324
194059
420754
288628
254233
440331
234520
442904
137094
225881
259372
439856
287090
122104
264234
160325
290700
294283
385075
141115
144290
199210
417862
295567
217160
391674
243476
151311
298502
327400
237687
103974
437350
248474
160285
435935
421923
179009
286815
400609
310892
145636
348620
189529
354494
422821
282261
178636
391238
161517
278293
271477
111243
234805
208839
176830
180306
110067
409755
270588
286860
399578
247171
176547
169397
314172
408569
223439
329003
165236
390904
120368
306034
115935
293535
265614
405717
455435
234845
256300
189383
337478
315171
153663
156936
262960
164807
217544
347474
397950
428620
113364
176367
237682
267969
324649
422236
217456
253073
330320
374146
274732
368105
426141
426179
128878
430937
442866
451548
296212
222207
272539
166041
341255
294691
179328
310991
349282
297016
166076
332223
348033
296403
409474
359483
329946
103409
117108
351529
271602
402847
267427
348800
175088
378095
151804
215686
254120
107166
189391
214559
384261
292581
189288
261556
345798
265864
437071
193154
118544
210603
301202
298400
362526
190055
135537
363173
450729
418403
426960
223881
427986
302703
400074
248811
211593
375271
295377
251227
420476
430472
446188
197089
298981
339763
385930
194517
359845
233494
214787
188782
394189
359576
250021
107976
291768
339362
170638
304421
168460
166265
307918
449787
122443
304165
252045
150654
231885
210602
207400
205487
353889
341461
383403
263170
221325
425908
237685
321336
414343
261572
123558
109221
235627
244568
342101
215044
225046
156391
341817
231113
195408
286588
235675
442427
429504
398268
297590
248608
370625
316168
197679
362518
236072
404711
350698
382074
117713
269798
449486
281206
287838
359868
189993
129653
299991
256966
323321
231629
238336
293937
282935
231055
258330
168603
438885
166970
226329
134365
201098
288419
191357
246831
150611
335554
303177
405338
396218
266126
366533
127327
128685
385044
451885
206856
360487
361090
424228
330575
151420
409575
294892
124537
426346
146701
103587
324285
119566
423373
412445
173907
303856
203952
427388
398532
170260
283060
267251
351163
387298
132902
205285
189568
439783
375784
352598
237742
241939
101498
204215
231235
445821
118101
145314
203721
196403
225995
359500
405558
314713
395599
172907
332280
380412
412161
204979
161016
183465
379894
168251
284545
383768
404840
375645
241164
204319
271920
303341
100407
247504
271330
267015
438966
201337
362951
106699
390581
304713
300952
358870
436319
150833
195815
150195
353368
289825
163808
316257
448154
170133
350448
286982
193155
404036
110753
247250
117421
383219
404785
141679
115800
145779
350371
419865
346898
423677
251908
308763
428261
295061
104428
153515
326651
204868
134333
262854
377456
215225
323602
271116
306507
127343
326134
229398
252593
358418
215487
342493
120452
214950
220161
427558
236751
391518
248227
394930
228122
101466
179378
376215
253114
406532
418368
312523
258845
101022
186450
234678
448640
385749
284402
286715
115047
341220
129715
335392
146217
109380
445000
204452
449177
361837
238900
213682
157489
407806
402162
115556
378811
357088
103897
295403
342057
147217
433383
368164
285791
402833
106464
225269
342582
450123
111497
205324
191854
266611
254322
139738
152357
201367
114043
180083
432164
147067
209232
254050
159980
311465
396702
354794
372033
246156
362509
243929
106300
183811
398969
383658
359443
255125
216311
311428
335053
137374
429237
283556
189557
185058
120447
292879
365693
449151
442871
258946
143182
319391
437438
273083
154166
163023
371223
359454
127943
428724
378001
211734
233198
259903
255005
372141
242474
119644
315491
293655
350179
149060
265809
270056
127291
229454
327473
328259
261158
363307
407866
297295
159308
303113
336853
367194
172935
279427
276768
253996
436865
285110
265270
399194
248549
377068
118070
213138
217992
109779
368168
128398
240764
439326
439754
129343
422113
325635
299433
357286
397244
205575
301056
317378
115794
115988
262585
147701
316999
418912
171101
380430
232793
304405
357792
428693
138415
207259
214442
402593
382049
316447
242717
209552
350865
356420
211651
230511
430199
366738
157890
282394
268555
172271
441170
425112
333683
348476
257954
287275
454957
248563
209323
343852
188514
373395
199694
327527
210472
298553
177662
363552
104310
108142
268110
451496
368682
137147
348634
251106
100594
271230
332732
417088
162984
299824
361850
168869
334106
281584
169717
405131
250681
298544
337219
204359
284022
230247
118786
426992
195584
302674
335075
349150
180468
292117
184091
241512
275250
365467
243524
160150
188082
243614
317474
250589
121212
268194
144501
317045
299804
303655
132225
304955
433211
366720
110929
251256
265435
117880
275722
350747
116627
327897
400674
158308
315692
364483
310835
418089
119237
273147
212438
218332
390462
216944
302116
125337
308305
299688
140008
323350
428252
166616
337050
452867
310051
404071
138026
365752
199957
346105
124032
403205
210958
338908
288988
182653
212421
174316
213547
413869
377219
331810
356052
322967
421229
163259
132271
452849
378754
123336
286781
431249
123121
329790
333122
342517
388113
150328
399129
104097
167873
262199
378173
368511
372045
297617
248245
433249
443326
110653
106558
167713
125644
134378
227785
320024
419527
276591
218561
335260
322245
139140
335302
204399
111801
407854
259320
447491
384814
359929
411497
361794
243061
302037
165022
392464
452754
335042
106509
187663
137365
105410
131924
388983
316207
217704
152120
250948
190110
419722
262678
316369
354053
278306
254265
337602
212546
359450
396804
115824
185680
339137
270714
161142
427981
155505
240231
241197
151797
426459
375523
318660
410720
100300
382363
186790
350567
283355
102957
200999
410213
438033
196215
150934
290007
315204
101587
330031
147567
167544
267681
440976
360886
180770
417603
422659
178625
169298
191679
115722
282846
356369
453788
437926
203881
256632
340787
245730
390038
145508
299915
271447
380954
296630
321127
181203
244701
175375
235472
394266
296483
117535
227211
197778
219773
350212
134613
213947
169085
313137
141415
289752
362006
404264
432105
376018
257691
391206
198063
363264
240209
295137
438405
334188
159981
414461
102659
406942
408876
333342
130782
379229
288217
356748
305725
155010
240105
247872
172832
437872
149483
340660
211596
249994
186854
302782
209585
160508
158958
434341
284556
351933
422976
382497
343383
428167
162521
327898
340647
409424
370259
167062
423345
288872
314511
281327
352395
429524
143809
164897
264618
104727
414950
157300
276261
352423
129091
310527
398802
409130
446498
280978
339162
227933
454851
132020
223392
185933
344831
220309
309695
183604
400141
106575
167354
340172
293223
261754
426925
252142
449050
344948
416738
151634
221128
281883
248211
291507
399657
269814
158319
347686
350528
431753
251099
227978
172051
195954
285611
346861
321560
249753
402613
346350
154304
102137
274442
300336
247428
222551
368908
370243
181359
326632
268732
377462
215377
146483
237985
250151
299385
156083
250635
256973
387013
111051
431423
396935
305228
241290
236925
153762
346979
198059
273166
361567
388040
411513
215420
333792
170493
330509
153791
332149
378551
348397
240627
398553
285983
393763
386946
317098
168785
136228
190684
308285
288627
411477
125006
106072
143649
171840
411584
268986
323353
302152
348918
423615
384251
156324
412462
377407
335737
191065
131728
365091
395066
112837
229036
192500
306883
229029
369048
215765
237736
287169
450849
224888
400613
429201
201274
400033
186706
328271
173101
330349
172355
118394
335267
379146
208252
436344
342694
279264
215436
226775
395937
227610
425776
238429
179226
225020
351176
300153
444915
369639
304442
411156
174395
187409
143671
423181
156649
413839
426220
322454
101340
406757
145421
217989
352950
384785
211066
372042
239130
397003
118515
280606
189705
333549
216779
384097
323336
412481
297735
170984
121819
309283
250097
230638
294078
106707
316378
248042
354828
455185
278847
409226
122982
405585
224435
252612
223829
447226
147154
157318
149837
315863
280018
225043
371993
276104
405136
391855
209889
426984
146322
441374
330226
303349
349438
252284
272580
331044
201969
171446
370809
313474
432216
293017
438268
424535
178476
248813
441748
456000
159158
374918
437369
189099
319259
374152
373786
158232
286260
398198
406392
136002
298351
107752
130412
430801
284377
409634
218659
424991
393604
373271
228238
403428
371491
313796
266634
117173
171860
253973
284581
320133
226431
276526
106865
236919
113146
313581
406067
335539
245535
293852
144116
121749
253045
125861
293419
245339
113444
257814
337038
223045
219660
446222
222845
305728
224660
434738
443882
143866
247838
425933
235907
371724
400122
201102
368881
186048
193674
360565
362628
378230
127912
324182
205791
446848
398341
236825
365507
363223
153221
428464
155114
225039
216145
250554
283051
140254
329231
411498
425377
380768
261849
323657
109212
174377
352480
233714
196205
448679
214095
396552
273797
156751
168122
437565
254745
100473
439311
225942
371017
218597
378938
326482
132646
277493
359217
393377
345606
100126
164038
257692
237864
440831
167986
173673
370997
414420
241825
162387
145711
441857
451558
338830
164603
417708
342746
371352
124128
186267
437364
423073
426362
175885
265460
353439
398164
303019
113111
109739
166150
401687
385777
168986
279511
404463
219781
332104
379444
412069
361915
132322
342085
431424
220712
289351
259157
397649
204048
314543
224726
442837
325427
431536
429733
227329
382965
225753
165640
141662
312945
318258
394499
199339
317260
124091
121874
322433
263275
325447
249892
388426
340313
219334
163883
241997
137795
243813
382543
269459
152391
210671
295118
392091
128978
435370
378448
290136
138854
357063
103419
361433
323344
297382
233412
271441
196622
176355
410218
136190
433318
306138
116091
120793
423160
391120
333956
437210
315528
200139
191320
344187
194895
158559
214398
401742
121161
382829
206409
209154
128857
439497
303157
447508
390351
203992
325399
104209
292885
288324
176271
381553
417482
438585
263193
235375
312399
325888
210631
116070
317996
206304
340965
451049
145327
260333
305629
213320
407408
335191
206450
240316
428703
220606
402959
209671
228157
222739
116066
245238
419544
337547
296636
422324
239909
172328
189554
212539
225635
261320
136561
306963
255244
227354
122610
283002
434072
222676
169620
273754
223542
191541
444995
185331
351417
303792
412647
428420
441444
278833
444713
406676
196086
134253
178548
377645
107506
379321
239061
383270
420899
425896
177215
105746
256474
249192
359517
294353
167396
320439
364914
454586
282433
363047
114174
429875
358063
218219
290912
243587
156142
383064
159414
118056
221866
415002
248475
394199
266107
353330
452002
178515
396978
274853
351296
131486
216897
318771
410794
323631
102577
342098
153844
227672
192333
100616
334284
258910
125322
184775
233269
274285
363465
379376
352252
224000
332401
203375
403309
101601
235368
375671
434287
423521
146082
238162
115486
325804
412314
250368
162254
323979
134455
209021
149382
376816
422404
170279
356976
223405
127096
413571
384448
405117
377945
339090
311666
285881
243120
304960
116870
366829
354097
336327
212646
388026
179133
140851
436462
157947
180798
158602
228765
359309
397802
236080
116939
263007
330668
312869
175415
408829
208137
147516
307355
223713
236606
150032
409974
342005
257509
448251
128027
391203
289930
381362
382260
184451
453319
305103
191768
365588
263174
331593
406956
308143
203105
416790
355214
152845
374820
308310
290361
130922
304640
419473
205186
147147
278036
404786
132527
443181
414004
125375
136834
215493
384371
300538
212748
441587
449524
302821
221953
435394
351435
405185
139647
176251
248403
268694
446834
112678
144089
399591
421276
323661
285322
302142
130213
343771
393575
415097
202155
436149
219976
313091
358417
217617
354101
175655
210882
442240
453951
398284
203874
429918
359766
333488
141287
402226
239524
207010
170528
236426
103631
297971
218160
185480
184798
225187
443677
395685
451583
299120
400626
391673
280192
205857
181581
152160
380004
396406
129046
252370
253978
340612
148868
211199
156252
283098
276270
250995
190226
170357
213769
427390
432799
368951
320374
422296
338992
142203
316971
321206
399789
250787
243419
278848
261775
406270
136934
282533
256012
389681
454308
244813
250934
173975
213778
367079
288085
269119
323241
135859
370848
317274
307825
448168
375808
137438
275812
424065
184461
292658
443129
173284
408948
323788
220694
285216
428959
100824
248348
444852
104469
130292
352339
339619
278476
214031
434977
407220
272038
310916
342539
100002
444068
277230
395205
176380
385820
332522
322233
219527
197003
279398
413843
116957
413021
414943
246175
236593
197737
174608
102918
237275
212971
397136
164060
426573
455076
449715
349094
229208
124101
233996
175898
201220
326228
113215
317912
429000
374501
277546
191652
319793
430478
199931
429808
151243
351452
414201
301097
119969
115830
452893
294689
431616
390002
122893
312167
364542
132746
186608
193723
309737
292831
100264
128620
219383
143970
124603
261886
199617
352873
168951
164864
388484
384763
352042
413051
437477
427483
244188
105723
145924
272422
408234
354589
258719
191456
244718
380889
211825
291130
100934
173085
134966
168196
416665
109716
334701
393191
235124
434780
450441
178129
144843
411512
426896
167524
239454
429328
385714
425647
336684
246354
293735
219262
305903
150293
425633
171370
404568
241613
117079
194168
271427
329761
376834
121998
301116
180190
357555
421050
183757
395202
202531
334412
437048
370783
228923
349897
163209
180705
100712
333298
162220
375662
103477
127605
421526
370618
378309
171961
230884
425570
129809
187841
353429
128266
327135
313163
388980
403305
210971
332133
417032
399846
364866
274784
298077
155999
361774
150290
129375
431146
169099
171843
437805
290156
107742
454257
452258
318211
188042
244846
355682
274210
218005
290705
188987
253889
370652
139001
147505
301355
423062
367751
369207
346990
349139
120339
109576
324160
230070
103799
431225
376944
145551
212491
303088
134562
293624
189296
417876
430990
312667
272337
359206
111770
308639
250543
337971
418129
267037
361324
205449
362431
421465
413942
158170
366123
347378
408557
265692
295517
235432
125648
394590
420182
272011
325834
440183
182249
383799
440624
119268
199347
405267
437781
417011
430923
418117
404314
444628
157389
152663
145673
427429
454992
197714
125506
454643
326184
259688
170675
184350
199363
183886
149818
171138
378408
298979
155340
190677
145338
203735
168565
415910
416780
300715
100562
340976
162168
233626
336272
327851
413525
416256
203457
100427
448962
415283
188976
180605
202206
116942
400333
309291
333419
237522
277304
118631
153566
122454
153319
307479
417434
100209
158678
407184
229194
266588
114746
135218
182171
448117
265315
409810
144452
203523
187788
113737
216321
231740
192763
180622
365362
157790
219049
417145
238982
264379
109148
436891
219187
308043
189092
107963
337706
373983
375745
452022
422198
240018
443963
303104
186344
127954
412505
358262
420325
227584
237688
333508
174476
130599
433066
348565
157503
310431
176264
133851
380505
333994
368921
128558
398959
369297
229565
362491
187726
264923
269621
396299
199239
155255
103346
369867
328706
177328
192255
229363
306562
307582
194134
188968
128412
380886
170215
123969
367225
355334
393240
356316
445039
220400
278369
226436
166537
295501
268688
431628
334333
375034
257190
423846
292713
160439
412316
314939
160761
244262
443829
398105
363945
126497
318083
355104
363075
328454
385327
205090
152597
444390
330165
327212
137860
264283
384161
155865
392969
171920
350127
286809
445414
267371
242235
174659
267962
114715
341746
102656
358989
298398
270083
298437
234752
252628
254500
283265
376397
177470
366045
300214
338924
388445
419626
299517
452596
258497
270198
189755
116151
326677
206132
265189
373188
399205
370527
220308
179172
167664
354793
313267
248947
263470
228374
161884
401925
325417
430078
368104
191527
207549
240485
188541
128566
168728
164971
238588
226414
454905
153650
295861
169992
380481
177814
256595
179066
311435
208108
445444
202839
452479
432604
314482
246316
279826
409638
212393
196699
216485
110115
419983
367135
386884
155952
203328
261134
416745
353534
105533
366850
128110
197642
319865
126207
322405
383783
208086
306273
296137
307947
310459
264421
372321
361725
292591
229600
196015
307175
165045
306129
319649
344974
130747
293074
318487
111710
211881
181699
434649
372218
352136
372051
113292
422463
197116
207869
236296
422303
174876
117905
387205
150416
192778
129320
437406
423923
228558
177608
209378
361663
360135
319419
350973
225011
344006
121034
176831
223426
123212
116810
429036
113596
385084
267937
376224
347658
371574
444868
122024
188979
138745
117862
421149
106370
237544
392521
121845
243380
323301
159654
383951
368076
410932
418579
320552
250619
395592
424600
150557
238463
456241
424912
142165
225918
263633
415296
261105
148742
291133
196122
220500
310559
235595
306446
377972
111348
174240
417233
183324
240620
157742
302763
111942
123985
447749
338275
325132
387628
229311
426441
277144
265872
412891
211951
203625
146025
368704
185885
318097
158951
246733
360654
282632
144302
319212
208495
435277
270570
354697
140028
133069
333474
105208
185507
327389
266233
248755
101805
377036
409620
452025
305768
179311
402215
443903
332913
376656
170571
199662
323669
277487
392189
379928
420501
371030
249887
276627
379819
402755
393619
108770
259422
443233
252156
295865
230865
376039
290435
178204
100492
411484
419032
119175
147355
407229
346220
118834
358443
358976
427912
264878
245504
399962
447379
155651
356297
449358
330824
311293
276690
222832
268712
378205
397087
432367
426038
367433
355587
413519
404449
255066
322294
142410
125392
348661
267960
401619
182451
275861
106112
247073
142908
297618
320151
165730
408994
283814
411314
152360
319801
161302
153486
208765
298723
102058
228397
124551
255569
392037
138162
242169
354767
257870
234884
212641
398243
196223
254625
221211
334611
300966
357773
310749
406074
233193
230787
228215
321646
238172
321574
305489
168374
386957
416121
352184
186605
174340
216877
354452
272333
222727
225371
306526
135933
220584
200495
382382
149778
428121
414807
396704
233036
402198
417535
136286
417638
218654
324112
112740
321605
196294
125757
202614
176826
231506
272484
217068
156218
286160
433074
158846
383609
413484
430188
205131
160417
175028
369713
145712
120773
256957
330649
392512
175999
142151
220509
163100
441469
264868
128955
161500
136166
110278
102114
267695
364820
239386
111516
242691
270604
242631
421384
374007
378824
350348
196262
150628
144490
210725
236339
415222
279809
265366
155898
100991
341916
399243
389060
185642
123779
412972
289853
109815
360677
445253
349098
443450
137508
335465
236760
190252
259049
325290
377173
177570
443924
329115
285998
440955
380667
277299
244019
345869
413095
410080
105798
319178
132163
173832
179959
351455
351799
260394
299449
109982
152485
286483
371654
150819
182482
382036
323249
238537
311638
316744
262146
209444
169445
131313
223007
408278
272288
183920
249911
418197
154055
442099
173427
266062
324174
122958
358060
192944
115634
446420
281748
310936
398917
453164
256192
144233
270364
364957
234143
220844
218634
323177
120952
225006
150699
234968
413991
281065
284615
306362
307307
427189
280654
216564
256085
246629
323912
264803
133720
338858
157191
103060
320225
108114
434743
306177
267112
440548
452888
103005
412157
365232
265659
316387
125404
329405
213856
372801
311795
104650
154723
413371
177348
295428
446968
448951
235371
107664
338921
103365
293950
362489
337352
389488
256413
416933
315246
406727
231413
439111
344105
258303
395397
148982
288399
363595
282805
238666
240101
213730
307230
153752
152749
344586
298333
165958
205397
242369
263167
210707
291957
418124
126272
179577
444196
114073
242647
341221
223674
210447
339323
273145
452032
220605
362144
374314
319525
149580
302880
426869
177588
374541
377414
158416
202130
127696
341049
133010
350675
393195
154124
455445
372357
248166
446604
330761
199255
216872
117445
295391
204394
347451
246868
321117
289035
168795
115115
333841
337729
164813
442176
348259
324876
182281
309662
160971
253321
326694
225767
416998
194152
286782
156520
413584
265665
427888
105207
354015
156684
199282
296689
423214
205958
421590
300639
443116
336381
207916
184363
448321
264896
144118
383721
162712
153320
118477
336800
399058
361151
241701
425794
222638
391965
248264
280155
286301
207210
387273
266273
247575
162615
370100
259718
159324
254256
202345
388708
404816
240850
136319
412960
172422
330143
430049
127938
221765
101658
337426
271142
293951
152796
302909
362522
169646
402999
255334
149267
272951
144633
405122
307837
141661
417958
138634
247630
455480
120289
255849
274180
250230
252632
354713
382836
203835
444531
344045
228510
202915
152187
331638
418354
334713
252448
354693
171448
304366
123917
385271
372726
179415
455349
163381
399555
405396
321693
297302
256228
352298
127719
389562
334277
446872
278985
115330
343840
120355
386493
419084
306551
166643
284591
141026
277059
192135
260151
110366
156060
431624
378377
119438
394521
352124
105931
332533
257391
352248
248917
386526
246256
196057
258888
419901
286053
156966
211044
390911
137484
171005
206387
179556
389670
283936
392834
244654
378861
237580
381597
173714
169256
205975
219757
219831
181172
303754
196438
389917
176781
388726
208501
429081
369127
114551
387633
393231
379364
409579
419184
285546
129047
157995
363369
280067
332036
417596
353334
351980
225449
455801
157254
432558
432319
201763
244621
406257
442228
132445
273563
139612
165591
421196
148678
107712
105496
155506
225814
279445
282125
114417
273742
104361
298826
455775
213665
392090
215522
120599
336690
100103
244286
401113
440630
107356
101927
414503
341914
227254
400842
190352
220706
410641
138433
114399
290828
375435
453671
204783
259901
137897
154250
330779
350470
391744
431029
357612
257817
340112
296920
239185
379143
412818
360432
147202
256042
334317
412844
418359
332486
429076
140855
134553
107429
372588
291454
283975
418384
147885
104057
311751
357407
173737
193604
241578
238494
428481
113570
284893
377392
403878
394949
293241
310544
447040
446279
280030
101828
388736
249404
189637
330140
219420
288524
309537
442585
120634
427407
235028
332702
130631
129934
237310
125374
445107
141088
423412
189463
349604
445034
138401
443498
334468
214284
339571
171416
346847
145257
259446
320222
303049
439722
101364
416247
323003
176607
246883
415879
279966
101988
250807
445351
217029
202007
104379
137837
382975
162338
336193
279751
286825
266047
181996
267804
208094
403225
407593
453703
128577
278877
287649
127251
389171
241376
191811
385855
378510
376881
289306
192712
254809
381043
319587
439927
176614
101817
381730
113800
180235
279298
104945
364711
319458
421662
357879
143769
210568
332915
344824
343959
184423
341741
398307
264152
361550
290027
142925
411507
401543
175191
148346
362287
443723
185782
225317
440364
359246
276567
358612
454647
199861
403786
253248
235529
438725
397105
149764
292310
419317
162285
219652
424091
212672
384810
367645
181357
433643
181634
414734
442533
183291
385801
174828
388282
241712
273795
258264
296506
280246
387004
411611
449049
196405
370006
213425
436445
401601
133467
118112
232202
264617
367548
103209
301609
153780
223372
294619
254777
438882
391821
369284
138943
204551
139884
431337
444871
115218
425899
407973
221473
375320
396591
418525
388531
267174
324040
306645
139806
389194
236661
143862
121941
366867
148651
409318
143213
126244
447520
333387
270810
425387
402917
138426
207396
223828
304367
129048
309434
193972
334499
138742
261018
110610
217702
284981
252031
447282
146445
100431
267178
234014
100588
290584
117115
308811
140667
388321
194583
196647
288008
433056
439458
144411
379653
160432
240220
362215
226405
235710
177400
270456
125467
418624
448634
131187
229207
267701
219427
112540
161240
133979
318891
263030
345462
145902
431309
225064
344896
345887
294263
354702
112806
198232
283016
264193
435742
182032
179726
130883
150967
114102
435310
377903
395847
247733
410250
257759
264475
373314
381361
127732
303333
330646
127210
382748
214783
283285
134545
257223
219874
223501
143974
268933
428360
235075
374202
318234
310812
287793
269097
295067
169021
407576
359832
444547
217186
261381
418783
307736
112569
207590
453834
198064
206243
368188
380604
157831
455589
320600
236420
370415
427167
429629
289532
399476
163921
394454
417090
376743
138664
364032
156859
305131
303008
368248
421893
327843
384274
387112
376416
153806
385272
372881
360691
243705
332873
250284
321835
453311
259716
310585
323139
162090
375741
193465
251355
423333
126588
214580
449175
169109
301841
439000
367246
435842
382547
100472
352789
289715
443057
121179
394508
277307
451136
259873
109953
237068
127437
152776
426175
297477
378547
391793
112150
430911
209119
134036
437941
230978
379628
283374
373291
350097
364580
294623
158047
203815
236851
272417
403856
391133
452839
179349
343536
143637
416774
135798
289760
106508
409406
149340
304402
314688
168258
182362
369580
272970
383373
210186
226956
106068
442795
354454
393670
107188
219716
428750
128336
338017
145616
124083
326934
122783
177388
440820
328876
223429
343868
348448
104955
285602
106140
153191
296142
125608
327384
232467
443418
104071
257370
438265
106680
148326
396652
290241
109335
303388
369644
255825
221385
411745
358567
115762
147753
279083
420682
444323
192669
300461
303102
171500
311461
325199
418042
191757
431653
343100
182670
149721
285971
182265
429141
359009
259437
341702
283612
228596
171259
217440
355611
217377
240375
130770
123172
417337
128642
110272
313491
256366
212281
109667
242243
338298
404456
131425
305273
164655
376365
444962
141579
361842
377882
374358
397573
282808
447372
154880
305767
175826
423313
128605
188119
349871
434928
398983
245716
194885
337844
201198
373849
257797
135367
390461
390704
219840
109738
219535
248331
450967
299467
320258
385176
255844
405248
425581
196718
284145
153889
380740
452218
287433
125634
396610
438901
198356
293313
245265
289578
417968
221299
320389
307178
345015
450014
187546
245220
151321
415960
424668
188237
289859
166192
401976
392748
310176
355074
333806
195008
270779
288428
113763
411808
227994
189532
179507
423437
377215
162082
332617
159566
243427
103634
417058
206369
427272
389274
275290
179830
373843
450638
158652
240002
186942
165113
210573
118830
285739
241603
292401
141464
225649
162538
217478
358765
244250
347265
134301
417312
336865
323814
173129
148722
261794
276537
266263
233736
140600
269654
119796
227430
245679
215996
200687
304623
291730
429523
270480
242187
309169
193555
200009
253017
328942
456140
194418
340913
370607
423445
212186
277692
159255
124360
299964
271256
370268
253789
306215
129815
408312
299506
316523
372480
368229
309305
328855
433927
330282
157080
268285
158525
176802
157242
167300
423054
270239
264340
194564
299124
351797
300510
437082
118242
180637
110561
391268
205717
107369
196434
172739
133680
343304
190081
451920
454214
159933
245349
273757
262129
354464
424521
105713
342081
215051
220857
208666
129378
192776
373676
206966
409056
126789
391574
149377
381906
444421
437159
128980
447154
280661
209269
379222
278044
253971
178463
239843
100672
345740
117360
313454
369626
314456
103994
441737
260354
145372
267351
224162
326408
418333
300654
339567
420921
329132
131821
332425
361717
259289
171772
381920
205314
126746
158829
173233
191832
271482
354629
356291
233283
295315
109612
318001
303966
258905
231192
455450
135989
331405
201570
240504
254200
301471
143814
396390
252727
368022
252072
223759
408609
196835
434277
192994
193490
242882
283270
286997
353871
113088
260618
368051
229251
343211
174259
452993
109490
209247
348133
263700
179483
239408
187300
341694
134616
284778
198200
327065
199052
198436
252017
263038
330400
294242
135045
145672
440246
244862
215135
235085
263637
377497
223316
229703
267258
294978
243709
352617
203506
118185
253562
225937
445805
124150
248172
116337
235936
266994
231819
224679
367529
194264
173027
388966
372623
398900
230704
182487
109478
168419
150182
135828
283407
347092
286695
332452
229532
268976
168511
186586
283529
434443
116516
195393
153422
104107
280135
202270
148729
300596
204480
232922
329449
265561
352350
431594
230713
340209
339543
347873
353320
302542
232403
192378
238579
445668
118808
416169
112933
140539
150033
419926
167069
250304
333697
269480
103214
421046
316237
357970
303006
356945
396195
106378
326816
437001
133187
258254
244881
355892
353380
401916
431698
402748
105741
265514
301648
363847
452959
111849
249204
230223
210290
125241
142971
111654
307328
394751
216654
101768
398182
278037
153370
268698
126771
399445
142527
168875
216867
148546
433382
115377
212930
290697
446591
426464
337363
300933
408414
446301
272251
395461
445171
132671
359700
362862
183760
404921
409295
167584
187722
104284
181806
110177
122804
317716
328226
317641
370472
343749
169313
293475
315736
312456
296042
148110
139139
385259
136156
316596
313826
130856
136373
301090
115374
421464
282101
426003
228002
318515
439461
331345
316054
289452
318084
259462
174523
107916
321783
289555
372920
324952
396500
169473
426233
432994
333844
281180
219367
383819
250727
398675
121830
352651
204338
237560
160862
330739
264317
233580
389359
285754
145572
422062
183735
306192
153447
381025
412241
379175
105726
164913
245649
212789
109657
116178
392002
396762
329502
309546
442751
422088
248153
340802
327957
139120
185431
331428
338876
250512
264164
277080
428214
232357
253963
158144
193680
206496
130802
262906
253480
400583
189504
272689
432768
279487
246955
335209
280002
315137
410921
376829
150275
425064
155922
156143
323610
278241
146425
305101
306755
183862
407018
350355
368259
408382
131037
104090
355731
267660
350914
360597
363328
126931
164293
405165
422032
414825
439259
149347
254896
307927
276938
178238
237905
243736
387001
345296
262265
350199
179912
276031
292257
328130
254427
323208
400906
438131
334531
378517
356165
404821
314839
225163
330402
291345
131323
399684
450213
439067
107593
345294
296003
328119
258484
251131
149186
192580
142092
409274
372464
406280
117778
147031
452841
267448
100340
396947
429255
328389
135354
293386
376806
427314
367904
222148
271170
199584
326813
288602
193905
422354
301036
401154
362133
232877
155468
141699
314937
421109
378507
162571
375540
138621
276424
218976
371648
157118
421245
189153
266081
104018
389088
216105
147174
243615
436611
360590
189085
204014
190734
394793
370131
338386
133962
121357
366474
382117
408655
216195
106958
371712
141249
397368
193410
309514
231244
389616
291115
126418
407737
172615
346185
357735
135648
353964
123013
109937
145986
450645
247359
434401
449467
417758
150052
424877
262673
226273
358519
299894
125015
409641
424610
372522
233417
215942
149497
451562
215553
273250
265547
223906
296190
440242
102798
241150
106890
364235
346478
256405
225155
216238
237395
181339
444190
416972
330496
427623
202780
342712
202654
390435
402628
428516
105355
287023
351486
362464
179093
451660
348734
145688
163734
253872
120964
217436
307960
384397
417385
194821
186936
325628
257016
100537
298582
300031
325937
349825
233123
382519
446063
246942
137245
279210
397392
106125
280615
371423
398863
363323
254181
427141
230659
210715
393185
233620
367954
207924
426098
153283
311969
312861
394784
246068
406009
397010
200090
386952
377592
155514
199146
401981
254451
198444
167340
124469
403921
400522
149295
370197
194274
123199
321695
157348
252441
407533
427774
181062
279827
273979
180772
186196
398133
163162
175489
245308
181685
151047
118160
320087
194269
261622
135655
198003
430081
238811
202120
143241
369165
430257
369389
298501
357463
226531
198520
324190
441784
392700
173562
428051
319560
321903
259287
367329
304964
357237
229257
237454
228181
255624
337226
215466
110525
261989
142368
420916
403113
348162
244126
317745
420456
448246
289493
276243
275215
195004
245255
236487
336223
327648
444946
406287
294557
273999
107553
200102
430881
450062
275749
402907
204144
206889
211192
274667
397561
252357
161331
355414
152045
305220
380995
239698
159183
299338
322495
417511
138561
355396
400916
391958
378017
442073
382570
389061
220124
284251
189904
200497
181817
417387
385856
261496
419894
410801
313712
251242
241036
387043
223690
398646
268835
324917
186161
110270
304642
402600
359769
389538
238991
125856
299996
393104
156175
160169
262294
285296
185237
192462
167374
332023
216610
425223
306692
183508
362691
149088
224261
213999
225737
265153
205383
136235
245278
450479
318731
345006
452427
441296
203420
160404
304754
165242
103405
363854
383042
267194
135767
442263
181368
370619
244034
114778
226880
108257
447937
236347
198830
400340
304315
421238
398882
137230
209634
209187
351514
301481
375922
406635
261799
355116
209355
163158
249953
421618
348704
321891
244392
166010
226661
138170
320743
158869
162241
108290
198815
420020
422991
395078
298488
125081
118836
400891
221619
440303
175208
442983
226765
432138
358376
302641
455973
429321
304425
298415
153194
115287
168393
335793
209251
338811
285756
246644
404640
448932
205837
453717
264921
152011
185026
195403
116315
370703
246307
300004
420123
206518
446645
234067
166260
422348
143506
273130
399098
347194
158530
311569
381520
279726
230845
157461
215128
401037
353537
235885
161873
212032
320634
160477
145627
160497
300686
251218
212294
443863
176226
396460
373310
202089
161101
199913
280894
353590
208068
380698
171095
259978
159848
171533
364253
245854
121029
272602
414472
439273
221471
404604
177066
181258
447057
415204
437648
185601
270840
332380
316268
307771
440287
186994
206238
222823
157924
254848
405915
142465
372651
118049
169907
124281
118252
454519
272142
271098
200716
133978
254071
429756
120930
421714
159986
239576
439526
104965
275938
202657
448104
147949
326914
396223
350551
399648
411119
155041
304585
101108
266151
306271
352735
371812
347168
140414
170511
271495
120067
290683
126974
291342
119586
440776
367362
394402
148655
284980
288409
320360
335078
320592
398042
241328
227498
182829
337251
104558
263323
200658
198525
312432
134561
138475
304678
138184
253990
108382
114429
109870
132976
252869
389465
230426
378470
222053
338113
447804
328222
351586
255474
355875
392621
213402
377589
393175
255590
182017
348662
239367
380949
230183
267978
199782
375006
273214
229744
446363
403329
455500
368453
445501
307357
222479
200386
143185
280770
364760
200886
452623
428564
110918
104429
296800
254570
270453
391538
145915
191915
434138
263743
343987
310094
204760
353909
107303
198178
147247
377808
334699
137857
343559
170456
407870
430525
425778
146928
327130
394618
437574
223095
149170
108159
363520
273085
202223
200128
401095
350163
198167
122237
409460
206668
263490
307191
140320
202970
183942
438450
231671
251591
354581
411932
420837
279907
246387
204053
242006
115262
289753
393110
208141
252376
334532
146551
124568
356097
388845
381922
353895
239602
379943
254814
447276
445317
161645
363763
333099
152359
172943
401696
408845
174825
222210
241340
146905
294514
452961
157251
361968
258533
349798
430342
162973
205810
112345
391448
390170
311066
336662
295492
212030
319912
234255
131212
157310
218152
100260
374308
184507
287736
449993
119434
123538
395040
266671
419723
156314
418784
126563
174149
233825
112120
450344
161592
384843
321921
111879
366863
225174
368838
384160
117839
155395
247700
445851
353310
291988
410247
212806
381490
346946
421362
130559
287285
214000
444140
377292
209747
199358
181675
326654
332358
214636
194822
279789
115536
151680
421282
188484
163795
313530
215144
249016
231788
105289
157214
449470
162773
397918
132450
366244
142109
385912
423781
364797
414337
107491
322816
199886
297375
363429
308289
186024
394482
101774
319080
363357
428652
135686
330706
445432
137564
416486
404020
339459
329304
258007
219836
290198
246224
128903
116310
416002
279162
245805
427953
116762
429969
119433
203140
425620
336024
206802
133550
204922
120005
368364
408342
272999
327122
209607
426559
390349
354381
144688
338120
227816
176362
278438
379922
113491
298030
126152
414064
146490
440805
252241
234140
134704
142928
360702
111016
353510
398250
285138
215238
222789
264725
122966
178998
177647
133498
142219
201930
240919
245148
445576
197051
404815
369210
264091
149440
278298
229138
124923
354433
156868
440134
409652
140536
136431
135890
258089
146394
247062
368284
392490
320638
398232
330704
299741
439305
304819
445551
360042
340428
421347
385614
140628
107773
385080
178185
347607
123412
375476
105258
346019
107666
341219
417107
169983
281755
244597
413521
296221
266145
188155
396721
170188
315250
340496
153189
112856
163879
265201
211052
205950
281475
444270
411697
236557
196448
214718
292441
208615
399691
245053
259651
264048
213112
381690
101537
121306
394272
203049
270369
314113
381893
276670
373677
371302
204663
293007
224365
370954
437126
296755
193617
305783
330039
387770
437240
425119
126540
147042
354590
104925
180386
256053
157211
422898
321904
371480
342944
195968
221643
223323
426736
271765
328863
242961
111571
390325
233640
223605
171581
419430
448006
204555
291923
398724
330571
405885
124638
382560
324374
168975
400441
233676
358350
380603
352579
104996
287725
277601
253300
312989
271809
331150
210596
372855
355270
309029
341001
388871
236154
401416
164263
162467
268366
431574
334038
402209
140076
337681
122789
307626
101694
291190
120089
385784
129112
218737
439161
220178
317842
172745
222319
284597
345883
361826
208480
141148
196382
347724
122837
125982
246730
412733
146721
454843
111340
295762
320576
163650
223084
189250
436498
208804
402437
172931
123417
236260
262638
271078
252293
130229
140055
156720
135311
306055
336026
237669
414478
139720
202721
105360
358711
269297
156300
264986
374267
187511
371867
292822
226426
152922
274752
101014
416847
392326
219577
407993
334472
374901
426471
211822
221682
436084
278398
242335
300448
122560
126696
324157
360129
310375
253305
196187
233376
398702
432230
436677
452155
194917
232639
329671
405323
439544
289890
413123
310535
198462
438742
324503
158474
184512
302227
127241
207504
372610
449937
295979
139585
162985
237363
258265
396677
142720
289034
216772
344861
177536
164279
281866
415224
179102
309463
315418
179284
368560
341727
374809
307759
138154
228013
312135
179253
262690
124685
377814
230434
443892
237757
335535
208961
258187
366551
281179
114441
345810
120870
225984
178638
451921
374012
193911
111545
210163
272518
299754
211245
251813
202588
430171
247689
127176
218136
282926
321746
173060
291541
389747
318655
342328
133572
433701
373233
292095
219125
313130
204680
125731
393246
376612
103976
167869
241535
281932
156294
221582
102752
248552
198468
258587
134656
314691
126994
234951
132155
342994
396042
136595
185466
308931
368011
217810
380980
107512
181445
378859
397961
405729
251858
378772
101316
306891
302070
110415
122001
143194
339384
243851
388287
299018
256503
326061
140106
292635
276352
165157
111442
445272
159979
250729
206386
455778
312532
185987
100163
199576
197004
153997
328635
115886
140552
106358
264499
338529
294900
123393
439671
251417
122526
362109
188244
154874
209618
230174
140392
418315
117820
426293
395299
375312
137935
212484
407192
192230
378092
253767
236989
147295
132414
119705
416752
200858
292357
425733
180564
417620
391190
383662
102856
177173
280819
307562
129241
123556
247518
311356
202515
385366
395635
250655
335965
186089
244319
177740
235527
180352
227218
343136
288744
314481
136381
343142
325793
131988
233291
271338
404422
332085
381951
162055
373790
185228
161141
239335
369974
367104
161702
136786
430141
318611
299164
390888
313388
254648
100782
303195
345298
433004
349373
185711
255290
112877
144371
120992
206620
271724
325872
296135
330114
162176
183795
100434
223278
367803
181754
364107
121292
182647
334340
237073
231373
454661
308174
294610
102567
384047
217888
324382
301905
191928
412148
448017
302025
303435
193221
428259
418291
220155
299782
204045
153216
156856
170941
131735
324012
286973
403372
278727
158161
147349
190987
191276
356930
397525
407142
423862
368466
158394
256597
144298
311690
266935
114091
362270
303549
345131
436832
133912
449135
418070
240201
431207
304196
114718
221994
133581
141363
179693
361170
262312
416342
360713
244235
252206
344576
246607
228976
142743
126269
444253
427085
225313
301743
367536
323526
102529
422124
387232
449497
377730
273120
402331
414961
263553
360757
105879
235132
212197
369599
257494
207639
380664
419418
409742
389031
432251
264017
150399
144135
256528
381071
172693
181586
393309
110862
381993
244680
311634
362248
230291
310898
116400
454222
120848
445524
289620
403070
166444
399055
409849
255353
335270
197521
115141
227842
191475
331996
159608
408186
200192
286465
171661
121129
247520
411518
425831
327329
388593
290099
143409
321219
398403
279073
199402
339649
223811
344033
376919
449858
435095
262297
312130
275837
271862
371853
193346
448524
276593
163636
362838
355077
400514
120501
448745
367565
241223
426418
354552
143746
261642
310152
279248
207425
331895
145541
303171
277918
351683
222704
364607
412646
331991
373773
418675
117384
111155
311581
350783
235389
266575
220823
100101
206926
161560
172532
400647
349827
263916
110619
349702
253120
200761
398178
327259
449807
414351
201130
310750
377693
234643
109793
164609
281138
264985
383685
362828
190307
334323
310617
137306
143372
219576
156810
340497
419407
332032
408547
368980
196595
211412
114843
363674
362594
341711
301043
432902
106505
404360
399664
436678
138357
284247
291153
119480
311109
139902
369831
148211
426393
419327
456101
433517
168120
296474
432518
298103
281749
215985
149595
212107
183864
437087
304618
375105
232138
122092
340305
336185
264306
402300
364084
425569
168838
190538
346134
269849
433266
177901
286253
319828
255450
203174
155385
268942
371877
384682
394504
125889
349811
442500
166308
262515
444447
404540
159482
245977
347064
238553
401366
438845
176672
254039
227619
244681
309586
241867
251514
355177
303251
368414
417647
127780
152519
450846
454463
243966
305804
171846
164649
297059
403831
308980
158809
134570
327627
140761
142861
282413
160318
283913
411326
144067
112969
299812
415129
238049
147016
197322
144994
142205
201356
305089
315116
446634
177887
444348
316432
190016
332294
315126
282545
341975
365032
215573
209940
190140
325682
275378
330005
206870
319551
253812
369643
109711
383323
195751
452625
242760
100366
407269
276254
134180
118510
380404
162311
397328
287537
205297
425514
167568
165244
148355
293616
451537
283021
344212
214938
213560
146658
165900
357843
278205
324796
366695
343766
312539
395028
164387
249396
284222
175640
112924
206390
218389
255328
444728
311315
208401
255083
175723
393692
330508
449880
374505
434699
310045
240084
167465
131197
111526
245778
185823
228167
382237
364029
229681
104806
357953
408457
111658
157569
142717
395263
367928
218280
132315
426975
119623
180289
153730
231875
372344
218451
151995
135674
311823
234860
128218
326046
188604
198286
299375
122678
367184
351662
324158
204659
252411
206825
392466
437893
383217
208969
289784
195989
186294
412926
131669
194099
196460
197873
306376
249472
331628
423967
373183
381819
319905
233135
428660
446502
283527
220192
274316
402713
207189
340939
387857
133792
450734
306014
125314
287691
443693
300369
205701
396798
351545
104914
150546
351232
202562
229486
333295
342343
364565
301132
435524
453583
406667
299357
163577
315225
397709
442007
298029
124840
323946
144911
111378
413895
252701
257287
429645
345977
332624
349000
136534
335558
406829
332892
361970
100239
453275
286757
188617
114862
229938
328907
389361
148021
212466
167519
423613
294753
111110
277453
237941
422704
207294
152309
452989
340477
124934
356934
124581
281135
125481
446352
163983
131630
311481
318115
283705
236209
341848
416957
222606
223725
407139
365433
302027
422445
383261
227712
419565
452294
238210
223820
231348
162483
141382
336935
170395
171242
399143
455476
280088
447597
180696
310089
435547
274470
321215
168233
310969
107411
189851
301925
435209
420166
414774
318107
154687
306830
185907
171879
200777
265208
304806
168467
378974
199362
240915
291035
400125
106722
135417
123528
354288
147346
447270
317058
338758
345721
418431
114006
241012
283354
337697
349949
211689
426412
322856
190836
290505
155040
200314
424658
409690
431020
372710
424335
333749
176452
197217
303374
128951
351456
234445
158312
370469
157957
275179
217744
259710
324231
379795
248494
428249
164264
434235
388877
125678
215776
212699
383330
424056
258293
105745
441752
301280
109449
278609
133866
172744
248782
282406
249620
177165
141012
243594
296396
109308
374669
214781
118476
314109
223921
199747
248491
394662
335527
121429
280228
318553
348144
254898
430877
146195
342269
390320
171413
232077
446654
178733
103134
273917
119907
350027
140728
221418
231764
420746
317522
127470
282932
253659
411990
327655
335362
402204
267246
224443
393579
190506
331904
455822
236047
417056
236388
115950
438557
131620
288082
305443
156017
193456
225084
320306
314891
437860
376405
170706
392596
139339
430488
213869
303716
441039
316298
402693
168610
358665
370001
150642
361786
243480
376914
366903
290330
228581
118525
252132
394158
265479
167990
204341
118550
282874
264104
206356
119743
259745
341700
124058
328472
441521
199677
210925
103589
349884
399268
131727
201821
380539
108963
152352
323857
119380
353455
204612
431771
439145
210288
171436
413067
352327
380882
164312
129756
321109
143164
154678
156544
423003
158823
313650
345229
433436
346097
409202
239108
122935
407984
430241
144861
263250
361871
435985
293823
413773
447963
271063
440856
197350
385807
134363
144755
228231
166216
343694
377558
117329
424414
270474
158956
433739
144230
442348
238079
187410
312459
423117
293165
250024
106562
174382
245292
399842
213510
207984
357269
317547
117240
415211
380851
109568
274713
159401
398427
288482
205308
356366
154885
184192
377168
379018
126077
387737
273262
344073
221046
320404
206904
454597
143871
238491
259288
137186
243145
194664
331194
189350
304139
200929
402823
349295
180703
132999
226723
109941
104475
260848
384750
171616
397284
124352
159931
333939
436173
436326
306237
157752
381542
330131
159641
417785
137314
364234
134929
288824
390840
137806
252395
158660
223818
103207
427279
108843
391728
268927
265942
347906
352372
299315
356127
253517
411356
300412
403415
128275
152987
154533
238817
269747
222683
368962
100650
257542
253461
445565
189171
408623
213188
140768
134781
283305
102178
413447
296869
289260
292298
157136
401171
123452
375780
104589
159064
196286
403043
299664
208173
309203
189061
272098
337785
454876
420751
203970
109515
372226
140948
108186
228310
160700
253632
439263
268741
430635
192323
230668
382282
162749
384594
369288
109646
192567
137784
139089
195903
417706
443322
334140
408306
303574
253664
248527
237419
352698
281053
447771
348256
112547
373446
270576
201837
221336
395716
286768
308082
179879
423327
321312
267045
413800
443088
318943
108630
435836
318171
147693
449985
431719
252019
378961
369081
150460
243607
439393
450230
377349
278561
194872
340639
334819
114231
331739
259971
109018
185737
332945
396921
287769
281163
425661
398015
373654
253497
210851
425358
408987
286469
429773
287374
370759
357276
264506
349383
314088
286719
354633
422897
223460
300378
382312
268941
103213
291092
221157
277515
141687
102143
327637
419299
105472
290358
200251
428884
159752
105319
392207
259530
128111
303636
245230
187406
434757
230739
451735
452510
226169
350265
191136
376682
242530
421212
325610
196043
152061
211554
378535
368299
449811
165318
385952
393219
125722
142311
455629
369774
198630
186875
453621
406196
201897
399498
292862
425164
316243
179495
310880
188916
283998
332606
408513
451147
269457
108111
148890
243322
270871
454702
265073
424867
214993
441920
231876
224729
172663
197536
135702
333534
218890
419516
322948
358674
176806
142377
125510
331890
311212
173084
121521
333595
172501
441340
152883
217837
197323
267310
282547
165852
234883
227411
187989
240419
202521
206341
104940
427172
455239
167312
149183
235522
281689
188868
175189
225699
327308
156643
254966
157227
185922
311045
414136
412400
377509
200666
186211
173555
428151
408585
155521
166612
280419
184903
347580
101656
234706
374938
340807
299055
443224
127718
216915
406363
100550
216547
140891
192376
120151
273997
218171
263737
263734
302823
108807
119336
365010
254883
291744
107217
183647
292007
412510
377127
388411
304362
358669
451344
116520
156342
370301
218902
454818
134235
277334
297556
400793
229406
309798
303146
271300
377612
453344
442296
296008
104742
240541
168977
119764
123154
188209
419276
165069
278360
150240
425002
192633
192857
433939
174623
188296
122973
376844
425422
292757
224144
322581
365742
339359
120854
146148
435672
238006
376119
144450
438591
339945
375375
341454
105349
373818
143448
165214
277979
416054
200835
137805
217311
239095
434692
156662
240981
252470
148814
175880
341407
127584
124270
403895
107302
375682
301522
430761
128794
177515
442809
291785
415454
274421
235008
336560
405254
448663
124120
131075
269845
315262
110028
434557
334298
355721
429706
101832
316505
179480
102825
110813
376362
123450
223318
296497
344244
383900
194384
151461
410814
307447
196997
153505
405182
439872
357795
192086
168641
158071
444844
200844
202036
383333
308072
400629
368912
332917
205858
364883
102848
177697
137407
104773
256822
193250
142511
159383
386241
346515
393354
252305
365411
119184
300578
257227
359920
281301
370740
383751
353855
314103
423210
238509
330398
301818
180629
436565
435670
378880
144868
276652
407101
372514
414448
234335
365705
435113
200285
386405
228203
171097
418307
331643
120549
305808
355158
384194
350031
418663
421682
175721
423260
193936
100326
222426
254076
138137
442413
236642
204491
321028
113766
325367
233751
229518
216088
399932
139544
257430
369664
115112
148993
225617
391886
317259
275325
300410
411864
324954
421421
123378
229183
293235
209358
133886
168279
431570
319231
338996
209613
191897
341996
375595
406835
356565
390525
452193
334463
243906
218616
235286
100541
365214
214860
448309
178035
339968
140480
244757
193006
367252
295707
107157
310980
287588
298912
339084
367255
229170
223313
123194
417861
161274
108879
217153
232491
358281
413827
359862
122728
137655
190611
287469
342652
408401
256189
198835
273910
395226
240079
158422
289497
173571
153967
403063
255355
132051
166240
403208
424080
377625
364005
135070
393493
226333
346541
363522
431273
101408
233882
372038
133755
229025
103729
432329
393704
149315
429040
444619
280735
365059
305028
102569
427275
307524
188500
249704
402005
385227
143635
280561
381823
285111
118504
306786
404886
251867
150398
274962
326951
293026
415991
360200
149786
347241
344830
315351
195996
378571
248080
205298
115829
351318
203261
387724
168212
271828
387727
243483
194016
437059
236697
395817
260336
400221
437835
262039
171711
351055
355309
250699
402166
243702
436577
145594
438915
109661
399549
396540
407065
346779
203277
156118
188326
334519
123754
452595
240785
371133
113644
232245
232124
403991
124098
351570
141924
132747
317232
389952
139388
446060
112893
342849
415748
125915
302165
270749
344809
188028
144609
241136
128950
324355
293443
386862
373744
130758
331970
257927
210682
128647
283664
397062
203517
324807
342612
211013
261601
260014
190809
267398
180079
159766
194287
450756
327979
397622
103448
396989
266537
138555
171473
404982
390738
407188
406511
297227
320738
135169
279732
302112
320435
325224
355994
212959
311633
120048
422830
224284
444343
207662
234055
382520
203138
172385
334998
315893
103273
454523
299481
131621
180928
439896
297030
449085
307934
410939
138441
454016
109586
106307
319888
258046
268969
390294
177019
214766
348515
308549
396972
324905
437659
249246
288915
345253
320950
279089
190077
207486
443358
289863
455433
305424
294112
144051
374986
387155
161172
250993
425557
338244
173363
176780
171604
239925
385158
432596
222620
228281
326552
337798
413706
413621
280701
143626
374370
383975
416546
408313
115011
245610
433402
178855
328622
440622
251275
408869
409177
118419
141697
348165
379781
193216
441847
138424
393140
352337
246799
125139
401475
235751
221293
290211
223934
209521
102202
205966
293903
274249
216805
261075
349548
154399
221737
236497
200198
219743
315530
418847
303770
357468
211144
118619
264614
207729
185764
170524
111766
160548
443543
385486
178680
417720
351088
404063
299081
224670
260308
420519
405799
282511
314920
399558
147909
289899
257310
104731
325335
182995
178961
407891
270253
123902
146896
306881
133488
193907
412808
206561
168808
215834
157088
443852
321679
132672
367993
194706
405648
180494
331602
222199
426919
344788
366895
233259
226290
230686
196207
191606
377403
213948
162130
250289
149096
115449
312810
203608
198639
311978
224634
313504
265015
347069
112563
185327
451524
392676
426167
272910
423056
187257
336699
196347
359819
320872
207495
201957
149296
226770
430291
383107
113374
111858
306578
453112
424700
212731
122757
406357
267717
314145
434262
413784
437310
182375
165876
259914
307195
427368
264257
348080
443553
395091
382240
423015
120911
250407
149993
261911
415285
388284
164250
312875
120071
180658
117822
455760
150463
299455
450906
212028
210499
422131
339876
440552
290339
292393
187830
386582
130448
339239
246684
151852
439350
285675
147435
411085
146542
368201
101208
274124
408331
155890
308689
138840
421462
312613
322289
435420
275942
409089
152498
328199
280231
128419
154496
303566
445482
373339
423047
160292
394825
363896
202353
157887
125941
414460
190302
129060
287925
378707
357004
203621
128351
374198
285113
275193
364958
162548
250210
326463
283540
166906
370300
138033
277414
375905
174683
107251
389610
282703
109172
227134
407748
446394
429761
100813
328692
246977
424397
262126
420418
448533
195627
404932
431103
100502
173358
410640
177597
452965
217731
270134
227778
289767
237095
381343
295124
128084
335719
449065
274545
292438
423866
221651
151525
216431
366731
394794
217000
236545
226547
393432
388374
362015
398770
233916
445439
436232
362461
279941
126874
357123
380842
449147
227088
156212
178608
127660
346632
221818
211782
303879
416622
207676
159382
198388
378943
170929
392194
220115
440638
218978
267607
145934
162917
352203
193062
324092
240753
383307
216761
329194
225143
253411
118212
184604
404961
110184
365192
107310
273873
128033
225326
358468
347016
175242
325606
361166
284988
426007
330053
242511
300104
110170
223195
151399
404856
284620
444659
290318
435476
165717
305959
355655
454570
169094
349390
119305
420137
242568
308250
322778
191269
345063
111075
333155
102769
211820
149902
230479
322821
322776
331698
264354
455372
433250
108627
134148
172597
208084
424293
315957
175623
279244
345358
113310
256484
136291
369661
183519
356990
415846
166005
440057
347124
393328
288050
388504
102258
110082
259900
449187
161824
205816
176758
330660
283734
274692
108455
361474
181311
433275
427474
152217
250452
328591
231799
425872
161396
178591
329566
401735
350408
117100
263124
422930
238321
284191
130327
313411
390383
305287
441220
414881
166897
296491
110685
159159
386314
124694
108831
395290
158080
389820
433604
278013
270567
385235
359370
265275
306255
121794
240450
122122
117987
393239
174998
128679
112308
450235
118008
425562
120948
299106
279204
397530
208070
185760
383283
136875
378361
199912
362343
312694
148138
344583
106625
176089
232670
405868
379371
104850
336893
338682
237785
222882
314206
277382
133193
432355
188801
430989
131097
228376
137086
163489
285433
305003
327515
435028
211324
190015
167424
395661
220993
324767
231414
225303
434944
216169
429346
155828
393476
424627
261708
400346
164826
113048
302220
206040
101543
320482
261646
179991
246824
317334
331384
399274
299803
354584
333960
113990
118813
292909
419073
359930
403146
250412
149622
411692
295169
439814
201186
229381
269272
452935
427770
315269
216139
455767
325561
202804
197251
224064
281740
144362
398923
445519
150898
414060
172594
288442
165517
233144
328296
249147
407758
292225
127721
362876
142489
415813
391963
427519
105658
163787
158702
184518
182320
178138
226866
150568
410530
379402
173075
197012
290279
250641
185044
403670
309557
379811
187140
353422
207149
288397
452817
343926
202152
111729
327778
333719
416182
115515
256376
161106
109265
305973
250382
198065
333028
183375
338802
325526
272223
253980
298987
436158
283731
372236
168389
392908
177232
110641
375983
230993
283174
194565
256692
254923
116159
229965
301990
432524
153090
277147
353220
409548
123740
165776
208348
179899
448684
364202
237633
373435
170296
224042
346234
367063
191874
265526
272216
437440
136783
243808
361096
231461
120194
191433
287916
187207
225321
356099
348174
277222
121333
142875
113041
450193
383423
119323
334513
347574
150180
227396
419923
182046
227265
341618
280788
110713
141044
418804
257286
108743
308527
110291
135833
336842
180533
130516
104423
438932
138230
168510
114906
339119
451937
452426
222978
253572
221124
381563
401006
260442
200815
214167
394703
249959
438036
441590
174841
226549
236799
438480
161109
230877
352167
129654
345618
282149
399767
117836
323928
432081
224819
190559
455134
152213
195261
230017
126921
232383
409491
225768
238499
135323
312064
426285
340445
118865
191442
133983
108397
379401
115466
319607
110571
188859
455382
420606
366565
158558
254038
150972
141003
446622
116700
158475
156985
230117
102583
352490
264801
190370
206372
178224
412822
239421
211446
190720
262584
276059
259063
123791
295757
298803
425812
359557
368694
372246
334081
250690
277495
391309
116014
327008
259408
210575
429215
154675
302848
329284
308195
419419
262911
195915
444048
434540
123151
380657
170370
411967
240287
300246
168955
257339
100574
236941
353641
109133
418415
291007
174030
307324
231664
234161
160987
196744
202383
316901
456151
428435
181411
205753
253302
346254
351042
356389
143208
165609
425298
389903
135240
116429
223680
419847
303161
294304
310222
414966
204456
257758
327549
118190
364934
129668
362914
234640
136570
131210
295158
303378
386212
328277
316244
236134
107008
331350
315593
333154
132496
234013
352376
324551
273326
231338
168934
398906
146173
267769
425166
223800
350042
156272
118372
192062
189050
451858
157918
426032
170568
335283
143661
342719
346892
190481
455453
211113
157448
331406
254021
388514
120800
368568
338196
317258
452245
161801
180982
240295
263260
453649
404669
373998
267731
439474
450821
102495
369155
426348
400854
321079
173138
137702
193871
144737
291322
182328
335400
202486
297679
190049
325745
294872
150169
316497
243674
236882
160194
245774
375104
153635
363423
347126
219146
452187
133419
230352
186764
421960
424544
163351
163685
129302
416217
170109
268713
173490
333926
214775
287680
232885
304247
403140
145247
384972
211374
173206
407437
282181
213235
141719
298087
179214
200634
128302
436063
180714
239730
423910
364733
179700
441911
125762
211552
177540
430804
326641
131468
425545
351110
423484
275169
106903
240953
392047
397514
186405
140427
313124
412362
253983
401655
425866
408871
263745
283286
176533
203972
164185
247652
309639
383388
404562
439851
434048
401232
240964
363800
317619
444437
119654
206875
112887
145207
325636
410123
315652
323474
440078
145963
296325
281635
451468
452899
322121
243343
183810
277385
401611
371169
277767
441516
163955
213061
452360
307336
307632
423007
443184
115854
360673
108059
165967
327582
121782
406816
393528
335246
159231
208506
278107
116899
207301
407819
138076
294396
112858
317278
412619
129896
411838
404691
292761
373934
218023
424326
433973
438887
207076
134572
455018
130619
397787
201615
435583
428304
108230
365502
188354
434196
321228
219184
304349
337791
261941
341184
338929
219456
416540
121883
180927
105299
377239
266810
411070
123053
408232
325754
210919
165943
299185
358531
228345
237760
239224
137238
282797
416468
402607
379849
296628
447911
320185
311127
113119
383467
107704
328270
304521
317217
146053
283106
275779
307941
276146
244504
117213
120248
378246
245596
157616
275813
125554
278235
243227
113560
203747
322030
125343
152128
383500
212062
190340
180717
134370
455241
396564
267618
281175
148347
453004
331524
419920
392393
283120
216181
109873
408324
394519
209416
298731
399925
113425
315520
147473
104883
294516
171724
377954
349115
389829
224471
432629
139525
227014
348912
355322
419239
221729
199953
364432
175973
294734
341006
325272
445830
163199
318395
147418
155519
122185
414412
322777
407888
426754
406569
314187
367852
421019
379715
275124
316459
146518
194724
167677
291017
296157
296895
315078
324093
237147
358234
392310
433951
335621
451416
183323
445007
448966
353914
357541
337424
214692
414645
208073
154733
161627
218397
399928
102339
357354
347367
366528
452570
301727
116550
330735
294571
379900
440789
284470
330896
222307
142628
353409
407812
403443
106348
322756
303992
321821
400722
228980
182576
126095
148872
453035
265725
113517
382584
455414
371082
444414
279154
302179
370590
153210
286143
191634
233266
430233
308635
167429
397537
301701
113411
251016
397888
222500
295791
143841
298336
389216
171366
209157
249750
358004
182968
209283
332599
226485
370525
230843
230777
105854
100736
336482
108426
329112
109658
238517
399501
378234
279100
150736
375899
276034
394044
221194
387904
181753
223269
158227
217641
316495
408183
376780
145736
100298
197975
245505
440096
219160
256287
247828
107286
350918
254715
432071
218010
187885
217039
240289
392306
200797
122213
162678
149907
435495
449544
396095
262694
305036
429972
263296
158217
257316
260729
318806
271820
166510
429534
332024
389114
178840
198912
397161
367637
278250
263246
130087
230744
203910
385892
400789
250647
313537
313046
125391
234916
211543
113426
309045
100282
141635
273210
424591
397814
275886
374154
186458
278743
397201
311731
151045
230353
178322
295062
197459
350198
109082
116931
376185
361367
288220
161655
357194
143130
210017
249711
289864
172944
379238
155972
176114
118405
236381
249891
441262
412608
370367
384334
171141
409592
189846
271748
313646
281283
312780
285015
116843
138444
409740
436186
296109
111543
165330
250341
344375
173987
288654
108150
377752
156808
250683
146134
419590
363738
393021
204984
180877
227012
175314
341511
445261
111449
139557
137637
363055
319013
104739
231753
113420
289838
372094
413624
401893
301135
236016
440747
168001
261458
147854
271718
106544
434206
208844
243570
359273
397182
320438
272162
118841
159411
438282
110732
419357
231508
140949
400256
365582
187420
201898
119625
236396
111531
150298
380760
333277
336784
396683
100968
368710
190584
347622
119355
111925
429132
276840
339474
437507
241576
441054
435745
112353
264125
409501
232241
296652
256143
171531
356188
248820
294488
382854
138070
443822
364010
403078
211970
328613
156839
108304
440472
100304
443143
196265
148438
247865
260657
421158
302402
342521
364073
384621
218595
416103
265603
308036
350793
433601
228917
157895
329733
216235
238000
150453
414521
344420
411303
409476
346361
323605
242135
142760
138052
226981
381528
404100
342399
295161
100031
167760
146300
408369
422405
195650
357712
287389
284381
228739
255919
365990
272436
359779
229129
224414
213415
287560
214139
370125
320777
427734
392177
103261
203515
385794
177207
223025
329631
453139
315752
432677
159442
114564
432177
443658
447418
200649
278856
206861
173038
224989
189277
299721
277851
348457
129486
432973
243327
423028
137986
414994
397691
313938
223912
397616
107800
452410
113756
241619
343347
414907
158944
416414
256898
347695
368053
323013
133277
378634
384963
207880
397217
334389
237088
426165
294155
385373
110099
439292
455625
349218
365009
215201
322340
447045
354280
328020
326339
385191
192261
109619
246589
221356
389750
253200
143057
304161
222434
407928
203757
135161
143177
218708
226274
294670
218084
358289
201993
303326
241765
116488
165998
144369
242758
392797
380628
121002
384093
203436
241154
215748
256871
129084
439600
292827
152645
352535
375495
181128
412376
237568
149454
418045
259034
130477
245095
269592
263346
445267
154497
149551
357086
167690
157881
296073
343249
283179
399948
249131
424886
170244
188393
434012
326253
303679
133264
379303
309838
188526
330259
108521
353302
189670
403053
265250
425111
367752
398195
252992
421907
260925
412655
403320
297725
321766
180704
372991
119019
171520
435967
454494
387907
115223
301068
298603
419338
238781
352848
170012
172137
405519
365804
367528
313734
245134
195724
233004
330849
124950
180964
293186
157846
179120
298259
320888
185025
371235
218723
238455
114790
218144
372621
380524
260571
199372
263227
147732
165468
130193
104980
227203
358848
153288
250695
223099
388464
256879
278531
390882
273975
428596
357310
378132
202675
319214
314607
365384
391723
206646
390025
381599
174554
132360
154906
300626
112790
271966
145253
306204
426512
397158
269024
262436
179107
191288
338965
392623
362744
449869
153353
131386
335867
310357
346826
438270
366339
391075
148197
244598
356774
325140
233560
306027
364402
429183
119902
142673
157717
205322
146573
217157
449725
308127
299902
419219
240260
290815
426845
151492
171507
213840
122995
421936
140294
378802
370078
256425
338040
453245
288360
254964
433977
131469
433337
368058
148932
129749
321680
363710
440994
304137
346813
193952
436425
289132
263112
173303
368301
253486
376490
161595
365190
354864
240582
121871
318915
321547
308766
329377
363736
367724
355446
456146
355150
454371
173897
227512
246546
411252
176396
185644
374470
289612
362912
377020
183717
139328
130382
201427
217667
393433
306009
227190
173577
210162
430980
442778
233759
177509
173120
108539
151684
252598
162404
248915
192302
400977
227217
238188
236035
420512
223160
176372
153268
117504
407651
381137
108439
161583
274104
187738
448175
104041
213621
280629
347435
294574
257489
152413
386769
452742
383645
122005
195052
322194
348269
340517
424131
384084
388364
382929
122648
454391
183662
346453
456062
340118
141808
316869
290988
298345
286726
286358
249196
347462
354857
400250
342302
450574
421288
164255
154386
449723
184300
341812
416604
193865
171822
406901
211149
131553
155477
416375
225570
291080
308025
275292
356603
318276
297569
406140
418818
443586
164323
207866
297282
326560
390914
370378
138699
370021
142010
332183
208393
249929
303634
229762
379861
378890
101276
429722
206478
122438
151234
166846
240038
125681
173852
122656
432833
196735
166144
174643
349942
148193
229214
186939
265125
292701
309181
311494
375943
129292
192194
373501
113802
102661
116211
128879
214637
401658
398971
394978
335827
389876
337417
311200
108707
280648
440741
179016
355652
228690
239526
400164
442765
383770
368486
218726
302742
102119
371353
411294
270329
221490
202561
108392
341217
341047
101632
217273
148145
121956
443720
213847
352484
414563
307528
256976
228237
405238
260231
145710
305098
234341
298366
250002
219722
302184
315809
249234
276185
105646
406339
375132
204156
118701
281446
370060
402606
185063
456215
301013
334347
135225
364113
424141
407671
288520
169847
187381
141931
262128
238448
387653
262848
381701
295247
314377
216008
285001
147362
410226
107870
179112
262689
234573
348869
303972
219917
390855
318754
302384
405160
111399
225230
293585
200589
170439
281483
225192
138832
416255
304283
310063
267494
425101
208021
442683
119986
243123
271796
201558
344679
181016
435483
111997
248843
108313
308031
340064
197500
453161
295748
114247
146861
259682
364997
130777
362170
431126
289142
223168
190425
335892
303897
442498
194385
370105
236021
349750
344900
253565
275528
265375
413298
246569
298509
251618
135022
406255
319919
330391
330415
224294
228992
421248
309032
435369
101121
308049
131094
102925
197130
281997
183376
234202
156766
306747
278595
225680
387104
453363
264883
388227
380814
294863
291485
392446
379618
367085
111499
425246
373078
195566
424588
294193
214955
365565
358555
152134
180970
344693
242967
360514
415132
395632
357264
401736
139294
286348
452017
355710
213145
411686
365792
280168
402455
399677
123429
454731
185041
315907
129782
380436
121839
230770
161888
269362
207457
208988
299119
230964
127923
161002
284529
246036
415773
258420
388540
449243
441883
232118
366343
146085
162882
393878
376053
359425
400318
165327
247760
328113
242891
248287
442518
360344
337904
185727
370442
446156
339101
315300
255561
150694
413904
181276
453957
232772
117759
381283
203993
135418
274160
189291
431996
200771
107249
286237
193830
317857
104571
234266
128641
136288
422127
216208
424168
325669
121309
329639
439869
185335
223936
243311
384038
305968
417356
156013
416840
396456
383276
427901
338888
205040
394331
139963
442239
151549
276278
188205
200356
420949
288795
407150
415691
346031
265693
163356
286649
204924
218391
261014
206012
246957
316306
436523
114754
306346
127011
218883
406417
301069
226971
260462
240452
428084
426867
384320
346186
141354
269367
334807
396817
452126
139469
155437
334390
273720
330397
319054
270365
383145
128209
375985
404864
175940
277840
330820
434983
383493
222204
197739
188408
430448
295412
281934
291694
295060
321654
451048
308471
175859
222332
113775
362534
371441
187561
381005
335555
261602
271571
108632
290998
327942
224242
408447
181979
237286
154214
151794
208742
400293
318313
346209
342848
364655
327847
101807
373636
231024
205194
432890
217938
272343
207728
319445
306549
285513
278380
118880
446342
421885
305700
245626
413782
107523
288612
353503
414576
270959
225509
151944
279271
183060
116050
385289
192294
132544
249376
396714
343156
166666
272859
128126
170021
322902
428281
188535
109677
401698
109705
179702
124500
236091
452215
362946
138866
200035
420269
367413
281013
139360
278062
402672
152611
197875
286298
203689
102104
145316
194771
108578
341316
114639
146083
217060
163267
403177
344528
278685
325422
167794
390536
414927
210825
364439
118177
139066
428697
192694
274743
345829
233531
281573
109267
275240
138342
180095
272459
443554
358296
439068
157874
273044
290395
428250
282240
103777
106548
420153
405305
343101
382086
205316
288114
193802
428044
102447
439503
390298
393031
358453
292114
349023
170726
401542
186000
108680
367864
196768
308492
239527
282439
300836
189592
125247
206152
371449
130941
106766
365243
448711
179445
394003
185155
330909
363416
442880
170364
452285
402813
251871
101348
255610
358811
230829
177434
154127
238518
118220
363337
332851
376861
115282
393838
171490
312924
137485
285734
124752
407617
149109
406087
107986
116625
150621
321534
188721
357542
447906
187856
291212
160236
433083
360711
410966
429935
207353
284141
416011
406535
154448
291056
217821
334820
119197
164762
200906
129164
416797
235292
300674
386757
208694
246635
106328
136988
320327
322161
357752
199215
338548
147003
171174
305749
107036
288825
196721
360012
438589
361250
155449
430692
208655
414316
352470
121915
313054
136393
379327
321689
253207
218811
295508
345221
370729
277582
215179
211616
252955
232507
176801
264121
160224
254645
423208
439217
357185
129588
370898
396846
270715
453065
120512
403056
213583
337913
167859
274260
414237
219419
379842
262353
340295
223541
148614
320939
432035
296365
454055
337803
140923
450941
174243
183958
195387
433111
253783
447538
391299
437314
447343
442840
233920
121132
158241
334610
355551
306079
118067
116553
202846
438540
452208
120095
344326
453084
154089
389159
153284
389178
255039
409971
440858
263545
393808
191555
102900
449259
304109
242409
358002
281648
405835
337243
306037
175222
101134
368455
353424
260503
433525
416133
299848
165830
334705
275777
378383
424922
400028
260235
277778
249336
385362
219182
273966
232362
167903
355247
159057
347539
213089
277907
258741
204735
330511
429968
237818
242220
216919
152152
231092
229698
353073
204942
100810
416095
100018
306100
126521
267311
371964
410170
443780
199781
247666
199621
282778
426450
109475
230745
269100
147899
420329
214594
446387
249965
392173
418903
442444
138782
194837
447762
448357
362945
346596
213381
204070
311895
235894
194397
211952
314863
156443
357720
168492
268867
117635
436842
118673
151319
341388
313757
124420
142965
387914
234393
201912
325414
437436
295355
118908
277748
294788
214433
326038
300582
140805
453719
398366
357977
399516
411557
297506
279987
129199
389296
212250
213499
100012
177041
233824
328762
302497
329293
215304
453856
195133
183624
290806
244664
108445
180021
449638
335898
185033
406306
106697
359421
113147
335150
426694
418659
424165
353731
303522
404684
414788
438945
321888
281751
333427
170469
446638
347626
307881
375639
443668
443497
272797
310381
335855
431463
172888
352765
219458
302549
448113
355972
214466
283593
341472
336828
282022
387504
390031
194328
241467
175837
373308
129998
331801
245312
411694
234387
161212
264564
450651
255949
233546
446718
315908
257631
411263
190317
181639
232500
158591
311532
431985
406402
194504
341925
380217
378373
372217
262323
424276
129564
169852
141250
150147
387418
328102
364577
123024
305969
308809
259302
360495
171338
162716
297855
317146
283411
254853
330844
326392
239398
324148
338797
393378
168910
257553
248147
238901
349879
164362
387666
306516
305074
414209
247665
248247
193253
235470
315630
155090
215657
392305
162450
408927
198534
102208
118260
149883
141585
417689
319614
353459
310036
417701
360938
363046
132308
208104
384267
332415
266398
252058
117303
427045
277315
148304
416432
174933
167601
389871
450909
104753
121582
351597
411763
450643
145234
186617
380428
188264
160968
428124
173464
256636
218470
190288
275988
248093
430418
385644
330537
200942
408123
172326
412062
183898
167726
113484
227456
354579
234125
288093
441070
232966
241332
205841
362163
215316
248844
453973
120967
113550
390607
172302
159727
399522
307981
218701
289991
120274
340755
380857
418191
292179
332565
161133
330451
393754
229947
412691
208712
289344
247943
384256
122457
418476
329853
186459
408184
281226
140416
350363
116945
199329
152870
283978
246221
349152
228565
249237
306418
440094
149892
265369
440678
112156
184424
450259
320776
432691
421392
184899
398152
103967
418190
356960
445260
387462
179496
362716
340490
240122
210537
111458
172388
433268
160698
269543
269215
113424
145827
216359
268123
412735
252162
340620
380767
441223
429114
298694
328610
129512
376696
167308
449976
452400
287030
169000
132408
132369
337563
137000
278910
233513
304999
398494
436595
196989
294611
228650
111522
316911
187667
257994
278129
414475
268980
344478
442035
140086
255357
404498
414189
316751
452206
285494
125993
329818
330260
224972
134945
103580
109050
245169
106355
111300
279637
116219
244580
275284
330846
215004
398256
173116
287091
442344
277294
167490
147273
383100
438356
431053
321460
193108
208920
262668
189173
151135
320998
302537
200148
297800
267440
181378
330195
405390
158979
357416
347216
271337
347582
284904
238966
334683
298390
448269
193066
331737
455659
291992
420910
319106
398155
349309
180851
315348
281116
236367
147414
156580
113857
311378
454859
146361
118882
424057
454129
127937
170049
172123
379427
392817
196140
113885
325667
264785
389304
228435
132515
341799
354073
109177
377608
453102
274802
290282
322494
347573
129040
105609
248927
332150
382043
429665
391851
276984
391906
294957
239827
390938
315590
221649
199807
426834
448119
102356
318723
414441
117290
423266
182733
143351
274026
328156
132614
205925
244575
243028
384799
357659
112337
260165
427512
196455
365568
124020
267177
380746
279964
343410
201168
430208
144946
178333
377749
339671
426641
392006
375704
356682
246340
261122
347991
279245
312290
236489
445159
372783
250008
230577
349784
308283
204054
268093
259426
407994
128051
118552
252473
441742
269231
307495
288448
318273
347866
224290
278551
134193
371524
389811
384644
443540
268595
308583
294681
335629
454633
289717
280065
142651
392535
298529
272060
146273
336595
190622
451232
191887
264144
125064
147800
224187
322287
114344
261705
206733
125345
453329
179402
418930
232472
435187
108733
397220
142553
413947
277113
286041
295692
295503
406524
392166
109911
130673
351653
303000
156070
393767
173278
337281
120617
111111
415596
359798
296060
434603
321803
395405
292273
137010
129472
214891
131494
408607
264945
136395
362296
384904
381135
364364
335581
330738
131878
421584
186650
136391
146493
288078
303090
253315
130523
146178
366966
415676
387639
184411
168166
298209
194037
396813
404263
375382
312717
188172
434272
444963
150505
198313
128936
405712
192501
314493
339046
299453
183587
110514
206834
232368
263235
300183
386189
248777
378892
103176
168923
241273
219912
408228
348004
257350
436077
417944
437349
394829
444311
285298
125062
306428
167044
209447
423544
444303
417693
140594
429073
215137
310778
248784
268604
290315
412401
147675
406526
148719
163180
306023
281735
124415
292956
276199
294389
362719
171106
430602
351648
148258
286475
451681
316588
343662
199757
344800
435305
438558
243091
369685
416320
400432
410749
305358
130121
381586
322489
269413
115216
115285
116983
389050
137114
391158
391919
355905
242888
425228
122878
146450
153612
140675
148093
337588
288156
217991
380562
201939
150319
302890
244010
196830
413190
144447
200351
156003
430245
361901
100950
108442
400072
152691
115839
125980
300252
340207
251258
184430
361225
329517
417047
408211
343447
305569
321958
237218
336141
159468
342737
127428
175570
394072
146777
362513
449604
392924
181927
381994
317473
279478
425720
159477
448015
346522
407924
222116
249803
195642
416048
176988
105714
241228
228966
348830
308813
174808
453451
161257
187846
115019
299864
287193
146667
372380
354447
269134
254244
113437
170891
350407
284835
320115
157720
282949
220926
394889
201886
143646
271715
317285
271048
304936
292107
109300
423857
447047
424507
101970
444754
424752
202581
394554
444363
332417
443078
442583
433841
413368
163040
111871
161163
282334
352195
116279
282290
430326
137899
393183
168756
249558
135303
336076
244184
160264
398896
289874
291143
237873
435970
135832
216675
244995
255001
127403
379749
114652
318922
142620
408842
350809
197858
325707
212386
437677
271714
264335
214732
418068
381077
440375
197755
235858
139536
338062
379499
133118
339581
330613
454219
170884
450047
216017
102338
100408
435063
186189
269622
132259
124403
296258
378178
412028
352478
358368
399690
394359
307467
329213
378296
282405
315027
299563
203465
103395
202308
353552
178492
289618
319132
166001
183583
338538
341928
182480
440762
423632
394055
126712
237844
163947
157938
161513
419160
321073
210905
266282
425362
237968
228611
432004
402941
409713
120193
244003
237776
275637
203709
146563
117188
182141
195454
294719
162990
359586
131997
340937
364591
226822
208670
125565
325232
349451
276546
321861
323769
288124
138266
379724
305556
196055
280492
371101
385555
345773
220295
224399
243472
382008
373952
239887
161311
338775
322404
165885
281862
169942
394884
359815
349870
431291
182711
142649
310146
185670
155693
210637
245553
346989
327934
452048
290514
119575
243625
428014
314994
319848
152332
357539
271666
242473
357071
200721
134621
245603
397930
159970
427281
221240
438665
123557
430567
256555
294607
175943
282837
406076
397908
372703
188344
209472
108525
433647
363401
125263
120032
244103
379192
111285
268944
362078
145026
326397
173411
440120
417068
128753
139369
195105
316708
128981
453787
418793
293470
188804
189439
218283
182650
313298
327993
396940
142518
431542
122466
331941
305325
244142
340381
138791
356504
137844
358903
137405
103992
188685
167190
188957
281904
244314
157944
111320
253892
396592
409727
133845
282025
249567
218301
298063
379799
323870
323440
199570
143049
228326
276381
373449
234865
220979
454258
266309
120772
409368
436605
341133
179601
142554
345153
161973
261766
248195
401777
357393
117960
314547
455608
164624
411058
185302
416227
426212
276139
358544
429899
361820
371145
455886
321935
254626
121574
419323
223334
364429
196155
153956
170055
398509
135900
350608
259524
309867
189525
145629
350409
449664
326101
280123
259942
102486
431503
166221
152452
383106
328718
294359
156901
129936
333094
124395
426733
298971
407256
323274
122655
149724
275521
152592
352900
189375
440328
425543
176330
272370
381219
380503
179474
451664
300228
301451
442930
205452
204825
161715
224788
225361
181215
247148
244243
337459
296746
298513
228456
455054
254855
326300
309900
377666
315611
439653
274674
307518
348665
426368
362756
426270
358168
268334
320451
270359
310041
428000
131574
163286
418688
186351
315933
121939
241350
123971
200416
451215
424126
387125
119603
377834
202779
369166
121420
177290
320962
235128
284079
261048
291076
300292
329616
106838
423835
234877
302526
257314
300114
314530
283668
308281
324871
350477
211494
405834
357932
375286
334638
125743
321907
188596
372418
149311
163086
435392
349590
441044
139399
128271
381165
148428
253196
343302
114437
209702
436845
105342
388233
298679
237106
359243
356058
398470
153944
399485
404037
418823
360244
309823
137704
160222
262888
205112
417210
438636
244434
259051
103836
365405
245991
385754
264526
221554
236129
329067
330845
291306
198495
395406
389322
412965
383139
148561
124501
236184
226110
439943
397206
424552
184889
386648
317879
230472
427710
237865
119247
214864
194488
413486
201107
140467
152729
305902
389289
401168
390505
331139
321139
323658
269682
364788
188819
401640
307869
340879
153390
389351
329599
451697
449221
426498
269322
421878
402167
291460
203913
138694
326991
356922
127744
164325
433992
424781
399863
231173
393973
169548
185678
116385
125753
208462
171094
239255
111254
172901
367723
191542
269313
260916
142267
380200
170683
401780
200113
317482
356902
328518
271701
207284
123536
422089
339549
135081
201694
351770
325587
152283
450279
116594
243982
170603
101114
220589
288125
366785
437413
428607
183858
348741
265095
426906
330757
214490
279541
340982
271064
343488
248051
269446
331348
282922
154802
123166
201289
272079
437405
142100
211823
408996
185464
139576
363848
145669
327049
320398
179012
134388
340934
406122
118751
192822
393524
337719
193588
348581
167270
259481
378495
418433
169193
181066
329729
205817
330176
176516
203018
371983
154337
226541
418726
316512
356586
384690
340551
305644
135615
433825
224957
232542
400386
131829
358406
388941
183960
357608
424025
383647
222287
356200
277998
449852
396278
203045
399251
382925
421722
236116
148887
260874
402304
361257
362970
251181
320584
245914
186908
279899
356152
429646
126511
154961
267622
145875
430145
213193
386236
401457
319810
222157
179267
356560
193572
323755
278259
167377
145313
273589
275037
199094
250249
135154
132001
107127
252930
445146
306631
170957
114213
267138
366846
363536
254463
134707
446107
326901
181801
447193
287571
288325
441291
202693
233011
276277
269099
249501
222429
288704
212900
335225
392200
345013
416126
229405
124302
175897
269570
191485
398798
277954
429209
147989
274407
302803
379169
155333
224336
126550
381693
407004
405227
110883
158438
134543
207452
206475
273340
439107
134996
382169
397498
435817
230486
114736
276174
269003
384384
448560
290694
237155
214717
135874
144412
314808
100433
359083
327493
270800
166680
303930
331706
231132
417467
126787
180671
250428
302859
348556
331994
394123
308161
447499
186284
204774
289445
185476
255300
195136
410105
147433
315203
157591
312486
335111
350653
330959
268042
231372
150230
155402
351908
117992
346664
163996
212948
185799
387712
311789
265472
426136
236776
125023
278651
134709
260851
373196
352644
179852
426977
436710
105827
316888
263099
240187
341792
368677
162253
173033
186218
329160
396465
248903
308671
376062
374137
251377
155584
128783
276166
446690
328798
106482
432072
320447
327203
375440
206977
332247
179103
321340
112397
352879
321943
207445
195159
294352
172779
406577
173886
271950
192923
203445
260984
304220
301465
122437
329123
437818
114216
171752
314270
248389
450187
425001
343634
390265
313915
409889
441520
411143
150852
126859
434163
335752
235683
392129
433818
377563
255991
432750
100795
297151
155080
413260
112884
195767
103285
262809
427810
150900
420552
142072
161328
397639
149049
391004
361695
173630
398496
275145
139329
214971
366570
211794
244177
426665
443609
156746
105263
235691
114784
160240
229536
218411
224043
351050
128386
435318
164227
154260
220676
118971
155877
118731
391456
352710
423000
203969
312295
373092
397654
421006
432822
343947
163033
391012
340114
326178
135841
266191
218776
258105
414453
355989
270757
168604
145889
214862
236268
305901
347810
290272
147480
363095
346817
332737
273172
336867
398430
122530
104385
386237
315207
344005
205829
211463
202847
396956
206406
247985
405757
405979
439440
210339
187393
438497
418902
212482
419533
294246
337649
264418
131020
325334
364986
417694
326265
380416
338415
455558
341904
305075
394925
299388
171909
396674
207616
376213
443602
397936
142941
164466
369711
386466
434492
329285
267040
296865
185546
450228
138635
170655
452074
356900
415970
187295
407404
222623
233218
364346
342360
252776
323547
412294
426151
291417
186977
334337
255440
120689
250857
407800
157087
430873
175194
116981
380738
174251
115763
231582
228700
122212
123588
282970
437404
306298
341531
153971
354294
232173
340161
294074
325298
368176
342509
345205
394816
293415
392080
262539
231205
288074
147842
266130
272945
355643
200034
379604
430028
385917
211126
148165
220376
338222
245072
419887
380779
151138
143405
229641
411331
244438
189830
256988
405057
387267
320814
169366
426509
142563
226000
376820
289579
366953
381966
290253
365909
383950
189249
302260
151523
141669
176740
429860
408558
433555
361439
411574
326005
445333
421022
310083
120351
167527
442946
322732
332043
224919
378542
252424
151246
434684
268621
297460
305897
145532
312537
276469
327303
327682
186389
358887
313696
289252
403339
442964
367267
185559
342402
191160
272269
193531
416868
339878
280208
100803
447478
342354
228599
165643
384396
169999
378416
110474
342903
144174
390015
324625
108721
156461
164249
134961
393086
221333
291819
183244
290400
297685
405155
422395
351983
117715
290012
307654
299789
344282
279193
349718
310992
323566
181588
436900
304551
219927
367922
394869
282524
167696
372032
297325
355597
417818
257726
321205
441107
126335
443131
392030
209508
127902
281178
199293
128897
150188
443087
132673
276291
455999
308579
167936
400822
100728
337496
448623
276729
159498
302721
323160
400192
116718
429728
113280
203613
400455
287529
164499
121382
370641
367650
438850
229054
412102
286023
145351
337934
243350
130742
245043
283878
260121
361744
152157
281627
140041
275396
182654
176711
435070
325921
198357
440656
310690
201101
145973
153731
301225
220846
275097
107552
309383
263662
261618
407052
229151
236746
356018
134534
294769
197319
289091
356109
305585
363507
284437
235324
375933
336630
377300
377845
370579
442699
282257
364093
317452
161628
109856
171698
156434
143073
132479
120041
411444
294474
416987
118991
353839
399329
102573
147997
427813
277577
232099
111991
123514
432835
280263
128462
278869
436516
270426
238055
182649
343558
101576
148904
234904
387433
405027
242539
426208
385415
243260
240706
181829
203682
452049
378369
414866
311938
395613
106263
316392
302446
294944
211182
353216
368159
333847
304594
420830
437772
330010
149397
101905
205057
398037
265174
319225
147583
237919
219162
441093
400714
191614
405440
337070
260791
377885
432959
271445
342386
423063
162355
101420
230715
197104
170977
325179
344696
147025
240970
135929
224547
335572
112732
273918
146797
356516
349028
444442
138319
213330
159292
374786
417846
411318
344466
169790
266528
295178
372934
119273
117106
201938
145566
206298
259000
374798
348852
124939
431553
364321
160461
236203
156763
264470
297027
317699
454783
361131
228659
249456
447264
309396
136637
440967
207846
100401
101869
429014
276594
412427
228186
323976
291639
355263
397445
236056
198940
140920
407036
434286
223156
391058
247618
419328
438073
350860
450562
226602
288195
114834
200859
174504
123440
222100
406024
278658
363662
353940
352004
410607
445550
183210
124108
257285
225732
167598
380670
248383
305455
134319
254313
431621
239963
174487
333276
164459
347962
120821
105603
251594
128834
313318
327277
180536
254252
261330
208223
322324
299723
185193
432379
189734
349803
173309
364861
353950
312586
313588
217634
158671
404863
394173
348967
372968
201798
255058
316895
235962
397676
299978
246793
131963
313257
231958
177498
140360
333647
443740
217742
173554
188726
339709
221932
104124
318323
200696
454759
282818
131297
356322
334051
308119
259005
214761
202884
161074
257990
159109
447859
415257
437021
104092
331699
340128
417972
378799
333071
307415
204492
314846
393966
416725
177935
114576
390881
418729
182537
318284
194311
204316
387645
282024
437718
429926
210441
111427
246851
283984
208200
279528
386377
108504
284891
366568
305256
415320
420813
126551
216599
179667
436538
303250
188288
291859
394834
315361
111493
376840
342713
262035
415954
110442
424570
178814
378934
143556
446688
302928
143777
285535
249498
151901
188871
339177
334396
334360
203570
230456
176167
347871
175226
205163
334283
418396
277936
203680
439508
285738
163217
284367
120435
364283
121007
237936
324209
346780
264006
306290
427542
398225
268094
287528
202350
406350
273028
343982
126049
152664
196006
301631
285690
179995
388652
137219
368927
425486
201711
141841
346766
273978
366452
306869
310513
425303
317926
190161
234707
426178
391602
274882
397732
161578
242729
338291
107195
210249
183196
102959
377524
439397
260779
390296
238159
124563
136396
387589
397348
164027
228624
213934
348343
321023
453692
331493
158511
153799
267664
336626
229131
162378
263807
331185
181177
443993
392416
330219
307530
219636
418429
111028
265459
415300
390173
279841
283804
117999
332852
266366
242396
281415
228056
238581
243697
222466
166603
424497
258865
126278
444580
219437
309582
232445
192621
162904
262989
152976
247916
173997
119995
388857
294483
174174
112903
406885
338070
354801
109817
206036
382988
120588
390196
104621
234597
382558
193498
213289
359848
310495
135717
180072
220294
360703
188274
104211
373477
176190
342178
186315
149016
440504
276033
400772
115976
444999
349539
339395
135853
279976
354250
377553
363502
426388
284388
169923
164484
394496
337816
268607
181920
145680
330477
364672
433429
157286
355123
153549
293101
372798
260490
306720
151236
196123
153801
247530
271089
355289
436759
408099
191031
351805
394580
275239
279578
369519
312340
271231
197996
294286
307501
304198
449757
368039
105361
345299
245446
204660
383735
174361
170531
199852
258480
207735
101968
149877
233665
405028
274080
272221
137622
444392
142403
187147
331113
444922
348841
399240
101453
353833
402594
286157
179759
353015
278124
144267
124340
177218
201696
241819
265441
115168
327814
362437
384162
212632
294366
342919
303685
281256
348607
279844
188390
119746
384317
185412
282467
308087
417575
412811
271218
237128
306889
422288
217388
222209
107982
176159
141123
109316
400356
279509
152810
412955
262410
164275
142561
404693
204164
356300
166824
132005
402388
388392
379199
268292
372273
119682
358996
222036
236174
291641
348636
375713
352090
279796
140356
442211
380739
293196
206248
415008
289632
280224
138206
455714
140050
304970
171691
158515
259251
103310
213396
422400
194354
400581
310370
340923
153073
250190
420009
365073
312732
265978
265946
204386
418745
441532
109290
331173
158546
174501
184679
359384
160339
362975
137771
361982
144643
164170
346654
403057
149472
294555
176160
449798
432562
279158
223509
127534
371149
198135
333328
353717
308163
351918
407367
340327
176279
313877
219624
396554
341141
126470
208951
143523
398320
418885
263443
125612
374382
291925
164469
157582
332453
320972
230140
186621
104015
259881
359274
262969
242526
262003
230262
326282
261181
139133
393895
140323
351693
190640
151365
118586
131920
121753
154948
247178
268717
105169
240612
250676
404985
290356
145970
227765
170175
396384
445177
218792
225129
156091
198942
274400
224793
330659
144945
119670
156073
418166
120043
364827
383380
223599
216618
117039
378597
125248
208697
239620
161553
189177
313065
390557
314086
454215
228495
250561
263158
215606
441635
127818
289806
300507
414005
155932
404001
227207
449588
110686
278270
119316
198223
100373
260929
275549
137139
141563
252945
320367
217765
213987
290614
168784
103142
355194
178768
222068
333310
397229
121345
259525
290488
295353
220235
321279
230902
151881
133452
445306
133342
260195
324842
441924
188048
291323
159820
263334
405174
134427
293260
334079
437607
328208
375112
178657
284056
323180
232059
102810
427209
255588
240441
154765
352005
331396
299330
343179
160157
378762
164298
272952
339590
329058
114759
218315
112067
215752
330414
347532
429636
146228
247413
361212
165909
162856
389852
437495
349198
248534
171719
270420
348511
417748
326348
110111
154252
418802
211162
182182
124254
331507
255603
224052
255291
439646
116334
258184
240876
187380
451549
281601
237177
264410
104407
297046
198786
244023
210336
172247
174812
357497
325255
308040
178823
193014
150769
236247
133032
456004
103104
304626
178615
329529
445683
228344
265511
343058
345951
270729
422929
416533
319671
287185
209024
154845
239637
114561
172756
446288
154293
209365
430733
335599
183015
323365
370897
107355
327859
438960
313490
308205
238158
114313
377528
188455
197675
219816
312648
125102
109486
307351
100439
407035
432598
284826
295619
451068
181579
280093
213908
366660
366610
384893
383015
360852
135075
352233
332109
122379
123340
414245
372500
130104
128743
417601
294219
294784
108939
136882
116357
111557
420840
353393
247166
226793
153904
432505
309511
406460
113840
155667
266615
370667
184253
368632
207557
377272
156971
331013
383370
359230
103554
185754
334452
308850
408944
358931
155414
182967
242547
259318
449159
329783
250035
120471
272771
191193
357426
370200
434810
255780
436057
110767
240767
221766
419470
225728
218719
427936
352134
279621
429326
269405
180467
152701
284729
151425
153671
399471
203726
211248
109968
305109
124777
385089
288439
292597
120143
319479
210954
208343
443511
427328
176637
267053
125944
130184
417021
323136
160989
386398
240223
395717
227841
320775
159689
213771
102721
325725
397114
126333
262858
167261
117235
291919
110252
312408
243168
124523
333731
408301
262165
194430
225239
169814
178458
243429
200316
346589
385407
319537
278655
450521
137122
385700
359132
433118
225611
132715
313756
116834
350307
259090
375085
309542
100844
343957
295347
337137
385241
357588
347536
362686
252009
201009
453912
154547
185038
195108
349372
398643
362127
212040
378787
266397
346016
443453
440943
277609
440713
251240
326916
169637
454059
185942
393514
414036
350386
318027
379209
439231
125161
345351
248995
411105
309206
123463
321211
367563
351309
108472
424081
179982
231919
377133
274990
387164
216691
216788
124799
208763
370595
194069
190436
309961
101102
379685
359990
145630
251456
308286
229920
206794
177000
103499
382065
400498
250907
407559
426671
242680
405377
136056
329607
416828
326341
259966
258901
168288
171025
264256
193000
172436
406639
309239
321087
283111
385316
387705
454786
351463
325569
147678
443341
388470
385680
191906
406585
316272
313203
106233
202392
193388
277112
297270
271931
289041
337630
133732
438008
259177
209563
140857
143655
277803
390592
262342
404933
418632
218246
394444
346760
351695
265666
158959
367556
386770
136943
433897
383681
379230
336513
199768
271563
218830
346246
331076
144292
178023
181884
263093
274230
208215
331460
343474
225022
212515
434594
262469
376421
165874
414592
354562
174764
170828
188436
120571
311791
450231
167913
323087
391580
447414
443093
345681
331963
356838
345930
115899
233657
187859
392997
367499
456113
357905
373569
296256
191173
224534
368764
182604
203544
159925
238731
213001
235332
297455
189469
242711
360895
167895
361587
187263
231253
309116
432051
377501
303147
109213
168757
367606
447081
279591
121893
417543
274569
161127
203981
354133
247201
257798
387894
323556
167764
103113
107502
167385
425560
189417
401900
118984
166281
329764
262664
327314
357950
210844
253001
269214
112527
360142
173323
166569
323023
156412
356895
103581
141392
396738
412333
198464
153397
351404
446122
182858
379923
331349
313248
363831
420449
366805
158434
107694
274609
455728
109332
293151
434244
423027
289439
204861
216729
378723
282134
425744
442827
293174
352545
253242
269054
236987
124746
140894
333137
364742
372849
284352
236917
210554
357111
151835
422487
178863
314122
385194
137615
139473
294429
452093
193575
119551
249438
205376
324847
318781
122515
357087
307791
320294
401644
214240
382996
180157
203739
148426
327440
109326
170635
345993
158305
351565
203844
220438
200968
312260
190630
405001
174652
212551
254019
140640
361925
421820
388828
365019
117896
390859
330017
103763
231463
304468
192211
268467
172148
377696
339818
250626
134567
251889
183047
328344
162947
137497
210045
301815
184392
222158
284544
168464
360508
107957
201566
437668
402661
241663
133870
160051
139781
402440
262947
201878
309487
228837
425534
412165
140273
314224
227132
217760
435450
325574
168629
331016
173809
294341
257188
444687
348599
302834
108735
330872
244904
436993
219844
223361
398815
111363
437724
223627
421787
449754
212237
377594
422778
285057
440950
132748
126297
277928
376214
334544
145437
147780
153602
335651
158157
170879
149057
262774
185284
265209
295864
293269
117506
393595
419472
295767
248123
386593
330887
212653
253770
377390
157751
101486
243220
256243
305016
301830
184523
421945
180241
261717
204418
420802
200759
224456
240299
451567
118520
191972
288465
219002
435130
290290
180176
165890
392452
345389
413391
286291
311408
275273
446298
250204
134283
399606
430597
129175
434687
102621
113127
141158
251209
243847
310530
110130
395206
332004
271719
393366
424425
267366
447298
166370
324637
426331
350533
223864
444830
133656
145567
127274
298651
422420
194550
393297
278536
277678
253535
431068
103115
163343
242503
423608
119136
124218
201750
156850
386788
282029
155164
287345
413326
372054
230824
146638
438773
315241
314063
131350
383836
156533
427717
424142
364846
253563
325862
354245
189154
101349
388344
131566
454580
235271
275753
182563
340423
177560
351708
233728
302926
439237
325087
380490
227403
300801
153229
433636
124021
319963
257001
219545
348683
257811
264434
108591
449255
281891
137999
180314
428372
335925
174306
231652
126075
447526
251896
177855
394864
388698
433299
140048
214878
363336
117353
149009
441526
419594
229642
165396
219121
398705
113883
169820
244883
256131
197689
357842
248032
160136
140215
389302
116988
284415
434679
128646
198728
331195
155435
269802
316281
224926
179634
166012
406563
273479
371213
285088
195716
218514
199817
300484
119382
232397
238393
110084
107464
305942
322615
448170
420658
131359
368637
312145
267038
355763
322057
144111
345135
201005
425296
221072
292518
270260
429519
144059
365846
201913
143159
241896
250402
247065
145675
415945
312254
190157
296033
448121
293940
156769
279588
192560
130416
311151
335804
389628
411633
411642
454901
356871
419236
406075
455367
144820
311042
179722
414306
218611
375563
150581
314463
445227
302745
266978
217360
180561
283142
105262
439427
389005
367172
234730
323045
116171
136069
447991
364255
427499
402496
199466
271244
281576
189396
368269
196709
255289
395138
243795
348916
294400
359165
342183
300631
449730
159146
419262
105577
198362
253711
370231
232977
197753
371033
303439
443054
404501
386874
444209
108328
257995
343932
161892
257368
336872
117117
318547
174686
449699
195641
249968
361291
175254
152886
227447
321788
277486
398833
257439
158131
209588
453439
275002
271410
449927
293464
417055
371105
242010
272496
401663
308568
278303
256767
286810
301951
157147
125262
261720
257026
422871
377963
299596
328461
124124
449729
218533
421298
200686
105790
238329
170505
172209
250704
311925
407295
366733
214531
282431
290900
142369
255721
351551
420668
365844
137044
433623
374185
328004
132876
145460
379224
391159
161506
423847
166681
353172
253226
350269
135464
351425
438780
341425
252252
388371
278340
115126
377701
395884
426882
196653
284930
435137
325193
222114
185944
327103
360187
345331
213736
380259
413304
285222
271647
119516
107610
243056
269315
130288
165187
138194
265087
193431
197252
387502
234146
113751
182041
102039
354366
122276
274869
331785
449531
133749
297086
336379
201868
350159
423792
228050
325681
388401
186097
425588
158417
287721
165754
327069
439534
451132
347495
141961
423465
404663
282127
387990
363874
135671
378394
192794
414724
263153
106375
455040
337778
311082
408216
336841
243477
452347
424897
264281
181008
310926
236895
404761
319380
264100
298853
379305
135818
222418
361535
307256
284430
343796
409018
451654
386468
197776
229285
125808
341628
360823
176778
293656
201048
263160
228562
449003
284493
261113
101138
401939
227882
191997
306667
110972
127087
242069
302969
136971
306191
204100
450165
401352
201131
247186
160731
231337
313561
187018
127307
272883
235718
319704
281822
151268
165055
199265
170079
426936
262605
353426
196144
426608
399488
355830
442601
177530
315132
424738
400658
157630
406071
428183
224749
224764
158899
448499
206938
426107
137666
156114
151299
405339
289836
116567
218025
237188
344335
144361
291861
248205
101515
278764
353627
370576
386075
273338
183096
281944
164507
437652
293266
349631
214872
114572
286305
120398
316853
197452
269448
173672
187593
201859
442417
116830
314163
436698
155427
125235
142753
272713
163799
429381
280742
423587
308046
455561
246211
301404
279221
292905
351923
446486
333767
320732
403514
364811
443929
447970
177871
397559
216101
453907
303371
339272
183297
365764
255573
246392
278851
370970
378244
332738
400904
389568
344628
336616
175564
331098
311764
303559
330863
261395
150046
192589
102590
413389
140032
365866
128017
343322
278060
349617
409848
244353
209257
153054
255170
440084
348237
120229
209978
151840
312440
398522
394046
399473
275543
160949
350368
306387
247673
363012
274943
263457
352681
421586
335194
224303
409526
200076
151265
117177
272388
397662
213596
348166
194321
234602
300325
416707
213979
168696
248102
376116
261902
208592
217437
230392
137584
107855
324974
211870
297788
160988
171838
389320
428383
445520
351373
223935
234753
235276
285270
158278
328498
101990
442805
306141
196184
219090
317917
424350
304671
110779
333531
100478
214737
209218
128231
310077
390353
115478
427898
197473
454490
202565
128008
149899
280055
329797
178400
157862
445215
122788
201275
453923
222469
449033
322906
395200
396172
167923
146061
352152
209321
340861
452468
191518
276496
198669
133152
134445
138764
123677
178953
262511
305397
391291
337266
127524
185328
105151
130306
351632
300430
234934
264373
381798
198986
417607
419915
258085
108647
353692
219686
147778
234569
340422
196642
387988
385454
200747
136825
245851
154360
195565
257264
444194
262519
415128
202456
396637
390331
269454
153349
299585
406656
263342
402590
217827
401451
156612
445996
396686
371400
149715
395069
433622
129397
326954
144786
310682
404347
305547
194783
404872
332524
408185
370950
393868
103256
308172
370157
298629
292868
212042
251210
132332
441774
108855
153364
198319
440880
362543
234745
357002
247144
111056
172379
347609
375337
351105
134163
249128
156583
187404
454637
181834
391601
179623
274331
130726
351681
266419
185856
425595
309449
395772
169766
136695
197076
151625
278625
218238
330304
341656
296473
198241
316251
309927
293388
132699
154387
319277
182299
412369
374865
345285
271283
166435
398471
193283
235321
136061
231075
289440
423131
266729
398642
235478
352846
332207
410180
347271
117673
300967
276165
110629
384338
275063
332535
395848
276046
384421
267273
389285
291652
261555
283203
127483
214206
382802
157734
116004
119563
385652
335642
191636
270029
288625
117971
100775
303988
439537
326692
166173
417216
221962
400590
213586
123286
254323
243687
391848
100193
138408
390897
297094
322862
296458
318544
297866
127208
126345
424407
170631
147634
329805
416569
269042
252905
178754
277289
114232
113236
114813
107332
261329
423264
375378
112247
225775
137388
273322
158228
179466
272801
143770
354554
386066
296681
318606
353668
230593
289857
162457
118261
386597
286427
391219
351195
146250
112523
126070
146454
345732
372454
192935
297409
101171
359573
320610
399778
297580
363809
442595
163962
222508
445717
377512
359613
173567
249881
415329
206102
116585
429006
362603
447487
342763
309166
237099
211849
309304
237660
319436
123945
384232
358407
315139
237507
335623
395684
104763
280529
204089
112665
296058
269104
207609
387168
403179
446170
192429
382683
288796
124772
130362
369898
215546
387492
284775
166532
341908
390559
325080
253493
142471
388160
135398
453257
304267
319626
266196
183307
108041
356997
244092
451158
424528
240616
370895
210416
259298
247664
450597
140433
365295
293562
116840
104144
328219
224354
149389
339498
427355
369691
433593
349562
129196
282325
382672
397380
200397
184925
180997
424277
157440
442909
152608
428676
243870
124650
265700
382531
107581
299047
151415
228474
106965
290750
251911
136727
435752
302762
367596
358883
284452
311750
155015
278347
390988
288471
299386
404688
389844
275527
276682
404153
245103
305306
242731
261781
227373
163868
294278
280638
334422
162792
303913
262932
116023
349557
396055
123833
373653
422263
272528
253910
455851
221143
158387
138304
450964
185303
421702
345121
292171
369587
135229
118382
244730
222781
109841
356364
116456
294533
119071
364138
126381
435782
359782
179802
441299
152053
297983
425951
434975
132973
242001
401054
323048
291779
316993
132512
330658
143795
340515
249919
455601
375994
445265
113594
312883
145052
426511
164534
162650
356707
110394
446985
392811
356656
151277
354806
201064
385723
373604
330045
368759
305262
267926
101052
166975
169731
249292
237842
187146
369490
100021
260304
390582
289803
116049
315783
361420
376428
267495
136122
150337
197079
114811
179866
383717
382032
177582
439588
444695
425106
202086
314326
111054
396826
121498
226002
391405
185815
170871
236300
129982
325276
100926
277115
232255
240751
429964
354135
105304
312857
242903
421438
123303
291877
220797
241295
301475
241327
270419
385186
223642
260201
219883
347691
279958
341712
175209
187875
347364
345750
295677
139965
126300
169286
188250
409253
296975
402816
215761
407913
131861
277278
247055
287820
413858
290653
400020
193989
352330
175796
322780
397085
300960
324304
208883
230595
147322
307735
167307
314677
221318
262452
319253
163277
185190
368559
141556
395783
202360
197337
382303
331986
398614
164936
189548
159484
271993
202197
280809
259859
172619
451836
281091
325684
430147
338011
199612
405763
216619
323361
302776
321813
118513
296692
139214
140400
225113
396141
215427
147057
441503
212395
205756
364598
300233
231234
289364
423934
370334
187576
217912
422818
126914
324442
414932
321890
417914
265649
208476
269809
138691
280998
440711
312725
369427
318543
416623
121880
308477
454718
104484
249856
185282
179505
288501
131718
394951
453829
206164
311430
248356
228540
318574
157542
113567
201987
274360
233239
152775
364651
409512
436047
180728
237045
149794
313452
346435
364541
213114
237198
375872
348089
332018
244302
299261
307149
191713
309009
259333
335816
426381
224671
294002
158845
195299
299123
389353
283583
106758
223846
279760
307317
393334
405638
353211
274907
221012
430697
419618
393150
270065
252419
296864
416298
293777
239678
328413
327593
329050
313394
130940
123306
399640
128530
333986
309765
435523
246112
375823
306379
182460
351569
382078
251090
262542
174041
307463
449613
306325
318373
348288
452419
434081
421254
129884
343878
355405
431242
233684
235400
140650
421814
414103
447300
445881
243356
256565
129967
450966
209808
401157
320076
347656
400424
190464
300163
341340
274259
416726
283795
364334
241634
279674
270024
387042
100896
193657
328977
312912
281471
294854
276702
133210
371318
336072
336839
278946
443174
307367
107093
442835
246020
166696
350402
220854
156626
274215
181981
422867
166326
247113
389664
282385
176345
383462
308009
426958
453587
252098
161910
163873
297876
193237
345596
257398
330109
328996
335152
403631
347604
387675
167779
348863
142502
129590
275476
430600
426181
422193
244402
409991
142596
236137
239999
358547
191073
183809
241546
371576
289466
371769
448132
321243
291078
388634
425598
339492
280825
420964
433302
346388
201840
142565
131618
423634
291581
128640
323227
192867
256681
427377
207114
229566
285787
388653
326432
390718
217872
310868
412117
168151
278188
168469
356488
229523
192368
177092
322300
427957
280974
207829
375119
153555
159058
200107
381322
168667
188458
430636
198536
201476
353147
363779
337046
415057
160433
327669
283787
297844
433010
211828
286286
173536
159510
238927
328183
115375
443307
119442
256116
394205
334578
351528
338307
105619
275821
174135
440379
277768
333084
454061
267424
123889
172254
260605
154390
110822
116603
128708
289552
201933
171911
160315
198243
116298
370065
431960
201861
454332
205238
160787
318192
275747
205610
171017
291549
107128
202540
176373
112282
281020
306186
104911
102477
135300
200289
353902
300077
243794
286758
322723
265008
262879
167106
212436
216332
182634
297309
112400
206483
307018
170184
447180
208374
114586
250828
443765
454363
349261
103135
190623
213296
206636
364066
350904
282023
403641
258423
357394
361852
371829
120938
300493
221533
334023
265318
136836
182347
127288
265986
328537
194857
426938
391007
385864
341136
143392
418748
419082
453365
393439
188597
231038
404616
321478
365826
247924
120001
125422
367351
304390
386014
221560
370550
354692
238008
186789
187731
368277
195850
363308
398052
420174
186805
195302
333197
241313
410826
452449
258045
426305
337438
322050
337231
118385
157296
287567
249385
117742
415653
445784
246179
442016
206005
298870
121710
282085
369909
373923
202713
136809
301095
393479
252456
429424
125043
405422
253082
266070
428134
308112
120139
297366
253994
196433
171108
346645
393286
407208
347528
448808
305013
303054
384133
358017
444261
267821
134440
425128
285345
135805
254980
124633
205033
341777
205286
214417
120002
116795
250252
349073
319341
263111
121470
319711
225751
241581
441481
261444
363364
239133
262335
341803
136705
375416
316149
125447
199206
328952
357642
423331
194510
280029
287975
344567
250293
358473
289645
448970
444684
154419
383125
314255
377276
412020
322375
362253
333667
410667
326444
338058
128452
259279
115961
433460
299871
245034
170999
209237
336040
171166
281811
116591
282748
424534
259904
303025
184081
124852
262634
304500
304657
352382
233950
355563
230157
163593
109474
223777
431070
403435
236644
209599
137929
161574
438226
368186
283862
103148
359720
420408
404987
418866
153365
176670
384411
408582
381694
282504
345337
378731
109962
237546
454433
170353
182177
174399
331112
287073
151968
194452
217374
384845
341595
194142
125292
191129
171535
196141
276977
440202
155373
112446
143109
414278
416705
448331
434893
344557
274598
208591
387420
240099
254872
160024
287042
209451
100674
399841
392719
269407
259382
385195
303769
377959
396595
304592
260897
334883
124334
429049
109181
198374
239750
157667
262953
177478
266640
353520
151870
156167
336984
151656
194632
162501
129066
134596
433876
297394
436719
193190
385456
334810
104455
129730
100497
246233
310631
300689
338583
115699
100096
448538
101854
319033
419522
301514
403033
270049
261881
286391
446747
303753
404834
416189
188822
435906
355903
399309
166250
212382
434973
419819
222730
219553
165099
400905
374579
138690
137551
367570
315245
255042
303600
380866
197712
303221
233500
107930
364602
172445
251829
294450
156827
404366
279037
226465
113174
334939
417472
242019
340566
294790
155219
189264
356372
342235
254944
143559
193078
135110
145808
139605
310533
415225
277181
262798
118671
416592
374817
201826
303997
143519
231159
404467
439678
224356
187754
121019
334258
191317
384039
254590
289203
106994
140410
154397
446219
139385
398684
301661
149799
380750
404142
362911
179648
336589
235685
196479
359972
102992
298127
322440
338112
438563
444073
219463
106036
455867
415552
180677
397147
190236
201931
195135
311152
100871
166828
258353
426709
315404
200521
232481
246334
317807
296066
368327
410885
452128
347585
287760
418043
259684
177972
254533
113363
180269
427829
245995
191414
147589
215625
125121
237595
332894
332068
373628
388648
427915
353478
324634
418822
394517
306708
147443
192496
130290
261086
290638
338106
388935
310869
375126
103397
322864
446245
122698
302595
413740
442675
341176
149006
243862
308814
411433
314911
386516
257072
172018
305409
412061
225688
290363
453151
105007
394313
450662
427354
384022
378826
186896
162207
380684
429197
303444
406780
196776
291530
100661
301168
116391
237207
304836
435895
102222
337026
276721
353192
145859
206550
212411
268175
246248
438477
159503
328521
390678
215736
180035
393756
116877
449459
433613
271943
380943
260752
325727
401787
426792
362013
236639
299154
453375
427248
172940
366888
257268
268613
322397
352010
194710
322539
404365
386694
209605
238959
250705
173162
240556
353874
416458
382050
361274
217233
423771
318768
318934
318699
216535
344319
156207
252785
123672
366353
280033
412168
391464
445156
427291
294914
264609
223983
404993
244067
430161
357253
384747
253109
185894
267730
432220
148430
221909
164926
379636
327664
321968
281456
280720
194004
442957
447570
385443
171089
345815
123405
134821
438911
259591
398270
133856
293952
252563
312163
395344
164008
189946
292627
387323
342777
376799
312798
162081
167784
281833
231538
352980
342363
410818
333993
184662
158472
298072
349242
209519
350968
417108
203945
356123
297244
195083
424612
317496
291709
318098
170437
354367
228959
375276
106883
388404
347683
166927
424714
128137
406124
446240
160919
355985
119130
275089
215833
177282
172676
248145
180841
442391
288832
363746
242413
438210
143398
301311
127551
447375
452334
178014
429581
204351
307719
267387
192123
116255
325106
232112
349365
147173
205046
217066
284874
150436
396443
176847
150797
370696
260905
371102
373917
264416
169915
322899
105544
401275
164107
428262
207597
122956
192010
101585
128938
361541
201432
334084
307672
227184
211879
349759
386006
362089
198982
129908
359866
247637
456227
231534
394809
170733
369022
117355
217922
286103
360896
253881
250096
190491
183634
454842
295506
382704
102487
285488
143838
379972
358781
141900
372948
173378
246377
245140
452149
241483
424346
160399
230133
304945
197852
105705
420504
335052
306634
181291
388283
229510
313743
450986
261743
268615
360883
403248
276145
327412
426064
188487
453446
191236
358894
103457
267471
414427
124203
259739
382381
154249
399654
267360
392772
369404
418167
321373
169375
147570
378028
405570
102468
181585
313057
173001
257081
223046
155152
346614
120115
279800
232964
246760
249869
257094
278993
187629
266894
346512
394906
398624
178944
299402
417889
336509
152880
276287
125670
160213
375253
436743
333522
285447
171329
124499
425259
378516
335197
338829
240710
422955
128253
398877
116476
339129
228577
276133
336946
279527
417898
286677
427521
305586
370510
393277
193313
345141
169344
150419
245008
426580
300712
231046
176168
258804
324904
147289
342562
150776
320316
449232
333371
348619
102410
265886
124356
336811
298504
291014
133110
175404
150133
345610
265556
395657
173080
444752
175817
380941
383031
448377
108191
439729
426261
271668
221373
102845
126327
308439
148682
241846
439373
213033
422721
225467
337752
218759
403881
352371
292638
290651
291921
318184
451710
390224
221475
105688
135018
370408
181458
118792
216813
130667
437137
349742
242586
111400
426349
217433
426094
397481
254554
402901
210681
217393
253240
293575
453006
385575
416340
423316
357255
212529
149779
442569
201555
248884
199404
358153
252181
251380
163583
236450
328735
137188
348210
264984
324592
364937
315057
430556
168230
391201
239391
141660
361747
212594
146552
253055
388049
268076
330684
120807
220791
161979
298360
220469
308875
248224
376482
218695
336703
288040
212054
186923
436320
113886
316227
340935
228684
204079
252823
273498
300267
247778
377525
245289
231214
147802
343596
104518
416829
425756
360918
191418
201479
128081
119461
382674
287538
160063
435956
306740
433131
331958
410461
225967
368976
403474
211129
452348
370325
359781
208552
198177
249673
212526
299143
251930
135168
258996
153099
360008
212114
162209
266966
137983
156747
216439
382037
298871
187344
249272
123822
374928
151350
185624
251141
127822
418336
371427
148046
415823
390742
258935
433189
322099
187519
379766
298376
422149
191079
272665
118630
113203
175496
344274
159097
415022
115303
218105
223897
415054
236153
147685
330016
182301
233422
392483
129334
219292
437149
279059
444595
114137
384512
106219
423485
301264
446581
425353
149859
375423
214426
170349
175114
281527
209170
323963
384891
391772
138497
290796
296814
318079
102641
127560
295490
183365
229419
356479
127526
317875
194254
286871
410394
139474
168157
340809
408934
435554
338688
340022
410011
269664
209230
170816
336169
231456
361542
339813
421328
167629
254922
244267
128009
433124
168947
116632
127042
280547
102554
164806
359966
447824
203130
327357
440216
154493
103633
161614
422606
363996
321247
216206
364616
131140
277354
225713
307573
134758
258518
131658
319447
107774
356272
337877
292520
323316
125202
419622
255389
352316
197454
286700
123297
164376
387045
295308
390828
303530
203851
442814
301123
419376
338735
211850
157559
195736
415495
186618
105311
446607
343523
400142
380745
407261
303418
299283
205462
324207
194483
349747
190653
104339
248939
377791
448709
418944
158676
389674
215998
378381
264038
197573
175151
228048
159118
410744
111744
327312
285799
197023
195629
263107
131046
243087
370238
129408
244375
399926
399838
170955
264630
231318
305136
140506
117670
277328
103939
179157
107558
328272
294029
188783
441903
195721
267832
186095
352880
236808
268246
385232
308441
307523
131015
364697
426592
332925
264427
240727
313514
252148
228971
348995
391149
388340
106616
203484
163695
444208
397642
168857
118506
261233
139436
392977
386868
420116
160459
105946
434999
426499
243885
127109
369218
337155
409447
421715
425524
181949
352383
260115
361477
115137
251395
395874
174263
337770
431375
174099
351714
374965
367148
139913
444163
103727
400418
228972
285641
261791
355946
301242
235404
302518
308877
430431
147518
255150
144317
159778
285058
368265
146668
411890
405140
309313
268605
433588
425849
102212
192100
215683
116003
419410
367014
210753
342035
131481
159719
365143
326291
146522
394442
391520
377549
400749
205065
450263
429833
187013
240238
236817
413974
185814
112864
266425
369534
421542
290827
127225
454936
410337
145778
104574
444458
269132
365925
114074
342879
332553
340212
296635
430784
385810
361458
426501
441164
333147
323480
339352
107162
219050
173023
136362
455947
456147
111234
365177
423912
274153
138385
433537
282371
157152
415160
368221
381150
101075
191974
210873
203612
314892
411653
328468
370784
265203
195647
327371
345060
300374
138948
442064
338425
184631
285394
343214
188741
202329
261127
407647
326244
248363
272105
311992
183114
212750
142462
454521
112315
348555
174577
133443
119862
255947
280063
453627
238940
180842
174718
171683
433980
112187
156387
355240
242489
198515
282924
165371
300148
345814
131692
427269
222570
330177
283578
213887
147293
354501
294823
260670
267684
106022
367930
264034
108252
366922
170561
115703
297362
418159
393687
119889
211827
216513
327698
250812
280810
256942
100946
260818
274382
127823
321995
407283
341468
231389
137979
186799
230769
257939
241162
378725
389675
253374
140286
195517
443263
347371
161664
351606
129853
417650
131237
433013
456100
120722
144421
393736
255370
423798
326081
156423
314395
226340
312448
370086
198687
382253
379815
302071
354619
129100
375890
393899
412659
139853
307417
251432
427629
317044
453854
292413
156499
218217
395568
362794
424058
110183
367672
227178
276163
296028
444044
241438
321796
448248
141137
111653
217356
119347
127394
164923
205603
107700
353433
209737
317523
255893
102815
432838
342651
412197
363190
135808
443895
144642
393850
330287
383402
239201
149487
339800
172083
142797
157650
139676
268278
154052
206865
160045
387306
294828
258067
168064
231548
189168
442691
146872
446773
280206
226922
247400
410407
254857
400947
230414
443329
242686
129207
357689
125579
160378
316623
339280
158997
325558
393952
360023
244075
331990
337382
166539
371261
349398
333955
283883
305449
122079
212627
312562
175204
176420
353691
199111
112930
166270
359704
433671
147441
192073
115398
397837
427398
328294
231774
240780
407999
297430
113194
186123
247500
394341
281511
160326
290629
369449
137512
125756
347464
376882
400485
116199
448280
101605
120239
147763
164857
343194
392770
234592
373177
247522
140531
403537
322012
278781
297838
438371
252338
409544
185174
102306
175247
252052
408102
429768
198364
129085
433811
176481
378840
330175
137834
298317
387048
299738
104935
220445
315807
255874
307503
418928
131745
129574
292014
169434
286978
261964
406679
304860
442402
174349
254297
428721
135333
120069
197499
419379
147210
174676
226663
297609
433240
120892
255335
167840
360336
452079
169860
313286
193618
182974
344955
328800
293158
167284
142705
374071
298915
322895
252323
421113
434399
287235
229686
392808
139947
447046
158993
363393
201413
118679
278500
393164
358551
221595
328563
406998
260259
229961
101639
356901
256757
128157
218822
144840
168630
440617
388937
223633
428144
338545
392823
378447
367067
317148
123066
139295
123582
240840
370315
361552
149434
449515
299085
290619
167585
241675
441543
377162
129133
326656
316678
216273
446727
269171
114499
312998
231447
270876
398668
228138
337014
313710
303131
138102
336343
439445
259400
416006
166534
429027
113282
372567
221526
268382
455298
132097
197548
439517
114285
423482
112959
425679
404275
137612
319854
106809
111961
161071
382509
354059
239814
128003
310722
428940
360245
127212
273208
218821
427194
131103
135281
311736
274271
217288
150849
377194
367957
205946
344213
408663
106615
204661
302956
250600
388840
322504
369232
139167
221291
409505
336530
190261
389680
159409
384007
179360
234962
112441
259935
322896
155748
377331
235392
286693
374040
242797
371796
385991
440879
116572
326772
281625
347055
227757
342275
409047
388768
182518
299442
201318
210778
357589
106620
236611
125820
187432
416450
306500
359110
183745
301562
212998
200098
323096
172914
226138
337110
113063
255124
152991
123109
237989
440593
290549
108181
354065
176749
220920
368945
363974
199990
267422
275419
418412
192966
383049
181107
271107
102300
148958
113734
284438
227988
343897
107455
200371
160000
279005
122852
115813
443484
277351
371165
256548
366550
352858
348891
168572
417743
384661
166060
344804
235643
382746
427842
371151
355069
405173
272690
190800
293987
126519
165798
308342
136673
304344
447734
237185
261297
173862
153476
412233
343748
397143
264779
259884
316687
116240
390338
261345
454138
421174
212931
358057
269852
135164
154101
101314
336625
321939
375098
115914
253380
351676
137384
229079
176014
302060
433753
366678
216373
120550
453030
393306
396919
216406
225904
114833
253512
277563
381166
140942
373003
110403
407933
282592
218299
261758
183191
328060
240671
144901
191130
337525
352585
339363
210276
149356
406981
390425
379865
364176
309062
405797
400396
145505
245090
134956
408205
210621
122211
265054
156299
408144
156849
141730
233313
363306
120178
294977
247411
447289
247023
202723
229385
232850
148207
359721
428205
261920
255833
101808
176560
405439
191427
433873
317153
310930
395846
213153
245675
403180
307853
353742
265360
298944
354261
403499
441498
238002
451476
410036
230220
160100
168096
179433
373200
362616
236866
177063
303165
389537
151957
169139
344742
434567
377580
105920
313266
222798
210252
262314
232252
372098
240267
289248
130298
159785
393456
217030
420426
275212
277039
411918
228034
206843
412222
264908
274788
147484
164110
167318
233992
450293
401402
374883
372175
436310
341466
361199
157586
423127
266015
248132
249072
436112
276946
314531
158505
334520
242394
209428
109511
212467
426811
299053
365610
133719
193785
241514
221424
426448
393569
301509
353797
282614
179706
294979
307249
118572
430617
302576
427700
285266
428825
203030
377629
245077
366856
159761
249616
274172
295901
215580
231042
114366
420432
311359
404023
277932
189748
247127
219015
241621
390267
151781
213746
398531
203444
179171
101227
438246
195618
133619
448193
173678
373453
194388
115648
315612
163499
272734
442456
178719
184463
137448
121658
305405
441403
420907
401325
438598
247335
317999
219982
179747
200050
335534
451718
404738
265347
405244
309911
104797
292875
168203
296905
387733
295180
359606
348381
133163
412184
215202
195845
309119
389145
456029
244993
162848
100419
328443
240609
310986
311520
131831
422698
221611
225597
255698
254430
247288
211843
151772
118653
358402
225588
426915
135209
188145
159440
363709
269206
356333
285291
277541
383667
372319
248462
338948
422900
326903
185627
227310
133024
409140
155044
221767
282795
233026
361677
434313
382027
384645
327652
276737
368527
375454
323546
307239
115982
375273
358331
199309
255456
347236
175984
231145
326699
166324
224615
450350
366438
189856
382824
379897
319624
147407
348472
115617
240737
169226
416411
441132
234562
340753
254736
412878
159870
441533
430324
361864
174918
384054
263352
244495
232062
449042
315479
300231
432098
149473
157965
144283
339213
413177
413763
422105
415136
198062
198950
368899
380951
110260
441477
163410
175781
368285
183684
322471
184952
107268
427362
110054
110812
101177
247994
275430
297433
434110
171050
142662
315669
110303
198011
360914
271383
227098
193852
249680
115717
284356
177182
240107
243008
325794
444800
113187
289221
185159
192186
356112
434435
432410
218625
147209
346287
299825
124909
353312
389495
223366
294669
144476
323821
223225
169246
406239
338593
183913
113831
366915
378814
381923
139537
398330
356752
360030
335318
416830
379461
202914
295493
257536
434685
265690
445941
128832
398405
287661
120756
220652
235245
188595
205026
436136
407858
426854
146352
183894
124922
275635
137419
323060
293840
225897
266109
444003
241895
119816
430128
333221
449268
107271
270418
276658
186429
260990
258044
184188
201206
190493
214451
376170
104414
385602
319148
133378
188753
188554
326256
409119
405059
226550
166098
281119
109744
185102
315376
241033
237072
402712
382154
112365
269721
228291
372391
195808
333616
188316
417667
424944
394379
122326
197409
170575
110390
299746
450005
446422
227885
319617
199426
258373
415073
391914
331192
267837
407976
291042
227314
311012
290352
237741
274771
417830
148909
306349
303942
227520
128827
203212
133281
270018
431729
237446
211615
269370
252402
295485
106071
190284
181463
406640
288213
249389
147314
120622
156265
229953
361320
114556
308162
358202
342064
301850
449705
304239
191867
269360
151260
150607
222904
305632
406361
166657
188332
452964
394490
165141
154175
365791
259116
258803
297134
119711
363440
344461
277037
321762
279613
123728
428382
136062
404450
322044
417690
291791
415645
247791
262048
351935
375080
338778
260302
242213
137092
385501
354819
351209
179880
426852
359888
237825
392059
383320
222988
365461
307659
379840
326715
163622
398068
415321
186768
429981
251397
426298
176214
284237
144869
182036
266276
125220
303929
104749
382300
286699
182231
213790
176618
177617
271074
404989
416251
241156
257582
149718
253776
451089
184646
420534
424900
269372
186074
444280
189699
138035
200052
343177
212839
444647
337732
154206
288009
153026
198653
231163
375796
238460
121457
255868
154724
429044
347897
306518
326806
163905
116936
211323
130659
125381
454956
192847
310149
173979
203025
193144
419287
291040
183256
442486
403144
201583
178626
271378
399742
199297
436390
218407
222582
340483
276342
194343
271190
351779
115936
418502
401571
437113
301753
220320
443488
440565
272229
308270
213924
347306
235774
369132
155399
428669
324777
272631
149575
204589
438475
367127
214827
142660
444674
301948
245920
366931
452534
384912
418211
251782
423115
129082
141033
251402
259440
307154
403153
263533
430649
434721
165938
449481
134617
286315
182470
257705
391430
308790
229112
452252
404699
129045
170696
173655
304444
433415
261841
231745
272280
122396
290186
455633
366104
347444
334951
276548
317230
419355
411960
243765
317467
424804
294307
116887
128260
450636
111369
199695
341910
432349
378523
181838
253709
326453
157063
440969
174801
168018
230523
395886
254473
410064
229618
225708
381926
136810
234116
116564
419642
203760
131154
446397
292779
376811
285953
216486
313310
264063
129418
337594
441722
201252
200101
338626
417360
269964
428943
339551
272818
230953
293468
274177
329971
324070
341021
341496
140168
186778
288447
136937
366444
170688
197544
169417
257583
117131
225779
292628
339450
406191
188854
275902
260963
154131
383160
398666
313133
223017
298848
261727
231878
299251
285696
249910
196463
385459
288663
262857
160921
204956
430686
402399
165338
406207
284419
419487
302045
385318
304919
322423
217637
452755
213875
437555
135085
353864
112343
414728
317924
242817
421053
222897
157144
452846
163737
361343
392666
284498
163237
245387
284193
102936
129271
130780
402441
135349
189254
191150
452699
297041
382464
259261
131161
221580
147445
184123
382641
164569
330001
383865
162497
200179
352639
374524
357873
315135
233915
354351
400775
296898
447628
454357
348414
134476
393663
274524
391146
267526
243337
408631
405010
319636
345625
215327
321735
416104
145471
337524
123047
154940
206177
281287
341637
383934
273054
124333
358740
416122
119183
146367
350145
108199
324478
383355
130929
274345
166465
177266
326685
386920
185377
233846
122151
395747
439980
212657
171082
285280
402647
150385
231993
352365
438610
361035
190283
186471
452442
316737
263265
155178
332753
302898
411281
320189
377935
348286
290894
412834
285101
118783
225997
208319
350759
158024
152779
249217
396183
328827
190180
120260
454847
285569
323492
168417
265632
419947
373132
219155
371292
325400
294539
251802
220961
360289
435685
447020
223570
247900
424178
417872
252942
370896
437262
271366
276324
137179
414470
209356
214837
230446
139932
372157
113348
289254
196372
297766
181406
113027
273291
162047
280122
285320
118985
274530
452180
218858
125129
369986
370826
159896
359935
372872
179192
226034
284912
434284
360710
233014
179931
165905
314520
286228
404042
339291
295041
430392
440640
191223
333444
245880
251168
358203
299031
153212
319507
393581
363219
427718
251388
251490
390001
163400
149674
373890
351078
110186
173245
234311
353203
398221
445406
152205
378883
234043
289941
106618
110412
421875
268965
378848
281215
295398
433886
386734
284028
344886
343754
423314
413743
194910
242142
320922
375610
197549
394979
196934
177753
289663
327359
298267
152852
421262
293207
117165
319121
101756
182854
367026
434281
317576
410807
100284
370401
112131
174273
313042
418970
263690
322071
305181
232286
145168
289587
384511
206821
363780
219198
155694
107299
251808
195437
117266
108396
415194
102386
213937
276558
138360
324715
357301
325718
223938
226597
447503
214094
243526
203213
124381
138714
179965
173357
324391
283061
426367
220223
426988
235547
157282
131483
158726
209975
323174
255889
303246
260800
152158
269648
271932
151200
284167
356534
335468
430565
288710
254140
181910
370889
349420
447784
438669
132373
102645
416586
151293
254081
395368
223377
273521
150012
165348
389352
358702
408891
444591
418797
188922
431312
120531
426549
337869
221236
410034
237260
134068
108635
181170
394011
176986
308656
185254
198738
257609
331802
266034
194609
275322
216222
114300
409251
364074
218150
239070
106008
182782
181813
265684
275696
364407
370979
145436
386715
405216
450731
437323
227372
352030
281649
212398
442874
136424
266586
321022
397454
351016
359861
227777
445304
185531
105487
190641
425898
323478
438443
363297
307727
258206
168813
145763
213017
199103
283967
294106
301733
205139
228225
232446
271819
137909
102220
246249
352838
415468
312280
401446
367296
172810
130054
309017
137019
151818
165079
297692
382909
231469
183363
251140
148684
324517
193885
162675
280802
451298
306672
185280
133102
295910
244310
393599
395017
424439
144155
212375
309787
342772
268057
292415
181578
392266
234808
201729
372188
141803
144687
319915
129001
188418
344046
430377
403250
454740
373066
392233
449007
256482
308954
396543
412159
351369
359610
369943
308539
199463
262813
197309
435558
177638
354545
244561
369362
384683
109066
236507
390081
200709
375572
127951
178897
154785
272458
202372
392180
265740
434425
127682
187348
225322
214060
417392
382336
177129
345380
310119
226672
452303
449142
193420
282284
301564
365027
154255
212651
213669
327622
432325
204349
129428
160340
450106
353737
300928
136398
229120
152907
392384
331687
447336
177043
435640
446091
230908
164434
132736
415607
123425
388735
243404
204865
206489
126304
154745
340973
364929
176139
328653
454808
207160
336969
269411
182453
366985
428734
161306
244482
291173
352079
181027
298597
401918
239150
269838
366372
207056
125784
164356
383545
182926
274429
388413
123769
109401
302906
258003
325613
121980
105958
285749
386950
255668
207269
369173
305122
299695
374658
107505
174253
425300
204258
368192
325094
279787
189857
434724
128961
409148
322060
202115
311258
318431
215371
278509
365960
159347
279693
378719
182849
415619
264718
369416
287686
438448
275127
296599
290679
111739
345955
234370
340129
179687
134062
178485
134190
106908
108067
175319
429753
427749
230069
301326
284205
315972
160538
199451
197925
140161
296991
211335
418491
279641
306334
226006
129704
310821
244222
104792
301340
169334
136859
233618
350419
237035
185588
259197
226074
386726
412542
414196
454518
153322
269690
434624
250103
186911
363688
360227
209854
284853
145231
305222
156351
154229
263293
277023
214024
427014
104777
240340
346705
431380
418131
159584
361969
348618
269014
245226
135084
288162
139419
402058
257985
139873
349019
137882
162423
321780
128031
387569
317377
216495
312961
310247
204752
405900
309337
287593
345668
257683
311647
122417
166722
251904
383604
335597
358675
224747
221830
368419
301418
239718
129627
456176
394688
141704
312148
215890
133538
180719
301151
230904
164779
438592
381808
358720
397931
201255
404002
425861
136814
272701
358525
240978
117991
310394
248769
167458
365745
384844
331934
385379
179400
354171
141241
162067
262502
130286
343729
280362
276531
172228
452844
423449
326247
259723
290626
294020
174335
436552
369292
115419
279380
130935
222503
373930
394523
270689
197738
102774
109645
234410
267693
254864
160686
155128
285813
258181
365024
341420
221516
364870
268998
336906
431853
167679
401669
103782
287381
194699
123995
153861
139594
438300
444704
350130
131363
442163
370992
361418
138654
259748
436737
257039
329026
272603
292714
447846
337333
391410
181486
456225
352798
379605
424637
265304
444236
450679
372096
386601
427170
160750
341367
233616
370184
211938
296223
246452
321272
395232
127898
371221
100723
118204
395798
364965
288781
396765
427312
353444
121276
340116
288243
236558
452280
386873
334085
154072
220616
277887
411047
432334
440108
254635
348341
333339
427872
142839
229434
419467
316385
393915
123719
139520
452505
289527
420200
446659
185403
180422
291316
273138
425822
289834
381364
282234
117789
251048
166634
366847
101129
335802
378706
329352
117752
101352
201940
374280
370999
187992
173802
193177
295298
155132
289065
401822
415418
430571
242456
397370
302324
293062
405606
421638
229420
236782
259681
145474
349075
201876
312035
361920
258635
323021
247590
151647
431133
290109
349362
295205
350515
274405
449331
402660
167835
392617
269531
288300
158155
196553
246779
433241
249459
116986
349478
363585
120244
190575
240381
345561
206755
344827
114258
125352
311650
307248
328026
347412
175870
185226
104852
164285
160917
195705
377728
198978
285439
337682
330638
146042
248918
302544
277946
151921
368210
373331
287470
365921
434761
129541
347132
390729
372671
400989
254109
438769
370941
155801
395977
113628
385508
451857
312246
124314
453225
176924
339283
230421
212188
133133
327072
145375
304117
186413
183964
405928
191345
302286
378920
212614
268676
394543
152246
438050
218577
169493
149000
131309
132866
275542
235910
313890
247181
310731
179846
401322
414678
279850
162935
323741
193258
195613
270611
337581
197444
119265
167866
442232
335742
105624
341540
148085
189461
412096
287056
366091
208787
107857
185176
399857
158251
253430
102235
294234
356245
133807
259276
210612
429389
151636
379700
384464
293715
452666
450019
174370
320588
220486
162154
193781
244921
404195
140895
170306
435023
266560
431196
263000
439289
151868
390165
230339
221616
169005
208048
321037
215767
263868
355685
226377
227317
198812
170451
100452
446573
396069
430444
315350
430286
428175
153383
376314
396499
216400
418986
285812
128056
129971
155146
328159
279823
443574
220242
318061
213469
218910
193145
351263
245663
452790
324132
171753
414112
322575
311506
110787
355468
380405
303451
144709
392146
250494
382370
126276
199654
227899
346322
395920
371386
220219
117532
154701
392828
253282
125186
168673
183873
196410
233295
325034
383105
130272
407786
353667
357835
197639
365978
198885
357188
150306
258170
178893
423395
194316
128181
364805
370756
225537
358938
131805
134219
237206
193850
148123
205290
101127
376847
107730
392308
307221
399339
107090
250403
360154
252515
106492
266493
345678
212573
361520
133794
404088
195549
220305
403953
328099
241301
329957
378812
295917
425848
220703
250933
168200
146088
206902
140565
422862
166487
453547
270086
391962
389278
256126
402651
124295
136909
220641
353237
246476
184484
201613
376838
121600
157552
218324
268603
114491
294095
314013
297994
143691
197516
349367
183846
243455
202196
413662
379971
426885
285393
293957
318824
438841
372551
177862
222371
118496
282057
226758
320432
252245
365871
124851
193833
237142
424494
422615
448373
229384
104508
240058
408454
295064
369125
146301
239015
278417
107783
206688
430269
368329
407964
393303
352155
306537
399883
306195
456049
180684
309092
390367
276207
206396
270133
121655
439042
159004
380660
172179
255386
287565
363482
309532
296810
271823
401421
428496
167659
414896
339833
197121
337097
235843
407002
244021
421904
327681
120479
339024
418958
157199
179374
256028
203217
312326
354567
287849
277402
126561
216984
453563
233909
421150
412954
218022
221374
391694
242363
419260
148780
417064
150474
219323
124457
190625
382781
240006
198465
263267
219780
254634
210955
302219
445690
285726
178556
350897
238821
199090
323815
199794
161942
399547
359564
326853
137973
344095
187040
184639
383695
360494
426927
165688
454712
220619
246391
416293
349965
176534
168599
159599
122673
121827
405314
308170
133060
300205
311620
120482
226678
179156
201245
278165
366167
393533
444579
167531
107026
250208
381346
311913
350807
384111
330681
112219
249346
374920
426008
228789
340310
435145
324586
167801
337468
436050
346306
350552
386780
219109
431393
247333
445130
357521
104882
176479
401759
446043
149201
354845
165994
164159
287175
155126
218212
252611
406834
452317
353004
437768
297693
334320
449071
232861
445041
360562
431089
431124
376815
454095
275748
184072
369523
138148
341725
247496
152034
193890
297067
332300
395573
292605
155286
270724
310695
163140
432567
253085
329282
392503
348135
236621
196654
426452
269253
134019
401885
337884
356850
439169
319173
276628
420256
262874
317722
433791
178732
194798
130032
287027
299685
170160
372702
447500
420497
152707
185008
149101
178587
448926
368763
434310
436403
440145
170911
312274
428901
406061
361233
143678
255648
205777
215336
447316
375447
117581
433224
267846
264220
302311
156816
328880
259641
295618
147026
447206
446571
260951
341801
143443
204037
169437
412594
225086
403913
309232
136073
244528
442473
215576
374636
236622
152149
361955
357353
412522
388884
118825
418552
368059
144773
400259
365279
303154
163225
159990
116722
242094
284794
219680
287232
379390
367823
220946
172214
126887
109605
189768
133542
107069
191835
278399
135695
421972
424300
138507
329225
104595
141557
299337
384737
389580
294319
180707
146194
368007
450167
241502
206525
330021
115611
398142
364049
257657
292979
229870
165461
115106
335338
313405
283604
434681
324535
427913
362827
455286
141169
286347
379818
420927
389736
134194
279118
269842
265190
255718
287112
301627
303282
368948
394090
296600
240766
428379
164480
400369
161457
361037
393697
436731
245056
179020
427224
399138
274305
452403
127794
156115
414602
183559
377244
125368
141405
147691
307218
347392
161576
244964
213599
292046
274450
359543
144215
144024
299844
400636
135554
420211
149626
216868
450445
196921
386026
348739
329025
174997
446646
184365
273767
425478
254092
187724
345017
249554
249735
265513
411776
109621
102150
174470
382311
216596
386261
317439
216275
240793
314860
227260
169848
308663
192193
320774
365006
364076
250499
212201
358347
162580
221217
309984
338930
263384
302620
245839
110669
199901
217375
163346
200932
136500
230758
302077
436367
435364
176109
310219
227499
417663
356306
188472
427350
246039
105140
420049
220529
372709
343665
134299
427056
127865
456143
313967
200319
183409
293481
422257
110876
440702
352977
254743
260243
154142
111386
387512
185964
194873
325514
250953
445841
436813
143309
407134
189219
186099
262851
309482
111574
415694
151071
114816
165418
120070
162558
410869
180156
159806
300807
236305
313528
442221
349407
186907
122359
311193
330483
401509
345522
155982
362689
177406
147193
153410
373289
288776
243460
198693
247136
218404
212207
292516
429799
207510
380194
218994
336421
146681
157424
324272
147431
389999
255773
431992
245320
378664
334964
333506
423078
380256
104573
316955
217767
401362
223048
127564
373418
388456
407580
329116
434549
292420
314209
338639
177610
106437
159589
217308
439606
175733
319207
425859
216171
380765
119831
412966
150807
404745
298371
303072
446400
310612
370604
168432
278108
320897
371572
394865
390198
169051
154343
221539
263622
427178
400700
183018
337754
150063
108869
264662
337328
275045
232789
108132
337361
402770
247615
230259
366366
431764
205195
337903
231852
107971
168904
305607
423292
270040
314790
353958
317450
381860
398836
409079
319120
434001
149002
240986
387725
229835
445093
366954
214607
320572
264432
204520
323528
165700
338579
239994
130168
183917
205404
228955
339528
120632
374515
350910
332823
279045
398322
231778
330033
293094
392213
345361
251611
166212
279561
436994
146467
169465
126322
273026
262020
353664
358583
165259
101039
346441
125786
120427
333720
167477
157508
330390
375492
191802
126671
218966
201626
234541
126376
341572
427737
310389
161383
133019
429211
165479
424514
325588
452154
339913
134138
351283
150415
134989
125676
374643
101980
248671
196591
430599
194797
206055
330375
398414
437627
302574
200042
340254
155685
438456
346564
177046
330457
406520
311982
410608
437447
183996
288856
368307
366694
340431
221690
424772
323194
313862
219113
243021
139662
126039
177283
178629
135629
307303
252083
169652
345842
293620
249364
164006
268549
416105
275971
429594
239468
216522
369928
229628
435075
207500
328273
392357
253279
158177
259772
194463
125319
310121
133589
390033
233479
434378
198280
278744
200008
401685
214303
280011
326834
438193
102216
305787
197618
241522
219261
149464
105466
339797
380451
449489
119141
432847
286933
388073
454596
208416
258998
200323
410193
386784
410853
106092
147064
236687
116464
288737
401370
370506
207758
281350
171898
115104
160584
432578
263206
127298
436469
291248
219828
444039
214276
417500
152044
293016
117721
251169
154909
407445
238837
301234
242036
234634
262544
147486
133127
328786
157715
404635
132919
221772
220241
250285
150720
132231
103303
209612
123497
404694
367430
270063
266111
441935
163494
290063
198633
235096
226974
327000
449851
439702
309034
108816
289424
400771
314378
179742
441992
137177
322647
292706
213647
360763
180530
313115
339997
315229
449477
168584
418397
253428
255387
218419
358026
195707
287473
150645
284209
195165
433990
110645
398504
209400
115859
103726
194286
266206
265810
369014
148842
228521
122631
339921
420246
333537
412173
217062
416457
187434
326840
288356
279974
387668
359932
388088
282027
399132
250355
408909
415251
408570
382654
281098
196887
233220
419871
286570
138777
210996
419034
360742
278323
133100
328135
338500
363555
245231
137733
135252
324350
169380
252815
268680
223553
452990
119258
312679
305573
249894
413024
335500
212119
130972
229891
300200
106245
224531
277542
375988
295788
439855
433590
120272
126057
447363
141348
184574
351033
200029
337724
156932
127597
360168
209518
403105
443501
386736
243827
365789
123798
275950
274604
390744
284663
112173
179315
447657
159177
148489
159891
152657
174636
436480
225215
328339
266248
171030
450504
229525
454364
398749
410334
261212
287309
203738
285672
106971
452878
239523
136215
122687
248448
292361
197331
398873
442974
102102
184678
207219
242098
365561
450497
295563
251247
383653
222181
397864
158392
196466
379448
300071
229032
318730
184822
356276
187288
218374
261234
365510
200240
344979
413838
286293
275830
372258
313083
249060
232620
234811
107136
159955
198928
426552
314287
375813
237926
329563
187083
169655
237612
443296
271771
417196
260745
454444
424701
446590
238275
366663
143298
140363
414549
260993
232920
147724
226844
264325
300270
203764
240349
189991
122390
388142
310133
199994
330808
273637
431761
305343
121807
256480
142526
343084
221387
233765
189760
321971
281718
313766
436784
337881
413041
272125
296411
324077
109694
214511
109315
287055
338954
432088
344655
104986
379152
328541
152868
320859
187864
440794
415470
158253
168625
264189
361417
380440
352865
260545
248868
119121
103811
439538
323406
364918
195526
283404
390014
194487
185151
145922
200242
359118
286725
379235
349269
449936
307859
127149
190019
255846
350873
310507
139151
311522
255338
266552
333324
313739
153910
399106
400608
315455
214173
221986
352649
419822
132236
268501
417489
404717
171762
287234
171885
369402
234106
248456
157477
414370
376223
455157
289077
209357
409120
431085
117486
287713
161778
228484
378088
218024
110480
287024
188352
455917
268055
362585
154400
181637
161916
201862
333450
181068
226141
256367
391733
172788
128784
423584
278437
376055
183770
411255
148895
430628
147134
329986
289693
335872
435093
259236
198682
281051
248412
280096
250518
454462
132738
104707
109623
161194
245198
346113
402829
174992
222077
387437
302840
363731
216669
358200
266269
131372
314578
348512
450405
217330
268626
241932
125147
311294
420063
252559
161616
417296
210668
284644
159073
121477
267317
139371
139615
399929
130305
171317
328204
392839
130658
135683
444564
205713
218684
124579
342016
402718
431327
400353
156942
284383
407180
298537
399685
423885
250228
109788
363569
445921
370842
137207
337834
380081
231171
393038
348654
170708
161903
235899
336863
296804
152952
331603
403394
290083
407801
286623
279813
138618
163620
201814
444316
446939
370412
257745
401557
361519
232950
137694
361309
188799
291315
221950
412113
213809
436860
181440
192984
342038
269493
324749
410266
413277
380504
375535
255121
231434
121884
299907
105971
251824
183082
118303
151808
148410
219893
444047
168154
159705
161735
153260
310921
381972
112115
213081
114154
219538
382199
272616
330117
130952
122527
271346
378433
374077
196451
348757
399464
413750
232075
176776
313026
381318
379859
413515
428854
334794
279049
450994
250568
365318
425638
409744
333329
194130
118393
194266
407237
418492
233378
289804
204902
240343
421185
219842
354233
382710
329561
340297
372492
434900
264629
172413
333300
238983
245530
231026
358915
304643
366237
224204
315216
396073
166780
428775
361548
367437
384533
288614
403236
141720
402017
365468
101496
314855
311090
260816
129478
277202
349867
120901
393270
278969
219338
292366
438440
186251
192591
443771
188773
227091
117796
314015
441258
341098
332110
136552
388940
408346
329270
313707
189628
292777
190769
294956
380234
154601
455647
414625
332922
360524
410355
108421
112616
380466
342019
298156
292316
377535
282793
160102
377271
443401
133611
286167
359269
322605
115192
277302
397427
204191
436258
247047
366266
349491
200738
239292
211106
313116
319702
250822
188885
329809
130560
201746
411548
296986
394967
420046
275795
333269
351260
429516
454761
393497
266784
215014
142083
257909
377893
207146
349628
246702
172132
430608
317398
264925
251741
203925
148598
135062
299591
215110
120536
249383
209755
149182
324589
120751
113693
341241
261135
282110
275013
235976
339766
414838
110321
142426
138780
145612
298738
205005
328961
425553
346570
168658
127884
201891
327646
359371
421244
295220
377660
129693
304508
235909
214568
227280
340500
450054
383881
334574
232631
256429
333181
412859
175429
397183
113494
236504
233463
242279
106067
374016
310188
351522
269985
225641
220127
267727
333095
127518
182040
253108
150059
283907
166282
400378
281571
323205
188915
352449
273251
220853
102003
116909
145852
192725
444272
398627
299713
213990
222373
403163
128511
446953
281547
199835
202203
181668
315842
216664
444134
156014
103300
438675
169919
126477
401427
272101
391263
375155
210337
273242
204913
198180
164336
138501
286808
354943
357297
102627
144100
240762
118788
123472
154081
403595
340206
107633
178607
214115
345384
123853
431012
296854
326877
390217
377726
164648
351573
234756
194777
191252
314829
411138
301866
327816
330851
159155
177870
189371
268514
246966
117041
219933
414365
218852
225384
321499
114246
206858
209285
322567
412743
307203
122310
256435
381897
252938
303042
124114
139124
414074
433305
306081
126347
148208
323844
184759
278265
162661
394006
127781
395551
436739
142135
339641
221590
136805
240434
421094
136076
437172
329367
296373
148003
174770
344236
364730
312978
211856
383209
398716
107119
318364
290898
322484
276583
411910
364178
131835
214697
363668
127404
216266
325823
101796
129889
293498
217532
135538
404772
331329
194749
127329
237316
297163
406246
412177
386921
125741
414938
432346
319045
404117
453746
404262
301318
195382
111638
120431
224606
101803
193195
387566
383810
377082
342445
130848
229069
278576
324699
410810
316461
239022
372152
233723
285327
224335
110004
193224
226370
317957
408480
277849
340685
325003
210647
176402
218972
300927
134734
267296
342629
142725
441198
162597
288683
164393
240189
193848
447073
204422
153025
292270
438455
438666
400759
292284
435689
125134
112658
431459
292504
315100
372797
132653
295464
129324
368119
260633
442803
396768
165791
286091
152784
293741
328780
201331
318085
319638
141814
188043
353243
159550
420056
207111
304777
331842
118130
233469
211610
154045
176317
333346
333567
171532
445025
177702
253757
271759
317331
452318
212779
349912
434010
157502
109252
294658
324722
302193
362934
256052
206026
160335
252907
281753
235359
333294
111996
172257
113743
427731
265248
193489
166296
120430
366912
113615
421278
277669
414924
226999
135228
253054
251919
108832
236839
420022
226586
395476
112609
265647
328747
433386
161161
362854
232673
413329
215017
356766
174884
403867
331718
453064
268045
386900
225590
207810
302262
297050
269445
314382
456112
323425
158600
104030
263887
105613
140316
397409
420306
195166
263627
359551
148535
163670
254356
331973
447427
406243
358682
424224
181377
125867
165414
121922
216839
205282
259836
149803
116588
442717
432007
348601
231349
447485
111132
301377
292241
431537
444441
134603
302998
281535
355428
344738
304157
257371
223330
330608
331131
340364
123511
362759
376131
358481
240917
261793
316719
348483
263089
179585
224946
293512
199841
339972
327487
277564
405706
266614
335324
143931
368866
124047
273991
340990
268468
114894
107046
450769
411280
128020
428952
168219
117774
403858
383024
360065
113924
276003
217116
403798
410421
163756
118176
309501
196190
204613
106106
372204
350025
436450
363122
300068
291419
294536
260270
137487
171091
171522
367972
437851
117879
230509
256645
272429
173209
390926
430482
142484
238992
240225
266243
225255
271842
336060
449864
351574
246095
333681
178703
278211
229359
209572
210268
254630
346640
157683
450147
158070
296138
309821
447393
438555
336486
284543
143733
118487
242108
428986
117986
419044
447589
433317
346471
389231
367269
188310
412202
455666
435785
103426
194891
449931
435255
367189
386175
180019
345086
450911
220689
426352
412653
387694
241553
348544
149353
283718
331689
193755
106563
338995
132161
157785
374688
340847
402434
168051
415353
434682
108321
111009
445582
110109
248645
399128
115210
233820
159894
210002
175277
306572
355460
250941
104495
386536
448983
139854
420253
240621
428221
222573
453491
293747
131588
222454
418538
171013
278955
207604
436733
190736
155056
312885
146813
343629
365397
267903
415253
372880
421858
373016
123648
172687
160573
107555
408861
301752
149797
366399
337854
427819
265958
116950
332780
246320
205856
352227
328988
443376
354929
271656
166078
177422
181143
174710
177655
350181
235770
378734
400705
396521
298083
198129
388041
212076
135907
307554
451819
450540
234565
368567
186022
295729
194840
345986
271892
280241
159184
211340
163954
127924
187141
410550
234375
222514
243065
107264
263257
211216
144289
102624
378570
177130
299000
349585
207680
281709
139110
440340
433839
209443
289792
210854
288868
334511
181464
365744
194834
156900
183028
267018
414567
441078
294498
418171
145864
141965
110459
167101
334510
151633
250374
298435
416415
446946
189013
298784
329835
111568
390024
289945
362477
174947
109582
412171
423084
195534
454349
321113
202357
104358
206614
212929
413063
323282
204462
357647
273553
454474
301041
107879
419653
377869
243640
305321
373017
297629
436988
412977
234893
145631
427601
264693
343655
273397
423657
390727
455314
352774
206764
311274
112059
438045
249870
203909
112674
164585
364133
257573
127399
344521
179230
284469
400815
245375
353887
188249
411118
371551
112389
211559
171622
318129
213309
128120
259295
407301
367090
135768
308337
290160
184284
316905
395394
218718
133545
127013
404861
435270
225992
263108
183542
123411
257523
271792
125730
395149
383382
134304
451729
340093
176706
208477
332082
450049
320340
448063
437378
432385
294272
300575
117601
210182
454937
444550
334999
178824
284626
222445
291780
276908
259652
444173
310179
289276
396423
368158
256582
182646
125386
426025
232414
180925
229339
453744
258572
250001
118324
100966
193303
185911
346676
311477
437009
384907
453615
224425
200022
262536
129121
421320
267990
416806
410423
297225
177517
307267
410540
234372
148064
214552
126212
430513
378978
433176
315661
361762
218507
186365
351559
254379
436064
224909
152902
165019
437587
259673
240674
255703
438041
315129
168670
337233
162909
151632
304555
221510
385372
262108
236308
270374
115518
179431
409736
213161
243576
290733
337814
192351
114801
301374
245494
454675
131730
416630
143183
134308
342765
386168
431354
316762
452556
431194
106405
139216
278912
220145
197758
328605
304616
151196
214546
129832
413888
377570
416758
215634
259474
375950
346678
305205
333480
307084
346503
210635
261082
284250
420469
225463
453015
357453
203504
210406
162684
435632
102699
299072
134544
392979
278072
119906
226724
257959
310520
272786
133262
123085
240773
423378
170982
105491
380531
319335
307656
184289
107778
236734
317046
277756
260011
404820
441036
236847
133527
148700
193835
352458
178004
360070
357417
453200
141521
420807
403135
346007
181940
226087
163817
179989
148202
233633
410158
369172
401869
245084
403351
263695
166293
327356
108351
422773
359101
223039
440268
413043
187127
370773
238657
272452
335062
257432
445112
225738
202906
197956
271708
313195
121602
367389
223093
437562
360681
151585
307257
228382
342216
358957
279099
268678
179629
194539
453017
339301
423776
293859
205232
382042
334670
220731
172875
323202
220251
412442
450423
334851
177837
287242
204024
187359
355986
361374
230752
195058
402116
442844
443901
188342
335054
318429
306687
391679
259646
348647
185111
320284
447830
440534
125697
395444
272941
396773
106260
184239
238164
341596
136439
262494
318840
114977
293526
180519
381064
279594
451360
333869
154001
302748
412807
185902
171852
325729
365167
349381
437217
334546
276255
165946
454060
286308
360371
345286
344739
190026
307452
435393
117231
125041
247437
139346
191126
382189
204083
271988
387121
414699
263702
162906
335842
103068
133568
264116
282372
261387
206259
349147
110300
376286
159377
201683
287628
369382
401540
334449
390104
221472
172702
429277
212591
173070
406513
256100
296677
139373
264130
195657
109331
297010
175603
111637
305403
238251
286634
418312
147146
180068
425871
249018
314166
288717
181782
286903
298328
330912
168249
444033
252030
214050
331531
134395
265501
374403
400389
308996
113674
241969
106686
400942
252308
274508
357989
290770
138220
139157
354332
270736
132280
308951
178385
421204
260483
372035
421846
254553
296327
447789
378497
278429
151049
250988
152604
370984
189403
260152
280987
212667
266019
232246
265433
296881
341438
291637
339992
318573
399335
137478
399987
415577
123416
124210
451029
337099
295121
351679
315238
286024
256712
318785
351290
226511
407160
140280
348103
286077
165120
159252
221028
246592
336384
338377
333205
296426
455352
105785
129504
170452
435916
147841
419889
104222
134648
338034
318823
364753
191598
178560
354676
397455
232057
207013
278663
242430
169799
257757
277243
332137
442412
134452
184302
172610
358360
191091
349116
443314
106669
436010
257355
187631
128277
181240
124717
244653
395191
345532
213815
180472
138172
118269
344289
220925
152335
408244
254254
319390
261874
420181
273042
298718
164769
297131
283645
349105
358191
409564
305458
300696
115280
289969
414347
173198
230814
141671
308284
118693
149132
322206
198610
220774
287581
168029
320263
284018
240137
409729
145501
195787
200843
386213
351640
260303
264886
289911
438655
186741
339952
410907
204041
262641
106175
441529
355154
124937
341894
221087
207183
231199
194669
216419
228217
185985
375579
373391
357714
130142
272728
292648
128555
285736
197139
406015
205410
404098
397159
443725
226125
347335
363278
137176
446470
150894
425359
346299
279425
372873
419455
303214
306534
306453
383919
252673
321900
428276
238305
146841
455092
366262
244190
417942
445380
118304
186980
318336
228515
275648
355359
224920
105066
400675
195860
130457
260603
221388
142480
138739
271940
358475
442907
207696
290123
426627
166653
294559
261092
135519
101063
185103
101135
185122
186069
412871
174224
189127
318353
101203
102789
122262
340994
187953
135741
398930
204838
444292
420498
137290
370617
322137
212686
231949
361581
391366
370813
319159
287673
346572
180611
161486
233534
272958
180454
321978
448184
313935
340035
428432
290249
139593
257010
225101
275011
182619
113972
207092
431873
433316
309440
327324
270614
414851
170986
187151
403102
343008
421202
234839
181889
100188
102636
417301
236595
158870
247886
308762
175140
208497
425544
427166
135542
404041
245482
141550
239440
333673
339290
263842
450725
428534
455991
206111
160412
160527
429884
165014
363130
141700
245122
380443
352587
203209
282729
287048
391477
329228
115799
163354
143053
325178
365039
219132
105993
297301
343284
229756
387189
358322
136886
363433
412595
195764
239569
424939
432029
151261
428856
349388
289133
313881
131434
210378
412725
370072
198606
332588
131633
120389
145066
190134
209974
259081
123881
352104
263452
432803
122230
104587
168002
298119
433878
359336
431703
196824
382514
199179
138909
270557
393835
318456
288623
420922
350202
239329
315722
358141
361188
438510
224791
345312
401346
164599
148297
149255
392668
217879
407172
201051
176570
413502
422310
330549
228576
144925
162787
244859
244139
421711
427351
313018
365425
411056
362043
346483
419074
313156
409481
177879
238970
125067
135199
112497
299521
311321
217657
406946
369508
406259
342457
440407
417194
299821
381771
424018
393271
116283
446764
204903
264408
371463
354878
201452
142775
267285
294735
103518
295796
286580
188004
156572
328510
308720
344926
446311
387379
278189
230778
319896
411199
295172
430834
414474
156122
431173
262087
378087
220164
160873
424691
405864
436798
239375
272430
163704
371909
446858
414510
453643
382512
417593
245104
207313
455103
280315
339421
425834
101034
413317
213579
111385
243482
265113
175585
430872
442012
325469
190462
112706
309622
115978
178298
287263
297686
403241
282911
210571
344373
144374
169010
111705
434621
369215
258194
356717
164967
224208
230227
281481
322086
386851
109860
412461
413544
427247
237753
403392
380780
206087
413257
114337
152113
308590
437711
296252
229852
222277
287411
129028
359472
135876
421491
272131
398617
204780
380307
226133
222109
331137
164535
240920
314379
107588
124154
381787
371836
453745
396086
385787
362615
390373
350003
184076
173681
188833
207550
406505
217196
284284
116764
298476
110940
383328
105520
206575
250504
129648
366037
141558
204379
421270
388229
299069
206677
230468
193677
208764
158606
130549
215726
440662
331183
159813
123618
115791
442266
138196
207594
283867
173175
189630
450547
165121
435726
179574
395885
376742
285663
212074
307369
359053
449170
403260
152979
167074
223763
230401
277679
430050
335904
221077
109631
431038
148353
324362
305675
424882
186892
134237
273421
147075
126654
212001
290035
311063
413581
395396
170168
323438
324343
321629
280445
274013
227907
323410
408671
279333
262902
146474
181652
279339
258847
402430
253483
255233
298003
226926
336395
123195
211693
250009
357512
164705
368987
117436
341178
163444
316036
382966
169023
292849
430668
128686
262931
294088
185144
233885
126720
404876
352121
340358
166045
344661
320662
262471
275506
370879
341151
181118
141658
146617
205022
375583
178510
304328
393592
115329
154392
283494
319153
127478
100269
141590
397886
379708
295181
179303
141318
291965
122253
223395
210690
416382
160663
163120
358239
351158
425839
264890
112442
315070
240210
156709
427363
231278
420933
139681
131649
388162
273267
349506
366584
238168
276032
237223
134633
272330
438350
335881
181409
306827
402174
411295
183340
361562
133003
297470
225555
366316
439935
298031
127590
150904
369517
320123
365930
287332
253550
170508
408862
278966
427421
153521
170914
323838
362620
178516
185061
145397
358787
305087
233680
261670
327398
301163
315467
237330
409116
428153
283300
242270
232587
156993
239961
319752
409872
112564
150584
302592
220788
274549
235295
437272
377844
383834
152844
348807
262693
383253
101883
297219
132556
234995
317418
152705
224804
278648
412375
271916
180776
130248
429096
336845
334722
439446
364201
329896
300930
154271
196001
186467
392473
379290
165642
143310
232692
226451
324912
207532
364768
355779
186056
143753
322782
402912
189420
164274
147093
194761
377846
412143
381630
430721
384582
371140
355450
203424
174909
335023
260111
292365
343806
414803
338763
194012
172906
220570
174970
426588
343411
276099
397601
124892
190011
186107
401090
302682
350074
116307
330432
271083
166337
300726
443196
393480
413664
339469
237666
360228
436109
376588
229092
291623
248304
181415
330232
125282
119925
183868
447259
399833
289793
165093
176775
148796
388261
233009
400717
311811
190393
274335
102392
295302
122548
133323
402852
366831
183768
207106
381196
452146
147165
129516
318633
106115
152960
247477
398308
311307
147575
424728
322975
188202
370624
430320
289818
381236
206849
107846
273735
195221
166276
268636
284755
169018
170267
279311
138534
187060
319006
414058
255599
207571
390712
249882
420050
388522
273780
270166
318693
128107
178501
210790
208433
219169
305829
328656
341559
110941
328655
407235
245067
178208
190168
245464
144760
217786
340735
326053
297687
425261
243823
234158
282522
445154
334830
111797
126843
109762
260909
130259
141195
200976
370787
228733
390939
317139
434479
297183
168770
223376
273939
105797
336805
265576
302307
356496
237182
110203
188456
311227
147973
382214
335030
209617
242585
424906
262324
154746
359534
246293
404793
199482
117137
106518
271219
170127
413213
422894
324964
383874
379980
368757
190407
124547
195016
387880
246474
442560
199983
276928
373166
227464
298721
355257
235779
210244
428771
315776
333517
419557
405495
379754
121689
345565
307036
415989
440903
203908
172897
168283
270357
239600
415408
159464
300593
107836
314951
154944
417951
183182
284336
138849
220663
327745
159882
150161
144938
262512
137856
327288
255162
148732
437171
288241
317057
142986
140940
165825
326250
182934
192678
452527
210450
417197
425287
266915
264903
279269
403557
352819
253558
327874
206800
417585
114996
290548
245742
353388
416172
199148
210524
114511
202745
418947
315510
129515
372162
120701
275213
337413
424092
395056
186327
371622
314464
309796
414167
343290
198918
343493
410769
424334
408991
406688
443014
214022
178987
243508
162218
277236
185312
414476
396736
373838
310840
125498
254579
159966
286276
175160
313636
261352
302604
352264
346930
119543
259709
335512
451172
446802
261008
153409
201497
126433
204538
350255
322783
161481
408046
272240
365736
403628
422302
400777
236456
436128
226017
320716
389004
311177
141610
230087
384163
355091
176971
245401
390898
418870
366545
410137
398441
404341
380835
160814
437881
432034
181022
165648
206871
263501
339701
171009
397941
434058
357179
387773
429056
396392
445962
446933
386778
191118
106456
372235
204469
299056
430167
110060
369552
394174
109608
401058
454656
121257
213837
285637
145226
129798
359325
112684
341455
334336
298180
188874
433314
237444
328922
341277
443949
330242
307743
294964
161482
371865
413603
388664
387841
178354
191840
110020
140441
298281
291025
321378
258230
137257
381896
159974
350888
153716
238556
240937
286435
372605
452181
305283
161726
340883
138562
369990
446632
373526
268349
198797
288975
105681
281296
395308
392845
178284
248924
233847
222600
179981
368588
417017
148554
131653
214252
444980
446790
237281
347141
199280
353160
400747
253186
454289
357105
275765
270318
268777
196054
433898
255284
245898
285371
223643
251067
353789
381940
411617
428366
161672
219711
451062
380919
381419
301121
189480
231596
390779
188839
344596
243574
169506
116462
347624
236546
289909
286891
249054
340856
101680
418840
154028
158643
242288
406078
208085
264619
160337
253937
282268
143291
294453
456171
331129
413103
143214
124453
203086
315176
283394
440813
376680
203111
444336
392593
188923
162013
432099
325048
145176
255436
102658
332810
270182
384638
207237
272562
316587
426515
438263
105689
213973
333465
198053
354690
110262
211858
119147
186134
193319
349384
429378
214308
131211
424908
198635
349456
392074
278684
284720
195355
359501
313619
310289
160668
109787
148631
128420
266918
443149
387108
184779
251668
243333
225248
121529
406240
247102
451150
360608
300304
146913
448092
423589
381213
357999
140293
176461
187143
290678
268344
216047
231395
260464
360054
244950
376202
173501
335461
436292
209500
437989
189791
434813
281570
386039
410543
192511
269241
234429
432416
355067
255246
356275
363655
385090
147520
329820
381186
270144
357516
198308
155945
357739
232775
243721
454139
319028
445569
154411
445751
109006
427758
390984
227613
435111
176320
378565
258431
148666
338449
315096
227428
200088
267823
232657
366169
160108
118981
387629
267582
304522
246750
194736
104347
240461
433389
187507
409661
247209
275656
208286
418554
172772
372189
351192
387761
366065
274608
397200
154073
334304
287533
352844
347827
239763
441038
195378
263687
267830
328356
201323
434456
307977
131886
148243
427259
421041
301918
239822
273646
270167
131378
179990
120152
191395
445416
171738
164722
416079
151359
407453
272340
357366
351457
337351
359358
223613
228993
370765
191072
159666
211262
304566
323917
426826
150080
222361
229498
158265
417991
130755
185413
239902
131868
455684
353936
448451
387073
430507
351399
103938
225401
201762
201786
195864
162694
257237
147744
300123
293729
223995
437800
207799
224680
155948
112259
262800
432763
200212
339375
219789
224288
186223
442294
356432
152330
356296
307412
210933
163300
456254
219996
393073
191667
177660
341571
247323
107344
327401
451359
334018
267982
100477
189217
233537
386518
138410
292408
282219
320629
322506
163754
332070
148894
396347
292835
347434
232475
363524
436751
405974
433157
139908
303853
185798
447738
262041
147338
361532
205002
304613
404897
223177
388628
101934
333171
308607
267936
101111
300986
394325
102924
127263
232189
150386
155747
131279
389108
412901
240691
231950
364112
170355
444972
205630
386951
331056
291917
233343
342914
169419
223796
211909
343857
430506
412155
408530
120294
304775
200986
105889
289122
383790
311178
256329
333962
244260
150661
215283
309551
113461
356856
426871
346913
155907
218838
203069
370690
197628
238288
102172
442017
453183
363781
160691
282695
143998
348904
406888
160565
383017
337192
273141
341632
151639
348257
169686
222678
254934
394363
151795
200727
235408
355325
333989
108984
322414
287408
350716
443876
405943
211071
180487
390452
223663
455788
172794
156866
374665
199719
125195
317706
371034
296064
124119
285118
130485
134645
277261
355838
124009
243418
239175
302298
125613
282943
126112
381085
190409
412341
128083
452110
437410
299579
349344
274660
446347
264548
327292
343043
427919
400155
168272
406514
307009
419235
242777
328911
150184
134075
272618
368940
154989
375510
178551
101197
261565
377459
110122
214790
172026
404457
324196
331542
130809
130744
361014
280004
292942
263398
273500
210082
179639
393362
120147
441764
268324
168218
392891
215730
219053
309832
141883
369247
412408
159081
308322
228091
385242
429580
362076
393614
274981
378796
324663
197700
410527
402401
242047
396294
224346
240482
347563
249413
123708
411054
408155
219797
445062
266368
227048
111186
375183
434077
184367
244273
437060
228266
244564
231854
413403
424464
395675
236011
140901
366600
353338
303981
276523
444145
266940
243063
144594
263282
430735
372609
230463
348382
399638
159069
387959
273367
319019
127515
416741
358007
369733
151287
273730
163054
229978
431891
248508
266307
411770
271119
201415
142706
145300
265745
352019
158196
273355
214770
361821
262935
200099
447501
290754
208975
185185
151064
308214
291010
143261
341567
187854
215944
246943
448614
433771
363839
136203
294638
367482
290417
289293
230650
306466
328373
223029
401779
277761
315485
415051
243486
350317
399396
282014
344230
182923
110711
180836
224564
129999
272624
219489
244686
346534
333918
234495
222474
396911
194466
333053
169900
139920
397024
186544
223842
260943
292626
453581
220930
413312
235285
242856
280643
332433
215751
452801
315777
263819
450509
356154
342339
220591
199395
411869
164155
208239
107617
310951
156507
255188
241099
455527
169320
271518
108115
315051
247461
196439
297969
410041
239826
259467
274235
169078
330717
177777
413453
235670
258466
152112
267048
308551
136089
266167
387442
157175
353767
394719
415293
447578
273984
415241
219814
186285
118011
345865
448907
109827
296539
178392
293648
371300
144349
244242
341739
221504
151387
352996
348980
329533
292674
120745
217416
351575
374333
240848
186979
212402
219641
150593
390877
310305
294254
409023
130275
298888
344507
428843
438449
207039
424158
140319
272626
157701
186785
420700
238711
202298
184065
358236
226872
385357
407897
167369
193458
303891
259917
439584
322668
133225
243135
289322
415483
284249
101153
265401
147284
403039
341153
137146
101291
132585
125027
407010
189825
451194
312821
231043
118868
427231
435007
227167
194295
449527
350312
382420
134631
269745
237810
415025
269699
413513
271247
238190
317092
446343
346107
292821
251723
351076
239087
291847
149601
454374
424035
237849
286118
332162
334572
151433
298511
170961
293422
150917
188652
360699
311175
365457
104536
241071
114567
297454
299380
437715
266617
434950
319324
314048
399626
200880
358510
364904
173232
269672
212365
274938
321086
178627
114802
144803
116426
225493
163454
250240
238649
386796
391874
365530
181120
357962
399153
220215
247657
402569
363729
207094
352613
239635
350785
238140
434144
177106
144171
201210
336646
279347
419511
217569
432206
307180
364449
278518
193950
297350
419903
331059
107631
373827
310999
170028
317424
109939
144157
370592
121075
306224
255932
280985
414570
438962
245512
219706
326547
369759
238376
298374
400110
211132
306678
307299
451120
284665
320496
184542
422170
337755
299808
343977
281674
432584
188821
210570
198538
170417
313162
295202
210269
248786
175009
353888
170067
360543
190889
107451
144460
302935
100160
375499
123437
103026
219530
300268
106819
147080
313883
419180
312355
267214
453162
250485
100793
326931
290568
292670
455772
158694
261672
406904
370372
402034
358133
154153
337255
208016
348529
110957
382947
253174
430717
205230
388427
372752
222498
159046
358372
339416
193345
320982
202919
221742
103076
297412
428857
153172
343799
169230
288327
343427
180229
454830
134046
137203
329667
238931
165695
268104
299543
141468
328966
301852
437115
129759
172299
331724
382445
320212
241794
406686
216210
365609
398842
195644
153812
115989
189329
300157
224340
193631
184857
367018
324529
292400
315979
271636
200773
170889
436777
166683
438730
320426
297661
265295
329254
246328
110756
143545
235965
444621
102500
190657
370993
366464
210214
185479
431232
167593
327894
214081
384407
212342
318160
271814
112260
359732
157305
229932
128598
138578
110451
402028
117523
403104
156185
363838
162239
279149
396072
389309
246318
366345
240884
289317
226845
350161
179974
254545
187176
299998
428056
106617
407912
165491
374491
403530
448389
283460
382816
218520
216657
383460
280500
284947
361044
273944
382767
223379
411488
344162
416259
213063
267933
282061
359581
386719
453117
341808
191909
334752
291575
297739
405982
360739
202003
319945
110457
159649
276595
357427
140583
176451
253299
445729
176237
451999
342418
142687
157468
418855
143953
442257
341684
421139
185242
144774
223391
117945
261255
150897
302648
145994
282298
180918
343949
259196
444477
405012
355602
259207
120621
179681
413105
425990
210027
142483
284504
127258
407183
258475
242096
198994
300464
136804
404865
327718
250394
363894
320365
361118
337686
160343
217599
188711
446327
274682
112910
310607
114080
133473
320878
248164
312993
364770
400933
357790
147113
425071
410575
216261
222123
262250
265047
103385
183510
448179
180136
152110
403657
436202
150812
323470
266610
368566
314550
302279
416021
335221
294818
218931
177461
318578
321476
428289
166048
268193
427697
169134
282054
155354
340569
117732
225843
226980
104395
179807
368656
133164
284542
298956
387263
182767
254156
224091
103654
248002
121399
407759
420688
191043
437828
313423
412895
385429
421077
427539
338484
239565
127824
137148
330632
413135
267874
406119
444793
449652
429350
145777
226906
213830
246375
194024
100649
341693
135676
223207
147444
140585
193933
438961
205999
168082
324616
236244
327291
283915
128029
153169
201047
412660
401147
265094
260453
205006
206139
350905
454895
381184
439363
253319
245355
244282
125663
423796
245269
401391
112140
268160
182199
313466
305544
155509
412614
311752
182707
366971
418322
104000
363402
428568
187043
412144
323011
363532
320815
334448
451527
253077
343316
296336
302900
384050
327945
292967
383089
159516
296437
214392
256516
354040
117481
166558
223911
303654
259043
275535
388305
189542
262083
328936
385963
145098
141142
295023
117238
447785
226605
276782
144108
359189
276136
439038
348729
433434
242650
240697
197659
393302
381739
134986
272532
266625
214404
300606
288860
326649
276268
367622
348440
388728
362062
276151
213724
110265
187336
301492
169133
218763
150400
270922
297137
257009
138478
156844
367503
365604
205123
199897
378895
401982
180513
189566
357745
276249
376864
455585
233353
352665
283482
415192
208555
331721
333002
370115
180149
425222
413247
364150
199294
335139
159691
412813
172042
152787
436494
282493
171805
103958
244330
450711
246937
319388
256479
326902
201014
398301
186337
370600
133300
223433
160918
331124
404362
148837
122913
305022
248499
325287
308667
156681
180840
446648
294026
231902
356616
361087
308017
417571
442313
332271
439957
316455
303688
419080
412016
202845
414531
329628
322973
340903
322636
180332
377581
191611
306652
110264
297187
261042
346165
408630
196636
445980
154016
291841
337942
164860
430351
305522
287556
163998
206522
174348
180911
398578
221052
324670
454243
190442
261979
263884
413611
108982
263186
422939
416595
360109
149384
227389
246086
257478
436998
236125
292027
350532
354490
358035
419687
273820
164870
433368
317600
338442
165110
265021
369062
362107
355890
185236
323280
310072
133269
300222
319575
174714
240147
350394
329767
425327
257052
446173
111916
258076
238729
114520
343716
371422
124251
365551
253134
175604
435810
231866
313447
263215
443022
445443
337292
308011
337801
327250
344649
266682
107226
361618
131901
306413
323122
121577
248591
359849
448352
304037
362865
166412
153334
165969
262389
153721
283092
205759
325081
311053
228361
119773
151189
116427
164215
384706
134836
248282
286563
128865
336145
234032
199945
327501
116222
256418
243579
149357
431471
300202
390659
265056
170653
311323
449698
204657
367155
149108
121398
131882
249055
123422
376551
428957
145899
315601
101703
359478
349810
446450
322854
167107
383607
159394
214504
336398
179406
350191
159166
390307
399037
168234
207375
417463
192741
119656
233214
172752
285239
161806
236660
154713
291643
170213
409137
181331
239358
223047
299747
276280
119425
375159
378428
333670
116989
359645
115787
203275
272054
427741
236845
368375
270492
244771
263187
179176
197431
119381
184112
267229
112314
343178
380492
228121
244020
200547
206568
340247
291611
248953
430283
327448
187592
298634
273672
230493
338956
400321
399892
310224
421952
412444
201742
123699
150673
352335
270147
163218
189427
126535
257852
173556
240004
276666
356385
398304
289776
201036
124402
303387
324929
348970
418816
416589
200816
397335
121400
315017
207112
344469
335566
259536
287955
421645
308248
212330
367519
149555
107777
387524
146867
392824
137646
430403
321307
429965
351041
255747
315935
111239
110737
418736
379218
276720
139745
438295
360071
452657
158717
157670
396707
265018
204295
127010
129710
284386
257383
452757
351506
230171
116812
397656
338492
170761
202622
233365
373540
386994
203793
410150
338761
344797
232116
190221
245545
400628
281497
197073
370368
414523
441887
281468
355663
285883
325798
410685
377505
369129
235621
269420
425689
453817
402784
149034
409819
192206
180712
451327
152572
137376
160544
421560
277497
188182
381898
453240
270633
388906
358295
408726
455381
288981
335201
373152
237112
385813
118557
321395
267158
302907
439724
149909
146826
117679
135468
360892
226998
143960
381781
244348
339332
229197
229173
429250
176198
436383
112217
133565
423368
252634
332316
168232
185895
271985
147220
297853
302287
383094
422956
256717
136676
128129
249064
292599
410376
305678
150287
285626
432055
386087
187582
387063
153489
420424
177375
109757
167415
110495
321885
331450
162968
200822
263436
279163
395923
346034
189373
101813
278687
337111
287627
402945
243991
406366
433743
277194
365095
108145
304723
363605
304868
100995
436451
203877
132824
198349
444755
380210
185071
223413
202323
327727
119849
101053
335335
261017
454919
248413
312496
101081
330256
420129
349950
411818
354353
290690
327094
157929
395640
140502
115999
350144
435253
249725
233323
358872
382753
444508
273970
445844
139404
261893
454892
155776
266648
262318
239355
277972
231374
160395
346630
135428
369567
145519
367475
258359
135448
177376
174094
171355
324802
219079
226264
413808
290509
122744
311910
202873
423090
227092
186806
296238
446419
240963
197174
286371
286510
355720
123353
436609
118074
237238
399384
397704
181025
303307
327274
284399
208042
141176
349578
107793
138352
304745
307605
318654
428038
407518
400056
233418
422788
338186
288404
362090
134404
411230
185015
358522
451952
342175
150082
402350
171104
395256
354653
426675
448540
112366
110699
149300
409816
288261
180263
243995
204127
393990
168379
239915
431640
118629
124130
388823
342318
434708
404926
258417
157353
372571
325186
293528
186303
292514
451657
364293
375259
117331
419492
413443
252744
337374
428022
424715
350750
333349
302149
188097
170554
348215
138456
393108
219666
142054
308596
163388
146291
280907
224186
418351
395182
275854
150597
399213
144291
345952
150954
287667
171371
199181
288719
377037
318280
277129
229692
359692
316655
304170
409484
355018
390925
135149
445517
356160
370210
234857
220801
303595
235437
357336
386907
415675
263636
250905
168643
170704
396206
445461
387739
300589
354154
125074
273008
321639
214424
202669
201695
169634
150129
434580
283823
189361
113676
306235
305467
294183
183075
455946
112361
378338
353428
299155
419354
291479
421630
264407
277714
372187
247817
231639
314290
417295
281286
143129
429901
310569
323098
444509
120988
184657
240015
329924
364252
104799
317690
438075
253581
173279
240592
137199
151893
299303
344680
154217
357724
148452
396056
399848
433490
448391
274759
117229
193857
188932
212306
446874
116655
415860
312205
267084
135145
272698
168606
131605
119374
210534
268617
328492
222515
120650
426812
440369
372160
401198
363123
324568
157412
219105
373813
201412
295612
355349
281122
277594
128145
150815
104893
412917
366276
434294
312622
408995
218312
170064
223797
348125
244445
310890
353898
445981
326177
299409
324591
200737
450041
306208
277784
140347
244766
110966
181997
180145
271507
269427
392822
149556
331087
441041
333135
277809
443786
285164
276436
294727
334575
251951
380420
453783
190815
418232
102706
303824
176913
101234
183759
350972
309391
294949
156222
405379
430443
149344
158010
289417
142176
131157
256779
342854
187793
293693
438638
331324
205639
120505
387320
132649
181421
294649
362942
455420
277373
182970
281193
276362
314185
381197
404894
183553
357272
324311
162412
316428
150471
249805
434190
453539
415363
343994
425519
122012
183941
250493
114570
183327
439033
439344
455198
208912
110988
435995
404189
404006
339895
168666
220507
383994
374222
127808
375665
373315
172573
276857
318989
270216
248592
117640
420986
215059
375560
156553
110574
415154
316946
133984
167072
452482
127234
306657
271965
423387
120110
220110
259812
101833
244032
227568
106111
276053
413715
203295
277094
401703
158955
359601
318319
415959
422188
353040
385978
400496
324933
420908
409457
252512
102261
364836
339918
285233
438956
178813
411552
407673
310759
379872
442881
355522
109227
324918
278326
180311
235453
317583
424948
324576
435353
143578
189708
434353
355668
233206
422327
304620
373270
171589
399856
221003
378321
106098
437408
266770
397634
365555
195433
255887
434096
216411
438816
128013
440453
106374
261184
175352
284459
404154
298695
417840
287130
440052
440748
400355
206184
282116
263404
369116
338185
278421
425170
192219
253730
421181
300709
257381
394362
161861
328580
396353
387570
364164
254532
183959
213904
101907
385348
145913
165838
156702
332999
174720
147213
435791
163465
289512
409002
433943
168965
313327
396892
387439
188180
157950
189008
243177
321686
395034
384944
328910
113876
399830
177885
214164
422616
379729
178755
410816
402537
134454
241319
214936
169536
188966
335434
404397
229331
364123
255466
303701
243009
325260
131671
221396
270910
449043
145682
251291
397294
406302
224492
151437
359890
233725
360271
256019
271854
360212
169552
358825
126754
211347
102686
235596
366494
426784
257649
251605
173452
435085
111864
447887
282077
173600
367743
237798
276803
117508
356693
128615
263376
421812
455819
351745
109532
153820
184003
336023
283916
297792
316832
201842
366721
311147
454286
388961
219550
166531
146387
154103
249594
282378
247310
370985
214066
265709
307638
222817
429214
292450
374327
148924
114444
359595
126186
246177
119978
455861
325235
143517
273945
203510
192879
165742
208554
131640
316730
440731
223043
164854
316342
398671
271530
372385
145352
184287
266478
344795
308710
410357
116267
133897
415884
213136
109088
334663
279114
349148
275757
314196
276086
389303
407551
176274
372169
235555
358495
332209
184052
366281
218532
354158
415382
274116
143273
361227
172447
254723
358337
409055
300329
105614
135875
173034
172793
365754
425065
223333
331435
354299
205133
223167
354034
320445
301238
409479
295456
202985
427674
149428
140364
177953
141285
345485
170680
300840
259549
212500
290495
327611
423245
267400
331206
289750
362120
432713
443302
330380
440882
375517
227792
172958
125623
296840
455356
325112
321543
127998
267992
275136
125140
256034
260776
418182
102020
451001
376110
273657
429396
450610
286342
233442
426523
393849
269801
176398
381884
320991
247832
307536
325457
220395
191578
149980
230513
221975
108960
104342
279575
176182
150035
133358
247389
403354
344741
289939
449337
338694
152273
317491
171538
446185
349401
125760
152697
272021
110489
151105
425953
223749
235376
189698
416551
271311
232025
396881
250717
122595
316434
320509
292220
443000
419683
416943
300471
343130
148308
212447
128913
178647
423795
449899
146791
218456
371596
271270
120819
431600
339579
130345
177637
225913
161960
443801
240473
389354
326322
254126
102245
294637
182079
365459
225505
398375
177625
144879
284398
154682
292542
365889
163780
319570
205942
325951
228691
388455
216120
315459
269498
168735
242583
155872
292011
246352
439770
325122
384919
369137
360397
416183
322391
271895
256434
350924
135829
371915
150590
105173
198483
209408
163173
247451
450594
393316
227030
370121
346576
283513
193752
185553
357911
263928
126352
253256
268202
412890
327132
210536
250328
176136
306900
446839
154231
250362
147275
276699
223569
165996
371184
344463
154116
290928
210875
298925
321991
212348
369859
274672
355326
217112
247984
423678
156237
272262
264713
117751
129167
375429
408444
290627
426096
161312
415313
179426
114941
164306
149972
408114
422562
109436
347641
263865
208820
341120
158393
167575
254680
318965
244694
443252
452524
148538
373301
202336
308183
269968
369249
189242
258867
416505
439257
139983
236560
139784
126679
106794
100206
306015
230195
215609
252657
246262
402465
375722
305385
308533
393516
218912
332772
249915
203688
280371
337931
253141
334193
163421
358217
289139
342075
436348
291989
149833
136195
183594
218126
335977
430112
320934
145732
416684
179703
110585
288679
295805
173627
363479
394102
159120
431332
296278
317890
233008
107489
261666
286063
222258
303935
394256
190939
321597
158805
133250
149145
159446
161571
384012
192710
108255
436707
152131
294587
247426
401330
452254
122882
121042
188960
107055
348889
336655
238034
274644
297814
345007
227793
367016
194871
151884
183205
358218
335813
186626
443809
342642
246004
274930
337032
357669
412560
110834
403009
335134
153104
424451
309041
172009
363104
160795
376399
238126
261089
263079
409547
294750
144597
272102
271494
235882
276645
266791
247212
241789
189404
175584
290910
446059
373241
253984
143471
363816
320084
427318
383896
166320
101865
163960
102966
400107
287612
121972
431638
240165
188430
352578
373110
350391
188940
427759
396170
223461
228314
366842
188580
329279
166298
378676
390543
210809
152889
305814
118165
154570
234887
164041
180245
436355
236942
397508
331931
196157
335937
307126
303855
379415
446734
215771
240043
292852
328216
309186
436709
412315
121856
273759
257168
111914
345176
305919
379998
411036
325829
449471
293945
177245
199756
422095
166636
288488
177157
200586
359393
154796
122282
278177
235150
190024
155377
178808
284761
381413
354521
390726
280349
190650
168486
328111
165702
122297
202857
285134
190564
132874
423248
388112
450483
163251
182475
311681
218917
107253
234119
241968
365892
228407
292673
267059
172155
270953
321603
226192
220133
147912
392488
261295
104316
240190
264816
338400
347317
371897
374162
140666
379728
293797
313723
164268
281152
450880
276914
291880
162345
443127
245337
242259
265747
263876
221180
275327
307438
144399
297428
265149
361960
360425
244055
441021
255722
165260
278342
103667
249375
169489
129342
284943
103598
391989
428079
224322
132739
441792
220216
448139
154875
290486
309277
313300
116792
308997
326595
404120
233087
421790
278148
400546
374999
217882
155433
147129
287415
279290
180526
356686
175582
116917
172568
110323
428525
456005
165716
363804
299709
184652
260138
321880
395910
258805
356135
241168
288293
444615
101591
419212
297703
442477
154007
167246
186187
180121
269442
100719
196442
362621
202175
432846
147631
288076
273628
284376
104666
117153
128802
409737
210334
125812
410986
371952
399165
343917
335094
214886
446092
411726
313309
440954
201058
163586
348742
271865
433193
249464
235844
325309
382764
357316
441055
376768
371490
320903
265584
136338
271348
247308
452859
201167
448271
136380
284913
252071
211941
129445
217491
240301
141245
167453
412710
111614
316689
444671
420077
321832
186528
109571
233571
146970
197949
104638
293853
126181
323155
275601
352107
268557
333186
158074
106003
243279
399487
326751
132387
404544
287970
397385
348880
286407
276303
175354
407657
163606
121236
117052
164745
264183
413676
266985
119315
301071
327868
321264
444913
125674
390442
408974
254708
382847
370047
303514
171710
415213
190144
287642
204518
234553
308984
105855
125098
115235
442277
342071
317441
410888
234066
224067
375559
188517
137593
326946
244630
361847
329298
357026
387179
380872
194909
304342
339764
179790
426841
299547
348783
355015
340113
425614
287043
241808
313277
331394
167518
357045
182740
161652
416093
129847
108212
337939
310478
176647
134827
396970
386117
398460
422806
441264
275075
377367
280407
307076
195571
380164
201548
192488
279260
186941
156025
194412
234601
143365
190850
170649
376715
422215
122157
305491
307564
272448
302411
192012
321666
444275
314556
203935
241946
168882
431955
385948
140853
202507
144971
149149
190231
377914
386445
424634
453444
398790
231446
233948
232897
283165
347983
453181
433065
197313
416827
229078
341432
224257
283457
168042
182712
245186
272827
120739
449338
251473
147066
103926
154280
436496
348459
131473
291618
384055
191842
419129
217852
166391
449552
254198
450576
330606
127091
145334
336342
373277
429074
274269
102361
152029
183535
129301
335545
195032
209694
143285
331544
297642
449351
346615
131415
173177
406360
184618
433497
147170
190849
237962
326123
350105
247694
275652
360690
187086
244439
411259
136451
339005
454785
377575
107814
252300
237104
379324
201551
116249
161079
300229
175695
400352
140516
433581
406687
320200
164181
327760
420827
237438
292639
341360
298101
309726
154859
402138
319546
258733
411527
420452
305912
402238
165066
324991
442051
434463
262222
281636
107410
313579
365488
104964
402495
411884
404773
370284
101898
312847
269467
272908
399348
128061
109135
101361
142404
444944
241940
294194
225333
419878
378660
332393
380214
317882
194027
153184
245102
430778
364795
405987
225677
114259
337134
148608
321858
421189
107622
100641
188340
100336
279978
211956
407869
258229
339702
369817
227623
354119
397021
175572
260049
306185
221785
211023
330737
127688
242683
156825
379889
158585
409654
145635
134511
403733
109194
392032
426941
353609
225874
145768
191308
101231
366861
186216
137345
371634
192166
299908
226920
427501
121899
299813
230269
108848
325816
124222
165963
442260
110939
337353
428610
312516
143489
217640
343477
223335
359194
396022
162806
297316
405150
119117
194692
173405
241924
322257
308571
158925
450472
192871
117596
266594
447885
173541
339385
154008
236605
404904
166335
425000
424042
374277
338966
244829
402864
383229
280834
403010
389040
455792
198810
417754
350353
394329
312762
423123
375081
214807
210808
347131
250446
106821
306384
369492
305166
101673
362158
330931
451676
370371
308175
117063
253866
386640
440703
118762
398613
342387
253840
409115
148866
385164
125829
131579
170944
304765
252822
160760
401494
361427
145802
424942
221220
452800
145542
418751
284190
187274
263720
312257
159862
432923
453265
412463
273217
350987
191914
335100
383346
195849
374036
231119
182521
143689
337858
106826
431741
237634
197101
366358
304963
109157
284604
404851
400491
177432
157710
138851
154599
374281
268037
243064
339241
414513
406014
273530
132578
175475
343765
103110
405983
305619
287390
218903
248143
280327
229323
229250
302495
269856
169390
442869
248529
254210
189719
108780
408782
170730
428009
138398
280664
155252
131527
326403
280153
312245
357551
419532
284851
163826
267410
375033
393810
308201
325314
433491
183189
139779
432045
335929
407609
114747
422469
263779
452689
158981
236112
336055
347586
177109
291759
271253
150356
238482
174015
330218
350379
247790
223020
241320
176862
309398
203055
340968
147175
176602
422218
302353
261712
187739
312739
331819
214409
263848
214858
314819
440560
201510
179376
397416
159574
352808
143844
252886
152241
160130
272828
274412
248988
235224
429820
346556
388976
358620
248003
246672
346682
297037
216642
103660
299421
126151
177709
437804
205292
205028
380534
358859
440067
450741
351124
442693
132170
181404
110047
289871
228787
227198
312913
318658
258807
256023
311837
130762
133602
266516
347084
265651
285363
412074
185590
243201
325511
265755
351131
212181
251892
361623
399819
279270
173391
376181
207419
233799
303129
426540
310092
360252
224810
429371
440965
138772
111589
187190
455043
279517
302126
319478
361798
330525
306998
285549
100599
333139
193986
236431
310142
273308
392428
276874
222866
256180
441416
456184
339729
177510
334966
443959
172453
261129
388651
388672
222610
416360
349932
315279
211942
111231
326151
311515
370339
152786
299832
454721
153668
387627
406224
362646
229179
300561
312834
417922
192766
220886
214699
249933
273543
273041
168547
268840
453693
148777
428346
342932
386909
452518
352068
421705
349174
152839
136131
351355
195386
268518
340443
262764
438147
258523
238019
132744
289264
391806
153610
302781
291104
275050
392051
222535
179473
423520
259551
365919
148696
250392
390903
103977
293723
126545
145012
119908
340810
238864
373162
113334
214771
337815
353885
194807
346869
197238
234912
449904
151262
426920
423213
434416
382633
279697
418968
157377
438103
443217
417652
121015
117499
113033
383231
403515
212148
406096
339636
156081
420028
293574
436529
375672
309258
279571
250185
130904
454616
237830
339506
233648
376966
408549
401726
337106
224028
294407
184111
447590
406000
186137
193866
313082
129644
251280
363666
401128
126925
187405
198927
256850
437993
277962
296140
337264
438653
119431
163319
322184
265218
271490
146308
197995
197917
338039
320210
252264
113927
368993
274156
211376
358961
393927
116355
422234
224207
419779
251285
230433
316989
125058
329612
148203
256001
238046
153629
414762
232538
439527
402586
454769
450159
335127
249088
379539
343673
171373
293831
297578
356923
314110
153652
398144
318948
358135
154696
362654
406414
403904
217349
415946
140004
364226
246904
248301
323130
150913
216683
392022
212918
252474
243271
454617
312272
289267
360784
209900
356267
255050
452816
416098
440043
414126
406351
340015
283397
425637
436788
115561
141537
237423
384079
407733
441273
228330
154310
356946
194323
164849
335130
370521
180645
231794
147521
210371
250034
323162
285044
256841
164498
163304
135705
363481
286367
242905
191347
310924
432493
290089
340258
107448
380396
384566
369895
344769
429955
263155
136687
291350
341483
446920
201341
443319
246395
253406
166987
277527
416460
191904
271186
155628
247476
447780
441333
160258
318776
286690
445368
173849
321334
252953
452639
229589
199893
376858
338497
168566
126756
291865
400162
341339
340230
163678
234269
248081
315043
169957
123886
413794
110675
300072
337293
300441
306585
392302
438142
160392
165437
105551
102510
240398
197980
369432
340168
398691
149636
268391
305297
322701
338464
322828
389656
144525
343757
118738
283131
266887
390016
126684
124598
204404
154837
229239
130484
167104
254551
275674
192577
390180
424919
239716
327088
111782
388421
428013
385286
426244
411132
158741
203649
166985
380918
362416
235928
264775
159819
344181
395193
338285
341670
399415
328165
112999
279910
203607
452918
301277
238836
146139
426028
342458
344646
317595
391446
275386
251755
270904
286635
182526
411407
135877
341843
242041
241257
371937
271163
143533
101950
296946
318514
261160
329674
357283
408751
406178
176869
289296
136527
134634
397000
197910
209924
449390
293543
357597
140834
208544
207045
132057
135978
309030
110274
322365
312027
119320
326400
174865
385642
269793
376839
416956
157692
156877
128159
138729
364223
162445
361023
310961
213371
352736
229484
410287
121640
433917
109745
356282
402006
334160
184079
386008
446396
289855
282191
220665
254412
165192
279505
249874
256761
116386
105947
104152
138095
205598
411870
265430
192970
332947
201193
296118
126993
144017
407196
239059
205704
209261
289540
183167
142832
300465
159660
445111
325226
350763
253805
101611
328457
320822
376980
130600
217799
316773
100722
308560
157533
414675
410522
160086
264671
190416
223360
150586
333165
198535
451308
254816
365599
326143
375012
152201
274439
447251
293344
431905
192448
393451
234955
391654
299920
269578
363292
454652
329676
255653
416086
154439
273486
318789
192269
123221
355841
225079
216103
131996
137906
155767
384127
360146
321315
449678
388654
316610
230552
322916
103337
375057
376832
204296
332595
452312
159330
143394
117016
179022
202244
359683
264239
119920
225476
214375
383632
206183
184229
125055
172352
176205
270706
214386
292296
172549
187579
285802
133707
299268
315357
130590
193480
311578
193095
380351
199093
241451
110002
364473
191047
254488
159365
306777
245137
163796
349752
109351
160687
295108
362350
373721
224367
448923
205443
120908
129404
308320
211658
356139
151899
438387
172276
227911
374875
269432
383513
187022
429106
443777
252080
455183
445732
362626
118698
146543
203819
166176
196706
428284
391089
330319
418853
428838
376581
113852
364991
374632
344263
451884
388614
280684
184958
403321
311271
205145
455486
380361
182804
220573
163070
153833
369694
242107
187467
211931
381726
325895
440427
149241
126133
374448
244219
192362
405951
304045
186020
221378
164519
362909
269612
173011
403844
210272
290953
221577
200296
222795
197312
223474
228977
388546
120314
390812
185653
315265
309338
294006
356918
252134
322112
260894
306612
225243
234619
298701
223092
225842
332859
364523
420115
245111
154494
273446
266892
164208
128972
273276
108385
198146
335501
353528
205634
198652
416304
248216
394164
275410
181041
182172
238456
337452
176162
419308
346976
450257
236093
264824
275640
123293
401138
278145
453127
164450
386929
349985
439569
439010
300676
423582
204113
448446
154545
287377
330533
204928
123100
150001
396092
298361
140242
387313
423422
255716
242527
424621
156058
424696
432203
112123
177894
258711
257539
238668
190977
332561
360491
338295
144808
121434
126429
299383
335148
310009
272930
181860
268855
102920
374726
297462
252193
317568
246634
439370
323228
313616
156054
125631
203094
119526
276711
239234
104725
129837
414305
320334
167444
450718
354811
315584
153312
295602
181627
246025
421757
353253
414535
418631
387910
308074
140551
133974
341660
190038
281930
128391
262123
426985
296879
186761
395207
136542
308587
442802
339441
101619
183183
275379
352759
225785
109028
235908
133812
294686
398683
438289
446948
198506
231178
362625
418175
392627
424739
449748
250947
140258
284484
366630
304822
435942
266642
349856
427372
289284
292815
102530
281558
241580
300419
391324
394587
431612
232599
415282
452642
138358
180883
274176
204401
340271
331792
411322
341233
417953
343981
226692
154554
422299
402859
441327
135276
146218
372779
294374
164272
188239
378831
355917
439032
225196
308357
368750
172331
144798
393862
290341
290244
222058
209977
228874
329039
262787
276404
425705
283504
170853
311660
160889
220687
394672
326340
429755
179277
384892
300328
413538
284942
371180
352673
275164
124286
329073
185064
201369
264894
293889
428585
216009
233958
245825
238531
252968
321952
115667
163631
187374
271619
305517
366011
422125
161190
197207
163156
405820
413360
200440
327941
293785
131977
143896
329950
397116
388250
250309
445640
362087
333393
315172
146374
343623
130657
208015
198145
313210
280634
319055
272935
303616
323851
132024
394948
206340
144196
400901
265869
395245
296011
139262
381038
311828
161965
102154
338494
194477
239663
267735
183995
425979
221929
356799
234458
246609
245295
343462
380267
429949
162460
118839
258969
311987
279863
380377
427353
108424
269200
119449
264959
348801
281761
208164
298614
213824
208530
121866
284473
135087
102688
388802
276610
209858
422471
249886
348865
140663
140007
134116
381641
172723
456108
197301
138354
361062
403272
180516
203361
403087
251017
226635
349673
211233
211815
386152
413142
257599
138042
369894
250267
374466
224404
286539
378368
283754
125575
275381
429156
281785
255749
282759
340510
377630
421268
202896
322189
135471
142418
324858
288958
220877
435506
300152
262266
432823
393942
425235
386407
360544
335153
188751
103467
414226
318414
216215
166101
334657
428345
330699
121764
110425
151564
314284
172491
136990
142184
337548
261271
390906
156668
252842
255979
358169
405017
147277
383752
409588
152542
363224
132960
162027
272187
182566
169072
117686
423446
150803
211206
151380
243829
196637
330797
297639
100026
131387
174873
244328
405148
431318
336460
279684
252637
220996
196763
241713
124928
191665
341409
448252
104116
411713
203449
388070
380365
230565
444446
118280
102334
182287
347697
200862
214019
312766
264827
387126
314524
422478
266871
160690
386850
206701
280139
197604
382005
449044
195814
248225
396872
261483
421943
258566
100369
124146
313256
307449
315377
224703
211141
394352
379899
180060
199933
356033
423614
138918
367235
113373
215212
324065
321787
203408
156215
124962
276953
177774
358125
430590
421604
238977
221511
340592
359254
295235
319994
301317
178765
294563
375260
385718
124784
252832
218255
374062
438628
146729
151349
274631
119343
228776
214280
376726
105779
126401
370778
332558
419005
410517
245864
270597
284711
136833
302777
274434
167174
286922
270819
307895
127738
354425
411564
256242
356347
422771
194911
199853
325902
268281
339235
441269
336375
141942
361103
252459
326380
368216
155334
279486
423384
100052
343651
340969
405813
153225
413261
359257
418339
309906
442436
366210
384673
196266
141178
203119
322145
129290
425452
438562
353119
112518
340186
446421
446531
268186
223840
210881
239039
258240
104854
402231
129990
443367
378171
264814
325270
207821
166929
451975
441428
204177
306916
228559
451687
295245
385063
343883
108545
164794
224845
308878
245941
357685
112984
258106
157346
388424
235145
419660
165705
139943
144241
318649
317053
319942
296328
329558
106074
110721
388153
262072
119536
219153
152476
415904
277164
306905
324398
282412
263313
234645
197568
408307
412255
307042
172986
155882
335636
109451
369637
350990
327464
191487
350337
436930
370635
397557
449726
195455
193053
395162
255195
246827
340722
236310
366117
211795
297127
274696
297523
324860
178410
361025
258239
315707
316367
264919
168638
226896
246856
432715
366326
153714
302611
249710
423639
123208
197450
395109
225602
199253
364841
449017
293676
201910
215288
168631
244930
272975
161641
171896
431701
340805
433086
115236
387978
188623
370410
321973
404321
156603
440726
159834
298419
437719
133616
134248
335179
110405
194036
166942
175688
232935
256568
345490
174019
330920
180119
417016
314049
406894
128759
351255
142022
357715
138898
405935
383618
300625
443508
204180
307860
119869
445807
343696
247117
187825
445499
268182
373226
302606
334622
185570
427900
198590
150905
286318
450121
390469
430630
178040
171689
356503
258118
151889
136522
271849
272331
441197
400209
142275
113949
420012
320298
348748
352177
452591
225116
434063
416480
223341
348690
379801
405580
389650
341629
356969
213939
249104
337495
242073
245750
433577
368671
309233
451219
316665
109846
354287
353152
170694
137161
211453
247414
209769
401018
305999
150536
277752
391494
158273
295277
129811
401991
164460
173086
298505
380615
438755
226815
258197
276027
432126
352790
302018
154524
162682
389822
118923
299331
156758
219531
149240
132267
375408
316421
106007
117095
265865
244776
218687
177794
328306
414753
168020
297184
116470
338835
272987
277341
321244
191381
183570
292188
119932
328335
155503
265972
157719
390106
209937
445775
347111
147120
277709
120114
409012
163963
361753
287430
155439
169705
327141
181875
171152
265826
222395
245070
214667
341161
168844
230205
415507
444683
269719
141373
209644
305527
341550
396026
400086
272840
217282
106045
158910
332450
232404
326533
245412
266731
282487
276269
153138
283155
130865
194261
178780
387630
455526
405450
260958
354524
390816
331885
198339
373320
232722
189562
100146
161777
327016
445128
341538
137210
275682
341080
121595
397296
214211
137488
453718
132431
128604
379307
200564
443449
242172
133519
270798
237575
122365
326611
394945
167280
324897
382259
114111
334233
212140
454048
152436
347608
322418
291644
405329
174885
166645
374894
366007
110680
141930
261867
125207
344858
402377
408416
226366
301143
270511
318964
149177
236315
183166
272684
255091
259606
298067
100902
382678
412007
430299
421668
313301
289379
276397
124787
219634
104918
408929
164640
411155
242447
437401
221429
402906
183459
182881
249638
306397
203486
365262
136138
301312
378163
223665
336371
223654
320433
145108
204595
245891
452943
395139
216918
438875
421970
138640
442370
355054
223041
402284
309898
384777
411937
201985
385294
294535
267020
157691
375462
260807
125725
208028
149950
324278
281149
257356
389867
294335
270793
351706
450851
340740
193602
227219
245739
360157
181812
393491
137654
143219
432467
237654
187196
237764
100339
453258
327315
290308
207367
185643
159020
355410
421308
416952
104006
137822
139438
211231
190219
213185
350066
316866
438724
310313
294190
218789
215731
195317
238693
113013
229142
454177
384770
230124
362258
388530
126222
377246
425151
438172
117210
275875
158372
394075
215013
397221
150886
146168
258079
451754
146260
231945
131022
112387
252949
271533
241061
266000
359249
331613
179199
428880
107353
407413
107011
426695
109617
370068
285290
356365
304129
217080
156962
315812
344541
313305
416022
408859
340100
385791
336747
351844
187614
329990
413672
166544
243035
227642
267759
125042
369675
342816
339686
115755
376413
277135
215957
217573
275811
437785
281084
377303
381207
396535
380606
340298
202472
432297
127681
208976
452880
203681
197505
270747
293888
380052
101783
414391
162436
269950
395157
246579
114503
283547
400469
210761
192313
231315
385945
123178
146534
291577
113388
119817
289456
388323
107943
329014
210313
129467
112798
118664
273081
299005
258494
144470
198784
294831
370441
142173
227684
128779
149326
263335
205562
428533
407505
118940
448759
223387
209536
311049
428430
422271
394900
108622
328900
240571
265391
263420
225092
375641
437185
209099
382981
124173
387174
427675
387717
116410
157661
138211
416170
413061
440494
177938
320477
156967
155869
186449
411458
400040
316617
127273
389057
222331
316196
146077
357410
403682
203795
399490
229875
445978
183635
140407
220713
438280
251564
275187
170221
365138
245511
180920
250379
225421
261203
149708
299905
426655
390991
118187
353818
217215
169126
344539
100845
391152
434966
103159
326597
272050
182344
117897
226853
332400
246908
455985
227233
148810
290320
348292
206032
292328
308243
257342
186966
134497
395905
438479
189309
118006
118286
196794
131919
213128
332658
131639
109683
179718
144123
337346
228204
372446
342000
326415
320272
117768
110785
280727
241169
293661
333575
265830
150554
226902
128634
444164
294584
205345
254494
448851
386139
406451
161497
337301
263229
334155
217284
374234
344891
318172
404780
281510
231051
397536
187495
259687
154429
233817
416191
344722
427113
235789
383560
108923
251528
347930
379006
202363
214075
154177
114187
281071
270845
319979
217411
263416
227300
411792
135508
318415
132341
110659
287511
257451
296265
410091
258441
222082
323360
161420
422189
231494
129452
363442
315356
305635
244798
331809
441421
255704
218840
143423
266041
325362
314505
445939
199160
292934
283102
270535
336500
408424
360463
394418
178751
416363
109701
455264
287908
239495
284705
332163
236991
245513
439277
360582
371799
425795
308496
173948
145445
289936
261010
330290
421940
387251
247827
239681
350459
259663
217650
179669
154394
280908
395215
134442
432794
446262
112809
422824
291924
361445
253021
372765
250880
409753
341069
415397
254175
443691
360465
163181
147934
370053
250876
431472
203074
414993
127971
408731
196282
173864
192127
290665
226918
228875
183117
244244
100094
195316
210197
197986
243690
256174
164593
376189
160775
309270
355420
264249
392396
192054
218574
229616
292705
277353
421855
408475
443921
309022
229500
104909
378550
369561
314478
140904
438083
437869
340732
126907
309909
435868
291196
343468
415847
380281
278467
262818
427012
348835
450316
103626
297831
368024
454625
209837
306832
253096
298090
277057
104724
163010
301367
455610
204624
313288
380289
258611
406321
264461
350958
445833
181851
392944
207704
176364
165914
386881
425244
272466
187706
321725
333690
252828
399441
227212
188892
338531
410455
418800
341492
268991
140833
160156
447535
163369
217993
148706
176340
433092
231977
378778
363937
321274
327201
298254
413155
232916
392282
186604
238001
185950
218398
429947
443084
112580
141186
324386
261643
149374
292026
377951
408060
147725
133449
337970
403117
142016
233089
284349
400427
340761
102451
263115
204813
191857
387415
300321
403020
139227
219614
395555
191953
413174
452114
112908
451301
404515
424971
202242
175788
168543
336129
440170
150362
451036
129056
312109
350435
420240
169861
316899
189353
144182
252299
229045
103493
410732
132378
337883
273059
105632
111390
132681
347719
386901
327645
249698
409016
312107
183124
451304
336059
413289
341850
146892
158881
149233
347154
447711
371148
174765
290483
329543
241781
156879
128338
445995
447216
376219
347559
337002
426325
268838
168781
114308
410808
138312
153880
339471
228193
312151
374050
186379
412658
176161
196876
130595
210219
403773
106654
238352
290996
268341
214690
305393
153975
348360
445067
234238
101553
117849
141398
436180
360102
150445
300438
262602
291314
332492
278133
166538
350004
376915
333213
251273
127104
126321
349755
229623
314051
371597
338553
169970
251027
438323
200309
243007
259622
223416
451618
135953
381161
412796
145652
451939
270860
390178
342307
221358
223597
115912
302133
337379
398393
360014
119423
229299
393484
372466
226317
202217
340145
134894
186037
289281
116719
406807
411367
422366
106889
415270
321466
356368
400782
349820
267348
178699
118893
348694
257581
351494
136225
264467
216043
133082
103979
307942
454004
237592
347989
423187
120354
193432
322892
149040
405315
366564
256750
296576
335686
343969
243098
124978
417229
223502
427518
313738
256014
208126
263439
233913
266026
357514
140332
308076
311606
401690
320910
108764
131368
160880
160950
126766
173564
441283
259381
390520
300381
175069
369604
132218
220208
221351
241719
425864
258019
186280
325538
158969
433788
408678
377323
348290
321664
294025
204361
252075
409943
440781
166938
189413
373704
366825
291457
259101
270698
169827
177763
306465
445086
410993
110864
236111
149894
417857
211605
201309
320636
259024
256217
227015
432352
309638
442014
289374
389047
238590
251315
159014
306770
246140
416042
424974
262909
148513
207300
365571
155918
230796
447171
350732
100273
248964
373928
257424
343648
304284
454758
201424
364972
113637
328660
214305
334665
342219
353464
356625
379679
194219
128369
296295
345970
381018
269374
216055
213783
346938
170399
399973
258992
340401
221597
445136
359900
427745
311514
347151
147091
179839
177292
359486
361554
137828
252648
277766
169741
268354
396391
215330
276073
169594
234070
400595
103294
348310
126110
397659
154465
189129
395864
152655
257291
332653
107384
432067
313493
178927
379436
163755
425149
176326
228352
231099
296050
420016
309115
182396
388881
357160
440680
309081
169882
441884
228012
336719
256928
355153
319707
152573
182049
203514
260488
186830
151053
289093
281639
411391
105130
364517
194557
110997
296320
256731
175353
165228
337315
259035
220142
397209
402856
386134
167842
392713
300187
185925
129155
379985
299831
103696
115962
422268
283045
162075
203803
438870
170137
321015
347273
214995
221239
311834
106837
166948
445874
366877
229352
270842
188803
191454
348611
189769
103553
372373
116768
444796
301464
247841
330804
324569
268672
321402
241463
374945
310016
105109
215365
398040
274103
171308
295825
153190
317363
321025
455698
274218
230507
450614
226401
250123
161675
288496
373595
302733
194958
336014
436414
431272
320450
372754
257504
392096
340243
201858
388450
302538
278592
363296
354117
294067
171204
160359
247436
363857
206482
200840
221678
146789
111286
327102
134303
422822
256508
112064
120767
185593
334221
363399
102479
325763
276590
370160
257641
266651
266476
139630
149080
377984
187912
285827
261784
258412
380148
118390
413057
223877
327434
213108
121312
296171
375669
213919
441263
100027
346800
152026
166877
434043
134604
293147
440749
394004
443151
108761
414959
300377
339428
453380
150339
188494
272947
121520
195037
364803
247380
361953
216600
186804
163233
208297
239706
387902
158294
107917
283459
142692
269418
299170
187297
313242
453343
279589
341614
402123
405584
220247
190728
133403
317248
222478
159473
392572
204908
440515
302688
364363
398670
361558
266252
370800
186669
212780
317819
442096
209421
191420
234167
146994
450264
257061
434252
280505
316008
406948
200446
362712
155949
280896
105459
408435
287752
421511
304975
455230
372303
286439
436639
273715
396715
258152
415411
181075
181698
316236
119424
305515
283719
219802
148443
342673
308801
292499
379207
305548
162608
189593
383875
110715
210455
300551
362540
349348
149738
225459
207077
137385
102283
297902
268517
124276
349882
227667
221197
433437
451313
366022
225744
378538
104710
332246
389600
177748
235666
404685
196640
380315
428226
118416
156019
102015
129304
258209
269603
346740
419243
147337
287454
285877
298543
354226
273838
166474
294847
216749
332489
259271
418952
133639
381702
223721
439681
116051
329444
354035
146051
147180
162587
222247
403300
278808
126571
160648
138483
327100
330427
220554
301591
345445
375896
245678
187733
321435
267827
275110
328288
109116
345763
371090
174934
408133
326161
285228
343250
183764
111868
338560
102773
207517
309049
328379
215182
115426
308440
196025
242377
364491
134435
272513
278631
451963
453411
163939
325310
283331
212445
419991
109420
295727
186150
391239
337238
280235
352911
236804
128148
346992
455979
141459
397379
422618
103826
307966
115315
456219
343894
445357
210318
392597
431209
286504
250672
260834
141290
237205
262683
178188
320035
283027
208309
175785
433219
412340
391968
139752
128988
242845
405171
261224
204147
238596
426850
215696
265382
402843
274736
416181
450538
281981
112202
362698
239694
277246
172496
318931
259771
130127
456159
126692
319761
254895
139973
383803
349899
235970
170741
313933
150124
407054
411100
287501
131596
272725
131856
257908
154956
224821
276301
419986
155104
164082
245145
299336
320832
239727
440889
202259
222455
172604
211781
368071
148363
211230
380433
384300
204769
129774
437331
323999
324992
268858
362678
187350
366796
229648
310173
195167
420489
260939
347242
190100
392751
256153
432679
151172
196203
319434
323828
255960
395656
394358
334001
320068
384783
400622
214508
373208
453937
105439
366786
397819
227930
214911
113421
120564
125216
162054
283353
278064
146767
245445
232379
414817
203813
167894
365857
409420
151179
344148
290285
334261
163292
233501
105113
116581
170471
235416
315592
364575
268083
408603
292217
291887
265687
351299
370247
426632
348075
217339
357810
384143
427692
314882
350147
403891
419589
217734
205918
432061
250421
194217
380605
239571
319695
424954
199465
203651
133821
348642
204582
412245
209256
174383
230125
372332
388630
179351
420377
351519
321311
254981
129770
454875
226439
154407
279041
414150
311956
368431
417252
356455
145159
435487
158548
244426
155157
102679
191038
368676
240659
412218
150879
104130
342176
226146
279365
147226
294754
110344
197110
273744
294123
390395
268277
425012
283398
450127
399750
415808
328893
385795
287811
165769
212510
337578
242572
181137
389784
233226
110206
448152
281329
400280
130907
398888
291338
176633
443745
369655
337820
447052
114927
172438
292798
409572
318328
372180
339088
141297
181057
206072
240277
316058
371851
198837
338317
438796
209216
132849
171464
371803
165052
455443
271444
207567
149343
401342
286609
342289
171368
421119
439486
196094
136327
284921
344206
198880
327929
166546
190714
109945
164607
435871
203191
222997
193595
119398
437281
320072
313806
361077
189401
400112
412589
163525
318947
288642
349635
281228
435867
339835
330052
453606
127941
376099
423705
362724
163329
288753
130953
187865
333011
395782
371163
397371
116548
334239
286508
211485
210404
402652
253656
409472
430074
233332
212202
180360
273953
410755
274921
250714
297062
354959
234757
346351
433503
377277
290401
389076
318087
346071
164012
252550
402237
293167
135932
177171
107859
314934
262217
328484
364923
206718
259854
270313
327129
228300
372413
412585
203240
257014
374130
455762
285156
350518
211152
128466
342250
228524
182462
319651
429157
174182
186015
431331
182827
311644
266352
132251
207253
199684
323674
105204
455293
129285
367403
241749
102025
284702
333195
142716
235000
242391
334052
316326
340291
368143
225932
438170
292172
279293
261419
175751
449377
383911
224104
110741
259393
454467
157768
417230
187128
303844
377715
265306
372178
286230
224106
302552
191294
359998
341145
335563
152079
210841
377188
305930
417765
325324
394096
430812
126185
437528
108657
221102
363326
387024
184751
370056
348308
425200
143196
307002
157889
172190
100771
189387
206663
138725
160139
154064
447510
293551
427730
374610
121392
249206
102514
306575
149840
182924
329519
108844
153115
432160
133288
336824
394714
115607
343759
350366
430845
302014
321660
357220
125032
230499
416559
224552
272557
184145
291027
324396
373864
187900
239004
285451
437487
233110
206986
191162
436166
347488
200702
229668
271728
392896
172899
417576
417905
395868
321262
181840
291580
338681
223962
265182
132654
191583
424447
210090
142536
300874
257240
312047
234153
359146
328816
303360
155781
143025
293589
359718
384376
430105
413400
238385
136126
395888
387446
210046
131832
283949
287179
131256
298227
413919
292642
319360
429436
241409
215001
264740
124888
161718
384309
378133
437564
432601
169358
241261
237313
237644
248564
396942
308897
255686
389584
245700
111529
385926
352497
252654
317950
105378
105331
262338
193737
411601
127537
160165
259122
349354
365449
273412
374498
320586
182300
302695
187005
119371
326724
321026
125033
278571
119202
307774
153948
354006
148799
352307
182543
328646
400286
273478
400954
379826
296002
455564
420003
242912
188287
222193
141533
450189
220517
310465
244738
428712
375394
309384
182902
207066
319827
259067
137989
447703
124583
312418
171383
417221
186340
394974
414741
229110
231780
352507
257361
234381
360902
199935
152367
277369
272758
321613
166166
112208
404320
216615
438257
190399
245257
270010
277607
444252
122187
218341
334649
257760
311748
439178
152081
337187
217151
403485
276267
374462
158270
334054
287780
145232
217985
379722
174066
347346
266104
154484
170413
240102
355699
147833
264576
440841
214153
226078
110448
126805
362334
433282
152001
392785
215445
445676
293484
420972
422075
397923
337122
124689
418965
201070
105894
360983
153499
159454
296210
263397
271812
282091
255537
171554
362409
277603
236353
435883
327348
395204
172631
342613
423759
357625
320444
376772
347840
236633
444775
215993
122296
340645
158976
394617
340390
377380
356143
101600
216825
278449
376566
416290
436228
116842
305135
297682
217675
387535
110856
107877
241182
151851
414965
450584
229422
369244
433642
314534
335876
411232
223213
176529
341449
225963
274922
293354
382100
322905
251842
270558
186996
122959
111244
226628
304146
383264
358804
116373
166785
135095
249475
214579
296394
372521
448096
265875
168131
287786
186504
128881
404238
417061
334330
306872
378175
174230
389066
380734
225242
182527
370026
410050
231817
289575
392036
347693
134885
415056
366480
112459
223385
162899
347390
395478
180922
264369
182061
144978
308475
211855
333754
213747
152857
380675
425868
113401
385863
425483
242393
314026
235308
395522
139658
128596
164727
136098
293373
343451
216734
120359
216209
128298
191861
352944
319457
381181
220519
126962
255171
347519
400196
237467
181473
221442
199874
197433
327506
394316
324524
391648
234997
148052
256060
252983
126639
240936
350595
125364
403052
374076
104708
415978
239064
232298
217361
279573
235616
260358
395481
445986
378172
330720
264174
310198
221995
390432
353637
306406
209799
220129
347508
155892
427552
236785
119073
233344
166272
306559
161221
219779
338879
411650
338172
186183
395273
435587
110428
263434
356032
376411
403290
123253
215306
436944
213148
426380
123129
320819
396030
421233
357758
243676
103739
272374
423058
332612
137625
305118
345039
359793
358126
262394
398045
167418
159692
374975
256540
112929
426335
395147
172534
110461
174137
403409
239907
222928
348779
218935
121070
357706
263850
323759
129603
232166
177978
349293
339321
263481
155363
144785
379234
147707
102942
312542
378279
378752
399886
362792
121185
256253
131207
425765
277434
223737
385183
136452
205921
239807
161833
185801
126525
300692
361829
337561
144508
204381
371806
120596
191053
377947
318794
246712
324667
272834
363120
322336
384378
119674
245818
180175
206768
288048
340618
430272
137923
180353
164614
137745
306733
139370
159946
394680
226961
122534
293717
358021
382614
307905
358459
287375
251399
170738
152445
126502
186343
181646
155989
286454
158514
326168
227604
156498
450889
180043
252826
391677
398908
163899
268876
350637
226911
113074
136939
350545
383458
355528
157745
388074
443821
385888
241892
428099
386041
352453
111881
125201
230869
447897
300972
436272
426849
454744
328046
126259
227380
443746
199672
274049
100396
156647
453948
141822
304488
442933
293756
397758
144018
138149
312165
367282
288984
168921
119904
280454
344572
455873
280389
183884
305852
408601
281856
219587
227687
441826
291616
210896
147229
389400
403089
384094
381371
363392
267413
340175
137520
328556
264318
438040
264901
449587
420533
168646
384585
200803
426282
436984
275356
364400
292571
330100
368634
411341
453437
416192
342731
293558
258717
236061
368946
216417
403754
256664
219014
443641
234279
431953
227631
303310
389973
303641
403291
122986
323554
229021
105095
267640
434878
202352
355098
112481
201691
256576
196470
346050
267144
440895
220552
348861
455786
352826
276701
171426
151942
302139
217145
330770
309591
440698
285410
205868
327271
417073
373234
248447
114919
104817
257078
120014
232306
423202
296972
191054
378628
156970
437242
232691
311466
416651
381562
324058
383636
424574
110593
168840
138122
226448
450294
179355
327902
135586
165384
273384
225754
331019
158582
251898
335707
147555
256608
243463
355433
252094
108428
259366
185613
249123
263049
244618
306350
447773
414800
117472
392722
354234
341043
423930
255806
330559
182507
415982
195123
132804
236951
400939
367156
145294
435458
285084
348513
199735
255785
354647
211619
368154
439208
243447
320485
210716
100370
325692
417191
137057
251400
319411
327539
134341
132084
138186
370650
109538
323074
328534
443335
251743
409919
220998
269492
423410
341570
275840
439969
393896
242937
156356
120085
441201
158333
186664
322357
300755
271349
330182
101886
239482
215590
410589
136093
272007
241900
142897
446869
419417
455789
310028
126524
114947
371606
102188
333215
411098
320067
168426
106876
240807
150254
249070
424120
120915
413873
193928
388168
435613
400358
224603
355386
303318
382196
254677
179059
287253
309828
350128
391331
170634
122541
272122
294169
151081
344109
341486
292192
264155
297522
293367
335551
303794
425279
369869
331007
192197
290867
356392
373564
157940
445737
103204
330500
407910
162290
382852
286687
270783
235320
408043
275229
104378
370547
402087
400625
156793
105326
231269
325333
124560
164108
421341
354618
136067
202647
163404
180350
451346
207302
277722
112934
102882
305710
119578
439790
282786
141548
358732
269527
123526
387254
145655
378757
281788
328431
207781
211723
340072
319224
306505
354206
405447
438764
166021
389161
266341
400774
223243
337920
180004
268008
163223
315554
284036
172806
212757
240961
120029
282834
157439
450703
185551
365066
196173
398353
326173
170474
299327
321421
261632
171447
350022
364099
362588
136742
158890
367560
320407
448027
317686
138067
220226
446876
172097
184667
205878
384578
384324
342114
286680
455730
105443
399700
194407
240493
327691
291936
292478
106773
357520
190063
134502
243032
420999
139978
244028
141787
185901
250651
267986
448895
263271
369563
344607
223687
268643
334690
155657
201460
156411
352262
246100
151757
213559
230049
342238
432741
329151
441426
206725
188110
256058
104440
163443
201327
324476
440860
218446
359653
130547
118118
193537
241063
169544
111185
208207
220567
283456
222125
296487
100796
385187
282953
437013
382314
184955
455856
164491
298659
392098
192834
435932
200489
172847
455725
183829
267866
214071
112883
322271
361449
333593
251412
404755
297806
326281
156057
316170
146364
400631
331979
350946
419394
417852
162089
312321
171248
177732
209953
417376
275586
103565
447484
132812
291304
302482
368806
151470
140361
176766
373972
170915
127648
430579
333599
438182
130719
236574
181742
389762
198926
424964
275490
172145
404682
355771
225703
326958
410854
391606
454174
272207
320028
200389
268970
434646
328675
337167
376245
100383
198498
360848
428793
421124
190138
116679
358452
257091
347446
410651
118076
234667
307789
304365
158402
283308
145126
448226
207197
345108
443284
447101
273666
168579
252583
131642
164024
130724
285357
249815
211757
257428
178885
236321
252188
384336
372317
409587
219919
245044
429992
276372
389593
103194
296686
190820
192899
156459
219607
197248
215907
201301
170604
433295
321261
160346
228935
396068
275975
244287
131870
342356
286186
157395
177299
450198
210351
246125
127578
321299
421492
250435
419223
169487
372026
324584
441488
409437
323331
251722
362809
238619
252024
346506
346327
296889
295017
329759
233737
292249
262219
190570
201120
140377
289696
252947
268839
198767
407877
220203
450418
133340
400670
136321
399068
337621
280295
144742
355429
311856
196431
434726
125909
395120
392547
133159
341774
418813
425665
310193
355748
396606
348623
408684
301458
408127
174463
171758
344629
210644
333006
342416
371155
324124
292552
231953
341428
325929
197053
147465
452350
238030
224566
127617
275625
446211
112916
172567
233487
441448
213648
190136
325996
379220
108165
394592
248099
122813
253523
411707
171452
138374
369529
443947
146581
256816
221751
422617
328699
185439
311805
354231
231712
126491
110655
287094
185195
204677
342443
445437
212149
366706
309890
130096
146601
255680
108483
425332
164702
127026
415182
315930
223998
198712
358115
119847
420970
349486
441791
204513
255133
352499
256064
257422
108724
344799
407395
256003
355378
224883
174402
281025
384941
132897
285805
334583
217803
140191
436313
279951
262215
309224
381016
307705
388304
257127
219902
242039
116000
198271
436568
183890
242446
144049
198969
216352
397355
177905
110108
117630
328945
106004
115731
198723
233886
370394
137031
283570
400448
266200
400646
410210
419537
268534
238815
198700
433388
405007
187052
398313
371262
220103
318900
445894
262799
181894
323006
297087
266796
315780
454268
258217
269364
214471
405049
143799
261783
452366
197345
233160
371808
413405
232424
349634
174980
129907
283197
152958
382789
257173
344514
200781
106480
310537
241802
452555
159030
446082
114821
251641
115652
145683
360032
167017
236777
371007
420741
159713
346922
308438
370466
163941
323091
434105
389690
348614
357040
168352
322554
166718
170261
325415
296622
101373
308676
341546
115542
321581
266288
211155
188567
436760
323848
223762
282073
379418
261851
368224
338608
203978
139863
111948
149021
144846
321232
358973
364988
365413
437640
245735
123965
210928
293882
227666
379810
358561
252243
239381
395445
373282
163376
450075
216506
247679
338655
164479
297914
338085
441952
267529
198996
120552
169889
441648
419038
435925
383351
138117
414770
366743
206590
162764
395493
206921
155735
360145
210092
135226
218661
170156
358437
165638
155941
330093
180839
318426
342915
205943
231316
173721
454873
147779
130835
402817
153417
406376
294862
108783
288707
375709
191776
234525
327878
434933
428692
185734
407612
272150
436663
222223
280757
374860
377591
366349
439011
345526
293069
297861
304056
422885
327640
345716
244008
450362
424782
122269
400185
143410
204874
372208
318664
397130
326745
447012
192533
252127
305618
360011
404513
352475
166743
124438
164282
426767
246639
297595
349466
243645
255462
299456
397470
284435
312931
414157
149913
289178
138907
414930
385738
433726
133614
223037
256221
224255
288080
320553
239771
280528
410658
104663
164654
277587
307655
230238
104617
327463
357644
275580
451041
311017
312675
368366
168119
443465
269001
278164
312867
241988
163501
400858
252629
222425
263776
122100
233159
431477
135377
425860
390945
406027
313319
170371
340218
366548
267098
338611
143035
412258
293876
387283
148852
250844
314302
430497
233457
388359
166977
300825
263639
192130
165495
313270
393188
261027
130797
305429
189356
304784
307128
255021
209503
295588
233398
152486
136667
377924
177172
449970
257484
299320
381989
328794
254524
346190
101729
121454
145302
382725
154667
282627
382192
334432
232955
199752
405236
360356
378777
327922
255192
445328
159224
400844
204968
102557
212426
393657
360110
443526
447100
175922
378575
413345
411457
108138
167118
183674
234851
368812
308347
312530
268492
190095
344086
173993
411476
136839
153879
444693
427325
420809
342956
167856
231083
381647
361017
257950
282997
297873
174189
446381
323855
359924
289362
109147
392432
123434
263681
158423
372720
114185
146311
117197
350563
254596
136271
159783
146704
326333
439833
374261
161391
395099
286873
416953
347109
178800
385511
168590
128773
206501
250643
130818
239885
418185
357076
355425
172774
294725
167195
402408
254384
327470
264093
392075
107178
298605
447811
348713
193518
444452
371461
105874
236864
341947
371027
421769
251718
279091
415792
291162
218803
240977
263311
169259
454435
206078
303970
198337
438959
202992
138082
186767
374886
363600
215210
214294
359612
328825
149986
356053
257351
201471
361235
424619
105885
220904
322370
203942
233767
159009
171628
340004
118763
402583
160516
440366
109943
344071
120191
136414
190976
309148
346070
130801
339350
288735
139684
305386
369437
112379
306140
384696
118362
366368
183202
263861
108673
390849
308313
407956
373228
265861
376933
304772
240893
104468
310733
208998
444235
287905
382475
442307
119895
231275
212497
373851
185486
189580
302889
434677
113979
267159
432360
438324
429922
315045
451593
145080
432882
444254
410335
132015
300247
288434
400226
314082
328391
289107
176152
193495
126246
408227
314827
210218
101058
384193
284192
243961
325598
392112
110219
239658
245711
213315
104970
386872
374093
128123
127553
344232
438237
287938
324654
283502
131488
417869
243675
401026
366580
278860
147910
433626
421476
350220
431870
411183
200036
270052
158039
111224
218746
321171
407405
374129
359919
372864
243583
171929
191866
415333
221957
252646
352076
338169
265641
243051
370751
319657
349470
244628
303922
427177
363157
369888
284450
192108
176599
369611
260205
220366
251003
402403
251581
163096
357318
337344
452026
366525
293805
148747
409590
427252
124841
446069
179370
265045
315232
160082
168705
204135
309630
285149
227651
124081
113223
369674
401116
264384
328724
422844
276318
294260
410610
346888
270378
263249
408318
153561
237340
108709
239132
398591
162551
125418
311306
442823
317458
380128
455487
118322
208889
272588
117521
326874
220659
237508
319468
351427
118134
165193
348563
367394
358819
340933
449939
361766
199759
367820
209418
317315
278005
106710
202306
423769
435172
446435
226382
161011
347044
449435
232451
411700
265849
299966
318500
409495
180248
252925
428035
349202
146903
356235
215744
381899
342586
276006
118233
321565
368796
120478
283681
265884
186861
243409
110305
213501
140287
341467
344184
351017
204065
364368
273260
186527
318430
420784
392934
216286
436381
228286
143032
319051
392885
209778
385842
389624
360078
202388
357900
436996
404991
400121
270301
380314
418738
427989
133305
286245
307217
170016
381540
291328
348674
291903
206215
235383
174359
353229
412449
277685
286476
299044
332978
417225
335550
370420
348888
290893
125076
265956
129114
189994
157794
175082
175361
274798
429334
439204
389236
349579
202886
348433
151783
132944
203059
203932
419581
264585
413132
332198
360764
455678
333357
107643
297490
298055
309393
364663
215184
296480
282443
200802
134054
291761
424524
234001
180835
394083
421135
344371
424291
137713
224761
103807
439993
191230
203588
212626
318216
434115
324672
322443
413358
134088
249814
193149
162954
314485
188370
163543
201824
116096
371447
252157
276020
217551
267065
216530
367507
385404
381029
418278
365652
201712
134243
182018
323908
101581
148262
368459
174177
375760
330240
361528
369177
420318
132220
160210
430465
382377
368856
182975
419896
375677
296838
117005
272134
391644
335637
412543
142646
434627
331430
452653
441640
209982
427266
129824
310889
455375
154210
341338
260671
443626
225917
312392
302140
152654
203790
398783
166385
376755
144619
167146
152900
103133
288234
107845
361592
108427
225956
238125
129582
305127
110090
111861
379416
273862
332749
455675
351841
263128
351951
276649
393834
200492
385222
387417
300409
234522
152558
355146
205036
450506
390229
142240
125911
323555
224545
162967
368821
190782
389728
296114
155934
364453
368835
129413
419616
336840
309606
137835
415560
135722
263540
212215
373860
205041
321002
419979
274323
189995
449708
219980
434825
197462
379942
400106
363033
240821
365125
204710
257941
367404
267049
185035
134924
422046
181241
247119
235996
408805
294323
234176
371077
238881
239778
354008
199960
191417
325147
249741
128091
111549
117490
328438
237653
243420
248721
378823
454279
208132
385518
131954
401720
109783
360899
430555
431333
386958
319684
306920
181596
238819
161374
334318
185713
317162
340142
335444
426378
262195
360474
132726
319376
422399
416197
433781
349469
172335
184334
281898
138853
253212
147055
111351
202641
246067
384567
251681
327406
192863
160376
418671
296583
213353
281714
353608
439490
230409
448308
358410
267788
314333
289514
229431
388852
235267
368338
198763
385743
410133
374214
341090
199191
409882
446379
251711
208523
167534
299635
102803
183158
368169
310966
298074
239712
138590
123248
145310
319532
116243
181994
142639
108872
449753
204747
316548
322747
261590
122507
168987
322737
338722
162824
342039
249758
127726
375869
177196
123714
240856
352919
111238
222297
136443
237677
244221
260367
293657
431689
394252
422276
311218
315818
407878
359250
431426
428902
343200
437513
190469
266914
339966
313404
395184
322272
128963
134635
250336
180628
288165
369497
248260
190556
257521
271193
400861
172089
368742
246638
281014
450642
446101
404496
102209
394853
232395
447019
438983
336490
385477
130151
249525
445749
323445
348487
435143
114048
428619
196387
165743
283744
194702
355526
423888
241861
153408
215858
278379
392193
123118
159807
297049
171300
347085
406171
176811
200935
392338
119180
264696
286824
376661
198863
262962
390197
301303
385440
216269
121747
364899
245856
173922
334632
407887
295225
382176
242244
349340
185959
164223
179086
379609
380188
318743
451746
431473
374685
341140
100840
295930
344510
315033
145034
355459
364083
219782
454944
227238
424124
210057
119955
235742
363446
448881
415938
200582
124618
281976
280188
113023
121278
373130
375174
159607
104871
268929
364051
338157
193992
151597
331598
376148
442574
144944
374675
285086
380897
395503
321947
314327
405262
264389
412175
106954
255579
444188
337247
135476
305782
185396
195859
402910
152899
246008
245940
243107
168137
161087
165571
419551
227517
138034
151190
210281
221347
359667
170489
278149
329758
300176
281030
399237
396749
107572
360916
170386
407641
369823
157323
410290
161039
428695
433512
127747
168152
322874
182732
166968
151979
289507
335219
289820
142881
414676
390058
353184
425123
200958
326483
118708
140957
236079
139384
212836
312365
187562
453642
170460
277295
123278
106025
454343
130006
189386
405241
126866
145213
345880
266119
362708
407377
210632
244337
279996
154960
383627
447037
312057
309424
453398
223204
248117
162872
248874
226903
207538
351765
279443
114255
241717
373774
455216
187982
244468
377052
395526
383723
165787
346577
223644
207119
291087
348573
433948
171790
101350
149147
429738
221708
228673
261374
144914
397661
443848
174038
355401
382625
397054
175105
213065
221524
280449
138180
138993
163791
153100
323102
314553
249731
142241
160128
330087
110850
131725
447254
290997
300666
324481
170009
271127
274196
158628
268024
400912
166901
195747
191540
366012
294606
325704
236646
387537
338768
167633
426994
201790
357315
221174
214820
127820
136753
223514
372095
230400
242136
236712
222131
146251
410659
428427
450100
167661
143133
389842
219744
105255
371156
251882
334404
131164
306471
231807
445374
318329
350927
165080
244875
139548
455685
131396
108959
311881
364448
354868
245976
279355
187354
123150
388969
342134
249019
204145
149199
224932
367274
424858
449796
347056
229613
297550
209329
292384
146079
147595
234093
365216
338603
185065
248863
299166
448069
278383
298893
453169
334216
382627
454567
261360
352740
413199
216682
187580
340950
353491
409300
149692
333942
127466
148567
300387
206916
287558
137788
333030
359404
221013
307370
116209
397540
414234
402736
213642
193327
389776
408999
121633
142252
241755
231683
251758
244758
155675
259913
302032
317228
179333
284242
431127
454868
364410
330465
233967
433621
301644
267703
195024
307179
207914
363475
290848
174858
382782
224984
199838
309870
413914
335610
197771
414694
143840
433143
152229
224576
166809
447137
338327
121558
255238
328114
308193
239451
147926
181895
328943
364118
155955
122952
289173
283403
197556
339883
406181
237007
240935
268453
424665
323223
161734
178842
262285
109217
162428
423916
189167
351403
354325
407875
159505
340777
268723
236872
324183
361179
211848
166228
298425
435323
362472
260679
211397
445407
288060
417651
423864
137680
374092
431014
370828
179117
333172
318339
157393
322885
191123
247331
195844
279656
231971
373870
274756
444771
242505
179589
149194
233456
279833
365796
345545
349990
203711
222737
201025
161504
452116
435993
155969
406222
165668
116446
324195
260236
322127
423802
291607
310377
453090
145200
143403
383631
292895
100139
173155
314977
259664
147453
319550
190673
204529
230340
266350
202213
110178
372895
320148
415482
107598
312727
227581
309771
268346
353282
445319
100955
445861
291984
221723
156201
385484
205896
161820
202480
213895
423535
362495
311655
272874
321422
194824
249908
370704
179276
252476
130627
274642
288582
435065
116708
453533
398853
147943
202571
149027
424779
368020
185701
260832
412140
258836
293763
152503
260383
188779
162336
253235
128193
130003
241807
259894
135883
262755
230627
343930
275429
336600
330780
405332
138693
210213
348625
221841
440335
320595
360926
289561
171267
322753
339664
319745
312320
354373
176789
410331
286262
185407
234832
420521
450968
313942
232618
289304
122231
369542
126475
434369
147005
348366
183207
399908
161569
169640
250256
277481
224632
211409
361099
164778
449658
324249
360919
261537
287478
309021
143625
103378
161077
252561
198707
182789
169206
186794
444355
143367
390450
432892
263814
220587
146959
163198
125904
170806
319102
187011
273004
306139
300398
167038
424074
407055
180071
216234
374336
159636
198750
140541
232269
225695
111157
104205
453304
171277
455145
440349
416123
123596
115649
370413
300193
146766
367143
260315
231070
134804
448571
209238
217678
226771
141224
355757
272282
267099
332655
293746
407284
140568
420191
252532
285115
162725
245962
370514
410054
287115
115347
216500
298130
394220
290519
231195
434925
181145
140744
204864
224066
445604
406284
424723
211481
244085
133724
138420
366114
285866
388453
225726
386419
274388
195210
371974
355762
423229
125737
446281
412205
279447
206874
123760
318887
313827
310805
453296
153921
167198
391454
400466
127167
420909
277060
315516
350245
165784
140295
257733
400007
175872
440024
251334
284050
404642
128034
137301
415777
166425
227450
333656
233027
209874
202147
235865
396429
183404
244698
352347
346655
174697
350260
351183
434728
118863
304002
375609
415984
132907
314748
237197
440295
239380
400173
162318
369923
344009
456186
236207
336697
341532
234792
247422
423586
109029
256769
114509
390102
203962
375698
186633
402325
177616
191662
278900
441892
155142
266808
134389
358257
254779
324151
167010
175096
286162
313462
171247
120413
424386
298430
164153
172836
435331
405527
439392
306958
332067
284714
337789
438514
441572
256468
169478
321734
280569
282053
332044
382705
184266
368883
339271
248120
226748
401804
170238
292005
153271
210075
362693
436029
164893
280853
422438
215292
448609
137786
281799
292176
298177
170693
266841
296364
390210
384092
384278
222550
300878
169033
224201
107688
159829
421777
246848
414173
230029
319995
127620
284998
127424
141892
226818
256906
115187
205577
403860
166744
218632
271855
217446
365870
191742
132911
135861
181038
290560
385940
357871
360051
292103
194205
103353
115212
344464
306861
238324
422116
262363
184920
178450
340452
145387
202416
216010
279211
259586
225756
125589
438330
244795
303916
335641
168028
163978
355381
195310
431656
125084
381778
415457
416910
294153
365815
320637
218226
258136
281647
368825
410891
281397
191633
341643
283720
303813
310707
230066
449686
240728
349296
347602
375036
147028
442406
332408
205413
341813
411605
235517
262237
387212
353808
406056
229857
369199
123183
175057
115664
282195
192600
113155
185524
301014
205490
201277
405898
134155
436473
441337
145280
102696
108046
279274
281908
144273
126177
372004
195636
256804
404945
115279
212530
403066
150104
108564
423512
263516
166650
154676
454668
287359
148490
452496
266998
159392
183773
108786
354710
283232
305673
207608
364209
269312
194009
269301
108394
177005
340316
374025
418110
240550
175923
252431
292993
151456
323593
319769
381336
298755
324452
428768
123631
260703
294251
297751
421514
296559
103555
148079
190350
227937
205933
215362
435416
171213
439018
391928
187752
169675
197340
146002
265060
444857
347800
450094
364813
288949
261452
445147
128155
245583
198983
392128
399810
415424
407028
431319
370854
101277
113278
185457
299545
258636
369251
240306
175308
363385
439300
429902
337899
327469
114901
396998
218254
201745
268634
190360
163861
207827
331715
413245
269914
295644
389525
306280
272212
304229
109758
415166
308673
376480
385251
418739
126288
355394
365653
250205
380431
199986
347997
309138
253438
240513
395795
398315
340664
161303
250580
326068
107719
251865
455581
432497
299232
148195
379785
121385
444056
447435
208395
426503
174056
279935
333991
402361
257533
191335
104014
307822
195360
417289
293804
418049
311882
103340
195533
114868
400835
251077
332026
249884
311527
337962
107539
122189
298181
170746
444820
119687
260550
396731
327480
349514
358047
237066
156184
238268
183945
447275
391621
451801
417825
414304
330842
252389
149631
214456
114486
301349
394477
186354
234903
435545
283800
347239
171897
410695
299183
132493
320275
334549
259721
444166
317544
257161
347310
439629
419935
403594
139332
245662
253294
375344
374763
408433
117277
218839
139154
215584
254364
340995
431897
367476
386354
308459
121836
179734
325796
351546
430520
203009
103912
374713
141328
290597
141798
307244
254314
270356
138437
231588
361039
199977
166168
158443
250215
113991
347758
288174
448804
422398
282280
231019
342060
405815
350418
339053
317106
455177
361230
216662
449650
123598
262577
320370
144269
265157
374811
178110
426190
212738
411175
321611
138957
319586
320669
435008
127995
136531
356572
196697
417373
172929
367804
388723
384551
233080
133255
208469
242120
372509
110035
262010
412083
229090
406674
423554
233407
161809
340512
210737
116645
327067
328514
258596
287021
441185
393345
442422
269554
242199
312906
432363
178955
401806
304205
344017
393654
443139
114638
228255
130354
194574
318994
237333
415093
261552
383374
291990
399336
398300
137085
200209
153883
257646
409679
246311
433209
400703
331198
193113
216277
326898
371343
105117
384115
283690
192997
215874
290510
194387
207853
376552
114490
299045
325621
164905
212739
367585
422009
103325
100936
444901
147588
418917
248200
435379
440530
338053
232695
265766
450910
259076
264769
273916
437432
448479
123102
324395
389687
116692
337010
174378
414804
275192
401331
414311
111906
207915
275359
324770
287230
293166
348454
150225
145163
349492
361720
388011
394190
315266
183085
189119
314956
257713
230946
388681
272767
421084
166829
253349
267974
272596
313299
329272
123277
251704
336452
239630
283266
207011
353213
260110
360740
315387
123112
237341
325247
199775
121226
192865
314447
282356
418078
393547
231382
447252
146336
413421
210510
250042
317171
376885
426490
162267
115960
140610
397692
163744
275178
152561
332760
296550
322070
115468
157486
428866
294291
449728
160238
437011
230380
241203
330352
333569
105986
411317
193444
170073
270238
210452
348574
416153
179065
367767
304749
380709
361660
263838
191411
431226
279520
383749
389684
442206
298825
122355
427962
385797
380275
152036
252396
408023
312238
113900
412248
363685
169632
152921
333013
378600
366967
153955
211489
312616
132372
105097
245342
406316
364901
214723
123043
178194
252481
443331
456253
371443
345344
243666
348322
403440
408855
273306
434075
139126
362045
260232
242534
450387
425726
234281
418470
426699
439354
297566
253552
353947
351217
360455
349788
329906
348417
172874
131220
322378
402477
282878
106591
254172
420782
432760
342201
173871
132327
436507
417333
307081
165291
131284
170902
129474
116296
131984
372560
305992
275509
131530
192729
339397
268682
380668
198513
244161
155326
264020
214713
280489
378194
407246
254913
186190
350939
356470
165180
160425
205685
231056
377221
241369
228743
343405
272339
401260
337035
365094
178502
242908
212010
236742
281485
450764
250039
410381
421734
279234
388832
278009
115304
147493
161857
452029
124378
249943
326047
251729
138079
343112
248466
190812
441965
319312
204205
380859
296866
437101
177104
400041
416336
191623
127680
396064
328351
421838
178581
121531
318713
399452
375224
129289
387474
124247
126422
187781
366097
413565
141948
429162
308326
271560
179528
383676
207243
211975
451875
377915
255041
371234
324080
452667
437454
396128
272293
126897
345074
337356
270320
185251
444488
210924
290293
172762
427925
217583
182728
309254
334878
383120
202493
331522
378605
334757
330718
294561
375954
406595
242865
113084
141689
424310
163083
221029
287836
266207
280059
444727
243879
278872
242084
219019
141161
345890
270517
413823
126044
380578
265996
293041
421766
291776
449140
267988
284144
125457
201634
309345
420126
340552
240576
340076
268361
368000
224707
406903
222443
306833
132554
146874
160075
339931
145114
326793
187107
104509
331700
168867
212915
213049
152458
404733
284919
294749
295014
320481
376691
274042
171641
259387
181985
302052
317024
199779
253947
144896
233601
269880
102921
106481
147111
313084
309954
108485
158375
286925
412615
336479
338698
222654
101015
441632
370606
265592
448178
450113
433615
269550
286069
201125
340820
447132
102289
276203
330615
334567
319446
296724
441324
268779
318031
208257
206839
406097
304238
126690
405567
191323
343804
134179
250000
241178
315513
434377
108369
415036
165629
310449
442200
127687
130992
430929
383035
150641
232667
100716
218952
286384
221996
170607
196922
354417
370603
125410
267101
217194
114371
213754
300094
368225
114147
251774
193171
129621
428873
251362
237303
145759
190089
416058
373127
381375
232402
441872
361365
337252
213951
365969
373184
203641
425044
301063
301922
252879
257919
379165
223989
350412
232893
177833
365814
139088
166002
105387
373883
279021
396763
281953
309433
224744
289629
239584
369484
384961
294616
342332
386432
323954
173054
124105
188534
440961
422040
146795
207954
202710
164171
142539
165059
415087
429274
384178
122214
134426
189344
130637
284532
388356
273590
225982
413674
422248
338979
200331
346991
174908
358657
275681
310060
253090
255870
277926
447301
222147
200143
253117
358839
102190
448203
393949
134480
440673
196948
322559
246300
370988
348346
442112
338384
294792
449746
179861
311354
199211
183851
134032
385584
364524
292743
267760
348613
304746
162915
320883
454409
212590
323214
212007
197343
368121
449883
195676
211641
368775
355099
100329
420455
350800
382693
431531
159419
178465
221083
130075
306059
372483
396613
403534
340696
162205
217513
100211
394054
428730
230051
197195
167931
128952
140616
333321
125160
173528
344443
244669
422730
248852
407818
270713
455639
393728
255688
387989
175383
381127
302546
426881
134421
360639
444973
451828
383548
137466
411045
344508
218584
129146
388245
201344
403797
418280
193658
139129
269366
452381
351972
113653
105037
100195
339771
109528
352128
453886
214988
339860
109578
260950
309573
255292
143865
281784
419880
333176
430609
341035
349145
321852
190044
243771
351995
121424
212904
147428
455764
263455
414989
299128
380115
304673
290404
245014
228403
127454
353813
135492
148767
435055
433196
197526
330594
398267
153798
164217
174482
187621
324380
361384
136360
206240
439556
337520
396116
210619
446624
165635
261453
115150
141490
182760
236101
445276
285708
293788
406130
344107
168734
101382
330669
264191
299247
302866
114830
198052
322048
356190
115159
207156
172085
189412
326004
238916
178662
246460
169209
295982
175061
232751
281694
409260
352974
330716
344262
428414
422292
392044
385178
397318
307664
383368
277473
195427
185692
423788
340729
150344
439574
342847
206704
263393
270174
217350
412346
226268
455282
146598
286488
240606
301764
149589
199773
423310
159349
252745
241420
444309
426554
118426
212196
298248
377339
238063
432736
315162
292576
230148
117664
180262
219885
181355
404971
128322
390741
274883
371672
431300
301035
254315
403910
444335
408814
236968
230597
117345
354648
200287
337916
447918
308302
182552
117810
255918
253989
280260
312286
400120
349846
300353
169210
178065
107543
295269
363400
393655
236169
341148
133297
392566
125260
428357
121885
406412
316631
396571
387089
150716
280027
215896
102839
323856
211349
158493
338457
388808
299918
246593
444321
229951
112503
159012
393066
142425
383375
205147
227951
150775
434713
141469
227457
256362
106085
160054
455339
272500
293784
277915
362577
237484
375210
246459
163880
179421
303984
180706
116665
383141
336576
428136
301687
231797
308012
355558
300925
124806
117671
168935
188181
335066
439100
420525
301193
413522
189920
167032
219234
216204
241796
329452
358962
380173
289302
183121
158872
254285
353387
101945
368680
293131
244065
355269
431098
355881
437193
111119
408971
242846
387284
394694
192581
336654
386454
281727
198736
342149
119227
284601
421444
442535
442635
449966
158249
255105
104887
138010
107263
413669
401248
289729
203301
114363
368178
240745
276866
242085
309772
148963
257672
114929
307120
289522
123262
132130
288022
399002
425157
272149
329850
394065
282347
426363
403174
433557
362010
382468
267870
309422
452589
279420
216766
265778
160014
443581
392794
183173
455345
256781
125335
262572
283597
164756
267510
234000
252526
275096
420577
180744
443220
263216
173264
156460
101801
202335
342913
173315
165043
332013
362655
314836
320474
345939
287107
298706
134160
246206
374118
123111
313620
449398
439612
428280
242918
382828
308105
138864
126149
207842
404486
175356
298689
140732
138318
415271
310144
331095
450036
327502
222774
216377
313013
183944
196983
106519
360497
100571
159082
267902
203453
198943
389884
184989
297846
120573
112276
368584
360017
154490
429333
149112
148588
417992
256770
126719
391652
262762
162257
109094
299621
164916
388644
200760
221320
335418
452547
324818
175131
429087
219339
367034
162783
170110
418717
163380
208475
128303
324820
377897
401727
404714
144125
374814
244239
380848
128748
152977
299150
308688
256860
296792
163642
437260
340926
175666
447828
429080
391666
327668
141926
361918
260663
335491
190194
320923
172487
359934
321703
106093
118439
295633
193227
456077
110508
113061
318850
283655
407433
418808
315202
278555
136272
141361
188789
397457
374184
176625
169953
242289
434907
177364
347922
366350
375309
215321
312038
357708
207655
189040
178567
393386
419423
215406
162042
231695
186654
233691
230374
340655
362593
401491
178596
379603
232297
316811
186167
208553
279633
378613
421870
204635
239459
289128
437015
386248
297982
184104
271871
228644
128849
205044
439864
348412
394529
279462
133596
238891
455611
308765
160830
277110
329827
200451
156381
167111
412500
340318
146323
409841
115070
403855
259074
433222
260116
280307
365633
213518
424219
138250
231666
287631
361271
261240
222812
249374
112584
287864
101914
389484
336714
328211
191560
313075
125350
373519
428292
283408
125146
337768
295083
329773
241897
344111
113244
414129
331668
245876
291327
244279
362336
396582
306785
299430
324410
336431
340785
425500
234977
211385
251460
152800
200365
156392
451778
255075
179060
217307
242303
294496
144231
160149
365324
409135
175410
371304
100578
453849
435210
138574
125086
283170
355937
256659
152675
324578
234587
278830
196233
411992
285857
198471
256109
132178
229751
184734
359157
286764
109994
345894
324982
426002
276153
311717
252105
143134
283049
150198
236755
326310
265462
220029
405594
134888
306107
102884
203391
263150
177838
236807
104441
351787
346605
218129
117026
196216
162048
425752
173014
370108
172037
349918
436962
145905
187293
334702
296104
217960
122467
401836
243769
445684
322923
386554
388285
440531
217881
259282
379206
424902
113101
323167
323649
236786
405051
237382
446716
100713
411534
202050
406030
134182
345967
454169
352712
134891
359633
172903
232581
271301
297769
121549
429720
106423
211090
159704
346037
189975
150349
279329
383301
242116
113678
222583
137816
330092
369551
332182
264180
232264
234518
204619
229925
388434
413485
221842
245013
453885
390862
253181
205167
235711
201590
254610
358868
334122
318476
130181
267878
411198
280621
182721
382128
196534
104507
197428
240539
152322
418041
227770
126261
117147
372953
139125
431260
159696
194942
110018
253195
173047
174299
165223
117719
343877
352803
273581
289365
453253
274714
192939
183139
103603
260570
261652
234123
226945
452183
180589
350186
314727
186630
142857
279356
363833
411292
181149
374660
397412
230188
371014
110823
393712
409735
120173
424339
296945
208734
207711
433953
363500
395424
421102
204284
414899
251414
424295
177523
324602
249453
337888
320304
315940
173936
226972
444403
131505
127689
415571
209104
315712
378280
309946
132678
391548
190214
413285
101689
410395
101142
331053
377319
115266
343128
194226
270340
261515
114725
400478
303833
250047
262111
107791
214428
378655
214803
299118
163213
282825
230749
442639
262734
439189
355060
246454
272392
257328
334295
132536
221233
145690
335363
312944
271716
421243
434305
122516
234170
312128
382551
240618
340536
305978
407603
124809
226764
190636
155183
135667
307044
396180
149059
263285
276234
316152
212603
368649
186552
173207
319935
333416
152463
224054
390034
269320
442752
351264
238445
301572
148148
147979
251431
140065
214739
447043
437129
112393
267855
355641
333557
349753
273810
216652
180805
452035
371681
105504
136436
304980
147775
266417
191086
407900
190773
427396
267963
317880
121610
243503
238988
364230
327918
280433
196573
258228
306909
199708
453140
266787
160641
200788
187835
324844
330697
436514
451652
360094
281345
121255
155586
127656
297981
209404
138460
364673
292258
264218
326542
242131
202458
163185
105786
316353
442376
294676
346787
406042
287753
225175
214664
394085
220310
247219
452324
344174
192505
432227
372648
370559
309505
180942
155668
172245
337176
346080
214259
386070
125680
417475
445890
139263
342760
144592
452593
213727
138333
309804
152378
152491
275636
453310
175949
227895
204324
113817
152316
300051
249294
432627
171028
390050
337972
139325
379973
267780
186659
236081
241324
402360
434691
267578
291061
123776
341382
356723
168073
392796
273396
181847
123930
275471
409688
339747
308263
389932
400890
348101
345584
118414
400576
384774
234218
111354
429221
422946
298781
265710
177781
389072
434098
174226
433843
272103
328410
241394
428827
171365
153382
150425
116542
392745
435894
195412
429659
289022
276109
250404
377191
341708
426700
242003
250174
182830
257179
234655
239184
245873
444707
450832
429068
185986
244796
425282
343929
188363
357519
272838
419197
261538
172391
306911
102608
417079
253635
271947
419580
199060
169096
252936
369978
190776
364631
436761
349424
253507
378798
304020
363294
271556
285490
160975
183588
345215
436872
134379
182876
429161
139712
142141
244947
424140
333281
450139
371676
270725
248598
358890
117584
362023
189620
393300
250903
372310
279913
376953
244016
397473
430453
365679
308272
228925
286115
212334
215970
177191
260983
153726
422493
446804
112164
321268
200741
382365
421831
345496
275905
421106
403925
361263
312630
187496
235771
323420
313378
163765
156915
249692
268111
351800
312073
158740
248829
205079
113970
116905
424675
426131
201170
445990
135202
129502
376867
141043
142882
177001
136469
142096
216971
357517
317095
378197
293596
313737
243006
256223
185686
258918
175285
229263
299414
365294
425318
336054
399756
348424
108420
281219
101719
378805
242605
155682
261201
349474
228990
312019
349890
186657
376158
240212
122346
105237
341998
324934
344200
423203
253437
421857
231560
175112
173516
120171
254319
352753
439870
392870
286168
407009
246903
253028
410545
203160
358954
419030
425666
319340
127910
111002
296791
151930
188113
358114
438848
305545
236693
364908
208125
419809
246775
365305
311963
298884
387496
374402
416922
371661
381834
247130
321732
346465
452477
132782
445447
330238
189925
404445
364871
398557
146398
116770
436817
438412
293545
430734
337660
330434
345801
122597
242122
132256
403226
350241
310426
195649
343960
307094
156179
431822
281583
270990
301134
421221
304647
321972
312773
195432
409582
165321
209871
148492
171374
372161
189744
311508
296517
303743
126114
394886
138768
225506
272365
426909
132735
302939
328018
127362
376431
424381
170057
106951
406295
427043
282560
381615
151854
281159
348649
438640
300672
433001
128426
131153
336396
235317
313507
203197
236628
242071
209346
254346
378852
324208
113891
244578
254061
225408
436439
175130
205911
328697
263583
156211
385268
294196
103942
413959
288077
271697
303316
305363
444847
182587
100667
420257
181094
147861
441669
454543
434297
443072
412539
180503
336679
122839
394139
123431
229985
212345
286745
251223
435909
350589
347011
113380
182446
272182
419966
326889
294961
428178
258344
336547
105458
422285
171331
403640
179105
232526
335093
429568
455592
408067
248573
266404
340659
352621
389982
100890
342876
280515
194090
211289
275513
124668
288529
306570
360294
178382
223014
430125
291318
243437
267459
415403
199168
127539
373925
270690
196674
429273
149216
356065
170242
181065
381224
240584
184420
183660
129436
444561
443316
256448
333069
335084
318139
168348
437714
416523
271618
363372
280196
106755
109598
321329
358277
123371
312540
283803
106530
179799
164978
364856
328089
442057
371905
205391
285889
370892
347260
425234
240392
243285
136787
426738
373440
294401
375775
101484
369019
236719
320996
367250
387122
252059
327746
213388
356622
343293
429155
274365
185239
338388
225944
446781
351890
229626
225934
221596
193556
402249
253903
204718
398844
197576
171856
443667
183152
259358
248201
322456
410905
378515
376269
429976
202948
222813
171343
173622
435256
425269
356494
302788
406851
398229
438215
450536
148367
229495
303313
371515
188465
390390
117771
202378
166225
262589
173796
265771
374921
147620
390796
433187
393042
328779
450659
341029
247301
188314
206160
289471
400241
208099
231721
282327
352021
150158
216910
454486
263953
366140
417679
100130
333867
419854
426822
158109
265840
318795
151531
316503
328440
262462
217093
370508
445596
260343
374846
132154
429914
357964
277914
170808
177354
360172
337291
443601
255877
278385
176268
258870
153536
124624
353466
200865
382029
316688
411797
431412
129741
279496
353686
321924
115491
385171
104904
387229
139343
100816
439054
108051
264304
248944
200837
398047
243792
429801
437076
341460
120585
134374
277186
413162
409159
260198
405548
216396
419231
283211
430749
256203
325145
381529
303268
276231
190871
142880
374629
196251
337852
241993
134665
162779
382099
173301
149967
275515
321618
421329
180978
277513
282690
335110
379351
315438
176042
416331
401033
263618
340322
217090
142701
125783
416250
409128
216307
418501
426350
381491
221093
455405
188059
403274
195230
325355
450389
317558
225985
256586
453010
311918
311754
369638
140463
135324
257057
428483
240432
214822
382229
324408
179428
203537
232042
164130
404888
115524
383589
409330
302252
182277
441109
434741
183623
429267
245191
251198
262025
175919
351784
102110
104581
132958
142543
196209
211905
380474
102754
362979
183727
197764
214582
329668
249380
290520
269390
234989
269712
281585
215521
188300
195538
178717
221296
451728
118507
175430
354657
397156
426791
224579
301985
306956
258505
430760
358500
370303
405191
142496
248566
437449
385413
207898
108631
241072
201374
318603
136560
441600
393590
181978
247441
177054
197658
300710
225226
184500
252844
114042
298162
353141
237889
315589
190176
257159
306211
416843
181300
138965
317247
142069
169566
330974
424660
383572
211410
407488
264581
190371
299042
104343
243750
363127
265555
204794
426610
175537
126865
382022
147543
294238
318141
216174
279967
164937
351754
348372
246797
313988
403954
343626
397349
360901
200916
269391
137232
324115
386238
134136
275628
204240
187372
227509
335064
153173
135564
217902
256945
194884
164675
216658
385592
299353
160183
162627
192280
277558
438728
428875
247405
159926
270509
125598
139259
290245
440846
240597
295976
446729
359047
360585
302489
250594
329704
254418
255980
390850
424286
279004
105828
235165
136351
445168
455726
200006
213553
167133
171573
277749
290915
155275
130460
220460
221512
149955
449856
275001
425099
321495
314899
139822
283707
388332
311998
217917
325090
211087
185320
438340
309389
104829
448535
338641
148951
396658
304078
434357
201973
231673
335528
388829
256619
359028
287388
346385
245833
313575
415878
181424
129874
178306
201001
368837
345136
306308
437667
267372
106463
411567
175559
281574
304255
300203
148441
325846
342376
240958
253704
169140
136462
334920
133517
141071
405809
227652
332219
238862
362143
238727
138649
447224
155185
343773
307858
180183
350790
415017
407848
436915
262109
451683
153696
275659
216379
351633
385713
259141
439829
111481
189044
313896
265518
332200
342392
436470
421550
129930
392497
396834
146315
318717
345537
362676
233643
314285
204763
170226
369852
395431
399631
261323
189810
265873
299982
330930
270309
226631
368370
213945
284485
435216
317032
187930
358681
395455
430855
259232
368832
121481
273969
203379
433201
304258
103964
102225
197262
309598
447553
169874
292656
278806
413331
322019
407317
235867
360936
211523
359451
108750
200733
219904
142750
105010
335714
307206
402526
175038
320372
187943
437415
291022
298596
149411
285629
441616
290336
445744
137063
382094
397521
312276
285716
412231
347936
253213
129210
207315
113563
344021
306522
113359
142663
114271
443140
353077
166220
142356
229896
139571
215640
411055
206855
266175
156250
113121
351451
261648
102870
128999
415856
434553
310239
396945
245190
422473
105522
209376
340447
262416
242089
248146
340992
259485
309833
281966
313516
345998
243270
252038
130697
327467
330895
428081
387202
239239
410748
336237
435271
110613
242472
416377
346805
261654
441376
158350
262279
419724
145584
130165
161811
210657
206777
219742
322302
369725
306709
204243
334931
372256
202210
138077
323637
414438
154311
423099
199946
208183
383285
342228
315770
196171
307706
174170
155460
163036
249080
318854
114473
266741
446536
187940
142342
201998
147056
386383
360486
410779
204238
207016
231080
442720
316624
434308
373471
203742
444479
340562
428667
133952
312738
165542
330183
235712
377872
310614
224787
375542
119462
375693
284265
132354
434866
383539
232250
181972
277346
341036
456182
105997
275173
222502
434662
452916
202608
423273
272868
237191
163210
140066
123764
170038
110936
210103
108434
331921
419122
399474
453723
354236
263122
346945
178136
229062
173068
383274
357330
347924
130084
230420
426913
402392
293029
193583
328476
272548
221126
194290
368341
417034
178666
434380
438063
104235
421205
436340
114348
416853
369421
268224
140781
132786
171112
434647
314078
240730
225267
387828
381140
437047
357923
230784
264064
109334
215119
414742
314910
153982
256628
379790
338119
159116
190912
198631
232821
430339
448629
352171
413987
125934
329689
215111
174386
414964
179359
365646
313463
425684
392197
240005
132795
319611
195499
127365
201401
116529
310444
234933
453901
228073
283097
355132
261264
176818
156518
114096
422509
318898
160002
305346
116288
346112
436823
258752
148133
177471
130651
452508
189506
136283
212488
135298
104805
279743
210374
354095
171039
339556
235740
178951
329212
227810
263890
344682
454513
188334
132833
246060
264301
204909
267580
255559
281560
282140
152028
203743
246062
301138
201597
201385
296108
361965
132624
101849
302812
265206
160592
183523
414499
347551
419048
128732
343540
136208
279668
195366
249198
254324
268776
180844
322775
448630
264005
276991
210863
247516
450288
324834
388981
240952
333384
134436
260714
192989
280780
444455
330517
355406
243973
281280
259911
260208
334761
183621
309088
280597
408456
320512
435606
169920
351213
452953
128548
417129
378881
358389
286321
452606
141122
232835
421146
415105
375714
245866
335298
338446
429632
356835
132992
198609
364652
116305
382908
171494
333379
222939
298094
326932
190209
247433
289994
382575
298459
341959
385941
411473
155983
249684
438832
204957
193492
413036
434915
451797
169877
422390
114979
309672
273136
217074
108536
428747
189238
215098
209885
348984
293916
311203
284068
347134
248349
119114
296526
134114
273497
284531
108701
380736
162920
106343
359531
208378
287355
303613
389150
347804
324288
246281
203553
209557
325467
158182
211801
319405
422497
355999
364126
199119
438976
316024
158410
402757
302196
110744
365636
118986
110674
298619
101761
374513
218416
233516
456199
313403
150677
364078
138413
217540
203081
347206
103422
236074
313427
329083
110246
347713
379028
235127
188824
327361
355856
314353
223015
202962
371499
222389
123578
339225
275008
377898
421611
183169
207599
311573
211558
119112
111092
187902
283087
148973
107979
293553
184276
427261
108865
244441
137748
358806
390791
267583
177969
298112
309873
294819
143354
275053
174792
182065
290501
408088
175800
127646
210559
244101
270237
162339
172952
249286
376959
143262
132784
304824
230619
115626
110131
263704
219385
439092
355169
309980
380224
344990
317659
128501
435572
452652
176622
251583
305463
308905
331109
339942
336970
444181
249945
406488
180084
278284
196932
285884
240638
185567
254571
345956
332256
183749
288563
263762
304830
163585
330083
453630
391489
217698
127014
400536
283448
247569
216690
350424
211081
274998
455618
384112
313464
153307
344551
196462
380939
422798
244163
441468
354138
271627
274855
190270
348363
337278
348086
252783
334219
452219
145113
441875
246728
282379
399371
255359
234650
419303
431658
195397
450101
190979
315369
215426
375886
236270
147706
116035
266851
418645
376222
183698
453061
418833
150538
455966
186182
176644
201095
446964
377593
284703
107745
243060
334398
161298
390215
232408
134700
127354
226379
415922
223891
258781
234494
126660
418060
368762
442117
222260
408852
251745
308739
383487
299609
343135
352210
360083
259383
115990
359596
372547
284297
192094
156000
453419
201685
376226
389035
231219
186221
350702
221913
290870
154475
143651
276220
282109
162858
199814
113955
272487
116769
173794
283464
429039
346311
202359
374100
298329
261532
171806
112283
125372
128651
182163
284659
398831
312526
181713
241673
239643
448867
445435
349277
448849
400973
454819
396242
340958
246428
154878
332273
359067
389812
154757
325002
160560
374392
206782
304136
215706
161162
353065
155928
447701
360598
226660
215274
433438
395283
435530
356292
298319
114730
162348
241925
211691
186219
380429
244812
107533
112898
121706
226471
178528
122622
360190
348676
409519
314339
295840
321042
401251
247114
328770
346940
249490
399364
344839
151444
276387
326593
219496
251282
221278
307213
342059
123686
326126
305227
448757
103089
151679
404909
349913
430329
233801
207822
163409
382269
332672
383413
101286
303255
296547
108705
392476
190178
231208
419476
398519
352623
374556
435861
262835
423510
287871
452238
197249
287901
270890
434431
382677
442374
211719
402578
448461
426995
263068
201340
389394
181832
178828
259957
439933
439380
109004
135920
194774
442011
412040
332843
341073
423360
424470
263617
191934
368497
313977
176541
456022
385453
261143
116634
199872
418856
403483
235750
268414
411131
153996
138966
181603
137686
344511
339805
140930
407982
244362
141696
416356
216853
126687
169311
299950
435389
397778
356733
285933
306104
146043
236758
317096
211432
152174
447847
263859
428258
416769
443454
261227
136872
175827
285402
274512
402312
188279
443648
445757
250006
274898
230711
163382
262133
332114
370743
354466
246549
268796
447779
248758
409721
376787
288605
391088
244948
300543
272815
216432
445442
455681
318525
169568
120188
376560
359850
284463
226768
308628
313770
252897
262346
172361
266367
227923
196440
453946
402588
365208
250111
308713
169642
175642
171389
440045
273167
181004
397272
182559
415469
108759
397877
416892
391949
196142
128908
365164
346961
411257
113697
235760
374887
383546
420232
177834
421903
263526
138039
191471
424041
441849
127580
312917
257082
138778
372926
244463
184186
246680
399701
318458
343687
247231
443539
440097
213584
388542
326332
139018
439778
171542
451314
384455
127128
138994
408532
327009
274840
333945
249642
419450
315980
327508
360867
348566
326493
351161
231578
326156
453055
130009
324136
347224
176923
451495
387861
138697
410896
314222
379544
378785
335162
449709
114244
108210
271712
431762
266645
343747
362126
228881
445274
105917
195671
387778
199761
218258
135815
130312
450319
136723
194833
445603
221709
344022
363320
254450
282391
382971
105959
421813
309843
179720
382170
302740
411421
444131
235080
100059
163323
298923
399553
226269
214994
426058
373161
337249
261991
325301
441867
324254
283899
279007
375446
260795
387864
338424
450120
423274
436574
155795
424729
419313
134200
306566
110242
199745
187094
327237
238302
419990
163763
454760
174164
138382
224786
339250
191635
296293
447645
102999
263472
321643
168211
339094
389137
248092
438454
139912
415553
184761
173514
240741
173226
188689
197439
295486
290805
323412
106037
200270
185741
434379
263680
364198
326557
144255
236099
377203
294054
198201
442004
330623
448413
284582
351750
418942
375685
310127
235562
396545
115758
301881
410513
116646
227321
151317
390304
308264
141589
411063
227854
269763
268664
299226
354770
358386
189229
311653
432218
285362
395402
368603
157793
435731
378639
431564
389914
226375
193585
163696
436625
251943
161146
208862
171157
185633
434527
196245
346906
280054
179078
301308
115117
148905
152781
271457
322174
246417
257337
137863
207494
363626
125279
268062
400266
416019
320884
442708
329998
180733
167730
199880
266658
132085
203487
143955
354659
216391
226858
359503
114254
171816
382812
455077
295097
350676
364777
178697
162951
292554
431565
281501
225504
382346
347632
379671
386366
267648
121012
281550
258155
185725
444788
210604
368654
244013
361373
378359
105424
197445
335132
304051
335345
438627
173943
291301
252500
233702
342053
303834
378360
339392
153317
434532
400731
327995
303878
408166
400298
398915
133409
422321
315924
398028
267078
379393
143256
427946
258315
135604
350737
377653
381244
110486
289054
233663
216612
329195
178323
427336
435768
150056
258250
307451
142343
377557
257274
390354
153580
322537
250209
316996
173611
320713
219008
319591
374833
153835
429671
268762
256417
217111
308788
261915
449194
195374
235315
266700
336772
367028
390733
262893
287598
453978
275934
417000
179992
119366
209810
293067
412746
381733
123132
219752
179476
149897
119368
317319
384245
168194
297000
229814
404859
232978
278039
386207
440464
391081
329371
160751
290962
210780
371498
103850
281827
318288
180567
211538
318295
437058
351169
298387
153466
446178
272133
338267
234164
328963
133307
369729
161521
363371
149888
150412
190297
312835
327754
196580
357252
212758
411009
120426
151275
434300
298085
178845
386846
347513
273908
304840
281004
239477
309820
359995
301028
451610
319558
102907
273278
124843
342063
431989
435436
446316
162901
333182
270606
206962
315506
141049
375088
417870
118887
357449
337012
155028
447038
230410
431277
361926
198157
139485
226435
341484
166869
206070
417608
314064
178227
417185
164742
313384
334112
383561
194623
157429
100858
109719
393207
264486
260183
408851
149156
329565
317069
301410
341051
386751
247227
123533
428331
156852
442136
300301
101955
161294
138916
326998
165699
336476
446592
254959
133530
222979
221051
313808
127231
206382
189305
292595
417935
132090
141566
103611
135610
221395
200539
212380
359696
382109
268330
179074
334303
293457
111090
247025
112221
360620
423666
284321
124061
232502
162748
424349
130812
225341
251125
126884
416281
223362
422080
158566
404237
401647
236194
247819
132169
271406
190985
152060
107794
261210
426374
408458
223875
251548
186766
290197
216160
370919
391103
345181
438095
248615
253886
430333
177857
109628
182554
404766
395211
390662
159458
331655
189823
188137
151473
381852
204064
335095
379003
332073
102531
394118
431052
273596
428386
362448
423882
309522
139919
442522
428254
258920
214947
393112
306082
394498
302694
191940
140203
324656
417437
211400
126855
392595
228194
367320
307492
355110
269585
318015
426996
387721
212688
451095
437392
242189
361471
183073
351325
453238
311246
450363
213720
264481
137083
399377
250739
221592
278401
183629
415195
101520
430908
123840
122569
270255
242828
386645
395673
216775
178294
322341
370581
219096
387445
175143
182678
264847
108318
216426
146606
167678
430122
349837
326605
104868
207952
332107
381445
285960
360714
174634
203222
274734
429178
302199
317891
162834
239361
385769
264368
391676
107641
112033
344143
256941
448215
309903
281046
319845
162255
165028
232048
120200
409684
274033
194034
198827
198831
112044
254193
323907
417469
187666
243153
269965
394555
228838
107082
366575
100015
122088
132964
230600
188938
408415
409361
372296
382589
315130
237902
422247
401271
344115
345588
321347
278600
288985
256551
347671
411059
396962
420091
368596
167336
196920
430965
395882
295111
273014
176508
185225
280314
269788
272756
329130
318508
209842
321775
197220
191647
134119
355803
319978
152068
361237
443046
392959
232315
432332
368734
295051
102612
268699
441238
243204
216428
125654
279215
146065
100538
351415
412947
109145
302042
238120
160426
378129
168367
401709
319347
100225
239308
110039
276474
320574
104236
223937
320250
269473
165408
401504
413810
200066
233371
129820
447646
329384
105952
200635
434017
206511
103149
379760
302634
324248
254178
343325
298297
354725
217628
216633
110896
400826
273142
128406
244427
417816
433171
340649
322576
344997
203095
125229
311853
383592
450698
251128
245823
109074
385494
130315
102860
305823
407264
125426
429869
110583
251290
192050
141495
405908
154842
342530
456076
453868
400770
451042
338042
154770
372450
428197
343230
290142
335090
256254
226207
195804
216667
124964
310701
371736
253936
451544
362407
134366
335195
434760
367438
308898
119793
310272
148295
272358
197705
361555
207950
115433
384446
271846
409837
138094
343416
380716
126799
231105
450017
396991
212013
361316
265034
122525
389362
138675
286235
145653
132540
264672
412792
103242
264500
224036
427937
185089
169805
363607
368476
282113
188304
311308
446529
188361
143880
369591
107409
243745
304242
274694
135217
352041
405883
330924
103592
361619
391687
111753
310318
382640
255151
155501
128490
396396
232577
427751
267994
392716
323170
298526
390977
419998
325984
148811
197298
142274
309897
393919
131125
349569
182239
189161
369896
234652
349549
452911
448343
210367
155981
223993
339515
239719
196324
160033
413840
439868
330745
131572
444029
354359
201456
310689
424786
304974
425910
384929
225979
197970
224962
283377
243936
353089
304533
237278
420425
190943
196272
365695
309238
319315
154735
390652
201466
113073
368010
371317
374639
294701
135388
421607
113130
285755
452986
266215
148917
244582
322108
112851
427682
202330
435654
455013
118027
113297
425165
218082
358425
196822
197504
117877
287207
375655
328265
387261
383765
242606
427846
199412
349576
442056
184930
353620
455495
363947
157528
322748
394891
447169
402252
361283
216822
278962
321802
341888
117251
273212
204921
450380
226577
136019
448827
219862
338060
236235
228110
292567
299167
443211
416937
339810
217261
357924
340179
332187
429589
251172
165809
198637
156288
325891
385035
374244
313421
279943
160659
368586
102730
239172
319780
175951
162545
182284
242710
308006
388582
301711
179366
444885
325875
392590
319413
231594
407513
423942
334720
300714
263675
437961
135908
322179
283078
407945
323650
156897
129944
227020
203346
300311
415848
368696
265291
283034
326052
382703
230987
385915
132098
309387
216108
448364
298401
298204
420650
157072
112058
395815
248183
269547
178520
390612
332406
418557
241368
145184
160740
133934
251243
117612
436847
110034
101687
401487
312999
378281
290112
356158
332140
444969
274336
187751
336844
254344
196059
318117
290925
286691
100540
281533
346459
339344
220902
419995
177793
329983
362021
277993
227643
353458
361004
398805
443095
385156
125559
452228
162258
356431
264852
193348
281809
271609
266035
136232
218148
369464
339862
305797
401507
423335
317208
251424
432995
118855
108601
431829
396914
312724
263363
163615
187120
151159
269551
305257
436597
238756
129236
451170
265698
327804
432856
196131
454501
202176
440732
222628
308379
243432
195624
110358
246787
438015
242963
105757
424963
453729
153455
318409
105912
103751
415380
327946
173603
300644
377489
139420
445832
423731
285614
112789
349951
122223
327915
281454
275165
416652
241667
385279
314142
414057
310933
180549
147232
437363
200473
220586
278538
448493
404580
451974
114151
107252
202522
184466
131065
219954
324245
299583
295267
293769
159932
418259
186013
313746
167591
111042
441927
316592
185509
416171
294884
453208
184521
443898
370285
177161
451210
375946
239609
275142
182532
148990
220518
198875
262907
187033
185168
334952
337043
324458
290167
172360
449579
143019
314506
110356
161523
254505
100120
148055
416077
184718
208242
241087
422162
454504
372055
278757
332124
125390
231231
339756
414824
421154
377854
418766
330574
282567
239861
218845
180259
424086
410206
365416
238857
453312
193875
134376
393698
125487
417783
388605
174444
416351
400573
306319
146894
364746
353927
431356
136812
272712
167720
159455
398130
230152
399920
328444
392508
365011
334753
246528
284071
167353
261327
120490
361563
297310
434593
281983
187976
397855
312970
391730
405531
271503
364840
153843
351360
249807
184814
123395
170401
413060
444371
279414
374956
454644
137958
349475
382429
391632
314944
255152
230039
225710
422675
250666
153994
166556
416043
416927
196740
194570
296581
123804
320811
224743
251863
305747
305208
326644
213782
161597
429977
205649
194088
183148
324155
344147
337948
327208
285261
193719
249831
131129
424340
188104
146015
214329
454517
274643
257513
343020
197280
423466
123674
143569
445458
201518
280296
176845
116122
177542
448358
401857
384606
267533
455615
180255
328006
193343
200252
178968
248262
218618
452342
408981
419361
235687
273987
427316
348964
428400
146923
366009
128659
184663
442355
312761
419568
278207
409201
191921
241876
183016
152125
157321
188578
113579
126412
147316
125057
383010
271574
264311
306309
286843
438108
439251
190529
246632
425942
157181
273186
296729
307409
230253
121943
250457
317802
242830
240588
162236
394861
450401
383025
308803
336567
317465
373590
116871
293082
179767
287555
147577
387853
451789
409225
265084
368014
303425
347568
325409
199709
372195
121824
456083
418846
101351
442935
300718
262644
155344
316957
106310
194551
159406
197977
368106
205859
446293
312469
406469
387881
160105
257529
277825
312831
277406
351767
117017
220341
128907
126969
431558
343018
406782
188566
232785
102955
134550
335847
380570
346558
407398
209646
349771
189342
365884
406664
293348
141231
381519
216863
366629
412881
196143
227031
127017
351111
447560
298624
382428
316304
362989
443311
148481
372003
347865
147301
292390
351271
223833
365982
368435
148805
268486
388380
233060
323633
436259
437221
447034
237878
407874
176082
416379
106381
361303
374449
287078
419740
282698
234749
307092
384277
283947
344044
181262
109083
217443
305704
438179
112135
351654
203893
429228
376954
422226
218879
281110
269555
357312
429893
365378
251907
186427
364257
407929
284610
435427
434211
321566
183462
446696
195812
325780
210848
382133
209781
245865
347423
339113
239407
365204
210572
181636
220473
358701
232418
362726
153430
105951
199789
339337
347356
200667
190020
199248
283346
400958
106930
162329
183586
373038
323929
212077
235992
333287
348958
312811
390028
189292
349898
316706
331907
325831
408823
395287
181303
131357
103177
269252
450012
371609
192065
354985
369719
319428
120370
253458
328394
261030
214850
255022
294110
199008
105257
373279
252850
279824
151086
221294
354718
439199
224836
192784
118580
386859
191830
369999
219373
454326
238609
170482
409351
407158
441991
190430
180824
376371
432264
251902
240641
233075
324441
341968
215509
164802
184445
442426
140423
416530
288400
350092
251405
355329
369226
187704
206873
251992
317849
265819
404044
135372
430922
405096
205811
245064
332931
410147
218504
272605
143640
164728
188116
410937
243188
225417
356329
329535
282764
301487
101001
265573
427227
345317
432015
230774
384083
129825
294830
429621
310251
145032
273933
244608
342326
258937
419039
278413
107644
155356
335913
246992
120104
391216
204675
390530
245252
185940
127899
455201
410622
347400
333210
184826
355444
450080
130957
367750
157383
444394
256024
424513
170754
331568
378972
125153
189816
442481
249141
401612
302132
133117
117089
177200
169435
192658
396272
331701
430849
210546
154020
138809
104924
408788
338211
383638
260141
374785
114257
454795
318720
147639
250369
110333
150194
241235
236970
368403
336908
323198
393989
404199
262257
173879
143488
137084
140068
396730
149048
288139
214146
426969
165326
128714
112118
423727
108928
220938
341948
220146
411545
148442
397196
393099
322611
202918
130942
312471
409616
102376
143193
346380
133951
379585
143416
213281
321282
418569
173361
128341
378024
372959
257670
310332
173950
308907
134867
266724
333705
200231
334778
213331
415810
450858
451813
383575
144047
271438
196098
324258
268289
140962
230257
411798
316524
268637
436088
442295
317620
175017
203294
427451
185417
107443
413560
263035
179147
307403
387466
193411
309211
431076
238981
202651
319951
331310
255104
375628
212006
166595
162394
132918
355853
231674
184803
395659
306170
135582
191460
436257
231910
432418
216018
178555
352632
305441
315886
211634
444199
303706
164043
317240
272892
372994
146981
249656
183825
275780
381398
208525
141058
377989
140691
303055
318296
295284
418118
240098
349799
447772
113941
220951
158097
304422
302100
336044
342921
423591
185730
346406
307862
279816
351282
291051
257946
125819
127500
335589
398207
402942
127517
215669
440151
424571
299706
315667
259735
268136
269781
213871
172755
215036
424754
395223
373770
242287
212605
104526
172093
326059
203373
363604
368992
423569
200633
435039
446814
326286
189443
113317
413129
100327
190753
397351
422150
184001
281021
442645
116556
103390
113592
295136
162729
338147
251052
378827
348062
453633
294507
348628
187679
456162
447580
384249
322963
112060
175789
213807
371642
324073
268142
137164
257305
249737
393996
439641
287064
338362
348504
429975
267577
175709
257976
192760
310942
127570
454005
122418
439918
193408
204758
240057
102355
294576
251015
260338
128911
378686
159601
341163
371656
322696
291721
103632
226755
185182
158491
305268
186964
416085
227331
149681
283856
220260
142522
439982
252810
342263
406037
300168
234197
108402
405245
160961
426516
328158
136987
338191
159077
299493
132852
429088
419494
328746
172340
298788
400413
114087
142818
282434
230588
360738
260708
189811
160519
186557
379138
221889
183383
157320
439160
148854
350488
321280
455049
191905
177368
379239
423094
315102
247482
234812
226058
327792
349532
232698
420109
282299
163324
274164
324242
119275
110162
405703
414390
422237
219193
278430
423222
375577
366641
450933
244977
362648
305854
312232
255885
251617
137129
323403
171344
420495
188582
218844
343285
430345
103872
404530
113565
413643
401218
141846
315023
153940
136933
369339
274462
214677
304871
207417
246880
338154
233151
287716
267661
160812
269339
336012
286203
189446
156689
158931
255710
292579
347998
154638
297880
144892
195884
202015
349895
104061
202189
359899
332227
304277
396726
196084
417410
175441
259089
245590
327242
378927
403129
435279
177397
183057
399121
397592
234099
139008
193981
302582
454849
404480
294906
439865
184452
261146
416588
222228
275806
338819
415576
308136
418959
191202
229089
114828
330491
163916
154931
245606
239438
354419
236565
170862
413253
371087
142605
408577
216911
271958
335423
323695
221343
165555
338302
285129
442982
414174
262639
415369
181523
454982
166732
155250
298305
313535
321662
250187
381796
217058
148674
326287
226172
312585
253034
286738
234329
452638
455793
447514
281493
367022
317539
370357
327694
446241
162213
345047
222877
312682
211722
450795
296134
213155
361315
238193
362145
395051
360210
339414
308706
212954
228038
171458
293320
406740
136135
386624
134487
259388
206674
347948
197793
387272
155978
288100
405740
359524
178708
304234
258133
276654
314649
182882
332671
275972
414636
273736
325904
162070
367970
159188
345818
291749
255179
114211
391976
159065
350991
375222
439020
166604
197303
361102
142718
428628
248723
289042
287610
139380
111483
103638
281203
421917
263012
253280
124118
273778
134202
211678
321938
156986
313990
260133
208819
102837
293478
142231
416052
395439
198855
324664
281462
275346
375031
314085
316962
213251
285788
447203
443469
235564
415766
282010
178067
374678
262824
107052
308348
303304
231990
347898
434032
209859
181544
243925
145923
274875
417595
170150
281813
422775
156182
132088
250125
454442
299962
269496
431935
116257
124966
109989
336939
367084
371618
375616
248558
148214
195991
167030
421064
449620
102748
288032
365003
117405
151606
211847
199777
280405
334406
302557
297332
211854
382969
238434
112686
364227
240020
412847
207392
230155
449781
110059
424095
381973
335526
245061
269535
421493
120587
259898
391796
164989
419252
186499
109562
398162
382483
298251
133424
143131
373170
132364
432427
172337
310552
364975
277225
428449
442460
307576
311694
343120
406632
229039
446233
354872
227327
426974
132780
198418
190031
144055
174216
437529
180912
344807
337991
376242
121776
395535
253610
112573
107858
224826
404757
171957
125986
409643
235753
190703
269716
428798
126220
425870
429561
247381
336143
145191
229679
350584
389479
140372
221219
440187
394894
407415
216817
215691
172476
309488
372280
378214
159448
265749
338486
119387
252956
432579
292474
121242
159298
237252
113062
340585
168381
336074
445173
242682
149256
379860
166786
324344
118470
447943
203589
334377
438163
270125
364435
118199
301079
401702
231727
307304
166998
452222
214145
184402
136684
189883
279686
150796
410674
187594
204095
237981
137020
380964
124798
201063
162233
218639
316873
179692
337183
238783
387571
445518
376171
284214
385542
115264
340319
227412
363821
137108
253179
154657
243780
441130
261057
323839
263272
267270
422630
313671
254234
355212
138158
287044
407953
232765
113705
255922
201126
124511
109087
152969
162335
396615
378000
184273
235397
107951
439699
158403
172127
249794
408230
379450
178960
240132
318363
437948
191146
337307
430381
215532
261803
422799
276913
444895
208179
243069
282601
187027
344855
413795
391835
446822
140598
215832
111593
413582
221586
442433
112188
204432
158489
300432
386581
371554
239191
354604
128374
228368
299772
276311
104679
209463
324181
402129
127267
287011
137491
266050
336331
166691
423220
275976
266283
141769
212870
212829
288367
212257
146161
336254
239704
334697
218522
449611
150228
224697
396561
343699
304572
239507
270947
414547
164792
365366
350197
213445
139094
105445
232378
446224
381905
297813
155909
340245
240487
281901
421471
272082
345954
251446
281242
229967
150442
347767
272421
455125
127122
351411
390936
431283
381871
183449
343364
237515
402554
431408
343801
430598
443598
233115
273885
434497
257206
393664
108246
145475
209297
258970
288944
406465
136507
110119
325292
131177
451960
320894
342189
399334
118884
276598
348074
329649
178103
157766
122641
370755
341275
450960
169643
223212
158853
316857
394772
221285
135961
231843
310006
129493
154984
404567
119860
285578
212474
264061
133470
168505
440550
353830
172930
397608
354854
416352
164628
248945
208256
437197
336599
244551
368563
127888
403079
169752
303463
354923
132568
148445
357801
154699
297259
223745
271178
293511
315888
384908
216712
312590
375093
184149
272185
378228
141288
235246
136682
408372
148621
352069
104612
148103
172458
128718
208274
101444
102791
161070
430769
219690
395602
440871
311131
359877
305080
230901
200046
301579
278929
198481
321886
202628
381507
234248
160959
389343
417112
445246
286754
331351
387340
405350
151194
376992
158482
445236
216968
192225
108291
397883
241660
340320
163457
319706
141016
374781
274254
401166
371408
440306
252029
257782
189358
356993
292020
315188
426567
416074
309920
426043
450956
119916
225599
297451
391393
438674
385547
243865
454629
362727
419436
422851
226488
314844
272111
104126
253593
418511
311935
290178
180493
215760
259763
140445
125832
361341
360144
185879
276536
215583
261292
197831
410713
215804
448448
405272
353135
235156
252468
429711
190103
147705
332581
370684
196596
405415
218998
164458
151285
100131
121118
239558
101272
305739
321893
313480
225414
248614
354297
289287
105616
430278
373834
205980
171854
118268
352001
148226
368926
250291
375232
217619
291399
102984
227469
419717
130677
256932
408341
114971
263106
456134
256823
119950
411097
313985
152069
392313
146415
214370
430709
431066
229971
379796
385531
144308
265523
164987
371020
268370
339458
173533
388337
280427
376611
191225
154648
175950
306636
403126
337861
144940
168370
281817
358439
298173
312043
277648
430375
435760
198173
385954
249706
229067
321651
184409
240792
210995
313907
392359
368914
215234
363823
110771
129124
121984
107476
116736
378616
345839
349231
244113
209983
160367
401178
226712
115390
276559
420531
209123
392500
249368
314868
297449
424698
413002
377150
403049
357677
402221
424134
270366
263912
304888
423952
146695
153324
260920
237018
390221
376132
115483
417208
105935
454747
157126
299204
392923
436306
250682
131689
220625
407048
379195
288709
204265
413266
331278
288121
287180
126275
379541
350050
135423
364825
159821
403224
118655
167099
319538
365527
184979
363255
232097
373997
101913
409606
170533
107583
396451
430310
280326
387444
255995
422646
362200
166499
220364
136550
186200
216578
421748
240684
249660
148312
229204
272321
179719
181185
428958
223364
301928
298461
373942
212216
316443
361608
332378
363113
406821
125738
317250
101481
182973
130926
254787
186862
151571
444019
181945
180146
121769
148058
380251
400688
330876
426787
338754
337637
433550
446919
257386
216159
394486
119389
367907
148161
127293
453861
331858
283549
152254
205106
206244
390948
372233
109600
296438
185039
441346
316973
133471
343269
236108
166606
161858
344199
389706
379075
334274
153864
291794
157511
173156
115878
453616
238351
269368
337863
453863
296030
281394
137412
392712
421824
346706
105623
157232
327880
371054
331217
165630
116946
212123
183529
333805
291864
328407
111635
168466
190155
178524
324738
445342
408556
279121
132402
378387
353156
434636
124135
194339
151160
437520
133621
327699
419336
451074
198220
377428
188315
339312
163246
414422
262069
272879
158861
183812
222471
180351
395313
310525
241389
228985
284300
335232
394428
230977
426744
220026
369365
303896
370734
439471
142310
218619
158302
377437
221552
210327
250573
137282
434513
253868
220135
334655
131000
354576
427349
300849
132631
324308
286313
402763
127782
202916
156440
138572
416116
388581
241242
366735
407290
167933
252795
440614
297172
337617
387702
368316
439747
315548
237410
187478
384902
276214
288451
119968
412044
120026
419645
188419
102537
206619
328400
236488
268058
368083
333974
150253
407623
442395
141636
172732
347385
100403
383146
254250
226941
274205
405341
414011
103301
215673
290890
241783
208716
120047
387432
265831
427427
138442
279299
343199
120513
321996
429931
176959
121624
223055
256313
351901
407823
167821
352590
191989
375855
302934
162064
331528
452483
434486
428896
132967
374651
376683
346357
378379
445817
155863
194608
117302
394893
132250
109115
443153
143138
434158
317201
253518
121680
422674
311980
422006
137338
117370
214178
423074
166117
358013
124268
339861
269660
121670
389442
140236
438615
283643
409720
359797
294677
414746
245546
332540
373708
132050
272530
157642
370106
428128
251031
347223
362645
323652
251844
111379
440739
186873
246349
183612
248919
224908
440671
231383
344513
401392
412695
243324
283892
130519
321361
247225
379221
394664
380577
126647
388960
226679
291101
375091
240490
324388
308377
151799
122265
434875
407483
395093
355357
160484
192644
127242
314637
246545
172383
350687
232654
247746
260199
326140
136029
128916
333306
140219
346161
128014
375039
323046
401926
225256
183245
103489
401550
273392
319804
279688
431060
443795
231811
104053
177462
434508
422648
131328
441178
223565
234674
439463
112382
425583
297960
435959
406485
400553
223648
266084
386402
193326
326447
450247
305054
134537
451038
237385
127516
293671
418250
424878
307516
183068
246780
111281
344007
217079
202389
162264
438274
396273
123628
189125
454252
408293
419133
337129
418408
265186
443287
137916
362054
313905
253987
204211
152583
222267
435776
113668
100085
273358
169834
392804
400492
351663
120019
110900
310395
404683
441681
297018
416149
258331
366567
148965
455252
400920
168303
404775
262216
454846
255183
206056
365583
264648
315110
208526
145312
156858
297154
443902
114578
112130
401785
244192
354827
228182
385192
296900
130834
114617
400898
438906
397666
109130
156481
398502
194479
144754
140643
381655
174050
302313
237596
150788
402544
107361
423872
397828
425393
172329
375513
300852
163508
113389
201112
195030
225081
116622
291804
294848
380302
386996
382304
444882
192260
394656
371791
309474
199603
431158
327560
275924
437284
160546
174704
411610
269891
411727
109588
136664
190983
134941
317472
354539
249993
395903
192709
395310
321721
371704
364187
159257
176478
318696
144419
367923
220461
296478
181852
330003
113083
225955
313357
422376
170721
326318
218096
115574
352811
435368
438622
169393
405783
236126
269273
226121
293247
362639
160160
269048
400648
111067
349335
453337
357883
225623
320532
280395
414027
326048
107884
426278
278254
453165
294394
368191
214324
253255
142714
389463
377245
397803
154969
186277
155409
345666
206232
268398
270280
105666
288457
354418
270207
244275
232617
348242
141429
421275
410140
384701
149379
116300
176999
301004
183236
381967
347780
268067
311158
190400
357667
173124
371137
325073
333278
414917
453044
279629
311292
259541
119899
452853
335144
370126
126092
247237
292175
173051
383520
362422
180401
362019
261985
206717
143495
184551
295654
188301
252036
428319
157018
123068
168657
257426
356805
139135
361321
333857
416565
203006
116198
432090
448828
365492
432077
265625
227410
446726
342092
170455
426191
400881
143853
118694
423575
310777
182066
306335
135251
317222
436092
139926
123675
363941
450833
178439
167956
432796
134309
121739
255805
419976
109684
420503
285461
442327
387359
302158
408146
227537
238690
165273
303606
328679
172151
288292
297600
392873
320942
237876
281521
149618
394121
327124
422157
376387
291264
279887
264147
156598
109972
407972
415425
227546
454562
445529
155774
171211
183871
248360
407821
132380
321863
269329
439332
270569
109960
316255
348221
226869
360219
323893
375962
285916
239366
394559
183203
168873
379479
144602
252566
435645
447473
315675
347083
307880
194897
346980
420894
322585
333167
345781
427619
347890
105444
376277
357155
170747
446070
286905
367992
171019
224735
409124
156202
379723
145138
227964
207843
364939
183470
315745
379381
197749
362060
180359
410552
380931
245323
397529
383076
221127
387338
131412
187822
197203
280576
280481
224779
135830
230556
329870
402009
235122
219282
103583
251442
236600
443238
453471
402635
177534
420717
143629
246159
224623
339128
191815
159987
180876
199171
107043
244997
396246
280460
