126330
115164
122763
382925
258159
312774
104586
156599
240964
193863
288288
391425
266627
437415
281290
262651
294889
300956
135877
449890
376598
444922
303636
265763
255897
119920
190163
356228
203061
364284
280484
444314
304095
113531
386370
307534
301622
394225
400044
103774
281096
310745
118073
240148
395347
214952
150143
437649
422660
171725
164161
266952
155705
226983
189176
372218
327679
229032
196329
104032
450623
151502
413012
431018
292724
239505
213528
365500
226850
274284
150072
139044
387824
183849
334493
139695
139240
290982
160458
309606
281269
333648
288721
186001
379371
123814
311990
243402
226358
431725
118866
413915
196078
454874
412095
163808
209237
396951
413233
211878
152011
183161
154652
351001
411533
142580
242588
313993
297156
254889
295247
192101
201495
163878
331705
197947
301714
391117
236380
107215
373056
282728
245340
107291
353701
353255
140559
100070
121894
111105
450079
300429
194490
247238
444115
367825
263854
399325
394973
310863
217116
135798
255009
430112
153006
328538
158721
420109
354938
275301
165832
129248
401280
243587
269660
352664
280830
111930
386778
192283
298064
301064
164529
423785
386619
142816
333149
238984
142099
366437
261364
137385
403496
151935
456041
348584
134276
107784
186494
205085
351827
183009
324173
392577
265484
295657
411947
318698
181109
362732
197027
335514
340940
123568
213686
198516
405912
317753
122940
410152
342008
297059
443833
348779
396595
445988
446113
125478
326397
189583
349909
264521
325091
321577
203890
172803
126974
217446
303826
101899
398569
172216
436458
295208
106932
101808
345500
303750
190937
364981
163641
123481
122983
104192
289776
282473
271695
169910
346467
442194
362747
426040
125073
278363
424815
320592
293005
155368
257139
324133
109028
435281
124927
187116
335088
444566
224364
295145
373966
263379
402716
374009
127657
307590
164656
267728
230579
311019
239113
403609
194440
263267
373111
170085
218697
446422
443462
233241
251592
232298
194091
235339
226431
158066
387847
359772
259150
104069
416069
355279
250177
152161
235272
347127
211929
198633
195030
391473
174144
163837
137283
123127
378583
384479
195073
400459
290164
263380
176363
258564
319171
113110
347599
139139
332383
346186
362410
159600
128218
146521
199660
195399
328391
125600
336818
392412
323737
236748
446205
320333
355247
394638
307806
101551
158516
163550
416425
363218
246602
419609
166917
248145
434930
279346
325653
213922
159228
135784
181181
256527
430416
231124
182959
256636
145169
261488
203190
342720
135023
240307
229623
416460
408693
139975
349695
156972
319154
321650
285535
409325
163761
246297
288179
149162
147049
260341
377385
256087
378701
300874
124411
250275
334147
234313
437847
303467
292430
129542
338243
423235
129677
229885
137632
106992
191501
314400
394408
388305
332257
278150
289022
282660
341908
364934
263729
450968
317379
436208
291634
262350
163376
252936
426964
120998
442688
308587
244191
216868
299431
426459
235740
314973
140127
258005
197366
147850
325055
158742
243880
227335
332282
139838
175634
189925
148132
218793
445223
452722
305945
430896
309864
299071
417891
431717
265035
181355
293341
162035
256243
256266
338464
434744
371143
357058
283039
191386
162771
317678
419439
197952
384032
166184
106171
147381
445626
398419
244248
447300
144337
436180
346635
230384
308887
280080
233342
308258
455592
328993
215511
201636
369629
233488
221180
411633
218696
429804
135419
276670
452507
285470
434198
328213
230927
158765
336165
314281
456110
120060
321383
180850
386593
315449
389287
217313
183402
400156
311703
240667
150613
243389
100037
361395
230014
451219
161775
283296
372613
152979
334848
413745
363679
365143
125578
244579
413753
279760
272437
387886
339648
116564
427033
363408
217548
130359
264679
149746
262897
396183
324344
245419
429148
221104
181026
166237
356200
114365
260862
350704
290857
315599
111437
118234
214608
244347
164737
279431
407356
223957
232956
428374
452829
332523
455160
309959
177381
319699
118209
413031
178021
146590
294597
261504
316829
310246
338313
207457
235584
206982
351052
188465
169213
229560
419529
455516
287777
148898
277249
103401
183879
356862
392336
414948
192095
103705
297597
270315
185795
263654
151945
265738
101114
440977
203976
174689
243386
206437
219802
446638
195023
183679
156202
224719
216295
372364
341887
422414
382042
426856
218842
273255
326636
291999
203056
165609
353816
447713
272793
105169
295328
444194
437540
396721
139259
302732
203559
306926
214785
173804
119216
330761
392112
296326
263244
454650
390627
375238
134693
180093
453497
446563
109543
218306
290687
134226
407510
346313
347053
284350
398568
452483
221085
172237
175166
299933
369665
277184
163864
425565
307519
382780
117587
202790
434749
291308
393332
259837
222054
265368
376100
244153
295643
200858
422757
329003
259083
442082
334520
124152
330198
120401
450059
255426
432004
346602
171239
326524
455151
158310
152581
284976
399445
273233
184492
166649
183287
368245
266281
246077
427939
165893
257179
100111
241728
336024
180417
127119
180745
234626
132877
288862
432097
297801
367938
100473
193819
283337
243824
363206
245086
251069
123522
136420
142511
243535
272544
216453
351051
356307
216202
352613
415306
169460
233409
302626
272750
158203
166596
252360
146002
194268
412191
414086
211818
135296
414778
171885
430660
418396
171829
146606
418339
293574
237022
400279
396843
349756
122580
369406
130674
234052
419045
307412
147013
339432
178842
411078
228261
227110
118486
301855
362249
357541
120369
284076
422898
165235
176795
212789
320706
167448
343330
219789
334988
433775
398327
277262
194778
385948
314297
372954
293640
452520
392046
336716
351443
245144
229214
272595
172184
433179
272656
277723
145042
396137
133634
344704
160423
299083
214441
101510
211493
303076
298400
365328
134985
295007
122319
109013
434663
279347
399614
170356
135830
222157
409853
157890
292907
231906
384202
143461
430714
272219
302447
273988
194621
142586
366687
243212
339172
197673
328722
191170
339289
291123
337657
218930
426546
327995
209385
364487
364568
112649
388059
412186
188785
194515
333639
285645
202310
266520
398517
422851
221817
162692
423402
273578
244010
146670
129578
110926
240262
156520
354894
367209
234701
403015
287355
426011
172278
432763
443221
222461
262402
276449
171053
340960
180665
242600
134244
174833
137169
219470
142241
315259
353174
355751
322775
242181
292357
153950
338754
200903
385035
389271
149124
435312
211107
317473
142082
401843
401260
271955
294793
446998
278071
251009
265544
293375
151869
329634
404253
382990
280035
444508
181874
243995
413525
208106
415776
408408
454814
403395
235537
361163
216915
283502
137782
438804
262049
455665
140747
153469
158774
320974
224905
359655
193417
267872
409146
227694
119298
413244
333345
424607
144686
142677
272384
398825
278219
420068
124986
129507
192729
354778
448518
154309
280332
318585
250207
400825
348740
370420
254246
445064
283948
113678
218544
417585
302359
317636
396953
100285
386764
331203
379393
138837
349290
153280
199310
258070
144859
388920
293600
341199
187494
166192
177895
160797
227268
277294
239719
376272
367978
225182
425537
436431
363362
170974
123764
317686
278074
142353
198297
178055
381407
334091
411237
375334
222053
313454
257941
390547
261190
114314
379598
226694
268494
311824
371019
220691
257287
274181
334113
113542
415105
188485
235028
402496
185326
331703
317912
157517
222723
136709
257459
225615
198808
223033
147295
133621
218932
336331
292386
255019
140164
293029
427689
280711
150923
376156
371262
334641
131410
215380
205027
326291
389074
232299
368002
246473
419769
350295
133252
402950
319340
135692
360161
341267
156039
115213
377952
196682
453748
106208
223307
240391
354400
393527
333385
182965
150956
435035
227385
322116
140052
422852
123420
368173
370618
146852
410013
214922
118587
445035
399104
351395
206345
340820
304583
244580
303871
367364
100934
276307
203596
157787
295715
217865
147187
149541
307331
250847
161157
216706
379639
192643
349761
170921
319767
225918
105192
330578
256639
330112
389789
161790
371962
169101
353745
309484
179400
189001
172667
379125
324078
230209
188102
372604
363894
434382
137943
346073
396918
168273
162676
276700
364565
242283
455012
127680
102896
436168
411167
236442
425175
196286
278003
303366
378433
253516
108697
349207
332245
185749
140186
410793
377228
218011
102229
326348
214451
275824
372359
249049
332669
124923
175978
296211
185791
109207
435941
453705
311900
139797
392621
144383
101573
158257
291553
149613
124997
449054
324208
169671
185551
113897
191149
184872
312071
120676
132421
109032
288329
285377
209154
441542
218003
431964
423216
361122
199365
191152
320014
429311
322809
309596
155056
436247
398723
225288
437279
332411
210957
145690
358585
357327
403317
325850
338255
131975
138523
187557
173345
120456
104910
326109
130790
305219
229952
278732
127831
275801
258209
128146
375191
388356
349222
336846
377575
352753
279148
400251
381986
149017
420985
379823
175007
239122
450789
337181
228690
167374
382040
123348
261686
342834
427600
281440
128534
288574
422481
231572
209767
143014
417219
187697
375142
399243
179332
106834
331626
268518
251376
356824
264406
343091
178396
192022
388313
376955
237735
320250
245859
199699
189098
203085
139454
283274
139148
411315
335820
116051
216059
301641
448358
295930
124294
173683
144472
244563
262973
272297
245186
361937
283275
123202
180633
364088
443347
346759
188210
201438
143902
362567
226381
415282
433014
143366
410878
100718
302414
189877
204525
421288
150247
401788
145978
218189
291942
281129
243066
110205
319469
393273
316539
268078
312888
127267
226975
194614
371305
422100
396286
301127
341318
155530
309491
222786
286242
326740
423997
276295
432063
314852
320074
148581
416758
265354
220068
171401
203783
346972
266055
247921
411663
168233
430508
373518
394222
335211
264965
170221
411933
261312
120159
298539
290382
335348
230468
387994
176024
445148
365548
223623
111160
147002
157256
386060
182872
199360
291864
259227
108886
128975
420268
187135
268531
442202
296252
174392
393752
160857
360849
352186
322017
246076
397771
216309
288083
117461
209415
207759
435288
208919
373950
244376
209766
311573
357320
412301
141569
248309
216654
264703
165505
321642
192210
269066
337505
242864
200850
163328
170245
169095
293788
159506
226143
392488
366514
153923
203802
278713
231297
366482
253604
287102
232768
355711
295469
154756
277164
325036
216886
423650
348624
178886
307266
403534
188393
311507
239982
247656
412061
410022
272642
422217
159648
223826
250301
313975
243773
323075
275841
115945
399284
139072
150931
150092
102877
207752
387837
287773
430484
397310
289564
213458
359536
384417
252851
389986
332603
233533
112905
116778
145958
318980
228068
422467
406430
284722
203579
272580
357419
134997
362968
290310
431003
391002
298851
200267
226340
266614
363374
348083
139616
424397
138593
429758
155105
425303
252480
380577
105204
389829
327700
297331
336291
334298
230170
212589
131595
134629
251317
153717
181188
107524
436784
184902
254490
394137
451786
160717
168565
161663
155834
291954
132447
114018
201886
339445
300543
153650
135452
399856
330445
295999
271216
100781
178697
224649
137876
347249
153622
245223
133527
249711
175497
103076
449026
177166
210635
254600
206295
424218
167688
309635
196272
135278
157364
228804
423920
365565
220230
429420
162236
116616
408821
335206
146511
141281
212618
277270
160146
384718
387211
127826
302731
357720
440329
208717
101000
305257
104575
244819
134483
206486
124136
325123
379546
195640
323439
193617
142212
404221
192617
170187
182042
255824
411501
169887
412768
414435
168441
178992
327152
398562
264499
240365
145099
305940
447049
103934
109961
428285
320643
357899
412197
367713
251514
398210
382399
299046
326895
246209
390502
129657
114953
240865
178984
441260
325410
390815
216703
315918
382952
332888
277321
145697
397096
352552
266031
114140
185803
344825
290268
444891
130662
223763
220803
160932
308775
364150
185373
188224
390969
306008
232838
199300
154941
179153
413763
414894
436519
185595
263884
350575
217839
113030
419741
127266
401814
335589
173200
381414
110490
123317
219298
416930
200393
120561
248477
103119
438922
122388
338623
418778
165848
197542
348529
326123
203168
117874
157451
435575
448890
109766
230568
385204
122090
281982
141273
178744
244122
145141
335384
133666
408157
287642
129780
247634
433911
440169
254759
309593
317064
376050
282650
334889
408714
275651
165938
302065
405102
210396
207178
215667
213185
318325
203092
109394
341327
122567
416847
350536
426337
244035
285679
366016
179504
394781
381741
313988
380151
134801
427307
128690
334308
388426
444218
219040
299369
283604
401427
409664
109440
332131
232984
360563
398828
291271
103734
198362
448025
443593
378443
352964
168853
130531
141454
277267
247782
231149
292779
430670
266747
297045
278267
100862
390933
409522
403389
356450
324577
150161
377198
105676
290862
141256
178564
172409
367071
126915
157226
149300
409810
125288
207130
305222
335523
128615
372720
258523
175323
385862
182378
306256
358770
139441
112639
166493
289669
313268
411366
399250
213342
205266
140968
422287
194849
214256
269717
193699
242894
298052
229611
220048
383619
337194
325031
194578
130593
428932
186370
216976
429657
161394
226376
391348
388681
301086
180364
271048
132612
411377
356686
184199
247920
179363
174065
413930
440062
145272
409030
104585
300320
416976
283560
317660
322720
172733
225917
346098
359110
395285
194123
278269
436978
185885
120163
175152
427228
347819
359046
193227
141359
236962
324355
374063
191895
435691
239435
386473
255014
354836
129743
161235
289210
436420
318024
145913
399592
213391
435786
413810
172718
396795
419245
321113
248864
290985
217394
235919
188766
201040
428709
242661
254443
207075
378633
185816
284954
128551
280167
242415
313903
258491
187889
126604
405986
233621
311135
136881
409276
401004
431968
315029
112014
107142
251844
431414
262233
134445
452189
409375
263179
120471
233309
449290
168553
412346
224946
136452
311010
297982
320368
448533
161907
438134
236501
389816
271122
164173
102999
325076
162908
100458
338751
383138
178061
156398
403733
309995
330120
199227
225372
406274
151251
140607
305053
222258
249803
117275
374410
316649
145495
276145
199826
340217
213801
365503
113049
134503
315750
414408
225496
218535
199105
327740
188087
136961
142050
223360
381218
194820
165494
342675
180946
112285
156971
276088
156142
429350
211938
343781
320318
309564
291551
111685
208500
238678
176611
171457
146744
298041
154249
292221
357535
141127
439811
369278
170093
147203
160514
368817
223776
177457
317884
391057
124779
149914
362481
299357
193428
377566
128162
410350
359113
223009
366015
213272
385855
415058
433285
239445
283926
137728
202828
190236
140091
242189
260816
294652
275381
271253
374491
453885
202669
134598
307943
135289
385483
190319
298673
315302
204513
239692
129916
131301
110815
209503
446639
337079
169029
380207
186015
403158
413959
440673
244523
371605
263079
233300
115250
343861
379034
246667
293785
175862
255676
383017
387731
155967
140302
423605
240848
284105
130963
187138
255075
367497
303000
228145
182487
425224
455191
177155
283054
314805
207691
372586
339825
378766
218274
433400
137239
253495
165276
259114
124510
112592
212585
427746
451215
120482
145245
381080
399544
312732
430888
325335
281476
156821
276087
391736
335800
148888
346878
177608
132060
283404
249795
115224
285089
195173
455147
290720
441933
416998
273916
189239
444330
264076
370225
281526
428010
234715
120293
426066
147995
102028
147736
439630
263578
146995
204018
371545
148085
306123
244408
228356
314002
301174
248291
220164
162179
454383
296106
107105
414029
299321
139614
444373
152028
118063
246847
248802
343628
157675
121988
317883
203582
291730
169819
180515
350823
120096
277930
373015
198273
342667
344075
279920
404021
183272
299936
125993
208942
212364
121269
381891
402111
126000
322465
151518
259980
378817
141979
294183
412105
441171
221409
390260
224881
178200
345049
346096
107903
159868
364998
114219
197627
363583
110430
398502
453385
447189
417239
442225
223563
290875
420781
386190
415385
445185
145501
408413
213044
172793
270876
120141
165643
337533
232381
236687
111941
119248
266606
342354
101862
444762
106056
165471
218774
411839
138016
227067
352576
368644
223902
236001
252681
216913
293510
212910
179923
163444
277239
352274
233759
103186
408057
131025
256847
258264
392771
342203
393629
367977
374098
105984
106582
161829
274926
186790
174781
152896
289231
296846
359024
122771
223195
239231
288575
223772
285418
335866
119029
203360
399303
295465
156975
399263
218845
131011
412832
299213
353040
244759
354610
222418
210760
112084
186222
377586
442072
192988
168295
209907
390943
383838
324161
381062
320884
175797
370401
434424
279379
169259
284521
330215
431760
203629
402848
157328
336861
300036
134613
211783
183034
428178
185470
279866
313218
319404
438476
112474
298236
281804
396205
331781
167602
342646
360982
292158
448924
320436
302950
101893
318779
452997
118088
115035
397624
118661
328796
337373
247031
184265
231233
166304
158190
402330
262998
258413
427871
193425
286240
254735
356181
240688
417299
389837
264903
129296
154079
215031
380004
113762
155865
411874
340480
112382
139836
265581
381415
147089
118458
371913
443206
124290
310673
419640
395787
368076
126709
216423
204091
240486
137413
381620
125072
309252
295259
127394
314461
305606
117100
359048
124817
435269
234420
179151
222725
445070
132229
205516
258369
221628
362436
162968
305787
416504
214853
448953
106007
373847
105199
250256
114071
318235
382653
243876
354061
333147
315082
413849
238329
407015
123432
313402
207728
247519
372752
219161
448242
109231
247612
241504
287320
383580
407116
443211
217547
394582
273930
418287
239093
417286
208245
169418
433787
298764
156584
278754
309796
350658
345979
380139
107751
133447
344268
233317
132992
158120
249749
249222
451572
385699
379021
230707
133953
299879
417348
430327
180139
278162
290081
332660
209763
442052
238398
343684
165706
279927
322481
227273
213043
239189
219587
298280
438344
184383
125830
159583
219103
197476
263649
181844
242050
451007
419246
104001
248901
205285
158869
374292
436084
279934
332736
212323
418095
380181
117583
420562
423142
113655
432345
101463
152845
380544
178418
135749
219404
243076
420438
305528
448409
293741
227986
366253
198657
429975
348784
172498
308400
131583
258911
437879
124966
412041
226163
151643
261208
196554
117230
244073
343156
367802
390157
363423
306034
103977
114948
315433
176566
188556
418086
214445
120246
127209
353334
213329
164850
157148
401129
188119
138995
145821
261604
135904
273282
408563
424060
285713
100346
405094
134980
249964
108066
264681
254186
214997
321593
209162
327759
431248
409048
388656
423331
440641
261887
437659
156166
399478
424977
385652
418240
415735
103183
289526
406292
226684
276403
379804
437039
271831
152059
226732
220553
123027
408466
402147
395458
382226
303897
333554
135276
361498
132944
315674
160102
311463
303331
112762
325274
418100
162940
144741
368060
377975
295121
100793
171298
406290
175024
262885
224517
389353
313782
137014
423111
344615
143789
106615
233090
355380
405329
229629
150032
237749
341266
171765
215714
223768
177903
265508
331405
327538
163562
336270
116221
422266
242426
383517
378604
408591
268486
224422
425596
217973
416752
128502
267045
369764
412660
323270
435448
450048
333690
354506
187646
380498
301977
454746
411965
103053
288947
382911
132826
279340
449951
214301
266429
193825
156943
116929
444044
450732
105708
382243
440234
166988
263254
433950
162411
422714
360625
170533
115642
229228
113470
332255
263624
400660
103327
236622
286928
386599
376775
236740
206099
330744
280349
200236
225672
300357
399723
402608
291623
448246
384237
254566
117641
345328
401978
242648
355003
433346
334381
190047
226419
132118
181096
279316
333883
452266
319460
108446
132701
168599
225719
127018
258543
181571
409832
186040
326226
402471
213893
128008
199917
428554
159726
260345
369041
317880
216701
269332
158935
298091
263402
153543
107540
428001
274695
212411
327804
424492
310515
207208
106168
186213
346078
253988
383423
146340
354159
214374
284930
358713
174084
405310
117569
118616
373536
207058
393885
208532
144362
302030
432466
163707
281990
234319
327897
335886
266478
116716
181206
304606
196552
163876
352577
233345
220355
266662
345371
386390
255570
150619
119493
342140
153046
275555
162458
425618
150409
329082
157692
359345
366102
159911
217561
145916
118999
166293
197292
192624
421864
265657
418744
278404
413620
281114
406757
296195
272252
308704
309310
106587
319694
293841
187177
141575
415051
274543
137336
351455
396797
268103
136001
125098
421706
214884
133103
212373
300216
154007
210882
204603
141782
199735
175170
448021
342493
105572
434805
166924
404782
131730
246781
298411
136717
253738
388678
156295
192795
223509
230339
192193
182849
423481
265952
315834
267001
448431
431896
185493
227646
270053
256845
244302
267958
316628
451997
108636
225562
220138
150697
212948
326719
389846
174840
177523
278507
350983
251614
282233
289566
238338
269152
157007
345284
399646
210782
375681
339698
174725
415163
445219
328869
203140
335937
280314
426549
414715
126855
231543
121815
139313
375366
105094
179723
366322
118280
203693
262564
232982
426327
313383
204256
235441
189614
194216
179242
383799
152919
362828
158674
161975
194703
376970
386224
420400
181849
101442
147464
412017
357353
197518
411473
278206
293979
375587
443071
371253
360322
410776
269223
430906
445550
164415
287119
401166
233152
285404
378270
357812
231494
227209
375858
250474
380514
411669
408321
182197
151956
230562
228829
175227
445097
184434
354593
103476
158883
233933
342433
210192
251442
281851
110369
278192
298167
416528
280321
119680
400164
152624
150534
246982
195961
282782
183152
213606
196560
216235
394954
150833
339942
140814
197452
410079
414512
292170
306720
199568
190737
298057
136690
221167
263067
179879
331213
181297
206570
405730
303267
411042
346031
199905
219758
254227
413680
328441
224724
184763
437416
272776
400151
247263
372038
316868
143968
372497
196472
188283
379152
374269
187917
322920
377440
257258
407129
248989
222522
393931
199654
205805
238505
156851
157430
274445
377380
167005
206611
287422
303892
433420
454996
405733
310092
110033
345649
250247
393484
311495
102847
309482
264998
196235
195748
375591
228079
360906
390020
364562
243482
267244
363506
349206
126606
262991
168533
233947
280496
124241
402520
194196
325760
417798
272093
382518
251254
241407
117276
255407
233182
346002
167203
291668
273811
286663
432636
196315
189847
353001
391707
156784
267373
421100
103542
290690
450557
197383
115912
391412
209110
128041
442183
292375
257301
274458
374620
235204
170260
232356
319164
195642
247169
450678
159784
244792
305978
172304
208913
253598
414263
290156
284117
158534
304804
176826
211617
109447
386213
233215
179467
278596
398294
109491
302924
261728
295088
104697
153968
334587
161776
131754
447788
185205
163736
188050
308897
112107
398440
322193
156609
452898
424722
427999
378215
439481
347177
332447
447100
251043
159290
254819
398136
322608
418327
239107
119084
416037
224312
205759
417066
120212
343940
358098
257001
222756
344049
262384
384135
203675
370890
141781
382669
276918
453058
126139
133697
416250
426095
103763
313808
191400
443574
237548
149623
435467
314018
187036
279953
127251
281452
354949
434089
212249
322233
163558
276570
433134
348334
313187
360162
393723
264825
261954
104360
196433
137664
371246
105233
232805
294843
390026
117328
436931
154450
275057
417856
412943
161590
393742
204010
422597
277666
314338
326327
398063
210617
137776
373698
186959
301254
229561
436614
413561
334861
214353
428344
199469
322735
194687
415819
128338
411654
330844
245736
163674
403484
306774
162636
364816
329964
283869
409914
346558
126522
391320
395750
234191
319845
287728
203260
241901
337179
445168
128289
401611
345370
279052
194638
314183
206859
416483
278199
187288
449472
369895
108197
154434
372804
228581
157508
438205
451308
404154
338013
379038
263666
244732
189468
341584
141689
382365
163290
271157
221701
391442
395551
393522
303090
216422
128079
205385
258383
413715
344526
302082
133635
296136
352546
127140
258226
325885
204585
449959
446731
102983
192896
353316
206780
335365
124687
415263
297469
388229
171381
162723
203441
401333
216525
408368
364288
140948
429779
444918
117640
444543
259990
109308
254445
102076
342729
122357
418590
260779
162329
168835
191404
113902
393437
114982
370314
288654
411158
108747
184066
335171
212428
123262
245326
362177
184334
142199
100349
122243
330382
125014
311055
111811
326274
263419
242922
295593
208458
372054
134844
394477
414952
271365
138145
208131
216414
357772
135973
131728
209460
336765
314026
204640
311515
404897
427873
142432
124417
414738
214882
456135
119200
384506
111463
384411
110721
347922
386701
155537
443890
413637
116707
141937
447754
169222
321675
336358
248580
265743
419749
246527
354144
279799
237426
123885
290245
275547
159277
209668
121454
352982
312995
113451
297058
250302
375001
256742
384484
152387
292887
233754
100142
125982
200371
260085
348240
420391
158679
101328
452074
298527
322353
271263
135375
401691
353790
302913
357582
211375
443783
314698
423733
280819
125331
449061
364473
411916
425892
369382
114947
198345
234461
317492
251954
335109
433615
113232
126683
446627
110007
343762
234269
241743
113563
158559
193650
299344
124386
429261
102400
161716
320669
218773
155082
436035
225282
210723
178638
179799
308472
431864
227645
213367
341641
431235
380719
295204
250015
173571
331460
250962
281976
377209
121819
443343
251741
112297
256727
295343
203697
321823
104826
447517
266079
306320
106516
178898
265047
138280
358942
132327
341463
376424
166669
104958
259025
280244
199767
401245
124006
128926
102127
289617
294295
297118
298474
349264
210203
230741
449352
406742
393079
168511
295119
339515
418855
429086
199065
177997
178720
152121
131260
249633
390288
398455
343416
414796
187052
454724
455172
220539
411549
228303
111014
275723
256111
416308
319332
265058
394577
428122
231414
119910
298042
391129
192553
231975
155412
221467
212265
119106
369962
144776
417831
300852
273527
362649
178019
191417
360457
156034
190481
321789
362866
348967
361761
204032
434207
192115
138088
298731
442255
368850
144172
430788
196424
121304
344072
228565
378241
227108
134633
451798
396436
379580
126800
261457
357556
332960
403409
294423
277000
228823
311978
442686
421773
364298
311167
140060
124505
440433
371366
345775
432095
160405
425508
422236
379651
383289
337871
325298
104825
275196
108575
237781
271740
357567
256759
164872
285475
141008
124602
265874
436450
174143
234920
375014
434582
383787
366248
241044
154648
115532
126711
275876
295793
372348
139459
370017
150832
306751
108525
444048
240509
392496
354637
173497
273754
222419
428119
387853
128194
170269
347054
227743
402135
359412
405718
111405
218751
171178
343203
231289
445541
427320
243009
437764
211115
126079
325159
207463
345319
302851
231173
332979
381807
352414
319611
211815
379999
212538
292182
420017
361539
263103
243052
312717
227181
267425
137905
369810
353466
120237
403085
144009
437699
209543
270459
192662
295052
347007
197405
274691
257592
171045
448292
361766
429660
376803
279867
219548
283405
154225
368891
316102
146803
183215
263003
125941
422035
261474
137803
108928
164465
406360
291127
195953
351682
359409
340386
449688
154351
105448
200288
178233
352426
384924
266540
324803
379660
420486
290631
442300
130752
389113
368602
258795
401196
421971
300591
233553
143881
382099
414422
362865
368032
448018
189389
363478
400035
127875
226705
108499
395122
354452
304616
448886
295311
327325
409669
238165
415804
101469
385021
203412
186819
354125
445415
406666
211478
227791
345096
232252
230418
358494
282459
107596
116264
284922
442491
101129
341590
431381
200814
259868
335162
451296
176532
100396
119674
245014
334388
244506
184459
136048
330940
204540
122481
330330
284222
454869
297934
162858
136732
440665
235285
237107
134240
312560
316141
314088
340872
346676
239110
383458
181027
240541
273080
282833
446747
417604
397353
364832
223985
439224
201484
135992
290473
414898
228626
266987
121435
401506
303249
349402
344231
353827
426587
169272
110425
450855
451221
324959
155039
173525
451027
277411
144521
337417
101034
128137
400971
441378
317096
158158
247075
373198
350795
162363
377246
418793
267207
411385
173159
155314
337610
194708
326724
144034
444875
277853
301490
283680
101264
117322
100374
165949
199265
364281
364169
352028
326307
229849
233727
250520
230739
110365
447956
331929
331960
285111
328607
225773
330902
202763
395449
397905
436625
216663
413544
174730
373481
183955
121902
322325
441907
211758
286571
198430
189145
304987
411709
105389
271852
200107
317086
377163
177859
279306
211717
406868
159641
216141
273277
259153
150578
366561
276846
234791
229267
266094
243102
280389
112093
310142
441504
283729
279764
120769
286567
406374
429824
208435
219954
266767
413368
306650
271862
130225
204459
247137
173857
421741
301640
336884
177426
415900
321049
184452
420568
355309
108270
397098
352360
354442
162769
389918
354415
292722
277715
149852
247401
345486
389411
400205
228106
148990
345466
266153
229800
413417
178561
313117
353156
415556
197909
416396
405516
255719
323734
241005
406777
135478
321673
240801
209884
225711
345626
203811
151826
443265
197283
428766
351432
221051
261769
409565
225249
210167
453916
417367
410193
180817
291836
132963
381283
431145
392845
275678
136830
356267
315187
230490
381877
123102
318499
230099
219538
297146
168568
149517
442184
389977
313539
114551
148800
425512
249208
451985
156299
332321
222610
232922
262798
154861
198871
334535
383297
383002
423200
392305
211425
256283
455772
316839
210621
193935
431195
364416
443809
357148
132551
331383
303025
162372
118706
199611
426798
355231
145966
268506
419110
342404
454149
154553
356162
282356
228187
203849
235902
345587
184023
194768
441895
112006
290820
350762
274457
248915
386873
111055
147220
209105
164006
252039
261714
131134
376333
272842
435412
385900
284039
379940
357060
316692
290091
410635
130312
308657
122115
203024
320799
319184
265592
349080
224678
295065
327592
153644
118537
442012
170131
370754
135229
395528
166302
427711
369688
269170
141778
318599
346018
343393
366752
197777
345663
393187
227719
273340
325413
324329
195762
178082
297690
287134
158096
356287
405424
193353
328564
153778
122608
441558
342725
321458
221871
317766
173076
348909
411795
246119
379563
305953
324406
249679
334358
131586
455743
247676
399576
182339
105988
416941
410513
137111
111954
185744
383630
118231
433550
126528
420794
153723
455697
114846
102606
304220
379143
298288
410458
119289
255285
340024
423217
115382
129753
404386
314547
110370
266348
113523
208967
198480
118101
100199
401818
285148
143472
393423
205166
228949
366182
257782
239865
244196
391548
422654
197170
129470
198594
417334
174826
105324
415991
224867
325917
223637
237095
248286
371461
292051
340612
162563
282033
368231
402895
114519
370956
346259
411831
265810
395859
114028
353424
204413
135085
142445
324240
288325
222420
219744
291982
377707
283770
167388
268995
411110
170799
246093
242413
220507
431886
309221
252305
360010
275462
201303
392045
307039
120048
386124
223990
277163
257059
441236
215513
253422
189824
308419
196009
292764
213191
260030
113646
169718
229524
275474
156264
155207
157663
270517
333126
430845
161015
323261
349801
422265
272804
405598
192300
378552
103868
184690
370613
116500
455785
196675
423796
396500
253070
418390
410537
106732
160867
151330
195359
392625
336705
379590
374280
313933
194509
332768
314172
378253
337798
455821
211400
442704
233530
140732
125729
262490
338061
391069
269785
108368
349202
170521
429928
396570
317153
172137
183072
155281
267323
213536
121509
329895
163675
145770
376399
439042
265489
284411
161100
360647
247830
454005
248519
436088
233511
254932
378691
272182
332540
290658
169201
193115
105886
243162
181434
433078
400060
230371
315010
172325
150288
114173
333781
267889
397377
254129
222184
402401
138242
298651
279368
242408
338758
277144
197677
105838
350019
330506
132657
425910
382053
287760
224590
280803
223301
344305
375218
117914
176581
359848
376387
416683
444709
329782
130286
111388
347095
192784
309823
268528
142909
197257
286583
289378
167730
196409
171327
375350
300892
384195
186509
228625
428696
109500
333429
297105
215593
135688
367607
423287
384589
162414
241214
391712
225775
109426
382864
196155
154502
351697
441108
144170
319294
232436
361895
327540
270705
105903
328030
210002
150251
421160
246065
182141
254080
357285
288427
116876
251597
297209
138963
210995
132513
369042
356207
129892
100860
307915
149399
316680
134759
258674
149054
377984
435685
383585
154483
273740
326810
102255
227571
121362
242872
206858
414097
120340
101253
198006
312773
422446
180689
223024
127161
309806
189678
245493
208854
281821
143955
264181
422027
387474
222359
372694
232728
179558
288592
322119
387254
168671
319704
114489
380215
208059
242704
256032
246195
165242
362141
150349
420191
225493
139709
298802
260035
365567
154302
219503
114278
365341
300309
404989
386998
307272
432038
224792
247230
330346
345250
287978
138271
284307
148637
436116
314454
204331
364820
272189
156769
422013
401445
202860
420180
354730
158137
387868
273339
239464
156467
315217
204093
173890
446896
191473
153881
317871
133477
162298
350401
335202
262080
197371
394036
142035
249065
266545
426868
367034
271289
228838
348074
140294
237496
133852
297250
140469
106778
322057
140765
395945
176623
171190
305617
450164
194749
239829
433241
115515
142585
429893
321331
248172
217532
166853
454199
257414
453923
177233
182656
204108
196678
452691
381990
228996
215216
320877
206284
355011
177536
290187
306243
266350
173144
185053
314833
439085
288044
439259
453764
192191
454963
141489
369618
261288
436482
193162
209902
252095
424180
424694
273042
336299
202543
341628
204465
433001
213532
320532
304625
282315
163244
265424
431391
455628
335519
329434
230968
290026
146534
213198
352875
437383
413893
395633
171071
344517
343854
107997
283149
318139
165399
367331
175695
145605
278626
267458
236565
448471
102199
202764
446791
311082
412107
406041
288716
240656
334075
191545
268583
209027
347921
346607
274643
418238
358256
421981
356593
273360
454093
198771
298239
261159
223117
159373
341025
281018
214700
264052
397656
238995
182058
164870
186854
351089
109889
229151
328897
154951
128639
418876
143093
179622
173946
249860
159163
226784
102217
118046
255043
449388
115192
150399
223306
407490
391068
339994
351235
447787
302768
241442
229442
249073
426680
413488
103810
105643
112572
124365
346004
310653
432413
358742
266818
291282
116149
290231
435779
337201
123669
259701
152617
377221
132147
172412
113521
379059
176261
375448
301823
391909
346063
194524
363939
141124
115433
410768
453219
109626
155814
160322
382076
342352
277440
275345
231838
315119
165470
189278
334680
243731
292323
319129
103016
289316
263385
384458
236992
452582
178208
324536
144266
393253
256307
376541
404030
432035
399610
201695
153549
348071
325572
353213
329505
225387
237482
213202
306183
188692
245195
111602
440471
327986
443523
168361
450990
132646
235292
159515
439735
307468
396092
374852
450070
308852
416492
162082
150357
411043
112314
168826
316327
211935
211727
368445
121980
368607
245291
240123
300131
239395
216109
323682
277316
316890
236566
186256
106368
340156
322495
449177
284097
391862
411788
243432
333181
409809
383760
417865
328528
453438
429220
355976
353619
285324
150413
138984
268405
429274
333809
301748
338192
367486
428700
153694
286139
241072
134513
219312
294784
268204
129919
108693
349502
404704
286397
314234
375876
421204
216816
137815
138315
365809
453735
245161
281268
147385
412951
274105
152914
174433
123251
200017
224423
295018
178347
101821
140090
447317
238732
409714
379585
329859
454459
305226
364361
345673
303537
103626
219737
437162
263466
441197
128000
368800
236046
369458
194510
196316
428595
330631
112060
289949
399664
166463
374056
443659
129342
309929
222975
132177
107685
215783
446029
198932
253409
330303
183827
182594
158382
148856
369923
343033
177936
439403
296421
217742
330681
398845
255125
394119
151086
254235
191662
107676
201704
380534
151565
166145
288686
392220
275730
365216
267005
269868
316347
337075
226167
153065
187478
203254
135873
294894
139886
235418
149205
136722
128783
349383
342591
108820
245723
224243
361410
305611
250623
153425
410628
300479
119560
263199
330412
442218
191148
303813
351712
389092
377404
443307
357507
402674
266829
218577
338901
122298
232155
432867
415189
218840
351624
245444
279475
212318
403336
377059
369483
115979
214102
249464
207640
159272
281978
365495
110675
148824
438701
103957
354047
205425
438272
437855
442801
366919
399155
402998
258766
189767
193670
144573
425262
442420
347367
132553
169416
122081
138386
201460
445404
144200
164056
199579
398284
338414
320229
356130
367594
291555
166239
161348
298680
112424
436675
291841
154926
263929
320537
204934
282314
379843
444399
180484
216538
420901
298435
385325
400126
343199
414702
188560
392989
170859
264961
420499
391095
308083
146352
120874
382566
447962
288799
428121
394216
363781
392747
399333
163877
197349
209967
219409
324237
399472
441816
246697
224577
404149
273297
445684
118922
260411
205710
226329
198228
161156
238215
424930
201279
226753
159792
368244
406833
126952
366243
147644
233285
353515
162619
443164
176874
261571
331147
263480
250931
196018
278751
347029
163092
220024
146506
340859
183867
153617
330087
193963
426416
261065
348447
347975
434919
217624
352433
417405
341371
420550
340621
342342
376420
103456
186337
399094
307603
129041
259059
326935
234538
426108
120374
262539
302596
172152
251882
364683
116793
321402
167063
318842
135356
348224
410639
206876
380677
418304
124944
151850
301133
302920
234552
153373
232679
187488
244584
127670
436875
401890
383598
183696
264836
286109
430015
248947
347630
129008
366899
194814
187920
283841
238001
123371
256882
338813
159904
338122
326542
421297
367644
252517
214951
302150
361969
316199
453571
270054
110715
292798
241477
429709
122250
342731
372087
396430
400058
449914
234109
450297
192220
420653
243181
357566
396516
392599
346185
222073
340837
115747
220595
234211
163545
161244
261220
212084
270599
223084
123804
405935
243179
105688
455387
234257
281331
200428
401135
125872
246309
304493
358736
403742
415578
233214
455408
216949
111325
240947
186996
330901
311014
326212
122420
357374
286947
337115
399957
358307
407877
257891
275223
217407
351400
417075
361974
114873
283602
348450
322128
421654
192140
447266
391022
449758
200357
206599
101173
168556
408844
416421
185758
349547
163608
159564
421565
345907
393714
280574
375406
249837
192352
275465
422179
302585
157616
430830
311218
441389
104111
429641
118279
166680
239592
175014
244629
425867
199204
320813
294642
443885
356894
248940
334956
225112
178471
377845
120309
161168
425563
259358
105046
301116
244086
369224
384930
129390
226940
439336
426493
356412
332478
348457
394645
239406
343176
418786
298772
426284
118855
420414
253693
367115
245098
311009
139615
300280
275055
232433
311377
441068
181745
399650
411171
262786
421351
125485
258759
267285
219050
261262
271245
319663
397847
349267
281437
188469
107154
127254
384444
209085
395946
418841
288751
431194
332397
120303
230710
334853
341924
133673
196295
424488
347388
156928
300025
276659
174511
423346
343809
325801
220156
354737
315352
376205
417510
129046
352523
118298
290951
400863
405487
262884
127927
192859
314213
312702
120626
294138
216026
110281
195112
265132
220446
258468
420967
330495
418099
167344
284565
445119
358398
417394
194762
114578
375645
451634
444131
385808
447403
296625
311369
144566
247070
312847
265625
112404
165681
306588
140561
270123
154312
233471
262190
420396
326390
403177
228039
101892
131607
450088
393678
433671
197532
124028
424912
147296
430827
101430
293898
196148
383344
403229
383298
381331
269662
224730
403504
272062
241799
383675
167119
114995
165591
129164
359244
365238
408724
102837
140959
206743
271264
102807
324468
398299
433295
389290
123869
193556
384973
116346
159410
161350
321067
437207
119624
440516
108748
179854
283910
300572
402958
294026
189753
132006
261324
421216
251037
386854
332553
454060
300798
230865
121093
102080
399929
266551
260832
366586
420910
252507
127688
282052
448739
420697
285251
365740
327899
437507
313634
202913
146174
100008
248377
239208
206032
373655
233896
435427
102299
312701
101688
451110
378699
383538
107981
186552
226287
399207
188667
103174
398002
447913
455562
118764
256048
454207
426977
152236
241452
432931
383759
350454
391070
182456
106833
293342
302147
109784
150693
380951
120299
125589
288826
435523
211716
130557
257105
109931
169494
262270
423655
214980
455546
124259
412194
328915
241003
303368
321904
163884
120087
398888
419502
296159
446444
155578
243486
272365
349546
137881
231197
353233
400346
428625
432634
280927
313262
418081
347562
188955
432126
392168
194400
307244
111594
299183
231351
219575
392368
366418
189896
292958
278125
141875
412151
343960
450994
402737
420162
429530
240020
451434
292518
206026
244390
108124
360101
184313
412526
237189
233633
223438
367996
192032
174594
287809
116178
361055
114366
427167
339892
380970
435989
406541
306319
385243
138505
283921
212892
353913
303293
370696
444377
321338
314453
332288
188202
192003
184125
266957
111230
398978
343400
403535
397177
192986
159811
355959
430920
364589
297818
196260
371796
395366
407876
434706
126907
153371
444158
231658
181993
111782
301018
253430
172859
261033
250871
420969
175230
140113
281235
327404
181668
115153
382599
432461
298843
224540
342403
401103
141140
354906
314874
439424
406381
195146
363832
267668
188780
449916
456124
246074
349594
258257
285564
427804
155611
220359
370755
455091
367147
268276
133172
179517
288389
396868
272168
168864
371114
362754
204054
358344
124624
246834
252588
436027
146365
227204
287686
282361
220269
382014
204973
266697
402047
221682
387098
269039
278102
214896
166430
241239
194476
357814
425711
317776
340911
155935
243561
127536
214983
270100
231724
326351
205549
261170
272329
433520
104333
259855
236361
208788
310916
340149
163219
430250
246648
264306
209030
286253
340874
203017
183998
242750
161979
341016
167992
331055
352666
214972
145224
320983
331548
245401
366911
425949
283889
201228
138079
362745
419410
295275
235493
314828
369896
447580
251140
206216
242908
361300
256657
378254
274727
197656
266892
141740
389422
103439
237752
349301
409189
320544
280943
258785
334616
384818
379682
207637
265290
433385
327480
158663
289794
168872
289324
213537
377901
238283
120473
114147
384553
308452
275867
203814
368071
120461
320423
303040
284021
133725
304045
365463
333402
193121
125711
213089
353268
273926
391518
105994
355195
429704
265984
121009
259893
187640
454758
330500
129955
188226
375510
146379
308394
163606
103503
446332
256356
318040
202002
214930
209203
453577
385372
281681
408952
257812
441840
249239
449930
321707
294288
348127
187562
362424
390078
276611
298696
133021
335044
350364
435524
145915
314244
184036
106482
193429
434146
210705
381045
442285
326860
453341
112181
118506
304603
434499
333374
188922
143627
148563
274210
284921
237214
154295
150042
355208
443839
414347
334604
101018
173202
372380
409944
244050
442967
194988
193609
125788
130333
292790
167110
173075
243284
229648
373453
197046
296405
241194
317228
337262
401696
387533
332426
191168
342158
243456
284130
355844
135371
299844
225728
191935
232963
189805
406752
320653
429638
317511
379763
254233
353691
223683
143933
307857
179018
359857
264790
302208
342262
191059
164658
314937
329030
409018
207926
274120
248189
397489
329731
111910
156235
331365
130659
370826
335748
333943
411798
278058
101895
371058
209635
147529
187863
252526
282683
380770
110944
117500
324348
117620
393548
365628
151456
122792
188127
309287
376471
170490
114085
320970
230512
417973
449317
296368
279164
365285
207477
111963
418087
406092
159084
352865
179245
407660
216360
265643
150325
448995
180661
230812
121119
314748
126375
346441
246272
301469
306471
136784
442224
110608
199679
207703
321767
303238
388337
307013
409368
145911
156147
133074
254468
418933
133067
141613
313298
427576
298857
286106
242899
255463
450986
433622
225395
370243
254887
201938
172361
297461
264911
302599
104609
220349
395253
199083
371844
235198
152246
112746
189246
286381
189667
317849
160923
136797
128867
102474
318738
444862
454710
388114
159362
283818
117642
128533
159931
186143
436590
200396
357738
379780
173230
351609
293894
423270
374735
183146
388518
289370
307107
425661
348704
405622
133538
335186
323500
329471
297226
325960
410402
350315
145675
128786
151656
429279
206050
454773
415388
428366
265543
248917
378333
147575
135099
348435
132080
413575
188298
104375
411479
310878
172874
257221
226397
391489
343128
429568
197985
131214
366621
223291
203196
349607
102377
133424
378408
165403
253568
420600
208054
233200
286148
429581
438093
447979
318796
411008
251240
394909
264324
337985
105755
280182
198607
153004
339566
146043
342914
205283
434280
395301
435977
184845
325518
165009
245770
205968
119997
187227
134875
176096
201902
260047
172074
189932
270293
219531
399624
450750
240710
300768
246456
311366
386195
408555
425030
182172
181002
344333
412730
445351
175686
339509
371531
320432
292251
365792
314322
136250
312402
326775
266098
223376
163315
381687
127289
441030
133366
393373
304541
408421
362916
167713
193202
141619
123013
273821
203274
293566
272188
341699
224273
323513
265832
410815
338343
411490
299460
346628
453288
445506
224303
410471
172926
144277
253790
412658
306486
162553
217352
210695
273570
253477
193203
111682
162497
131255
280735
267454
378757
117582
415010
318399
126433
279234
212662
235843
175066
318350
346645
241988
213381
346134
207677
220716
234014
142848
377702
455404
269405
371320
324484
424818
344211
278241
254694
265711
215471
442856
148060
192073
428676
339798
108396
199116
449767
281324
396743
337959
277362
158281
381258
362217
380099
183465
314489
204342
286642
324497
270369
173540
135620
450305
433320
158587
441973
179386
170167
129930
304174
307031
141591
143392
184852
257719
141240
286046
349324
453492
358516
312906
127650
266303
290594
331824
427351
386511
325905
100105
241673
126944
261138
363490
405844
166963
299559
141153
108574
215811
250368
264838
307245
210005
177837
178315
142692
307510
404173
308284
422742
301624
116283
362896
155574
302118
392180
259602
363594
420457
397336
217002
222597
366152
241400
235550
346744
220365
222606
206580
179632
157236
347943
254583
276517
454703
325819
159395
199881
147107
444007
147723
351167
150719
194672
453071
278569
293701
286032
200513
363616
426111
310272
415779
132243
277796
173705
430390
356066
301813
122794
204040
354744
268004
123771
317917
285972
443451
281748
192006
344832
115574
340970
352488
172819
210138
407201
298729
161292
341813
248926
238807
257621
202066
322216
213490
170390
103067
215263
387071
398341
137371
393431
189889
349694
266469
158376
400506
265227
170189
139547
336631
134631
224434
407119
176902
146101
306192
298778
270605
215307
102746
174636
261540
197894
276004
259645
154355
392701
222050
345901
330058
317820
174402
214703
406992
385012
145029
174306
112517
268869
225154
337252
122954
145320
351726
259740
202467
441532
361977
396445
236152
371803
304116
285513
292131
366280
205276
281500
155662
321545
278306
353977
103308
452600
265080
238301
179915
215660
390878
178179
157407
236537
425232
363941
207424
259380
288439
406079
197118
349387
377266
160535
346131
281223
388312
272403
335970
265393
377242
159954
183090
318846
318231
199064
248164
164025
255571
238389
303160
120651
295606
295684
342531
388231
120010
153306
346811
301151
319711
197173
453521
428199
111713
118658
196053
153419
414677
395998
336880
213479
294541
178350
153910
243397
188728
282335
393082
311394
114674
158986
120683
353799
369010
393801
121629
297210
208392
289173
436987
361701
209954
310273
361778
162342
355370
264027
101929
114928
111247
429646
401742
171021
161673
421749
400441
247778
399402
134906
135513
310231
278386
212260
306933
337805
455445
186937
368285
210121
327068
407557
108443
449251
412927
101811
332348
218500
351583
246314
402351
453533
211724
118295
125005
296470
116892
226414
428186
297399
230059
357173
425864
200257
438594
307448
133864
374948
402360
362606
273679
432794
231260
124996
406146
316370
187218
417904
311213
148965
106175
185833
269891
139837
442352
120872
298376
133400
346430
435402
313233
225309
125909
189287
266776
415770
269051
366281
302310
152478
306766
389726
412051
332915
441023
283228
434127
255042
224840
331847
159684
147486
257085
124371
436182
144400
291778
416674
206166
113091
226819
115536
331742
172366
377109
283351
307727
126131
369448
183573
414387
189178
427501
110270
353201
312496
419477
223575
111190
418420
253504
251789
422254
116139
441340
314807
188676
314795
448733
172416
271618
316638
136371
217058
285815
315171
161520
301076
207813
454352
171289
387175
165702
248480
435832
436985
265789
242359
161488
124945
226133
212756
164286
303200
442246
371923
159380
187680
384988
448280
272174
295794
242274
382400
286220
158951
358842
418503
371764
428410
323797
320372
283536
133891
252199
380778
248029
275669
361196
349998
121842
334830
193323
447878
109939
429364
409454
233389
140230
184376
331656
134945
370286
236827
130008
101553
266217
161551
113057
249423
110656
118206
151156
383755
381057
206350
430647
149635
210402
101851
387134
237349
343755
395005
446173
127404
452534
143811
387278
359065
297417
307270
260467
382265
385194
154169
267065
134028
117729
318584
262971
354544
149701
413409
223432
304529
336389
146548
414261
193103
151665
115127
220879
167309
160097
171444
414115
349361
387087
435134
177376
380051
261281
337425
131714
190570
171225
214927
378644
414809
131380
413057
403590
379207
214429
291889
299454
326233
253766
339877
339398
202827
160417
372757
401215
193683
429869
178121
125935
163162
115681
193446
200721
384175
160265
101142
264257
194144
350553
321831
216912
420477
157215
362716
345859
167193
219389
103518
339372
129934
162003
453471
119030
234387
201550
273677
401441
405915
265112
135767
286998
365554
272416
318050
156354
208387
196785
264340
277720
190773
294022
341735
301579
282771
171604
107207
276168
239261
383127
444770
115254
388918
129567
294623
240990
399000
213123
310951
344625
229054
127205
436769
308655
151133
308689
328112
362349
110728
423429
346053
276408
128908
366480
301303
325538
183694
291839
210653
268237
144671
233333
420983
341254
333751
333724
198554
188638
194486
294354
338586
311766
334123
228595
137649
447311
129318
109008
378590
440142
126940
113052
358420
323301
238249
374093
145318
403798
189288
123221
414993
283471
214904
106576
373517
308666
233190
411758
223344
450017
205172
280046
200892
324292
248615
105710
421640
217324
358124
434492
101081
117987
119863
105394
282409
438198
114002
305496
309908
301020
445333
113021
326297
190917
453120
203388
117943
189841
335576
288933
204474
110028
165974
278378
244952
341491
123083
152669
223118
287342
286884
414335
246015
278764
431274
397372
338974
159940
299980
264477
278322
187322
344338
320819
106698
225729
414605
125789
277331
356097
434344
112623
437052
324704
334662
141165
428462
223413
203385
262117
375610
368366
122391
409879
147905
315539
356509
184465
288818
268681
435605
276469
399845
186513
400129
422871
223249
118786
189390
207693
456136
238351
439100
271918
428769
194416
138729
193561
411232
245911
155297
336967
241409
360091
321108
453049
345422
324324
273730
225255
209043
289829
195411
401600
325874
119799
290600
374105
292660
184681
141294
372158
182566
243955
363628
260111
284596
173648
440109
364381
106682
170765
295665
190161
418366
238684
307170
153258
319054
112990
384433
253545
261261
384992
124466
199716
205883
196830
273896
315523
439790
307854
149732
338619
133952
242098
116048
205292
280921
346910
223070
135281
135251
376106
330970
407024
234618
207757
416451
125999
157056
127915
433235
142563
138657
104730
240741
261419
235789
209917
348099
179046
117016
364453
139438
433625
393825
450833
394686
434684
109259
150410
187732
330721
144125
278614
110557
320488
409515
436957
390786
188811
272151
235097
301932
221997
281398
336430
183398
140902
239367
306580
316203
174214
419862
432098
185664
264063
428067
184761
417518
415471
435700
220901
383844
332851
328971
113689
333640
432902
392493
254767
197302
109026
366639
444021
281726
370079
137296
251363
344054
125653
227885
225745
279914
197033
134939
165084
237600
406338
405636
328986
274920
428327
316115
311798
203665
416391
307003
162007
365086
145194
296379
120889
426079
394974
154388
282757
214347
183546
163505
160542
322602
397013
412821
400547
341770
238519
241036
421720
214293
309543
452493
410272
234984
148439
109659
343717
367767
455865
204037
172528
322457
265882
201711
129368
183514
367819
128080
151712
339783
164749
218420
221937
280472
337203
261881
312575
258024
208601
443636
440961
249547
443693
327162
178300
310849
290412
203974
411597
126376
197299
341968
186120
264721
268501
356589
185768
117760
197712
199322
397896
174032
331844
220146
225491
279887
428093
237757
238205
430834
450578
172024
450975
221963
273659
179048
323943
234104
331731
224759
256869
227514
361054
381327
380148
221900
336200
304020
405480
157833
245158
414467
321142
187113
294319
319851
233853
240240
345945
278943
428876
347601
131211
382915
396697
339789
147311
238524
165653
453723
274240
287115
362064
117537
231329
297891
351256
417354
372105
407102
162910
422960
208866
236322
176873
137956
300665
262414
157300
239872
306790
282526
392367
404095
359233
395344
198676
438246
439576
280464
340141
264068
355771
106835
148583
239989
367625
318118
100461
451402
284727
109566
290818
371673
431462
216980
353525
421178
397897
370841
389468
421458
238831
368289
208759
263525
446262
103748
162554
412409
229263
241392
322861
140636
371094
422445
170154
364785
249042
300323
355096
437308
135734
396810
306109
412353
350092
108921
415446
219429
445126
356684
275399
240373
101963
263622
170487
325626
444327
266715
119777
123736
197505
228066
324231
384493
434134
111374
204167
407111
398596
420609
419718
178608
413119
220643
273555
306894
324432
200672
293441
319745
314207
303221
404968
224888
409580
142570
285802
386217
106922
265439
241623
347143
316233
247837
154273
273066
322679
244531
418385
119181
338616
287262
409688
298342
129548
219018
372701
118690
448273
452318
107578
281394
199089
440984
244362
293811
168114
357517
368877
244929
360441
454203
156583
327518
195938
198979
419473
288513
407517
276311
194417
250618
241205
360910
110661
403737
345912
279627
191822
122756
180729
353207
346097
297605
444677
277103
214340
438468
119384
106012
150185
231451
414510
432062
287616
250581
183043
334691
185066
179341
352214
284339
292835
232794
399522
390190
157062
397873
202431
226783
455882
312571
224001
312313
151971
384381
407849
446763
202303
148729
406416
302821
179792
410348
237636
396468
226653
260497
228069
248690
179965
242331
355822
318966
249081
208499
215945
150453
325902
249148
166505
222719
405338
102412
340342
245543
187883
352019
391041
204391
243855
432496
293758
382329
247770
246092
196474
427789
267747
214981
103348
208736
204949
444576
145020
283125
325932
321348
190559
157996
115292
304105
352727
257666
436575
414058
226681
411833
329085
368006
326244
283403
317382
291622
155612
296454
239195
354328
342542
309385
188236
317281
116588
348929
197800
388032
404828
386879
162789
193089
275049
257098
327374
164615
409750
319293
164497
107800
251223
343262
393770
110931
434794
387895
185746
314051
305254
275638
429808
404683
111613
201233
286117
251998
156261
257029
345872
169357
160967
184168
345009
179655
392395
337395
421831
241711
147656
435329
320993
234956
182515
295444
342577
212927
110812
257770
409096
209568
229874
174378
286034
173123
168220
142709
161738
269298
332080
191671
369714
301349
247413
321171
447811
343431
110855
136772
328800
127124
419607
278408
445880
287955
273904
210594
338588
220125
116567
272098
291803
180522
432451
233606
202666
126495
451878
106501
173090
132132
372034
251586
293413
270675
378164
351537
160906
222289
149883
410586
308847
119734
429475
417484
425814
157377
234898
218114
393674
214114
350003
101370
123877
436544
344161
129080
331482
191355
142369
310532
441187
301427
166723
291074
111062
245718
297956
127549
337067
372665
164273
249077
266154
106578
215631
441484
272050
165988
431193
138757
333822
298238
198489
179303
130395
285437
308146
175338
318561
339662
406740
441491
433544
408956
424443
144576
427283
308479
431494
217207
236464
258428
166888
184567
380011
176427
101110
125171
342781
433247
220524
408664
323197
347049
308250
407535
380572
146936
333471
276452
183148
159649
331338
349841
278186
334925
411534
136788
329424
216405
309297
236146
140645
209714
232036
294189
450942
130666
153170
193795
231807
388055
273251
390057
369728
352517
132867
266032
145705
132559
252800
231815
385457
102564
171293
176554
414770
140977
116104
316835
256637
285818
357970
200871
420665
238620
375175
250386
181254
121709
335901
261497
406615
242078
359145
288505
352045
220704
149904
240169
235010
168141
403193
406708
290538
395821
103041
401968
127654
343705
203387
178704
328320
179068
441859
446184
412278
242199
452196
215680
312263
308042
410381
412141
278727
317810
131408
169604
201921
392885
141425
378223
144114
448293
128303
406375
341115
211956
165838
449482
158908
362832
294860
352438
383066
337756
313283
441350
313457
199717
429517
104011
309700
269632
141712
204570
191260
453084
395733
402333
109448
346225
221183
380062
254883
141757
201842
435788
240777
409709
102594
391709
109497
164060
226673
108492
121704
448724
136585
372296
291421
249634
338814
445022
316558
131128
122782
316963
405393
443550
319187
306100
117052
447721
268968
421494
348212
383230
103048
147864
234881
444042
264983
369145
323714
338905
102579
418508
360230
387409
248244
427244
281872
364945
436851
344578
396772
301323
159810
298604
126394
364605
250106
390403
190885
432645
136066
120317
395431
100097
150687
143943
385284
248372
401679
131382
192396
162230
413387
198970
423511
325561
412752
441002
119797
151511
164104
347529
283751
253558
313150
284156
390989
182331
190578
428388
303674
239596
128946
254154
242055
308187
282097
171166
360350
442028
293780
251385
304098
169592
142882
174449
315850
307075
307476
176305
361066
248157
174796
336844
288191
280295
323078
233435
205733
266016
401061
254545
243087
132264
201840
291289
187593
454195
385597
159437
131698
311095
380329
452044
188999
273385
453954
174608
185044
434809
298790
384170
443517
433909
107541
214105
274478
321787
415945
354534
332487
168945
157816
380875
398802
429648
232903
331014
103080
343952
195062
428781
171833
312141
215210
275240
222152
151918
446402
171285
230154
332546
171553
440453
121163
212098
153215
455994
193835
156157
285734
198567
275363
103304
232111
240803
371958
445319
306519
143024
121231
291911
385067
395258
318425
317613
238220
118643
404985
243702
274939
293549
412109
437112
137189
153863
296125
383106
352340
182281
359317
275220
129723
198868
400096
331736
236216
381066
160646
231638
154063
346454
382827
271944
447485
146314
288669
246699
429426
386184
431022
200076
247938
341055
422921
154166
100963
246738
344491
129651
210409
340693
446903
320017
369008
450619
157436
100072
187986
407000
134202
152144
401944
303109
153030
446159
225062
389207
176232
442623
335766
377386
226371
341860
141642
125631
381217
259089
265644
306272
248645
332828
113208
103269
135119
292280
289765
364098
147632
120987
360855
200251
278861
219268
328279
227050
396836
138725
450262
266339
104583
148538
367084
387628
441166
448638
221022
112476
419567
450226
340692
126664
261692
424127
431510
387623
376017
381996
223394
436341
277995
387089
451280
109186
114423
323365
260751
343754
397186
173422
264645
152120
163909
107357
364396
409254
275316
140663
150113
360131
439948
192446
340394
271687
450951
369250
142861
327932
149397
324551
341403
436500
217460
268375
418701
415139
239688
430724
238752
428568
367073
336572
125968
330446
261595
432764
393250
190000
277679
101352
277851
272746
180541
116904
398215
439170
160943
139939
357197
396689
219987
167939
258352
184708
124758
218342
452744
429252
376157
232681
215442
243740
107723
112645
409284
398057
378497
413300
420940
307780
391430
345455
209615
328494
121946
365785
433422
172915
199850
213924
447423
431907
189316
323945
131666
381897
142260
174958
157526
393387
232150
135642
397745
190915
409113
397980
318108
265586
285348
454402
288037
202280
215047
137231
100643
165120
368818
220220
254388
443365
215966
425893
305751
268442
342285
411745
166980
212034
303070
259515
171857
217559
161795
182724
335591
312951
112909
379434
153412
450231
191975
124785
219294
236893
346419
124766
384590
182731
283967
267320
290717
277637
397009
113200
431970
257160
386376
424598
238927
278575
236080
232996
289260
269427
116088
345832
366492
370327
406787
377811
301506
115178
199949
188621
202357
272608
253947
102323
333361
118334
245517
183599
286115
405997
152911
297713
224659
158295
372524
380351
166381
359831
178124
138052
259230
367041
454074
368584
123800
150847
354514
226528
151064
436901
348903
212550
401453
347572
239410
207448
229506
288235
448037
448200
390612
275909
187484
193735
229317
354557
167543
113556
228637
369535
368812
221559
186694
398818
172099
309714
444693
192298
193914
451056
439075
219562
390216
363023
437907
264009
247986
253458
277052
389430
120385
113277
450384
331688
378235
436348
312100
270503
278112
197569
449119
377749
205289
271710
380821
417878
453308
435757
420729
419661
102938
258716
393099
347777
147841
275069
210493
447767
100467
361235
349965
417099
111629
407223
244000
198248
269893
111917
215713
261409
346989
186006
408010
122743
164267
327843
157147
263332
229376
207328
232756
103257
327360
200356
309363
370176
244492
347662
268455
445466
133218
207810
252097
351569
313091
210979
310097
302518
404153
170220
361815
380052
272741
211977
279918
321583
218026
450965
319862
212462
124322
421070
259220
361514
327255
411552
258368
205572
224707
449168
212868
324450
115272
200394
391850
225214
351208
303650
134243
357006
362267
103487
180025
429759
308059
218864
165753
362905
136286
234856
289420
246764
294873
217943
250140
192136
278275
183123
323975
370565
370505
274967
399752
447971
247127
179756
205026
303300
335711
374466
141788
267357
105798
338882
231507
358360
228736
154872
331268
212824
290521
341481
127234
253279
274235
351542
267233
346857
154567
168103
432228
280792
425162
243153
250614
128085
380935
180199
225051
375036
301153
149167
234465
109645
312912
164072
411064
342509
337615
290290
287727
167390
174869
277300
179979
216036
347059
153377
175491
431929
451042
381526
385266
339585
117013
212695
163960
360188
207295
440729
177500
353774
120372
332753
210619
185346
165274
101196
194152
393933
289383
266384
240762
325025
116699
251051
239911
102287
250777
392306
260143
155287
417711
224189
227974
194512
363435
186211
396265
249635
115825
376806
304110
263359
268472
140630
195951
195775
166092
372262
353856
135391
113971
150460
306656
395898
405713
440981
218921
332332
106584
396827
342864
426829
201005
104547
275997
220616
348309
365813
333613
133672
214153
173017
385720
436325
429990
223293
410685
103082
286144
186457
120253
267825
244846
102855
215305
219923
201647
174953
424156
253581
139519
110271
346433
399019
336489
188111
201247
296375
309316
116225
102431
279898
322657
278621
350361
280378
274545
360369
207909
428528
364940
301824
283988
271242
319380
132574
140486
266515
166637
250720
191638
223228
414802
157714
409738
303595
420127
263761
330390
328805
399836
131806
384903
361813
149179
137962
312835
196999
445625
113687
240630
242767
116638
264884
171591
318768
104929
173917
124169
206628
267795
223891
115102
343922
450036
407529
174783
365042
109283
124921
195916
295352
378976
293523
372902
328331
308295
322377
182983
444914
356058
331507
223250
185103
221840
449856
164335
375557
190343
121880
411120
356216
354748
389738
446810
296743
104013
373340
454859
380161
241246
274236
116862
376290
374112
113437
286650
236342
111506
413235
217656
112528
356125
244129
221965
264339
322709
404260
177323
431160
178319
145165
453785
255707
349766
186504
302429
412043
123931
132832
230406
428827
168742
123132
423004
367150
320787
324508
423778
146712
440953
393617
191072
275957
315511
434240
186221
203618
271591
141468
227206
314939
386238
339724
306510
236898
197051
268625
284447
445571
350921
317108
103057
302168
168296
102706
296580
163586
220926
289559
109371
187148
425484
167226
169800
190126
284381
151991
113637
293893
219044
294949
416075
313925
254234
176870
238431
416997
359646
378643
147831
230915
446489
419451
106389
451909
272193
177183
366150
238848
396068
437456
434434
362186
125948
226165
170963
352476
343997
319366
265820
186498
249249
232462
371591
364530
429307
373019
441329
227408
321212
308697
141026
313194
221398
287581
249572
430635
353420
406085
257281
298218
164208
410570
267370
178483
406205
131776
135073
308364
239577
434502
105075
136570
131842
316463
160380
454795
269751
132156
443931
299217
178833
404201
328548
209747
364728
160202
357734
318316
121923
323169
404912
256782
421139
443121
422417
358335
202855
313314
403380
163695
450319
114518
111416
141055
421357
380344
211683
194913
383597
363926
303792
118252
178031
389187
418164
183588
171055
112841
282681
409128
349059
127270
261253
147484
396821
372109
292590
313051
283865
111985
258876
418301
182354
430105
451632
251016
455381
141563
222106
442956
416003
139748
392387
187034
160110
391845
218491
341210
254727
324785
204604
370212
426772
277808
245592
249850
158577
209619
214530
437660
120866
314901
362701
259467
295282
448538
139177
151470
377965
302034
403083
198927
445543
336726
109248
236312
431257
157555
247376
245640
162610
176186
277770
105472
394498
261609
389431
121860
143534
211202
430725
129057
444159
391544
377627
225894
447588
235206
296190
227588
151592
322894
175691
396158
337096
155130
217284
381222
399611
329215
123219
215359
129415
415816
321342
152666
320319
214619
143291
290640
392377
424630
130552
108028
336472
164954
143348
358971
434761
123864
119909
290060
413535
227238
130834
367427
358112
166869
327516
112118
249473
166018
199629
272042
221281
415952
269646
129384
377513
279747
270195
386690
412793
355374
366870
263726
134363
218715
161731
416121
220538
306654
413864
237915
351155
269190
168637
184748
151571
101710
350555
115983
360642
204976
135349
395116
176314
288586
342151
332370
246086
166094
180487
356864
448535
321359
256313
225169
273693
109856
312854
410995
130436
378588
439868
226625
108202
295557
303554
431443
194518
381318
323849
341558
315660
307336
372726
195599
151181
438383
179392
301596
199465
380882
455753
319820
158945
177317
365207
418090
147276
244760
413295
207242
165727
360782
314584
120814
251224
226421
209179
224027
309595
155477
266562
211561
119713
345819
219653
303505
302228
420507
182934
443186
130673
200148
432727
138031
211559
377257
263596
264796
197252
337490
240818
199493
290897
286351
196939
122990
370615
230851
345776
379186
326599
336081
433139
400281
340498
285154
373285
389346
199370
422023
348970
306416
123284
196469
304940
300912
368907
119958
123053
240601
234749
242835
391627
198545
124831
169411
374421
171568
107203
422842
448377
259034
256180
153557
314653
155674
239633
392161
277990
329225
372610
102796
352602
315195
351198
214910
371552
452867
369765
116866
242619
244791
280386
166200
231123
160327
196131
329978
380887
361848
292358
352915
198511
245858
150591
265765
446549
271921
225147
420549
393233
372781
286435
213323
227207
348129
330951
309991
415597
265903
192616
192579
329446
184857
303970
115512
226462
277317
136035
345074
184719
226628
217594
202358
106072
107322
130101
222574
383781
331812
257250
354227
335393
160239
426074
348194
340526
141097
166673
339545
269918
254536
171516
358981
262090
236099
122269
264283
333024
367240
309191
377552
215310
169841
257655
240694
174940
288691
336605
330212
302014
229458
202711
298293
371200
187046
361793
259426
245753
446225
296497
257333
390345
118376
389308
136674
363844
320770
357780
129216
173870
331998
206383
141424
218785
404127
130226
119116
358611
331389
355390
204613
427302
157130
164063
116091
306260
220864
120620
199806
235767
130597
136212
352996
222367
314431
442077
286334
390038
423906
292188
126347
124579
296373
248550
186101
177254
349720
303045
139405
357867
338489
261400
454187
264854
207990
277747
307555
437255
142412
124530
240008
192286
348454
126218
406546
278890
434696
252026
402371
451829
317340
258910
305311
173268
302707
363647
312405
401219
214412
234703
118621
217600
226944
321872
337123
454120
242178
426533
375354
375773
304609
417781
421775
124567
274886
378804
166837
315909
386443
198908
406646
197852
114157
162618
364294
283230
118821
242458
230377
292511
314681
217299
193908
103833
186130
148328
182619
278619
228321
184050
302966
404204
178247
216637
375377
118897
450920
361049
285759
341482
410407
109116
158928
351016
112412
373869
111335
365168
176627
259604
391346
221784
133752
423898
267818
412588
331504
312656
243755
276887
386059
352394
163737
160662
172381
322358
346785
111096
430123
177679
296710
252741
284807
322744
115509
106795
363840
331119
290762
100504
161008
244331
422803
240697
421019
298123
114417
359363
157009
262041
136050
325989
323703
412685
356815
125337
133376
151509
258412
254232
266207
435837
326873
197980
277214
437787
444638
317986
257147
406462
398332
330990
356496
444108
236550
390112
263872
255291
327251
367711
304070
269506
437555
193250
441833
439489
214767
184481
227530
447860
258395
321644
353377
388235
315512
362728
414384
230993
198909
145668
208799
101632
349623
172646
157608
407179
176933
387698
213175
147010
111009
304346
102662
207816
131756
304569
362095
363110
113905
430565
240366
276364
424775
280478
306395
376359
176596
147227
306064
455938
398733
272266
263258
378147
367123
428961
269350
437124
314062
214535
204159
197015
260485
428049
388143
429273
365013
377651
332878
376754
392636
113317
258481
347745
298490
445061
169159
408272
408644
322945
387334
161857
306036
144627
208194
246132
199546
451157
294639
145082
242724
454647
202237
440879
117704
223673
310986
236256
247940
380702
438501
365868
241984
319375
445618
249286
109217
303246
275984
374533
332024
125726
452800
238399
426794
380756
344353
450134
397775
144935
185896
396917
345197
266119
125076
181526
168087
162404
232668
189522
270880
295404
190991
263128
197590
237289
328861
316257
430775
132070
270303
142635
338283
187507
184854
129446
290407
286067
386611
417325
327718
169261
145437
388474
407928
403449
396601
364741
166833
118743
297540
328369
365864
259574
300004
322794
256841
263845
431613
206407
217289
310479
181292
219971
277923
373331
241158
408530
379830
247302
384058
259766
259072
298709
441555
142041
282109
436995
254477
369563
302095
156080
275266
338444
106270
166795
349300
250740
129749
240840
264916
275655
267681
383724
381196
271808
382060
248354
124272
286829
331646
374583
313591
168089
122631
416331
255655
376919
425539
136370
314312
437402
272001
264255
151542
333363
383896
149368
392388
180226
330309
133497
339895
164753
449260
243044
318787
291987
420745
401700
277157
245020
347833
405780
142657
373942
223845
228834
414537
372404
377014
348004
181930
374449
155031
107870
360827
399807
258991
356322
455071
132115
353862
206243
265441
191510
316544
409613
182109
164096
225172
177331
242197
249499
167397
240351
316992
182157
426834
176412
297024
403334
250467
213104
279163
113683
439918
258840
217185
157718
180764
153961
378374
164190
260587
416525
287902
286609
267596
379018
405918
376135
286886
393795
455782
327450
361435
399756
263393
422083
290127
382488
203314
181991
237885
348647
208592
213213
262748
454866
363523
310030
441448
249828
351039
259964
250083
207469
404816
211346
185750
413889
183740
301099
353769
119455
283431
105175
132643
159306
269981
153232
283845
245868
170197
158528
337544
273309
284617
103740
251031
414684
110300
227891
223627
412015
284328
318568
446377
106439
392335
140633
426917
152145
290313
294324
138675
279641
306640
175161
166885
453557
176915
227704
371826
332905
157671
436704
399008
451980
438657
126753
443167
203955
200280
348131
347470
361267
431959
334443
212151
139171
248176
164936
369672
223581
153388
385747
179305
169633
181916
441801
189408
192862
159131
186136
322199
140565
314566
136404
119352
291611
318543
189890
453267
221579
339600
253297
372261
204126
371519
202637
453743
302405
208408
270692
292217
128817
297689
242341
364238
338494
230447
201137
347724
418038
161260
191982
264126
284092
193800
385195
187581
149260
438527
364223
366254
306459
335614
443993
353039
309367
261656
180644
222504
364621
260547
100616
344919
259052
406983
102251
254611
272601
320809
163677
142251
122484
107502
424315
238863
322405
102071
374215
167642
233907
148152
238420
287924
254439
443205
390534
229739
406472
157324
266671
431847
367828
211886
320681
175815
105305
203609
223805
382836
105602
321816
161615
306931
124778
124426
209999
171954
343999
157995
136535
287906
361083
361857
287625
313543
444947
186404
111833
117708
352018
108133
389073
229964
108964
113196
104876
237565
454510
160185
242532
403124
327673
321724
409198
169922
426374
387908
195679
101612
222118
385842
269845
100695
277855
356677
132198
225148
116451
429111
159157
445825
292392
322921
388043
134873
140387
156999
244085
231476
300362
355627
207013
437216
124531
350414
102678
410967
349287
416635
362849
179512
191082
291392
266611
216298
419311
148902
139150
207183
153994
404394
369785
156572
409649
222222
163334
167837
269034
389381
353903
116755
407192
394566
356122
436184
296789
338505
241306
100774
375581
136737
112262
360227
312063
301388
264685
318011
310413
392350
241977
161071
368655
347373
396269
336526
274258
380843
347899
178075
355812
108745
145750
128798
354323
353557
307206
183645
267468
230075
362894
315398
378498
318968
279437
294079
375596
273547
418571
176687
360926
181947
138051
264631
420979
259711
131217
236755
159814
183251
101513
216312
418150
158398
338757
454568
388833
294443
384916
208092
245848
188434
185969
442211
310134
344646
259579
231978
406625
352098
148988
122204
407465
338681
271024
221033
312104
353297
188911
102469
167652
254329
154035
130710
261988
391528
138135
406184
415863
266489
353010
234869
262930
273517
369293
273168
280576
238866
221186
288690
108273
338398
116095
106985
388421
372571
259057
223303
263863
345791
319791
210063
103423
291968
446687
254761
431272
204071
385272
102879
189454
274854
168377
147663
411184
198156
124542
246255
419040
398747
275791
323510
404593
162451
163671
428775
382356
110802
332176
338256
231971
283048
371309
215795
244822
369417
353858
329831
441569
278647
233028
280154
249036
203709
419380
198654
309170
428739
244016
295827
381005
107424
387784
178693
231384
334156
345454
281490
321179
417064
388933
102911
418210
374005
253092
205599
388232
226636
453646
194683
316288
236934
308070
240804
369256
237345
192836
140522
364737
276765
186715
414578
326292
429538
394945
414240
268644
136124
184003
323427
275533
343001
376988
423355
327730
294397
333414
386788
208246
168514
384496
318556
290338
127076
333119
350408
167896
409763
323031
411606
185091
109314
213474
351371
438772
360931
242602
197944
423419
248948
150416
359836
335716
261427
336414
173679
198432
233275
376657
274692
298437
280440
298099
270258
287791
371381
354796
409820
394466
114699
380432
108439
205857
362721
138254
263423
374223
401343
406531
137869
433062
111324
394452
178209
452364
358429
434278
204720
240699
433264
377485
423816
456225
437373
389665
401859
449301
215690
380931
398945
109472
319072
337443
103455
299733
379683
422317
453001
240334
315670
399470
316341
129153
181543
304927
221688
335341
234030
369669
136496
436998
283622
412014
201624
390196
309142
378943
172135
156865
401690
292635
267498
280999
195574
317037
259289
400310
202748
361480
329538
244289
417282
129148
337769
270421
198988
106380
420732
403462
436934
158372
227787
383491
237724
132993
139768
264562
121474
115847
302139
366558
450199
235022
380174
223232
363148
203416
437465
255175
144137
359704
117147
172786
391225
224497
341983
219974
233470
107565
428776
237889
322323
248078
268161
137584
292886
263404
336642
264807
204558
328288
380371
160285
139117
209353
259312
289874
424522
275030
220124
120944
325008
142864
119077
409942
320950
290861
338654
266222
254231
135860
347420
282717
215848
136909
328450
218563
315936
318114
225120
387240
248796
257996
338258
138310
129729
107523
279414
172625
384133
395596
383978
262416
306655
373867
118933
386763
238447
383278
103039
159356
338079
294494
174083
435047
244286
262064
434629
359083
169087
326059
285604
169256
308942
145585
198800
291166
436571
344347
127498
430589
143662
339220
103227
157937
346215
291084
216930
299295
411350
429272
236149
237212
425844
367736
155959
281547
361644
229807
376678
117823
123159
268532
261314
324138
259037
108102
308968
370795
278050
449569
405623
322659
189398
418416
228376
148501
185487
135666
177644
291541
204609
160585
251253
440620
392751
413211
261751
121245
381243
170399
414571
262007
162925
305868
279362
289750
153621
216331
308438
285158
321573
361444
115735
196620
269853
257490
246783
187310
234083
447318
144101
181326
250874
240344
349431
181669
262871
125537
455266
178788
420544
343344
247044
262833
185206
207946
122738
299811
346339
306442
273953
269323
305087
221350
136053
272483
271205
342274
226855
201756
183705
398223
371109
296434
256966
323998
359734
134462
306350
224418
444134
405466
238530
299907
242369
322937
406459
135451
355567
190020
449491
215038
263736
291595
384879
294616
221623
297829
121915
317107
405028
153489
226560
238942
276114
407301
337242
180148
218629
311149
166977
106361
423821
311870
205343
441624
168132
143522
329518
452735
197087
374108
122237
236158
252817
302677
170344
319560
417947
244435
113349
243899
171271
331958
440095
288199
228416
329236
403264
182055
345823
358941
126158
393459
363149
155566
374068
133701
357112
142739
360597
163557
325323
328273
139654
263937
388095
180267
315686
135162
197483
390109
151747
161000
329089
256851
134753
359204
155932
131462
428291
418784
200400
105014
448625
401633
143367
338829
168292
307322
380074
119786
352083
196709
382162
401031
277959
214795
245108
188693
303669
229033
235416
432768
453506
367091
129504
183710
359567
349604
424077
263320
295666
259989
219918
366413
320687
300920
142965
132197
280073
455649
363101
348516
150053
243159
396499
200706
388315
266416
422115
252841
451735
100034
414395
206051
114394
269157
119783
137851
367185
354845
285118
405198
354301
182674
362325
368372
336168
446915
119543
245175
381836
184491
175411
278607
250901
229029
426019
435672
202091
349871
228192
309898
194479
129571
221018
223928
301110
141990
337066
409912
279921
191897
150107
277703
214269
421468
410042
220209
423600
437121
300192
149262
397938
243813
182955
172654
275825
108049
111701
231622
264082
280849
214942
424997
325234
178111
301679
425861
117913
259149
393386
237018
297834
338153
325745
189792
168795
198570
421064
195448
351981
334846
311847
442381
142623
297788
344577
391243
310536
233020
141780
245769
381255
184687
401431
396627
316967
129471
246096
188374
353342
199308
392189
388506
164093
312004
386533
218822
418135
194642
406461
213936
109242
454035
170644
205447
440066
250250
327102
329595
294451
235639
453147
177429
230505
294534
269593
380768
324562
233814
452421
201846
376223
438818
245991
312079
266050
445069
234631
222845
218040
376199
262952
143561
215046
406471
342126
332361
352763
359066
126293
301889
176117
122276
135292
345308
424564
194846
304953
287665
121061
226510
174969
352330
237570
164398
299606
332647
129396
331855
346681
300740
394342
391424
114159
210090
109792
277210
416731
144265
111393
308708
162976
275515
425284
239084
148901
276969
402758
213644
409436
431528
334468
130952
244698
368535
342045
176407
144467
339084
135338
348439
308414
291752
234726
433856
385552
405396
431573
173590
180392
381391
343659
382491
317528
138987
310850
423977
146245
242650
310334
336866
353355
318573
439636
388385
277805
227132
120152
108214
183605
107163
323521
396632
128863
268212
173905
350116
383768
442648
208341
432083
354302
190224
133630
279734
377667
258118
329017
241693
253090
371064
413721
178703
141317
399593
121287
369449
358091
161870
423387
172740
390866
145276
421116
259091
153814
419933
139400
170447
316428
182212
230999
245085
291527
202505
213819
255715
376586
117671
296673
111469
254704
277605
354088
248211
349942
181698
363364
233303
315069
449604
232178
197763
257841
371765
337641
287529
344730
225780
234304
422251
291205
200284
207542
186929
410211
193228
154478
355526
320063
318035
387664
294386
104960
351282
143973
248108
349429
243835
112725
435864
283266
117091
270580
132098
245585
115199
169761
192597
189946
449337
237549
112480
190090
283856
239048
276375
410653
250208
148500
440550
380470
195219
376790
198104
380001
285326
208981
177313
239784
242480
237550
124744
149269
410688
299112
179863
438551
218856
364661
224677
134145
433277
381665
273723
273784
127916
454020
362266
447900
376728
315588
206520
193397
362466
313347
338064
400005
409888
312448
400054
246846
328114
239833
371729
277817
254886
286168
429962
364196
273776
140532
144775
388569
285311
137630
441169
428808
353267
220687
382703
205064
370514
396383
365563
127493
408288
281159
389681
209589
259395
404077
378216
185532
208558
422454
341080
314667
437733
417764
352857
133822
334771
304118
265011
416551
278577
399413
377719
143665
261233
290045
117297
194992
264200
419568
391558
109657
154608
167340
357650
157701
437505
298384
118758
424658
374242
162466
352568
219831
191985
392596
267262
181189
177252
202054
358103
306709
219071
144396
157354
450517
271992
367286
189335
270029
375903
279611
266302
440505
219289
282247
328088
184904
347254
178797
128112
163026
184929
289633
400386
156689
156962
367132
334155
103110
435218
280536
451166
147490
184607
289440
215482
172835
210920
142531
212068
309055
342764
433931
105842
357038
178644
375116
260474
322043
427769
100439
283678
416145
290362
113903
363517
275008
348553
341672
403595
411500
284392
442327
239446
407930
363549
272895
357042
367370
357385
302181
299728
280123
297995
381785
404101
168302
286263
437301
318899
106450
416221
291664
396084
248885
101699
272909
382273
406278
174071
249011
115497
408327
227625
245093
130095
441930
143553
199639
413317
131347
277307
420806
371478
360077
365378
265372
239955
433744
355871
246324
207190
435136
432922
353528
143845
143384
317451
149534
269956
345714
423263
336708
117923
133100
146108
351049
419100
329943
285133
362208
363237
344901
454525
179010
351481
276909
429267
290181
108210
427748
108065
374246
371472
334813
214492
434714
134420
211870
216427
380944
432285
347068
148656
361611
278290
224571
392918
287824
339821
123341
164730
308368
422747
204503
447145
272428
398343
326928
269657
198770
122138
212769
286880
266789
426675
426181
262030
375639
371203
410647
267147
283764
270998
150190
305458
170155
373583
369354
319539
147096
430801
293183
389743
266086
180655
130766
259212
336510
293022
313766
222907
351346
106023
427491
389064
199775
178626
231500
350613
236903
406506
297163
172386
274431
381091
154131
114613
433558
113495
438096
338303
375846
196308
166341
189159
280909
341940
236223
389041
120160
306080
382174
117373
338624
153955
285164
143374
275231
403651
187303
382438
443502
251753
280216
265784
450892
123828
390927
251402
413266
215098
267390
416512
105732
241618
363229
185753
415349
227529
135384
370739
381746
158318
161102
193639
325351
329763
131993
107118
430586
223760
122461
299147
219698
275318
223425
383098
379987
181014
239698
419019
316293
409779
128189
404551
409847
453138
205610
368384
141405
360167
187049
196862
290035
107088
170454
257658
392147
346178
299141
245845
130255
108350
243235
167820
428501
267796
410011
223253
366434
393796
411108
393354
186688
450912
270168
420233
236164
400947
292150
232770
341868
113725
448976
273652
231027
114783
218217
400984
363806
437103
201316
113932
114926
325892
417615
208773
245872
151050
197897
233648
159742
171574
336226
295516
193743
182805
174851
271681
219869
178752
171749
344560
361608
446119
382756
276587
445041
410376
379913
243983
407404
401896
314642
134209
100828
144846
310237
173843
288642
316151
133035
191815
382045
166174
208757
355603
237251
190269
303203
388230
325843
397862
115494
215663
383336
414286
180876
140604
121120
356392
247629
377008
395269
335821
390702
410590
245581
220083
191273
246961
213523
439770
118038
298937
218212
383246
247841
118059
170908
127996
181167
428448
383537
257054
135646
150660
276579
212836
375164
270820
106530
373084
143405
202596
312613
312922
387018
208549
411312
426451
113688
142654
300179
358173
355766
373957
222874
368035
225712
230188
105757
121217
348498
304558
256730
198134
104592
186813
363178
117173
276562
394486
214698
377122
344089
242446
331522
249919
274768
234632
280069
141548
321947
434823
326729
340931
424540
325006
258160
268308
300447
326300
198290
312403
191695
189737
303287
249472
152569
308402
169189
303909
306550
311936
137165
165517
294694
113344
363599
294765
285454
437872
111966
315664
360127
291672
131807
160699
250181
344853
298375
363861
395931
161702
282298
385294
444514
143303
280872
174504
180780
371961
412933
162938
128235
169311
190749
269606
166666
306038
141795
173512
251711
138343
248076
156035
409378
382698
355512
271246
120200
436557
419727
429072
112496
431283
230420
171632
143630
182079
293922
335845
220045
263215
120972
455646
427313
447149
322208
314659
109715
424276
363793
387521
359534
292403
310632
354808
312594
352596
138058
229134
151503
148611
289555
163867
330848
108040
438137
292531
443496
206761
432530
331681
245126
293625
107495
177716
141669
308530
368572
161020
234036
316045
452978
292420
370393
434307
151138
168980
105083
135170
395025
315130
201118
435819
386782
280628
332324
369035
447128
226423
283060
256523
190801
436702
170555
224248
236148
421402
128256
416172
266288
212071
423568
202123
365830
325122
450082
243521
244404
349239
181471
140285
284054
130519
252381
232386
317530
216674
195831
125967
251520
242999
168113
137925
300692
135552
153140
169556
311386
130132
201897
366793
219392
350130
269759
191097
141894
451178
294083
160437
288832
181446
404643
278858
248481
185823
111919
421130
183769
122744
437849
149293
354771
345850
349643
359679
358999
398396
403891
353621
111326
226093
322975
447664
340213
116663
351700
280093
453427
400083
246427
256728
181357
451005
381149
226754
273702
325991
309788
417480
446501
272683
123241
359953
359329
281788
293691
228352
375539
358563
127712
192694
203045
428914
212118
318954
426833
455768
301844
202513
308061
277971
275847
263847
187822
149472
227549
349157
382334
307564
333027
181020
379030
448097
232258
149063
110765
348220
421699
392339
245914
301087
444687
245016
374213
282213
360465
148532
196488
196794
430620
121222
104623
125021
302180
242828
121092
280458
223937
240233
370316
434039
125548
402352
455952
409501
261494
165196
118684
115892
138913
437965
130726
324241
295002
194922
247106
396098
387180
196466
355574
403913
130093
251349
405897
177514
391718
403040
288436
436730
169322
155871
423524
282347
120466
166939
346880
120328
312292
236652
254182
379685
422777
269062
262687
197182
276591
163584
135015
335148
292298
434842
141234
145091
361180
123099
219973
405903
299051
250238
273680
367087
395121
279718
210895
250282
242133
211354
424406
134897
360364
185804
129839
193780
114461
401000
267222
147617
389289
138247
277739
178967
202845
175057
432846
221357
168625
155270
103970
186449
286903
388806
326254
177211
275209
390837
282309
139455
275772
167256
301537
137969
130838
174801
376410
346632
245179
322451
355653
441949
233988
453875
399205
424237
263812
248632
363636
357938
271535
427206
210422
301868
155786
435058
275258
183482
368087
122228
143378
426879
455957
370070
204982
414981
238358
300980
247963
418234
226686
409260
110084
221715
152738
248301
192914
134700
116267
193977
175013
419876
416912
189870
217691
407967
309659
382405
398750
163731
136532
278009
272089
444148
361921
309709
245944
219026
316536
436423
239557
346112
206691
300278
356911
234900
232179
223407
265522
358509
212727
384980
293772
417660
296366
269441
147064
378704
181772
260229
395491
104653
243330
253586
301232
342073
353550
445883
301528
362546
304356
383520
134748
443143
204760
170112
158613
119571
191183
176184
150445
264734
209734
277671
222385
120418
309314
263265
337561
117048
284301
334034
140411
129732
382556
105363
113016
373266
191281
187865
438719
434667
271063
177568
120286
232954
208082
276266
397960
288558
347141
176990
447830
156226
387939
428380
305725
107061
295808
412810
267470
445195
185075
171988
133467
148659
313175
448898
164109
140819
121600
177000
290104
216411
228154
204600
305130
224895
307071
220062
387818
326133
189016
325534
315027
356415
141948
237397
142948
438043
394640
305679
264988
242384
264950
374655
404917
182927
304199
390193
104796
273727
279000
332648
260993
307553
205038
341600
172095
213285
353928
387472
196382
334077
205777
171887
259724
119285
328743
380165
166865
331297
426522
302801
276213
303113
297821
370865
386175
170334
140475
432563
246808
400451
392374
341742
163592
190541
148920
363055
286937
273619
219197
259176
314730
230160
329684
452404
130094
151838
453189
298475
456205
302301
248656
364257
234975
420919
431665
302497
139644
303280
179315
318567
384900
335916
407138
102635
108869
175458
362458
290847
132081
451741
389505
422857
236953
230333
316165
238952
308855
278438
229340
178573
129469
146949
133769
171897
448406
452022
425474
339520
375341
358620
360366
124475
292825
129491
233552
309039
323414
417918
333655
429280
177311
364117
193624
258323
220129
283315
309074
173566
202036
175932
330960
149849
325224
234167
334870
378269
140505
379638
411221
444598
243312
433486
102327
120996
378875
260276
412459
289646
257074
278317
451043
143289
117318
223276
101824
351694
186237
280331
252951
361136
223454
300312
374785
351015
365299
194596
158702
179600
181404
299045
209864
342724
319714
395769
156425
354283
227416
153248
150995
241499
166313
182178
120817
450798
170641
261148
344417
121001
422737
143380
205008
257593
415424
328180
300173
254332
331592
215833
121096
232743
386641
373494
274380
221926
304229
305146
412125
137873
278293
206248
441584
316377
264579
228573
141484
443724
387631
440770
379198
198562
356852
253236
242405
274075
425552
454123
146337
313016
152588
200458
291165
283873
433942
290937
231008
427877
418204
315307
239566
241073
224290
454939
299727
127838
114590
302439
382469
366748
357510
116290
372646
406363
448581
428040
232971
397990
428848
273492
233545
128255
132696
272466
409775
160447
200988
137095
122721
244342
439420
213328
410313
152195
394728
222450
310078
138232
262935
344932
309516
349142
217990
285766
447456
293983
261789
421992
326590
149705
182804
160126
364420
186097
369095
453733
248620
441097
143114
195830
435292
192067
365623
284040
441415
153137
153078
326494
219518
103236
193791
164563
383977
339298
255227
206601
287435
236674
320605
254510
448357
193185
389130
193401
382296
293990
349524
452015
354059
259830
378940
287803
312985
162622
328099
448060
342875
165374
177271
233319
379287
293427
367265
456065
105182
300690
294219
373268
342174
325927
423556
199133
359511
233191
180829
317209
206952
314456
294222
354528
145135
300132
262368
282049
241016
262744
246965
364208
188334
256500
133947
302754
171484
162545
306119
286651
373715
118971
440254
455454
383152
210359
334967
310824
100906
374636
337265
440546
128623
436272
393130
403710
147745
272652
209941
282367
376943
145899
150303
186326
427778
118193
416866
446230
342324
338919
293031
190956
141228
151413
100294
339944
286997
195007
181557
215279
276199
421038
349280
258821
251049
238993
227922
114470
276871
126927
453593
120140
426817
296330
267098
338763
413003
115438
325280
385837
302592
383762
185368
333271
360688
405441
384701
334427
195254
408805
401653
366744
312559
379354
326036
391415
273214
261167
322631
112853
156751
405205
159521
426161
432574
295452
341542
358141
320193
413504
323469
183919
204567
426117
344259
348089
169990
218338
176283
134726
219937
214117
183624
325200
280018
210826
405900
117612
434977
308324
375954
129037
211841
244504
311381
419249
317328
181133
355140
434166
444371
313694
392645
125403
387682
394219
260155
414618
137756
304765
372872
419860
440881
288488
313844
428249
357739
289664
435895
406929
292290
100572
260180
229547
263384
233134
355199
392692
100442
247535
432012
100383
378703
306505
111103
270796
361736
156615
364652
208504
123152
407567
316962
292581
221110
264301
270960
303863
311098
125577
197428
198671
167514
238882
100120
100246
369560
430603
270573
438999
202105
171009
132337
234368
175904
437370
266318
208286
423233
122119
346095
227471
371987
362053
370310
208878
206482
443784
112793
102088
154798
431310
106816
345652
267078
434276
196947
432649
443938
359492
132641
127908
230624
217450
286414
101276
171672
109307
392632
274755
341077
431566
363813
357775
349516
405251
320577
417055
405976
194720
211539
334368
337507
187989
127494
350606
167419
314402
299685
418674
404930
403359
279658
385074
234800
229072
104666
327055
140602
385213
342405
207072
317032
447212
116600
180638
446771
284822
249267
417307
261721
246696
175184
355886
144908
151434
297711
215327
163127
221625
277197
291669
279923
118360
151110
270038
263161
433654
166408
214731
186262
278064
319157
115335
443985
235149
243455
342784
133263
297238
331982
202451
118539
374411
268724
183984
321004
167377
349650
272412
432904
314934
317377
113573
357943
361541
318293
234916
343405
131597
306691
149184
267426
369704
135086
299098
249393
172097
382321
398080
249105
436192
239613
411900
108777
140206
154813
428444
437354
215706
199551
377626
202235
248232
384626
115828
344291
126119
269319
446087
442545
106477
355979
275854
390611
103792
100533
193002
208519
423890
189226
232618
139883
291947
130731
410163
426240
290799
333916
149005
318610
385048
294179
136044
290959
150281
161970
183210
104151
400241
276092
302606
177334
105298
359216
285347
112087
199324
135156
305833
254415
198423
302199
434284
409570
128264
407352
403778
201252
162183
373678
139944
279561
212475
303583
311992
297062
266174
176834
134952
142568
100205
245814
277604
252742
204587
230554
192571
234951
241084
208475
359197
241322
135844
257107
214815
380772
263138
312166
207707
135046
447988
406479
192849
411607
184783
232437
387833
115349
144315
393827
212858
390280
153966
240701
140912
397394
295377
230506
448879
247753
241874
160473
452540
231084
355945
245625
401697
225583
411412
107021
110968
191377
141805
260360
194203
419128
232361
451327
118061
417569
330471
230684
224744
162597
207910
348056
201380
275833
332787
111634
122945
102653
206469
264014
444716
222590
162965
422794
391315
102789
121696
449157
171918
189586
259041
322081
200339
412065
288560
200479
406564
236484
293957
150864
340882
117444
219751
197520
338455
184865
169814
357272
126154
241786
246509
416747
442997
366225
345303
312462
220889
372127
207591
424718
267981
348796
253041
316076
356120
377885
149455
258538
391115
420252
338106
336599
206767
378978
290914
386540
373638
443590
236803
322016
377096
361849
148196
249250
408854
302304
445019
296403
311221
388971
324972
246099
330072
314090
425685
248810
303307
292184
107421
187015
271497
117358
430776
179129
225006
445663
132288
435600
350890
413579
455991
377808
167967
446843
299786
346022
160502
146510
375392
453216
416500
340349
152111
270321
145244
269985
267734
396895
383322
142665
444657
296168
236933
430182
323028
308735
293916
442763
432638
125176
378606
194940
221791
434650
181638
218936
255602
217349
448121
164620
442728
329541
295375
184803
132280
248840
330013
343593
155542
181833
363203
302690
389632
198392
158852
350409
337046
377447
132718
209390
203537
389145
363814
107091
219232
305673
245678
190103
395983
221585
344582
448155
238711
287539
171858
441065
421809
392262
447861
219288
285685
304795
329202
396690
182551
225763
203757
275430
144918
112091
125143
211813
225963
401507
400876
327133
381115
378243
393704
238644
176016
396025
128829
230647
280984
374195
292441
370895
298193
375921
168895
421088
453217
194865
261444
417163
317102
351468
124928
446583
433524
361105
212787
165260
301362
337491
120389
337713
429360
194296
263965
284542
231271
236240
238406
366312
212286
296684
149821
423374
340880
263233
278562
118285
381394
385654
293743
125413
371411
401093
410831
437854
306236
316281
285531
107058
106950
228670
428953
266494
156712
273945
295518
428820
169744
407358
317595
149921
437869
118320
356988
284149
101998
358692
182160
338010
103728
421377
327248
444802
285960
339337
345343
434415
357410
335674
175679
371098
201046
228177
311554
135094
147827
210287
212196
201085
415351
331346
312603
434953
271139
447951
263725
236089
288604
299418
452170
262521
325457
407584
142085
398905
164628
296238
452429
374175
342752
219605
270830
132806
173901
321861
144097
391028
315483
312787
186886
384991
219532
181678
132293
203424
452776
302514
207808
290345
364967
417148
287489
316378
287437
309857
324013
108573
133290
270813
359414
104649
350260
212138
153616
448495
254863
309483
199632
278963
169980
257275
118776
403862
247445
292408
161262
422694
267358
313754
120711
341911
401812
295535
206913
266844
286644
139951
275789
106301
270409
206115
185449
453263
137705
178548
167338
275941
166876
413098
179387
249992
385058
302756
314567
418849
308022
168759
417236
203456
378793
344834
313873
119312
369431
394859
204341
205098
348636
336561
120892
391100
358463
119008
306558
106431
221099
173410
290018
386995
162378
274128
392952
161941
399103
341288
410556
149567
160369
156013
183687
134272
290971
151350
392830
317726
279540
452585
440736
283091
140618
444402
442145
445787
215270
135157
347618
133650
391436
338102
185506
156809
323246
392503
151879
299180
342959
162066
346025
232140
193356
236381
184811
381516
173951
326676
132730
322834
359453
106738
322066
258568
181712
402807
440698
250523
224470
112298
208906
312653
172051
434973
362453
241169
284190
122612
427469
249938
382072
344871
353897
174891
280352
321935
167417
204945
106321
190365
209038
353150
216256
330600
393908
107597
282553
409120
345002
403776
351716
215306
380171
368278
270477
434463
365796
173053
450147
363400
240261
165854
106638
203214
148037
433994
385373
160754
137706
261320
355001
140362
366610
293271
110160
127866
180499
274011
321222
186900
250213
212078
414152
209672
387530
213119
206237
390775
402289
221250
391313
422895
294678
361106
306439
261072
147245
270158
220985
153547
353607
225077
430036
357053
411281
396111
327094
252671
198071
360621
439585
116350
343983
319567
310552
356286
431332
280369
130600
201890
135758
173875
248233
147059
222087
103850
187583
199411
364254
348559
185200
176112
313997
122306
229475
430735
172752
190173
355881
422651
428648
446201
163777
385943
141341
286251
180514
445249
200014
410976
263214
100896
190298
106549
205229
434856
346368
388370
224776
359754
222331
440225
335721
108516
440944
427840
151622
199337
172316
176370
442729
188215
176484
398452
386556
451567
148845
113295
358117
252338
170458
149896
219479
360806
141014
419608
197403
169686
161893
140442
242030
176815
337500
452769
130720
127067
175049
320431
289902
258695
170993
191999
239378
392945
116636
396241
140812
253532
337352
200221
328197
432024
345787
171213
276922
184176
419489
230911
171473
108733
294745
151799
198946
297805
333218
107075
233524
399291
210849
270277
345862
198191
186876
401306
361185
441798
278398
248282
339043
358806
193011
142096
289330
376777
402831
317553
248765
147753
135330
186887
170877
247915
138065
261113
365011
388064
130400
247000
452440
220641
114420
254244
229174
282700
147173
297782
141885
403493
400282
277016
307978
113170
243994
316996
441121
265373
363031
426539
403717
325314
242939
156056
362422
454871
153843
139578
315614
171992
145548
129079
123033
345330
307953
338815
364004
344865
209363
105222
163300
292258
122753
267391
442314
142118
107949
392188
123524
321802
344045
303057
371030
146003
390358
139770
345106
233743
261152
396671
274151
154704
334976
391919
186969
156075
209442
406818
437294
188877
398988
369352
343904
367768
193525
325460
371072
161440
181516
283640
219576
162552
134422
203028
121866
251532
445592
361807
167950
294971
365944
243637
143224
142681
412396
329950
208574
283506
181419
221772
145480
162474
369277
127255
245360
165331
252921
288170
453718
314983
381706
454811
272069
121831
421126
340429
121481
347816
415270
404753
230958
131437
437721
207586
117442
119851
162873
402348
275521
321581
163971
358883
438890
400133
177759
390849
443748
411087
234873
450314
123100
343846
288186
106535
352969
329817
173199
412542
327588
190326
176677
395075
421122
370695
437364
351895
358418
394144
216987
198990
114096
363876
315498
205202
224332
446285
295749
126585
247030
281071
132001
255304
105378
128395
382347
418429
106969
401437
321170
275112
310699
378748
362456
267594
186364
299561
236231
228122
206618
347903
170891
398926
358064
240283
361559
162695
399788
296101
404935
440004
310254
399128
357950
151162
438182
452766
197732
158805
108071
124715
263980
169178
136392
318067
240446
159313
247454
311006
398795
134887
169139
419579
188625
289815
398763
337781
419356
177773
149735
332306
251959
246037
207392
280537
415456
439168
216983
410578
435468
289805
345947
286465
398078
439789
153969
416622
431437
288035
127938
272853
297315
243209
433695
401435
201956
294564
437572
452220
159109
114575
109783
414116
438563
362136
231957
219030
104043
236738
336052
117862
409044
104313
219117
259303
191947
373050
359042
348133
383210
229377
189293
262498
377629
426001
209554
418772
255105
379856
149908
125985
100200
165226
352541
105317
231449
151940
304463
129697
232822
174844
208782
117008
408032
194102
158997
314910
308204
405926
379043
219462
238839
263073
154589
347942
132407
303944
413455
208293
245870
169685
329751
378177
426480
344193
313018
180586
384767
332922
266392
190477
394056
185657
169594
439696
110142
250808
344416
379237
189683
435658
350498
376315
385565
352906
415702
404926
197517
163861
443034
444749
341660
245725
244865
166084
418114
293251
172161
183887
396478
261155
294084
179248
246406
154303
266954
138696
358561
299590
199210
101582
182968
454870
198400
244587
102537
383161
241127
126701
301302
183405
146647
341232
242044
372017
260282
454048
450263
242547
234962
180428
309130
186303
396585
365485
395905
159413
303929
415790
412322
376107
447691
161476
189702
344144
137556
403959
342310
379294
271456
272659
131802
195655
301293
151218
331458
109597
160942
108356
433832
140881
317585
353170
135795
238498
312346
145431
202700
160582
282790
398543
332078
323310
180900
280316
290611
220845
442205
438951
314779
333732
242292
445717
377792
200325
220769
132227
374480
369452
114902
342866
229514
102809
364866
129710
148142
125273
101825
267612
376593
331733
279893
249554
134898
154855
136767
433997
417902
443614
249789
168040
270288
441018
354078
156780
368920
351162
384578
178044
378664
169499
300165
441167
218036
207767
253276
231695
153755
443059
368547
382101
409023
441582
455737
240270
134792
426085
267634
385163
411324
435889
295497
131369
429153
136246
161727
243726
346659
448793
205675
428867
336796
217539
103670
259582
395295
438737
119458
450179
385064
391730
152056
102688
352804
327182
168221
119469
152260
344587
146872
132480
370860
371245
127872
447625
384097
250451
150703
355838
281886
334243
374194
192069
353191
325097
214332
250310
301047
315045
286200
165416
301874
214341
332585
307086
396338
396208
347341
129718
168172
327524
289916
333398
277351
432342
312237
279147
407548
215183
195968
352775
116764
160081
398194
331071
330345
191005
266082
172668
401391
163476
177193
143176
162049
356437
261630
385787
177853
324905
102364
343383
407998
186431
106062
373272
436293
140045
256563
232671
355188
371044
194766
290404
270965
454809
235436
169950
128635
213732
218694
359747
377628
406912
380546
214920
172638
322214
322837
298821
273609
213350
295317
437609
438693
195016
183008
199980
279738
116816
100114
233612
254134
121060
130231
222439
198588
227265
337376
305768
449276
186979
110624
396510
347394
320072
228085
439282
236800
227016
136557
173177
127666
250281
343907
227898
432847
280256
255330
300191
433192
131461
119480
152993
371070
223666
189154
283598
158214
302302
322615
239979
264294
114921
427785
284181
429038
146343
111053
108167
407486
107220
436809
106653
325855
365670
237761
124211
247500
305328
368305
368216
176143
334953
246799
343495
183828
293381
442398
415298
113598
416924
204276
404417
153184
225193
270107
282341
365583
297736
229563
371308
159271
345914
126413
211592
219660
454148
147287
217467
234063
433236
216185
364476
389121
277742
327443
394729
184884
449746
194899
438053
318606
280077
188219
267780
449127
374890
174994
143211
187132
345783
456118
152021
324076
296819
399442
294424
332246
415574
177169
268689
344576
142673
158011
168697
284281
252102
421215
319638
343947
130739
214807
248426
449675
204844
328047
119436
140256
288748
105689
232008
346109
449481
139931
329919
234067
209185
398930
175271
118985
225877
432376
163419
323564
137588
298212
431351
433912
390657
322839
257830
317790
279433
395641
447701
394389
286722
335558
255595
213138
267105
298875
195532
341812
337659
216192
176616
265141
237463
207859
337187
220838
144381
416185
294746
102638
206826
122510
410848
142192
346556
128329
400960
295385
405579
221448
237586
426784
245006
377865
295745
103866
146017
402849
233007
211574
250163
422307
338838
355731
233525
328306
242783
352724
227308
117234
425257
147805
227984
349804
449104
247300
444312
221341
257515
163972
369981
172906
409701
222391
280585
357611
100892
382953
111099
244800
400513
398385
295965
264991
150141
400697
335853
114701
158622
136072
133129
113347
348299
360432
377916
187805
343149
334794
259926
245646
118598
328245
416738
135687
226796
138944
367239
313167
389909
284732
287372
169210
409479
281970
410655
150397
190703
387269
304024
431208
228010
231259
381346
111100
113918
421850
263939
195513
132117
407265
186428
202212
256023
246932
289714
350573
165141
233437
102776
188256
118843
155066
353339
423229
416458
213594
192605
297661
400271
233050
315408
273041
194247
210421
230516
352242
289054
295222
350861
191903
368110
411375
373926
230066
328096
408412
434202
202614
232528
324046
346144
114973
124807
362433
288749
327218
428888
381237
100515
314868
302386
362044
375737
108301
349718
179094
395904
275881
434285
391779
112445
203284
115775
364973
421507
319007
229758
251683
426289
278686
219209
223976
175647
190839
260378
242558
441344
345245
339665
147800
437655
145446
337271
139188
207262
171013
349459
438452
301071
451400
137333
343329
367724
306959
108012
216553
448841
401313
167292
408586
244940
385933
372480
239537
443668
355664
322351
120813
291684
354124
416515
282939
100681
169263
251519
273707
307387
156855
306520
220009
429786
199792
277231
307853
271140
406035
335387
388424
217072
381138
394556
455352
128419
166334
304584
113817
182271
182231
255120
369442
408897
168631
128138
318395
349985
321387
262861
445511
108744
168427
344247
378837
154564
438297
175689
139823
241695
192080
193505
425707
340810
132866
164790
300897
425321
453098
288918
262742
451758
264433
419102
244373
368801
394390
319287
380694
120127
259567
348019
224959
288093
113716
227398
214160
452143
264832
419222
343043
321917
104579
194048
347683
440835
436586
196309
333446
441017
121900
211506
352608
173671
438378
269146
183200
261856
328414
415211
201693
118524
411075
368798
130609
292249
187997
437037
316480
208829
307640
168461
247100
248539
290688
214018
251164
291933
125862
401864
106662
146166
387239
407282
339581
201186
179423
104292
306143
151499
448056
134025
313994
259399
267986
295539
189988
218770
126364
422684
225515
209114
414013
392886
129715
377599
416570
150292
137986
421946
138332
290722
442503
168527
312554
446006
317935
393264
207615
192287
230578
171301
142949
108206
261389
344207
291133
430985
442765
390064
290749
455263
120549
178819
149027
422392
387776
115883
259080
151576
419747
181287
178604
202104
158627
238830
194550
119517
386314
369015
363808
131772
246268
136546
369301
363693
445412
300877
277553
397511
369868
368363
133544
203308
392411
383728
397289
155685
132541
205217
441663
454559
233495
364087
397027
368053
395490
138136
118792
152852
280075
129234
187922
181840
254107
272326
422564
196142
299182
318009
350237
157869
122981
395486
136874
178450
168972
435745
125676
240850
275792
364409
254934
430534
443330
414436
385352
448074
245019
345123
454536
216618
227105
239628
135935
193842
381621
441133
103903
357729
409308
303706
149411
322954
404075
217475
175255
337380
349331
155716
444845
349155
350252
333593
128040
196091
432946
269466
392819
384830
112643
233280
307958
214935
430163
202905
174635
400090
403652
290067
219255
238235
215009
313518
239803
272584
340673
216763
131081
330866
324216
143416
380163
386504
174352
409457
253043
341357
346555
335801
164688
436577
132075
235621
231286
341602
203256
238047
112963
435628
425170
314783
452745
227317
323843
168727
178543
333470
221674
127020
119402
113944
428631
216319
372462
284299
423513
337341
122016
448002
296099
300986
173886
149188
328804
322513
436398
300818
381361
450247
239218
225887
233258
343094
144267
116559
104364
328049
257445
368023
435769
130587
211143
260095
178302
424105
238305
148509
394443
194943
233394
360059
367775
189542
156513
308291
290162
116369
153104
290361
149756
224816
148689
300694
211272
438036
144352
275329
265922
336355
215299
417945
249642
403860
164402
342149
455230
176632
224414
448026
337287
308025
281004
391219
423326
364670
189307
178556
184402
414837
100238
292292
169082
271275
337874
125102
312704
140032
248319
226013
348294
188112
385692
400997
141928
110351
395151
112534
202448
133712
414048
268621
126530
250491
296399
360153
191626
416385
422649
343879
282861
207285
428558
296845
145845
137820
446059
353248
288572
275837
369445
307252
128143
221094
276875
161429
423956
435996
237705
340736
233906
365952
156456
114746
319161
148156
438917
172318
342071
296676
410762
360989
256298
197031
435901
398447
208242
144927
194198
265183
392108
150502
341202
451105
225115
250760
440667
223580
444879
399281
152108
398167
254071
104161
290363
319324
221667
255273
109787
236136
157549
414806
306636
120903
310129
145683
426155
207773
445696
296344
414131
361241
369523
421607
185516
190552
135989
403763
383314
253386
367039
393954
211619
164977
450901
244072
282522
143107
193563
118075
340275
205263
387061
155334
361112
152283
295555
143096
412291
354185
278880
391625
364554
141586
176093
189325
201762
345537
455361
177041
402481
340022
180152
238951
374821
430456
433282
174910
290607
129997
173104
212850
195608
322807
448496
385799
364132
366598
180498
188312
317760
207486
351894
399469
283507
438472
391656
431524
128371
106880
261349
286450
164757
200353
378736
226205
379092
156477
319017
121918
223323
224035
293921
416754
350418
402899
186970
194337
182547
338854
103405
170261
390325
439849
445336
360119
168187
355909
370222
108048
173759
328178
237935
133764
177256
153431
175556
171391
204013
276821
344720
321862
143880
399500
292824
189700
446920
266211
113590
248190
429457
145910
413238
113204
160529
266003
400048
274399
140557
351588
142550
250924
399809
349583
298550
192047
251427
218286
375240
204441
367281
352349
267574
242282
394179
291119
140981
268840
291862
428446
262127
223560
437407
353804
237213
444167
384340
189954
355366
394164
277039
256198
215689
331602
307755
124798
254533
374692
184705
309824
402430
155209
338728
161747
210573
354507
135279
435521
210974
348446
232635
280899
265483
302258
226941
388708
123914
408571
391055
107201
247226
284902
300178
339310
260109
187612
129288
229040
342648
181970
441526
170039
289729
291937
259737
324758
361604
112876
212812
196245
166553
223655
308300
358376
291201
454857
231143
374628
444383
185228
245821
220946
163886
423954
137388
162209
117657
423497
120239
404184
149807
439627
454851
176842
189128
198498
361677
347339
214847
241873
160455
339254
286055
297533
125885
342479
115289
314726
443945
123826
238021
106636
338186
207466
410598
203107
298557
140361
270322
243609
314378
236124
354069
454791
358021
153665
389861
365037
199832
187598
447487
297248
182401
352852
131868
357002
153939
108716
282571
450719
240555
191389
359551
127894
259684
455595
280698
237855
344736
417624
244261
169655
310960
170057
280579
209044
331184
449024
301647
180584
296465
230150
364448
415917
252708
226644
104225
231779
258434
248158
450382
437232
237897
251280
180785
202329
353173
301456
187704
428643
278674
453860
158106
229326
154950
160611
145900
350901
192934
349999
380852
189950
164080
298429
129413
186234
161721
425639
344127
131834
148161
266130
191591
337951
395786
192619
325781
221645
289967
109879
262775
123689
413555
198803
106538
317804
366832
313665
447783
356922
126073
411483
195649
400576
267057
338666
205787
298305
312681
163229
413131
105314
196032
306890
378172
115210
160014
391918
211924
222408
333605
133090
214618
373436
407411
300019
210500
438019
417622
160005
340113
411797
302337
379812
452046
355255
358262
296422
374977
282850
196294
392383
373492
272484
110838
405867
134123
190027
321639
288374
213071
140742
219480
104415
246862
154593
395407
410016
424087
377347
130282
373397
143841
160779
396942
342707
181915
337685
197669
196789
200360
117200
120079
367078
344331
436178
378441
142449
162751
327953
451772
347014
324354
333624
343994
248305
416714
453452
382369
114923
411869
284539
288368
449836
205028
322009
420424
277920
166390
428725
229166
148330
374505
248343
276190
434376
167261
421995
257831
330570
167658
351571
143465
111366
145805
205680
444139
431122
436147
407630
362979
285025
317008
299211
178100
114981
127771
311225
234007
286826
104079
429800
157470
148688
242364
291645
388489
195375
430833
315117
118356
396600
220342
408225
202301
302689
250975
426774
419687
373131
425521
351524
253006
438508
335741
429140
106553
430419
366893
326984
357797
217806
420828
208244
219054
109683
448666
311238
310492
269798
266234
331513
426822
178156
339757
309557
187045
438745
198188
354314
384012
266779
237040
369570
396535
400681
234596
375160
390312
442176
439596
323711
316938
133949
297991
384247
336932
201472
132739
368706
161565
396476
241483
355414
409567
213125
345676
233715
281686
412466
261549
379696
364893
369959
434646
407610
141199
159149
132534
322186
428300
158958
119673
268119
388785
344028
156504
363484
235352
134920
435995
133989
411884
398796
284086
178485
269846
348245
407813
358235
454342
242906
410421
312250
357460
215487
318386
205024
268892
130073
213637
401523
138727
305177
272184
235987
367487
286352
354066
367320
275780
249243
317078
447894
256516
126135
277155
349738
282949
297197
409596
423169
280281
337332
199416
397621
265737
365078
125092
112641
243563
211084
212095
361791
143515
438831
397626
364693
231325
258312
118887
188475
435728
198168
360632
315613
288388
206829
442873
132377
432651
262421
168942
250002
303440
339057
116932
357244
352562
345606
242349
323166
293390
147610
267750
426940
224736
207122
232327
322368
185680
445130
110405
309332
322142
180377
184710
449440
136516
152772
398395
184680
240306
137427
404889
307160
454391
253542
186547
242122
290876
138516
135395
254730
392154
355707
180464
391753
320174
419684
411920
448545
215460
331771
240029
176876
339796
437019
329724
118893
293222
340235
433103
260338
422166
454154
136198
384850
227755
219163
359928
148631
435103
133700
379587
259476
263898
115483
151204
225127
395797
289417
190625
108239
124513
240857
281383
161972
143005
436161
201463
166854
372061
131299
453277
375555
395512
274685
430429
150090
392382
300662
376051
138164
196609
380250
355020
116163
357335
102402
370365
188929
191986
223022
247729
136646
127410
214604
280146
319872
281057
343026
388839
252264
350637
243271
180603
253906
394356
336768
295084
354009
389979
175135
430614
311723
431746
372496
268903
140286
106028
352959
445429
100309
224424
175657
138159
131329
416485
110790
414429
131902
170834
449917
421878
158248
305594
241207
254422
105133
155038
168900
254833
327281
110109
235195
431361
322240
364123
272726
453274
232974
249131
135703
383011
311586
227143
165484
406661
385338
324641
162935
120225
277945
141886
313294
442776
340818
302728
328226
428613
436390
210458
143961
104769
194135
416926
200875
207323
422977
122926
327392
373233
251366
332544
332203
124953
232990
144112
439112
123684
452953
268451
200179
372818
341663
427253
365324
348938
343382
283829
268631
331434
444391
193644
389976
367499
323821
136949
372947
417978
137528
444190
107654
241077
223767
434427
453174
229781
241435
158919
232207
157723
402881
449413
135836
331328
369668
207411
400754
101719
160408
222836
386780
326172
440719
439951
364632
291881
139384
219132
244969
107031
338360
187204
242992
426116
307989
335019
323413
340121
338425
132391
195115
442670
149252
328987
450351
202841
332702
234912
425701
305783
134643
320567
241951
141459
276481
302266
284337
244540
434743
184668
325399
341256
204868
358232
189602
163555
121386
146136
389229
382159
282560
163150
237836
399129
364002
393861
343075
141418
213806
345429
398157
204050
163522
110538
118170
415828
206205
259470
296017
380136
149359
449326
304769
226212
158282
116194
449813
392542
348897
346711
134797
158258
345674
326473
449825
182827
382672
122343
336647
265868
213696
326089
300375
378906
388106
195362
291576
435544
116819
358451
251898
154791
362798
219895
434551
175719
196468
261118
348992
358471
189786
441693
356364
244607
319664
430009
295683
328818
437398
400353
398666
160676
268005
425695
399615
318326
259842
287635
183432
255639
232352
445259
291427
434561
348662
235500
345928
397660
403610
349711
372204
345528
359542
293281
351062
256584
138821
217496
271032
293321
343386
351601
413840
404395
276016
128895
310376
325363
357657
249962
318288
279809
405433
154869
295287
451668
409199
342192
193015
395099
333509
172226
221925
114649
386807
100365
392269
224492
157800
283686
178251
160266
233105
353388
410148
156059
243718
158419
126275
244519
292393
130069
360500
427014
130203
248114
109712
110476
272934
146308
130380
392902
421062
272299
172394
286815
404027
349618
405652
268277
195348
207400
126758
280668
299779
155642
287829
320755
237670
280634
433187
302516
385930
352545
389768
344265
261817
234766
443363
346203
374862
437526
135092
327829
142125
301382
167785
264967
364497
156392
426357
211042
323721
431210
116760
266208
284546
435145
307692
128601
409909
246635
227663
275454
104828
434003
283052
169657
335465
408140
228377
313987
392056
208934
139961
198741
237508
199577
334469
406567
271676
289556
420373
104380
139007
405753
135089
130054
403413
388807
145792
186749
337873
319869
199978
320370
302850
377915
367501
145064
452761
114427
438573
351013
195204
209379
182038
423923
445648
308221
326126
186764
123266
147420
313338
435387
247776
263302
268500
373693
285409
269035
368004
114351
216661
456005
245896
161622
413819
378544
413520
106947
174209
419212
226120
103295
411682
233650
437286
444214
393999
260822
332872
320822
349635
311212
321376
329612
148153
126141
357662
249798
335833
160633
119580
357403
453482
353808
402431
189717
234427
185463
247323
129582
328002
434532
397751
436140
344981
357133
152858
401869
324099
305631
152092
201505
152574
270283
340458
125703
384088
275145
208993
108635
430551
200110
301580
316092
449071
192267
278535
110303
385534
289537
186142
259669
236003
387252
196931
214013
316068
403217
425741
317822
187377
399656
265271
391223
392600
139432
217025
224824
200539
199084
359712
283670
200599
300960
116856
362483
350162
420720
136290
241609
212864
243705
161760
111458
363104
312087
179359
416786
179311
115695
293631
147360
173085
220455
328469
154906
425094
281912
303982
396034
334935
394319
338771
295729
129744
142781
235881
101011
200018
448836
428489
258010
392308
426183
367151
289248
251991
232135
208780
307526
217455
345006
195027
254043
242671
435634
397332
190785
447292
274850
276724
383463
372770
338089
190675
164174
360892
358991
267124
334084
316360
162558
357506
274583
375823
323120
315502
114155
300711
437082
427792
419635
434913
400265
260864
393657
395487
410271
198851
333485
356280
270240
189882
329019
451885
369505
221986
390980
144425
400913
315273
133830
454713
116808
174225
356961
315481
259882
348608
350460
407653
207755
300724
124153
428083
261768
281186
234905
364929
217609
246007
142414
309792
412931
433023
427976
288265
444530
355283
265073
438930
290135
175136
256965
126857
264635
338069
345551
416853
214649
215197
228193
437262
213941
325986
209031
436689
276451
323225
188658
348767
353065
316282
452419
204774
142444
238011
281720
316138
148344
250664
246375
221235
233430
390884
186659
217402
420564
226217
451065
397121
315215
276015
408938
430385
312531
391169
250317
371138
419377
389296
447125
423426
376557
447243
368701
167833
250992
264352
345807
138208
103357
272960
230434
361794
265848
267188
143513
183141
209793
361255
143315
418033
386006
391345
295493
125797
408449
353091
338190
184104
154614
351845
382498
358031
270689
444883
102992
373301
117727
182229
221917
413020
335544
130319
433075
228824
144248
188278
370162
363497
435762
193149
265276
295506
416713
299124
228549
159324
104115
237515
371659
288029
105022
209171
166835
360135
299097
105444
303621
408784
434345
147288
236940
289000
438385
247550
252110
347084
403129
279098
110561
340174
101162
237487
226739
424534
139893
240218
406378
357291
117713
404100
191108
362024
147273
232693
330847
449028
439142
273642
358365
200683
383769
367948
392142
379097
157835
117213
166511
349937
392804
271209
258374
188593
441086
103716
202308
372312
433936
159795
272198
409047
138775
187465
383540
401297
124791
292486
120844
365798
240394
329908
118438
315094
319997
160257
108550
305145
337450
313330
267902
206282
320323
428988
377267
205811
170934
303829
436405
206162
410958
434363
444019
419945
387230
263129
450121
315603
143288
298160
256589
369249
351586
221930
239434
284171
441724
434489
264142
236724
283663
389692
143179
244648
398214
374595
167472
302156
455587
376915
254618
175995
316824
383681
220295
139083
304939
282752
298044
156311
429615
359729
267100
163806
321967
315898
353126
321568
192958
425071
374366
291966
248478
376287
150751
171618
189708
333992
346016
151607
439066
173253
208060
183445
292066
327429
339906
265796
166324
117033
213325
428617
190472
388787
370112
257341
260813
239509
452692
401253
265063
113803
300964
165908
199500
247846
406835
140834
342249
253737
397871
408871
146398
126735
370049
369177
138053
145634
187140
225277
126760
430427
436744
246884
334661
326974
271397
139513
188132
374135
126324
368874
280115
260678
395372
325772
446685
276929
286474
350726
220475
124380
450047
251318
336138
250190
161405
119174
354717
423250
180997
136064
389437
401992
188059
317040
160969
445112
202835
140856
402779
199524
125623
445039
148297
401677
198537
174464
175463
271152
301165
150725
357350
107995
311956
432879
207836
420465
426536
406345
110039
133948
130989
429213
422863
297061
228762
210433
170254
439982
306136
184300
177807
245032
449987
372383
302634
204671
171548
312908
453245
212944
130890
109916
117986
317420
390842
226373
303934
249111
204444
169811
214963
231369
320598
370511
261866
415203
371639
200375
109059
147285
455945
436665
340350
231539
209398
312133
261108
448568
186036
343649
345842
330491
386646
312578
317010
160108
150842
318402
263234
295127
279797
449467
266221
429423
189265
363143
182300
259354
168578
324534
400679
318095
285563
202293
238095
385209
217622
197052
237803
450293
363205
199274
167653
322390
152708
216788
196890
358486
144392
189099
448614
281714
192822
406010
150195
454072
448880
377953
300466
311551
140678
424969
360491
202260
241393
215494
188391
401032
278585
276116
189200
253407
307363
248631
449516
197940
230321
267445
304078
353070
149244
308848
154787
295392
201537
419942
421788
193834
285153
221255
316864
306184
195067
155976
289337
185464
405051
202771
445348
311844
196536
406595
224017
111881
281466
228180
167164
399701
383658
275816
418430
210718
155984
418276
346731
120035
295407
324461
302704
217878
349351
176416
169150
433568
386048
370717
314008
158658
102857
340729
293662
351165
256037
327853
263051
249519
344314
179975
146075
449842
309148
440218
127707
327020
179896
216492
276506
368881
402742
161923
157072
370801
111766
451036
212599
435648
439541
219960
409393
122509
208632
273055
337732
424078
233230
454543
308555
342545
381598
248683
243324
272528
235746
185136
436936
327011
175262
364577
200435
137080
211637
429095
254416
124329
199747
286635
226813
112442
259823
419160
219211
251108
245432
357392
250333
401766
375751
158380
225287
405419
266043
196334
119032
260989
420407
294240
141391
291092
133667
216074
329182
390466
210354
262263
427409
448697
249172
395530
342357
409899
174175
308265
300026
342551
257306
396488
440918
201142
219277
234496
296904
332501
