275981
390124
174225
427936
307786
324711
385546
175837
398749
389265
210186
260281
390138
139261
334570
415068
412944
332158
199171
311650
307413
404880
288050
337216
101076
349309
270924
159133
340032
153056
389802
308284
225217
149623
319447
101251
149589
143770
225470
346487
227515
233521
319722
298958
404014
195481
247535
234551
406449
127380
315497
361920
453319
382764
440530
383991
139129
262406
287152
370903
282843
307868
382599
195707
305265
151461
322012
441198
268768
157502
298117
316124
156776
266597
205630
128564
263049
150725
297556
431021
106518
121275
115382
382432
187449
141521
279356
303799
250631
408868
295309
398532
255266
202076
316425
175792
428031
348244
187277
353994
104783
415136
358165
384261
444038
433894
189500
210214
376959
146706
103950
333099
193113
332313
309144
251225
423888
147682
175927
337225
308628
215416
384260
108206
327593
394358
404119
400699
216213
101608
128476
172085
446640
411548
204635
123544
125210
123003
148346
367022
112651
391722
447946
266514
136594
392472
223762
151407
412871
278906
190622
390060
253616
154728
383229
283031
269005
321105
338835
444909
158678
286099
212756
351334
219513
217416
204040
114817
254857
290993
202003
157431
233017
333300
220693
217498
433259
234810
429833
395113
140733
418682
146865
238741
205575
443540
450404
310849
114508
416416
428307
398672
130697
188077
273283
251791
352373
401684
179373
237699
396763
348270
414320
177940
158997
399960
237410
245086
330543
413822
435606
413528
142096
310133
441704
136133
421022
315249
346288
155163
394074
322783
451304
346380
106104
239594
401790
161211
387550
444289
118173
199794
105117
436954
244293
261474
447514
430069
263270
274988
427351
414287
202166
282224
454718
435828
411490
166777
230181
178556
106652
325835
176249
219855
454836
204427
172140
393767
194807
272125
254193
191415
384122
337306
248839
219927
449245
324909
218741
410610
164684
269411
214303
127655
343526
332690
240710
396150
256720
278057
222066
289636
263085
164737
333591
357346
289342
420961
386812
114365
212644
324476
434458
393913
454567
438432
108117
149414
362245
410519
294700
131291
354110
441934
423395
319231
303600
107970
182417
287420
351544
378080
233767
450058
402510
184535
384336
417145
239129
429058
330319
247808
438623
352383
149195
307803
328335
292854
369753
400628
378377
196786
163213
160509
344193
335960
153288
233641
282191
202071
210136
427674
171464
429183
428009
409718
368596
435370
233947
451113
184065
256520
396942
129749
166050
191136
199279
317053
344609
408216
390169
308118
388941
155341
430275
293928
223955
170469
255039
288409
151987
105420
373810
209319
380158
329072
181716
399789
125047
141219
105650
212539
294666
383670
429804
345688
120052
117591
432799
151771
358224
217327
217805
361198
208180
319383
403039
367393
252297
363338
287048
288729
362098
278204
122821
348852
383220
160033
428657
289841
409711
371367
142456
455314
411128
201876
103054
149703
302709
135686
438966
257666
377338
278241
369426
261059
278270
296437
161579
303185
297409
373883
120512
203173
210005
260328
315481
303691
358360
387226
341140
242116
421151
257788
342609
160830
298651
173086
123936
448726
325965
356466
176826
279593
386920
384162
152247
446893
412930
275529
318916
158477
437432
387386
128073
274624
197316
180240
153457
125645
167629
333637
243449
233334
268571
253188
121410
373610
253052
411935
284971
374651
148918
418546
130540
175683
303040
353421
413538
314511
389804
131099
382363
448281
371146
217306
201042
134315
384615
238276
265113
194676
402841
276287
264305
404352
425999
336072
294571
424795
358624
114417
449456
415270
239664
443034
108733
309039
419633
403264
207400
293421
139154
237428
198340
165963
249336
225564
229500
414997
243432
175062
405267
172745
232451
336972
230993
344526
431843
372413
194670
305516
194466
191408
415772
359529
113212
332407
129798
175841
114843
124059
289782
197639
251729
175973
349837
247437
239880
435993
434761
220798
403555
134206
118429
238460
258069
414932
395348
395204
319477
364150
145581
279797
410515
259989
452389
240374
442706
248123
387773
422583
414769
203420
325307
359278
218251
151740
410449
267536
345461
290996
289631
448578
441837
217045
258583
206259
234524
240373
231472
290509
401130
109918
230630
165015
313928
148678
420338
395928
143040
174279
278306
167532
362258
336703
217390
440379
351360
335185
104900
172689
293797
105640
207123
203398
110266
454298
291438
413072
194927
414259
162331
417465
101590
430855
320619
190355
367432
277773
375402
377522
287277
277907
113865
316846
296502
389758
300721
264609
218120
427712
437981
156949
434697
393725
131645
112930
135655
110658
451036
248059
290185
305102
115911
110150
105437
208839
158231
311446
289820
122012
100505
266927
246476
123246
309371
114707
218577
165014
121979
337378
138605
379642
380327
419019
271503
141276
105260
133487
416450
286753
213654
253301
277235
452066
283510
197371
239218
201312
338637
251995
321630
417800
418333
133530
258555
340423
414814
350858
382191
264683
165177
281183
449411
120553
154723
205636
411875
359881
327102
369389
312158
361267
284392
286276
385556
341888
237331
312708
156821
256761
449288
200913
135818
123653
276649
102839
185305
281983
381363
223983
121161
228897
400859
300709
164735
199901
262195
235351
343868
371286
353424
209389
443745
220151
232060
302704
334229
287286
124189
437436
206921
137108
454048
217105
250047
326256
186613
420783
368080
167142
264959
170125
221087
425127
377250
123462
269492
117777
156533
233756
318758
418694
342603
372106
431506
304199
407220
127804
443367
337787
160163
172665
136980
265375
172325
449073
105259
107742
272258
403844
231784
130608
396635
153874
306453
157557
165429
250277
245097
358182
155213
191112
102595
187892
197652
145897
205242
288645
255238
120242
125422
281454
284381
425038
101803
379705
360700
167350
185921
245495
153978
422579
115093
259781
316381
413436
454506
428160
164792
246831
103381
139576
399126
147293
290189
285207
179340
213330
142891
420576
223825
139745
199401
447213
295465
183306
374541
149625
250967
136207
115675
185990
237438
345737
346569
278731
366938
273771
277478
312452
325042
217462
427616
455370
239681
196584
124955
409130
366046
380237
343223
416745
170303
147744
247172
386921
132538
388736
308996
218240
454812
233231
441445
261254
223421
113801
134695
406687
247457
412818
118105
206653
323299
313480
217081
157238
258209
106051
245337
438865
422276
225054
265810
410998
212431
215184
135250
154263
339119
113073
283738
170364
342676
247094
356073
408943
144059
313057
436481
219427
132258
320787
128936
380265
396870
325132
390197
133157
440776
233208
134419
247491
346780
298797
313757
142997
185119
311374
299656
311234
407513
441199
156011
139551
276209
380359
176955
271300
104964
106139
436710
301937
134541
233537
112202
246066
126860
340813
390413
277031
334590
122991
301687
316670
347233
361172
285617
442827
130397
344691
286196
244521
174676
237730
314607
100301
100472
273041
325811
266219
133152
235732
146624
424163
333337
230877
251377
366326
272580
359016
362109
124102
284943
293609
247204
125780
228905
419407
322892
427308
292714
431155
349500
167984
139550
437727
153359
403313
142090
302439
285045
130405
172089
244771
320098
253660
187497
187849
417353
117360
335464
373821
337690
295068
381857
393270
424414
440240
426942
445710
361358
441863
400553
288737
205720
140933
240986
211610
141202
116499
328692
178286
304357
415589
194024
194352
344881
170297
142480
240780
405604
247411
366665
166499
208783
225172
264641
342692
359279
337352
107220
133194
285222
360841
420650
155432
123856
183634
449816
408060
281535
133115
124013
133584
287712
268770
332914
172915
386227
313966
317667
258888
419299
206671
428341
407171
430199
223092
113688
151793
303156
176982
176001
208345
452334
390712
112026
272463
411449
341908
162608
124086
156348
195404
365088
322077
217742
306045
336346
221512
212997
128950
277276
131028
279833
342607
170346
328168
217767
160620
214420
181895
374781
347626
143365
298596
158186
157742
429624
444044
167788
137585
325049
228997
186134
256848
434677
410570
396341
282988
162469
201471
288022
409135
304920
429996
289419
402045
201331
226974
289581
115426
121524
249721
151770
450855
368719
276851
204033
386119
321315
405454
167733
433001
293857
399900
104228
190447
268295
309066
374080
242912
176049
426578
393049
300439
140632
147289
302516
311462
105912
422006
442232
371989
186458
327999
110641
212030
421650
393612
177912
338430
249653
129552
348494
321333
268229
263053
326914
195672
150564
266220
391919
114197
309458
406930
170062
393046
302636
398304
242131
129988
382377
152965
110322
381798
119010
285944
173828
449366
214664
180923
315953
140102
114363
110939
343255
186234
223546
254349
366678
181293
193875
287688
261224
386709
311655
201041
332246
248000
334924
155004
441142
119132
401810
387068
306509
162256
166270
235430
286091
258191
188025
248238
343347
261105
269111
371253
246980
348980
249965
406322
186846
365406
208201
101559
269298
254112
384645
170871
244985
354400
447099
292546
307195
327929
431942
164902
261598
178357
443774
418756
324533
193200
390654
214024
183061
335161
206062
269071
121609
207022
198707
258001
193951
110065
159246
339901
361623
294910
214394
322211
366859
372105
274617
273976
449811
356817
111728
160770
308259
114927
450273
244558
268323
270923
267634
152540
451495
211857
171532
196793
226498
220591
418103
448577
188775
188379
247355
321597
353391
322271
147598
356522
407348
328060
164614
134371
294564
216729
294914
258936
125081
316503
376712
187704
204609
139113
100713
345993
160833
387177
161480
207069
111628
147363
378715
189173
123740
425359
264816
418440
370896
257351
153993
400323
209938
358452
230962
342188
321576
382910
353871
453105
287539
374007
430530
322545
429178
287248
308563
198770
180191
383718
236611
365216
349068
121550
160457
304838
449372
214146
392313
126941
412278
454420
349557
190067
230765
247349
134898
410739
419622
260736
415789
315539
394711
426791
267053
421396
139054
254603
446419
411664
221970
156971
114702
403596
427225
103739
239953
253320
373654
123297
345086
218572
281061
367267
370818
184578
115533
113895
153944
211942
180655
129260
429262
139548
202326
175314
386407
145136
210803
215577
394411
250695
307156
363838
320138
233727
327566
199188
287470
349682
227686
430840
333519
215302
395570
201563
395376
349867
235954
407848
129046
211530
325145
111124
398327
348921
389407
448085
234274
223083
130745
350261
163513
255085
293019
260718
128982
209667
321026
280295
391252
142403
293242
307026
223543
171104
249604
350343
371892
324525
343204
418060
125737
428858
320603
233676
198093
237913
115486
312805
133871
221076
299118
346337
290829
417363
334809
215073
262332
416763
454467
188514
305912
134867
191811
107533
415662
209917
246753
315474
212810
426281
198797
147789
343604
219143
213890
307501
142646
402907
105632
247618
374667
177000
301088
297343
200658
441645
397550
425925
243767
121819
219356
247176
389309
295083
247686
247331
237670
275522
329632
429688
170270
212029
416213
401727
239552
361648
201002
329150
107162
273609
115292
321254
391574
310699
350897
102915
225951
254119
338295
396734
412158
357191
371602
200958
412999
250543
136825
118972
112135
234759
229861
178379
437650
367735
308595
184113
396315
349106
383396
209196
341699
102020
148720
150566
335803
405378
381217
372919
208706
295538
338545
309771
116692
224517
122151
360385
378443
322515
374954
207045
252816
108361
106819
159576
441839
264428
260726
183096
165402
129928
143384
292361
368710
275365
211109
297884
230772
335300
416369
100646
102039
139484
156959
255000
128817
434992
256679
137795
365731
370650
443779
184086
370137
285012
275064
296692
358081
405594
221968
273326
169489
388634
435951
454518
335221
404163
259059
267096
384245
351787
218504
120532
123014
170771
356054
368329
171806
429922
148286
250937
145446
331998
353383
249568
338478
249389
176935
182378
301475
292083
122666
244766
164745
126427
250157
443087
134259
391217
390102
232505
175518
191126
433337
389858
402698
162981
440071
178997
364977
426885
278615
172775
236142
108636
343462
216642
339946
335883
201280
253916
359257
439463
293596
390431
313068
248263
138329
287232
133259
170121
273966
357538
303401
113230
316588
166337
347370
309383
288837
262273
162567
433557
216273
138182
207796
324422
425828
255599
120756
341573
287021
377162
256692
115394
326058
188031
343305
157971
211222
186087
191822
229247
370104
129703
222151
222447
269401
287777
341840
245890
122100
134759
327944
284978
321091
115960
288744
413879
324926
143920
247642
440263
218762
418855
320051
279112
434944
322399
304427
237558
106563
269574
127331
328996
261658
139234
247100
141123
132901
265500
450994
338119
275516
337456
160246
296190
433172
113900
172330
440812
314624
108458
335424
399922
369403
417764
329161
425674
388650
355069
159355
406284
308571
290018
382346
265513
450217
367252
279273
421175
163498
379637
331072
376285
271983
268581
432413
183770
296643
343293
106922
223100
294873
338002
391100
397590
334965
229933
153729
329751
188976
224006
219019
201374
232242
179778
453245
216371
294979
294304
321320
169226
331298
383683
300805
160943
146483
150393
361830
347179
318512
141816
207288
320804
209262
333645
134266
379461
274075
400475
282182
182935
397009
298240
262326
386158
298064
234586
222988
323392
286758
119434
359031
151257
234564
433929
303388
395870
142072
129226
286777
171989
137372
203086
449712
169033
183495
219553
153389
275626
412771
266452
382894
253461
196559
166825
456055
398986
346234
263113
282023
234845
417031
358903
285088
297942
302568
202295
364099
136177
325684
376129
110366
447414
355886
174992
295999
186633
191846
131220
426062
127267
317676
402248
189475
312443
218336
144633
399482
230638
165616
294627
176932
327127
133356
285418
211257
180435
306113
271298
351551
280043
285444
221248
199386
304692
117130
335542
104041
337239
239257
451925
213254
409943
306667
307741
239856
175861
246707
260702
421031
291246
269872
192145
234649
400399
233885
185179
262902
399336
217879
147409
378975
390727
404693
196608
377580
117809
227406
320644
318048
314290
451819
428883
124278
378621
149002
438070
254197
237822
378216
128348
124147
316455
223145
126369
257156
329048
183740
324452
427304
347945
118683
161166
413571
332137
196409
314865
145056
304076
254439
455530
448248
356656
393445
313616
106246
374535
386014
420309
226804
183546
311384
442363
382409
165548
390803
118787
261891
305073
366721
263107
192822
288274
420840
448855
347372
251191
256435
234105
342245
284711
130274
259238
221737
101532
268727
222546
321900
441542
206067
389031
318001
213139
226931
184671
342140
349718
237425
358468
193604
193958
308131
255367
309102
414808
427696
157508
213436
365021
208865
306958
154136
258204
207244
331522
265556
180528
106508
422824
113104
266084
440717
102886
226753
294677
242578
197742
180053
408375
286231
173139
407447
208863
383834
381309
434809
431150
191474
244697
108833
198698
292296
449976
111431
118126
376419
447886
436167
153324
396256
176264
134283
222786
411457
434463
363559
154530
119955
163372
154960
432245
342487
386862
384054
380697
216897
220625
288676
265031
435957
221061
214164
435288
345618
234691
245981
364056
167620
156690
346268
429264
301846
199000
447501
370603
432736
347317
309909
416415
352979
321389
305482
134665
237742
272778
174470
160777
245153
269088
435158
432015
283818
428559
403623
363023
174648
415426
150885
445906
161438
345877
150828
135981
405652
362696
382854
222148
433013
388775
301359
212421
260312
305017
318861
406165
291500
179355
362969
383150
366325
135114
114418
428447
204221
420762
425641
172180
331331
144452
316501
322623
378152
237757
208568
200980
199842
139465
153211
228980
188706
264725
278689
348800
143833
305802
299338
443762
178546
275327
281755
427460
332718
384473
116000
363150
236755
138212
279244
410159
261080
193062
407139
167564
320188
427356
311739
363123
288477
456092
425273
261170
171843
221410
378147
373969
448640
125947
440034
133127
443543
279627
151277
167598
435852
240326
431874
289476
443603
314880
453441
388112
198255
203881
427488
204190
263337
355932
390111
188530
123068
216493
286401
346055
340281
393362
221102
309908
218535
441864
429884
202525
322275
214689
258788
269814
332357
355245
136067
413421
371964
212812
356603
356452
227792
356809
180809
272877
320473
242639
276779
290186
434329
256209
135808
320712
260232
176473
346018
257941
316087
369687
198072
273504
328382
136074
329729
219285
268844
155416
100286
410673
337070
217888
129641
201476
141726
455611
412277
451106
282626
349463
304924
287770
163421
290659
357859
131882
372264
251380
419234
270823
203517
260223
397311
360902
293257
451526
143159
281473
413285
377524
161373
138266
447724
422732
381487
131244
132084
391775
137120
202386
120941
296846
293189
320713
138509
266770
192758
210163
258596
447508
162171
284582
117549
289688
352663
134304
138829
413139
269124
177197
299445
284769
272552
439538
118445
277924
386244
314026
289042
239283
179433
344914
193205
455338
273737
131097
394763
184906
280968
245408
197217
383131
303987
239108
257371
228935
171751
206782
269167
107888
195642
254373
287382
138288
358166
154160
191870
169027
330149
166204
247665
273917
158478
263805
422535
135689
354618
115898
337432
378359
107328
138691
233042
372083
335655
114784
264937
169388
212068
233731
210125
298369
215522
196626
169035
145716
383463
174299
280201
268248
392653
389365
187222
370736
277230
370314
284349
392748
220799
365933
252013
215748
444616
429236
158131
297378
455445
446722
235419
305808
221299
238516
421644
387441
380195
351545
449890
121444
298543
256528
373935
316510
112918
265861
321894
341693
193308
345536
385618
165866
430857
262759
303572
347839
404735
254732
206879
141661
351449
335633
190080
121813
264291
376876
366224
147203
144255
115934
309150
277495
142718
306849
208108
249966
226522
191297
243811
233266
264408
187414
275379
389014
368527
264580
225719
343617
332737
394630
314478
282587
416352
114305
348080
180084
110741
307458
410866
430154
261722
344056
131872
284665
435782
209257
171316
370034
411400
423253
146930
398680
406762
217731
263934
427552
163327
374544
214847
229959
454712
158335
173054
110187
399691
449767
321888
108245
385063
183920
369533
347959
207585
414817
206298
133964
187182
284202
310169
140392
369928
189020
279041
403391
133968
429176
171448
325478
263066
113293
409182
391965
172127
126932
419342
170220
244593
377857
180219
169657
121739
345444
444353
251697
150386
215865
238559
295856
137289
321846
455068
413218
364524
252913
449584
318118
216535
145200
154584
383952
444695
233488
272136
437096
204793
296797
307349
350241
270442
172625
217813
325468
416733
194092
226770
201511
452934
258379
266248
347427
410654
185999
198935
162825
408955
376807
228281
418844
445208
239435
424994
290482
397601
304960
215833
162027
143408
167809
435966
164204
305098
218480
406528
267048
244664
376276
191146
249263
254678
351163
388719
289600
151959
455091
386957
349119
269188
319281
337023
421613
100963
349750
170472
198638
154253
105921
302299
115223
243090
284036
187196
416943
129781
291694
418553
415289
379754
169419
449522
400220
391345
411840
424510
100628
367657
352546
283272
259945
352963
175419
385288
166456
305441
139891
286304
374020
411356
225574
161497
368821
102392
422075
220193
145603
159621
345191
203621
118506
197221
111571
242027
118722
111043
214163
236270
144808
423298
336449
346961
130956
407897
354357
293889
385809
204947
211005
323814
215442
404350
147475
427981
243660
334436
324209
161865
400513
400907
104868
249709
343761
323929
319888
337220
364165
297412
267972
204663
149776
428514
129603
310072
238059
277607
325474
203951
167074
175695
121679
280080
417387
245832
319571
343362
233771
325321
247576
321862
218545
446212
286203
139157
222460
254417
198531
178823
302949
272382
365235
168327
106723
228382
394331
121179
116347
285118
224209
386428
229138
371830
171946
326318
227216
227310
154426
313360
276133
320120
201138
241819
123394
290014
229156
193346
128814
375775
180623
341011
200743
255811
299789
158702
170365
435860
102532
173692
110331
309647
255547
453647
367450
376891
137086
288400
429049
427242
402412
403443
168061
220101
156260
203657
184052
383618
269856
441292
104429
401710
289722
188124
129936
273933
235218
151321
343395
188910
252639
293483
100486
244578
272226
353969
396658
171473
376153
112900
162507
450979
202161
253034
312931
419197
324948
112892
210500
249511
277298
398052
425910
182680
317916
404636
374620
453002
204613
308982
263689
114963
330210
433642
400748
421533
102514
330344
430028
435544
155185
204989
440124
221866
404467
115372
398225
334137
251856
428893
180113
266876
212006
401023
269619
286843
455772
387931
307342
338238
151935
438940
369024
180071
207145
294488
288944
240787
393569
133135
206791
453987
428058
104852
422809
427291
412832
229593
308808
145052
335576
338165
243311
143519
127048
280188
102526
451207
385600
456140
294581
373064
296327
289947
214916
414556
250542
147111
120751
198961
174086
214874
178709
329805
342046
421126
280543
261422
292978
238033
172257
289195
398612
160645
154249
344469
212563
350201
265745
443323
272292
222657
240349
187084
305911
384268
179771
245236
302112
204113
172148
300116
349492
430947
277428
261618
435673
276480
287300
442986
422975
436459
444518
113853
432570
323241
238891
196706
156660
339290
251446
421665
409466
236124
272586
117213
453609
302572
200747
131876
203322
225263
323498
315409
190449
398271
136892
201487
113813
228094
314770
291635
364211
274288
298297
148757
229513
246556
278125
254134
277289
355357
151772
349267
380691
230670
284536
223674
281103
153478
200069
203556
211917
193328
347933
358227
348111
205707
285570
129814
325996
247186
150457
360605
202745
344475
444813
294669
442142
298554
217912
412760
270035
225992
191634
160497
251997
199223
455814
317620
162373
350918
190436
224059
412895
433809
451638
398300
156138
334144
292751
212465
360854
378536
193329
133433
261555
164550
267974
168666
417180
157599
257247
152216
424532
428873
213359
186540
223811
191251
273839
137311
442752
224786
441633
437846
441819
270793
350153
210398
104739
453139
411644
238768
162311
243676
284556
441821
161327
139243
444726
319769
224942
107339
236817
228237
253892
294215
195104
380971
368746
266587
331107
162064
158739
261657
271035
157753
278009
242038
231373
299174
275085
235468
306499
420737
433979
174989
201430
276737
324851
139519
298589
101195
367586
213497
199647
215012
347941
443977
433232
340618
115040
203209
450570
328698
276656
376371
104267
249088
431553
199623
193990
156779
185440
425792
436425
177172
124496
444503
148528
207576
228886
189868
278123
233099
310833
427675
248031
348330
162675
152294
449798
350793
265275
206530
306918
209955
426814
217100
445128
159330
449854
126080
268441
323851
247827
433994
350645
372990
331754
111285
289595
300329
265873
373882
310462
185535
344239
348424
347731
184974
116211
311042
319225
367421
116630
409347
265903
175410
295825
146007
356749
273067
315586
322238
210245
253818
295397
449125
452808
115976
179009
153402
375957
176614
182584
250757
134870
409881
269859
307257
378820
265293
275625
181920
287505
279138
125690
451001
441534
249120
196822
215616
128533
455477
338858
290207
221097
288504
229088
437859
192906
388404
181894
159942
185094
194885
263457
135508
236807
394505
287411
320212
115288
433468
398401
270332
235547
271063
186231
347523
378450
456037
379929
187424
249433
329480
451093
174771
310508
297654
170429
131434
361587
298407
115103
238115
330790
246211
359614
354782
227867
364733
263311
145850
265516
408570
420977
446333
139016
165858
277615
411475
343272
225230
370469
131453
202149
187144
181051
434825
232798
100217
170740
431733
134333
381936
313467
344341
213670
124354
329511
446929
248828
378197
454666
327402
218708
259381
361692
357419
326955
399685
108518
197401
299380
382582
278308
278206
445819
371996
445963
117371
296631
230078
231871
260235
213282
345003
406908
121869
302654
338995
296638
150035
178198
258752
393320
257529
157791
288989
390978
436368
287914
143236
359151
267903
135542
182778
326032
340573
312102
290486
151794
325695
215415
322625
220065
211689
275282
169129
233045
296511
145096
176054
210575
260323
413021
149356
187048
119443
139614
212365
105444
185061
437667
353378
183189
407142
177252
369463
349681
381575
202196
303898
445599
133526
275795
326139
397220
161142
300848
404521
430244
222836
100047
324883
387857
150833
320934
259474
139531
454455
377480
256700
249404
360565
247252
180496
227426
103559
159492
243846
355856
445303
342972
200764
239166
295471
198635
430494
337270
188396
439967
376888
166090
134522
204841
184884
287659
246020
384094
166497
109511
346817
150647
316422
106521
375160
301092
376885
253094
238774
207493
122986
216417
440129
396296
366870
356890
239965
396119
100936
252500
246341
133886
207183
306236
345837
108182
331720
150403
419679
151109
285829
160868
438010
116840
270074
234934
136450
278143
201539
240618
419094
364363
165544
253296
100540
317795
292265
129255
189365
351473
351209
399580
246216
250897
106553
299469
334673
417055
265021
288605
205144
445894
288878
283465
235292
361046
386597
336867
337373
284904
445136
302310
184273
248799
372937
406856
127381
265237
221317
257026
406073
195474
190961
307536
240556
348305
124108
276556
263388
316219
165459
143750
427395
173267
449384
177774
377076
260005
237806
276834
338533
361761
108707
415425
163314
189329
170054
325115
179462
454591
422956
135621
103845
266987
378745
140834
324161
381896
358146
137905
210857
343364
156484
318039
241082
302901
335242
103994
294824
334593
107020
310987
407115
152249
149185
270749
289736
191689
106971
147780
309387
256724
406983
426508
138149
374657
258915
390008
213128
254747
163857
287009
186428
382212
282964
110175
135560
438986
329721
282846
132232
326038
172897
330717
204549
307513
338992
452888
424677
309145
191928
444793
196654
207214
195310
195281
273935
269802
192994
211755
348477
288916
245453
304806
388781
420246
269894
242105
307152
386941
427025
222318
228091
325139
184124
102809
260976
344797
333005
273730
272996
120848
265622
236007
312059
131517
239750
148990
374036
451985
309138
144470
104970
283431
277843
315201
312035
130627
134561
440622
370252
110571
244233
315238
263418
281487
140667
347068
174847
139863
184973
376907
181125
337724
326952
355309
225740
251044
166975
223304
328596
385795
358005
207802
258878
219958
324469
325366
295366
109417
248122
148287
153877
437804
354211
405223
428069
287568
217164
437267
263313
272165
334001
360514
189069
444462
359075
285084
262035
138791
411884
215591
204710
427744
144924
314445
207639
340510
143158
209928
389369
449722
409997
417008
428451
439998
237929
447247
117357
310498
437129
436414
357594
202264
450975
291687
110540
297670
154343
310760
236257
388226
454509
279277
265060
419881
134061
361633
305107
164080
361973
430372
118433
438386
195431
247835
147706
441618
299741
429040
182360
188268
298670
364607
285152
184983
152399
397042
160073
238446
284753
388966
170823
373301
141924
180179
255231
134982
157388
313842
356755
417112
364525
124953
187263
288054
344639
398906
338851
337618
337516
451663
387278
407221
292579
271062
146396
423527
205867
354770
361227
146766
155754
140568
118513
309482
286009
378523
216830
404913
298982
146517
170952
302624
100282
206719
174707
146985
285926
182152
381665
374127
121375
158227
288445
316885
340898
203757
185495
261547
212992
422773
216742
125061
285019
419983
216377
297974
427034
121487
440847
339178
344782
102791
320246
122952
272348
290750
134859
278665
431832
160889
330093
357994
130815
170634
123245
261135
401154
306513
333294
126151
143591
155831
315395
287753
415369
272548
208609
391132
338437
118971
133451
340552
117386
425850
185236
331607
107979
307503
323064
319879
396535
380539
259355
244251
139540
341315
160209
120193
363786
147724
304510
145197
384083
432000
184703
379809
140841
414051
300083
439706
193952
213445
318746
182713
182682
100971
295517
379449
201055
318202
166624
271097
319591
105930
195403
237169
218089
343506
257404
429721
357561
226886
420989
342133
412727
140088
298648
153600
172407
379003
210462
336690
170909
295532
201520
420051
355076
117111
129207
233940
450541
227896
249512
426432
268987
195154
362500
155476
188800
287179
400933
170191
451308
114941
228072
151979
103913
104847
147692
169096
306421
273419
238993
418525
177388
195420
366786
300927
164517
178280
296752
256376
388399
122789
398009
166399
344338
416705
101073
438627
233008
270463
324166
241749
346642
386451
448870
282019
135416
349680
315780
420420
176381
387805
261717
310701
437990
394896
117115
391041
332452
324241
363261
117459
452761
393797
217459
392794
443642
352030
273158
146879
327345
195668
342489
363817
121504
450665
290687
192086
175487
192255
177422
429894
330574
284532
300947
119165
318905
114915
179669
154993
377864
336272
325696
239312
339191
152315
350595
151593
383951
432350
103313
224492
272804
189566
191558
260916
131465
158019
276573
146332
148334
338408
285835
356678
423866
289277
291492
195308
345244
184938
190036
251741
269422
286065
144162
109612
185482
145194
276046
260059
331233
446959
260925
116003
272568
449378
102656
211615
171387
407207
179805
342938
258242
106830
409521
259729
342105
371461
386074
250953
207685
353917
448739
361695
108513
449351
376714
154000
291555
359433
283795
304022
249491
265230
215051
171157
264290
167493
260496
149462
404886
312878
339929
378686
113245
130952
252485
156113
323798
141598
200835
453364
230269
339303
189768
334416
421593
284505
265615
187940
412205
190256
292201
179720
236001
317558
367745
256354
419122
315259
158251
381596
106067
407556
441399
361834
239017
270555
403953
157359
177050
443862
340512
139571
241028
192314
271619
212755
143626
414318
232537
331979
316237
350696
338017
450069
159599
237906
259796
162096
126511
414753
116181
313712
322122
422874
413381
329746
154790
389817
324861
255841
284313
330436
233913
205454
276937
172619
280005
400683
304113
177317
166924
218564
278158
428648
373717
427255
280626
454986
413786
207021
155241
260794
166880
359948
123166
357392
351206
338216
366825
350815
210109
267897
287087
112609
126805
142316
226793
249299
201523
454725
260180
385897
140336
311388
238649
209026
241854
427549
165474
233937
361367
338257
353760
127091
138094
240755
436265
452303
284328
255850
305969
119576
247684
152900
450389
413763
126135
170248
222958
292565
294413
390582
370667
236504
375492
174799
146322
361747
172610
111037
321481
405527
366707
179108
173358
225523
242823
193337
236882
193657
450741
373954
177838
210668
310185
426243
320859
293956
420470
294425
175065
307700
128101
379154
328084
297400
349933
193755
201190
452415
402145
217284
390923
227066
103810
300941
306793
254309
443149
341752
286188
185986
115330
299969
325547
443358
434003
248518
209135
129735
438226
325096
416952
306517
393313
180121
344888
399396
343540
433720
197504
120911
341929
121667
420741
355924
119613
373917
102734
357714
154031
288795
434308
285164
344646
184889
436335
304367
391460
311753
454388
144844
426394
314110
362912
210364
124141
236433
305327
222813
368061
317187
451360
420749
196479
216918
288988
165542
422354
199927
264872
152149
321109
367151
263469
140177
139140
179090
240247
205942
111805
453981
103518
230967
196803
360868
211388
171489
170053
322104
428076
128369
211385
400847
317769
147136
373033
203538
232247
284284
367724
430693
387063
362120
400067
232740
428053
397926
122915
152870
225579
445582
130560
315265
172859
192714
352474
427774
411494
306684
310272
340585
338848
390451
251318
391793
415059
145488
296303
168649
123315
213869
167444
238860
217979
155722
290742
231715
451693
438136
322828
243761
450094
348121
246263
173279
304370
432170
399886
111751
199981
153515
123523
347758
277169
318097
289024
321724
224301
234998
327847
174251
354831
449544
278517
414589
120001
386718
224944
348515
207645
194456
432379
241260
165290
145567
441130
140883
225401
148650
112893
414510
113476
142165
254085
288312
413728
168715
187390
187128
178386
354724
202418
455894
206559
190451
342061
305317
348820
382234
380374
119926
427599
277889
411589
118298
122781
355242
217518
406769
369730
143745
381101
395112
391438
248459
241043
445751
375673
393210
273226
376942
166053
237577
198584
380852
259803
374300
334645
217344
443946
226757
293167
182647
255407
362410
291317
286245
340497
279294
444311
166503
151493
231905
443892
133508
224218
265401
311051
307825
226707
380027
174170
416007
289911
143177
361875
144994
166460
322588
412297
430228
171676
140502
111212
321756
262498
374922
217208
326770
281286
456186
190433
123665
102581
352432
190100
115124
188869
356896
285984
398802
409740
394641
265018
127256
436529
202505
420906
316359
263630
176831
296328
395287
156846
413674
417170
406830
209557
161798
127747
266603
172135
114471
374621
203708
314042
402313
443559
447667
422102
255026
154255
411143
436696
186629
357521
252647
357086
312299
116257
384589
109860
229005
421945
136091
136232
391730
392052
354200
443322
449726
389254
315863
279930
290516
272657
252058
325642
456184
307531
259333
373228
347704
226670
307467
162836
175569
340124
147703
108768
228788
354695
136422
342187
389255
157582
401308
244940
214843
106455
234085
268840
157646
142482
192365
115596
385044
315376
268552
388971
165719
433045
259694
231057
374327
441560
306282
266741
167498
216287
267366
306061
239961
268235
281747
315012
344200
359393
170021
127024
193973
258808
148810
445607
452343
380875
112828
208099
366847
311641
320280
355139
372590
231188
138656
114779
407592
440081
207090
208284
289713
444030
243183
152155
289428
220736
407685
223251
294220
290743
239978
350345
242183
409909
313112
416281
406957
243120
127823
244030
357366
293954
267334
116288
289468
422448
415917
141400
276630
356945
138059
352047
215401
262100
177278
246937
209385
354552
230304
138583
314971
353218
356392
404730
211087
219288
368669
184561
212071
251328
159656
155200
319028
141955
181866
284453
217733
453307
357922
441555
304539
260615
266994
158554
166636
238007
387894
437346
289806
128877
383772
145168
332584
111455
138375
432274
273210
261057
244626
348607
450986
423958
331109
377591
218936
189791
447368
214919
189052
218056
418503
220236
401892
270535
254964
393673
290573
240015
156528
429585
167377
236989
313907
252684
100458
305943
170096
222062
292774
169992
316159
220762
271903
172756
295729
179459
309300
188686
106516
161694
226284
453497
265921
405210
350927
302886
160085
101163
453523
399586
205006
180665
352680
113424
182143
263700
238265
417337
175942
334272
358613
448222
367568
368105
315217
102438
119479
398431
254630
345842
279133
166367
228989
272109
315544
146102
180658
119915
399978
296650
261158
401781
260839
305568
265686
344611
321408
131699
186288
122628
371740
334437
231868
140855
169731
350411
450054
228145
232889
291919
321266
236175
119959
291244
238852
270193
368556
185925
400486
100192
226858
399630
244300
212928
181451
149786
158097
423620
291825
271563
232802
393432
429902
200015
145562
248842
158568
262353
177171
192304
417486
303039
298403
413718
140138
280872
427915
193495
149194
426614
102419
395254
322119
354431
323708
303659
326099
381906
228435
126944
447307
433250
332624
171426
140220
244777
365736
124908
311239
436783
432035
121371
154532
415740
196511
110885
435684
422214
318788
423229
124709
125119
210268
344843
290561
185977
295128
430286
130300
179349
132451
247197
330397
280103
331804
277247
414675
438439
207126
203045
401135
344709
410177
344311
436965
267278
239304
201131
133958
126625
126051
225515
126789
141652
215134
313967
305075
166669
423072
245749
129754
165267
434022
162255
337291
355765
380818
295808
449458
143327
108793
162749
224634
431216
160845
307743
124117
102472
428892
374629
217664
450863
253171
151840
377246
204868
213726
224201
406807
337701
370821
292658
326408
256627
346974
447773
453210
376761
143199
368406
337816
253120
448216
427734
320596
220461
450496
106912
289306
259046
319293
285166
185567
215557
204089
367524
397467
437473
379840
328537
253406
128290
123065
401834
304273
156459
238857
338079
377454
282951
140652
335093
277535
254521
295204
418297
188966
141765
262919
402587
312372
337649
126130
196692
243522
112561
181094
343934
195693
216492
111872
366814
297815
302740
398303
395738
373457
140467
269173
279122
358751
208177
141464
353987
295982
424794
387000
302607
282856
408242
298712
396943
147460
232158
266532
378321
227904
197621
339088
217405
299916
258495
304962
130085
237659
342858
423142
316553
335563
438622
114516
209702
258646
118068
184189
252681
213187
442273
429727
252896
305852
296838
392442
334216
185524
127477
378743
280035
355334
326741
435476
420421
384602
255618
381528
406239
241099
120069
239758
110823
258228
147624
279649
275430
309460
234807
234561
332281
111734
278631
125086
413250
371292
237238
402623
438639
378789
447778
360497
143906
260753
125987
454207
258907
450486
311850
201893
407593
107861
225751
428939
120882
296331
309166
145703
130376
290543
228662
128558
410415
170798
138172
364819
213017
139029
242096
365732
291988
404939
358833
252532
210442
307976
106664
325561
450163
442097
158156
101945
231197
383020
295766
442802
160484
296307
312432
200169
112207
395320
165856
234185
133812
128974
390863
125812
295315
199675
256576
413453
366350
389003
243373
407085
274920
315859
303638
281604
409019
337129
295767
429283
225219
334863
147228
393989
379139
203352
202322
351478
281781
372157
443319
236502
194148
158566
152655
444800
178664
284498
224314
206588
186271
281856
178755
147233
153566
313268
273321
283375
166312
223395
347580
213864
450146
415105
267375
398105
197869
399405
243832
366730
248387
271661
291574
145239
413883
275381
168483
133755
350069
168051
376864
408535
151127
237596
138972
249183
445370
106734
323130
233720
377197
106555
214996
157619
272216
189154
344674
202094
420424
451899
106579
410625
404189
174276
449311
321939
195133
305063
342282
313296
165531
290592
381565
122023
233060
207188
317445
119598
431870
173516
200288
159274
327481
445137
303723
220500
390961
409053
227222
454785
411989
409316
191569
387661
186459
163644
263017
406294
364599
381816
390383
137860
326134
109823
203668
329953
198064
282669
221341
189437
117992
355056
239437
129885
337321
406837
300627
456047
265440
334816
256411
131400
396189
348618
141613
276258
311076
350406
236311
400562
329869
206243
307737
292804
370765
103166
393915
404386
196330
235829
372363
291351
323483
238154
233459
339687
442063
410028
438365
301815
300156
224894
408340
333243
402778
128358
368512
413041
139339
312293
330404
142194
386036
251545
311794
177958
249107
216590
434492
392281
121324
201759
441765
371122
270962
264562
147841
189290
126845
300770
408324
121620
422689
154236
415961
226545
135108
145564
183460
366353
275063
405284
157720
387070
143404
126105
399237
145163
196267
375527
365669
229973
403567
300663
272942
341741
432071
129110
366126
118741
258864
339271
382520
253256
287267
237099
303166
302232
382853
133789
126330
258526
295493
145150
111643
101979
227081
390362
410732
366391
106741
157259
119103
306675
389449
204723
356357
325246
215688
293285
246246
313454
448242
228432
139386
445033
405173
453581
256847
314456
193219
171856
325788
399880
425933
130569
439864
219655
186768
443609
113531
414509
401734
166637
383336
307064
312872
332891
267816
219437
159823
188063
274084
416247
145193
341490
413331
152615
351695
443269
346616
373450
397608
437855
252704
221358
255960
188316
432147
170593
223277
358993
296774
369327
281837
452680
441669
430139
394951
194601
427566
326339
126005
385769
432754
201405
217235
409490
361502
249207
144457
204502
337435
264665
323593
210417
406866
397680
317553
341999
111493
187619
278466
150803
194181
125174
190796
432964
401556
377924
148870
449329
292518
388438
203709
236381
427327
328724
317124
105284
378395
245151
125006
374545
106451
308064
110031
232402
153963
107872
263716
127212
375153
401893
131640
334668
247413
167927
355318
342354
284396
203866
278213
328776
324396
332581
350811
336640
374172
191455
147186
412954
344277
367529
403329
290469
346776
151477
197089
381403
296746
405704
124568
214765
336307
219020
348917
162485
208019
118868
157315
403499
348579
154802
323336
304316
273561
378856
142834
216431
201205
204382
322195
377653
170945
385017
267641
329194
250006
332578
319413
154281
156598
329372
130902
324780
354413
454894
171013
153130
422895
214016
266403
160556
337998
355526
270239
289483
343804
424618
267427
135568
403226
251514
419729
243585
217279
131288
408123
215544
172596
227964
183894
218935
159204
398808
196599
250317
307557
426380
397702
159381
305751
260890
308441
102795
225169
118937
336970
389293
114093
173794
152979
423044
182632
152467
350016
130593
137024
286810
299643
328921
266538
371865
140854
295912
224225
185222
423301
382188
359454
385720
384034
455885
434928
237072
161058
376529
148441
402817
148941
315250
399522
346675
143169
426912
158748
306815
123692
230908
145729
123141
280194
436105
221649
290390
261120
161426
314632
137817
240185
394878
388976
281524
274859
257159
392166
149693
302708
290009
270223
182300
111029
281866
371601
105506
182882
206947
253687
419315
197456
357265
352848
268586
225291
188341
194873
340684
404759
172120
373368
301579
264427
377148
282028
354417
360805
206960
147547
115325
185112
320883
414898
339692
300244
245152
141694
121561
149606
355555
434719
281273
336488
350181
406074
456254
338448
223797
266746
116121
250599
369589
380843
443151
428619
261689
219503
353609
197996
208274
358915
354755
313491
180840
224318
327738
286970
331173
144517
144793
247503
364789
204807
366580
446965
201132
223278
333208
356131
165295
289466
292050
129769
254774
146638
260503
197151
345199
295023
145401
277655
156443
122005
275871
142418
439637
117596
408538
389040
354008
419396
315070
134973
302407
105889
374049
322571
255069
326473
415044
372729
163425
250159
238734
384023
201913
138861
251077
355518
345388
416815
372920
220551
222995
299164
177290
129614
158556
199773
228689
160918
284562
153614
456142
156876
214790
190395
248779
294325
138714
301527
188445
386011
391109
426176
441434
336200
254527
412955
450318
206162
432800
164456
315157
383502
286391
363475
262875
227682
440077
362350
450048
371492
250039
166143
376895
116308
454875
197094
252365
307019
456000
409849
383638
225389
141242
176360
189242
240550
172345
260383
125094
113044
232343
153422
254839
310744
119865
455299
228587
247963
104781
338440
294608
414746
439000
217186
102334
229722
340131
336844
289089
180199
364083
445783
391656
190885
116669
390267
307121
194736
341021
251601
160486
170828
394795
108355
334519
170879
142523
378016
311096
325029
422172
109906
304288
370284
111435
183744
251927
140943
236099
375517
178144
299529
341689
209975
413079
344872
248425
423173
413129
438289
385443
234071
426709
314510
284625
380669
117173
358473
266127
314616
244080
366996
248167
159848
136901
265220
271613
107718
446578
108851
423264
442633
114940
240097
442496
345801
173921
277406
105711
165187
367018
187099
255314
347805
158974
112813
240843
305590
157037
213154
335247
440403
412450
164398
372223
313988
399879
374244
210604
319985
347040
417210
161429
133618
315044
332194
275885
326244
218230
276158
187624
392679
453712
335057
347914
233402
224397
345954
324522
344766
251564
146371
168956
131755
347298
154682
195316
430873
310523
188464
198918
193201
129730
284078
401611
351093
139420
394909
275510
186189
261212
219869
342302
157190
341073
106294
281826
291143
356292
154554
420720
177359
352966
378814
268401
165034
443224
105688
258176
446881
450857
444057
355414
184353
357123
362764
171609
176984
313476
279278
175603
225318
191632
253045
115565
446236
205408
269132
411609
292963
230583
137150
445267
167842
391687
379923
103390
416512
380753
127950
380544
438956
218302
204787
299810
198559
181518
317278
279226
115994
417074
374397
381973
219049
265296
119455
135814
306826
167780
412697
359082
227039
142499
187112
384506
177269
174876
248227
265638
395439
132186
393972
250330
325003
164397
383955
326302
337280
144897
206885
345284
340359
392896
105453
313383
410793
120435
302234
206777
221473
440655
296602
308331
211756
369923
434197
230601
151997
269360
291026
227489
219429
330955
182858
404491
406041
287273
378515
178992
110082
254687
245702
369010
264583
290197
135705
253874
428134
424939
397567
361427
353377
361102
420682
287220
296258
175570
394594
455629
398610
147814
255716
339598
177021
147251
383505
102834
337316
100635
310734
189351
391289
304617
155817
249607
230541
109096
351754
327880
365333
205290
324876
319368
202036
370771
131607
269179
395592
395310
336324
188159
139922
294170
161219
307920
432601
180691
274187
102053
448348
240892
295450
316689
374246
390995
297997
235845
426309
119100
371551
326714
319564
159938
421265
314720
163696
242471
346280
160392
198140
101420
243177
356042
126690
419870
235770
249903
153078
352765
117901
316773
155107
345668
116252
179187
295945
183935
229924
217840
349165
280431
145216
266254
324207
242085
119073
347160
455103
211899
440174
223299
334820
146430
130618
367026
375572
321212
194142
310676
213425
132227
314837
284980
424981
208054
400737
137126
182172
318076
421019
332004
294931
378602
354425
126675
434136
357214
347050
195179
274903
239745
313821
392090
333107
147861
306205
446899
223689
380969
139324
344692
371187
148010
253948
324061
336490
283439
107251
385428
418095
350299
150260
117605
430276
282360
404258
265799
171581
250639
322547
225615
105169
179521
450992
412970
265864
336076
109688
130334
389764
253575
278736
159502
334432
124878
137369
249272
405390
248080
392086
415192
278295
298156
289460
173607
397170
277762
445406
226256
436077
192710
313526
305268
132571
290709
229345
226580
271611
204864
304885
338699
145237
228820
415025
205685
223380
305454
222030
109436
204520
177653
323529
226200
111090
443001
109432
330704
181832
299556
155044
355711
432049
339469
176909
424529
186026
334020
228484
195686
251456
169368
241315
145501
236596
399154
204134
347984
248718
223426
172851
135610
107408
235294
170422
312196
216047
401618
141591
364590
265262
366139
377071
258547
117161
300335
231446
104947
157681
130234
166904
403656
108686
243973
331213
355453
120852
110918
293866
384921
344076
338237
376749
445707
337014
258419
269366
114231
210896
297059
218229
374384
106096
435392
202545
339789
410590
409790
260989
453757
331047
113470
307185
349640
362222
364427
360543
223990
137784
317285
259817
348561
141285
322086
228085
320025
150526
253490
369352
283659
241555
392312
160183
380369
278413
197624
313697
171763
396457
221611
366686
275018
346844
406056
242891
350540
310407
150719
206357
108201
365809
145673
449172
309621
305781
277513
422703
178014
440549
333933
422915
188211
387119
453612
319824
231166
451137
119603
429733
165909
252247
396586
176762
269570
172171
201473
127834
190421
399767
199481
448352
118014
106130
193379
278119
270110
318231
428345
253174
293680
298505
180013
165003
391677
214399
104407
101138
166085
129917
364013
346685
425794
231479
335327
380201
364295
215263
384355
402838
451177
205817
173905
349384
383485
435033
185193
194397
393161
390619
228205
243052
240741
149353
337703
422321
173022
158489
394417
449331
139509
426345
142869
223731
151835
343977
164342
364939
393413
199082
260347
406351
357353
257710
407301
210988
322106
322593
316762
348835
221808
443882
331835
221975
320007
294911
350996
346938
353333
436431
382976
283775
181979
448646
264788
166695
139530
107512
383592
277187
321062
197887
324348
230118
233114
238834
208906
454888
114505
314407
121462
331855
265865
345147
287807
173540
351203
212857
235181
271700
296884
106505
227337
174632
380821
375656
281605
397858
305834
296553
108051
234119
302928
211494
418183
181713
210690
191989
260032
383886
386058
411403
145809
109083
152500
297753
289161
418023
151433
418722
309358
190240
221953
198521
263078
363028
454937
240952
347641
173233
382556
315438
111479
141195
332280
208125
156207
143441
363661
101865
372910
288718
315922
439715
398472
450740
417577
328374
372581
419800
347090
111086
143829
303001
241129
165504
243495
340593
440866
343456
428135
296014
272725
373834
337252
357414
122232
150037
448867
177741
135001
455566
362786
182221
405800
290101
329971
201186
241579
356342
136530
103310
318042
410218
396897
183973
187488
212119
276658
233585
254307
179764
136049
192621
102624
361891
415575
413873
325198
274889
425491
365506
309919
335651
448636
449869
432290
190584
357409
182507
156822
414583
100636
447282
343461
126590
359340
273581
293244
422926
265804
188613
346007
187135
113054
377002
105925
379561
135729
381659
175848
423697
234842
453340
158023
240388
193901
376463
272840
405629
164285
193950
421559
383097
436076
368327
412536
180249
404646
130315
435494
381563
358307
358753
325943
383884
152586
404271
402179
188867
422863
215744
368852
160240
275714
422320
372593
428456
278293
395026
199376
352239
161138
282186
228518
431270
254169
348587
395154
195797
262808
114926
169466
295891
346465
292378
211782
324569
358127
101859
326081
257536
370661
212924
362902
342717
144198
395313
286118
323456
309602
115890
306761
135907
300422
223323
414069
338390
307370
243188
245346
261334
274151
408229
162985
375375
172819
212041
201102
146508
111502
171710
386873
430448
335135
241897
331553
449031
239409
135247
251005
207861
299068
266537
253909
159345
382176
329628
264576
387950
203385
432680
388980
418431
371485
242812
262262
418255
307149
177399
252741
353541
429815
300190
414901
341718
313206
370351
191926
440161
144302
202319
291631
243087
278666
145612
447289
402430
385436
108035
238340
440214
117082
428952
450605
429819
138576
205145
406505
131323
251742
123801
365019
340694
438680
201371
306550
391267
416946
306500
265330
363800
198464
443443
203801
237718
353545
435102
351554
201599
366877
230823
208714
184619
227147
164325
290491
163833
222027
151160
287044
387320
189101
151671
211677
393903
294353
311593
249498
226033
154273
348532
233624
264640
217242
374333
412258
385034
142672
222864
289363
241546
311694
313945
247838
434017
179655
373604
355067
175546
306732
369515
166725
231441
314058
404484
224603
445959
228959
134902
106710
206536
254906
143439
120575
166527
399118
403474
332692
210299
290224
248679
317021
165617
434115
417646
126183
158059
234585
174790
287649
191274
183276
153210
438540
176175
410525
284354
382531
397049
280159
221226
303444
349985
283744
232780
237554
251207
318192
165088
282140
239709
206839
116240
341684
226430
201297
340478
365925
141548
252890
110165
359163
221631
338379
194133
334616
424176
127307
343757
199395
395240
273479
325823
441905
160211
248803
374506
214429
349181
435541
336532
451989
231828
114533
154805
330033
359286
291312
236619
408595
242055
274133
330633
122330
147445
202709
416643
136920
239280
443743
128126
132578
358928
275240
397395
168395
190913
358957
345395
453685
224821
172676
150471
301498
239692
164025
319694
223322
268966
350386
245375
262314
108241
155668
270563
266085
372461
140475
267065
185203
417728
409893
439398
357962
195689
380745
105144
291729
166735
389447
370637
317160
339253
334166
173822
147725
180285
440609
197130
258451
373526
130400
361283
273263
184939
130787
138258
313813
154774
187127
139612
218444
361434
232418
156512
229604
112871
243227
218254
102515
189973
430262
153592
389114
199549
450958
365094
179754
282008
211506
290372
324474
175526
231401
430485
119826
238156
214803
304414
443154
336334
223502
434015
325432
410721
249195
201283
184849
363569
299336
135819
108094
272193
130279
196589
299340
354876
154118
384399
163967
355446
376588
386127
245461
224336
100014
446884
375908
160975
268858
183183
123672
404617
276690
379773
362078
161333
382828
171330
195517
294089
454383
375309
151034
249486
328245
295883
312243
202535
141900
117529
343142
176106
178591
319230
184891
256592
166865
419467
410349
435645
237830
152868
345887
213188
319171
235504
316108
181831
105211
242306
282977
124694
347141
109586
212646
136527
191830
257908
283638
341202
262618
447143
173273
428713
293641
160761
117914
370816
187810
351911
112665
399060
312422
233237
243698
193294
167026
163491
231349
131415
423090
267426
170993
450255
283751
331259
213914
248361
445937
233039
184796
373770
450824
190011
398863
314109
219304
176903
116903
115449
101291
131814
268782
190806
360187
246690
168315
437001
407951
310088
229964
401880
269630
234884
133686
237623
381332
289880
163376
274342
141556
263610
372003
401446
192990
293656
244438
293481
355926
125186
208964
400675
135240
394378
423350
133179
222823
261099
144785
313034
369758
411582
424037
354269
209878
260682
199297
162564
109066
364863
310723
244455
299971
294958
138235
118786
217339
360923
427300
266860
401457
445782
203308
317613
194981
323355
137538
313535
152099
421487
210827
414738
436243
140539
128567
399008
256098
301159
437653
216669
426077
227530
280902
250714
309541
160175
171852
390379
171259
445818
122212
118484
218084
429159
174656
126222
415573
241308
242688
337726
285866
306639
340526
225599
421401
424131
249899
380492
229857
173379
148700
180136
221807
430933
371810
235392
221285
345169
414796
401557
347714
283270
381417
361328
360875
348433
437008
273208
388040
255537
387838
179861
298241
163867
263838
136630
329516
341679
216498
198601
404715
249267
110868
403851
193154
249939
216385
218520
382678
127938
359321
184411
346691
139581
321272
192566
194311
249799
132037
302832
212497
411821
198982
151784
130606
187768
322721
160413
354193
122473
359652
317454
354871
108721
127428
180532
231538
374231
110575
338576
359059
268981
428737
378664
206986
184037
115011
150417
406327
409572
235555
206431
336446
235365
428001
286240
132678
251502
268908
298332
434636
275213
189589
344206
318515
318753
243566
233987
272410
127916
237363
190850
172597
184920
305521
169089
111231
217194
368240
335816
107943
181601
260975
375252
402848
142984
183671
233116
179671
315601
261027
138047
414669
191173
152400
353162
176205
367031
444823
391925
419211
129967
388261
382688
382267
372517
388301
267376
398665
453459
174844
154765
302349
176195
266200
224234
357880
178899
166430
136131
175502
171332
148073
453058
286291
311752
408307
112890
356149
104905
263916
320063
152423
194496
357479
333259
315357
211414
366663
117117
303772
347367
159028
400281
244492
137487
366050
224900
383052
436820
334036
200932
253963
298606
129051
338363
291258
288915
292862
252487
360519
378652
343341
132873
368466
251641
155695
188465
355748
134029
338814
203206
427913
408316
164177
396491
246893
355018
200963
277888
356493
183827
447362
399606
447047
340084
235513
311430
367804
266560
335214
410482
104748
380180
196595
124999
254414
322834
160431
435292
321331
365647
391964
239362
433211
222835
243825
145265
146558
179532
238697
314229
448792
255688
310774
190672
373590
409964
436139
137666
116255
189125
215773
388813
100796
309961
351640
271717
401724
305168
121042
163600
411707
444414
163763
134472
120550
259820
298384
201396
190371
270790
289214
392357
442533
100624
356774
296226
238812
227190
165223
438755
153179
353063
318341
379648
311284
440690
417745
341723
210092
191185
139384
414283
283578
202837
372909
153812
150033
282288
364581
176582
324953
146877
189387
218541
352466
311461
293553
394794
284137
140609
285194
397430
117868
189311
274569
222033
159261
361590
444232
214190
210915
174377
273462
328760
151645
227214
310527
199403
355459
102891
115352
322650
113184
114710
128893
333998
388749
277819
115216
149543
282601
116834
336193
184299
409189
305602
355400
308272
167107
309224
111054
364672
414420
294676
262032
428831
357849
359472
345264
216559
150832
134232
263318
264020
341393
192560
345456
453724
316900
441330
240757
334921
163885
143974
345614
324990
204842
102135
145616
156751
334702
279163
381077
263927
119273
353594
264662
144445
123920
270033
438585
412695
410936
262461
164630
223777
317538
204316
245594
120128
250338
291838
283823
210266
266575
266940
308961
195998
306241
359617
416863
279438
387312
361242
305222
255836
238385
454310
119674
309995
243570
373919
443190
173765
130585
252202
246954
429845
135267
176305
282241
435897
175950
304010
309796
381912
273979
414943
375910
130852
153909
402583
152408
346097
115730
173278
317849
181169
428872
155387
362645
365344
420015
145445
451754
382895
301737
310349
238740
243564
273184
271985
315492
290894
375236
255243
290815
327743
300895
238579
414342
224920
153861
239005
208758
292420
231528
401124
337229
268176
131516
189164
366920
222407
244587
265244
165614
117693
345919
312017
151121
277216
246860
350291
187992
257552
108229
399504
197497
422263
148615
145923
375271
332755
381950
328774
271466
350166
322909
138905
443287
317748
374900
142275
429904
455666
248003
194522
451583
360673
209243
118850
300118
288457
124969
335811
279099
323341
197439
205572
440563
199132
254043
187487
275672
216993
252955
322755
176311
161288
232788
181700
439147
108603
207300
433781
272939
216500
216842
149553
288197
318606
263393
301990
173428
233073
116267
309785
400816
333527
216200
226133
106052
395666
281631
419988
120147
305548
163418
342806
426165
452169
233168
108536
140008
363837
356860
372549
268931
188451
296861
297671
426201
375323
268450
272449
135261
235374
143120
398950
441748
142126
101815
311354
363126
376136
325087
187266
347654
238447
333431
395739
244236
412709
155281
158195
350934
111161
355272
168795
136516
120967
167541
306412
128159
115599
296356
250727
377534
122802
123598
290444
425754
389883
412040
253480
428570
283331
350379
134477
106146
114312
114891
363914
223362
150676
377907
376861
262323
225979
413957
283695
428548
419046
362801
329371
233571
205282
331146
363489
180551
333409
168633
406384
357674
166817
280408
374305
332058
335049
364833
330135
343161
127911
175093
162575
112317
425915
316652
228560
256306
396096
283470
352632
294659
333536
276588
380528
191165
134246
227102
399788
145537
421911
450101
323028
125593
235163
387983
356146
243630
409692
278962
364546
358996
438972
147885
237205
425452
405733
218377
417522
269185
333867
134219
254172
141844
132311
287011
166435
189439
345522
279234
118477
436638
331251
443229
147484
105845
167762
365875
283530
220086
403639
281084
405540
356247
372058
284177
420021
448179
308364
191547
320006
167270
140709
353266
229717
409288
143925
414170
288426
278264
445103
422851
195485
130142
407160
195030
139298
324638
366073
314428
338450
382525
299601
290241
287937
215932
318389
204833
418923
206139
299227
344878
349594
137196
205356
304788
313158
438928
380960
440108
344756
149697
384496
180842
380793
302188
383984
206055
262212
281815
442183
145004
386322
350850
403177
138184
433049
393345
262102
197622
407223
194744
278789
390892
447010
175222
440097
320433
267177
437577
227935
326434
440488
272198
208367
379966
380794
293386
129263
241540
377352
421154
155427
304034
256749
384031
251291
364239
437794
141140
255750
445844
126471
191053
380771
391810
384113
267745
405766
456215
164092
207038
114416
165297
341792
377923
414920
245937
441844
288195
429892
434737
184406
308578
369734
284377
353637
122800
266217
360713
292833
373851
307145
430680
290347
125938
165384
260134
365129
431594
147562
171545
300746
407571
299375
181193
171752
111871
415271
226748
400275
226371
358052
321211
236047
276099
179891
168944
277766
415215
329186
449369
272437
344607
250457
167027
181276
131786
126062
444299
288434
402805
273666
379327
144327
430897
451861
404851
290999
222510
410527
152195
448315
359739
257162
456232
324566
272456
113033
312217
287511
125902
187687
415925
337426
112088
355362
169563
240143
232385
348483
222032
104210
421459
387797
375630
442604
266810
289181
125636
436084
134243
252360
354092
440246
109523
257670
146923
411325
255436
379177
127574
257814
339095
168510
293094
359543
229541
332836
203226
395330
202570
278500
407657
234517
160047
452581
412859
206088
388142
242377
169526
304116
391477
207816
227865
328438
324805
318017
293323
132542
390188
372260
260258
167242
287316
370885
129083
197480
175254
228611
127045
408948
412148
394303
396260
382581
430794
159487
217989
164407
414545
184111
173676
324989
247847
409048
455550
139255
379397
144290
401564
314209
362155
109119
411054
239520
377812
455330
140316
191867
285121
288642
377278
431283
350888
434210
113303
306818
337906
289677
197184
326136
128333
127861
444218
200986
255400
267197
147560
131711
362633
421631
200537
388989
279211
127339
306750
273742
207413
396618
374809
385913
274291
325999
245231
205939
370049
110084
211101
251880
328799
214308
186006
179388
107025
185731
172658
271987
114903
258324
202205
316347
310037
393170
332224
312507
325867
137916
450651
104895
296587
219754
202389
304217
239071
245460
273873
267664
441238
157922
183327
376699
399082
380903
303822
100649
204410
425350
253179
405295
267145
365059
122831
212752
403813
303289
163402
147667
163766
355596
420152
329228
227638
280094
231025
111583
112440
429808
233328
186178
138755
299982
329230
176968
161521
147612
356786
250082
156992
377989
182804
393104
171368
440647
108855
146695
272360
418761
119373
128419
108648
293720
108287
332933
258781
438478
133565
321644
374335
111379
108714
315023
104215
419370
159076
263998
370734
452280
133399
232690
209180
440816
141825
171106
124360
299992
249714
124889
146726
254450
228784
207235
391728
421006
176944
381892
234142
262591
402827
297462
206234
245282
190874
409279
372385
270330
164913
407865
279989
221291
374367
395135
353559
413173
352291
338948
181008
223027
155523
290271
443123
206787
124567
328258
397114
289635
103148
384961
248399
138604
209889
202540
145636
321407
223387
130378
254564
111472
441710
372536
411806
336297
255481
381860
397158
446467
255264
356759
349587
236847
228573
195455
455415
130221
410750
256270
369090
200795
143261
257048
401250
440169
357768
126504
203588
122950
145035
235867
140932
297639
448939
125260
258564
196205
107673
121530
383368
177333
331419
214064
384453
394429
282430
452048
285578
137989
106064
228953
317415
313193
276716
331795
140818
134378
269466
334219
343859
216484
337351
195452
256515
271765
238006
184872
282786
168787
192500
253563
415824
108210
109556
132166
292495
441216
270933
174309
183000
232577
305992
149300
345181
433071
243592
179899
335510
357662
286071
106722
201798
438142
144206
223799
338829
175720
373950
306755
261347
375020
193491
264888
273300
203651
342287
181065
396164
276388
270780
238848
144655
151181
301372
300336
321594
221641
349551
392282
354894
302549
168397
292639
295692
355132
372340
214428
444862
420267
208244
334575
358423
362913
362267
171095
367260
326178
101871
212056
293784
349116
430285
370410
108909
214607
121938
338102
437714
201832
229598
118726
251469
434125
223207
427329
232713
396808
141786
279637
318204
278351
419415
323116
214348
447264
107093
183597
347237
354059
125956
236994
452993
364491
305605
127773
418167
268219
129238
341959
442022
322463
161311
436136
173871
296333
247482
184958
155381
438097
254350
443454
221745
431127
442428
412819
198735
106022
443389
230088
389351
374785
399923
370740
109275
134435
256629
257538
165594
225939
110712
450007
350373
130355
321220
259473
117674
256630
364302
240379
208993
423523
280494
245311
435404
439577
323186
232840
296403
161564
300088
245083
381887
390809
443874
300654
414636
134768
396947
359339
273299
116516
205946
368380
385000
166302
128929
260376
122253
322072
288101
111300
211618
231315
149760
391790
289132
159027
325861
208237
210501
321629
281242
157274
208023
443421
218380
295844
205783
383283
181251
220793
430520
173832
374655
369643
369062
316367
422867
153343
230507
209662
202878
438759
414216
251634
158853
449088
137092
146981
277890
426759
374908
390991
419358
249292
123050
119141
382160
237276
372640
313738
417224
391489
386206
270357
234533
139912
337511
238400
391405
265033
242903
379151
193928
444003
293708
130352
284829
268752
375984
305122
326765
272713
450721
147355
380809
310855
449813
356661
401291
373016
352594
358568
200859
191606
266201
144502
220376
248863
160243
222812
190952
130813
176204
440205
111159
185615
143931
341467
380404
394299
431753
327804
332772
109711
440107
154817
452032
160795
391620
365232
325926
321172
412320
183075
152010
408373
124966
225955
385960
444050
228702
111868
114671
405520
336834
150905
111382
378172
133494
134026
441628
444855
378657
340755
218038
453420
195650
272690
386066
455237
442853
160709
138003
230719
121017
218034
437738
447499
403898
277954
438024
262738
315457
427719
447049
186864
214198
420033
341242
343192
100049
292427
347167
454239
367992
111129
149497
200259
454352
250386
256508
125556
200733
109827
137654
162545
115431
441021
228010
151081
266915
380732
395640
287367
426541
443107
407929
117594
177158
316949
135062
425791
201993
163435
391632
133009
265056
346066
314385
205385
114786
245683
410339
261210
364542
109930
329607
331619
231316
349999
340289
203365
177369
334295
378530
284056
257857
346689
247832
453329
216910
269046
219586
441600
430752
233844
320222
255074
129203
436375
148121
371149
311030
318919
434091
365987
153894
136433
394393
257105
181167
422569
100336
369681
368590
182367
432329
375383
366873
390841
294818
296342
430382
214477
455287
187142
214266
224312
104406
379738
114435
204968
120950
395877
391221
315763
114211
285125
279743
189180
182302
132713
405115
244101
349740
133314
408539
257870
109259
285696
440640
453846
365892
252984
138153
173315
130682
121523
226439
122131
160301
294070
134757
237041
113098
154525
227950
233737
390980
147699
401293
181568
429859
404854
125786
199715
388421
401619
241367
450696
208759
392289
163998
107866
174019
451029
370586
417942
114245
272102
177243
447780
422307
139543
330249
342678
154745
423818
371974
146035
132239
328759
110674
295500
409854
440436
340341
235312
175859
319810
416374
316962
267387
332043
211743
371635
260069
381934
192756
332858
144921
433904
348423
116708
182036
360600
202431
339036
163277
115542
348770
232814
445615
398176
228776
315033
178255
404102
312370
302564
212270
281928
105496
189091
384511
118924
148642
420751
173696
262080
319855
341885
334840
339823
123938
378647
118052
178507
132935
400826
426360
336069
207760
248356
201799
271239
195470
298910
116796
445519
205511
417508
244337
108719
250341
265886
337794
390844
202069
299160
361037
432483
409755
407505
140663
175913
355134
327946
162968
355294
346237
211552
315907
448663
143383
327399
156909
123238
199347
102197
276914
388782
422271
356629
225672
235828
421444
162973
349389
283679
344696
140856
454022
144279
397320
297120
224506
352388
356135
362658
356111
363117
188043
296223
133210
122294
367431
405948
105662
407129
109729
182069
260612
130245
160477
320415
212375
206859
259358
105874
176396
392976
246039
373589
232976
441965
106535
261637
404105
370935
230102
121237
260637
241471
214979
338236
215175
168019
137014
439754
338563
342225
312766
191769
135871
442635
352408
167823
371134
199204
165883
437454
258390
306023
440145
327655
426492
228638
337333
343623
143069
417596
240155
247120
227625
366372
304178
391697
417717
194838
170350
439370
405724
183258
435307
328299
225149
262557
145881
418437
105181
187393
271660
137291
445480
333761
420850
323541
323946
352014
244060
214492
431539
358105
419549
266054
149826
351866
234780
290951
383142
152694
120588
428284
299263
318887
143850
122169
226741
126211
424175
199288
400497
188345
177933
423904
167250
340801
242892
321255
144276
434163
244642
153555
273120
260309
317111
287447
435187
306404
146039
404971
219327
319324
243545
192055
349620
450698
180748
353957
158901
268907
375312
111556
400021
235884
139316
411327
449220
381771
234341
253039
228904
160463
223672
181089
232062
430696
180196
200316
296055
310931
180503
187404
444828
199864
109571
406075
191516
102651
331349
367121
415418
208113
129825
390797
407259
378402
452164
242480
215718
181436
442554
378296
214404
260729
340243
192273
199906
428216
348541
433015
230437
265270
185815
153542
455433
381810
204462
231467
106540
282567
165130
225022
193804
243389
170502
309211
198996
127238
372438
221313
272889
455643
305089
256034
272868
296388
172438
402428
258187
302513
117086
276698
100479
115319
449691
269846
308170
346664
289945
340942
353425
309584
281774
124009
448750
393214
309433
166935
313733
338967
220871
224544
111432
138158
351910
163791
245801
426757
190390
234901
387253
101302
189593
105646
201695
405191
282195
241162
255725
127159
126634
103969
148630
230114
302196
366273
280727
388654
315319
215706
150902
245880
255985
439469
426656
180229
237127
321046
361233
347931
132541
429908
177722
166601
362739
232963
120573
419417
407092
104504
290375
420765
166547
189399
279219
436609
146425
379700
363416
226625
446188
446964
273703
351923
241242
136391
436226
273370
438915
257743
314462
164577
113860
369747
239619
430408
236155
337033
122536
386864
252739
214560
292346
419380
254765
354261
299585
102911
207548
165080
431319
359871
338681
363296
155899
167156
125588
275476
186996
392110
187466
451127
437344
157533
242788
188096
445429
100252
388778
298846
208427
190653
324611
434746
352774
295911
429268
169861
250185
265651
452227
363207
260627
390338
272759
371175
434827
199291
146876
161893
231806
391841
207705
158602
251907
290865
433572
273438
135350
386625
350533
156394
396715
234060
412312
371622
136996
163622
316936
113656
268103
231876
267105
253800
368967
222446
139727
272982
161188
136352
222445
365535
376053
259011
106773
348099
379074
131350
206591
140372
364049
437827
248889
399395
168218
268196
447853
188567
329377
387425
135712
132758
132204
314665
174357
407932
202226
112473
118113
245995
126994
215262
210724
346211
196796
408433
333369
398641
397251
203928
199215
333582
245067
223118
385052
440676
244610
294352
401189
265181
397561
452001
211365
252163
453127
284913
442008
294715
399907
110415
160516
200139
399892
269029
413844
155333
301715
159997
302061
245894
455264
328420
430618
400286
321692
231950
373331
404901
253428
367397
372477
141991
320390
270010
156390
151564
237864
122233
103581
299388
364685
297405
282128
319558
383856
247857
190907
112198
321312
289991
182428
165648
171691
421085
433643
239548
116286
173256
109219
214846
178662
141413
407983
374763
200142
262207
289908
205625
172583
452699
309115
208103
338759
442929
321175
156806
122743
257593
317263
388413
131744
218571
222620
415627
164225
203383
290007
140068
181750
151841
312698
356872
278824
270267
198319
436778
104039
184556
196155
322931
403868
295220
164176
443246
435812
201104
396940
330183
168274
292991
187855
266586
122228
357571
328503
307516
343886
105472
188906
112812
377701
338299
377602
196130
425821
324520
162273
161975
178121
268244
245223
207417
368091
331315
328904
305145
116476
441353
192302
185499
322483
284326
105263
369040
380380
365227
454586
358089
268050
306054
450918
299479
451765
336676
214694
440364
380148
421878
266423
127351
230363
213209
425725
454230
177266
388453
157603
440789
289620
321569
332749
143154
188099
215191
196750
149135
333089
181541
337501
352877
336662
380048
194365
104162
183486
237507
398819
394282
246262
191517
124799
351800
355844
299284
105990
102965
254896
302889
425356
182834
233607
257415
108000
134292
313610
175845
318650
211014
312027
249123
378088
298536
103698
199038
217784
385435
254192
270913
389789
113734
317535
100767
250729
122188
383402
268366
140876
418873
147521
272801
240617
239222
114946
197141
389455
156754
284307
439922
350813
450199
292315
393393
300997
154946
300148
243640
269001
377545
195514
441140
451664
317519
427699
423973
172753
369292
390489
406412
224957
452682
265179
344742
422147
257106
419085
223137
210762
147322
387906
222443
193905
363222
109810
319390
324425
104918
160002
343136
170566
268835
270086
400864
332256
414592
254200
271941
377608
102606
253267
277095
207450
348543
134057
145789
302648
178193
140208
312308
369669
342392
190657
289267
441078
191554
172248
109605
418232
442729
285086
135695
324329
126196
304963
252328
375385
162550
222851
226586
387125
270059
197727
259045
393582
385533
410726
145926
386402
284863
255091
153700
212744
212141
424297
315126
259971
294830
270816
178649
428360
308438
287064
206485
118629
129671
142983
347444
127583
270212
312486
137176
145848
173260
343948
241178
235074
407055
255667
176109
420664
152443
437176
220554
184014
359189
377823
103477
453583
291106
217618
118334
424540
258105
168579
442239
276818
368600
412218
109572
202714
371407
260260
190465
353363
137645
112219
427284
437652
282160
411213
376910
292782
413662
137520
365812
446681
188608
115100
454496
212699
192795
216169
389912
413942
245010
145519
355543
132579
334116
118282
355159
396026
432683
387013
215514
375627
360069
368951
161754
142567
148052
237313
395656
165242
300185
107781
440296
252394
161092
279319
436834
216391
264612
379220
371769
191439
200758
218759
116645
320980
131919
240982
165642
209100
121070
115982
347768
214864
100273
211132
230717
453272
110291
135075
149411
134725
411513
248025
150621
396560
328477
219453
250332
429100
163890
105132
171007
131870
395884
289742
403181
250360
179639
385207
287167
371526
369000
100096
396584
197159
451552
440383
445276
230794
385793
267297
447590
369742
125601
348724
413408
256551
260121
418221
147765
283764
375476
217907
447118
381555
101633
314622
201969
211189
275953
268086
295590
383614
160337
402969
195105
218389
248146
144887
320996
378853
442062
395850
369568
375611
258205
275081
149240
240024
439500
301911
365440
205829
120884
326854
353219
356657
129996
378599
365512
254156
423869
261516
136031
252132
154304
359874
330176
157237
279420
149921
373440
224615
292614
241473
170520
402495
334264
196453
312794
305491
185261
394079
225716
427576
272668
404652
158932
394945
197248
429464
173014
150327
314598
405859
278757
370694
375194
226631
221225
101373
308035
198167
442951
379383
308897
334848
198662
278108
149012
314276
181243
403489
207003
243745
329272
306141
270511
420754
290917
272429
124119
452923
127078
403990
304974
263472
361894
114717
414057
299950
426025
454766
172688
112614
310337
189742
281506
244197
178488
387775
162877
431984
237300
143488
239421
267022
373533
424842
312272
211329
241186
174408
199210
351471
195376
425978
424120
343088
403298
384400
431487
189288
182795
443429
267565
267988
243706
419764
200340
145854
116707
337147
200115
431361
110145
330641
191311
291355
358368
131999
296844
121342
305687
414797
101615
218152
393142
359740
374902
342920
157438
447941
239361
136113
103028
424782
173856
272032
448965
137084
403921
132075
249021
127153
413052
366621
345743
134741
308601
294084
271242
208688
308212
312539
394147
308479
316175
229333
276174
269940
361179
194511
121309
295730
176412
130614
418678
308374
288723
411683
377375
399956
212852
368760
274261
275909
142742
186107
311894
400232
152280
356274
332603
268330
297470
314192
115329
261605
317714
259900
301166
159434
364625
236804
405794
416535
320928
236281
246156
455791
421452
278685
128271
449008
410530
425759
451363
321324
190302
409392
111716
353148
220933
130228
320386
158659
389624
264064
134887
421109
321624
113556
208611
405998
424078
189830
184898
106597
416937
277733
406706
426715
279482
225512
359594
162154
225421
414240
301012
408601
328936
228923
446085
113063
435554
259447
154397
350578
325044
454982
399432
281713
370087
229834
435454
223385
191578
282035
358370
441967
183600
274308
212573
233945
407157
407888
414745
297066
285604
298227
109786
365588
438443
316541
124268
258216
225106
176315
384643
278178
324221
220961
191023
241586
454675
396136
348628
361509
316960
310991
205755
415235
230946
312868
194491
196167
326250
182503
400961
220026
398528
110330
263441
319176
151787
195954
397617
350489
160167
160299
342496
446383
243593
152751
112969
349949
129712
272900
227334
223766
307644
401054
203819
354293
142286
332558
317296
134072
454852
325183
293170
408974
417471
122423
433247
453418
209952
184039
225617
122689
404142
386566
257258
274631
279021
378279
136351
436850
372189
405597
173741
330244
340154
275472
286615
432045
435587
417618
157492
121668
191288
307617
139591
422285
431273
181116
268680
254076
395574
348647
247208
291137
344557
318728
310605
344825
125073
442205
349485
343431
130967
123213
127237
216101
335629
209215
180870
303206
414245
279910
266884
221941
351842
176479
392421
108893
134920
405051
244846
378563
389935
342224
185348
414872
363919
232705
304342
334814
332236
396722
363399
306523
293938
409810
312679
329927
417425
204806
402012
198716
197021
145802
354250
344184
338990
126467
417633
224091
340889
281581
369118
191100
151893
450285
211522
129194
357497
258368
428417
259524
267599
122179
123149
164039
441038
379206
270276
255658
224536
426919
150965
253353
163318
254949
123176
222528
247990
339671
275705
216004
230073
219526
280645
173726
437483
342488
420272
453278
144564
381054
158006
228271
272363
271078
292122
137036
326047
210499
140949
450137
339423
100088
248042
113647
101403
230920
138590
447683
391497
111475
230352
117889
184290
201699
233027
243457
393739
360593
449958
229515
248337
276318
154695
371594
234621
352404
184312
435104
265610
309926
392706
154073
416538
202818
147327
272155
105288
366528
442585
178630
309794
260651
448398
446429
442434
299671
322552
159815
146581
445533
451599
300973
366695
110668
286013
198259
296396
446144
454281
408667
189884
357315
143464
278955
362583
418708
286273
427539
349702
296142
331231
399243
256105
436500
209095
156780
106358
129000
344631
422713
300533
189733
158163
435395
137547
360752
204333
121985
144861
267224
103385
240937
257965
379071
205249
294783
335827
384927
420030
295131
283828
392167
152338
277334
250138
185324
312645
396384
448977
419118
233037
372038
428205
403915
125275
262338
281883
198307
437416
367066
413518
170068
357834
242504
416235
185420
251035
273001
179480
402797
157455
226850
179635
337494
259676
267351
361970
112939
451500
188945
165757
100193
381012
225418
159998
397580
359681
297838
107550
381331
385797
278467
401680
270275
285950
380504
249494
212182
419894
391596
185157
103366
372295
381605
238920
190329
281041
396723
281746
132038
401767
313507
223015
286551
397531
198157
416395
161645
319296
112344
147278
365862
392173
107621
290120
128323
425318
311591
432867
234497
103893
362438
378922
349660
441177
323384
291619
190559
432790
240756
210438
259763
182522
146835
167413
375563
192624
427890
275035
245730
195478
207679
129929
143913
307597
373051
168339
160451
193171
278485
313309
285949
396890
256781
178834
271850
175335
239915
316817
353630
334791
168007
200788
394577
179278
393398
371245
419026
425011
379860
417017
323753
434278
217039
390938
283051
218770
328334
321646
162766
260527
200804
411346
440997
399414
103964
236467
362278
183918
409012
398483
226596
323931
227004
390645
368734
357058
421779
453086
180706
110287
202522
302651
261784
229951
172115
397121
341177
433422
206184
319666
197293
194288
155980
195768
277891
280774
344548
283116
398108
443890
257467
226112
238466
283546
125279
191418
142823
372981
220083
196231
291535
363420
206399
323331
202675
271943
452183
350672
158958
125095
293321
205928
249750
133493
414218
448364
221474
249896
390086
341567
354166
357950
245516
356139
355283
226832
453719
166719
402691
198631
391976
220242
282799
209051
151862
159519
299326
375830
207599
280033
419429
216090
332688
153722
437942
410104
401993
296949
130634
382443
176899
193703
180627
128952
328652
140065
330961
259083
403798
240196
143105
281601
406635
333636
163824
226699
269373
310041
404237
426883
118743
449497
126050
434907
131566
437212
278046
311336
421960
175735
262315
352252
317439
123295
282269
138649
244261
274771
143637
189968
368566
348083
251390
387645
122230
403631
247438
363495
226601
412828
174041
172744
402099
286371
327128
267005
180095
307907
206630
426694
421662
413881
107125
412340
203059
326417
144221
120028
441805
259341
421835
249851
190801
117569
208712
287431
322303
256308
337322
437917
170219
365665
319596
350321
430171
329820
344320
250504
400716
378748
183940
159974
430845
354223
374326
142926
343657
281391
195649
438274
275830
129726
298478
303365
364657
375498
332593
230275
128813
289977
326348
197218
235322
277984
307905
281159
328109
146799
175705
337379
436608
424916
424125
375971
357396
368503
263170
291656
447610
343958
200888
297145
253868
249276
293031
365427
102994
244919
122290
219417
304616
101847
402237
137230
428355
434225
103490
150092
103986
275169
295726
216113
303380
356507
156753
300755
116193
251998
240485
439433
386396
204781
144629
187381
308914
206646
271041
433856
290075
366378
191334
435113
185959
310055
383462
368012
225025
196309
183624
110000
312933
223317
324040
190244
109170
220550
349810
262989
358569
172317
327840
164640
330077
236114
231108
218698
222005
233503
187825
130182
238158
179253
265793
183139
336631
118844
232419
214837
276204
217560
109600
448519
424781
390525
348713
361282
128155
453328
291721
454311
407949
162285
267960
451692
438849
416915
129582
207825
172531
103905
338825
293513
383484
141720
113565
288623
256766
235008
155600
121573
109538
298054
174885
300391
436519
246800
125661
151866
440575
174449
222408
292482
227563
361534
260186
405006
263106
437465
358102
181940
238192
241107
409646
449453
274307
352224
238590
339241
186671
211044
342076
356620
437428
387841
324050
360008
370056
387880
154303
121457
366757
257604
312477
258062
269812
204057
170370
417932
250129
152457
276141
259087
451676
137669
399753
455118
128453
419071
344281
208901
145314
117465
321590
319113
277756
157990
334396
220308
320721
193100
287816
197970
234495
327420
313116
210585
403072
386184
274581
350371
361621
279759
241148
136667
352155
220966
180997
159183
367167
255301
448736
369470
125191
425914
196838
186214
274301
344044
213713
315001
180072
371711
330767
417116
280266
296908
396945
380688
309067
123840
313490
249163
314379
154635
125824
399838
355661
188155
336684
120478
324672
428885
335662
413288
349212
227969
402784
234140
216649
334883
437837
450912
241601
380440
101676
377143
168065
436180
360170
124490
169632
432838
148154
128834
113194
384012
165561
421318
381063
264152
333485
168872
197464
107311
160573
407540
439969
177301
370550
120869
335064
275753
234247
382917
208808
433586
242976
106375
198303
372275
244948
370415
167556
149743
384051
261964
244606
110951
187966
344043
220103
217637
398836
449593
444219
281147
247192
116275
315051
427368
168672
132874
407616
103207
412106
228346
413762
388341
182820
302872
420688
237382
231705
320420
349274
204660
435200
126645
407009
282397
236507
146077
289121
264882
450236
176070
425229
250356
442844
358668
225794
337849
182475
246520
437313
373078
454956
413643
244899
290211
226622
120758
128006
266765
347364
113411
305235
235461
430972
175909
276032
125160
158950
407643
279580
223630
420745
161399
379690
204144
318147
138988
137100
154019
146819
237650
144918
162686
239995
175449
237186
307952
401076
448679
153797
189803
452879
387693
152483
335444
353537
442456
271641
278145
126098
451199
281333
117601
284597
240630
166361
198885
428844
310572
323821
180456
269319
322300
173651
453123
431068
364803
392796
154834
104558
251409
244511
323162
421941
295114
431145
146702
366387
214142
289681
401652
427396
112465
114649
161112
147332
397228
155521
449007
153431
125322
209112
247113
268922
298808
240471
156029
171404
103939
120307
422399
198339
388597
107568
438520
369021
106467
441111
141070
256495
265441
281158
216277
435543
261702
431042
396962
190979
377845
248309
269350
237628
412018
358379
443787
419079
277261
234677
361730
322386
386965
264256
171725
112607
308332
206490
317848
439739
274089
302218
128648
309570
313239
163787
213310
314955
448873
455592
212605
230172
415288
304529
294651
418448
317031
184673
164254
199300
318715
323642
196342
120369
445729
300985
124862
241439
370580
313384
346734
256335
334147
392125
224878
354429
108066
197394
316263
410518
228018
412231
310960
273975
257367
359862
253581
146323
175159
404868
436149
231844
210977
279057
248147
100227
285223
148753
453608
301373
246858
383723
237897
199683
423675
182727
448957
187574
183904
260939
145231
152436
178485
161569
351264
263124
326836
310302
124703
229932
200536
171248
245753
208491
227937
320680
445490
212580
364469
132356
354793
210515
355757
236484
302420
270634
426768
349211
344012
135852
392503
347203
300247
370479
117496
209607
162932
121724
246943
271719
380731
252390
225680
380479
182377
298048
292060
169125
429968
387091
289182
433588
266067
282716
314733
299829
130032
360452
429723
446265
377558
128575
163930
125070
331318
245634
227152
333453
251379
452943
427908
144113
445042
193765
200279
270241
404001
248879
359885
236443
149897
182783
273704
132252
301110
422296
427917
116129
114271
453033
195001
348472
351644
131417
344572
224954
241057
234706
194087
187889
200072
146629
338520
357810
182343
262694
159712
370243
288244
179124
137628
272624
318723
123390
108131
154435
175359
212506
191757
252045
177153
230745
435098
207950
213948
109676
116771
187739
264740
188621
431981
126237
166290
210649
175777
132551
117080
220761
377455
367482
113018
393532
375639
213589
306196
207672
336770
198947
168067
274293
429997
271676
444037
151007
264048
252583
117096
455985
456094
159640
332760
329985
333342
364029
210059
207175
255545
180645
155815
341621
362289
270817
403381
118195
116837
368916
357544
221002
226143
261234
378408
183094
163053
384814
418934
219032
171025
360899
428168
410251
216822
424715
148452
253186
230552
140713
276917
176757
327621
232202
347571
413793
335603
246176
299942
129341
359214
146005
173478
400090
107240
118327
165099
290173
229062
410552
258194
128375
325697
197467
210715
357759
165163
349530
447463
303612
221582
298781
380416
290419
388297
376688
194612
282324
326035
406929
399269
388420
357372
274309
418870
335246
186636
327918
114376
309051
411536
240173
290819
131627
406316
175057
434320
199761
387319
351072
155028
310542
308901
282018
328483
449709
251227
338060
292308
369333
308989
346515
413584
260205
372175
265528
351369
393756
151904
343488
335127
325349
249725
135255
335225
217346
286695
106628
413539
244149
209953
307013
239846
259051
150768
238062
145375
193298
424815
262654
178495
341151
358060
199165
236225
207122
297322
379245
116205
272935
451153
128350
346897
387315
334278
226141
215013
452070
342535
212413
233824
278589
159341
157258
189375
287323
213653
265831
182552
120200
113244
279274
424751
139194
140229
251734
383740
124566
411212
304209
202920
211818
218474
357243
227651
381935
154947
209104
201865
283411
361338
318502
303699
272168
418669
374095
121814
141161
349136
139695
238255
239117
423043
122043
309304
246342
333422
205676
174828
218661
203925
382086
416961
377039
332771
434966
428855
204351
233633
245649
249364
284388
203182
381226
369599
285216
366281
220920
371022
325869
275632
350762
184213
112428
123116
329277
316731
449667
416067
154089
407700
268113
112320
221161
362062
396206
252440
246490
337921
115540
146309
134153
259942
325086
130456
347564
180632
364381
290345
316751
292051
447580
219857
438295
422282
274159
262863
252395
272017
131633
385054
355547
308772
260681
260441
454877
320598
330707
448714
244821
185625
176448
281602
346873
416778
398595
104107
102489
217025
289287
359451
142878
212813
122813
427093
160298
249281
337845
317222
214903
341708
393848
310520
193848
254407
278294
132524
444181
224583
346953
268884
185225
223491
265316
441586
421703
401168
378759
329090
378518
125724
298881
141529
327745
293832
124578
222583
259875
286211
147306
312897
148265
218431
163521
303873
247459
278912
383912
120489
416062
303567
155170
132894
242323
115569
140001
138424
142794
102025
380547
415204
248092
108504
150634
126216
295232
159970
274100
412125
408310
322860
183124
260384
376179
113195
324543
322734
186206
266023
166408
289874
205243
143917
242164
436472
262848
303334
385447
191230
140361
173819
380420
406894
280326
303310
180134
315275
138891
107178
107230
316358
171294
157735
228803
401149
153214
368899
258092
290510
163585
365500
411077
182827
291581
122673
454668
338536
204147
324058
197254
145691
161360
367777
349895
454822
250320
392750
410193
282868
373551
278079
390192
104119
369877
274762
304181
110525
440638
354507
397470
425554
213795
377306
353833
188294
289643
107736
446285
333797
210550
194883
346460
132472
294949
208374
421630
408136
375329
394592
161627
118061
104430
142970
155277
286089
101121
304948
344891
190820
259404
162098
427841
143494
211068
240607
450434
288043
332678
132734
255785
107552
135676
115754
174787
378573
310897
159252
256991
217950
189521
133488
431536
122696
417558
240544
119220
296344
405455
188804
129891
311002
399993
189359
192899
302262
410233
304499
248032
350778
382442
380842
278764
452729
281577
325807
392271
186761
398299
437535
419990
266534
218220
143434
126075
411317
192013
331175
312132
299932
168493
104209
436904
362143
244551
421152
214648
454049
132335
377249
279823
254721
146780
136328
158188
289750
274235
261458
119398
394128
431833
145915
446032
417955
438691
247806
161118
219701
264866
149811
282103
223017
176825
440957
263623
128779
109744
436891
213581
292885
225046
126921
228264
332768
214167
391409
297801
213815
416480
426882
173582
146230
405725
245851
130445
254665
139476
142673
150500
180589
142965
301960
268618
381452
419242
193898
387910
213538
327058
387908
375542
396768
117622
151228
451321
304146
283610
291153
440556
211905
364518
178065
388982
228716
313752
292798
356134
399856
136914
318698
105900
244167
151607
335530
269418
202755
326105
257158
173567
418326
414576
426458
302045
186330
333461
412546
410381
423905
306881
306129
291957
175642
381146
361423
387739
331122
192818
279795
363246
308335
164754
320919
381690
276308
236160
333725
302015
353947
125735
137771
402392
329116
325843
392884
311216
399883
286027
409865
168018
325870
436673
270744
406286
452638
238530
158559
283681
229847
412817
201040
261332
141571
353719
224054
239187
438468
309363
164041
239102
275429
419276
154219
331752
126111
123495
278843
346570
229870
352306
272036
370775
141044
349656
350263
256616
299315
292125
440993
147303
306108
199818
403372
395034
448994
423034
151287
333915
174140
237020
402532
383671
115070
454115
195528
192834
416521
269712
437072
217111
344104
189710
207472
213408
253168
277932
388145
315612
116059
348720
203981
191037
412979
374012
450249
113355
278806
239148
283131
385055
425152
247184
291422
253579
388177
418885
309598
145145
310536
374018
118355
436450
317970
135598
176965
216108
366758
321903
386975
411003
132098
372544
153122
259930
420088
290827
396220
109590
365448
407874
385723
234049
130087
368007
211900
243343
210912
425331
180910
225786
151180
157143
338130
407521
213117
250893
403491
408475
235493
130547
104418
259591
269753
304102
337932
150063
301151
241055
326137
236431
284415
377245
146852
355111
106312
353714
154696
405393
219546
166951
255707
279446
364856
376210
189465
236669
153418
100793
329773
187217
101047
180877
199986
237275
156199
229143
104335
232502
340088
334763
159920
422232
207512
149201
316873
144977
117783
177608
126356
247282
213790
206729
173579
343711
423882
183375
292942
348457
281110
330613
433187
125832
361459
122153
234261
250822
182910
371058
211847
245340
135721
277110
352957
183941
388340
149888
144550
395890
381107
382962
371178
302550
187141
246112
314860
133425
341271
418660
205447
161372
393496
111008
281553
433621
107128
227854
109351
264783
346925
151201
296161
388359
253944
384832
176569
337041
341388
144668
222100
365303
327720
252443
315950
190517
273214
180942
316266
392269
403341
425211
262669
120393
369458
436065
174958
448708
443452
234540
216170
433742
235648
418259
400002
291621
285085
213710
375206
196887
312182
203760
129815
402238
144895
139202
354234
390104
391609
336884
313024
272001
131064
388739
111863
361310
321269
206390
134945
371935
206325
263779
385477
208672
384157
325508
266307
377502
152692
158024
329477
290026
110300
352003
152782
228215
228241
173301
218849
386320
134048
123043
304719
350231
215207
306763
320735
280198
144876
213562
443000
190532
118102
353073
306772
440990
395312
204107
170988
272111
205536
342014
241835
247820
225519
364540
131075
101484
232457
264174
176478
152749
384590
451125
298319
279260
226375
410224
229289
138670
264978
270124
339716
369513
131359
301052
432135
242218
327525
172367
280257
406465
437907
354734
262396
233602
387520
267606
242608
445274
129847
418035
215215
419581
213484
236444
371871
127689
377219
296187
148161
153391
124798
271885
363774
317259
249798
390842
385930
104777
403363
390907
285239
436340
260027
401357
330328
366399
271647
292635
355035
399148
231849
256865
165969
381295
347883
168401
180279
355943
243897
277542
426744
245137
198606
175575
132774
236216
199941
252011
164223
399379
174400
420474
416622
447356
308149
208526
262480
117073
276332
390410
162788
397410
109465
367929
107917
334206
125711
261211
357236
285511
153350
397656
156024
454691
305022
438556
123452
215022
130326
147850
164742
346863
310686
315981
214375
424601
266221
358552
313709
361486
388456
191073
434011
435175
134724
125582
351511
295816
260137
291383
329412
429419
450128
117197
254229
186449
128812
211763
229518
275020
142406
174792
178835
422698
431853
399861
348459
213619
365725
232396
367143
134715
233361
367551
122530
234010
224633
133023
182518
416096
276176
450147
372670
361594
350045
327559
261963
413309
256757
246417
412420
256659
254014
412294
106785
159116
317782
342083
409781
249072
127691
132997
205098
448083
340480
136219
336270
287043
276342
342613
278671
115365
433973
264072
362423
107503
400670
391512
380295
274363
235263
331726
225866
192538
368946
226771
280048
188967
118377
176969
449648
272535
239239
405528
381920
138883
315116
111671
239289
124293
376526
197980
405955
373673
369789
203409
249374
215421
141700
150644
188453
306674
106019
106502
426901
267947
432345
269573
223433
138348
163454
388522
347337
395503
221257
127399
322752
421873
446950
425774
158747
433721
305750
231650
355758
398330
176833
432050
345660
436871
319032
117781
380931
171969
386166
157102
314677
402871
386675
430965
100380
167832
108097
259984
212344
336941
257422
162878
337778
193416
207853
158802
340490
245320
363026
330113
285494
355498
444180
172347
119004
257303
391673
399553
443465
100188
278881
267832
108737
290874
273375
329568
271653
448401
212657
222932
225815
195208
236235
358934
138570
239402
138738
279577
172313
118593
218966
204260
121614
439534
253347
265448
326384
428667
365960
120780
172104
426969
229175
319723
375347
183864
246345
355223
130866
449433
347012
417968
452664
167591
261360
387599
196437
337097
223556
179723
368414
256367
130566
355587
360613
347961
322874
155394
399064
441398
358150
163433
296304
349412
217058
173265
273663
320552
141074
138306
401343
154288
110432
417958
198473
290316
220146
279511
288172
321391
169247
353150
394613
249071
213990
431657
230807
217515
124321
165839
171855
383277
190589
455345
378734
162329
344232
202827
306177
408925
197367
104484
157625
299089
401610
282693
390660
107019
250869
114964
365930
448073
414346
135471
248312
104809
286055
202480
143104
219479
451459
308305
221532
453231
220460
149964
120257
130786
364176
166644
338609
174191
259551
231037
383343
272694
330198
385796
395296
401812
236963
236786
301439
384614
320509
108246
356366
407290
124560
407440
138035
333534
280871
116464
133616
434683
242838
314461
213398
314675
376389
330408
419898
234164
108403
228460
283664
297247
212491
400032
111158
427052
220320
150253
245081
382999
330798
362171
396667
450688
247209
302869
339291
251528
179157
390850
239332
404015
426233
201245
275543
114821
132065
380210
419129
215517
290963
192178
102260
352206
338562
295577
299232
102874
215768
380678
316631
187178
211619
203495
339481
205654
324662
232075
126575
296640
107592
439367
157225
205051
368997
193513
313414
449701
383482
142066
251986
251403
235657
237644
441712
310565
128947
321897
220836
141188
426480
296200
211304
241825
324195
386205
358620
131133
233158
439018
364011
149704
168527
152308
304012
455545
345955
447804
251925
420124
187321
341460
214638
193783
272540
228977
348550
313013
383646
174094
268780
175939
210797
275706
136787
189231
122888
108827
395425
400148
277497
128351
233316
256997
268614
122913
342035
219735
438538
436312
330614
173991
148125
134710
431696
297226
408180
366579
319214
223183
233832
334477
417143
412371
263191
422261
143024
429785
189950
144456
145045
393850
106432
342745
209621
430567
187835
138265
270519
390860
184678
379743
102376
143916
121743
319245
208744
116532
221207
186870
417790
135682
296149
376395
362000
414889
190649
296178
155741
121102
425206
244755
402086
122491
112217
319063
429720
147090
412510
265318
222890
327681
340781
270069
164324
110198
442073
135588
199957
240225
284402
170653
444009
411647
283600
402759
447749
267817
230492
256756
351856
273251
327029
128846
238925
421839
190491
200722
295916
137814
276841
363380
172632
293206
360702
350702
373177
308725
413988
174250
190815
203084
370125
398028
317178
269370
366597
241126
116408
110789
258208
325989
372867
218789
399360
352798
442583
235992
157577
133187
100674
406822
118297
346369
436293
200455
305492
422597
248446
223531
274685
289285
162746
400596
234001
400940
227262
121964
152664
427514
257475
208207
184391
359762
268861
371948
429371
132823
378526
325597
430570
338403
202388
438670
271015
178078
188269
448178
275277
352794
411658
291358
228955
138475
445476
365478
378178
229360
119889
211760
249318
130238
231609
112560
294686
431180
336837
413502
340298
316170
399564
238376
299915
317287
331504
119621
409618
218548
181778
140600
352873
231214
194992
168001
418849
146132
301853
345914
359621
271064
376028
370635
110899
128538
439026
420808
258630
329654
356800
168603
205830
182733
285993
422373
430670
172275
426509
163360
148310
230334
269497
261783
405427
216736
380088
356051
299499
205878
385183
436483
223924
454186
132332
356491
209238
232430
258383
397111
126272
434443
232587
128621
147162
318482
314861
196148
372246
313804
365617
128714
279528
293589
347710
130272
236056
418099
261076
241802
145074
291785
302019
207396
325093
325367
451696
339413
358742
102882
174482
425928
359217
410148
403942
380199
232580
294190
220959
325090
102279
262422
245700
383231
330118
243083
328093
373574
301832
377890
364533
218189
172219
332777
350451
320314
194792
186514
364355
392152
128841
248560
303131
360016
228516
173410
379856
314521
313290
299925
306279
412240
420686
373414
382567
192378
385602
125283
175191
445173
155764
353855
268061
145020
375382
387191
200702
338385
159429
254362
408017
349305
454824
176022
160130
271672
323309
133432
334341
315475
173536
119433
347604
257426
108622
104262
347155
318974
195901
340620
452572
342892
397598
440134
205326
309572
264785
369641
363897
154231
226283
363503
453439
171445
142596
454957
296134
122008
353102
196195
456121
345577
116235
376581
145655
358923
398053
258536
263859
173245
446646
136913
300710
110195
321139
289108
341093
354237
368607
294175
175440
431294
102254
395613
370448
368775
417884
140332
327849
402592
176102
296913
279536
450916
355531
327517
100838
109002
267701
321978
162143
191534
374528
393704
294050
167551
178661
168928
140414
140540
383065
168337
263579
429533
199111
331996
138191
249637
139810
372480
406891
230445
131671
444314
325435
141976
364166
435647
203510
199277
421820
286363
260882
180170
260641
399864
356496
266083
142240
242393
254300
373755
276922
123421
110672
206376
304320
218554
418370
116159
246456
181452
128103
217161
121490
196142
186721
167311
374551
415322
190677
297890
109434
390231
246546
142011
195392
342002
261167
169434
451216
399610
386624
260091
185146
118402
124883
341928
143367
149271
196607
386673
366525
223069
426334
423575
121922
119974
437406
254677
197376
240727
100041
165072
399239
343539
203936
346458
333006
436063
140585
297617
291634
157628
321890
110811
413260
333675
256547
257314
183019
258886
268238
390224
152960
376847
189823
289715
166061
193852
293081
175678
406064
242474
102310
206659
161671
391423
409138
113461
286239
146622
192220
247099
332374
347242
257151
170694
319865
202475
417588
403400
118372
438708
400485
420782
254029
410394
433560
317024
106036
293449
223726
317325
440673
243021
383821
246827
247681
426747
143630
283789
448140
269985
173733
124877
119402
324905
137536
334215
187581
200485
147830
261522
206112
111748
362299
425990
341090
260801
221301
230672
341968
372008
154566
121425
114096
214182
135125
135832
265996
389065
225422
418068
184421
180538
241095
252148
142918
340737
170746
248616
234356
285529
213752
401735
152727
117490
121508
188250
252187
390162
381819
425537
195715
365467
134567
176612
152068
436039
455048
254596
145900
229786
135147
149101
416359
134645
243476
102451
128914
168643
440078
126613
138817
255195
109993
445201
212143
362772
236799
204306
277042
289818
188716
348924
325907
361103
345116
232569
373835
275754
250946
341670
274777
454447
438193
337883
256415
139960
405342
381889
129965
183121
342582
228036
375954
341993
391533
413795
378786
174921
119978
199925
152663
254379
109677
436110
431354
220902
146778
359733
349957
439569
437417
262344
443526
363608
351033
381949
194869
416153
194658
450001
207835
368799
409880
409725
300742
344511
132051
439264
331365
378234
153956
433753
419183
119338
382039
170914
217407
177513
251254
234129
411705
178659
414414
310023
241025
223275
288768
220163
386368
154256
425693
311212
334406
357378
260714
248262
288774
313399
261469
321500
128747
100672
117928
387505
281652
223820
243437
331194
418828
360619
378465
282982
437586
270588
450003
161557
166160
114481
241519
441444
329432
339961
274761
333182
353791
210288
134054
164538
270278
198620
325587
401370
340432
272431
243633
337012
123026
402015
427266
226559
293398
262494
333419
218620
114735
168918
309036
262787
399030
414177
289661
194972
243468
107639
177819
275118
210768
439490
443305
288901
333496
180192
109160
327152
210115
308002
172980
355803
243851
301951
331185
444448
217218
351546
444981
434867
101911
417667
337264
162038
168789
306088
303418
340939
331115
423378
237685
307479
288367
189004
422234
251076
201513
367488
258789
320373
166384
355869
399991
401114
191001
307312
276146
322660
375592
276088
426909
197003
246454
394523
230124
137679
117369
447128
176445
219172
207710
267788
254380
373211
316892
141770
237303
217799
304405
221178
189834
174042
232970
139442
378315
215472
294643
100209
416240
129551
196336
393165
225817
187604
143003
382241
330626
236011
260459
108876
130791
177502
303677
146969
440542
135084
419706
311633
150860
449904
186569
399487
392064
170818
245584
290170
251822
346991
347354
323959
353897
442122
297442
315213
244946
259572
181492
437139
402628
310377
139926
293145
443374
447137
326557
235936
342273
149658
343889
420276
230220
361703
141863
237182
285035
298738
257435
285175
431905
351706
116132
335586
103292
174378
275281
139928
155430
378484
351590
315300
344143
411259
422771
170247
447756
416754
257242
323932
269533
211284
347563
270638
344555
371499
272423
214122
276086
411188
351417
236361
384595
261817
437315
367077
147775
406869
367940
357541
157398
272047
238823
253965
426606
298083
436516
410769
438496
105204
187060
173443
340670
146510
203441
291620
214075
115377
377915
424928
445158
349650
142538
127404
174642
326168
146043
412577
296849
265120
378373
128151
329001
413394
108187
390640
345348
157396
211842
441832
284897
234713
343336
186429
199668
390397
188339
444541
243179
440122
119290
240925
111924
193617
200647
313977
189739
301326
352264
398398
254981
103114
408942
353397
324208
138055
334753
137926
332894
400101
450088
298361
247048
136595
395476
219120
380656
219810
449164
415419
417585
263302
223977
171644
428899
436614
247886
446088
275266
140225
267938
401257
265698
377811
357641
117673
446602
434071
314515
417326
255056
418247
400585
414578
268391
437082
224970
298581
374931
369867
454000
195144
237774
384714
260924
127694
287740
369852
371169
359692
312965
157957
443386
194731
152410
164060
254612
202375
433851
415416
134704
244598
203525
260216
309772
374287
323676
397918
345081
224443
347148
183523
211082
405782
192370
270261
169230
289218
426581
324380
325469
187033
337089
325155
321740
260963
315206
256553
265530
376103
181155
305556
265950
414564
374825
187723
143848
327410
309088
443956
452376
387069
262744
102383
195798
135879
340565
242101
369390
139884
140616
116368
104863
404645
416023
417571
414005
315367
163393
296488
400810
176392
354535
364066
235383
385542
138837
411183
377188
162355
377446
321072
379625
380814
420398
254105
225845
199383
314422
373579
428454
217421
182350
189152
387306
175299
107822
282796
315279
229379
176036
390223
141382
149580
325944
260914
454799
281966
146882
223705
270585
249352
105326
322604
278763
188964
159436
110021
146845
113728
388411
357275
159803
230516
226678
433303
266610
264778
306762
450265
366708
231327
210996
137164
190945
113122
350184
320834
170989
451097
155826
116320
415591
315933
225215
287727
376003
339607
203958
216892
135354
230909
446829
338809
112837
358521
360045
322264
262471
189410
208828
186933
247137
346640
425467
276565
222978
180411
111149
271122
119448
450972
390179
181534
349057
253802
159521
369034
144717
285884
444684
148681
414056
283263
297361
100395
229886
208655
305003
241328
433961
106659
292217
150642
147950
269353
245860
398439
341991
204865
450649
265252
271749
389681
296434
235865
382794
445260
322259
335772
160146
250035
223213
385926
233137
347365
302353
230650
172245
184076
205689
257332
138259
388094
373520
379889
149473
282347
241502
200771
105042
401218
322876
321003
239803
197444
187147
366076
125038
240690
453352
111558
203217
446773
108447
412769
330937
400312
281533
406896
241521
354845
120047
355285
150541
153152
120344
383782
452004
107939
106994
375729
188236
400197
394922
272149
304859
257745
273889
320729
436736
276766
314530
350341
178928
426837
223410
177443
307681
114652
368019
343315
313528
200129
117445
100246
448421
391557
193109
409544
422521
382550
271042
377702
307640
351708
153323
221881
152647
236425
235470
446848
255209
349611
237874
297723
325850
366841
118011
397860
135882
292595
437213
115283
294319
369393
260236
385936
305674
282673
428699
264793
135100
337256
119525
259710
249415
349756
198763
169133
220419
162691
358971
167776
273363
433305
294882
197496
339989
215669
323631
251243
377386
299169
192878
364697
301377
160238
409238
232189
179001
408644
358596
328467
380897
368505
139710
286816
174306
140690
300461
223374
385665
427966
166939
294959
441788
279204
427185
452845
426028
377935
260550
155486
264418
350510
264369
117566
142941
391986
206479
351161
137043
307196
352887
137224
281190
406980
261643
358218
350238
426072
305836
438057
256702
152738
228476
203403
180049
451523
301487
335008
414917
420441
128980
424701
388332
327660
104604
230891
285693
133559
390875
185476
348219
353623
385736
308597
137078
324493
214253
129490
177490
198147
159455
359972
261659
258487
420541
318840
358268
446379
103793
123944
441428
206900
117106
196208
341476
281287
415513
287663
131586
297610
116542
403670
441702
360824
416551
201465
365471
449044
375366
392808
388298
359481
225813
452676
419423
215553
306044
236499
288458
148872
218879
317886
150287
116166
363069
256338
399369
142717
382347
240077
342376
151605
101825
371682
190636
189637
423131
245014
295160
421135
156765
271391
357488
329937
298616
305403
163190
210917
214517
105733
197634
417761
158829
308396
281673
271022
187274
135901
332409
163398
108762
130999
140053
315794
242413
108041
350074
129950
408210
401254
341339
177239
416668
129525
250180
422416
304745
351165
399415
306909
211693
195619
269144
142597
333813
153497
172774
329574
117908
365640
324912
292056
334331
150726
260987
138739
405868
404050
218915
119363
389405
452891
451984
124120
318525
378244
442773
325952
245712
299987
367477
455541
250192
418429
323091
422140
416167
424052
233380
453833
388766
383786
426216
114729
369324
379617
341360
235295
212330
248453
379801
170931
451131
111922
402755
251751
254011
170498
174577
119358
449957
176489
147107
197122
399894
429561
327991
281048
366310
338321
107095
431337
219002
318079
285873
177763
108652
430112
159178
312732
219879
352536
127066
441400
273241
359336
139158
441767
244747
433348
158643
385381
397189
160009
418640
409325
265576
300938
291288
117720
258572
262335
196308
229891
189698
112145
147365
307217
127439
374901
221144
178100
402332
418025
232306
277181
387215
176653
415368
356018
281450
235667
435019
372443
220473
357737
269896
336775
109817
187005
251486
246720
430765
357209
301959
320995
308877
100401
257505
219299
372344
420759
229243
394965
152157
226823
326254
226160
246722
448357
452618
437849
426351
443026
330226
168895
139949
326927
190136
380792
254894
130318
133408
233377
127841
146101
356992
409148
103005
283614
344195
328296
321835
304104
289395
152062
379063
377722
434660
259459
327514
391934
435227
255299
273082
324174
410034
301571
292413
399003
102178
370811
372357
393476
370452
171492
224745
118990
372403
301830
185737
445447
427609
415507
220355
178124
299663
369892
416169
226854
223093
338415
111438
370712
206496
335132
161873
342036
335621
147053
140552
378432
238365
265868
266313
172110
300254
382445
139707
211454
172901
376766
414409
108174
243915
278867
451361
294799
366785
232136
274757
118038
178302
343915
255124
294956
338979
158070
258594
159836
218894
302210
159844
417021
430768
425745
435131
395834
225874
200051
148211
381840
455649
119005
242616
344263
223748
129591
108888
378198
307328
150641
277827
268991
432812
427371
406178
295432
148651
391721
416530
337283
233507
200634
437469
141756
124983
448325
440496
149624
383235
127344
158463
412589
450090
106546
238370
252943
329040
398989
246044
425484
263865
149849
129259
361965
154296
304270
440965
240527
372838
211638
300104
341904
410266
277481
451476
296495
455473
134019
381808
339194
362510
275582
201121
454967
110821
398853
161194
439474
131660
331915
319791
296492
220009
350312
354427
171898
420023
104539
172810
302515
165667
325058
105081
326996
277815
122646
282772
275290
229092
342650
365163
355906
161523
184483
388855
119729
187722
363093
246468
187691
344651
275619
271142
331910
116310
137837
449934
173972
446939
214684
130194
115236
313115
186413
275341
303568
349808
187560
350820
285820
441035
401361
284909
390791
391712
276102
349579
401333
159001
303025
291750
408434
450619
304980
181636
359063
105395
273991
203631
145672
153665
351462
246769
171777
101277
233308
454500
289447
145338
107371
191010
382759
386611
373971
126548
380621
188097
383388
297482
451172
424404
164333
224255
221279
282591
142384
118155
441303
373483
160898
123762
286886
383560
265321
159860
409924
456023
443641
200727
250365
186327
350593
105127
181590
356256
297455
193038
190943
409867
349133
192184
364900
283718
440084
302328
317532
372111
327367
309838
356196
150436
445557
256928
198430
279954
398129
338611
130461
125667
204572
453178
257301
390948
348636
198901
416468
204081
203908
203465
437299
418112
282057
244330
174608
233336
377929
330778
325419
400945
134634
436705
112397
302914
275398
213920
453641
111410
231948
157430
252961
105714
293962
420426
372478
345485
123919
415411
412460
426249
378804
236813
376126
169518
412334
431169
145889
370341
252723
133180
436400
145628
320585
289859
234971
203030
328308
401201
349291
201942
255745
281993
287486
225885
314676
416528
380144
235621
274232
246565
134303
348566
427231
119420
217353
103852
340447
187458
381634
368434
204248
130762
233738
200198
203464
198310
427923
346913
233742
118533
363297
415878
187638
268361
409540
340974
363685
209674
365134
283172
410357
387949
301116
277210
239443
335822
404485
414115
202175
105338
170478
224188
424917
394091
401200
216974
330017
310678
435991
387774
223537
179415
254233
280771
313895
236693
349510
372012
284755
230062
308196
113492
172535
178176
382990
182649
206829
364118
329910
219530
163942
108705
399156
109967
114967
404431
412523
199640
448596
161819
221138
131094
306558
188214
155056
381693
405836
420675
409187
263928
366247
246458
121419
246343
335370
220802
324143
291991
326152
267191
394250
124276
350409
433946
160519
265015
252419
441737
136195
357920
132782
342398
103210
409534
337745
321958
103937
452210
276257
145471
125077
123844
103060
257179
217631
343451
195136
301106
255255
400819
411461
153190
128372
168275
408773
409295
165639
118274
344767
376858
226431
393365
165377
415958
335838
282569
351187
287338
318901
391081
176621
115044
333997
115766
452576
393895
282851
269430
325888
451660
272660
262066
447637
227447
200474
121976
242206
430764
164926
416623
452527
193818
414079
231811
224974
343303
237472
283998
374842
428798
425559
137861
420020
388011
220883
321852
288974
452841
267794
183307
153253
295199
392562
325648
213894
337980
353331
348296
425499
378762
322445
304326
297661
308560
324119
292114
290909
317540
454203
424172
416092
312161
136436
380698
325702
214002
170037
281809
423657
400097
331395
442108
408753
134344
254961
406094
299254
391031
244258
311378
419594
402402
250761
247318
432051
388347
178178
211302
183196
178822
303331
332908
376134
127651
222999
385025
317871
305170
441273
417147
282124
281351
337276
455760
244727
296196
282386
365657
293829
342229
133831
276823
272908
382428
131506
200709
117286
341925
244947
226203
414011
129481
310948
385263
159324
450833
414278
103172
209397
172621
401196
193227
357926
412184
298074
109768
344927
232568
187800
362247
364320
102848
454947
331304
431291
144165
352660
231595
122560
118243
390251
386325
310651
422327
396480
284383
106814
239729
427970
385273
127158
268067
271857
150912
306814
256149
267780
253813
147917
330413
204738
192465
263801
377949
270889
246843
401606
361634
154424
303991
411056
410885
100641
113456
289936
330315
325752
360849
206817
178906
325734
224530
192927
338706
109680
395767
134443
413522
300557
152133
172726
369360
231838
195334
164274
101019
351372
237109
290888
437348
313569
123417
150240
215335
206636
233827
182527
437781
333934
175644
446231
180816
159600
355147
304589
260490
243006
174998
379269
337972
267250
379077
324687
440057
192820
240214
426129
454736
129774
340998
324704
287393
298189
167527
147204
141852
435596
123558
446357
332218
114650
452111
211313
180333
289885
434396
174223
403056
377939
303151
190300
359738
105022
415510
452217
103471
212216
360222
218398
394406
124302
285916
405665
405102
154980
444547
243360
317295
150425
158244
226971
165998
107704
141046
400874
311442
368162
160791
202789
248727
296615
209416
428495
291423
174409
190747
326242
324155
388771
334884
197574
245232
141453
232517
217613
442638
403135
181057
290690
412233
415217
425858
109322
121169
279575
101929
345483
400254
223920
297284
204516
140310
117581
333201
378200
426445
144962
183528
277399
248491
112658
389408
170392
317654
168080
397756
406207
212701
416105
163292
366379
322844
236582
112314
418829
163641
273355
408082
204677
326973
447065
319199
167222
305985
150410
198003
372944
122443
195264
454425
373962
231435
290924
234468
369626
258352
437316
428322
311441
263189
279476
115012
144024
156416
416012
329841
412133
232350
269505
360797
324175
443706
221690
300060
424337
327465
251924
303708
267896
431217
304095
101506
407245
340070
137786
243098
307488
219936
209925
314939
347844
323301
215363
365020
348215
218127
220964
135529
136689
285546
423265
355641
249959
253739
214888
319611
161057
371047
248658
368783
136870
264560
308195
210841
204600
341914
419940
348502
109266
307967
185353
390381
208297
150624
340869
236494
176237
160510
402169
160921
426258
128629
137564
432002
177963
340873
107529
289417
163382
388287
192132
372225
150607
154998
276760
332814
434743
231774
372783
186098
231958
206677
308712
280135
216652
452170
309697
446953
269440
268633
104806
329685
134769
447659
372050
193251
156613
343679
174659
344308
342416
118109
411762
295403
196740
265439
400167
264715
235616
272756
346732
347054
174643
240401
369611
427529
222614
390257
318277
121682
347970
299623
423632
454114
210882
317120
431463
362323
341650
435410
382196
102127
104315
192147
388484
349483
261209
364584
182721
424397
441543
396537
235610
401133
180434
454952
207688
440196
332229
287827
252505
159737
122939
246819
214605
402917
119147
202310
268969
406160
265694
278383
127335
360548
305041
377938
265309
286745
335833
372801
293358
147031
272477
415604
311004
240084
297739
145297
266861
170209
204024
412962
433294
147593
187199
321100
148015
103657
355790
206925
434305
126187
437114
439497
120667
208252
451055
119327
307343
250308
307632
447587
367713
194253
364296
149545
215766
298558
295707
113567
101388
121828
368584
418802
194666
140697
338332
354268
237302
196050
116892
440060
364549
279103
320417
279966
235314
241745
292240
371667
337676
441931
416768
338614
249976
296826
285776
422143
346834
399106
331391
113642
419235
316536
379815
155471
360336
212705
272212
139275
235886
319139
323397
108297
444675
160105
399696
158265
390678
168314
377457
422253
452295
312751
340627
293153
416869
235872
358720
125439
274667
345678
311323
429671
175224
380866
452653
409284
454505
196451
195526
297422
179852
133946
221174
399101
267613
143939
221478
337037
192719
395040
361428
278758
369029
258696
192988
214870
253090
112921
437869
153439
109457
237801
125334
347035
264321
347955
304686
446338
224657
434593
225698
191162
230932
346835
188333
198439
126946
188817
216370
340645
258636
415150
342204
191756
127954
367087
422646
390025
422035
423464
140726
287076
418624
345592
440820
425296
406563
154214
190426
260658
439267
357989
440052
302272
259979
134931
329558
268332
442152
312692
268260
302582
397846
428575
231945
357427
317687
347004
404729
103465
167465
299583
203696
205663
149709
240977
114797
290253
110119
279325
456108
189722
101790
277923
296689
352107
198949
360740
306103
233066
401647
354482
358037
398157
425012
292743
437487
219499
144397
414472
169375
145731
318458
104762
143402
225487
374877
334614
298978
353110
347215
439332
202628
433581
450538
387851
351399
307603
443521
433542
361672
118023
250136
378205
149754
395580
284465
103610
309668
397536
320002
137566
438732
226824
211176
295660
114726
311167
338155
186535
258996
155127
412746
204794
394352
113793
334240
303856
143455
111156
409338
377239
177655
130963
393215
334524
433916
365752
449157
305621
136538
187775
272712
411535
186899
233996
171849
120842
103694
295215
437353
170038
319657
186694
401628
255194
376787
126737
442944
178956
205759
289411
445592
134309
157219
297214
414606
359721
453015
364650
185254
397273
379998
452583
454431
317215
177560
157669
290565
454225
319651
147324
201810
171108
353041
145665
257237
356241
190975
129271
303435
286307
354297
214730
398378
271884
236374
439606
324649
385663
103889
238337
108452
230479
307862
334690
238626
104000
424435
160705
146442
412069
318743
130208
158022
176474
223026
236633
107447
322401
121892
417683
308782
431277
236785
121712
213324
303853
401241
386621
446600
359246
157055
205702
376472
231696
159282
291183
267914
115744
354580
281898
175439
188826
386939
386554
156943
207681
153865
265351
389123
433866
264005
214112
241345
196818
254547
368736
245451
240790
124163
190444
143035
414019
149061
164806
145089
448041
151047
314930
274734
101516
426305
380572
258858
163919
117656
416042
446790
177969
209935
364209
239911
133961
303167
213942
346795
310139
195591
436868
137728
292757
148398
439631
324288
105184
181412
209519
423338
381968
315495
230872
164068
186018
315009
311750
137165
164930
188932
200692
350366
215926
391975
285805
150147
157092
228743
379865
375703
220626
330537
186861
353808
165852
414370
442569
325159
242457
154736
392114
205314
212772
434756
404669
338756
408234
143129
202799
267066
246108
136046
446350
352804
128303
159814
210647
433986
444735
211828
196570
155436
339399
142029
449356
215832
392307
240473
248052
262199
219797
107007
228204
143196
212514
163075
386272
205610
289618
276611
184150
448759
236641
315909
127036
416353
423568
358488
236213
314604
370231
398266
423858
390845
193388
446400
367135
118985
413152
355176
341515
268010
113060
388289
124970
234092
161697
427502
256054
444407
394978
397553
452990
177152
358038
204266
407193
408313
136341
291087
346989
228108
352531
115016
435854
168777
267867
291074
356109
259227
272234
201819
195305
323414
439044
191977
153707
243011
349188
245412
426559
330627
306510
201973
329207
148851
355858
259006
120716
266733
141121
299521
414582
347382
204483
146099
164453
342925
368442
325755
203597
288339
244896
108864
401566
380307
230524
403572
429728
133261
267726
231231
246721
109225
116617
429300
418336
344033
233353
427772
450505
324098
250384
295285
277264
302606
443131
330130
430377
321218
252318
167694
181699
147175
302058
303005
116124
327043
403053
206794
172298
208204
377465
201689
232113
357242
138722
342179
229819
321060
299886
177821
130232
307444
181422
118201
442415
225785
149047
383497
439785
239814
181852
117258
422387
239333
203880
292119
450349
181824
423398
301049
434561
275587
152583
328441
362111
388041
143213
380259
130465
308110
164098
117729
240434
141719
176758
123230
440458
265874
358681
419328
266595
370291
168587
125530
198933
376691
259288
300093
223604
220024
368300
362488
405106
450341
160496
108578
396714
311938
348022
211703
338275
179323
114597
303119
158862
420149
371821
150570
243067
321171
445708
148907
430948
438219
292849
395326
384464
410692
244065
348764
285156
200583
447400
364116
249104
213491
376192
269301
181266
124505
329828
312036
211340
454751
145269
288733
317664
312913
445522
226422
416547
166910
110373
315563
351283
231862
185805
353717
308574
261454
147536
187195
400378
441800
107011
264083
203675
228851
404698
291354
335847
181027
239777
138256
338008
391218
358087
248247
416730
438227
349122
427296
124699
107114
219142
180915
147392
243746
445895
126694
228156
143949
326509
301492
250705
325997
248091
441858
396595
445945
450171
258778
370837
418882
152117
449655
134737
301383
194267
374757
223945
445053
366448
119957
128088
453076
229230
292814
196789
378941
312839
245714
246867
268424
336282
246233
273760
107443
172278
167254
157895
455491
156738
256670
349525
104386
359932
358346
245856
258050
311490
184821
245927
385813
123712
308368
322049
354521
132784
331802
249029
164545
227098
294734
442043
150428
254762
361544
408495
216658
319551
396336
290810
380186
317450
135145
329407
201824
234349
327292
212054
202255
401714
105115
286223
162617
119575
388084
244359
277263
209269
275910
357599
165379
205774
163310
166072
282653
233200
168096
262220
373127
309373
325338
206194
344443
207028
100112
454129
273499
391995
350454
351238
338460
211072
197195
427705
142035
401858
177671
196001
204480
445261
308902
257537
217897
270619
271378
380998
194364
371167
452940
388518
239121
412117
186251
328312
289638
395106
102727
181007
161120
379957
211491
203632
411265
425153
448142
104929
254533
450159
194333
346013
387791
436630
346706
106625
255050
365324
368940
353886
341455
388318
161581
126567
291043
304694
348259
410219
207942
237607
382928
125602
414961
385366
305768
284459
370239
398744
237798
217859
113956
122733
414781
380919
210351
403666
336940
346037
264495
180616
309510
245321
187191
197155
428910
219008
122275
418659
205370
170036
392048
190402
165905
419655
114255
157514
116700
437421
128792
409274
312501
230632
337968
246114
154675
389322
161086
312476
435933
143526
341125
186049
125415
410422
132511
380611
177924
305465
169902
224632
139437
377547
417772
189038
220844
267961
345544
372692
277740
110518
291514
220124
117988
145126
201998
224399
317092
426640
204732
428710
449133
439722
345281
256537
411900
276828
332448
215308
370072
158253
382194
409023
427933
228690
191860
380767
356989
400723
230995
307564
332947
113637
442245
101748
398270
312306
455421
453339
178937
226017
125704
303202
351868
255779
108630
346459
417107
234095
195535
100213
103726
240134
381529
367208
329141
142416
260388
214368
187777
105236
358340
306394
215406
269072
453447
157586
276468
423677
306057
232592
317106
356184
187893
160285
449161
337588
324697
324398
162639
261917
325611
313553
419009
366811
411694
145584
415211
173405
371086
223037
222689
380315
396934
425510
415802
132730
287107
169593
390450
262801
301418
225655
272797
239318
386073
433016
299563
118824
258566
390401
413156
360730
218309
379854
290629
236588
443549
358361
253675
342605
144028
165228
365742
173062
130057
243905
206733
109641
219648
337192
106673
295308
291924
351660
296483
151384
161305
183246
292211
182640
202815
381878
363985
375337
303512
186669
177787
271169
251655
144450
387466
204769
283963
353643
380364
406108
398831
407989
158271
306102
283156
300023
173740
309339
171355
323165
161389
347343
165809
403113
354171
440739
289034
171072
367389
127521
415335
312154
135388
123444
218609
280030
318913
444280
156524
301783
387685
323797
120801
347495
258622
360026
311381
323223
423288
387533
176281
324350
264192
152128
382074
230547
191048
181531
102610
231032
325409
388165
368192
361272
328562
239183
347272
398119
129080
177201
348708
452208
349285
377356
330972
106910
294025
103535
158992
427392
432567
170227
298943
313621
345967
113463
454761
295136
398928
281241
289629
336809
132913
131225
421247
367891
220804
403071
280914
405159
324991
352880
321410
275629
284249
245774
119411
275178
357324
119770
272643
226880
313319
420931
365908
312697
398801
295118
364061
220995
316545
163151
418149
159149
157843
341517
136143
146387
318608
455500
381828
152180
427975
141442
363826
173449
218745
213029
317257
227953
147229
119847
238543
416945
254387
233760
341286
192709
410232
214125
141662
234233
270081
298650
352829
418639
208279
102544
343759
112362
326740
148500
322916
304679
255025
425569
414704
110439
143435
120841
327142
294286
398805
455675
375381
296677
402588
241323
397913
116243
295061
205451
178904
435959
380972
231959
444542
432524
386661
445120
334501
370954
439292
288703
320974
283960
317118
310105
276773
123783
324267
125314
257708
411625
360549
441841
194849
154001
125076
434775
212662
297595
388378
369253
228302
440700
394298
267146
311813
174769
338287
222140
384605
171085
274431
442055
251453
208804
367934
245822
296373
369377
242805
426663
274916
380942
242894
176271
294768
214950
102469
227932
429229
251574
289792
313783
102485
151071
351886
426344
350220
159062
252729
440495
284540
432655
355946
266502
200024
107390
340628
373009
376811
138994
406256
428000
319703
219991
334110
298721
370347
226461
423613
164943
291726
129249
444303
359942
182238
318168
215281
403206
147263
266895
152284
288015
311819
352518
346665
363639
410197
326125
377846
192851
329208
159822
365848
445025
109721
268678
247466
123628
142083
147273
263089
175462
298476
331706
413717
180083
239538
243587
415508
118978
336628
123715
346145
287731
353466
389231
364475
203635
264027
191054
362631
117576
331785
103921
336031
453255
447822
386056
205382
438906
244160
388284
365423
234146
399094
283369
451953
329313
138949
220359
302626
211952
113015
434473
280901
136370
378555
206515
173541
168607
171564
359425
174952
357312
149183
128682
386277
323755
277850
143742
326346
155700
336810
203864
419809
331020
102529
398212
299812
440834
213328
418875
424067
193297
353694
300315
419999
349316
310521
253100
346193
262490
139738
307596
349221
343818
344170
201566
141897
198538
169120
282197
199463
123169
434546
180016
433992
108790
148202
345956
178422
375774
212868
191511
155626
385848
227273
194743
181062
294915
146903
266391
283011
184615
268094
408438
146062
217206
116178
234977
201117
349124
392490
244497
230315
227303
452247
125171
350295
223364
318335
437897
329295
137257
313958
167018
252215
319851
178167
105247
237229
448312
307938
194547
429903
242922
383735
348661
401659
315216
220644
280580
207544
127782
322094
447323
119713
299743
255624
211545
305363
444671
288800
407477
315519
387147
429486
259218
220135
176274
285488
144283
399310
181917
191909
109289
151870
198113
262296
365363
439527
115912
283854
181445
231530
335121
129654
359243
169285
412743
315589
124930
136525
385561
231596
448251
138122
210590
226136
194847
133547
127500
197281
340636
326736
206313
362200
354604
129486
219358
365186
419991
191155
160371
298055
172070
294296
141956
293599
382977
251533
334510
160919
144522
202287
196975
224909
148352
153281
258217
338944
187479
116261
359345
450401
232856
299185
291669
410816
159130
160380
452652
119482
358455
336500
397850
199905
229259
139546
231282
342572
211035
325402
331573
454803
373870
314749
186200
158502
275390
135520
178208
170635
309897
391160
122995
364929
271916
333955
229872
172365
114721
442750
329945
411987
236108
337677
322346
304867
322392
287906
447950
381272
154014
411891
238409
382509
434621
366090
173453
104693
178062
109671
233198
376398
302327
279736
425001
396993
369410
256595
236595
213353
286870
301174
106384
255086
101705
220712
267098
393401
196682
304592
126363
245390
219282
116989
282870
195285
386445
238193
123727
114206
444080
362526
401783
326273
271283
416008
343183
410077
243048
202970
303186
120370
252095
315204
106925
117613
332844
176320
370442
385194
267655
373024
132654
400423
225098
333153
288201
304468
304572
371790
112684
279738
279333
354318
447703
104364
122579
242472
424311
158210
190563
409119
419728
108387
150716
252090
291395
238444
378914
283754
114185
405657
349673
145026
154450
121705
175126
201460
236106
381031
205039
419437
231372
119437
173302
338464
364276
376934
419935
308466
451438
247104
237201
303764
446409
188509
449374
422126
378857
383024
295014
195847
313716
205284
246663
227492
126931
290777
186183
277354
120656
359009
399326
435634
301710
216336
296565
105704
226405
355370
243482
163704
452689
395838
283236
128576
277234
253470
431670
392811
312188
404945
154045
411355
103289
400663
284141
128647
413101
115875
210378
110172
425164
379381
122254
269451
409635
201367
272417
417129
287288
243159
415875
271271
383323
412304
444655
211400
343748
198983
353253
204884
452288
386181
192865
231119
165409
312937
342410
311831
447906
216525
404044
308673
152995
170280
239189
107472
355802
219391
112280
165399
298964
411937
229235
136670
309305
312516
406305
334701
355607
389616
286623
131841
286414
342197
373183
234478
397733
404658
339158
323117
165408
400973
124650
162474
227177
447095
159611
254617
114097
324725
394825
134612
292853
138944
426471
275490
212954
175505
430289
136313
138346
363434
411324
274205
426500
365268
215003
283985
208520
335844
314447
206195
300899
254902
266565
167967
248981
455510
322967
133750
445857
307258
236649
247273
288082
246856
384197
156054
120542
227421
438210
379791
413177
196209
358747
342030
179551
325091
264840
194169
376752
419942
320250
407059
177233
403339
194978
394536
184000
405589
297967
363923
136562
227283
263219
220097
452801
451909
213647
299913
186626
177273
163102
387020
224677
148925
443416
110452
172022
217704
408963
420986
146563
339724
187043
294908
134907
122997
244123
151046
365864
364677
287157
321714
312385
451736
122261
113443
160268
188958
374470
189219
344722
222649
301537
251030
394199
201653
112753
301945
301367
113038
259417
286478
224998
317081
159849
335674
183048
121634
263250
259974
373934
316127
387332
114345
372896
311527
169172
424578
371950
337624
216080
454949
359679
455131
393266
188068
158809
436477
250379
126628
112493
350138
121144
388308
223129
102573
131037
418131
164663
424154
364716
158359
140323
440661
298979
235583
294760
236208
211117
259443
431402
310857
334370
440598
352317
440151
435369
248915
214108
364255
223339
301564
198873
452537
246100
292691
380739
427965
380351
316754
360442
213706
435145
404444
285015
402385
437985
377221
359955
269104
137449
427961
434662
116753
373077
362546
382929
338830
118994
106416
379887
115961
410871
421217
144051
450053
427358
314113
209584
252232
165495
409330
100181
400954
316920
251664
399559
392367
356770
225760
223671
174038
388254
364045
189611
129549
135374
306060
439857
407269
326757
290954
395481
150544
144786
222628
298572
291719
150237
336719
247661
373315
130782
293078
293177
145608
347135
139474
365963
431686
436543
342380
124811
285857
328651
412222
138250
335167
431282
168574
232484
109956
428396
305799
257790
416038
431209
432834
383346
240012
154310
129468
256566
340318
334480
264389
135669
340027
356325
404773
321998
253237
287823
288760
132895
197097
231929
230460
432529
441408
190038
377575
235666
411878
158301
320902
162770
172254
417221
357362
287687
433222
421784
103993
263704
233111
122880
169877
420056
260366
421051
356237
317045
125308
190935
185587
306633
347871
267452
326217
453188
196932
354827
217811
309182
455893
342662
121900
449315
232326
345399
144130
202458
275397
216547
180785
145032
213385
179265
209792
304642
326021
152690
427538
307679
147615
360918
256468
351105
276747
226755
218227
343767
306733
169336
163185
223509
223132
123716
295518
328627
406637
122605
366083
341958
242417
313452
222311
414174
204838
293461
380221
210679
313310
213412
130096
195699
311925
229014
376984
245740
393277
216557
377276
433400
438773
172973
336847
229938
258707
187496
426059
278037
363315
315990
237919
101170
159437
210818
182147
273950
100650
420987
377594
158058
372265
331767
246244
146937
198468
147679
404367
312198
147740
174014
292274
355098
198928
447324
199709
119369
260241
188332
281570
364795
115322
122355
148284
198086
435295
137238
230661
212126
127598
342081
140273
303154
224230
105885
348689
341305
409967
112131
285513
250372
166254
253776
245787
125032
126633
321311
435884
257944
407995
450386
120636
354345
452035
241434
314353
408883
455189
318014
116447
224018
214779
433195
105742
266292
369668
394000
272105
253735
124336
204419
109104
226034
166895
115132
281585
346364
415726
385321
285022
265114
291834
252817
367205
226877
141395
116346
241547
367928
351433
105069
366856
330797
136727
339045
219567
166558
210874
330321
103330
363188
134182
280492
292352
265887
416002
362205
287384
150195
433207
384972
111557
241197
182951
116603
333332
264777
411527
239158
330349
109815
283955
127459
270361
123728
277094
236168
440686
227119
405519
207106
190592
274556
402816
111611
395104
338617
214974
428660
365177
315185
168303
365378
325674
173699
355753
302395
123237
274676
402699
204450
107278
131345
203803
386636
297449
198912
259043
279806
191774
443840
186697
435794
389651
234537
298679
101360
142366
392393
266061
239565
448786
330660
120012
177364
194398
184979
395118
456102
392200
174850
221218
191381
436990
386736
133358
364764
442291
383823
366256
214214
281833
409457
446072
310859
340226
128599
145692
239477
342878
410755
148221
259176
155256
156288
289006
247657
168880
324920
209343
369886
259012
413360
320786
321228
302445
143579
212177
347767
310923
422765
270623
199554
310835
131985
365633
361797
371419
170693
102434
190740
355472
418557
227338
282052
313812
239620
367145
311759
300945
112315
426312
180904
234860
164492
128776
332386
268842
136874
124399
369765
232978
287410
371250
166339
116269
267940
176838
413516
125207
324137
213224
287433
442643
244474
208486
399165
316351
300448
216009
329734
114147
107581
106574
133954
212647
287217
298803
213721
414930
326414
268636
147051
217583
327864
107511
120767
150241
259276
202397
340280
349900
442329
398732
437439
143653
272131
176873
113883
191512
416806
165002
234698
192923
228881
436639
382253
408924
347804
412341
394864
200141
119142
297264
122756
314009
443786
290912
268472
211008
131777
283370
217508
434909
126257
394517
190350
229424
369694
277687
112630
285731
387660
204538
420585
142042
142797
410659
342193
401259
156813
424346
175628
294599
346909
183883
144791
400344
390036
228880
131293
347885
147131
245265
292577
320662
155767
281030
141979
248233
381183
166097
234424
332703
316869
257603
336503
354794
277636
286492
408994
322118
427372
158474
335813
420144
434587
425190
340049
251967
413556
307545
101858
414803
352803
347922
454084
313579
212161
266676
197285
288491
269914
397485
402964
360344
184798
417027
389687
231670
271546
150787
356901
450679
452080
450212
118186
164860
350942
293940
273783
100495
102760
368458
405185
282806
346606
176238
202779
450574
153191
279672
243823
344861
374093
131127
242363
226367
337593
381375
329359
205248
203052
155981
164303
306086
343628
444338
341255
276427
186648
249008
378797
422742
338639
155703
372044
204676
211443
224972
108594
120816
184053
433487
101488
220671
232545
280420
259726
113301
187177
207866
232688
414476
338549
319453
378910
102748
355988
439150
105383
364223
307191
358173
111115
298825
377034
430277
412183
359861
324278
328964
420050
360524
204053
288949
306679
189292
377630
388236
148531
288868
339334
168353
290619
302489
262489
359837
123722
364346
161901
364986
382790
227661
387668
200578
177509
455631
297410
251090
406274
161852
259879
203565
325026
151107
232479
109464
375512
300696
395634
197778
100871
321950
424935
355428
215666
285813
341774
120211
312678
114166
184890
344487
414800
184432
152387
205517
206952
419995
342175
420824
273331
101145
390520
374820
362542
250437
306645
388935
155029
400162
344410
245113
226607
415552
423080
312055
243464
403496
391821
264862
128712
118375
156439
263261
436390
127678
346388
367602
195331
202279
390744
406959
298163
167094
209024
266974
109562
171036
417877
228049
136899
359489
172573
225605
299747
452125
275292
338985
233739
353783
454106
440790
148472
148819
328530
360904
313922
396118
115713
350528
219064
284762
160222
227327
421740
116983
290856
231210
364153
444176
250033
139987
291158
393389
157282
453673
374315
362863
283468
129306
176553
212220
104488
295872
104118
421807
351867
401489
197962
225935
266233
106680
307591
439189
263706
428887
242173
381419
315442
428549
431205
338211
260188
399490
389670
443757
204853
435020
324618
270720
428851
415259
408435
321189
112505
164354
279768
162220
294605
192704
162138
136510
391970
406677
428768
306594
177833
103741
302539
431330
115483
431691
293082
152105
179993
251458
134002
360601
262059
234234
261586
274960
101093
283655
425631
410574
454442
349841
323873
218636
162317
309848
206662
314333
193814
440732
420376
455177
236761
241621
413830
112843
326110
208070
243862
426862
428117
369605
335535
413727
301214
402396
136786
184903
439138
153942
333847
172274
277382
337597
348168
383523
414770
205649
288776
170095
261634
120546
253978
422136
453004
378917
311638
272684
353070
433218
361187
269109
166645
455726
137625
176330
383867
251865
397961
430565
149907
394005
379551
276742
284435
174036
241324
274162
133016
408372
403358
264806
124910
149714
112830
313471
167372
387077
246419
262118
430381
277502
445296
130035
313883
248329
338234
165413
417473
352183
303071
213056
233428
367672
386238
302592
272910
448015
377119
141194
193367
306033
162672
429157
190292
102895
161169
120557
128930
158570
108846
284826
266191
191245
310094
406514
379038
367102
168910
413719
243034
205839
107428
180155
234981
189879
180568
424080
121738
250412
437010
365277
155501
190984
116843
450948
362349
449503
346805
163428
359092
435582
245056
250240
424696
266181
188123
376562
110847
216384
403650
360200
170903
435559
274250
249658
166587
386692
224204
345128
383572
433209
358577
341412
396583
196604
211070
255242
299378
400939
426972
320465
288895
166173
363811
175772
453475
112678
165076
242349
153903
251487
110294
234494
169245
221029
127252
375909
378899
313681
110485
117504
113664
129555
335011
277926
232241
240194
125153
214066
202181
372170
198913
261232
197818
180347
270904
407014
321907
115797
142586
363689
244406
440871
363456
400159
396559
427387
335861
123667
226342
298676
177129
149728
203613
342493
221124
330545
226485
146235
332238
176069
268045
314942
365274
161204
288630
401750
375849
371227
169106
400647
242162
231780
225006
273603
367750
251205
272011
180349
112952
325804
440043
373487
425747
284472
278443
423792
404858
112389
244477
367079
101470
124923
399104
120631
365949
256119
223885
245924
414158
216021
375581
306781
193555
203835
192641
121231
307314
447132
178708
451232
142620
390229
145690
107401
145121
268669
318497
108290
215771
251792
327541
404840
451641
188623
364127
237875
314963
260570
129237
391523
227923
110395
297382
329415
373291
416844
124170
145868
440269
133693
289569
123571
143678
148056
426545
281394
154581
401501
189713
391832
421908
150209
162622
104090
363627
315766
121126
138729
313018
103405
139361
123301
321656
144931
268410
387865
285697
163290
309360
244878
234667
336204
273201
296402
432313
256331
433803
149275
141211
377132
239994
325895
347428
419589
402323
249170
203717
184593
352729
255105
227194
338219
256977
175048
390352
327149
363795
331328
118762
366087
230069
258529
446037
292225
103922
206607
366231
316968
450905
414250
204406
423006
282795
344447
384099
252752
330872
267612
288446
420559
105836
455468
254463
142130
425044
326825
166216
426854
453864
340130
312551
310808
251896
306579
218733
278518
417088
334946
258316
272946
313766
275675
441975
436258
363277
271115
267004
195963
239776
248884
314505
289452
176610
295260
146919
185226
239251
287628
106697
344514
182646
303411
114177
318466
208636
431478
303650
318350
194012
350770
156839
258006
346285
311408
159086
296139
117964
239887
416103
384909
193353
251056
139458
450051
273820
210542
247585
407404
360228
429584
137985
288030
117229
380551
161121
238677
298501
446314
157642
165573
228137
302742
449698
240005
364552
446948
447206
277835
413898
282441
347330
195387
420902
191815
278923
301752
287091
167936
314879
372009
159825
290204
262692
358133
198196
154411
231560
301321
144317
189575
116234
424158
306423
387861
296972
280592
423884
410386
110077
262971
391442
390324
277279
231606
421160
449471
335422
272284
452563
225240
137275
232407
314801
360513
266715
451828
316149
434254
209742
308130
363784
196835
233765
314827
217195
129047
375087
157188
187431
137085
440067
408507
293905
368252
311019
444470
181041
408186
336566
187073
286241
287001
290887
385535
375092
171162
296057
297270
104886
309839
434077
417106
317482
415476
240107
257581
124417
237137
209167
228413
230887
291983
103439
405924
374137
257016
446089
205288
273000
369635
411171
139148
239598
356489
344841
453813
305171
243480
367643
226224
406331
212250
415340
368117
351560
216811
129710
287154
335325
372233
146233
306620
343982
189539
125818
188485
336523
395787
191223
367350
379675
367039
450984
186222
307131
387759
336600
210586
150670
216419
311105
350939
176184
405947
153015
127725
151274
338062
439694
113186
110644
151816
322365
263327
194069
415382
110271
131868
400328
435894
416163
443115
361820
210252
128931
347244
114494
255582
272458
437721
136056
193499
272074
154095
294196
174405
294433
278112
110734
316857
133218
401358
173626
219082
341076
361882
102910
397156
351010
202242
107049
344974
341036
411130
424581
291029
323811
203361
192229
117244
291637
134174
392889
311997
118248
239528
108255
161093
355881
186331
438664
130362
189068
208931
212372
116417
226644
324346
454222
427434
443381
279789
396210
158373
277239
170977
251854
279169
310724
257114
344136
126665
245378
270409
406406
342063
224299
125771
215044
283541
324378
261388
164096
156218
215330
145873
454964
429085
333995
223335
356897
177644
433415
350394
228138
243672
296368
399316
101382
251062
267506
256817
234757
174778
162091
393853
213177
452765
327661
325891
153635
426331
214350
295655
235834
305760
151632
356635
365240
264061
195483
322191
210745
180631
255396
321793
226874
299700
447688
398372
219379
324160
195333
186022
278084
360691
316519
212013
311392
229015
193632
249185
278060
371261
195191
177118
388135
377986
189283
230223
118952
429466
426792
172439
151161
186529
412081
283362
442955
443830
169706
309471
425872
106669
218185
289281
167517
292020
421531
188293
247359
398984
187614
208816
370078
379364
192970
283838
448159
166276
356347
262981
430465
378513
225669
437138
273061
300725
260851
280682
304129
289107
138295
120745
111762
159065
210416
341225
226710
411336
101574
126376
400607
451922
374605
110848
304555
174731
191407
346393
164693
450703
245817
103346
308992
126562
352999
301540
175632
377565
250858
189489
290037
348329
343731
447028
341947
422746
406063
299884
126914
145483
184221
114559
178960
435725
164372
386261
362175
182400
260835
351396
144856
324410
397626
415293
316497
286030
108807
145318
143908
316520
365006
149898
214147
435270
325588
133820
372734
261793
212021
324081
192457
337384
281806
370118
103438
171531
294727
263397
370101
228421
337156
333234
286465
107510
264391
282169
441845
159168
328952
230434
349990
327242
421441
196712
455127
198969
202467
209919
366903
382555
240140
300374
371221
354500
254187
291853
249777
266946
214787
313211
217313
443469
271692
313807
292516
116973
435330
442982
412308
202647
107738
237278
453267
184725
271855
367930
329250
350235
258106
416383
450941
300745
436249
422918
219813
114682
151914
363991
192609
266271
293190
362810
433085
256106
222504
187094
414424
335548
241893
103254
450337
387895
280817
319903
264320
230513
254877
153143
355226
269793
126663
317802
301488
216763
258905
317750
294186
314777
145428
286017
183663
350678
340727
173630
237481
107370
115767
309017
189508
329528
269708
177523
254272
158540
135171
184136
199789
123993
319459
218340
180281
216727
271514
387664
146354
182772
234218
303655
386846
164128
192005
189745
364473
271026
187693
402765
451468
349746
331740
346008
265573
266260
199211
259035
139320
414670
283592
284437
181668
211890
223890
134673
277603
191043
223432
406661
382636
434277
259660
417225
274266
415036
277278
277752
299055
122570
392620
255359
141115
378149
136939
145234
170379
422725
291163
338201
411798
277941
100865
392574
100104
402813
408480
129413
280287
145626
430320
138330
193713
236909
297097
245278
220133
198556
190560
412084
291025
349420
396879
278254
279373
206204
385060
397418
276313
420256
220445
123970
311028
112637
206104
189621
397968
202780
383278
343411
342914
417339
125874
171428
348184
258824
121450
255597
426158
230626
259859
421826
400678
429990
214050
387282
392306
194539
214891
156440
152899
357121
391563
291542
178721
394687
355222
261281
217781
419219
193890
127013
189882
262184
349148
333053
117666
107877
229955
204804
191832
374152
448932
195374
311066
122680
236945
219760
290483
371137
230566
343392
132973
387683
342505
454895
116050
246667
245355
101201
267818
194438
209948
344901
443822
209200
127354
178927
432868
185413
118250
168760
308263
359595
430497
231576
363840
241806
246109
186020
182113
163737
124500
135140
449096
342651
218024
191038
178573
257380
147960
448748
311467
409742
346431
105710
388004
292944
173366
402474
149818
216400
300592
285025
345500
299179
449588
442249
436355
199970
272020
316146
173452
430607
183583
264353
266275
105379
175800
407672
223916
162538
443624
132236
301704
439893
214692
121775
302915
403069
167696
188535
297580
164971
168066
429699
359880
366867
115191
127269
429631
248833
344757
440259
347220
179999
185280
243750
247575
105078
122566
109582
266041
105946
425908
313877
273014
394696
126006
275144
452686
227723
137226
404199
205675
373546
273743
268725
138918
393510
104595
419005
357055
241072
137091
175085
133625
435416
360089
211820
253017
270724
179133
150441
351301
324233
285428
434959
344824
274743
127981
333495
125498
369224
220675
381716
424448
133175
288218
418702
135468
442705
151512
297620
218574
294555
215017
296767
122040
143985
258872
246104
173862
293111
191829
244667
403292
145211
429071
300475
284360
400861
390053
213238
315588
127524
403518
224562
386087
420990
172760
244270
139250
214783
424955
335063
170774
102768
273456
250446
161433
165396
435883
398089
414181
189467
124892
382988
254800
250874
436946
396131
400253
190506
135800
188325
176244
183324
420175
147899
230497
260194
388721
141174
251466
443591
252859
212122
130112
101495
353764
280104
259805
343084
172167
286248
314020
318494
162336
440869
396521
262536
453089
308287
193620
266305
236946
316249
127763
123931
243880
190152
125506
373817
171602
343707
219819
405705
156520
301661
438488
260841
246712
363480
439172
400674
290021
275171
195523
268894
142858
294960
443548
154104
192668
327982
389546
307638
209070
295668
393010
363738
199149
235958
182395
211886
309802
384928
171508
355384
167482
340880
152975
102783
110670
260379
306875
220704
380036
280562
348033
433658
321361
282061
284113
125091
217149
319766
281526
379271
183599
104263
411271
145462
455521
305128
415675
308443
444916
355542
125262
288662
309248
241637
191151
132327
361626
119228
171093
226998
245043
365485
408228
156294
426190
104812
229927
248996
250728
218252
351606
411180
256800
341777
168417
199047
410992
369750
200414
369114
164885
199158
360014
306272
433543
440779
385242
395522
400581
455027
272361
407987
358417
286808
114091
385318
260420
192116
248566
405282
176499
211433
348484
221691
186102
325720
144018
277442
285228
220801
139214
142207
333349
254530
268745
286826
348224
338841
419668
425488
285953
207378
330044
156809
322173
343304
435032
265505
241830
325071
118989
375876
113731
253391
397065
446219
315333
317900
293772
369022
178519
326109
101485
417679
400893
380454
298273
348000
448027
356272
300849
242073
331250
347658
371165
242061
258065
450485
221709
298094
168271
354126
413336
276866
128876
255680
275976
149945
212081
158993
333310
105745
340856
151757
170024
387164
205003
391731
103111
239405
255787
318823
232415
238390
241483
149840
175549
300209
415379
435182
209799
172637
200531
327853
139271
189362
185438
371983
373165
168556
278746
342031
152008
191420
350914
216520
325845
285362
354702
375603
349634
256856
265466
238442
429480
171731
434063
432643
308695
323730
107188
153271
170730
197895
302371
283607
314583
317631
150937
339225
143661
197910
444026
330622
254720
325887
423588
287581
190500
210863
192440
147320
257368
344148
455822
143319
416839
239201
268956
310619
181353
148377
279449
338986
261172
294791
415422
150027
366187
172766
448461
136496
350285
194270
215174
141308
134633
325233
251950
171308
445143
169594
142341
171654
108484
196088
258920
220072
258038
444316
369874
361815
149173
367493
178364
351323
400769
318095
254148
138704
424665
221781
134731
216813
179830
400632
273978
157441
440404
208042
397196
256226
370059
188580
310705
379850
270174
199800
364257
335929
410242
156286
115948
173293
161590
390351
173591
447375
278860
241042
170666
105848
342209
398806
252125
149122
330108
372926
113811
445431
220570
379861
377660
176645
429965
203391
169686
163018
280216
109621
137706
379920
159955
226758
249004
205123
279943
366017
343671
291315
397622
165353
128628
244694
358290
169732
429353
445797
207404
397673
107518
224100
328338
113381
215285
211627
136321
274588
323583
178031
331900
451553
292008
438030
428500
265982
425069
250249
339586
428400
295592
384991
405543
319808
422793
368228
423844
380484
428381
116812
296098
435653
154101
203747
270899
368011
445987
126463
300419
367504
201365
105443
314593
247812
293570
242335
130335
173499
438037
377194
223366
351715
123278
127353
326501
290518
171180
330184
120689
330909
109738
289902
362567
343285
104750
447154
314844
154494
366233
302653
233344
190800
324584
451333
327094
274331
392813
160340
142404
364253
423331
294517
207831
116431
431200
155442
302906
403509
226462
171869
435287
197748
116567
389190
175418
186365
198906
279432
349548
238136
123566
421170
265261
380446
368413
379230
125750
355484
430849
445311
413800
313960
404095
208524
366316
232734
385810
445209
323913
108388
396615
400469
128765
337850
358017
394055
166444
231949
398693
186000
316374
346095
275218
370648
215418
319899
116602
452061
251527
238344
361011
358132
298068
336386
217533
187187
274472
271008
118487
165609
139605
354988
305937
182594
118501
455017
445875
108150
261794
328762
438775
263497
242246
250485
330785
442886
118607
121036
148902
208504
291301
422437
208911
111216
108382
148165
190104
273143
154620
191835
343801
126733
246968
132266
436848
269174
413175
352395
264214
205603
385429
286605
372765
207571
344628
236598
138832
384845
450594
253538
215609
290962
423484
196702
320084
406000
201725
256792
407287
280143
170172
199934
437363
326499
238962
418919
151943
233110
383364
107142
139469
169970
152281
282379
426598
189555
280196
436412
359962
279641
155969
287435
324335
358141
299809
158517
438884
454762
286768
125440
423798
215489
357804
319456
352964
343646
153080
146539
253806
211426
289507
210574
231055
432821
124937
129650
107036
383031
355271
327274
432504
365745
395782
200666
449776
169478
442707
142543
221417
102955
140419
286491
450123
417944
167221
121345
390911
253513
298985
173852
369473
233245
240137
356806
171715
290142
344547
441017
189487
136299
449440
293113
394359
186472
435680
108336
148535
389699
232150
231709
366565
236768
269320
369562
283911
429228
345539
404757
331586
128479
370105
291906
321285
240539
332406
133677
179700
300561
159332
225703
201769
390046
128192
353221
183913
157248
152041
419455
111959
151919
442973
413063
376678
211879
182715
205697
351633
142716
186883
419326
185155
182970
210479
127980
253235
293841
393187
194809
404348
136676
331279
303839
264759
322044
253770
123317
333616
430914
328006
405926
244017
283892
264614
155030
414390
150079
197349
112504
434725
108213
345037
319523
324471
198781
324478
339026
242003
455151
376829
278551
378985
234871
169637
421106
207204
402154
189119
318033
184541
434123
416714
335338
160133
302067
242839
358487
188984
327932
211156
290925
293254
421657
278401
369486
156316
451797
318089
302956
133032
174535
184255
253669
251605
117277
389284
294153
128025
415512
120196
344723
124782
381281
238162
289527
417206
118630
251779
209032
376010
221281
309780
130271
269579
404200
363628
212794
100424
368000
364565
245237
299646
409567
271580
412418
228544
442166
160128
339149
204582
222699
295076
315786
391606
386981
398702
155876
333963
135042
387631
204733
110418
279857
187282
413676
373265
170672
185557
455053
362314
342746
435431
368403
152961
182937
178051
103134
378763
333370
149208
367886
373836
248980
328583
382758
132477
369129
393217
118554
118579
373005
110543
452593
376514
100002
172515
312774
396827
441333
226778
370678
324641
366846
410171
192784
149125
332648
448025
148866
320368
303228
292384
246009
384594
297523
187539
400151
276078
183917
437779
104204
179439
320736
349486
112965
354505
257539
173672
218186
216850
176181
262483
394043
385511
207535
375905
221123
394960
215659
424944
236251
374758
317405
431764
422630
174852
160691
250402
352647
296073
184104
397981
138743
433240
186152
183224
348565
226503
132677
276166
350047
190772
171586
324065
183210
173385
175415
426817
397199
294447
418227
225211
301413
247730
148991
201921
166784
169447
419650
141707
361725
253450
255170
110403
397632
384737
232161
211112
294119
327551
399401
167900
189469
315043
443859
222497
170906
355740
395644
395323
420604
389873
112477
126916
343829
222872
416183
253437
331268
125579
429627
429836
422797
361433
273961
293470
454550
225958
416757
312245
287361
372373
317881
244282
416933
406585
284567
303550
283544
392262
163670
328226
214471
244582
385756
197387
191725
387636
282495
244121
313357
218270
266257
140236
238397
347866
199282
386175
151884
408741
301035
411997
372598
216877
407190
239073
283584
418408
302917
204087
388821
206874
438044
346133
360653
323578
125117
203727
367795
133602
331871
187943
288870
404898
385413
110729
303969
229525
257091
428246
224642
135978
212953
126382
105597
358045
449908
114530
274416
289769
294570
158746
101165
185039
345997
438270
254923
219916
307128
304110
402908
128972
415858
375780
297945
366801
106613
355921
212186
134288
187316
453817
112221
293422
107774
338624
298132
215919
346999
455352
399620
135315
270960
381507
312798
449542
433086
362378
206704
144256
350470
299442
410453
325929
415608
101749
422499
272849
252869
313829
247441
346922
431380
343074
168770
173357
390117
136226
363792
430326
326336
227381
176703
412423
433320
239474
177468
450354
305306
101983
243622
452554
300409
358913
130184
388979
258954
197494
415327
111320
293245
207486
270917
281228
372968
247604
343716
214374
440762
221296
412812
134775
402299
423270
324878
115514
300220
440963
452022
111072
449678
244615
162463
230833
142696
257240
112791
406689
273515
230491
369226
371405
311958
156327
220661
211512
313649
371818
415631
118346
219660
194209
173837
266491
194638
219732
358376
105958
194939
323566
368532
317122
161329
157392
408239
234248
235613
294560
268406
223306
125634
115141
209842
350112
189461
314620
431208
120676
269434
396294
192769
152759
194473
207916
167840
334515
170689
107052
306544
281878
210516
306612
391840
293624
363529
202017
382773
353668
306505
340153
331711
314069
276090
306006
392556
118848
182435
264836
319098
245883
324011
404253
252264
194162
370741
242719
388619
434431
286378
314800
147013
235145
192992
105798
287516
178180
230502
445081
346031
147553
337578
292005
261090
119027
263419
172296
240141
371796
448866
443703
358019
440114
299906
315073
282141
343513
258399
226583
116429
189720
424091
421907
125108
271518
338698
155149
302576
104804
160348
279589
415237
440004
147226
189181
451837
269598
307953
362906
395882
252867
191487
162688
167821
340793
438221
104168
315720
129583
311315
349240
380343
216578
435374
172686
142061
416259
194196
307454
332145
202635
377856
264954
450670
248447
201654
423316
390984
142764
133714
177937
141978
408777
279000
224753
260085
228361
100985
213624
294750
312246
124839
168613
305057
235970
219742
151285
147265
226333
419934
121340
232527
353639
120819
237008
233999
418042
364683
238455
111568
296917
219337
433636
106313
101274
340397
144055
441011
265932
260246
189105
453853
199245
252886
415406
165398
315948
375346
296792
427546
347724
127087
123747
108307
274489
303488
283416
131620
290965
277825
382244
193731
109752
226926
410504
220145
365567
159662
209017
153597
127801
363127
376009
357664
419450
196173
214340
122167
439114
441598
414540
193266
123455
283230
140977
451905
290985
259009
179428
262279
328461
361740
238389
320531
230087
360221
211932
283791
208253
141621
407856
336984
109375
447429
177589
319730
114000
120907
314584
356748
339717
364254
148778
170471
283759
194264
225985
422744
281625
194504
284563
384774
106021
383160
226737
251209
413259
355193
325271
284443
247884
131132
442344
269327
177242
301521
343796
205442
355161
260430
399459
448661
279784
123008
327211
304186
386420
189681
136229
285943
197569
362343
217433
157436
215041
256529
360224
228957
417825
406541
454713
280056
350262
223589
300340
203573
337744
450987
210594
373536
147024
146657
366961
201652
166718
370147
162533
177437
428414
285549
384425
189032
371284
132169
308477
419930
179582
261021
333567
164654
398305
186447
377462
214860
201826
295484
453744
188392
307719
387793
301181
282049
263242
117044
246032
337823
160856
358099
259852
210066
414384
350812
371574
341536
202590
372299
134436
183910
169268
343199
117945
368236
290979
186131
404591
184484
154388
364015
259594
263125
215316
275728
394584
425562
339275
132050
402331
216613
100932
130014
316182
453454
299607
172496
382323
119478
171092
442957
227226
200369
373847
294038
430929
197781
198178
333355
198712
288256
375053
161193
388506
120962
360652
230538
141841
268634
390925
122659
171264
257956
336871
344992
310617
262400
160544
313395
450813
178200
305627
146178
407732
167255
175226
132544
230683
154642
212466
171427
407581
161493
236816
419284
411632
427542
111962
272976
156159
230918
368357
404718
446107
415230
336022
396128
148345
266464
349076
125257
344186
453048
232619
175940
152811
277057
389033
336976
438324
391641
224793
127017
106783
452547
300231
290249
447779
376379
434689
301499
392996
200389
104566
217848
335201
383697
186659
196036
109564
147020
189001
237260
107711
127800
142015
391652
385700
413619
383541
449266
370576
327988
248464
182079
106879
334301
247732
272655
344070
119463
242328
326597
103090
256493
390723
247666
329676
103051
131078
181837
117434
249046
203284
229203
330654
429358
282808
304636
360276
268158
364385
408737
289986
240009
204678
151194
299481
328350
182257
398056
217992
357154
367781
308138
139806
123082
357659
230586
130288
213371
278387
415922
344795
398509
186275
384698
236845
417586
265836
104707
137894
363625
205514
325815
154437
437742
403197
416056
390631
405815
340005
406819
297164
140923
301311
111690
229501
366425
192386
247520
247630
202608
300291
155475
358054
192749
352525
174148
204801
354590
360230
280123
228785
337563
147520
259040
406844
124562
357259
246008
389863
311147
140895
107719
267876
280273
454616
333739
429677
346142
339715
281493
437620
321681
242929
298597
298826
263329
294576
342009
213580
213481
441781
273667
277892
392185
283710
281686
142683
289201
163796
395788
317996
149620
120311
385319
192887
103293
376158
323657
376994
173907
160669
446215
363006
121000
287928
220172
231593
398923
238509
328102
326231
236560
120070
364215
338020
403731
436795
117155
399517
124731
402891
276404
138681
127310
235656
155628
236014
427167
355603
447364
189061
290905
217534
317357
453131
365202
318523
128773
166109
160439
125021
333883
232185
202588
346861
103163
263876
439397
166226
113127
291418
172957
198493
363272
252414
404193
422764
360598
282881
167798
218031
131569
329395
448531
190859
218798
302014
254607
416837
404798
267071
329728
244333
136998
229505
369692
277353
137975
419068
275130
279275
100926
257386
282967
206056
117032
224231
133925
343109
366015
301242
339612
427411
337341
145533
209666
260522
233425
210761
398962
446716
257959
144426
272124
157068
160548
191720
317841
364198
442287
117149
153396
164505
331925
383695
391878
294863
430347
416463
187198
189422
271244
241136
395101
254061
356868
171130
140228
332851
187735
394604
389286
273431
311489
339921
255698
396268
341839
323330
186739
207424
272182
137197
316696
106478
163203
288640
431370
215776
187885
145712
149017
298701
454349
219821
174833
141098
184072
282180
273204
156266
378674
438840
103121
385389
292318
326908
165215
274434
452434
217829
345684
204799
196238
217029
427868
258725
215874
277676
231706
174710
234939
182138
213858
183251
357453
317094
310152
363758
419306
391333
312125
203820
288390
401946
298848
279660
213616
413579
282994
193244
199590
296302
323746
408164
416331
157973
388751
371300
401421
426490
381733
442601
125395
130619
286186
422589
171507
326163
186941
270365
336131
153153
319767
339127
253345
117479
261325
393595
428393
394610
207597
281180
377535
198867
278321
231541
447765
259366
219517
297687
189126
267878
406231
332540
444484
109716
173438
186618
281718
314373
141225
394554
104343
274844
285995
200346
433889
193433
138064
424666
135406
248549
395758
208582
407270
416706
144347
225897
358945
375451
266957
382572
221862
202774
410920
199692
123605
340976
241317
324726
180428
263931
225371
192662
144926
372732
418928
209442
325514
290435
378608
452536
283944
386236
271350
222344
187610
345610
221843
400353
396592
385029
235944
316905
296894
368774
241533
190287
218286
218357
316306
353459
159788
330887
379407
456251
352027
412359
121306
310840
454849
202932
199012
440454
431284
277993
123492
177735
322811
109055
455795
281421
270115
446619
245821
146630
331762
118649
150356
280985
159673
437159
172118
305471
250726
376692
205634
131803
417127
385642
447961
328961
309607
429687
208293
409736
303617
190877
313935
164469
272174
346238
311592
229463
244979
422220
264402
264144
374805
166999
362330
341499
214149
168490
319263
444156
334468
209500
208130
111278
320882
393412
337106
230250
229725
386168
415469
173363
242142
446559
215292
290903
382475
397902
332206
275094
157710
196756
329824
210308
361468
203595
442531
108030
119374
241944
352955
299353
431148
139080
326444
169509
226419
205597
348658
185241
397368
168358
446142
161074
112936
213947
192040
310271
212104
159962
216871
396309
359934
185267
449828
229589
193728
351702
135861
331195
440994
391277
307595
313696
280974
356329
340803
171242
159365
286288
342457
418380
388108
104413
376197
446453
216134
303350
172348
413286
145704
250760
131533
292007
382393
147491
128679
337632
150672
428909
218263
277330
363729
352115
189373
198025
112006
409674
358304
397972
227450
438301
121267
184449
317235
148685
419982
308283
258154
245887
208474
389736
306940
107353
162375
293767
138331
416411
390219
333384
378583
435407
344144
305736
285390
391305
168947
143693
141769
409473
432508
200035
342521
403407
435389
187859
112442
301754
331680
403919
354359
290067
271946
426695
229849
293392
233004
280387
190724
217197
277106
418492
213147
300004
357811
269852
375998
356914
161809
123481
259554
111372
234624
327049
346702
193476
359984
199784
199587
391008
309552
419475
209912
166956
401614
140727
344671
314611
193148
236088
296630
276591
309447
426894
402366
147707
393661
230778
168461
326162
426831
405605
335237
423480
229866
438746
421278
126556
232281
288631
203370
166948
171734
315411
102225
369756
349658
260198
456176
300242
354692
343002
311017
362648
318279
198223
323314
196824
168073
279921
189386
444073
318645
423578
448495
380436
215114
418331
109758
251723
229026
114831
123867
166513
306937
433801
107314
123126
107600
116677
389465
210747
229885
402791
373708
162700
113817
247782
446006
143775
239310
414532
226449
267902
214875
236903
312078
422283
351111
259654
384066
248178
343235
233323
272483
382750
414554
236503
246347
189419
177662
104129
257843
452516
126244
332232
114066
191339
274827
381990
298829
196653
404016
159681
254458
324826
369415
374542
298449
230639
196732
431985
337076
289348
452419
157994
136804
134188
416867
157412
151656
315490
213106
281129
160769
306592
394895
179016
313888
240334
264372
343642
114226
371200
186463
224515
292481
367832
224273
116962
421432
297977
373690
231888
109964
365203
273733
389346
175145
362829
428554
236349
359102
415945
214490
162213
263819
191527
266064
402751
400617
327132
405757
373983
301847
444727
391000
412279
156357
392856
312599
450449
382798
370298
283185
196915
221290
189920
175238
272140
237128
136271
102231
189669
438283
362647
137122
261272
221162
219316
305704
422169
218506
101384
371793
255426
113981
318363
212971
431911
155891
334771
262973
156373
159834
210625
198243
131523
362192
288549
421149
362461
371678
455618
314892
110849
314115
295353
338400
286180
422289
234518
185799
271920
136534
283769
192751
125644
195537
387647
145092
186734
289260
322543
103342
122297
145414
179215
353699
443848
405341
374716
382265
311702
235841
308771
397385
436316
400947
162501
113297
126802
391545
416412
252796
268992
180914
187086
279787
260952
306218
430324
365099
276652
443839
286370
165716
335144
415160
293371
311246
345748
212062
131910
299444
217658
177471
172936
423452
131035
166272
314064
133443
207658
193355
231394
330177
430702
269442
170885
371408
169157
140363
133568
378697
342219
368431
280487
319027
259141
122507
373471
153232
423124
443904
276858
132624
367711
419618
282547
224254
156055
385572
425558
342289
264249
132909
396180
434057
113359
371046
269558
349695
179524
243324
241884
444074
442117
405180
101988
221678
325266
431793
452700
290459
263692
320272
255527
270953
289888
285558
343877
385160
429975
159057
416758
309239
276324
317252
272054
413295
437828
310300
400825
191431
361505
105120
157511
108451
161303
131137
244153
178925
298604
371884
379326
340231
107484
179766
304246
161563
446020
274212
132079
400613
376623
337828
147284
410511
102892
362768
438040
281152
299216
189657
377844
245095
216359
421429
263845
214341
403428
181219
300068
344198
114919
179740
398447
143629
360078
188078
132066
288840
323431
403110
350348
268204
401204
126228
349513
405711
257535
307392
106725
303500
300389
288014
198328
332804
110223
357514
132407
387989
184461
127692
321121
191409
370425
134934
308567
191934
347645
378824
363442
163780
356465
375286
210193
155879
314361
182634
358320
350816
447085
362894
272107
153786
452081
199412
275027
185579
278970
192293
307908
393167
212503
126766
306786
285800
449363
113334
339283
306770
169188
166318
372283
182987
125289
281238
167579
167322
383725
275652
427086
314339
225731
254153
179973
269092
324446
269767
253334
223169
331994
141708
446641
271071
175666
442307
437860
385168
432796
404343
305506
196983
411383
232668
413535
393687
426270
435589
164750
333346
199547
308192
115975
357244
343242
360507
167761
443480
419722
178333
378802
273655
182194
243429
342993
416174
283377
171343
211034
398706
346997
198993
277437
447437
127003
448271
375922
192352
262819
102395
180451
331061
197952
225157
115697
322343
259177
269383
296805
448929
254723
159231
283568
420940
111864
349247
344438
435612
234738
449784
356543
150878
291410
123175
332036
198071
304826
143926
218836
292484
289795
103353
428484
299609
352807
345102
261553
291977
428750
330456
120213
176630
395786
260653
425138
452965
305193
162990
300659
302464
276777
133225
415073
390885
224655
198240
410701
363019
118945
111460
371184
203487
131673
404245
300960
149109
231219
413131
235298
337409
438359
272758
345641
156332
408995
292478
224402
367519
426080
293286
329187
130969
236329
446171
136325
289790
116035
322737
358393
170110
202098
198866
337702
302497
382829
136410
411401
242733
321307
258933
245606
442429
305243
317870
227555
321972
373648
394480
251683
371280
218201
297427
256736
390596
420582
368229
260629
107154
406088
318677
159328
414301
131831
293016
414294
393296
441412
103422
305086
430321
265585
318100
259462
213944
217810
286101
196214
111551
227137
239635
188636
276278
135443
385476
443952
356190
276230
235653
346497
386185
373293
392023
160210
274352
179474
441036
125000
167194
173257
345818
223620
288565
121173
300935
341540
387994
132958
106806
264164
320028
433399
318712
257588
405296
291002
269200
260846
379261
366831
241094
278883
123557
382014
371909
202087
146550
286336
410803
151198
453671
448582
148771
387041
270762
277339
384892
350237
159046
243884
278127
342562
109116
138675
300112
370925
212557
260966
332051
111721
410486
254145
287930
414680
341382
124624
383836
350760
312622
307656
244239
415022
352847
228945
266115
283002
147041
308141
182788
344233
297578
430525
339702
129567
370950
177862
273059
201250
133621
419367
310621
254600
401215
201716
407912
342307
254314
434893
396079
146601
263665
335925
194225
242697
378208
341464
333241
285036
192901
283378
109628
209536
251402
291271
228853
442591
335567
365649
363426
222469
291100
254921
142553
253472
368364
328655
411495
330352
185539
387239
267373
231112
189789
388329
309883
291912
154926
405452
148506
388515
119020
409092
322862
447270
279848
334541
223564
254790
279398
336883
143578
184167
226330
249592
208581
173465
429316
194426
178515
374491
281817
444626
415213
350735
100945
301981
249001
263782
422769
387852
305891
138864
192351
434513
450909
212616
380725
253601
361944
354113
266716
119608
448765
126847
207298
133485
165259
403321
326341
233678
378986
296701
325407
317825
150374
378301
334983
253047
200944
425298
270111
228824
128267
201106
185708
191742
213592
343455
250167
398015
131191
119708
386781
193736
340141
171690
135890
197506
157030
284130
297772
110293
397495
356316
178605
263375
117084
405783
356371
317957
297823
396554
442582
387229
316042
131481
445051
425268
111204
389485
450584
143929
194718
126055
367509
372971
333931
345215
449113
418070
329675
375651
238588
136419
306301
194781
253992
450934
215288
442790
252129
123360
227219
316981
312394
225451
224739
422364
426433
231003
307232
351729
358702
255049
216585
139712
276115
345159
149234
107574
369850
224104
190667
246655
298695
353323
441973
212393
250674
406595
305390
446896
187798
231657
196534
327360
118900
235849
158777
228309
445139
443341
303706
332702
303571
412443
243782
416595
304919
215550
260698
422293
186494
194430
241796
113029
370655
215392
218096
142769
435414
455757
298284
261118
393727
308366
353409
379252
423367
272930
336866
441884
456002
367485
206152
192084
118958
143649
387304
421720
435116
240633
147611
331350
186386
343819
392897
376621
369882
235786
132226
183813
240451
395117
177361
239962
363374
423209
443488
252173
132429
211456
134786
111587
113224
148016
152946
452454
377094
169390
156607
239057
225907
274923
183300
282880
123819
240883
317212
355972
116337
164433
266184
176647
358109
362984
178277
347256
105683
310341
113614
382993
323683
318431
266449
290793
420318
384042
371856
286435
190270
365791
419566
298626
443121
363749
207072
296932
400774
343929
182249
273155
155525
409974
286645
245047
214687
394955
398869
222073
246095
263687
338989
178580
409593
436695
182278
101874
225100
135532
305612
384376
359616
200839
269743
168572
145320
173238
411487
192849
373527
317794
164974
375253
383264
131197
308107
361958
284970
379950
213720
196190
420999
365428
157439
312100
396909
269685
354247
446802
445626
169352
338278
276091
364681
293100
370992
133613
423553
263627
196213
393994
257083
190843
438150
158649
275322
445423
378092
450390
396348
383314
243603
223742
149115
121007
399829
300565
202838
391120
241719
180835
147275
333304
277780
342007
112093
346967
445180
438016
428066
284192
155055
294105
276587
147173
269364
379611
420519
188922
243986
102875
351384
308851
179623
329878
270065
438600
326963
164743
327324
318493
303546
230927
222455
335860
153239
351076
225476
149458
254864
388691
292597
378405
162496
302240
105252
324818
163744
101444
423577
109651
297582
283676
148215
240165
117028
239999
177082
160784
228993
444511
380884
157751
109895
156083
402939
229197
380606
395844
380717
206964
378380
346121
348762
335583
214565
362353
327227
366009
117415
397535
135391
192665
357871
387127
107045
455356
453951
409996
411294
389812
334713
302114
303517
395458
440921
429044
113869
334262
358234
347318
240964
431550
100477
222007
203507
245084
117883
273702
310465
395658
234762
195427
307774
267321
167376
117235
175140
361138
387463
209259
250672
397577
167012
322895
365571
271892
171740
435127
326651
285663
451891
375540
159573
136801
202886
159109
360735
349401
348113
231180
324734
346556
204578
344533
104116
368154
424948
281924
248868
394590
327117
345932
307475
423977
331987
209573
284613
354168
301014
361144
426498
213560
234839
149555
270203
172802
333390
341500
342954
363325
129107
411663
172280
361532
386784
379542
287283
119224
452915
374115
373056
162428
219292
390753
371756
221822
344331
103603
384112
437314
364583
398100
425799
100490
351190
175232
250871
239448
149559
212728
258416
417482
170763
129370
393519
440492
262411
434080
142773
402991
355652
278018
432083
331154
408956
390979
166615
129947
335623
205941
406190
451598
178885
326724
335284
223392
209904
245512
267909
185008
432914
305981
159072
294712
112540
230481
287310
345013
404863
278830
364841
228705
281375
301624
202619
215275
134145
132727
278727
232507
372187
317582
289624
233552
247084
201964
403595
230951
116714
201101
288137
109681
355425
119261
429087
284899
178733
129266
274013
431891
147126
251355
340183
375423
441468
367718
245644
324513
402083
295979
312162
166246
148620
139370
421061
298019
127303
147877
171235
436038
342943
106658
141651
439639
315455
346318
433299
423049
106633
405913
192602
449321
441520
352509
113874
344416
368866
332684
241484
162286
324012
328277
122531
438562
307153
436744
334189
190557
263678
310564
182151
403237
199857
223009
450980
261240
239367
308385
104890
174200
117735
268878
451794
442176
367859
453365
182699
406749
190173
316780
223291
202486
407837
384919
209463
219861
182095
142197
214432
239542
437115
238836
113058
419517
375615
173772
159064
269061
100902
444817
447233
418811
355918
362992
426227
258815
107492
133470
420669
130631
417238
264780
160415
272331
112899
347238
126199
134228
166820
110333
277814
431565
133687
239433
182185
235776
216251
420579
446583
127963
385794
171761
181791
405616
335800
355754
338728
180596
174593
154123
149609
235122
255718
206125
158900
117608
144553
167125
100396
291551
127026
388513
367320
446826
335855
432685
103900
392867
292956
150792
189346
337743
258377
447962
272007
400583
364938
285656
426230
158484
386977
366706
368812
371599
129653
119764
299204
339756
426485
411303
329123
428693
342460
390195
266277
384938
257792
374697
383630
380810
418158
232387
311148
187022
289102
205185
392904
125952
198280
142636
242456
157638
416045
198313
195038
308358
104471
300689
401702
411569
305264
129537
174455
212522
414389
196327
276461
426936
398722
270227
451581
237139
149290
285262
300464
270990
265882
383898
339129
340213
157475
116809
413972
367782
257759
186987
445964
450645
252790
208209
400984
150556
426805
219338
333090
246126
207656
330171
455392
345389
174650
366795
337712
346888
276261
406199
302838
386142
288325
301425
421080
392521
366975
378077
180260
229629
385667
429004
441587
205456
319702
268617
189702
280155
170399
404092
414523
227067
172723
276064
280937
234995
100816
140368
107430
406191
370784
348965
237918
122651
116164
268984
115929
227442
130031
224874
320103
324546
169521
280734
363169
143727
441411
183350
330483
323842
388137
100839
363485
254594
388366
363239
419723
397837
287752
393100
436173
208259
413326
378540
343070
426562
308150
204908
345135
112515
375155
252062
106582
239764
304727
387615
159832
204798
341367
386274
248547
421709
103039
423374
326911
183059
186550
238418
262403
253279
323045
271388
251577
328778
275197
409210
208037
183887
220978
384716
117538
203739
270145
127791
150034
223557
292704
450359
406801
148442
148363
324395
333213
224404
242052
303614
205868
398011
109924
343529
274073
201078
172088
300591
202944
453192
120289
349542
349045
186050
380955
423085
164272
399962
223138
258480
277123
339618
393579
155219
146192
314509
200970
393375
132426
217336
368148
100697
277879
426920
167574
138154
288248
218304
113379
139790
367314
129477
187298
364772
362532
307909
340209
341470
358962
171696
190221
331218
375273
153926
134308
399848
218638
392088
444865
362483
116811
252456
332518
189457
105016
374966
244997
294957
227469
436283
112275
230489
383488
268776
243515
200050
323748
154290
230237
187345
296914
380630
206789
180938
410575
424439
391192
392305
258289
447328
226063
259248
225753
400845
213605
415241
178276
207419
371609
332659
451264
415515
307965
440243
449993
344507
302440
424170
110574
225619
118328
400073
257962
329042
445981
173597
392497
110683
117830
215665
448419
231187
116770
315853
356606
158557
304783
243197
337439
227218
331532
437249
316414
409114
234120
231526
313551
433546
294545
139346
197454
442120
221127
102773
368654
329774
248847
444079
239566
232815
373246
184170
372869
148234
116961
169246
322548
455527
313082
206450
307767
361201
318956
177647
332474
118124
431232
285427
416562
347412
120137
131482
150776
302110
393665
395598
302252
191234
274938
311674
268484
184768
148296
153381
168570
247308
348505
347567
156967
180959
335079
338691
290398
102586
330501
233398
271755
194798
382558
448911
139918
403020
368720
173124
419027
304165
354916
185741
372180
409494
312165
289164
208093
357399
186664
225441
357517
258719
164078
250008
181177
134193
309022
397780
263954
389620
273990
350466
352982
337894
368861
381276
328386
440453
374497
114966
408576
339889
197242
279190
102003
200550
444560
206926
239934
296353
219485
154911
376559
263000
390096
251958
114982
190049
171260
430226
343408
415365
151503
287364
315728
178147
326629
115303
234211
270280
390085
382099
123353
425991
165327
292193
365737
189869
367522
422788
274609
194745
198098
366520
392257
429758
344020
105064
308205
321037
445604
263904
104817
181252
223178
252732
235315
111615
416787
121555
230846
143460
417531
278658
103327
203765
167181
244067
299275
199617
192450
117026
419148
248592
399460
353438
127570
144583
199753
236132
394038
254103
395051
228190
382032
280677
218404
230723
412864
183923
322340
340299
168290
128225
174808
127519
258774
382782
332588
248134
120401
302620
375560
246632
374126
109726
441673
110818
185762
374725
301709
122674
155126
192803
334163
359357
375495
349803
373436
162976
413561
387243
426607
130542
285590
446352
412224
276282
408469
201361
120150
261580
235001
102235
374897
441932
256759
356022
382236
395682
273575
407295
344151
119969
362626
222272
264039
148290
127167
415612
106074
134606
317377
208541
229811
283183
209466
297956
381064
357685
168467
211759
206619
452987
395052
279827
295234
257879
316560
170727
315232
195832
211825
110122
189356
271571
188764
227373
292241
138531
310067
344005
426849
178896
260332
120230
262434
432164
240389
152254
129571
400358
288732
154041
377841
398359
221351
217051
157846
155395
117829
227821
352989
273373
395967
107722
322912
269367
140440
295446
421875
371668
115159
374792
445446
401542
370287
118612
391374
415216
213697
259737
122278
319315
258078
106348
259966
270251
227777
121047
298071
214132
183311
364301
260805
449596
277301
221336
455353
100690
235245
286168
417818
369974
328691
319804
154392
244369
318199
119551
135798
212428
187104
446386
158792
295884
411174
266388
180265
369249
145956
180684
278039
329967
271823
361265
306555
198639
322854
359400
321893
401115
133792
351280
348214
128685
389482
185053
170531
395394
424541
283894
382705
118074
440299
138042
152704
455681
344415
344208
203005
297524
344132
200192
177957
437893
385637
154891
415556
265668
186544
276277
306681
226090
195209
246848
357090
229330
397140
392983
378818
439176
210721
133112
279724
336872
204774
203689
398511
280943
356129
119007
126587
172228
144006
263286
276853
444514
173655
325034
138445
225395
222883
276336
146825
323500
406942
303344
442753
249842
370532
141321
240224
170028
411810
308014
227284
448643
195294
136834
322920
205918
210589
364452
211769
435050
306085
117422
183830
440576
432428
252577
291913
173689
367867
302924
180603
455038
297866
225071
241021
126287
407035
206772
244264
315893
102835
265645
409086
200464
421971
219782
184142
331687
294737
162774
198006
197423
284603
379543
235032
388001
360044
113364
249638
292177
235308
135464
271495
197642
281829
205557
363929
118694
312320
362022
232801
414020
453529
205781
342983
284449
318569
315729
455170
351463
175709
267986
121269
298267
318158
102096
373792
404877
176591
106530
194489
306391
432990
387488
294280
339136
169896
236046
148299
108370
105645
149971
369158
182891
398971
143193
262452
244870
366787
227689
252616
178718
364608
254927
330032
195453
188224
290638
444022
414337
205391
340030
199807
243064
364112
377404
259887
245274
136175
333511
248876
401601
178035
153173
417366
362593
335311
353166
418547
106378
128061
254565
422741
398654
206508
216853
203256
342518
316460
159169
183413
386487
289855
278654
356902
224029
205921
231970
418164
354040
415475
283908
144869
173502
256531
103133
282003
316345
255919
125027
353928
307268
124060
296146
276207
393411
202641
350191
230414
446757
215808
119406
393657
106681
337662
215532
239821
394786
173075
204721
269365
141380
374218
105697
403085
371306
421886
446500
195748
160483
449034
389278
241132
435106
240487
178813
323767
440842
125861
197008
340029
254353
355463
180928
308689
388965
289263
175054
144487
301011
276387
128338
178802
398499
234313
399376
229864
125870
303933
119923
339883
323855
294801
440369
160960
394921
244177
294229
320185
430895
271556
380951
203537
301513
201276
342909
424642
394220
184244
228507
408444
358365
296487
318789
166539
364871
281760
282935
208812
288995
395550
143125
451746
442099
101591
129385
349019
133110
201469
453911
270385
128388
291690
196249
209461
145536
307325
426064
321194
367091
416507
195177
285082
306968
327584
257573
107303
186966
130770
222025
278692
401248
416332
296217
342064
150611
390331
275894
151890
222395
305930
220650
345367
421378
255743
293662
242677
181254
223816
220222
236115
401545
165695
256518
450305
136634
197755
308061
222919
204619
172214
194381
330230
354541
407628
171435
454670
416004
140643
141977
168424
315551
225506
154543
326212
279771
183126
456050
408001
113450
105724
349899
223233
314284
444845
279045
329283
273776
309906
358047
207543
231208
325398
166544
131437
350642
171460
394882
288131
172185
324738
275202
438373
276784
131614
440208
438497
283996
275760
334340
132979
396052
210534
231153
308556
390083
443677
267735
290148
124599
375645
122457
205838
369517
408009
444871
297222
442489
221361
225956
189694
138017
264987
454372
260667
211611
252691
197078
263534
103204
295437
397498
190348
361029
355934
119950
421325
295865
170747
393516
237155
361444
164238
284119
420492
437272
439588
147977
361127
361768
229583
444546
196924
362564
367226
229735
300771
205033
251882
403104
395484
108191
174866
325457
355702
399544
266969
243625
390729
248957
215602
268051
123100
283506
350390
402850
196954
340366
163054
140385
314668
113437
427944
222757
172492
335249
361180
333894
346935
156370
434605
111497
424057
293869
130975
181199
410267
397062
338832
225708
447510
367697
127703
333256
401900
220016
261588
192059
204758
326595
417862
354785
102571
323559
295606
285655
252923
227265
282372
307091
392435
400324
245533
248529
301464
204880
434567
295110
254913
166997
186552
343648
453392
297058
241668
389776
233568
197939
408023
187688
288810
181667
347514
232298
192429
174468
272494
240659
437298
236044
362975
252566
144490
214628
278024
252731
346960
131059
253997
265203
146880
100207
329513
210727
429213
129853
296593
161965
436157
230266
163955
336455
384898
230645
265459
253452
113689
363460
162122
290775
336639
271345
273234
345226
294621
103224
382978
319121
285827
359760
169021
214578
386907
444262
336456
358617
215789
276295
240426
126787
307533
183724
123468
103543
215691
224341
201509
321789
400340
181812
189446
141616
383635
118394
371220
325447
118626
437891
204988
284531
191411
181928
316955
295967
415282
241664
244499
297910
152485
392272
183886
258465
429595
448565
331941
324297
119785
150105
201910
437164
213185
423776
351950
412144
149802
339219
320366
366047
252850
147753
102168
310050
253033
262529
208603
452474
117630
107641
115371
409410
377512
153409
337610
284102
177282
439246
420739
106661
180697
142639
416378
349879
151190
192437
279932
352992
304059
198063
214683
325485
424684
299749
431830
332350
401214
307854
127394
216701
114029
198675
169987
454091
345681
382659
321490
394259
249420
207263
309291
284489
295598
141499
303794
127884
431331
335693
307084
309084
119337
207180
206869
422963
130667
260605
227581
108375
111677
339712
373370
196749
359698
210943
139847
242533
252305
358524
323528
207077
293465
125999
260755
168029
353789
237407
447401
425079
275916
284316
378372
121927
359540
167903
349366
154200
386397
376980
118521
136066
106544
248002
253455
157850
402319
430769
176296
188682
113136
196957
357953
372798
158575
102271
270877
341420
347898
280285
134675
328249
196547
130927
281510
140407
369048
160907
170664
232998
100326
160182
112908
445887
236125
419521
397995
268904
297302
250998
259303
191713
142766
292835
293148
327645
104961
254649
214796
381576
237045
353510
301954
131853
427336
142640
240541
233616
356364
323360
439184
118880
192073
158456
268953
119886
230627
258700
385779
192741
215538
186703
449495
328147
357401
204273
223156
426090
109998
301509
223931
434803
341215
158745
456143
172328
273952
450375
124124
262558
273164
269901
399377
365173
240961
221052
415670
302562
310134
187660
220492
388152
351688
367513
336838
421412
373783
402533
425179
137579
369429
249775
197079
276361
454992
359305
147873
119670
108694
400679
279326
254438
451194
343092
101340
445362
260466
134394
170562
279777
190157
121839
383573
226920
215765
347800
248466
113238
104296
280457
254436
109857
323699
243771
156212
392308
108431
124858
143556
126149
153131
241366
361921
230501
179667
320570
433924
278149
331434
103314
425010
383915
260532
229879
298719
397296
247182
245866
404627
339064
162197
278074
309503
312530
295111
354310
245777
450021
356119
339855
129954
219511
189394
191428
235633
171352
289453
323265
168583
285724
258425
182488
424992
120988
148945
102491
438131
184747
259907
236328
234562
312999
123769
425279
353835
265984
159189
441822
284915
245583
427421
252629
421560
338080
268315
230366
326591
169923
425628
127732
381746
417184
294335
387097
407649
221370
435878
405854
350145
212129
346187
455969
154441
346417
264182
322526
135691
400590
241206
361460
305993
228707
407849
357185
334789
415884
138027
417384
295161
412978
298749
210297
377315
309532
274633
301436
137413
112638
237265
451781
344862
386207
354424
240641
447964
259903
228731
414219
198474
221277
128819
429141
157707
270107
274998
307847
101228
122282
347561
180693
143237
353737
302307
379984
322081
139036
351714
254848
285484
233002
208189
287452
421347
164293
374554
278063
169127
257230
192776
348716
243439
241896
428121
310550
162797
286593
157996
198615
294680
341153
446172
104666
323735
345549
277251
226988
132184
355492
390375
176963
337824
204624
248614
155666
302459
305906
134589
410795
326730
273040
240291
257072
339574
225477
208089
302086
283949
128440
142292
249356
209634
100359
261600
160359
223639
211144
317641
172051
195016
406820
349893
252808
235069
327126
283527
148043
443511
417314
443675
193014
340443
202839
335090
199482
346351
395344
386687
147881
121642
368463
187582
432401
214184
114174
366748
456112
175482
400467
268277
378688
208442
338342
188137
303566
409453
279760
358515
205902
123604
266841
129344
353282
299154
332064
250309
366177
256329
244019
281113
436892
352809
123303
149520
405903
128240
275857
429101
163615
451857
388091
402334
313194
280732
281705
245093
216867
140666
392134
266627
122418
225814
144766
299107
272455
419683
174765
324722
161915
450056
387766
439204
182288
193212
378672
348414
333272
299401
290807
391247
177897
404563
192578
226610
406628
145688
387205
275630
187656
226947
357452
274604
274862
271341
108660
255479
132081
117385
239133
384685
365983
386632
296174
193885
160346
201835
455606
287590
411652
380447
134873
279520
106481
266648
397754
217678
400688
158375
261581
182177
125612
209963
275716
155222
224144
447939
262809
155143
209934
121943
381948
391949
353848
131408
177442
339029
140079
345241
308529
227163
331718
139537
168658
140584
278163
199880
201482
390414
221558
215462
371450
436633
145220
269405
215466
190949
159344
127108
437609
205854
442210
252211
158525
347664
222049
312170
312667
293006
423360
252628
185882
244670
291515
415294
420563
330746
287843
395555
180261
146179
291156
219614
237776
267704
225661
193222
240643
247824
128337
350257
249751
246865
402873
307525
432098
247878
300465
224362
408244
127330
129301
113416
317217
443331
295743
421358
321886
310868
289834
146158
228546
242871
335793
352387
109270
445205
452725
337150
390177
185403
114802
448428
163218
235277
236244
145452
141490
401642
180317
375264
349169
279571
167965
283631
261727
229719
430906
234193
387104
445060
311169
358467
413944
390685
339239
221844
429392
333537
269907
122245
379958
158600
206237
291485
136362
370840
450361
300574
381491
218216
322297
202950
454815
383914
236908
256233
260921
354949
255838
277973
396481
236130
137759
148302
125452
306916
284982
445441
339081
351229
269097
120428
186770
275210
244541
210337
232646
425614
204006
177215
352136
325220
210644
452561
285141
127551
441891
356871
205527
414477
386132
341468
423637
271219
265544
322632
378256
162598
278417
125677
102384
455819
217199
340924
437512
358157
147719
180019
212846
276946
450281
442413
431737
320472
252998
368894
114916
170390
200451
104573
380581
408369
289344
342731
383059
349636
321955
353781
147524
238861
132178
156859
434717
235976
278880
346800
346297
381218
367170
131157
230488
305632
406071
368476
331429
125457
184152
311423
243749
104157
239240
207287
147407
354760
309490
143635
194975
217349
392821
267419
210455
200845
372339
114896
336728
292252
335995
295784
266298
130706
335392
171539
406032
394158
393447
435743
200792
207237
222695
321780
184115
194346
250608
337328
122656
199035
353444
123779
422052
254298
214748
428419
138381
435561
195989
179104
228368
258224
348609
298559
203514
281558
269592
148092
421510
440279
358816
250715
109350
258195
246701
292057
431706
322556
120362
201550
406910
106621
287494
450484
103059
218913
204775
220441
273166
177326
308844
263050
432515
217633
272058
182407
361258
203699
363746
140653
237015
130254
382589
379218
436739
393132
271764
283070
288447
385864
346758
348562
395868
403212
436972
147260
136987
243072
378568
383944
197121
247093
394840
410230
288559
143910
104536
103052
448458
150329
409752
154466
441985
155979
258600
430138
292368
106569
374833
196107
133086
117597
209884
455107
296426
333427
371424
291482
269857
265977
226870
174834
200162
178093
441721
302745
410226
271127
384835
346683
371130
227358
140295
234017
437961
345161
102675
359194
224704
224580
250746
384402
125866
161037
321149
103522
451776
274433
210336
252254
423384
199974
426765
108880
248103
407367
326720
281215
196468
293135
220262
269136
341680
434231
282983
372303
331226
232052
362999
286974
312630
132439
132315
447149
257479
103987
377128
307576
281226
343906
232368
422179
136877
104053
302446
437529
394558
411488
193412
345074
393234
338124
155102
352005
136513
239313
251128
446325
229208
306269
425765
432957
297062
432262
395301
156109
197878
440969
196699
127489
144021
186760
184229
293484
162658
143978
294909
141506
367636
378014
409592
348360
323912
210798
421621
436854
402535
317398
225251
271531
130597
309257
324921
197927
322089
208797
312355
447300
376175
219698
187271
221772
360131
370268
237125
123216
252834
280061
364317
318394
227211
224425
239468
414037
322704
229295
272187
147337
273351
111973
367329
426499
291419
349578
231669
210433
415904
407028
236942
185035
346441
374746
423953
319904
451623
261203
405587
347459
285526
413672
256085
155934
285331
339393
404802
138060
341233
347310
301312
394441
451525
436297
123167
250905
396836
361166
388396
134136
283902
178306
443800
240764
420170
446839
158734
392977
397883
332230
121317
391143
280365
394758
140002
159268
134033
351293
337602
344761
430484
409524
426585
375080
148342
400758
153295
187380
355002
376229
332123
400226
250010
282724
251647
288063
210258
312491
192117
190330
283946
117029
424660
386172
245588
100338
163356
117413
385226
383658
365111
112859
154531
303984
130904
226227
204399
426416
357516
223497
169072
263577
428781
415139
189030
270067
361526
127128
165318
365387
454494
357873
265614
325408
455886
215962
162073
240245
191417
192115
197787
400060
267990
455668
198838
385688
383566
151346
125392
399087
428464
311687
176752
422925
426511
356780
159321
283832
102790
330091
218271
213861
288044
317677
126401
263863
299996
201380
169857
397358
177328
440856
205580
365446
289059
450967
352456
340120
121212
294052
331144
304444
241824
304943
348735
126246
279561
222485
366072
232468
437835
405952
121577
353181
208977
219334
101804
224976
124150
172463
351506
196863
205570
264079
226070
370174
434872
193256
359499
157134
158915
444687
310533
139633
270582
232469
121115
323069
211710
115304
268965
211453
148533
154448
286908
359233
263265
157924
171618
119094
180172
141760
417847
226277
167929
133019
246873
322537
132964
102236
348322
207080
205950
219508
208327
389320
170680
382612
382947
436294
280640
140522
299042
228646
105320
368370
390927
262909
170079
411297
157308
229149
374417
197164
351848
212546
178392
183504
374406
149156
191262
309722
175009
101473
183980
193031
395263
212221
395650
440841
321268
299920
110381
263434
116366
415357
398477
119389
129290
258703
134487
399205
391407
456063
285629
265369
100029
164490
158948
118927
157758
262858
264781
228257
101042
232672
432795
185725
122958
375437
447663
310395
332959
168214
265922
390462
427877
273306
127738
229559
388807
306830
419236
436439
279987
215725
134989
401456
321409
177814
164250
434741
435483
387978
391660
453006
228650
336826
399207
362248
302465
198133
130372
413024
125444
126576
429906
164547
396797
216528
270378
176851
350877
179995
321422
413649
111302
394488
354719
373655
138838
309736
394645
173432
289159
132398
414860
225791
104780
370307
168406
199717
248850
261363
133204
187002
179303
397596
116145
139398
387601
188700
391979
172631
355199
162922
180371
219802
238159
192149
103159
304613
243565
240963
258946
347406
199930
166646
108455
235267
405227
435871
342930
437119
101538
387708
243410
388278
389484
227617
319945
432917
222584
192371
273715
154550
376374
358768
232538
205316
120952
371867
226916
371215
415636
166198
342979
133627
344695
323216
386324
319527
159336
330735
405745
295149
441093
276393
280066
324690
280788
130165
372616
250434
202359
331342
404002
435038
372204
432171
431367
115499
409595
149311
383230
264150
390158
448966
111658
189506
326780
301458
422265
112642
181464
155964
316634
421477
389556
248544
233905
389825
111470
280581
183604
334683
412787
450901
405558
161212
385292
303028
387088
438782
224755
272683
208994
405056
244685
261855
128988
336630
350964
201510
232601
225913
438051
437047
329160
280521
388291
329109
161583
360154
409889
220425
207376
189987
108270
419058
176729
216337
448388
449807
382008
257001
155363
444803
253693
265601
398683
206340
281229
326483
233628
404273
277523
217299
147301
307751
221331
173728
259467
441314
431820
313462
380995
442560
316392
182471
322301
240874
107192
152925
252178
294430
182388
168832
359047
123130
232222
386958
376610
215509
396423
205823
417075
312485
426346
158904
451521
133439
165110
177914
139311
110585
436415
213824
423865
243870
341538
340118
158096
354373
226153
260895
357097
321905
388351
119076
410888
124047
428843
399873
235708
408751
209383
276136
214400
287871
386218
307395
284706
241270
125430
186393
135213
196324
223921
281090
352808
346963
324592
287721
328746
218687
256023
254133
334810
317824
258711
358390
212380
426043
377390
301190
223706
284860
181453
202528
405415
138853
327731
383920
263459
402879
331878
125555
362013
399587
310778
227881
289942
188034
224207
132880
125413
107376
282159
180479
282753
365296
238378
334572
231450
170485
387571
248953
339044
352758
337026
106677
323526
212934
205858
186989
137190
161160
277912
430739
114578
258745
443843
440276
151454
351968
266580
369191
321371
351675
389959
350187
400772
243735
208695
115072
288123
382998
370193
177744
255571
226347
286060
382157
278322
438033
437108
445457
231778
343383
399315
109286
377380
358151
368072
260501
360391
256701
448614
117991
226911
229486
413904
432216
192260
450165
396690
426924
316580
367921
220857
414637
129250
265768
233801
242717
246715
205402
419641
382780
452783
369816
306382
447146
375034
298923
192156
249791
415048
230664
454445
316722
268643
154816
152572
292800
144449
258803
107102
303385
156361
218283
436264
366150
179707
348084
239950
227684
179702
167731
443311
370430
189915
184663
270769
327291
344759
315383
404823
380684
268096
206652
168698
312280
377349
147735
157126
234082
280425
346489
231588
333282
142555
442918
315582
310357
380291
154081
158448
436337
287820
195259
233206
411493
277789
421545
326442
112101
355116
269004
355485
342848
445584
361083
434235
174027
355437
152335
139247
451344
451460
282931
151435
138088
150300
315311
225623
149866
110971
432393
114083
252476
212261
443022
344649
349711
241611
389505
179431
226435
195933
275708
371303
389251
348425
138989
204472
320048
408146
401266
355875
418442
444647
336694
293744
435137
396017
144760
411333
105668
361437
136398
347259
214766
389537
336290
175640
223868
110605
421302
255376
418950
300401
346978
354576
272215
194703
447788
152950
347095
273474
140674
230162
416143
372040
282901
149602
387444
326533
189628
238743
345886
306371
139875
155997
417601
159123
156201
366546
348514
362905
199103
126660
271851
318853
143004
410250
319013
257173
234411
329253
213977
330551
310776
249259
442272
109820
205792
207280
434415
279005
218998
159503
367741
420414
137512
408664
178399
272924
337719
170684
384244
454580
252952
297535
218532
394996
193668
217160
118869
183730
450562
153652
433768
156692
407647
153268
248557
190309
371024
432813
225124
394555
445425
394121
378629
231341
188596
181840
215675
215226
376306
237983
302837
170357
421407
197749
421516
262938
268980
300939
240884
397709
223775
258481
114868
273492
407656
405978
146568
166101
199672
298038
426579
192137
284587
172850
366359
439999
422446
172268
300957
328162
304214
425465
448332
180948
151523
312877
267790
384585
290122
186804
455201
386579
230879
168873
229686
200625
330608
248231
274790
278347
125929
451072
325350
392176
201767
232830
322703
165526
198745
268319
208161
180468
259499
304723
284331
225383
257211
141810
372051
125468
126421
105611
419436
348436
242303
257188
323637
222236
235302
102407
298461
352209
238445
362846
193114
439653
292706
312424
445061
159820
238123
136228
432411
429767
295267
245102
100277
156334
217726
328779
283405
377133
373069
217380
106395
299902
192216
351617
340731
152332
428838
308079
449393
172145
377893
360357
133856
246288
386854
117384
171389
449343
181536
259024
326340
246463
155429
309208
176117
326549
294539
285802
224812
455315
355410
368521
179589
381484
360244
331126
217274
322159
420418
396002
207425
179877
263352
175383
184192
138342
312430
234612
112573
350958
329411
331696
134412
374100
116762
410433
167962
349343
362845
380503
201241
279570
183692
369817
297819
370366
209222
322899
365228
454283
373958
331693
212202
173554
201871
227208
350922
183602
219535
437651
235671
375422
194834
141278
394498
430598
291866
428064
142909
286680
214148
430066
283231
112758
439678
198162
232349
449028
339711
453309
430513
306925
148653
379531
377437
446063
324349
290167
138976
148729
340100
339609
218332
290289
235734
183901
453787
355380
406512
216648
415393
398568
316787
351895
402638
270754
108306
162927
446510
401389
445971
345415
181411
233462
225015
423559
130477
409654
391874
451341
406576
380089
417193
415329
261752
329444
425870
371386
123129
203027
244192
194062
237355
131527
223134
359140
429690
253599
267537
236445
325152
424105
189877
377668
233174
346660
125107
234520
124190
412515
268826
193601
153572
408513
170387
184867
258918
369124
444379
359904
144108
123623
407284
205933
427984
367503
348349
427429
369594
402637
427089
126905
191886
272016
186381
386595
195254
236489
163427
336248
184498
358356
425297
338867
210426
207984
287595
157386
287924
173940
451949
257630
296308
335997
265838
156643
339065
433570
388305
268839
285273
137727
115979
219209
191552
195859
175287
165453
294848
242828
247874
242834
230159
397440
294219
126422
323507
387778
182047
107174
412463
301256
212423
121655
379441
452366
290663
145437
387073
393152
349038
217675
397182
378337
158294
304001
435028
450636
229012
158531
415464
250609
306960
443801
312785
162087
140873
287473
309695
396951
291699
347820
418307
304522
423296
431420
191457
342240
152847
294475
139232
109308
320632
213092
338393
442865
315616
126812
441880
299456
384175
133648
350717
242117
223828
181334
311421
130793
130551
162363
429321
443747
181771
233787
219926
151658
416907
283266
225737
137615
237223
438567
265264
160112
289879
210788
267623
329190
306776
231145
391971
267670
236992
200519
123939
356349
298743
384107
106309
142247
188430
235885
333646
203766
303623
322441
267497
211722
240522
221343
454184
249737
200933
449313
393567
414058
106821
196591
295279
419015
315979
404810
330465
161578
224269
205753
420071
123499
378194
443942
103458
233364
175073
318824
219258
255075
130291
154989
213138
160048
372054
201619
237856
454620
227116
195968
345961
421145
208699
219160
216017
445618
247257
196297
376185
250787
255587
267688
243376
379398
358625
399012
393719
254455
453946
155371
126038
453867
215695
329680
372830
388096
218727
262507
256719
323547
272651
167471
330372
403151
393547
135580
334944
238927
114943
133675
108503
406364
123081
117517
283907
346063
266838
361787
412591
118269
198466
358013
387387
150001
183684
401233
152144
383703
406488
307368
204376
234979
274630
309568
317427
172832
267821
130531
233966
148998
379205
340710
443797
173627
309424
307291
161488
396552
421029
453156
158907
151111
336338
177723
238922
149281
277851
249788
412815
311766
391323
418368
311508
224837
304541
142154
155781
445753
381398
158592
121461
280063
404752
438008
350024
339867
137542
193458
370942
391104
315020
234019
266790
433317
135537
163308
379234
267084
271840
249746
302142
409882
349214
250634
380325
336607
279388
109253
365662
263828
128382
224749
235101
148262
342094
161500
387121
256908
415908
244597
109359
404244
117678
231244
412293
438180
396367
225017
442242
353503
154841
419915
179541
426091
433028
218521
286978
346370
395465
414258
221957
254570
408076
373226
395829
303881
196776
363228
170858
287992
156417
426669
398946
211425
372714
157715
106951
212804
351557
243620
358797
387159
160851
142649
309784
277142
216712
436197
267160
157216
406480
237817
113282
179874
448104
224703
436702
262785
256052
327389
277563
157113
374660
297230
254285
164535
350267
222853
270961
209974
137365
276144
426036
187860
320847
315420
400815
455615
250964
263939
117453
398553
127995
403062
347576
319673
290863
211939
337382
236719
113026
158181
209400
238116
175759
254657
164507
439503
418400
397381
282575
258314
129040
212792
130804
285381
144846
251052
152330
131050
374456
208469
390615
226192
159666
189427
293478
395675
385271
102114
214162
419313
333676
407112
446763
123341
308843
280336
228173
381630
206971
411918
324904
164854
292636
236991
103113
334153
301292
174931
313282
427046
426298
371068
278571
405473
183158
310246
329813
135698
448975
164227
349585
241568
153317
283605
132866
362288
184188
234182
393479
108434
434526
217691
199548
209685
310822
401981
188872
429068
206962
219003
199302
163055
410851
244958
445419
198895
118764
336992
307894
228840
130554
140785
183250
122088
361804
402204
406592
452629
318980
331755
200582
101180
364402
127061
327288
143514
264288
276930
336062
253518
310444
381702
231707
342634
169366
267481
386737
429880
218217
445890
283663
455428
255140
447597
169573
118405
188885
193785
115711
418337
204957
306298
245087
312408
204370
172762
290079
135815
307035
304913
339321
302931
233216
176316
382673
373979
329983
369759
320588
235750
390926
211069
194977
142472
409408
104193
386932
421551
362615
250432
263389
197353
423477
433102
240436
425519
377928
354375
233236
402028
398996
320898
145329
218328
446014
114511
122945
401228
187989
351021
342712
384074
351228
231038
381386
271831
265545
216957
324992
201627
172724
175252
216979
207741
286284
278726
206053
104144
240596
151636
402607
120013
379350
294966
229148
199933
314063
104827
279241
145792
424065
104198
192094
384232
426836
109847
221516
255603
381773
126406
157161
415970
442441
393601
115104
360736
311666
270094
151102
314475
151881
239589
258994
235448
343178
366997
196275
261183
281236
299591
155699
231084
135833
265315
321342
340664
396195
109909
303342
241789
422318
377091
112147
356758
142884
294479
294977
430225
395494
245900
256012
196873
177997
106355
317919
351975
453181
319699
431574
238264
420539
199897
371628
214672
383141
447073
160527
197649
234075
429665
262755
190087
198356
184356
220395
307758
199095
233836
444171
359728
436305
144471
413010
427172
278572
240864
440232
356823
399151
233875
437772
425532
390915
171687
238037
411519
224141
271759
399920
448731
180094
344448
360096
171045
434980
224883
215857
201900
356248
229985
359504
332612
319380
111920
453338
171472
326082
103389
426319
303656
264275
173577
425894
192200
138281
307117
335891
191975
213156
382356
202369
145714
222370
391834
410935
129407
266328
189400
114300
158532
166666
288356
102537
150012
180745
446951
423025
167569
418478
403805
267830
122251
418352
304733
343054
331601
396318
390367
414572
374904
106254
447561
222974
398627
367298
316417
343417
422798
360065
391470
255499
365371
159012
385221
288429
405837
278900
402148
321244
105422
167213
281648
203639
137621
273103
239454
370966
103780
360614
265641
206113
195320
413064
163368
350202
432827
176802
333807
223305
125485
434930
348405
242982
452238
267695
353000
346299
409582
259921
134404
221150
332114
143362
438381
423389
253431
416182
171436
410690
315434
443260
276545
250489
376400
389459
224534
399524
197476
305772
271950
129461
238751
324455
106989
378954
268703
157165
126911
219146
426700
162804
355306
236542
248182
211459
112559
199423
136431
218621
167754
248064
161405
137075
170289
418421
320333
111414
293854
373721
294764
408133
323011
387044
182973
433445
166239
154970
329563
113166
226246
446632
240793
188265
140626
391196
264585
112044
441521
439873
346721
298912
268791
267210
209472
150933
214852
128496
122321
166168
222639
275428
189893
216704
389575
181380
287815
399457
168374
379906
199118
416104
197521
263586
450804
292141
109608
183629
125475
443238
118289
333508
398560
231154
258007
293007
282926
115883
241922
232477
338439
162258
374213
358478
361224
173910
337318
342763
188725
180968
394327
418751
414103
156922
453546
218507
321205
326379
334720
237064
354290
212406
130702
401643
133467
335911
440250
195991
188315
334452
297697
267018
425836
270003
393072
449042
378288
211199
427600
135428
345148
384004
239179
188434
182912
391601
193957
315195
263382
321001
217409
262322
259292
169286
347221
172892
435300
325582
147565
267109
286715
102559
113655
383217
411681
137957
418171
204080
358757
444288
427281
406845
261042
131201
183622
279655
391456
235011
239602
412414
455049
456039
104862
186891
126962
155693
197117
113176
276452
101950
259634
352312
362574
253194
136916
365399
428528
405516
431434
365107
218415
283358
441794
220938
217988
307348
156202
193003
187362
437186
265239
257418
232214
311945
273186
197451
281532
239698
306167
145973
101981
393522
441449
340254
221609
113225
208395
398896
143454
382374
380339
339385
364753
272103
252736
444190
393838
236978
202873
368020
364453
108450
132681
155907
383256
358386
111915
374865
143420
308445
241420
417191
436050
267756
179527
349229
276554
403393
408680
390546
260306
294638
171528
309069
273984
316737
357618
112603
325314
375380
314902
230174
134516
106235
103122
449631
151091
243815
274038
120714
183234
217898
441379
224352
188609
207448
368278
453305
261867
100980
348211
128839
301236
328866
120231
331963
443165
250405
289552
451214
223897
223163
245982
420919
445769
226002
262081
235204
429435
182089
188692
264189
225155
395685
382381
185375
189442
432013
442749
304149
448600
436968
168713
455762
105713
143333
265775
256042
107930
364952
138780
111802
298274
186509
110962
210689
336113
327209
351124
167748
406809
209129
229187
224898
445921
351282
278010
100370
180146
242051
388914
424922
113766
139709
123525
154961
105133
117143
319617
156279
272138
154540
223418
369977
178562
140356
326688
246081
290707
275359
452600
394874
346254
224859
250645
390603
355247
360178
348089
146019
324357
209676
353189
433360
301668
444767
126856
233033
447383
144170
236406
199990
347116
298034
389865
308930
314142
159638
290178
312724
156017
158308
162103
377982
421892
337731
194289
407355
430457
105140
387298
141665
176715
324827
220381
282597
429031
420011
407277
427247
235055
384200
171221
409211
277722
158256
254252
192841
113423
395797
441569
224042
273421
196099
448057
427194
304561
201643
386696
410254
163962
197442
208818
116550
248304
439169
314300
119480
256746
257379
379250
288078
380738
419073
431575
140904
187183
168081
224932
397886
255657
255249
333525
337547
452831
146791
103177
218241
313514
307954
209415
298127
111361
366552
447037
135104
452450
238227
294398
310952
124352
192735
412083
314715
180829
134709
453631
241166
342293
321687
372786
439178
431945
151484
277044
421992
413715
270029
231750
192976
372297
323978
439068
283215
262917
158161
320147
282634
181390
128663
146342
382336
141666
253714
340580
200822
337099
290900
344115
338965
156510
403038
391518
338377
303485
294961
268765
132824
413366
361142
178326
381302
160498
133897
101458
183106
273533
367666
114617
452743
410974
236079
256274
167979
192179
419314
329814
447859
218005
147820
167202
229131
171556
195849
387062
331265
242603
379960
221395
197653
105594
253386
398209
336169
268168
300718
178298
103296
262911
116709
403711
193348
106456
412190
154542
395947
172629
399644
352681
179880
370689
262833
217132
342929
169468
133900
384644
165214
226975
392488
218026
229916
446162
275579
232286
119215
202963
153779
204100
307108
318730
369834
110812
268797
382049
172981
197500
431290
361464
399614
454162
391989
416979
288985
381638
144875
278110
261479
138171
224522
314187
152641
111953
103953
239771
362193
443821
354991
431424
336988
386903
309747
101474
307278
263084
206368
428338
266263
382203
437319
314993
402593
155507
406827
153495
278426
178457
328768
101646
255042
124022
173135
157890
368233
357519
159916
369402
115240
301942
253676
143429
151673
124084
201570
328119
144803
317850
101441
242320
160616
259000
178864
406287
403457
122916
250790
184803
154495
133452
101994
351304
184151
100008
183170
410814
203570
183205
249022
388734
280154
110264
355366
120194
199002
439933
444400
361410
198043
421597
226280
413199
104046
419096
403296
421174
362842
312717
291632
263108
336829
455876
403035
147243
242046
305325
352698
451829
125109
367996
233242
143049
378579
263036
246175
393235
291764
456233
367213
410507
374004
214840
234410
420094
247076
311937
242830
320985
163204
128756
445727
231858
327097
440971
427246
112227
383893
329181
193339
318226
350689
120239
425308
342854
414427
360477
402046
226822
324131
452791
361080
291994
321611
148133
129722
253872
322776
280070
165135
231693
288242
271194
207118
302711
207108
260096
340848
186033
185507
423211
147064
160121
305786
166019
447928
218422
418065
117751
351381
271523
297971
239534
238475
422445
433562
218845
110653
239197
119424
374946
300271
422901
275933
119469
450955
221594
117771
332950
416689
147165
283860
344181
426327
322296
277357
261278
330391
208234
193504
322161
418929
152558
405403
157298
236747
124775
247488
127611
337451
102900
274737
269368
145152
239902
234492
183964
384092
108221
440935
114798
350418
189802
266130
262636
416365
136239
238821
353154
226146
350804
314416
256813
274537
359756
174171
160136
235595
118099
414282
373905
303929
236089
355892
140032
349998
154670
176849
189510
147480
180043
279545
101208
419133
423339
221572
398257
334003
250880
151701
158860
166531
148455
313170
424798
203252
399304
348529
244443
387064
206386
307126
161509
250503
348736
370246
412943
172063
420908
258666
178405
307062
246837
103593
350368
449377
396382
361660
116520
207496
264373
140271
156609
316104
294158
237546
383498
290095
372991
204693
222139
269676
225081
386641
234821
331827
282805
336090
364890
258512
207261
362611
407644
434532
310689
336255
370541
205777
242606
257168
300233
344147
185122
288107
252745
253159
438323
423868
204867
165025
343058
278777
436348
225673
162461
344187
176870
355227
401624
183169
208126
117866
212114
162362
388681
369561
421460
179759
201389
148457
358856
265871
139475
334610
319047
193947
380968
303639
269380
157491
170451
185020
189389
441280
281799
420063
267348
424619
251345
345333
455092
455788
307706
263012
228250
351940
428644
255306
141459
176457
164218
401048
159422
428685
453796
292567
238885
209044
258845
398901
138634
264645
381230
294461
425500
210632
230232
318053
149905
348662
152564
381336
235031
220899
374875
265978
280241
282295
394686
289503
194524
438724
285614
211854
449929
424554
291520
431408
133742
431610
116867
324337
223690
114399
115204
221472
364217
187854
129927
298371
105063
383751
301616
318409
145275
352286
247564
396961
436746
443282
354472
123826
383114
295454
105861
444818
388741
430594
239375
291768
277989
275053
453897
418364
283026
404023
202381
434118
115702
347625
156623
245876
303915
205687
433382
277898
156788
414653
170511
169915
346528
380639
409713
152269
272134
384190
155909
153419
133529
115921
290063
280327
117278
253403
366191
135545
247596
141687
243595
429192
389110
280697
147779
301234
195549
276628
262916
293162
119055
355288
335739
153837
415008
233162
193280
219687
171429
408568
381888
324159
264132
401198
408111
165823
150805
295774
167878
407020
418739
111640
166354
136601
454375
270501
165424
185208
260138
194055
439583
391146
419363
249055
328219
341610
452218
273827
441854
253778
369177
185860
221220
281814
338899
349635
302339
180677
183762
302728
376866
125147
177220
199716
420512
418411
406947
196232
405086
425673
394734
181768
198579
368786
334323
168511
312286
361213
159954
152496
430390
264894
277383
364448
200833
142818
264116
264065
336424
156112
274412
260857
184028
170505
452647
158003
125731
347038
226663
250943
181286
156565
265165
275124
358284
198543
253394
128669
136369
333757
174273
332883
355925
304588
157521
181875
197739
316708
431950
274149
313870
347778
321515
267329
175839
122333
416722
121702
359443
162089
104682
222838
406390
381814
165857
332753
452284
410050
150852
232454
229947
373519
109727
357716
179928
441912
220225
189785
346733
183167
112378
312496
105136
275637
374814
416672
134386
162940
182612
158826
177352
275401
354697
156651
379897
453621
299009
370684
454857
200740
429328
370555
380908
446233
207582
346038
273549
420090
240953
224588
178945
395168
170389
231875
177104
324542
192432
120229
360325
342019
385587
162082
300034
256301
449715
406092
379615
191259
374638
191635
254912
350608
330747
274230
422186
318936
241394
354945
381987
382020
451436
231272
430882
157509
359090
186882
401645
307746
435832
249196
368418
197319
341712
363304
352152
169797
171641
413729
298262
159543
241597
255444
269164
152705
163494
111582
174345
109148
301928
103228
289852
154051
342777
275517
341750
128955
315351
242835
140064
419023
294820
378039
232591
389274
231241
232252
297969
255932
424055
221703
228571
444938
414457
308656
271859
203649
254943
212256
351711
102789
112369
117970
328323
116284
443348
194901
122678
394849
450629
358610
339763
416093
197207
299918
218561
348597
432486
324089
275907
345829
269218
324397
434072
173589
208670
153320
117310
337363
146438
241506
214932
438145
360608
145421
279950
274833
123023
388061
437951
296597
207993
195745
161101
383245
351944
101801
102871
121880
131725
438780
314321
101835
301666
271390
335854
134575
259651
237693
381042
188582
151552
130193
276167
294285
333670
168267
421753
360855
421219
425716
229712
392566
173688
165724
325743
199296
297642
377869
214632
343154
152907
442375
376397
280987
217682
250282
237241
449285
218295
134421
257691
270009
311428
130812
346006
230198
252467
374403
335610
248829
297138
415830
326918
399077
439210
299667
255773
260649
219448
258431
446592
402910
176571
195479
366840
150755
303171
114561
159120
164830
176879
322224
383702
146716
311853
288561
417869
122534
102561
218672
149674
308313
234401
418625
442106
343442
142174
415879
340271
119185
413067
350150
426763
248185
358143
346692
453291
174402
310449
251959
203698
401001
215061
188474
312166
106371
275353
363294
193819
272318
106066
373659
440216
361576
140574
147962
367115
243295
127288
405834
192879
256799
187336
337877
341326
332214
170460
127560
326354
363781
287408
326772
332646
421000
336857
175354
423210
420949
386345
177213
199339
323320
365038
127254
387321
124226
257757
164010
264184
123286
233218
177162
246193
352245
369314
249882
414474
245372
123033
178322
173561
371222
428620
449966
148278
106003
217262
308710
297084
430164
396545
259233
203660
119435
209496
388579
305355
113819
411200
225243
314809
398639
315328
254922
206085
155356
139004
255514
174705
113486
291104
117022
446966
325421
137146
299907
395091
290514
215090
205040
453736
386360
107211
375372
392703
262083
441132
358256
410798
364651
449085
223632
317827
224547
201198
194135
120650
217922
432779
133870
303819
295012
251464
428449
332163
350186
318179
410247
423880
314588
208615
326721
439859
167463
334018
104025
112903
359280
302768
300956
379522
357932
296330
116426
114751
371054
221320
237340
250670
406789
166744
346439
146040
289207
157172
400168
157684
286293
386498
286609
371816
159542
408720
248663
263267
125773
394688
174011
431707
248125
374276
392959
365605
312155
100452
278134
252514
113545
137296
120383
263010
104231
107135
417935
330712
363545
439422
225932
143600
151087
292943
286990
299542
122866
248177
146537
331890
100121
219920
325937
250086
269313
132318
215438
292502
414094
319546
115187
354411
427279
207695
257190
108037
351467
327498
452254
441320
290091
286164
310571
331471
138422
448719
236080
397607
223645
231179
422184
362522
224662
303981
400280
445041
269689
167664
348114
234813
329367
195656
246067
395093
399386
216772
161597
230901
424520
356009
190752
406393
127372
269845
428668
288435
432611
104944
179120
102194
160436
341998
103702
187566
343148
160425
431360
150080
103019
224948
134651
112247
270432
242098
408891
180500
229523
419483
385537
204182
375213
361519
302795
152322
159887
139920
121836
252086
211165
339133
101324
417563
354955
371039
342200
141179
296992
295294
126134
151338
153349
298150
430351
175585
112526
157473
402008
163517
204279
443290
341599
279271
333197
414938
449252
335270
214697
365901
353523
106468
417652
186715
322923
247127
281889
142462
393652
230218
366006
280571
133639
120360
372290
201740
152869
301034
423214
237047
298173
292233
113252
276720
173788
260195
398071
268558
118362
227415
145132
294875
148293
341482
427289
233645
325361
360958
326219
410290
163778
200546
343932
171689
171175
446399
169704
339113
289486
391716
251521
216033
423967
377629
217752
143800
301108
244630
152426
141231
322204
119268
310715
167705
397976
383185
381707
338901
308790
270747
121562
442373
453472
377506
380844
310251
410812
215080
409684
450299
147129
413864
137139
245997
164521
418700
114199
455880
343917
269024
392100
124415
381019
190974
332408
415042
148852
239457
301143
379303
454805
136937
414173
200891
429646
442379
375042
158899
381815
164181
165019
191335
160318
283004
294179
427948
140526
175905
179470
121247
222131
355252
200230
378904
312533
214764
317350
432846
383154
226866
325222
127322
139373
387275
160750
318540
237385
364600
217902
265462
205253
115634
445067
362850
232775
362336
298448
138026
143194
230787
248523
399452
335979
278747
161747
322887
155010
418196
292414
290579
369064
427398
286659
211651
109960
219606
296710
443296
237785
368657
397881
419911
176847
327371
138231
291169
163301
289612
135688
285816
350955
284927
302526
300748
272231
110039
239654
258748
456216
423381
113203
301731
324408
184840
365931
219255
398436
156422
313661
327956
277805
402188
172594
384758
343268
275722
262962
289675
170240
175728
447690
298516
126925
306683
309468
440830
226232
284644
345158
451140
116023
357240
149521
247412
288710
123102
185870
403530
274549
351162
224000
336618
374696
368611
214649
410255
180093
275997
393480
317819
295937
416843
206876
378503
150519
180994
428694
138082
116625
298582
281547
331321
131025
400463
220235
424140
263986
125802
434810
243016
227895
316369
410062
401062
181962
151124
421266
187546
286755
173636
325400
157437
237947
291566
101569
182307
261352
299644
369358
375628
407794
128260
177492
262992
219132
348262
300446
452391
285113
249429
209289
174747
325324
249552
131125
209684
148734
193461
223411
158727
414547
344694
224382
138563
242966
160644
355396
250336
334236
233048
404021
124896
242840
395594
203737
423616
224682
419291
248348
443763
445549
396226
405813
358952
145771
186344
363637
255648
123399
356407
244580
233906
195449
344590
209140
331203
129085
151072
157287
387120
441625
148232
443899
221743
125608
426215
295086
106431
408818
431342
364203
121957
446749
160124
342734
136950
135281
163142
267176
210612
393150
217443
399794
246842
330967
259560
277526
121894
403145
311525
217361
407196
380052
419516
229434
187779
430147
150071
288942
114437
445391
361013
184639
431362
341528
155288
391088
335473
284628
296277
277214
383064
393229
183266
287498
452113
186291
329199
267414
440393
441101
193498
348024
177745
198544
320355
332498
359578
391182
151711
377205
381021
108778
420988
437126
411214
455423
338762
222495
200633
209332
366027
256545
318754
127682
429516
304574
107957
340186
249473
129171
252103
419962
122079
364022
118119
329616
277194
217820
258165
400912
454174
455684
337123
126797
389302
197101
183034
226262
300010
291745
399155
136030
291060
447220
396222
136092
323519
370619
302062
428481
422898
296655
450207
364708
372722
230659
327450
178829
101142
417938
153940
194669
277809
136073
431437
330451
360883
184419
392807
220109
420820
156437
228388
101721
268933
197678
181993
167833
401690
395277
299251
152998
158499
227864
141986
348853
109980
232726
382434
320555
382906
455665
396319
329112
324900
276436
218587
425303
327673
121549
278339
456012
205330
173266
102959
116769
362151
227142
421870
225454
311751
388107
119888
319250
337561
196519
287862
356290
150873
271417
144374
447369
315419
400958
374577
374431
332976
456062
164807
226129
384160
299195
118257
335437
123800
215634
422037
308074
194729
192025
411914
100485
292048
317971
395299
351438
113363
353026
121629
165922
392592
453008
338997
125822
294579
178109
424699
191872
428815
307939
365936
151040
263663
213519
282648
455830
216165
438255
389841
406634
275873
317947
425000
366152
421495
110196
422655
197076
126057
363335
269809
438913
279176
352941
251051
178711
435037
195058
103018
340575
425814
180243
272542
393834
100500
166726
328967
144338
348123
119264
242368
280762
252767
129436
115315
452703
418973
124378
233599
427722
141567
433511
371156
335044
324633
418953
261572
435844
168415
286367
352511
187241
259028
172653
372124
170974
367614
377694
449842
169160
239191
383538
110002
422994
421392
240080
352069
111622
162954
196596
284018
169957
162699
356503
311483
310680
386648
107195
161831
385575
309557
166189
449236
372210
281031
405376
191917
166323
195975
318751
322758
370914
433074
375039
302792
157148
274091
211521
395748
390479
378264
160374
224011
302295
113726
376232
103505
328118
169642
358876
384634
193473
204763
326889
188237
268805
274196
262721
305921
167790
131240
175241
420191
234357
417934
238043
382957
437449
164423
324759
236322
347119
448780
158378
217571
289764
236917
181754
407887
169444
197893
311439
384075
293247
245914
272988
158632
200247
251094
335275
341623
160321
197912
307391
365891
391324
434687
430872
232112
245725
253241
358733
407895
114254
316511
148360
403870
430267
191039
403855
128998
175016
320292
278664
130972
153564
425859
231071
440749
298944
210498
259617
367356
102608
308333
195312
343994
355668
210929
335423
238187
257521
166629
345595
354137
418045
397416
178560
167654
223326
400348
324844
226235
349653
363848
230771
190400
131378
123138
375855
117411
374109
207158
192125
119706
333443
434206
341395
192407
264425
235484
380256
103187
314280
248947
289853
248264
107119
148785
412400
230337
355062
452967
209204
357924
182373
228693
308671
171594
385040
378171
109017
177246
433095
166649
366966
436517
358517
261882
358194
216106
446825
381866
305857
196718
112503
252376
333071
265771
232810
194916
224967
121071
429940
436770
290651
247714
207076
217852
228581
319607
320200
365150
239773
369707
273330
322010
171501
138176
184967
439401
289105
349826
311577
296009
274643
119189
178365
322139
340418
324505
350049
347636
151773
331319
141614
345462
172747
226879
360495
242186
291260
441015
338191
204899
247339
140314
272835
130248
264403
264236
122082
220926
388961
411199
302085
145409
143562
220825
300966
423582
118053
323159
194305
266731
377728
253846
293151
345255
260203
421850
427679
221926
162149
405852
399268
305398
146807
246922
275465
436186
234123
159862
432913
426148
170468
279243
165017
348054
131154
174425
121930
355500
330441
400094
373245
255048
360327
249490
107960
176405
391914
205292
350092
169265
401758
293766
108912
181359
439168
348601
143242
426384
445142
202176
171017
188959
341858
164385
420958
123743
121888
449551
194787
323262
322252
282014
334360
435083
356938
416769
399796
444442
313354
341919
375796
137904
429893
129766
315247
393731
255842
304781
426374
256448
182881
332471
253659
184429
393110
367577
197684
316512
232139
163678
412658
357478
403683
106331
194589
100608
141370
343162
228315
165698
360487
187729
328418
433224
268130
163879
367048
372195
198594
105308
388490
212334
322493
111668
264281
280584
158393
303716
112481
422920
121580
372972
413397
389635
280574
305741
449443
369508
162067
188546
329806
123373
179782
343468
282660
253136
153627
319405
383591
404264
278996
455413
356737
145341
212286
401058
257523
236787
362941
405040
437884
362199
224962
232689
112680
454177
195850
345095
313552
343843
451637
400656
226588
160216
335714
161117
205945
421258
365746
154386
104579
368623
404167
298521
288663
322616
325052
109186
386406
403078
137573
359165
331351
247895
148259
232608
222427
119783
156114
437210
432090
162679
364852
229939
337685
384266
427410
226351
243322
186226
451731
426866
443824
100879
311292
119210
223655
231185
236895
217024
144874
101265
360848
245476
181843
168824
280909
361141
200843
441029
292720
303876
328939
146403
382538
277307
132307
210572
454387
282515
309021
307876
122404
432300
328182
178469
198018
151700
128613
397736
204329
208990
112426
425332
321904
217532
350413
376739
392037
442483
373849
176531
218391
162740
208665
203974
338654
375848
351452
128645
378370
152296
181328
107194
423419
221394
278433
352940
339077
288679
304002
346107
262003
443575
419976
164705
203425
249679
407999
162168
170805
421425
247202
269100
168010
248749
271803
331029
396578
168198
370305
216872
428961
360201
201289
149400
318421
377519
337346
377503
401630
383520
448186
315770
136886
377367
309238
194767
240240
268228
396523
119799
441747
440720
312653
224650
358974
118858
257287
235749
112606
207770
422880
387804
236300
245701
184860
230051
416681
101523
290781
290825
226074
332024
141798
419041
455241
261010
161642
101541
197109
371764
454068
185922
278916
370574
362276
369644
243509
138234
140891
164756
437327
215545
396162
369539
439161
150254
297928
187411
253003
240762
103977
441374
248157
177880
232843
159601
277881
444975
407472
249651
198970
329213
402683
319375
424971
365509
257328
107593
116419
435729
398670
327000
171897
101617
174865
221494
280615
200356
222258
256654
435941
404955
337030
273712
326282
417898
223264
281240
304800
245865
433402
139584
276598
340218
193597
199090
184592
105813
341826
118473
143229
389442
278069
135829
239464
233500
183039
399656
187770
162032
190430
149757
119993
362502
133556
137412
156553
190261
378508
320088
148193
274287
371940
108472
445177
377690
120349
112518
435524
407191
337165
372306
242673
446484
172932
280780
222582
105113
408813
327134
310612
111801
351415
328294
105406
180642
421712
127579
202515
259169
439912
407395
415225
192850
152718
339428
204992
143575
129999
238882
221353
363986
182566
213234
243278
448387
227795
273754
328055
205341
207820
454219
410640
319411
450417
224607
345309
441367
447478
292310
281801
413000
126534
411326
317090
163501
302833
406222
222389
419616
139267
163247
440794
111731
374749
318417
350213
234459
451026
397953
390302
158089
232188
338302
433980
262950
403160
399640
325226
430352
309319
136105
382371
303002
442035
379842
318870
106361
328369
272802
377421
125372
201422
271057
212774
322775
128341
150024
440515
283324
176544
416891
384891
153610
178538
390693
108770
427451
351435
238056
140263
174421
106758
396804
306154
271155
316802
408004
230004
388828
348455
134444
246942
130168
280564
175723
295885
388482
245254
243925
259298
241948
396390
256906
235375
281075
217075
291646
103563
340659
388038
431079
341240
218525
172779
327867
353260
105363
350536
365361
326287
391197
212149
186406
114372
274404
232901
144747
261394
376145
279807
114889
210954
425017
254939
330320
127220
384533
160686
138206
206728
402606
160221
325002
172394
244704
117732
381831
216187
332362
174046
257629
119656
452411
165516
368586
235590
139852
173979
384156
328051
355156
326228
452002
271591
218237
393549
417726
318103
438042
393861
335513
204699
276092
333524
126704
338347
345361
423612
376953
140427
443140
381895
167656
161457
230600
238631
157887
248474
247281
352478
286230
435469
221085
351336
436681
406731
188222
103407
204922
345658
305205
213200
380430
355390
150434
119253
372158
311804
224866
419021
285138
432012
238819
271482
104006
425235
294755
262416
104808
122042
268706
334794
205462
308319
435632
292547
417852
335352
384682
371885
261214
327565
320681
218477
143127
277996
298925
196341
249070
215118
205954
223044
398441
135433
456040
156941
413870
362591
153907
353406
163844
264406
348807
234418
171772
396956
300432
179015
125370
451162
322245
456171
421275
358202
234269
233410
219182
354648
348394
433690
117317
451139
199612
146659
183197
208831
262382
440671
296441
243930
333983
429191
329234
421973
372542
214115
304254
423319
162378
386212
160665
115971
313378
267884
120275
144267
292535
330334
387382
173879
196909
259214
430623
361384
179193
395548
235618
111417
132762
390199
163323
456016
110421
203006
323417
124833
381034
110186
392778
204661
235712
153806
446533
440919
135441
344499
226918
375149
434971
163313
234212
359010
282907
219096
264093
250516
140634
107858
100313
357039
225732
333016
175256
321782
266605
310346
168031
216599
291352
276418
329561
333137
285647
347746
227141
253242
401578
444843
157310
265235
307841
305882
145351
391177
213656
372153
158804
219919
300790
335134
218463
188188
405648
415084
252292
268322
435347
313279
249434
443682
190575
262530
216008
110068
416788
162130
145532
176801
424504
272783
455117
194085
149296
249545
259661
318464
172777
185656
263809
452049
284170
428544
244071
325681
366559
360374
147376
366895
379734
189451
342594
222384
228034
411158
174517
391347
337861
133391
254755
300449
223950
311532
236566
203301
388553
250817
336074
124377
372128
417535
306027
362840
187083
267533
156901
229630
226815
162465
252053
203120
108046
361701
252230
168727
193588
247173
448682
277089
354131
340330
430755
241770
404816
272460
173571
267731
243813
286699
279824
254706
306765
445558
409266
312001
289579
399567
117337
369632
430777
169856
374490
363473
202327
403310
279568
440967
384338
300669
100547
419865
399590
170133
305939
127014
423262
156447
391422
176461
378772
141574
305302
385945
249620
202669
299313
391248
295287
156046
243119
345912
303672
148789
414744
122209
339438
152452
289068
420449
389605
439855
174508
171444
171795
101218
200994
327114
385471
288696
136637
359959
126466
354629
286571
353049
228468
318468
420065
235707
209644
381597
144971
126889
372710
333148
117205
121475
273994
283508
146545
288108
400144
149724
455102
218534
196246
271738
314185
221562
164794
352831
388427
452781
185182
407208
176041
446238
185613
381036
240935
228079
251326
439517
125306
106417
352789
444235
159448
381599
382847
380193
344108
101685
318951
266796
195228
383790
280700
164337
400274
193946
427026
415773
429329
382213
260285
368427
441784
112602
370210
376157
359833
372522
308816
446985
199775
313971
240366
149352
278333
405117
405902
228444
269737
255083
282432
227184
312448
281709
422674
271548
167138
134127
356068
329484
332102
219574
422730
445833
220996
231239
282557
428214
397412
213904
385620
301874
133102
409564
161106
185239
136119
226716
321274
297775
222144
370266
124183
312006
187512
235898
141817
309528
206858
222420
330774
104475
328635
115083
276267
395066
246996
267591
398412
237322
451362
227015
294675
393242
356557
109474
371644
233958
225313
119543
189171
435613
426552
359819
394232
349609
339264
154652
397217
338566
272175
363510
296966
408336
290767
297779
121097
360827
207482
282037
359736
265332
241969
448164
157448
351664
148710
352714
257092
410327
226906
376270
332183
274692
133960
442640
307492
109619
284820
163379
206966
101515
421298
186002
337265
109161
351969
234445
353971
167986
253176
357395
425099
291191
129215
218234
291736
117331
134235
105410
396178
142522
292258
158450
254645
250865
152304
263884
326000
348581
198943
364728
152323
174392
164615
362475
168569
211202
102024
435289
440175
190045
339822
342931
201334
230529
302536
108890
156771
382420
442708
234693
393353
274322
227850
282729
371990
189401
281327
252621
318130
307093
419947
215954
333806
390839
195747
282081
373184
202472
240269
397530
288523
288825
256966
223454
244726
368453
334684
358614
244518
250254
148595
411507
244968
145219
382656
162088
429930
102903
149504
276022
256263
243806
381604
301318
130862
201278
255171
357350
411477
209216
426788
353357
366533
450839
220577
301013
252240
252024
146157
238517
143993
323517
416717
115950
356360
266801
254999
105649
179468
431465
104224
312875
215135
244184
219734
368123
198965
186045
447839
410248
455076
241603
389524
254146
221051
119355
135429
184271
361419
128145
231029
400823
172199
377934
186896
160361
104037
193035
410117
251080
440688
355717
203047
308915
148606
256278
436398
168213
361826
388830
425900
310589
213950
239420
212602
220164
239258
222612
291014
134455
324212
102540
407642
432054
354897
239459
408361
304558
113425
265590
388282
139401
303190
385064
258061
176619
203992
140175
450892
228724
135291
333543
344809
365990
353291
103068
372948
318593
316399
218485
372768
453264
454939
269964
316404
238673
382751
132843
153538
310750
132161
317693
418889
222904
321878
299871
234113
435159
420452
128463
113579
168759
405862
165335
301251
288474
308113
101027
441372
293801
204901
387059
201879
209161
225818
445096
173919
305581
245016
208348
153470
410333
333393
286584
248359
229398
306696
438340
185705
349627
229698
222425
297304
204718
270116
213924
363779
297691
249054
306397
248918
262565
368132
211440
323310
303538
169031
415260
155828
112569
268432
153282
312330
224782
451335
373038
362958
151017
429209
321453
446220
245134
448280
319499
303093
298430
188300
423930
171204
135334
390890
448709
173846
352672
355448
177540
373420
421581
400931
114170
140205
227504
198832
349277
192100
446995
193994
280588
208739
251109
140189
353564
283258
261833
446792
349395
412904
234062
286957
357456
313134
267789
428707
304775
229545
142281
418527
387532
237954
267124
436069
194440
205404
248163
284073
246101
355269
213936
376592
448987
133142
200773
111647
394342
346907
444529
319854
280858
444852
241630
441315
105544
229892
440781
210349
325413
449656
390635
240201
337991
238992
293699
166144
161455
182180
125508
393827
140849
281064
360990
195029
324742
351387
175017
424637
312388
247610
137696
426418
308431
304946
300237
109180
219793
451764
300494
321881
174822
359358
120313
317523
341043
285244
132879
330165
261113
298694
375685
212458
286589
194664
378316
279620
265012
332450
198401
208475
175733
259114
358236
227781
337219
216360
129498
113751
277826
362390
443643
434758
432119
160717
450185
256841
199713
150665
139353
386779
267577
190462
131151
277073
309117
273324
206568
252385
271542
147617
443155
444857
433201
126854
449707
128365
270262
237712
116438
340112
116585
406666
320490
402934
352355
387816
381371
185166
139170
229690
250265
429377
400049
350208
192330
322944
272100
419032
398895
422340
212885
306376
151749
273172
118199
102796
248793
158105
356862
168482
143241
250067
137692
403867
156801
183960
348569
339454
210041
399371
283765
179983
126425
242580
257329
135740
174204
115387
359582
287502
205436
105971
348165
202937
171633
342671
201636
214535
253013
125201
119766
338042
290597
142131
266828
156227
224697
258262
320343
266460
184129
397379
216915
415775
255728
238499
166909
102907
355673
182663
434048
306232
254225
285129
440420
339861
167047
129045
318278
183236
420680
416731
435427
376066
320073
286305
151216
303555
255289
204474
228267
222897
149797
265136
251718
263790
279380
350663
275811
115664
158249
151553
122905
289501
238414
287172
147673
336300
444099
211948
295656
411152
114159
355177
403231
346853
350315
341779
195221
276289
209237
268052
132860
209982
421049
184622
452635
147532
426057
193662
429573
310221
104971
408826
202581
106050
177673
452025
110131
237000
400010
355376
410850
102688
285998
427491
311862
349100
205704
120260
381544
400448
134686
358281
108886
123519
142682
363305
309884
335842
379667
371576
176269
319422
380859
109968
107055
149141
431174
365293
336460
379091
426997
299965
345569
370883
216252
320332
246140
354859
446129
449415
274474
119724
185877
208913
264890
354689
145945
175319
338877
250111
291079
159697
347158
375519
269699
375320
273489
224776
350314
438941
201486
209979
434211
143771
326790
219780
327364
119462
400395
364466
275474
315345
320553
197269
211716
235703
231578
452372
264766
157018
364391
217166
294392
233670
304807
271186
228700
385072
177943
299005
355030
344437
379683
332084
268246
372567
415320
359823
207431
387765
160061
178202
430009
306672
400040
327113
172009
260020
131924
405577
244885
178390
348608
414862
210127
269796
338497
286133
285443
317418
147274
417737
165180
371780
259016
168735
432623
215293
201817
203408
176776
232768
213716
254592
317361
335555
315736
155354
183884
148387
454851
186542
370092
337361
225701
243134
123095
371648
219386
229580
137908
264567
415611
106437
446532
179485
263404
281149
253494
349938
435670
369554
322991
253131
232935
242327
136760
139608
416777
177633
226075
380126
218763
118496
177648
198786
428317
353900
211169
437060
272726
186795
395363
374422
342095
343093
355429
362720
168002
149172
305101
354619
428178
243356
179406
131459
399153
405329
428884
341483
216596
330624
173671
275535
153622
356723
328183
132427
298681
267968
209418
217375
390301
214168
391818
395937
289151
262111
257619
343830
159160
263685
350025
437612
140301
290294
276291
100567
333684
170536
213115
133542
316434
163931
445176
133868
271796
406847
286557
100634
380320
187709
166897
331741
349790
333587
400084
394770
407866
281529
392168
335630
370585
382055
417005
102521
342762
451659
357075
397654
331496
276222
315469
116887
214327
251903
233890
408101
144956
333329
133646
356108
332731
374637
170452
176952
254015
397889
261130
226553
127302
389352
300334
308230
192823
429932
128665
248519
342183
128033
105879
307734
354686
217446
298790
132099
267569
351775
278851
447711
455865
321638
373949
111056
305365
309927
171335
145227
285630
153559
130659
432008
378471
395847
391201
397869
118505
141313
307616
312586
325298
420501
146236
261849
336004
193066
255016
451867
157464
328850
377550
422936
171452
168728
410494
431397
193784
315399
163019
154217
143417
255476
397190
124019
217041
308699
154124
452093
233916
402354
302321
144957
186831
200741
194182
364468
332072
104753
211397
453071
398948
310380
409481
119958
431022
120903
228629
199354
452916
266582
115970
375413
434655
270190
254312
221068
185738
406035
194299
161733
289599
270996
368705
195302
283355
189772
440777
396394
165434
260672
409139
193216
408725
146193
421438
142897
218223
176590
293853
362754
203063
138208
427428
395056
159913
206426
361843
249380
110955
103560
187391
352805
389479
112023
250179
269407
270298
251136
255824
163270
378001
166152
338633
340401
131993
431207
256311
352706
269551
124509
209337
187634
224050
160160
164420
239849
188419
273286
381369
384944
130155
449065
290330
448651
142184
304421
411669
257755
409539
397521
221471
150720
212430
186146
356151
235112
191180
108950
445167
302786
305488
248855
442990
307042
175089
416177
285706
190056
360287
276857
270249
284543
390800
307307
273648
417867
382717
361371
177132
452480
194385
308145
124341
452146
435984
360647
346833
395457
347057
221387
283879
352636
216043
140974
316267
259302
299087
114995
105847
235102
241450
401760
218856
212665
350541
302619
223195
325232
188229
379257
295290
246107
248634
210327
243438
268690
357902
448014
273562
176229
281189
435399
319479
120524
379686
331731
366630
298011
447636
421927
422806
360708
384958
239638
332073
371734
331237
247443
166589
411953
204095
325776
297003
455578
287430
181889
107160
318633
101970
404889
395489
125192
403583
375019
401877
199534
405156
232693
147058
161582
269171
282610
310886
422420
329270
419264
228395
139801
288191
352238
302925
225293
192959
104508
251153
190695
259957
114205
302538
314096
134120
359482
245242
184191
168904
197077
161430
314049
189085
390862
430918
228286
134532
123379
208413
354244
106578
444993
344669
134043
194893
343100
378007
177638
356923
126571
451741
162205
384736
415129
337621
403030
237104
290470
346628
441376
227494
445773
264553
191884
365318
136564
132685
300855
276616
284827
402491
202171
388487
113539
262856
311895
220318
240456
161039
283214
346050
449438
155913
246813
112400
227096
114674
246015
301738
401468
439869
400634
275765
147976
292709
386924
249927
228870
294822
110917
105122
229049
160961
172604
334960
145751
370408
152001
334611
294845
134953
436538
169633
133098
340310
445093
300606
138586
298099
338209
203509
142342
423542
401677
308799
379715
106492
221048
301818
146194
419431
291979
455122
102133
334303
243510
212451
254494
320217
433951
166564
182724
106917
389904
280907
110004
212594
152594
307613
285966
278835
440465
352394
362319
282261
232662
320837
420978
231819
409479
368261
117839
316074
268182
224804
201253
103838
131164
136783
420091
342205
414234
403910
371873
176617
313543
101531
449990
332461
188952
260139
347831
367106
144575
261550
336294
203543
367988
361364
378546
188270
201051
274738
302640
256935
363711
336232
259706
178680
115137
330083
123387
104358
139438
451921
149069
418348
364941
430846
389727
259884
373352
192230
194976
172913
281077
132478
341366
384304
193687
382995
448408
325047
446043
100441
321768
170829
383987
208889
321657
334672
372396
140971
237384
104823
353777
188427
285064
182000
297846
381188
188821
351918
428960
283226
266011
133322
196027
185823
276463
350444
206360
383363
295569
375689
235324
216166
195393
196144
312526
314815
194886
277930
170123
226532
426529
400922
232155
310066
174015
156230
143109
327382
213009
247679
347582
400114
353473
200929
128062
417288
394757
333340
134552
100130
144911
114153
121753
147570
230303
327384
416254
273659
330242
295292
291313
377947
105429
426706
358451
270207
265832
413920
361850
278805
439173
105262
444392
213037
318884
255222
337073
198216
113324
419350
393920
285387
321522
355950
418418
392301
416181
236331
104844
229641
319180
215413
232413
228454
161565
135154
127711
283119
171854
238415
387126
119127
286885
410283
219426
295785
212445
204979
151473
249187
446590
271383
328391
380156
223911
278999
129288
315722
100889
194542
304423
320211
192839
122516
264346
354420
251068
160657
430093
243847
141433
384957
130882
135318
115094
117174
250988
195155
333097
147660
116870
149795
133690
135088
192033
146667
240315
294444
375732
216671
338484
402325
293811
159166
394870
226327
264115
296415
338711
241848
405912
323749
295548
338778
260935
449819
247178
136592
305859
382981
296496
232595
296591
185190
342982
326548
132976
104917
206896
245799
336047
191750
331067
449198
289091
341239
205586
119773
364829
320426
241089
297680
231091
134670
379213
431442
421402
378974
119985
440795
392596
197402
181069
259716
102925
344463
275540
270711
114932
451414
422061
280114
198112
282533
223514
241504
110787
306570
184246
215436
104172
236782
210831
120621
204275
373461
380704
132155
401451
165731
297154
387605
209365
389394
128600
110001
230936
266671
214665
347723
278462
135794
375988
207058
306289
242901
104591
333013
103660
144201
319951
405327
262964
415159
300101
205317
251781
167819
189142
248033
311883
138572
390353
229456
312885
295121
195047
392523
197975
444125
363927
332162
319878
268377
157719
258359
232315
172955
446306
312489
113464
131169
410064
299834
214300
291881
394656
384120
249479
338129
394109
379973
132479
155175
189392
245545
103194
122250
237259
438489
213001
175898
369277
410737
131297
177885
269374
381238
123241
125613
284395
159084
433645
277074
136851
317609
337954
195660
212426
415057
136278
156936
306287
323021
215858
312847
282116
249967
180789
425166
205227
402147
163340
220783
222319
135837
117671
309041
201603
123021
441892
164443
305515
370709
343822
328215
125869
271280
137147
122030
272312
140449
120204
446276
181782
276670
155295
443211
377255
292685
161526
398320
165219
171796
415683
302847
334339
173877
114759
440170
211066
399728
234930
290308
331874
306692
421221
105477
319300
355818
171003
392498
368213
318920
338531
241079
240848
165677
432334
344155
253903
455298
429475
340724
140362
312614
100295
204456
123964
281612
354144
145260
376936
339720
340064
185570
446714
322292
220045
342473
410805
452624
451513
151990
139672
311961
241895
117423
166074
421270
368788
299573
229601
154648
211205
150908
259029
397164
209039
292783
426325
236072
300674
431760
268414
158721
274176
332484
366607
356541
359734
248932
299954
292857
401362
204424
450098
442009
223224
413567
164371
167966
394432
214924
164923
284386
311271
212257
180716
213879
241730
423689
368925
313549
400074
428291
147884
145143
394714
372197
398748
291286
110514
374016
253276
334418
444145
292749
310889
174704
197317
195432
236796
302042
169983
292107
144500
430269
338364
113737
364742
200242
361968
311294
316482
406240
142434
304814
215148
438395
149772
184326
354994
353103
270119
421733
208401
154770
234674
347085
219960
127206
226184
438833
454140
343250
338894
395364
111938
250732
164827
179790
397454
198875
329391
126821
221713
233442
397696
247131
443493
246370
316250
149440
137963
307790
227589
358646
158660
332633
237876
207509
208335
104724
295950
204201
179697
348930
248721
421133
118075
373223
111000
314891
215435
258737
340391
356495
244855
149087
421542
184515
429146
243126
133409
232491
275042
303335
223048
419212
453332
191894
138352
361800
329437
326951
333281
267229
269081
224814
349532
259791
259235
430050
233286
336376
411404
193825
253922
196516
198017
343179
201264
274316
110237
379569
333138
102213
170434
455509
291821
300532
217010
377941
107255
394661
212907
361954
255295
194317
432502
107990
440829
300671
189865
220447
118767
265652
337695
387433
331973
350508
352167
320977
398262
353422
290023
298526
418898
302969
275551
143074
438342
442367
350255
278754
378840
283485
100004
365029
414006
167369
419912
309792
391216
326076
220353
319038
343947
398019
331527
333326
402166
363697
380590
213587
380252
334281
146849
374037
230966
395138
144284
453427
308296
275804
245977
320629
246339
241074
124342
361320
404505
323551
287025
104070
261452
293261
245540
135614
105319
142701
368865
148655
105670
344154
402220
365468
128849
365403
334619
196123
438330
272798
235522
269458
171514
401742
291305
301631
449442
446726
350020
215715
156850
204368
137609
142219
312421
349455
106156
454968
255368
346994
146054
274168
305971
280270
126139
333671
347345
355792
242612
279978
165486
181997
185091
380323
103979
355544
380482
161390
246121
430398
416493
421354
243538
440164
263789
184173
363390
398685
327259
415321
352513
300410
433811
215960
216761
224827
202202
233152
292628
190773
240626
127814
335390
147867
197773
154429
227233
116622
209447
385039
243201
330889
253996
390309
309660
355394
112343
212881
221389
278315
208938
291777
396203
188456
391491
116849
327385
450800
427096
396352
282911
129528
407445
321282
318364
138332
437816
291947
418633
141533
227229
332533
273412
203536
385776
402374
127059
126333
175497
177592
173628
304056
212722
250413
257995
327237
122231
286142
371391
381127
387876
132505
411952
230841
100300
253117
197238
400857
245392
317058
409929
438767
312107
167964
326932
163474
333306
409652
323000
281656
440584
320450
153144
366141
134850
356838
102950
