450378
456232
266441
187378
265069
209118
447115
104430
313808
169407
407437
372559
250001
342047
385600
154645
442274
183664
451010
208622
394414
283654
170142
112381
294556
352489
280054
314079
282086
456057
168781
125968
277759
379477
301744
433850
328081
363362
168655
107994
412578
301812
306279
112624
191518
413855
142016
256307
436605
327155
290754
373937
103245
440656
437717
301819
447491
162962
306898
262045
275457
353843
428297
307135
373246
422607
428021
213989
205834
385819
164383
446370
128928
275347
410196
312564
123669
221312
183297
338276
104773
270606
301407
201265
257709
349710
142986
159816
113292
280163
252958
421596
143279
134705
334779
313237
118184
431086
219679
241235
294859
317780
298534
330527
398187
428883
368163
262330
182513
142910
409096
222403
432665
329253
260175
219079
335882
309321
169217
339973
436762
413420
110175
146897
342255
398792
127894
287598
190925
392486
445548
252508
372887
149031
158970
202665
404580
371924
260029
169207
296686
442871
224290
255955
240528
332358
438574
445498
164408
320261
157191
170512
204377
228547
357833
268862
442998
276193
314686
222828
184346
273346
241012
141268
403415
252206
434884
435254
105825
357476
142617
289296
284164
340467
167196
284912
303878
446876
231304
266660
132568
102570
100015
277203
208327
350090
255394
267734
350104
140692
225450
213245
226157
259432
217473
355948
265136
182336
451574
154395
273738
445220
385196
430683
329657
254199
164085
327367
120366
217272
131436
218185
123726
246317
290085
193234
164620
140051
263542
224215
136167
318574
305324
421701
179605
353785
325307
199277
284884
357023
147400
286681
295559
421074
158635
378823
283877
127544
419712
293729
114582
189944
348784
286228
323406
157279
383355
307244
432032
176318
381080
347794
355419
413119
409101
416991
215112
152913
352349
353993
319978
256723
364186
278650
242400
132123
237446
272990
422356
124714
113336
392110
202398
320280
298030
120944
160717
416742
177074
354614
300136
225840
272067
329238
379590
397587
444975
175888
117680
145365
199821
154539
177459
184123
225366
249387
208581
279663
428286
114861
230374
312807
383558
144985
292901
392536
339648
105729
297256
290261
140548
306466
383294
151734
288933
262564
137838
349263
420784
307409
111774
450001
150906
171822
327432
176182
321998
402497
440816
219758
290808
217564
155663
253077
361645
157185
436428
284341
134451
155425
285215
412295
334789
257610
372255
286027
168643
429107
289187
110639
104785
354717
371082
130018
369896
371168
368458
108297
378276
296029
169997
314500
447506
295491
360452
223660
402514
162057
100017
151150
149747
250147
218294
262404
394434
348371
352148
236264
322554
153482
104342
230977
382913
287422
287933
291574
153112
342303
235221
219161
286184
364329
134158
269244
253551
120265
332493
274814
357460
254499
402345
142124
247736
282840
394253
453016
115089
195804
210408
304358
228612
179332
120523
439279
140057
193253
419429
189753
283382
318561
125398
296408
181303
275223
434489
225265
424370
347618
382407
415795
231906
155691
180113
359019
398916
188664
182063
110126
165612
293677
456148
409722
247251
146462
186624
267549
345308
204071
300165
448881
190195
134739
292475
198839
124725
282474
406423
142881
144630
361548
265404
400632
278694
129243
374417
280721
126820
406982
106606
433137
355191
387809
316104
433434
192445
385019
178004
367704
359797
196815
425485
195494
370102
428329
354088
305525
334528
105985
150225
253724
441282
276520
390420
214904
149392
369619
447011
124221
184904
323089
161731
416963
213019
247784
279593
315037
440362
135178
164113
200735
376259
124077
168142
339553
172074
215073
279141
176120
281396
326461
138261
343875
375448
406010
181262
238190
324563
227554
355290
106618
330117
123810
240079
306251
289451
370674
255189
181127
176207
144023
316922
126095
104281
453446
106330
354336
102361
450022
215892
210817
273577
283132
164736
335037
181092
359013
175656
248231
323917
239482
415280
248679
181884
275130
208255
222601
149692
452951
112800
416927
253456
157305
253258
159868
176878
373139
339658
180065
427224
423642
141258
243931
239470
415990
176772
360219
155646
180539
228108
243650
305458
201038
253924
275479
323874
430238
384467
266719
254959
162264
153187
426005
325862
416028
372974
433006
439586
240006
357696
448848
366679
226503
331969
409724
225324
156699
378131
215423
368314
115850
232189
345799
359374
356386
126612
363095
446913
390968
342489
180950
359210
214189
347037
422236
415578
186356
277303
131282
330610
351136
329215
215276
360679
336133
377703
408379
435191
336651
312332
359820
420315
101834
287169
423400
107044
453511
404389
179123
159327
396525
372417
278492
102699
393199
271769
306722
420368
320446
309465
229345
250206
157209
432704
126652
448106
279208
417352
158120
319209
232431
386107
242276
396759
317643
114297
348346
409368
284463
406956
218944
328038
360062
161794
433093
386683
411792
178258
297532
234791
187955
130203
441656
323086
253792
158910
377017
251038
216503
105458
350686
179019
420897
279098
115502
430781
367622
258298
442324
396456
228497
374337
166828
261898
374256
195809
164394
296733
443850
215884
237832
254089
449372
136368
425280
133770
124828
279414
239558
390894
384036
173590
284027
321262
293446
410766
111836
247722
189485
117999
216146
446612
220364
262728
446274
381864
269660
114001
165306
168268
256711
295349
432890
453239
308511
285993
228638
412661
429280
408336
109050
125827
165753
326402
455813
209302
122046
109504
231206
392618
126915
422222
454119
404370
133788
104890
329354
265570
376418
254254
354849
172346
329660
239752
172780
401908
153677
257211
239060
331775
158416
321133
307381
201434
258449
333204
280812
213756
217126
346652
313495
442048
258156
261836
228997
306417
447630
148073
158175
324599
166854
262539
245885
273344
445477
136720
427614
163181
261165
345983
129819
212113
272386
166486
316157
105269
260621
214592
167692
397307
374812
371268
310578
454228
415869
211214
357243
257673
253722
328469
408598
290903
257254
296372
265085
375786
432976
152575
155016
364373
306814
419068
337780
197357
288694
155375
226775
121064
281175
336131
339128
342608
148941
428758
329108
431714
332308
390384
367222
365719
425815
413664
159709
250338
324679
309930
361594
225972
135841
160627
134964
328897
243388
454996
335763
421303
360380
302235
121113
371850
258085
299013
364772
234211
232357
363053
245140
421756
455843
256497
296460
272845
112462
442867
438271
232822
297317
179534
201483
337135
153332
209551
404284
153404
266467
401139
149768
202941
320677
432782
226743
410059
101736
215753
368773
146519
379764
320135
115512
210262
397525
360289
179197
379861
117133
175934
370389
145848
100120
198967
247469
451026
358421
105120
391272
270308
425504
391071
322008
248565
387079
259272
246495
285159
230945
251118
272362
330019
386875
258926
306190
341629
353987
399873
442018
379295
263038
250180
450532
160438
261117
315206
318205
429789
431532
239224
389787
216270
331392
107320
212034
216816
386790
287720
359783
393604
425292
237536
389877
103639
273044
318736
240273
427409
345396
297759
149272
441440
102088
136882
134886
266891
269817
335482
198571
207081
433917
165730
271546
411100
433330
206982
425167
368287
225939
311816
381292
259165
152085
260214
102880
157362
370237
343635
274405
250306
275556
438194
417036
344237
242398
158032
137326
148300
186247
412215
308825
209851
420434
222810
103958
420021
317973
372477
212530
167352
211019
283964
406095
377013
158213
388990
436581
255588
440495
259887
209680
279345
443666
305297
310413
127713
112543
175023
202387
131717
422351
184039
454696
238939
409043
310283
139900
178148
398712
223100
314922
335250
321114
229420
340436
380473
209674
111425
353392
104420
126810
454254
297224
163372
174225
363799
214555
417283
267322
124050
455134
199122
396353
391248
270692
388340
359391
287035
177434
151735
274680
213332
320682
442406
260344
233443
160921
181951
182993
437035
344335
133119
295060
417489
437857
203188
241663
157993
260472
183381
123949
287194
448216
216139
301648
198035
435061
341453
292233
113489
163753
218793
172140
160685
214497
365827
437958
450436
352378
436228
158848
222826
264235
432729
253173
433369
264582
105133
145215
416774
430631
441123
348376
410852
310466
161312
275785
136209
356739
347320
313042
164932
102696
135625
280961
334655
278061
162371
289423
108891
373171
346411
197105
235498
412366
424512
207651
391243
295337
103535
154212
149740
367738
154997
196264
112268
104674
240768
400133
112193
123562
249444
124099
230188
225287
182908
418348
142371
383379
117367
306364
353137
246259
354380
357264
218384
442778
406302
153547
166610
109047
117100
131116
122654
288725
183015
445650
155845
337555
236136
375825
115364
208206
404838
395496
372007
398443
104085
323420
405422
129853
162382
118497
413387
152396
369336
105512
387564
353146
107191
292340
116740
367036
182119
400052
451118
295688
304848
174196
140820
241629
398207
187394
200079
249809
317963
414299
133801
170062
349625
384391
432520
272123
121790
220523
280149
382160
330766
133815
398514
432701
443291
111617
455831
179668
287627
265665
205243
155999
153976
350492
166875
281964
125427
137830
108235
255695
360661
264804
323305
372716
380869
341862
144248
358689
418719
274720
307057
223855
372611
201719
200265
129951
401802
244371
393566
314042
444772
422917
136426
446072
218825
207511
231698
259753
418271
438047
413966
276203
121088
340648
362295
181321
420570
147642
330850
251087
200444
343011
305126
309091
452496
333296
224581
278307
203738
242991
220713
277019
294064
153085
247676
184171
203676
284553
412554
313169
294167
411042
249601
100728
248067
330808
201106
349228
188264
254683
292609
312039
254958
411893
110795
433306
159022
293340
357618
335076
385826
149552
210224
196988
421535
325468
363135
228755
281674
372953
217860
347386
242831
301824
241970
356415
318453
357099
104575
335907
372564
238490
124371
436080
146382
105433
292788
405545
317348
144211
276782
334900
236071
442218
228196
204211
293010
444498
152282
161805
135579
375475
369122
324321
113021
258356
452681
317192
409258
245377
264110
247825
399698
198905
129098
273925
355460
116227
416420
232746
330139
345158
283154
179388
429329
126958
133079
200621
284484
278099
102418
199867
223410
383595
198036
327250
435757
349694
316219
224774
239137
119497
239608
271913
294782
172840
280320
451597
226711
428425
428065
271479
275170
438393
424130
324823
201538
431222
385495
209157
108829
296334
198636
265177
134967
348300
118816
401534
270640
110537
143774
190472
185834
428536
395435
439377
387771
104234
392932
209040
300698
180355
400622
456012
343538
177044
116204
201359
148482
216750
211029
376962
147837
289000
391776
108722
143664
132730
415783
156856
219395
334135
450935
305505
334035
324837
345466
145290
148856
212685
133050
325389
184396
314936
400093
294292
177784
273884
232635
144071
115132
384228
321255
417334
227150
188536
311674
456183
354539
290499
404045
153503
451926
424482
161825
121939
431937
217918
182707
116626
102667
396059
450933
316165
228427
131765
310043
109904
124800
246085
275380
413862
132329
300297
192824
345566
282786
243262
151253
141038
124058
326207
155626
284163
203164
206153
446305
136701
325935
450424
353701
206421
300836
309594
332328
433825
359736
403278
339370
446201
112776
392382
314908
257112
454906
306463
286017
306077
356849
161663
436277
194820
361810
273876
210751
196586
112338
399628
214567
250818
313294
260223
219690
118432
208818
385386
139600
310676
128842
375960
371610
307709
404626
220901
289206
353222
294639
324945
276202
148180
227484
237977
222704
223387
280161
120785
201445
144787
424661
386576
124333
192611
149606
408017
375561
366574
351024
386442
291908
365357
428107
356347
226459
287288
118914
120192
397649
298617
380094
155075
269499
272640
406231
149239
341222
350074
303537
119981
293491
324583
381809
330629
123351
331210
330463
380036
165037
116026
449702
233531
443864
167361
233009
170150
140076
449273
127287
385451
345363
185728
146676
107194
291463
258004
333382
342832
178941
130692
193925
248900
325134
298574
440977
139001
167707
403251
226990
427829
399014
445497
295352
222456
136402
240483
229971
114061
218241
382756
292177
289163
308544
189473
252839
170872
107662
116568
199732
318318
258576
340908
380452
112062
276788
284941
157999
130025
308904
293936
182093
222050
348134
145449
409162
109774
294484
405164
303235
290850
303046
221847
410120
106676
362417
237853
129742
202245
279347
361801
158313
260990
392665
402252
128813
395487
405917
402397
410845
173910
422352
443789
348232
422939
415183
441937
383127
154437
429056
366804
405413
103699
244036
262944
371757
138220
357088
430488
390273
445081
451901
294044
181670
187182
356428
230305
212652
383867
169494
189117
111229
191677
300390
252978
413051
328092
413721
240462
221016
430141
438107
253445
179353
318421
181038
304758
190549
295810
221671
166482
145596
202629
211024
162440
350546
159516
352654
264245
377296
429785
166507
105436
325007
269447
195833
307572
346098
353000
190602
444561
446823
432195
383763
174817
287608
328401
129941
456243
343170
329220
425113
424578
343739
174163
302322
121207
196396
425514
358666
213033
313144
218044
172609
384305
316734
106345
384389
355288
168478
411610
123399
184308
249804
377579
433194
239419
203148
148527
119676
166491
168469
434603
211491
331052
398508
127914
357209
375961
226839
104869
130312
442745
287536
320768
367292
109673
346270
360742
383080
248126
320949
257218
225472
448158
406532
432563
184983
170777
118180
406416
371877
200131
198218
130746
218823
454995
402304
195743
171557
135853
445219
352028
377145
272272
302042
368450
433752
326098
344350
365292
271971
121477
115819
329800
317892
198232
355900
273745
356407
354882
159467
298237
299698
198582
250800
116420
440733
334087
150116
166905
297571
362704
107928
171990
446762
226626
409794
182903
350468
106626
207939
441827
200698
174803
350499
398057
427922
213844
163713
317703
411727
405809
179517
167935
250587
256836
436570
252694
270783
137165
369333
227800
166311
152967
325648
330751
160720
295625
164681
113555
291879
255703
282181
232343
375750
262628
146260
423550
359135
150554
209658
406085
130665
302454
114883
344188
251400
408231
281714
223598
240861
119067
382560
417711
400818
410342
224891
353951
121940
248061
405569
292959
128318
169903
347301
213213
311503
334061
380565
179056
315957
271890
162733
104832
329973
231133
442472
304606
335967
210926
395053
249693
180947
145865
126441
264165
108706
110781
290759
185768
404897
394574
106304
365016
228357
421949
192580
432538
301058
241992
449107
252385
306081
293154
281654
263660
184652
286340
415798
236327
321948
417323
389909
152062
167109
428006
377999
388745
116559
356730
185482
383588
274002
356130
344084
321219
274252
107891
372440
370252
389607
359904
223022
103364
106887
237691
149873
230232
112953
176649
107489
249252
249600
282113
230342
365113
338762
441789
212073
200476
370160
206407
177198
341850
241403
111308
121055
432762
419482
209258
311342
157844
385962
143798
214896
449316
357059
251775
104316
149340
149331
274102
148174
306300
399608
249555
329373
377522
342901
196171
231802
382967
205648
447695
430696
254234
364596
161148
277062
158186
216383
320705
354626
189762
116688
411186
147423
391479
179198
192583
109831
441806
285144
385284
150588
176387
427090
363406
162890
217234
371555
245610
449600
393826
249058
354337
214531
260520
365880
302711
205736
424342
341753
222860
404009
108368
154193
127069
270835
290515
269294
188581
439365
135438
267873
150985
101882
453274
422879
132368
369970
383043
113782
233277
320886
393849
315514
186978
403995
215846
452573
296329
289208
201446
215950
445171
324564
262250
195061
181926
380758
277265
265159
242873
194454
136901
336274
329604
236592
333526
331291
127660
333034
361675
152494
267151
302994
406446
219657
211052
179726
330939
201124
194993
231890
315102
228566
370211
107601
173298
376761
189790
191962
452467
289973
386055
150520
110457
314416
142998
149042
354488
238132
224572
138182
381783
299964
164934
367442
443733
361385
120604
361137
121140
268065
198097
348446
249280
291622
122446
377273
373212
277880
392478
341950
246311
278451
218308
415310
435338
179099
341759
312367
286991
110838
212355
209873
431796
176427
348946
257811
418094
419313
219865
315104
385086
162900
434950
421209
439415
229396
455936
195707
300379
126697
178650
171688
452778
263999
302808
440731
287429
380874
229163
285953
441777
118636
204942
411067
370645
174055
253694
438775
372970
223540
270499
174812
427771
294265
289916
127650
116152
431685
393698
336434
313317
111869
388045
155712
237796
156438
291616
421930
213726
140718
388400
426839
147817
343149
390625
421449
323363
410645
188865
452742
293216
428823
113192
419621
192781
172720
360525
101596
158802
245266
333290
227966
193005
335352
109858
325659
216148
311789
350968
198724
439849
453732
297268
331781
157130
187271
111220
154055
276232
238591
119939
241845
103982
403673
157095
321864
379607
273653
138322
329685
393663
421202
351532
359901
200819
184364
220349
224443
276001
362261
403719
221359
369203
194775
296330
436202
451978
244300
179727
225834
123133
384374
329513
354022
445138
359122
339980
188728
131927
194163
433134
427173
250303
278661
396255
313801
387463
406904
367475
451107
123808
248711
345762
214696
394475
134894
143887
139068
302605
120462
199209
408972
109141
209245
294281
140422
215209
172878
215575
188088
397468
188452
211776
421919
436189
443172
340154
128323
396538
237854
348751
273804
285734
110392
277219
359206
381566
105986
312444
128103
389892
115441
130616
174134
366004
416160
384236
153053
278516
379874
193809
170506
121052
216695
163835
109424
178110
195685
456200
224362
169618
262010
157158
176706
394859
392555
327538
193791
326816
339910
225260
328206
260216
101520
271782
358367
325636
150707
129394
314887
397672
216868
241104
129423
392187
235001
113639
192137
315400
388434
232873
246313
155402
244625
107860
100029
452344
221379
238185
298864
392023
140666
352016
350460
276494
221021
193169
374879
205801
376441
116065
353193
413078
336628
202789
246234
101038
215783
151014
125228
305742
261571
435657
279886
248491
134721
112090
276139
159710
204171
359894
156075
416875
220599
438529
251959
235873
217803
149628
154670
142345
431640
357804
212686
141864
292398
441357
210044
194759
215792
408301
399755
308460
131466
304461
209476
132565
452952
233498
369145
131258
250830
113106
355225
297291
381155
241032
122480
292224
121253
229911
455273
291653
341392
182407
173209
136048
177462
413030
195509
306499
370406
390519
400776
308246
139488
436941
139109
117361
434673
389757
357267
149594
128141
450374
379997
195212
157435
136955
297290
295859
405357
311735
197717
312899
430821
238565
129427
251846
443421
102012
266335
167087
448637
308056
265805
117714
253477
102306
365660
372851
170926
137921
288714
351437
336055
148836
343899
255290
205847
103190
176658
225911
376303
194296
427683
389038
320169
292425
232694
180519
292495
401351
371018
206813
219684
181134
105769
402627
402767
255324
203832
348394
113718
432979
211907
195071
231576
213090
350238
104129
318454
236170
228466
370528
352808
130503
279207
229532
318853
272392
197292
304750
398799
425931
179127
431122
198515
314345
210939
139691
132959
284536
421626
306442
282968
314455
431112
147234
230887
345286
326403
174364
223155
330649
441057
304390
299227
178090
178083
238241
421101
235064
335016
196018
392512
133295
135998
374072
300706
143512
328951
354873
281871
293990
262689
389705
187350
143682
116548
322697
157341
337993
306181
241271
309673
237713
284039
258955
215146
106406
309222
343827
361730
182784
444809
122682
234596
243622
229806
187014
352586
167553
268156
252072
229132
242451
177646
403630
316710
155796
413140
135351
190447
305981
133771
359674
347091
191134
372539
298297
314642
126819
289267
326056
152508
438989
244463
264204
419905
244670
287721
307602
146703
285430
350679
276212
413361
360378
137522
242289
354672
172806
120420
223068
352838
449575
164992
289242
434435
386068
131273
342206
274476
363529
230916
151901
248511
107461
251797
128204
213827
217228
303874
154476
186452
361391
274369
392840
184243
309977
112608
159672
307647
274428
407048
189477
251681
128104
347538
325494
320038
256637
295555
250108
179330
311355
177412
371319
291755
339977
322263
346033
365027
217554
408221
209361
155154
116472
348042
109289
336170
452738
118333
246367
385274
284988
374500
200382
107597
413358
376935
217079
435732
281948
397320
328830
382515
190715
162404
442348
371111
138048
235876
355167
202755
440334
132701
106396
210123
309013
230015
410932
267745
277602
343833
329413
304630
330155
219371
353468
134220
343676
226985
115068
143346
356165
271797
303820
211035
121356
440018
175104
430175
441184
179558
134072
172524
178911
216707
391803
300215
187532
150560
389800
421792
113854
104195
212762
315845
206514
243224
327895
139603
151083
400560
168227
372828
335402
384803
193073
386416
407362
245876
298184
198134
181004
199158
271958
129136
368789
443085
354991
131396
154343
361165
448446
174158
308914
430188
360155
283543
210154
231465
346185
397943
298198
363540
128248
369066
406180
281138
291471
198129
364377
109726
329159
373932
198115
108351
409651
102864
161354
305978
407101
434005
333039
379938
229784
339178
412911
358084
316951
320511
130415
212742
262867
357659
202000
123054
426430
452828
240532
255935
300256
207161
185416
438704
376318
431851
302206
171002
155706
312072
154487
393421
300388
137000
234616
204599
432174
223938
207156
222802
435646
158982
417550
439014
257082
177190
248137
351297
224491
323596
374246
138090
200777
424926
365802
124255
244840
257271
144449
325682
232996
447167
182505
180341
174727
438990
250714
326146
444566
260897
381213
128181
234171
335264
409899
174116
378526
443065
451077
304784
341959
279393
372441
207539
170443
428042
178631
157974
107167
358947
398990
355016
204205
416990
223861
427971
422731
416643
291747
245775
218958
291636
325702
124111
416021
111087
294158
266778
124945
375716
318002
218625
235453
283183
154175
279887
395976
371724
443088
349790
346769
402424
129798
185600
221018
418088
304972
318832
245068
397449
167355
314506
309485
305305
217781
188115
291403
101043
235410
415559
330257
187361
307442
141050
131899
356581
252041
221542
158722
115964
302970
337899
315207
406381
198784
358461
268731
430237
408530
373355
356615
248896
156608
222255
142884
281781
334719
422174
203871
155843
378422
377489
303071
145400
444393
287748
247037
139384
438581
353578
434059
366217
432268
147812
313829
451196
213999
243630
380453
409484
344250
254136
312508
445902
411689
286738
239403
194066
353119
251249
124626
134762
374357
213725
341709
310108
449179
268179
265735
384306
149511
304116
228047
190818
129800
243560
256530
123144
409073
450224
290445
344257
145892
247752
191536
193137
362748
247240
256203
379431
155891
292014
126234
135228
244336
307513
146127
345307
326316
422211
400423
160081
448230
123560
445614
116591
360591
310540
116145
220083
206895
252848
353296
236128
402233
173827
367409
175389
388642
368474
252922
306847
166106
282365
352313
398265
276791
305318
155038
215896
420496
129130
173311
310942
265080
207569
101756
187215
368183
293196
322382
397941
218245
186484
273592
160270
104542
285919
256584
162302
192068
401272
205701
262061
322151
413240
290626
299593
425607
197732
206241
347950
432671
319425
406263
252792
174167
385626
106149
372780
424209
141737
325872
442147
276683
244854
248479
262499
328346
397738
275715
183402
441556
434843
381021
412518
152533
454883
114697
255651
250895
316514
285765
430771
270413
430439
283106
447090
241453
263740
285752
271416
123698
151116
205762
424855
426805
224584
339749
124827
411257
356074
223882
344543
152629
252343
344484
117797
184985
374616
208187
112490
107189
257930
168421
155684
386568
408544
112664
426359
244124
133231
439608
394316
413575
427995
260369
346659
358329
190751
316299
413535
187324
373639
429123
260965
163329
438204
345633
349496
291662
281169
350896
332275
386637
333981
231324
234361
379660
423411
451858
402182
273945
341234
203748
380095
306336
404852
335654
143397
209523
172204
244959
444641
387847
233570
104444
448901
265878
181650
453036
303109
217314
279687
188266
355739
332984
377134
192149
406419
152454
234021
217181
271436
235669
258080
234480
379471
330167
428662
314728
187431
307529
116716
197982
251026
253102
377132
170213
124748
399028
265553
272453
296539
330818
279253
169279
392878
316092
264637
372808
430767
163517
269188
224026
332978
434189
125938
302129
102535
452636
368533
194492
212299
137806
157244
112483
278792
120096
363953
383032
223846
436568
290294
277692
317195
173987
296946
324272
102094
315069
148059
228613
109534
278403
455280
432977
227760
371094
250840
147871
451589
151582
454310
287707
224633
288704
275810
346462
430038
108263
199853
248099
216568
208015
201148
140230
214092
393887
201313
220151
302169
296037
340560
114073
281245
152935
432936
455682
156346
169320
129199
453205
177911
105164
141829
236256
106183
105347
118834
392537
428756
352809
205203
281486
416772
131168
235297
209152
274919
377350
273274
286694
448747
320554
391488
361182
146283
158239
173723
336255
367077
385421
275764
336489
173060
380948
404483
100004
184292
108373
299968
288846
174285
362066
417634
403472
120623
381254
299629
191219
196048
373525
207367
406212
293848
339355
273828
255249
414912
250151
109494
448871
265748
321451
313937
301175
354076
131173
173435
296644
366260
243974
233904
120081
118315
384360
397546
254506
224946
255435
255376
306431
300399
174252
288335
149925
394674
294086
278195
212294
269299
433692
420224
306523
445144
295054
120359
263841
221779
275497
322816
352147
291126
123053
389036
360179
144757
364512
411266
321718
301220
393292
324506
383510
160997
350960
394700
324374
354696
404768
355531
111158
357122
311744
154446
362204
399386
302362
425973
213266
121236
350609
117492
274313
306851
370090
133874
424769
118678
234504
308244
250103
291405
130405
332412
433454
138965
380179
325104
389983
259428
324475
256655
250413
301838
148938
171285
324080
427412
271026
414310
139849
101753
187004
439034
118507
333613
444147
337589
122603
238609
381265
305351
238064
389060
412576
294991
249524
318568
391251
162142
431491
279934
150801
128640
359626
301322
384926
138231
201179
380427
265905
334016
149999
333779
443228
102792
315078
290052
163208
388388
301536
160135
454606
282027
433579
394482
159278
190444
252795
367980
144399
137089
157416
444162
237949
223280
341032
180128
226649
225871
177194
115166
154019
446185
428038
364299
299391
322238
234756
405664
101905
269582
324343
425918
319665
166248
107404
333371
126530
287522
350423
132895
324390
383998
119879
447681
125755
294829
156774
286669
224700
390810
130308
372362
399228
114830
307873
191571
351954
349820
159218
424585
365501
344620
104763
329083
356383
165448
134301
366496
423064
165114
254519
157466
214564
218526
338471
411894
400078
178350
179836
428555
359968
199989
150156
222259
143009
223904
281786
138516
301427
348262
209146
440001
348147
354929
440796
348654
276533
291582
306989
268562
240391
425774
375914
115370
212412
377610
178108
399690
108574
383786
384399
127105
223438
422206
149948
452798
383145
184096
146524
234692
381638
357839
215849
414729
297838
138064
367051
340755
191109
453060
404388
176485
317384
115689
276280
228630
346463
442609
393775
237072
378429
272051
230582
350332
183756
283603
226879
405962
439892
370035
269087
426082
248817
204660
149888
220885
263851
165713
282405
150455
289575
343356
372327
201463
135379
388738
360620
142504
160542
308899
397656
199680
249522
403022
254902
336375
307047
306022
191067
323074
347312
223767
111916
165913
392180
249274
159319
101072
382727
247748
364566
342856
455672
283562
332566
176209
203902
341791
102362
443260
163534
229755
179666
178782
244467
279726
221386
236637
420131
101335
232482
202026
205113
418039
313493
403998
356548
230691
420326
277307
137014
284978
321901
321573
176229
119229
386595
380878
301365
256543
437596
175342
249245
364791
163016
262742
265289
145271
437987
186467
331482
257457
273440
145019
226087
293067
159414
433087
290529
145492
190604
153797
102564
120426
410899
299713
391974
137288
114445
450639
450441
239220
353156
139014
438971
450949
424976
204264
187892
419136
385501
437850
235268
223842
428367
367751
429768
170055
435710
326663
142202
194335
126143
188684
438610
415031
384652
442202
195118
153371
161086
106285
224751
129360
362565
375674
404977
100371
357131
263138
400512
192932
263727
145779
315962
257593
330210
211468
256171
198265
423036
161134
263351
417690
199748
120772
240223
144477
385295
125074
294891
259081
107412
152753
236721
436723
450013
219929
295417
302236
172269
329801
142247
101956
125285
443148
395128
198131
180554
261752
453931
289179
430502
367923
177070
346988
321476
101627
341289
420231
237627
402585
338996
290047
434760
335915
194433
306531
381175
399413
449131
387723
298663
276279
381137
267053
257877
378506
364709
374945
345621
198156
249734
430902
111970
282690
277855
296080
100696
438239
305830
426213
125443
120997
190889
387728
194217
164193
245783
421584
423452
429805
119082
225176
194392
301213
154705
122220
315568
399569
130545
297601
246755
355115
330037
210254
271194
294341
321283
116914
448130
137262
210628
269269
328736
250232
376678
415203
123329
212838
211279
212053
217834
399043
261712
234969
409925
129117
237873
200796
388330
299846
154098
434345
145478
243535
124933
142110
427170
226962
227811
452966
127401
295072
388472
371222
417539
412845
204505
314788
451986
145998
381840
188617
392046
314880
220650
307171
337166
431205
285363
178482
190554
395905
193835
166256
233092
300509
212264
322894
447615
186521
219181
336572
202345
154601
164421
299517
239247
253752
195508
184214
337917
452884
266277
256787
262569
108748
283682
198572
348573
377485
167825
107199
240071
353306
230476
167997
198505
329056
109627
421487
158448
355292
315583
256382
184366
414820
243987
219680
197124
337547
449029
124950
163701
308795
238527
164989
206044
237477
183634
138495
417725
298282
426133
179012
420936
387404
152928
450808
148373
315483
203174
189077
222779
184584
176112
128239
400232
101113
275294
407216
102324
143325
136045
116980
277171
333134
229785
205706
132217
251388
165014
317208
338236
382425
345179
445629
248754
392586
257569
411019
248935
263164
153221
239977
151354
279103
155679
155946
113196
203560
307865
334182
359088
283122
162059
343290
451609
100640
141966
393981
206207
208091
171795
319672
199637
114084
317341
411285
427278
375393
364474
391278
160549
270278
411831
154063
194601
401157
310392
189517
142428
227387
292293
245385
454546
454976
236210
417924
415581
350075
361818
228161
313418
113328
178916
377207
271654
323607
128804
356103
409568
123899
316087
201209
283473
357552
240592
255123
355595
183067
180372
297922
162815
436546
414088
325252
259655
403793
227665
267362
224036
356987
291114
364167
182259
224512
204278
253517
266373
372343
419019
290980
199532
194031
117532
182873
454338
312436
103033
347437
388090
196666
309037
362454
312782
350479
309209
435552
367717
419195
216665
328243
164222
243980
109216
139452
254232
303228
431067
148443
394453
207128
367696
330417
360692
154263
423170
422103
427362
281051
205125
256574
390186
389836
126122
301448
414997
209692
236206
363537
417181
186843
244735
337425
218971
446897
264636
293362
118149
244163
146359
308751
166997
366834
103170
104704
218752
201901
326690
370889
235436
386615
121675
363117
414028
258986
385924
155583
340386
204295
320325
147348
174143
171211
336828
285168
161496
165022
308136
380547
118317
391225
203991
165340
352386
448793
101810
351288
446335
101439
270420
121799
146353
261767
246427
311622
413471
151473
243902
318785
223959
452967
218212
348678
304185
288768
100475
234895
205412
348260
244600
345588
295667
364385
262162
351322
188008
228548
218414
187126
128959
176968
137097
451296
107665
430062
126319
317746
200137
336747
176721
200154
451592
420691
315270
396047
443843
133256
155041
234588
296577
295394
126167
330949
123138
163933
119445
310643
106949
358476
374162
104524
190211
115995
293701
384393
179568
300343
353783
258416
254054
423479
148549
455142
253746
228631
301537
151175
223024
359132
151776
246678
170664
199139
175031
307428
265663
438922
314608
393367
440071
273609
186376
161403
434927
422954
180629
118786
252730
129835
353665
118396
248369
289970
239885
253707
209966
151180
395433
396875
281345
247126
277325
145269
272964
166013
242708
150047
178200
211410
179977
249893
199290
230731
293397
198248
338500
448366
305415
151839
127679
396725
384646
224691
199089
340217
255979
438747
275724
147639
124834
356149
268019
149242
365619
404161
440635
249787
294967
334380
107313
366722
439919
387054
323979
248940
296503
388825
455372
323594
417790
114512
133901
368268
390113
259622
289656
265122
135069
425526
198987
174996
450211
404530
391970
366233
331668
339066
369380
240991
320957
330795
216480
351069
427822
143304
347214
372525
449828
152372
114006
283204
152443
211465
388239
330435
277287
279929
337121
292186
434128
231511
217384
371515
426036
318066
429649
388604
159456
313658
343569
140070
280454
259964
238706
435660
402143
176213
129459
182535
435224
242634
102095
132433
206461
195019
175315
140071
278769
425233
375280
354172
232693
176586
359203
369146
267407
414818
302427
397028
355052
379227
108423
269416
265487
125907
354760
171632
358228
236248
402170
200007
427638
233984
122721
409957
128431
367207
107331
169875
253289
164672
279510
102836
383795
392568
287335
249933
188813
149651
210828
434762
417951
378729
306626
290135
241625
395709
216324
448126
446833
203937
248649
407603
351631
295214
277910
223656
273104
142116
411625
365528
178291
339231
427282
264629
362134
196014
155833
180818
376933
111938
172155
222237
433461
349507
288930
440996
346782
430900
339900
253374
189583
351519
171157
114195
203117
377553
350594
191307
303938
147921
287381
229797
158592
427374
194640
452564
218641
103242
400823
141525
434943
429062
191129
209627
321969
124291
117271
446061
340651
357602
379538
284330
293475
231227
259726
400343
151241
284304
242505
330538
378757
235478
417804
153038
292041
174347
143571
339473
171827
244617
187305
183788
268493
362095
226602
297861
102383
345491
384193
390356
404739
159309
184081
329247
293924
259645
375493
230150
320027
240914
224043
335872
231522
201915
404610
379619
222468
417962
321815
104585
388609
238951
186370
435572
348432
108344
182237
215891
156029
209503
235952
343810
424771
197641
148764
449229
154204
389882
424632
234209
327133
372217
435904
155087
371608
296610
333901
184899
412045
194033
138792
131303
227196
388025
248646
128478
324796
384320
323850
392858
170755
102690
107293
153959
171969
381068
116510
176707
229600
268926
109935
259017
241203
411323
224037
156531
124166
379438
137232
308594
448068
406627
142401
298851
402456
160825
411161
189871
419360
450934
148533
133667
161131
283149
140998
147975
420684
202364
283872
168406
195605
263466
179651
306037
211003
448042
145762
418626
410839
108049
449365
450012
113224
292657
291432
446436
393230
400341
414760
390291
421594
135874
417510
351197
207661
174117
200288
270458
342869
453880
249198
212387
437732
126344
381208
176039
451369
451376
320868
380619
398887
269155
192327
364995
322519
100949
138527
133314
352278
346131
360572
138284
307158
315652
238711
305726
225830
250450
296456
251397
279989
256044
388444
420269
357975
160186
364033
167253
208043
366901
432689
329120
431293
273717
198978
383125
309070
256413
208544
300082
379915
375539
382316
137477
306152
434585
292781
149757
277684
385655
345978
290107
384257
177887
433489
319722
106023
115094
209959
265183
372584
188725
318184
215216
312398
363421
154927
432654
400259
389590
113313
129574
388832
298740
171516
169438
234081
329401
229869
119529
303054
249108
381549
121623
180884
148122
287293
293642
313134
218109
357796
332309
136678
108723
118382
148054
321220
401032
245475
101613
212297
331960
312044
176515
305493
383879
294058
251441
428865
247116
249856
387297
346066
391427
452100
287279
132526
375235
439283
155477
263395
392638
154406
175271
110509
168037
229587
381856
286780
330087
245464
166511
223935
193457
163228
371958
206685
204773
425123
353384
429155
380142
301511
282439
119100
293711
170456
448027
175865
363277
188487
415088
170466
408815
170683
265870
261194
440567
130590
429009
228971
348872
179914
199681
331575
272569
258580
424879
330217
160657
207058
112990
138160
410356
336695
388663
192834
402187
251919
430292
413092
361083
269089
322511
446801
441952
304253
341518
440802
213419
329995
235788
345813
286855
229775
343134
169823
426200
164388
438190
117919
411013
284620
199409
242350
380281
408319
426416
286032
384510
256782
188012
219949
398404
266599
450684
133860
445422
390823
134755
257385
120846
223535
213554
194564
309285
254609
409122
436686
452184
271761
347299
100291
114756
349614
366480
218857
106979
210474
356388
335689
150962
176862
384673
403756
359638
128502
217518
419463
207657
170606
270150
184958
298751
144636
418879
371327
419405
171951
110727
125386
177957
416342
215299
291317
141359
276323
165056
309678
380755
314095
400544
432753
340394
408944
250178
403430
421120
276626
394680
380409
420463
325679
397373
305627
274691
326877
201095
358086
386039
192641
380381
332693
364000
295696
259218
415859
402046
126160
119928
396097
276243
358520
118289
114329
227887
258906
386642
125389
270359
281209
379160
280645
370021
390345
299293
324705
452248
180264
298565
363892
417514
119293
187707
179722
388186
265963
175607
426432
379029
210841
306529
106497
452956
388383
374802
381574
314900
438212
248035
249798
193570
281065
225257
107654
363901
212102
230483
365060
180504
174720
115259
379260
205664
178078
146526
377311
147531
146148
193176
445862
133704
400164
320033
199779
109371
106133
194685
178727
135659
134959
286020
166167
312925
110409
164518
174644
133089
180091
417622
336224
343014
118455
108487
393993
366481
400953
225229
136608
250407
152135
420079
434546
137681
109792
144989
422199
451722
210649
382468
353017
281800
369591
195180
212600
288972
257109
346235
201697
290877
297687
228449
425612
268361
142184
278868
364999
412385
424154
331278
381036
447162
200309
419909
143116
405078
426820
281688
225777
114882
261833
305535
364665
372335
151046
179147
346699
202188
354747
383393
314101
230633
122063
426253
139003
133944
333014
332347
293268
403900
377016
146222
317737
313594
165262
223706
139854
180231
178068
264619
426439
133763
396925
245292
258707
315559
152697
413496
331598
297037
438963
340706
253425
120411
418120
183174
307145
321503
440946
401897
341954
390704
122157
444827
121668
409392
252227
241124
218280
104214
131252
218267
183314
420723
417079
449541
208764
182499
260325
202680
103962
405082
435872
205406
315952
299643
249629
187563
168900
132320
188377
369342
136883
283006
365833
118122
423363
448387
434516
260518
373969
415314
192653
328362
238650
271963
313400
439681
418212
169272
438163
367115
200098
209910
272359
127246
380119
320872
377330
119096
100973
252514
279223
399129
422459
130443
366719
292124
365424
112633
308968
355995
110124
379184
451054
260759
205031
218927
449808
278965
406431
330953
218164
425692
416351
439925
230405
324037
232820
186825
208572
162300
281261
381552
447125
142974
125476
340583
138316
249396
118938
235883
301617
182654
178914
454484
210768
297792
269996
155231
176401
263359
373765
180501
153457
312535
242271
428906
190867
437447
315874
360948
179289
442198
329458
324084
273006
138504
440640
102901
375615
407206
145252
158872
432843
154324
377370
303009
175963
111861
340057
286719
108652
407843
277446
121087
228892
244882
309495
240303
290568
188710
405845
200199
108783
369485
375334
146311
205468
142879
215088
193064
333777
339468
151414
367376
156071
203155
307927
205939
250112
263340
402293
166962
132256
177981
412208
152763
254827
177915
170553
443448
435481
202254
379530
160120
407820
218522
377841
153716
145967
136174
306631
394690
108925
275062
178213
143394
303359
361794
353793
183990
179004
267028
258261
364761
431333
223356
261066
135685
347878
216267
414114
226736
195688
455413
266494
291024
345773
144774
198683
321332
273430
424356
368908
418350
236962
172163
453419
440086
414734
230871
224330
108642
366916
155863
209759
362390
234424
135127
346419
134247
204469
384070
176717
231106
127825
360023
440981
302698
119265
359530
194350
429096
201954
270430
361305
337941
373677
437111
306889
446820
371483
275144
327807
372841
220977
121040
295643
259116
230648
107659
236976
398310
414456
450634
118261
281011
226295
401630
125212
340592
366102
214796
362448
369639
282199
336801
224160
411089
316870
447159
394162
112713
318807
390360
233699
146293
414763
221352
107442
397041
153309
312949
218257
455081
400518
309864
369576
314649
351980
347667
228772
138362
396150
295651
152866
174768
321952
293699
174187
313407
224110
334124
232510
357408
141550
117289
322394
160239
137319
255831
410558
371553
403959
352615
343437
207932
254892
113492
287138
331970
310730
196096
223081
364534
336589
137931
147971
337711
164196
397478
450594
378712
229086
387245
231466
148282
432864
326066
402665
400637
335349
213981
105828
163953
221729
287218
304151
177317
433022
177880
127563
111675
155908
115729
442471
435964
246030
107591
151946
268265
117640
153039
334548
406346
395967
220557
190015
413004
352045
178977
189942
308561
356133
108980
139702
298491
280246
332870
163997
120175
349495
337011
177400
198814
246107
205063
456109
454417
445322
202499
315318
296302
314492
249409
456197
336091
259972
157652
254798
208362
267785
129737
256090
314988
386420
312397
350117
114154
250428
400149
377290
361146
237711
240011
338964
419003
277314
365159
184882
317327
451494
238189
229068
391760
382208
277960
287763
136452
196329
217569
218393
353283
221449
422763
306460
167224
331584
298124
220784
250437
253615
262804
393222
341654
275134
344077
420402
432596
113653
143078
185950
252282
324810
337260
305187
244633
162889
298202
148593
257178
201303
378673
158686
127182
139142
186237
246190
103426
174785
103763
241578
380602
210759
130383
190953
409910
182697
144217
398172
378505
182451
213388
319064
339431
364252
389256
394748
401729
116654
420029
324915
327219
109697
255258
365846
267308
143698
314174
298299
151171
222249
178446
263625
420517
137114
233969
233821
144703
369849
255361
128977
440838
210691
348809
147461
409150
340263
324244
139405
300741
338564
264934
223200
385058
409188
423590
437473
164184
139177
300670
452402
182297
264211
130498
304395
452860
403320
403204
271748
104842
301649
180909
299580
375904
370815
433044
263987
247345
355902
350363
289649
236191
143665
342080
254635
145787
344078
445028
368471
349454
399139
392572
180477
237145
361712
349786
104617
321654
301893
384527
207903
424459
168260
410146
422507
367123
340481
197783
433362
241731
236896
200618
238118
259167
204341
176158
159553
299438
129692
437665
102735
176743
113327
252307
137665
183471
328711
295834
306567
327652
186810
271074
254013
390572
188570
139965
269121
226271
254896
208896
420410
303536
317770
326151
138151
130476
379743
253697
420778
451311
369244
223267
417287
257363
233371
315154
162494
452939
355049
429393
365295
150226
205378
330112
339180
150353
270697
203092
421936
106634
279490
291828
235608
235161
295430
342814
306107
253205
277810
281388
316325
335614
228992
198290
397541
114487
199094
415831
362245
140315
158562
339461
129559
372143
340831
180294
282307
217916
390993
105261
453269
287506
426916
262957
241506
383601
388153
321663
431030
455836
428642
200644
187587
406804
252564
388914
422618
387263
427407
407037
369282
357943
345679
257964
231939
120456
440152
389543
166648
134028
339085
376739
280405
260095
239345
449168
180926
153540
274627
321856
454603
398837
202050
142271
242571
378546
209941
367400
292127
349002
404125
253184
434348
282656
196516
343881
205991
333807
192576
366639
131051
242583
141766
209066
118306
343721
143509
208167
189409
300840
125451
294998
293282
192908
388926
152243
347975
423295
310233
144131
257831
122163
120276
136357
207227
118606
344590
263679
371624
380355
121217
252403
103844
189525
146314
268355
278336
251164
210301
290733
422712
212131
180825
157156
224023
195276
317367
137479
413816
142138
420119
416859
366882
288867
273095
453643
292111
437086
230508
297807
362656
119085
350171
128546
224224
258632
204541
300955
261993
112439
316080
204507
425337
185745
132571
214386
315572
345348
214655
247980
219029
100955
445610
334641
418662
219545
256071
359617
281518
238771
171876
280331
323205
299736
393456
401732
408245
158190
146348
398857
303343
404980
419657
149787
323735
110351
102625
241618
253931
140206
369667
250996
347506
374459
235336
150972
331833
407574
389136
270729
315511
288844
288234
358112
358003
438465
159880
387139
195871
196368
354523
285518
217613
167735
144044
381825
225873
212396
345152
255139
152668
413972
396029
145960
454415
418904
255125
137969
313987
390812
299367
253813
274644
444570
218829
221945
298204
177927
319284
227817
147178
339945
316179
301671
416976
304835
115478
297649
114016
305314
340539
292103
121125
326864
236958
425472
355513
159031
242591
359890
446821
295059
253180
262617
117615
190520
235783
415651
167921
329724
401962
422348
133740
340210
368716
233761
387617
348838
266803
400350
302120
182425
207203
251509
436475
198365
382360
367287
338106
442137
344290
115348
101205
412240
278602
307857
372081
243095
369406
452426
332672
111385
426143
228728
397448
266370
147766
304643
350247
181601
398540
325050
323910
352397
345342
252219
396268
320133
244043
273743
302055
321203
163638
188373
288295
354043
246666
156202
271892
165725
232706
199698
345816
174593
321125
411096
377125
363182
274731
134596
412015
414520
354559
341912
293022
162084
266405
237402
170009
299825
154248
265403
282818
368832
344833
104732
228294
164857
320483
209480
130759
344733
337279
203978
449187
409483
387987
293121
440994
371025
130282
404508
192556
149558
242384
300545
252952
187932
373861
308232
299555
217874
241194
334928
438984
239847
342615
138339
177003
110133
150138
178954
253598
370841
126714
313822
402762
141132
356295
227186
168776
113655
371846
394662
265124
190263
269114
295957
340568
286001
317839
115873
102434
285225
128764
184026
452869
335688
300027
136506
288397
329308
132687
226108
161296
242893
373752
243116
306768
268639
339796
193068
365700
138601
135234
404884
122140
429233
176838
221728
363107
305509
122612
354432
194228
107002
249857
316247
130886
431470
123990
154323
118827
251405
101251
447813
353740
425259
159909
196529
373148
267487
432498
315686
403066
135840
100008
245172
237517
151953
396672
258428
154669
278070
328130
302810
314502
244609
389580
344545
159940
265079
106571
434334
221045
100018
124540
153825
110834
305079
266880
407591
362009
362256
379955
142019
394251
104527
206390
227117
244161
318030
305005
366277
179341
321782
202744
230193
339781
300913
378133
254898
256901
405218
165392
435781
272457
158995
124861
214414
413995
289967
212342
455706
195090
351262
102375
261775
400143
386471
226149
390570
185033
361659
294551
387997
171482
443416
145304
211012
192222
283026
311371
351168
132143
283435
365118
244066
417782
343634
278843
399440
394468
271057
233199
338535
223497
168639
357360
212858
365394
189839
205758
325229
328190
349204
307163
445541
390464
448166
194266
257976
330353
129506
299663
162330
406944
445830
192593
351884
102761
352405
418148
356325
335447
350239
150100
122315
105913
245694
425238
380404
374960
385901
267651
212988
364674
248878
238902
214105
365229
105304
154070
412027
187375
443753
376919
298797
111585
109983
434373
159328
339912
211027
369388
225984
426700
174581
447310
263396
361800
313105
405324
295101
414101
124444
217497
176262
377095
360403
226342
434627
146445
342504
328167
333951
380659
221830
394553
246804
432243
235150
160926
185833
225067
313474
396911
273996
408589
421205
392114
189999
275284
452185
321967
226750
346847
442357
115764
268346
341602
300638
378685
314869
392147
190789
117572
120183
289726
348090
227366
318670
295259
279488
378953
161478
204633
258998
106218
110454
208267
215273
423513
435398
231217
353605
274017
455923
421670
409352
159623
307461
449985
113448
179864
275965
440079
417644
338446
395641
236370
120861
353126
402988
187303
305142
377821
111292
323840
123963
184690
287305
421338
360253
108877
440137
322070
295256
188989
150812
393037
277682
180435
264040
316199
166475
120381
201037
303215
202821
190016
172752
200083
262658
211826
368906
361904
397013
281663
112407
196062
146517
439627
436693
214170
103355
423259
447866
136735
208072
155215
336357
339352
299648
391325
230094
204084
298119
175384
284930
419852
393899
315269
406522
184241
136298
108191
387977
344688
278170
382010
185985
380992
140492
318377
389385
297548
283108
304707
146642
380654
220964
379033
434427
433071
118253
331842
117342
181156
286066
423594
452113
133136
365507
400132
186485
301269
112957
190510
327302
144795
402738
165083
143161
275986
168865
142329
281792
122437
303724
247709
212711
453082
421556
447269
388009
275364
146477
138557
198991
397956
230749
245744
365504
406483
207413
194067
432996
146650
156245
204645
117588
406500
354352
179351
180309
354160
312785
345081
373225
415574
295462
236150
183989
282969
368981
151073
264099
177131
135906
333425
222531
195416
286628
189676
314295
386221
222033
199473
404943
166253
399224
155870
132677
244978
321086
309262
231318
450697
264673
360187
417780
345974
134080
201255
361807
130324
160850
229730
262908
298653
296697
340023
334179
253989
294298
237132
304888
300682
345112
156796
102642
386874
369518
209933
213005
166183
392205
206984
307276
224672
388348
354305
371650
185631
282566
249887
207418
436335
239859
301994
177216
268549
431615
297225
153454
396766
312349
216216
180547
339033
443008
189351
384349
259278
171985
325882
304307
384334
429053
342589
361505
304731
130285
345124
248807
276105
331150
179040
370292
385279
307540
324444
398531
190846
322752
285557
318757
434747
347169
362089
351693
332920
389723
356078
351012
235861
177083
277295
363263
134000
149586
236559
207269
295666
110223
310861
191734
392597
227687
261484
410068
149831
327275
278028
450811
280829
374112
179648
354382
408855
453591
196978
424551
153160
207015
386663
429639
159401
455760
298008
169250
398025
106131
223563
176624
259122
389887
224187
275883
183938
360417
451134
450426
341455
188073
301712
187325
407056
371492
452221
171655
431624
362110
455628
430496
232107
269963
153069
145111
207191
354924
436833
362854
336840
385375
155384
373008
361646
194698
429579
196968
344153
420532
280637
105984
261333
308105
295690
371946
452072
317798
387216
130367
126094
423197
359733
385832
175421
401380
343861
431461
388156
329869
276859
299703
264465
335870
259065
324622
224907
408103
234971
348938
130736
281992
167231
375414
397283
134151
231686
396908
273523
137745
262998
393685
125860
150722
193013
446872
126996
287188
411131
245553
423587
297468
423650
244637
307020
398227
175061
433585
120455
188634
360393
217048
197592
213764
258667
429832
161164
420909
107500
220267
404823
175162
172241
186043
172892
204358
178860
382431
172903
452719
326271
128993
360605
231058
197033
307329
412956
135977
234846
127024
253906
381113
351602
310361
337647
278303
392581
149715
395539
361849
326288
175974
383432
425889
263959
114718
299373
371559
162405
297502
237679
232539
205191
292119
317266
419261
229754
267110
278033
245293
114837
269076
153372
321578
358839
452077
106652
127491
182667
255849
319764
183639
425061
227168
397348
170040
228330
411980
296596
102825
334295
197683
176166
211288
367262
144914
344038
132355
106185
153126
135480
311289
112843
304417
206953
251442
416691
310973
337157
299999
204829
419645
189597
191030
413418
301567
261136
371016
364918
101489
419864
402191
208435
450155
322417
433133
299018
278517
364876
337069
320023
357507
231745
253185
372784
201705
365370
408865
252248
137334
379265
384797
136596
266077
251666
453037
230133
326446
375601
355045
416318
263245
405732
260861
383532
220102
309050
441245
245245
321032
176132
226980
381979
132431
151710
279791
384346
119521
311711
263057
345969
332376
435828
178207
331655
260868
209937
359642
300275
203499
198494
141986
267539
208440
342137
440699
360621
384914
365481
331747
112299
213453
109027
297540
139627
175267
319444
268789
288505
255235
399258
347156
347700
415585
329412
317203
326495
207379
326034
348553
352996
160117
201017
225521
449390
299557
250474
452091
259588
134148
398479
391240
122334
424046
431260
159415
399058
111994
166853
117514
406684
434880
387285
286588
160722
301012
340477
366486
217184
258248
260637
258433
320624
159416
137208
134585
222737
148664
351350
301801
411594
124375
156242
244115
239254
301406
113153
448897
279675
118979
441394
176412
240975
151190
111156
190241
226607
316727
398698
447123
218260
277969
126690
424297
329575
115981
309365
386326
321164
423797
319848
201235
123165
163680
129881
202678
294708
432924
234697
345943
427524
435938
272993
348497
251802
125211
342346
290858
130364
348632
343068
305660
108576
373241
186005
307638
384714
216124
375809
188906
249371
234724
158103
347861
380637
104021
429973
209625
368298
417372
111450
110250
287677
205510
259584
434000
160876
333036
210012
201224
295229
149896
315735
167279
351396
447429
221548
215448
230429
311549
406723
190470
202194
305033
279162
298420
248264
128913
286929
432215
191941
396438
117743
270305
319511
397858
388419
435329
313881
160050
328164
367652
452758
201529
176651
407264
431165
251861
157236
269129
386898
263752
362201
293209
454142
292292
296649
174176
199206
202748
281062
148067
322663
292036
128607
354126
306071
176188
140287
194952
151441
428579
406856
118322
120250
144027
359951
397823
134199
263677
119801
343872
308579
353361
330735
185242
358611
452747
320496
102606
387402
441803
426203
336100
310926
317041
285643
170533
116071
272746
184669
378309
365762
195034
218928
113559
251505
232322
221670
174174
113258
111148
171643
430462
376574
337542
355771
205632
353588
239469
311068
411541
206193
115861
198871
238465
434899
248948
438221
123684
263784
401803
346849
169908
282345
318945
128344
182205
319745
123807
170230
148420
131839
334323
344518
292106
223753
359791
121339
125336
156765
342195
169068
146264
272574
221067
269508
418681
305035
433191
182957
129867
120757
250679
280865
210515
199694
265262
203895
133191
301346
381025
192587
133635
439138
378703
217325
215394
180528
160169
189567
428596
101035
409199
127498
197956
440465
428734
179596
324680
165960
106548
431167
271339
317989
134629
289940
420301
386878
166643
232251
365817
367706
281840
244474
230570
361816
336420
358780
171293
335997
375298
447658
435893
324964
199093
416439
286614
170826
204315
163587
311292
118615
271091
434994
143399
380306
439692
173053
181533
313125
441709
284544
411045
284681
346933
129416
306366
421453
265350
451639
145395
159491
277987
142634
331247
410335
241221
176234
424332
267916
170379
236805
355484
183200
187040
120596
144885
114994
305354
114866
236628
310904
303672
392973
321777
249393
334167
363622
388974
122385
257911
136710
377957
260891
116117
158924
420894
368795
388521
356380
299098
434497
440441
283097
105989
207556
101812
425370
180119
408206
413101
175413
430768
325264
178520
216356
190146
149564
262900
148313
349207
108596
197130
245469
453237
371446
174265
257504
224374
155825
161210
419326
159303
269061
357196
100807
327502
416703
127691
208004
286098
276968
296050
283112
318198
166287
261923
197337
385005
431512
435511
223919
214873
206623
452252
345259
397194
430799
154702
146799
358697
427865
178149
159691
227594
316107
210685
406819
132274
379182
246391
403805
368571
231731
407047
222559
247131
102908
200333
378828
322513
239365
329539
455012
419115
147687
398780
303904
142285
171733
317829
170085
260398
262456
421204
122629
277909
435115
318003
110896
191414
171053
130740
372306
312098
152382
326456
297219
151200
360718
192902
110971
122476
332453
385967
388151
417758
257482
411943
288646
164800
396771
176971
110659
228914
451078
138868
369143
287047
371629
375128
241434
221286
122132
201127
196541
129264
197409
286969
319423
446791
248059
314539
209199
246661
344473
253594
352980
182242
220074
231960
298481
103429
336179
135317
329246
390790
126098
290809
330204
265909
369273
428811
237437
263188
174845
129121
128794
281827
104778
138414
175787
327679
415455
396175
185330
157896
427907
302204
301799
418943
153911
234530
424094
251457
162788
422760
404397
252807
396820
445737
453527
285826
139840
323077
118514
324791
393333
337072
187234
135720
408082
300839
234208
300227
145675
317751
347768
292412
333553
327500
189489
408533
316404
177288
288761
366941
271155
315096
356993
109079
393187
393147
143875
225110
152588
138318
263074
384458
298167
409313
429725
362732
340716
129590
426475
288708
286230
295495
368891
362233
335486
203843
419184
285296
134208
312611
221834
146195
124140
420157
308440
432369
114080
268510
172080
145102
213305
247940
340227
178534
124927
145227
126322
433211
113342
418647
234635
369793
201271
141163
208747
377551
391271
198525
351160
266254
288187
310852
328538
280913
303823
229425
138650
129000
264481
294623
255419
348602
224850
185698
257146
124867
154954
134286
184892
190829
265685
318949
172698
380893
192970
393382
293012
152693
235393
104332
239010
292468
223556
426107
133129
436542
351528
443443
296120
419565
157935
203149
183292
268027
117956
141272
451453
204300
265398
163062
306192
223119
230101
303909
447296
271083
368838
226707
383620
134987
175038
141565
293993
104820
306038
274192
104615
182359
155295
205046
269692
232548
138167
272668
211822
186630
420373
285061
416636
314643
221774
148328
369777
233046
102931
163885
171273
273651
169345
164359
204961
153560
173454
299578
378525
288872
375183
214276
345434
210053
146082
439662
379786
336803
344927
101180
330515
299282
257999
395463
268204
364348
103427
292703
415663
285082
390887
219825
311082
230837
336417
216341
316677
445034
284742
330858
308194
349218
362367
437724
334858
248823
107985
217439
149535
341339
200308
261347
393452
354025
263900
356196
168757
225186
296477
213993
101084
215844
111441
316726
201223
346963
352918
235090
448555
186252
143923
388603
210475
363518
347839
233628
446779
241539
394665
319687
345064
447641
172119
129474
240574
420147
105397
389167
283581
233563
216154
456248
217042
147342
301864
452305
438779
273597
215601
118661
387933
108175
212064
338317
117035
453302
422907
152057
164043
133163
310367
452830
455313
220406
385102
412873
166659
429073
276435
338061
258319
181416
281199
202695
118676
279787
362174
169920
265352
100610
382449
348103
161971
360632
336821
303471
209936
329224
194211
363344
315372
241275
109655
387189
253564
185384
434083
214826
454355
339392
122648
305168
275494
248562
338026
242654
178686
178065
325608
100410
178163
193615
373977
246036
390679
269573
185520
328870
233979
122335
431433
312631
308953
246776
380386
308423
283219
263065
337798
185760
259527
387412
346232
252136
246878
266907
246504
273813
240776
368291
280658
341137
320696
149033
214646
394793
123782
178779
290313
418661
214656
351976
132460
150583
137002
406694
325685
430260
248516
122762
213587
227217
314928
235192
328058
125665
192050
370267
447328
323561
361790
190096
125909
225372
447124
419849
275157
269671
109069
167311
395088
265327
353490
158816
178339
401455
341914
243397
228388
304409
331038
272208
377309
450961
389951
288717
126560
107942
103376
368469
385188
154038
320077
247145
217671
403596
227108
164868
135924
258922
367452
218999
409071
349828
264193
156184
121021
242122
415427
249449
203970
120291
373864
251043
346739
148210
418282
246094
136039
280542
156770
354422
196937
198599
390657
445769
195218
383818
185365
245370
265458
377272
145808
125873
193031
316801
453068
326965
451200
107325
165844
415401
293336
347474
174005
298352
156704
315470
277712
344736
340933
208101
245410
373220
439016
106014
175702
433142
404197
382658
204345
355459
378981
408214
271596
150590
339331
133102
331071
295067
316293
233465
176385
348959
248161
398826
112961
170700
346274
182613
430482
139453
343877
137485
310777
435256
283766
114357
225782
108348
362481
230910
374772
285598
450561
345827
155469
100194
273291
318667
392821
136212
182949
302833
163044
237143
260826
290453
235088
167214
231419
398638
292345
279315
153297
213532
322409
452989
439337
307161
186056
342780
408339
250927
274712
353910
198210
176768
345740
162427
437412
199201
220028
311510
270766
283934
357075
276582
310723
372379
100060
245291
246158
305644
350399
418445
238605
176985
168258
453137
405806
235934
450296
135153
120360
142265
405471
116905
255393
390903
231212
394412
186860
290912
186710
222767
449896
240088
368254
225791
286957
247579
373216
194575
304057
369331
134885
262397
204747
213235
320447
357808
203051
435257
383923
244074
245868
296631
430065
310100
200201
428490
183029
441272
272872
190933
312779
210436
425637
132881
385984
436256
162244
130786
253677
394520
166180
432852
188396
313260
315234
203383
169791
399917
121230
236224
112640
116427
433675
256372
316858
290452
402915
361903
375457
424019
367507
424811
318237
345875
293731
427085
378538
246323
446634
151673
111808
124803
213182
441321
241848
247554
348128
156032
445030
327755
446510
234702
349808
437547
434500
147414
172542
124117
342016
223282
353547
453570
328400
166324
154562
284187
254757
104455
118699
446233
418767
329417
180471
289448
400066
389556
346496
247922
289218
142424
267074
185800
168365
160907
424698
424039
431704
154975
137440
168756
217369
335228
238072
152413
228400
145577
398102
436447
255839
281130
333893
349416
133056
292459
357912
408114
287757
421782
210935
382961
340280
443306
238111
245256
389246
351724
210334
341025
343219
265507
419933
153688
378660
111296
273768
198361
405001
359129
184131
128875
147396
255827
132540
143847
164649
312421
234945
157922
417204
162376
183260
360597
217642
360847
198866
198085
162153
102130
222595
350226
101809
170038
410788
238406
141735
185975
444757
105381
210382
259684
304666
261678
171295
187214
429410
144504
353550
283755
413275
414498
178079
305944
441136
416953
208692
118012
305376
270285
365739
404779
223965
414036
404429
194184
133190
215751
353935
454553
222999
338492
269781
451317
446585
118643
220360
107589
427777
426023
269174
226049
280329
298231
257554
143405
225684
361861
164531
120443
347100
143468
246305
443153
318980
202021
193480
396479
200995
320664
145777
160486
377096
441794
356423
117111
425159
276594
344030
397055
438171
412192
356931
358118
406021
350675
430751
405399
198122
228841
179812
263336
331039
188471
452358
302558
430764
192188
362905
320298
118756
349696
104925
294656
138618
150712
170615
131236
110213
170944
410570
409365
353672
400711
413069
301519
293033
177559
414156
126232
380848
249901
365819
213537
263951
360869
432470
358488
107117
434558
255709
308226
325721
334917
448803
438968
346785
276743
138229
185095
411683
115963
189067
411310
395609
315459
206010
301816
281232
408264
219397
333714
439286
333244
127273
438694
187893
165569
312965
171512
393854
324188
437990
332441
153148
454151
314907
115640
355012
424756
233185
328563
179665
267287
418038
177254
255993
346819
272451
320213
303547
117309
435364
337497
308049
319866
190706
290722
231573
347003
394361
258961
127276
301869
226563
383354
317462
185096
444543
160793
446890
154147
429865
133728
334234
445078
302532
144631
111069
186067
143541
316277
320448
267353
258198
210484
300213
334105
191501
294614
181563
239879
140640
241227
184494
193677
133335
431634
321560
254216
374533
153787
401825
194464
233252
334903
135816
374177
437455
441027
107551
433414
394315
351578
218531
278710
179712
369972
451795
405494
126884
314465
439177
367410
420786
195532
259895
380916
213252
431243
212183
317625
294162
303321
321633
326353
416827
353271
239276
352345
435709
396149
349858
312875
183165
325162
134757
243842
237000
131136
318215
367282
128733
122309
360540
166147
291986
173271
103291
193400
383783
239596
231528
139975
165424
392094
317435
386344
340652
369776
386676
382625
218107
451922
238086
107235
274554
343554
227361
229569
126719
166851
342400
446254
344950
284403
112705
445688
361121
335661
231981
212687
388650
157029
366744
391875
349638
330487
233546
304657
392648
326179
162840
398611
343513
136282
244146
336371
162888
297030
448574
123325
416571
415888
178265
138816
376988
273940
303974
323298
319120
152510
163496
181579
432091
401799
208276
327195
292645
254247
141725
346285
244202
194134
295917
272009
420774
325491
415938
119644
318831
403432
186182
266270
311576
137563
109482
404359
250779
322553
166296
406079
377798
378859
344956
370565
155291
453267
263586
374379
259378
197250
183919
349546
292646
132928
428923
421814
118672
261900
215767
227626
426634
164773
206206
436302
171440
145764
432923
147058
154461
156253
238805
231317
264324
193118
162665
183080
227762
131246
407901
395252
184332
149147
438519
344174
179769
187045
388713
187509
454243
286416
416540
135102
149966
180378
409671
372578
427553
165325
272869
238956
144011
152910
351734
140809
284322
308051
419664
240134
148278
347958
418066
182664
272546
254713
276919
366085
454821
307740
167360
388228
202705
140581
276349
285319
115436
141881
265150
351068
392324
315747
142483
165443
274127
135151
135222
236893
207258
261430
100810
378196
163026
380622
372238
264620
335500
295988
436444
258206
356870
186644
157296
279943
249724
347398
326844
415182
253855
253389
319161
439290
103040
403387
343338
279231
204366
313281
307710
454256
362496
307635
381516
289278
325515
137897
291835
344051
181406
387042
141708
325536
385021
136702
355976
401836
188589
307216
127743
171589
217400
444590
214395
194628
154988
239195
382101
372555
113781
334347
179392
234898
346202
281699
323105
388166
346138
398533
105513
415532
434776
426800
303992
182998
382711
211645
363647
275444
107722
383863
185389
356645
241269
405011
122184
324678
432204
411250
310319
422676
370527
323062
418892
148589
245478
194045
191792
376773
245729
176375
429197
172726
141441
448791
455347
381737
414020
410384
267202
359709
428040
313053
212597
324248
423355
279820
255161
441155
241882
367689
422404
204772
430783
113415
319003
272363
167999
411113
394303
452790
448960
125057
353696
366837
435025
228624
301164
318520
341396
176851
182572
221258
361120
176236
444717
164656
425786
305464
389287
456025
339843
150593
127420
205228
357037
258442
346632
238392
130249
386408
179505
155158
207299
240491
373744
242601
348480
373689
260511
179153
257085
428111
427104
143777
341702
333031
172356
422062
402390
336008
284815
424986
356925
374212
439204
230542
401560
447870
239087
240624
381523
130141
260888
431125
359168
436057
104958
130524
218043
297592
123262
117989
394422
218906
192624
298539
238798
132572
251577
317406
350353
223152
270442
384713
402388
392507
205649
425125
190760
385511
396881
387850
177893
419495
229302
145330
239678
172898
244546
218833
352722
398555
305445
139183
113426
306433
252566
368013
368015
423321
207652
229693
195639
100505
112597
123466
403573
452199
361617
120597
337205
150876
321751
137958
100309
281067
167133
297743
205346
315406
101512
150580
449883
277053
120536
420407
429587
303838
296999
378732
262087
366035
183416
237305
259461
112765
454189
175314
129065
413301
147103
330898
447257
175866
158723
456053
354269
392877
375923
454626
231342
344363
117708
340115
156521
161785
432687
232725
181068
414006
225706
323238
253541
111304
454627
362939
450720
156046
194987
216871
265527
136084
204592
382940
134607
205984
136236
145344
437186
125494
208056
216466
363607
389781
192333
381911
183309
303541
199917
380983
233348
275084
258607
430826
195712
406033
377097
446277
135035
358286
314191
154536
373271
219038
263988
421547
180864
344717
243348
285105
126179
260689
409799
306937
280736
202708
226903
210269
241541
315156
174663
385725
149017
214540
163283
452282
120879
453371
358140
378252
362980
193682
145992
141978
364644
374001
123919
278772
232336
293806
252299
424367
204622
283589
271866
217286
338795
395377
146269
339361
195762
207628
288019
377475
314888
268780
335536
381257
342979
386113
229070
281860
232886
265244
375930
245207
155944
344832
313256
154566
194156
224949
230813
101545
157661
341170
403796
393787
388764
436347
417077
260527
363963
325079
191795
190847
324890
364636
171259
157228
193876
229458
233625
383557
163612
370689
415053
237345
319495
210931
172234
131486
371116
281445
346354
451626
358629
184398
103370
111681
387628
272322
352595
208665
155895
232463
395892
266180
186974
293486
382221
352488
132506
332379
208314
129956
149286
429712
413909
389088
394142
341207
285715
103663
350500
240184
389930
363385
360994
267567
134203
156966
159362
366881
102312
284101
264988
331398
141394
314753
101822
107296
284218
359191
401530
446479
196479
376194
183689
330914
167501
285553
221775
117419
357855
435287
287950
102822
206499
299234
388750
267858
402331
311222
157745
398171
177116
205389
401978
324458
132413
356214
157908
393988
294507
279030
347187
340290
438246
137513
177934
380889
180532
240990
214814
430053
195140
184269
199467
176817
252040
216296
443282
409485
411886
422837
120549
360010
417897
309029
263473
437340
314233
428349
252030
377508
198678
265908
411504
260192
391644
176378
102357
367032
252943
102212
225571
185263
414350
209604
298041
427863
346486
162147
123305
427808
324859
315665
425136
184671
336943
437910
339809
252375
123067
390314
369865
444059
249484
369969
221842
212226
353282
307696
208610
262854
121725
282177
377314
273838
303124
259511
284229
375670
442277
164468
386738
360841
349062
322774
391818
106998
271002
424808
299552
252852
112430
409662
336727
214547
206841
109757
132680
399583
268395
248843
223270
424606
344667
251615
269627
247745
421678
353915
423729
396269
400852
243945
406808
256883
134787
285837
388480
437003
234229
239084
345258
398463
387946
228033
404919
272372
129096
253394
350780
328248
174599
254875
169035
348987
276887
341884
440459
303811
252695
402479
450803
151991
318863
454278
240832
337725
146833
133580
133014
365903
211373
152036
423585
263694
309258
176992
164985
241702
403233
367939
293886
242958
135398
203733
333004
401956
302904
340163
122714
186243
139824
217952
202354
258462
131205
334850
189396
257800
329399
149148
229927
305191
220587
158471
212902
119748
228498
139586
239643
294021
400978
204512
229808
406917
218329
323429
429161
195604
341866
126383
298251
333902
243510
318967
277052
444770
424179
358263
261244
295593
421289
297095
122887
145642
359349
263442
182821
139217
242339
120738
401967
133297
442428
172283
100030
309431
331873
216078
426879
301904
161418
422113
431438
182943
323450
417552
148972
394860
373130
151664
309722
109930
239150
305277
377046
233258
408461
236349
167326
218323
356192
180530
271602
219520
319031
186782
102751
269926
176215
412232
227095
321215
239467
176940
296048
209033
203134
262722
331495
416639
418754
373870
137350
109653
407007
242150
161051
190834
273278
289522
243657
372409
154915
397208
311007
127716
127209
134175
172861
157343
149824
320933
192617
446289
130469
112521
266330
165793
248414
403495
244663
380742
257515
419356
392124
428655
106972
222031
177272
236615
422988
224729
254172
349749
391498
413184
158817
414666
254643
154551
370377
206186
355931
434511
280126
308909
310766
207137
159654
345889
100308
257579
162060
410213
256734
371597
293390
402097
124620
283113
281990
452155
352695
393757
346465
337422
453513
365326
368867
106448
251183
260564
367888
380676
186329
283410
337777
275801
344364
304216
417220
241764
371037
265763
234779
204493
231738
448033
221951
429207
249619
219941
343976
432604
178427
120687
390565
402636
108104
239426
416824
262379
298868
363729
125635
371517
354221
182248
231024
210006
104182
233701
395375
254139
170915
232393
295190
401930
386766
237625
415098
118808
294470
456110
432293
275197
249963
160258
393455
272979
341898
252618
113690
108828
401127
205198
241708
322623
447949
411192
396103
323430
368872
212551
297007
234741
249112
158456
409387
318513
314931
440961
187076
438571
138225
172082
283521
264665
103361
241964
330691
150433
105741
185931
327148
219955
412475
318569
370911
199102
319102
314397
125974
380093
199123
293298
445156
415075
229873
368044
402149
235354
236029
307563
376165
442739
427793
355155
142536
384796
415620
220289
106543
267519
356667
182933
355742
220817
120018
186921
448269
132122
215589
222160
263920
330233
148305
208343
115041
454375
409995
430832
133485
367374
142777
202810
113008
262193
197819
225833
351599
272240
431959
209182
285395
432740
212125
300404
432512
309130
122062
190809
168219
216564
361884
389894
219540
241007
182530
271164
355557
174410
369497
202429
295973
241822
130456
285071
382232
137600
124633
196120
139072
328837
315789
102056
310177
349136
395663
129362
455862
146340
417275
234121
135567
265115
117162
301861
346115
190113
270852
427687
281326
281869
274517
168891
386457
102929
291006
449181
416399
299286
401838
156866
210294
298640
135084
300724
291119
166421
260853
311913
301783
279627
292504
256625
356342
426940
249237
277091
242769
281908
386182
306308
312385
322683
278052
410281
316163
341214
105972
307818
422822
444913
334662
167460
234862
238673
399225
134169
164674
396673
287904
205560
139102
449639
391640
339441
240513
384445
391975
422091
203420
415244
228156
178653
110161
307253
204590
251193
159389
117726
202178
236618
334467
217203
410413
191594
149097
134640
279117
367391
239905
423340
344613
247115
430997
192304
406090
139124
301328
334449
280708
425168
263729
422373
251653
419243
441636
149070
196116
149279
386059
379214
389829
322635
378363
291889
303908
265586
358787
226940
281237
292260
409512
249651
304591
363553
313510
265042
118715
429152
374735
282814
286427
348472
265915
136270
176305
393394
175492
378995
310014
224312
164613
315690
152516
250845
298741
134264
379308
412604
411520
310411
319428
287798
185847
257096
212172
430717
325634
279143
303436
320381
348340
391914
208128
110215
362022
444051
340741
208553
216889
320916
412960
165771
453530
172973
304284
111509
356507
106716
167478
413577
281101
171572
379345
355718
130581
265119
218629
337579
259771
404155
121024
316921
379835
230487
285731
116338
205008
159440
283979
199955
346654
432155
374522
374753
375631
117282
233456
304816
224888
272956
254173
157986
250674
455846
345067
342919
304799
206124
135447
438132
162579
315809
108587
233545
197169
414099
387703
353904
369886
446946
330934
286900
445874
224305
368078
398607
185670
260519
345431
311494
278378
384567
194374
317566
202414
436734
277719
221720
171300
200851
153669
357042
281153
172613
333989
297693
210043
327557
204731
306078
140900
447691
266512
380999
235541
412994
128164
279486
292674
132080
260994
418051
335783
100487
220754
153746
264546
315347
308350
432717
249912
248365
108253
340332
348105
269054
297713
182606
375139
182084
114241
331521
177347
383484
273080
103630
275245
223709
271928
421579
200964
159223
226818
240139
103633
291613
394787
154464
259290
155316
166815
360650
179939
266839
202094
211182
113671
403367
292473
367133
389914
217762
425539
275188
263938
200797
293720
220321
444991
439123
145740
214080
236927
407183
237974
406947
296646
247066
350108
254256
414281
176954
208260
237397
191062
195534
237662
389124
338296
258616
288192
300473
358545
369099
139390
162058
239376
147935
298641
129543
141313
348164
113516
364055
324042
224218
253537
152353
106846
348035
288387
390977
242628
394773
117413
128735
318095
393304
449945
303845
163365
395962
185027
375641
188356
410468
165028
180636
309644
171209
207892
346862
236598
453770
427471
110092
427513
187535
356148
351416
206546
246282
245119
104249
221073
266188
413277
280313
183993
146711
348801
265503
215540
356225
195666
278683
218885
350204
185548
150439
271098
408032
161504
260644
221864
262047
277331
407957
341133
171804
139487
386743
289553
199112
184176
112172
209026
280349
291922
386703
219275
155582
351908
382971
146748
217406
221453
365514
366235
177753
153935
309415
207610
243103
351821
263504
188658
323690
170147
395099
433512
417831
377065
262549
434433
149419
237863
168552
132667
284327
432598
253558
139550
156530
336078
187186
367713
352315
112536
439799
384103
231293
113172
206242
390209
205430
321511
353334
319389
426666
311528
336995
225662
225867
364379
132237
291172
266300
222818
101470
136397
393330
215927
178047
376012
271838
317899
359678
431352
350918
321291
290585
429218
118100
340903
334068
265142
139100
427932
375847
166342
362539
298956
170830
232716
219733
173640
123950
335910
455828
338715
344475
273690
142158
342304
159945
156079
421809
406745
140218
112332
134874
445736
347714
141626
274621
337308
131484
248609
183891
361914
216438
407990
237943
404077
176551
131520
377828
141871
293227
270435
320669
187718
362304
150549
188859
299539
300258
237880
354987
273455
258448
154564
315028
376529
217415
227399
239410
252166
186176
105487
370694
237422
123082
321429
390272
197674
438203
149100
311483
255595
360714
242082
203293
355144
185848
205688
186548
162518
402395
282089
257155
229721
348768
420084
302995
181995
196109
148777
372086
420687
167272
151296
149284
188096
230197
179125
448124
306600
214028
147333
353206
378093
395869
124588
287128
238294
227879
191166
205072
324070
313392
378921
267792
227528
394636
270600
188499
250532
164874
168083
357294
436231
350760
131171
196301
337179
200124
449218
371190
451625
204297
367575
339630
123461
340440
149790
142395
142656
110855
118706
256469
274011
380024
253036
432775
217708
153783
280813
268072
257846
247616
304393
215815
382899
218097
289033
242251
349508
253189
412568
165546
376951
440358
123984
283238
299173
429455
124899
272341
419065
233002
106312
406476
377607
115915
359885
448879
256242
343850
344853
301748
242597
142713
242915
261149
333239
220244
157755
260240
129424
235790
304682
108633
438819
291363
298970
259906
400798
319380
169567
249866
206263
225946
242551
152279
140832
382609
358313
363250
111927
310484
448337
112182
423062
152773
256794
220685
443280
422240
434926
124579
172889
404991
445566
450056
245873
186838
401811
329410
227820
313851
415526
325698
447826
101503
181609
380412
283548
335777
196148
111243
401166
165717
417941
227062
354885
233226
167298
235570
137078
208097
415196
320162
319903
355982
445989
259379
115528
121374
370949
237631
313903
108130
177836
359241
194903
183125
403776
227864
107184
442175
357534
180492
279770
199928
179346
215850
432488
244254
325913
374675
243520
173419
383976
127506
273644
351190
441967
230006
380304
232248
324746
337376
217275
103619
157573
321728
351694
243739
408556
372293
384282
393327
117642
217523
185904
322904
306230
439139
202683
176991
311507
108100
146579
210668
111028
193323
246424
218818
285590
397712
241323
109036
280333
176856
410648
270602
292094
353121
306568
299721
168578
339342
390149
266764
136403
123566
308432
213807
222419
219089
252215
180010
195365
150362
237859
226328
303345
358094
210235
426556
451720
157098
451642
424465
205161
162887
423801
425792
426505
438629
124578
289746
207246
106368
444597
285247
293795
337472
411879
138553
450557
267640
138041
218949
230175
163709
345426
140258
432983
300582
332129
389867
334694
135854
247837
383391
320073
189480
149273
242565
112575
437812
179007
434805
120529
112859
116302
337749
154093
231530
444688
233096
240648
220078
356379
310275
136075
352006
361341
281407
435530
432954
312243
217431
387976
178304
163253
407475
316460
417034
408205
153313
241527
219700
176654
371320
247270
365225
177077
176115
336826
128572
374671
448309
189372
244969
273794
275638
397190
390546
424605
448156
300936
215515
375134
144776
367011
261540
176871
100877
167758
290351
283758
330555
155714
289530
224731
315128
240971
134163
167752
208952
435891
273570
289199
447603
217436
146924
133283
435901
434759
290946
444410
333542
244426
288660
222493
108053
155502
422320
178602
276814
424239
402485
102611
242774
264052
390873
213656
343992
375693
447322
436175
386209
124835
429081
423948
149695
341451
191346
436813
200969
328371
161448
335554
107587
197891
193660
452479
333107
237003
299462
430716
377334
147805
241345
308766
233963
118133
184871
396042
227668
300138
314471
331168
114509
151746
110265
195257
262750
220219
239738
440098
400309
434150
174267
308646
357423
420830
199768
267166
421403
301040
183871
184704
403170
361038
448310
419789
239216
251387
161137
329325
274741
143040
182009
102798
174448
448236
267537
204460
226636
196161
358475
327760
370491
225147
415680
164102
399250
373069
373775
312229
342209
109156
434203
228304
252548
302511
423926
419939
267868
366665
123122
117962
339779
247786
421948
292282
439170
373557
352025
103041
449260
125785
455577
384248
256942
414439
192128
252578
252624
435700
273929
222130
216456
128508
153380
348173
140004
403274
352645
217278
270128
386644
450711
170010
136845
371112
419566
125743
203110
437090
389891
193523
236049
351833
119572
181865
105427
206506
165229
244450
444276
131134
305156
317688
236456
409441
131061
317293
437012
270323
441971
248134
278212
294911
286002
291229
254000
336219
204236
322708
370854
177924
146779
113170
280072
275908
281171
394458
380518
160910
250570
372788
378143
362478
187880
127703
125407
403518
268503
115363
191557
281074
135564
183596
370097
260545
385237
384420
375851
299190
335831
203002
284265
181679
419262
156482
100217
151141
118364
272094
301909
103036
158434
117184
305148
402865
357212
201950
428918
150020
155293
220838
255959
396579
371472
296973
158424
130900
181229
286584
118649
361106
167885
157467
452832
265066
270427
420649
156648
225653
292932
435918
435821
407734
355257
396093
173839
370943
445271
358587
191820
172769
330932
228451
319695
387256
435970
137466
428012
338072
158372
101152
452852
259210
132478
151137
213340
267548
104177
292196
258055
393229
437567
319131
200573
145127
447221
292840
296060
253820
134410
448029
216215
157506
129842
238911
401432
230240
437495
348018
367034
339811
260170
227788
174886
294357
376244
275136
228800
304444
166862
363469
267908
421718
424930
222283
227073
334095
150647
254606
139249
422248
355447
316282
448457
278075
445279
445770
150813
238914
288301
378613
166993
190888
233333
384046
136679
438878
132696
298096
372612
255298
380310
215629
344305
278448
219504
109679
332696
404317
288228
104557
392791
373316
235717
289190
274970
380943
208422
225568
369691
249736
357136
359926
438746
341460
448018
406171
414322
380011
387926
158249
301839
189923
429896
142832
111187
366978
449084
348637
406161
453246
235140
229501
358101
299000
263041
295230
242713
411069
236967
216504
324160
228723
346240
221454
120583
368518
272244
123501
199892
294375
287662
307364
314485
354206
154362
231255
362617
154728
136242
335822
265736
426260
364892
100394
437623
414134
110089
170219
307875
344935
334830
277099
406818
243686
343846
402014
154914
154455
402032
361986
400485
419245
230202
229319
283341
352940
169296
310501
146100
257671
184865
250625
139037
330908
400522
372945
325222
100157
174101
281296
411453
291044
386079
106007
185502
184425
327770
265592
228865
280465
299770
394000
182696
261193
133012
368615
282973
166606
360318
411861
153298
152084
274821
211324
440553
142397
250650
325998
323385
310513
331069
446420
146530
210027
423219
432925
365959
262302
107604
249533
196076
430824
347601
358190
250307
407378
455815
442813
145361
395482
280402
242576
184806
244068
181527
412787
202059
420250
368860
173210
133895
342709
440764
301690
375667
251151
101563
388024
298897
342037
392620
249434
272771
218851
279597
438693
332595
253200
276570
221564
218690
187616
139450
349725
141746
321940
334727
254442
102869
223103
160699
455248
226892
429568
441397
306752
352930
427501
208940
223985
231338
390165
254509
261312
305275
278424
209091
107042
442823
248460
307452
116275
186873
285017
323046
386002
232429
179221
186412
374252
436366
234733
160049
133175
262796
254259
437696
104004
204309
344940
204319
369153
408700
205512
310412
318379
225520
209888
129112
138372
102103
289093
422688
401444
212098
385361
206916
137127
269853
421722
205147
175540
337664
317709
208245
370893
129581
109376
340435
145493
323448
192213
329214
124118
415133
159651
378162
233345
158563
333816
286546
161850
142903
322850
442047
382404
122311
293717
245805
188174
138510
154267
151028
318773
358876
258700
361432
109078
124731
432483
211904
214047
196450
192878
137793
198274
151514
423764
288453
292351
286643
268613
416144
258641
235543
321087
242590
280756
159704
247233
379630
119895
314103
376580
285862
161843
430935
412504
284173
164172
444158
349535
211213
120612
269525
148226
255427
321691
365750
242962
191276
401472
276611
233510
209614
315280
317228
311101
427038
158248
238434
325828
169078
182939
443333
207254
112833
421824
256873
338470
274745
252039
277248
190205
400969
186366
327599
218738
307573
119180
276204
432380
225047
279307
254154
433730
308167
292457
303882
235204
402864
109024
372419
245424
233191
134084
167941
193869
353680
436275
227437
408334
105016
327582
170290
389071
396643
158478
367619
409310
186822
246729
371547
242079
329530
216919
441326
291717
394866
329864
272098
199504
128467
312893
235063
435747
198112
278640
218138
110785
322277
269469
163575
181503
384156
185862
177346
288920
203020
105746
320145
173912
402007
294922
380702
400592
243078
350980
313840
313316
183641
394273
187958
396503
339851
237667
428533
194623
120985
453038
418159
354522
233638
263692
142298
134059
216878
316945
386208
111867
151576
390469
349372
365879
228064
223388
175157
229341
288351
349859
100767
293825
268677
135086
448466
337262
330450
329327
261373
379396
170849
415211
255794
416516
224539
307981
319890
227291
414846
413305
244998
408595
349561
307088
418891
261812
304725
228391
162700
261521
389086
230408
381544
132504
238103
345626
207003
217014
155190
161350
250733
344718
274477
195502
454006
431607
128505
445538
360292
315050
101624
229657
414651
393732
110294
173518
450802
367904
390909
290700
189246
161255
157589
290122
442062
247788
451697
431376
129796
239515
337970
312786
115872
236533
128991
323592
236690
219490
101618
313769
385700
300250
314210
391671
252470
312750
437885
443315
134895
380783
396499
367325
144060
137909
286581
120060
296000
293787
232190
363919
263785
327967
452312
415812
306440
206200
290034
112179
233467
195170
172507
154609
194323
296342
158870
357358
301922
144903
280798
215173
382944
351949
384096
451428
320558
107980
296551
301635
208158
184003
149551
306742
205911
353152
144466
329067
172970
346588
118170
399032
414998
333923
170690
315431
446696
398924
385416
203887
101202
360185
170244
363682
430707
120960
371732
183928
108919
431185
100634
414136
268222
362533
331459
275345
364797
179172
300766
124735
107089
394897
261099
452739
224038
206642
204608
149446
238989
101763
380111
168715
191666
270543
234658
361449
314517
336302
171336
276136
190503
107629
455486
372030
321568
128495
199758
337971
354392
263557
236837
252983
374723
278623
161786
427819
390193
346002
309318
445384
352186
178528
357064
248094
117943
205303
191351
320455
425591
132753
438005
137867
431886
354195
156326
375932
345661
349624
217124
374579
250581
167414
369594
344966
186574
317484
132648
232888
377020
430236
315286
310374
178823
422625
446053
422486
201309
245184
144768
139297
409877
180709
111424
251451
222400
181427
256553
193525
452152
422399
118281
138910
246688
447043
226223
303961
149745
177098
147386
259149
122652
227173
183445
347102
416778
233806
321094
193164
444111
156259
198610
327348
341045
159159
258557
150246
435629
437438
133759
383331
164952
221976
161434
448754
301207
167019
259161
367117
331333
332634
137996
422275
161889
147147
300094
258369
450230
375125
349623
449671
285558
197895
128172
262100
219035
307489
145175
119368
186879
216646
280363
343147
149006
322658
333753
263777
327703
387869
273124
300581
311748
446404
247158
313107
268927
240178
443235
428209
241811
142043
243924
231534
355669
316630
253519
260373
305238
252458
114388
352208
118691
233410
302436
376590
277831
332320
333438
411018
316351
110292
320986
415210
371419
223303
203660
299459
412322
409458
143481
250465
377702
447175
260848
121015
153178
191855
258898
189191
291206
244153
267286
313021
237431
118639
336713
251976
135908
415671
410365
375314
285679
404869
322182
200517
230450
392133
219164
193346
315340
410794
277508
147884
203039
383017
339988
339274
160972
447290
367568
382724
146376
390884
331514
176765
453632
103401
220702
294345
215799
317595
306166
256373
259742
415434
268270
345101
295746
412902
148378
179084
321679
326764
106526
435307
437322
229318
251989
392508
409357
302812
189887
194757
261501
322902
445818
316437
140290
445842
294374
144672
252579
345444
431193
388158
331542
193000
360161
358464
385921
389991
205916
120745
218018
310787
122454
423537
189164
406390
259554
238782
456067
329309
354144
418435
372332
448478
430032
304872
380145
335180
430336
159002
154795
419318
183399
315885
414391
279077
100040
263298
349870
355248
276078
219193
170756
206111
417356
398030
370393
199883
408500
252290
446782
260212
188742
106847
359010
138484
297862
232153
324721
444310
189849
158491
279826
113050
226514
131900
365189
172373
235650
372396
136772
452357
341583
364747
173005
433724
308032
271704
251430
210434
300991
181019
328964
148269
238787
395228
256680
315391
423898
421847
282868
429956
153055
173361
221065
372597
440159
269705
419576
324502
188891
100089
225325
140860
298578
391599
314589
192715
286723
424566
413206
251460
442965
229305
378280
380268
420505
439142
302611
326038
258715
386405
317651
228437
354500
224083
231346
314855
420945
341955
259139
373227
258896
278951
184251
430505
148620
378156
426325
143640
338231
240625
237498
402224
139160
319855
395876
447329
440818
315293
148501
164190
412044
434935
376293
166378
218226
330007
262328
350963
148541
167197
209496
316950
286518
291295
301161
408021
347982
450831
363241
279763
268258
161480
180135
115027
259112
176146
393380
166343
409749
313989
348528
269886
292542
163402
325818
383568
235887
346679
443058
355616
448763
423430
239449
232657
394043
362722
384151
326643
372360
303183
239105
111051
152466
167261
115244
380447
321879
365938
136219
329957
295819
296537
244217
206894
332133
267809
349336
310328
296485
274724
427563
352072
157806
288984
424865
392978
219598
353181
256000
351319
227773
342546
383643
221877
378182
342190
236731
446904
298102
351524
285999
446515
414305
368190
118671
300007
206571
234928
365207
147769
455085
194833
409421
214935
399418
303851
300074
428379
270341
381998
239416
374465
184065
347095
427259
153517
151987
136511
349529
293584
209083
252416
297192
409869
193392
248384
343566
228996
447825
268534
271608
229399
255639
107218
423276
268682
112615
455124
283769
437456
306105
199331
231795
249950
283561
453982
358578
212893
150984
268123
114514
175187
443764
195354
429749
113260
160302
316498
140166
110947
396843
426542
338771
233925
305399
455870
145128
237811
420240
105105
147808
131155
365751
154002
443645
125493
163223
447511
420236
414216
238916
344032
221249
436279
378780
215603
309609
432186
177547
353199
280546
393679
117787
244646
289349
273462
245380
284854
211314
198520
341815
259239
403930
436383
197223
332538
435895
257669
162716
200824
159095
445977
365944
361063
333416
399012
340156
324318
258848
450460
123967
399322
244561
364074
400679
408739
293297
136567
393428
165220
432433
251591
263730
125979
319009
276152
370170
239700
238096
447900
232281
186348
311955
102851
400621
215903
195574
192753
128049
436704
166005
126482
229982
344728
159007
242321
198542
166133
421393
276299
162753
122602
122791
300860
314468
433569
180458
203844
239152
139223
251194
289410
379875
279343
203527
117648
323073
192835
290002
381658
400474
203103
286915
148368
206821
145946
439968
392995
248144
378910
309820
372821
410976
401736
447439
279122
127279
264229
427475
428446
296472
108560
251266
207149
454869
222562
414000
422914
160463
432150
297941
331892
153111
339430
386176
329975
382933
226849
438637
344779
348274
239770
133097
386724
285872
370286
247587
442242
158291
414165
419985
153671
317116
131956
286651
161573
303824
213744
260849
365755
221890
302390
130243
273264
235886
390332
377416
317800
101154
327581
288455
204553
352114
253701
329183
355929
314221
380756
406878
415690
158717
230241
388794
126130
416505
166262
224240
307129
238410
238047
448542
196848
345617
368006
125114
421088
451480
244017
250899
183600
336619
341266
145549
448873
349723
371923
123322
402873
276843
222965
285342
144888
231128
300574
332364
387601
238662
352413
260231
244974
246606
124334
263596
400989
353437
397409
243377
142500
334906
149316
254045
411870
357513
128535
348325
164960
307854
222003
181415
396871
393344
201823
366538
158111
226296
329679
339440
234436
134289
379807
243367
219985
226764
241211
363271
331984
233396
223381
135068
266134
281614
443872
352319
145788
278198
432059
397736
290468
157100
195027
196924
394048
103409
268095
192962
144332
236321
200192
423375
353106
333797
208365
256770
347352
297444
327246
367421
237011
406286
307584
293582
176398
316081
435096
128591
401941
350401
284587
126967
367977
251946
173341
446849
376673
310497
144569
231193
320796
186531
285496
192575
101059
228635
453251
107389
312741
444988
406751
300351
330297
371834
393120
121666
266223
429076
251544
347568
397303
378443
164126
276676
377199
287921
140116
403522
120880
380645
326118
235510
381573
261674
140634
391343
136916
272213
442936
360173
260765
376044
226817
162150
420796
433576
449328
108658
122185
203624
425538
400203
146335
265746
377240
187921
289418
199714
269994
238748
455351
385368
315142
411456
107289
126081
225735
453086
176364
427810
357548
399313
268389
270018
298091
106584
159552
374302
174674
266522
148403
167579
392924
235314
423667
237717
419545
293280
102569
191106
181753
386095
363011
390855
335274
170046
119678
400974
181883
411897
110378
394259
315441
321712
148882
333002
107830
111506
119118
196008
225498
109222
196059
438020
140537
236078
125682
408723
243039
455780
235981
365785
148293
287024
162010
301930
201531
370750
173975
332152
295369
105439
202953
451482
122808
240504
311876
300077
335109
207581
408309
210511
310624
164302
436460
189095
350313
121870
113547
235030
346313
422845
110783
275406
213034
409969
241771
187667
287492
252789
384168
103101
380376
327586
349423
401016
151228
443242
365275
250836
115875
418588
433981
315949
139251
413853
253471
101066
444003
299046
303502
387442
161756
333878
335383
180221
442082
282934
407953
342249
429610
332260
355775
276376
262907
315273
209527
411735
111121
141005
404378
247135
340005
124942
136433
333558
387979
450317
279829
111042
286362
345003
116672
240442
247543
322423
398013
332799
259613
197436
392060
124864
159713
356363
126893
378559
298156
272505
161155
225745
129039
268051
409828
122451
384495
287067
360450
185331
302245
353634
150709
272469
204253
328769
371434
431048
284475
453531
215023
422521
272670
400774
242226
267370
179531
311564
110152
446620
122174
188549
106503
132718
408584
159315
201842
363355
384848
152502
451272
429140
236800
359144
164405
350822
152134
142302
164122
220290
177324
172837
264387
121716
302839
225697
234869
115306
265731
123083
257935
384323
419941
234800
426226
396584
306598
374712
402731
438441
423298
275045
183173
291576
139830
342244
334680
290792
261422
434096
439417
171664
152411
252208
279472
284758
330988
171003
442777
158620
439902
273726
136648
405582
211649
246965
190638
106662
146922
275499
114841
218775
320121
311429
204287
425242
246658
388469
139722
203003
400815
133300
197071
240553
404283
436521
347786
263141
272647
184317
214981
228873
407793
111693
425910
204916
223955
187522
435431
106442
127150
387607
263902
221001
238462
416338
207465
203829
243832
295657
393390
331277
327533
393589
417833
433701
221195
127907
176309
157688
104133
380915
341678
206822
317669
347765
364677
137280
396468
180578
100633
230618
130076
171219
207846
304527
217610
358657
202362
363706
334909
300865
282127
407001
177136
405260
162632
284833
253495
152589
178669
144134
314782
140797
139230
293096
406399
345110
304871
351367
419524
156244
286851
290132
173828
441734
333658
343516
123048
355055
455778
454972
408125
403418
159612
258446
219306
426079
231356
210737
453554
408873
301618
212272
107893
243011
294575
364389
254381
372048
171774
432348
159399
266893
407712
129429
262336
356917
274966
276857
347400
428181
301580
194457
438131
268374
346990
220947
353506
239974
154733
247863
341903
431468
149785
214063
121706
255908
333508
143763
162604
202372
387763
388533
128376
101034
368369
350271
174085
385609
343029
231963
421118
243061
346042
196947
216158
350839
442793
104073
355893
422288
152675
418369
441615
282524
253527
232767
297183
124088
397895
148722
370232
194265
348205
298588
227976
248705
239500
104301
350165
400480
278065
175004
437309
131604
356552
167932
226996
334593
303193
131367
358557
226224
376697
435662
119410
103953
364883
446882
120330
226989
311818
168951
366046
193458
191755
210282
156157
232280
238475
205291
424197
442695
215260
169055
118992
198428
188794
106350
131915
235894
286505
220697
337935
215399
262785
308676
246553
253913
112308
179561
402292
109329
438865
404968
230914
182132
404675
139816
243854
405142
383074
442623
394774
408288
404845
364661
271939
166971
321343
197563
388662
354197
107224
262226
285551
440241
119516
173401
336696
387529
287410
295011
160537
366767
240997
393802
400769
381816
424055
135913
240240
238018
177991
429839
220027
192666
127243
292898
435853
198501
428828
296796
204894
102211
441512
178411
137964
325320
181113
438919
141821
187550
236630
354732
137821
378010
133681
402896
447673
105464
215061
273204
213050
272838
315382
127624
270615
363111
309349
363076
273944
311690
278117
376120
171948
286531
183973
404917
361139
153680
121147
194562
286346
275398
206609
121818
360405
292130
140769
371642
228544
340074
266498
100889
389773
296870
303530
334149
335230
173304
229310
347349
257845
158077
401602
137461
145589
441653
412511
417033
330144
161803
434963
345461
387037
175580
302590
286279
381725
111171
263698
371858
411249
265508
346346
441196
238491
280271
181872
194466
260983
247839
388997
410734
321399
380411
140473
336153
425741
256476
135328
320610
122059
134105
419907
115345
434187
251228
199445
291774
235149
437023
152231
246799
256815
421836
270032
278323
348268
194439
321380
398498
215218
281093
407309
103456
340439
217346
121657
231154
197773
360164
322645
390770
270816
172465
329552
346883
422326
249150
407733
253031
104629
374657
388983
266782
211875
402712
180185
437720
342499
186272
263430
127070
136322
252059
234127
174307
185044
259214
163878
287441
446540
141164
168746
284119
444428
300799
423639
322552
271397
383330
337805
123544
377933
336398
335021
118208
363251
279004
107883
189406
195419
342292
153318
373275
309407
316830
138723
163888
292704
398316
190988
184006
262709
267877
447710
306924
338349
416379
415843
146847
163326
337762
244407
382678
419782
229295
374858
117348
304693
213298
316444
128581
447738
273589
316554
393712
301099
279806
444985
323577
452639
268133
306657
413258
209770
248796
148581
101061
435633
201958
451923
421281
196078
122217
343053
148057
111323
220652
359618
420000
294395
174165
413639
251634
436867
123657
344910
324685
230743
263008
122384
231482
205855
183706
165993
251485
340666
161067
163106
122482
264596
156126
370223
331732
337885
116413
276254
287760
354299
435094
368762
131293
166259
146104
107019
214920
415351
321987
312292
237001
429222
294894
231333
251714
380146
296178
104324
198297
236337
279610
412549
300856
327204
210367
207411
137561
284953
107751
339829
202609
277427
249186
274319
354615
189101
168473
156939
364235
253563
122593
121917
320464
144506
230387
243865
375236
307568
413598
191786
446541
395267
346272
327424
225701
292221
305605
229072
430720
436153
391648
342051
225503
353798
315850
137968
426219
213855
302895
379109
243600
368901
238404
387485
293311
339744
320679
317959
328835
415362
305671
140293
174111
227580
187723
284131
175375
371410
280601
354530
186748
270922
400437
196733
193341
275674
147800
383470
443427
159924
153711
136961
117700
397540
237033
372929
400262
298035
198511
237153
443043
362981
325546
414807
187865
241155
303987
343515
166619
247907
429589
287548
151925
193399
169111
313273
439429
396307
320904
119007
308703
300539
161699
325694
231239
119753
308542
121715
138168
320900
186008
399592
118730
344073
182679
398512
263880
116756
134878
276955
344361
186648
235721
365144
363282
230555
147019
193265
450002
444349
196752
394713
178297
305398
377394
222056
278184
194613
375945
397929
456240
401066
155128
328104
274059
450646
284094
450015
224531
427969
332944
358821
362846
358541
195178
237554
119920
192398
337398
333561
286249
111720
216090
343067
278741
415732
105610
387022
360329
373392
452880
393392
422566
402361
336904
347272
374676
109609
124535
181875
416489
374786
219957
360672
429449
102001
316661
403390
443947
385493
433647
368280
243670
110172
383249
285923
222692
447258
226094
304288
260357
310924
428712
453597
413415
199728
224930
151758
138994
224167
339163
202824
293212
225457
142554
204039
412984
379423
123499
119453
348091
436310
280315
376466
284122
140766
266124
337299
168080
338825
310514
350894
264721
379226
292764
151227
269303
278681
179955
279339
334255
325826
330712
267667
370535
169540
206125
449681
147160
224308
105448
447239
305400
339094
176263
291216
168524
388965
282496
335624
253457
408772
184724
341397
394105
403146
162795
420163
177301
126353
105911
427332
296996
444734
167549
178872
132613
313363
329858
119783
266145
258940
393955
153752
194510
340269
285673
273957
200039
350538
164942
126706
158569
383974
320014
433797
271335
393710
242755
269167
335790
109931
241662
116648
194589
162969
263222
122548
323250
213311
424291
138045
301668
136273
356605
309265
341593
114914
269722
240246
453818
158823
424290
272942
213232
229141
408707
431741
317201
235404
206019
184599
352041
300455
164064
232728
329483
241798
102502
116957
360935
275370
220178
439403
174761
441943
271402
316552
409944
438202
157595
394828
423030
353600
105834
316644
384996
385379
292159
381888
416735
277140
187421
448398
213561
338620
151456
233212
340013
219640
262543
337174
156133
160358
255357
345901
259743
271846
375466
236059
215506
149445
168164
184664
314473
150773
432410
223895
410124
209995
113477
328099
331674
452632
294649
439719
361483
325207
175047
100079
342093
146363
411914
301980
123220
164663
337411
372783
361492
359189
159819
242947
392589
135198
218655
207641
115469
383474
156937
435658
170155
132228
157583
444931
324609
234166
424024
123664
262969
285437
166117
353491
114178
125172
299037
118235
224517
289525
170106
125382
397036
164718
419416
363461
310986
118410
375116
168532
227191
337863
318472
431282
181701
163095
245956
311771
227089
264290
180031
308624
414443
247533
287351
371833
255200
347303
266238
214393
118042
337685
418865
137970
351147
200281
135278
280183
415641
270918
190250
406613
284940
158242
423343
361485
359799
105177
140159
318852
428995
118215
445291
220492
386620
202382
412315
290556
202278
386187
412809
433065
230359
241910
194428
304458
319283
239979
415772
115302
204715
329268
117281
417176
341621
374817
440909
388861
102453
327400
299834
393932
297821
341586
224246
154242
373532
313349
353463
160971
226351
403880
362995
147442
179462
428997
358438
440204
451443
298752
432429
392640
413859
191233
326421
272358
182854
231236
335595
332127
171443
291389
299347
263645
375580
288034
282125
275816
335896
211561
147638
317372
282153
170222
197339
257997
354290
339400
385244
141807
393870
294267
129014
164953
319043
424056
345851
242964
241029
388498
299645
119651
127011
288317
445002
294752
169774
429426
181552
175111
117764
406246
226647
233758
195864
438298
376237
294772
421710
103767
397884
453483
141938
373252
369018
393763
239759
258821
278853
136976
396665
167861
269628
445673
409425
115383
294052
276026
257635
181404
121798
321365
383973
389205
214514
224286
107499
272316
118481
149026
276975
253459
398878
311160
228175
247300
434449
328209
440129
249461
452524
436769
383311
200705
201836
415454
127705
128023
366704
417327
256812
418195
426870
183112
143326
327969
380609
218167
446152
239366
104312
231610
259079
371706
225077
275310
124113
277733
100730
247885
188712
230994
340518
391250
181869
291244
380151
404026
451963
399273
438103
349064
366134
244468
241714
213505
312497
165068
365760
169706
109861
302298
144129
247728
124433
291466
399623
342764
441266
233378
413516
418629
436002
446149
403391
290519
439005
355226
185360
118705
405750
361078
144900
220303
116250
190585
298169
326337
398060
318084
407664
430563
336205
437931
351566
410948
357013
438127
435759
361721
354323
379519
177951
436280
148706
218860
264845
356544
205130
120126
117560
318413
431661
395146
318658
426884
304711
124144
347038
344302
212663
147057
132361
227170
179567
167959
264572
447573
280251
249672
337842
451003
160446
193842
318768
336720
267085
174441
322939
430928
214987
315263
332638
313649
281188
247508
212753
127619
130028
157123
159684
349092
158785
214734
226053
128020
419231
436630
328369
331195
147012
303119
369934
179818
224220
219242
136547
202358
291732
174023
396293
224355
222415
449530
398490
366350
151440
452764
183238
209620
377548
417824
419605
205450
319753
243690
357747
130082
407102
116667
339997
115600
418381
167405
255968
118406
268318
346333
370567
135980
347118
392911
446358
234481
400795
129461
226210
296140
394512
216200
282205
344577
246733
141433
420495
161162
393253
236067
203157
273755
354788
123211
259806
149221
194836
202507
184183
184262
342053
376425
423115
105214
401156
123324
138853
242542
176576
235842
160175
271266
227902
199359
174398
338743
125115
207458
264726
179719
347171
292209
394542
276461
352910
292077
119074
439398
154165
188655
300489
403145
230172
444378
405662
417889
254160
331991
364182
115610
121735
125277
217291
426353
280897
411818
142200
186246
174475
286311
264932
224465
456237
291092
418737
281468
306199
211695
400471
107095
452684
347929
119759
346954
340767
412503
245438
348732
162648
158786
385434
210005
311113
408271
206282
183337
387629
421105
216282
208500
372682
252303
229126
212096
378607
139155
419056
310813
222082
355600
436948
195193
155201
331373
201983
194704
373049
384049
453350
301610
432505
116530
405405
145360
377940
313549
212546
298289
368666
171142
127001
164072
453977
379646
183389
237603
361170
392001
353831
307914
289787
319573
375812
345534
194529
182269
357133
448419
327239
144731
269908
379587
420941
195643
210570
169958
113691
159992
435627
282201
168240
158916
426948
372389
422312
442736
185663
240873
379844
228762
126969
182892
322013
234649
218505
162385
211030
168813
216737
231302
287241
381971
444766
320952
126691
407131
278411
142801
380685
287327
162695
203265
236913
298767
402634
389405
333153
341692
325745
435065
309082
443934
419321
179500
170032
322765
129670
327096
368318
259003
445676
269354
220476
446003
356982
314339
418654
353523
101993
351770
450375
444591
130974
164884
183914
332168
160199
184602
369903
248433
392231
211796
271712
208521
123583
338668
309528
370043
107787
219414
306964
452661
443684
182099
351793
191227
327827
129215
189971
290235
376593
440066
415958
426893
390800
455586
189545
145600
435487
158287
408548
247385
276332
213811
162684
203581
146301
276677
449817
307893
444463
239696
299450
309873
108040
102310
412302
305291
184481
414805
206371
348504
157386
392843
212548
344312
163715
180608
195316
106395
376005
269914
282508
316941
125707
423583
384297
104904
113285
175249
233629
240034
255714
169952
124639
113284
174749
164077
382262
113790
320374
272861
227798
118792
267652
307000
337393
310287
425811
357449
226472
413969
182476
351444
119140
413798
313623
138732
138020
113929
131090
221848
111811
334807
302530
236933
240851
276982
287691
385311
387498
393337
209284
275534
168400
359829
241291
162415
139040
217396
333005
252246
108791
394431
351822
177013
125792
375840
358868
345885
376910
326415
240174
175783
300112
244318
271408
419166
110296
437330
355255
193220
448393
327939
261092
259332
422681
158329
415882
311061
376888
110052
146437
340034
302499
311060
414244
173777
164594
349522
327809
393276
168761
210086
270637
188063
354447
401740
147845
129315
268397
332055
245439
254315
400928
280853
408620
347391
221988
337328
106589
306621
120851
180912
187576
341277
456079
420954
406080
342663
117247
311590
245917
396981
254844
301512
251244
165332
180298
325240
368856
400495
370197
320352
143205
291517
186052
394944
131531
353363
224291
344850
139104
260372
286909
101047
373397
243080
147967
159567
218665
390734
301153
184478
254625
327174
251223
324734
307038
176311
420753
297777
289406
167956
405029
179575
336476
452201
373466
299559
139084
156062
422634
281122
167810
410835
161298
252697
264156
351359
333436
403608
164216
200060
318603
454711
217450
109840
327379
416814
156657
406700
332408
282763
242608
297375
278073
376745
439368
252050
442559
364900
442422
201918
346857
333230
153418
352923
366644
261656
235323
340282
147330
114538
183101
408029
397578
103843
244304
204310
182719
298718
234476
280507
452888
246590
159453
250496
168449
103530
375755
378470
323423
444990
160643
198945
447177
170808
231015
381294
306226
159759
349580
358623
452468
449146
136689
302098
265292
337349
353571
141391
318588
346427
140015
277659
252632
145328
197786
285676
240400
238845
201982
134696
146179
120419
213825
106070
293764
227075
110159
296360
253084
449182
370589
281086
404321
344207
109588
279009
404665
143362
454846
432178
369822
285947
399284
415640
301051
419135
121074
436841
294975
344145
322280
153712
128107
256131
351539
433493
349609
265994
112255
240522
351955
235174
221257
305220
434774
414678
133435
353859
166849
149371
343600
372947
307932
222080
137143
339707
285291
246693
259004
159037
441861
159366
263378
410347
223915
362320
329652
391074
204741
338017
159332
141736
391921
203663
188881
315113
418489
295588
101839
267212
111114
306689
159823
243971
131294
331448
285850
363512
454645
384833
189534
196495
195219
338035
328342
137218
439481
119690
373264
381987
307525
235050
158561
280458
292183
425186
250251
161375
439411
111860
186633
201423
211752
438326
242448
137414
119597
132554
132229
129460
132553
292926
216534
226566
222146
129759
316037
445157
321768
302643
162086
316882
382369
229268
124379
188411
175638
383067
373187
373856
109441
375700
419033
181822
176958
276606
129694
104591
370547
275417
271403
181187
296221
322865
336923
399072
173605
249837
328158
152314
301453
179509
298843
137329
402677
433165
444661
326496
399055
216322
386719
407192
305552
270521
368116
216436
377866
281017
126708
275400
157402
436192
440766
116850
206575
223464
260614
315377
108101
228021
124395
372120
331523
304490
410696
366022
357079
404862
151713
185236
378268
165012
251597
104781
141416
379281
370531
254842
322736
280387
254250
164849
165414
305650
350587
418117
208106
414069
211679
435841
136659
388335
114832
419929
249864
332955
115882
166312
262178
319509
172319
174909
288421
368582
280937
387705
423409
238140
293150
138655
402330
368933
451020
104159
420268
401931
399292
109917
344449
341806
340847
300989
188708
266722
210544
276656
400698
268143
107848
188717
362140
357715
356831
400352
407390
245022
386119
348049
358205
182713
275789
288810
380279
404958
305782
239439
238932
323447
172813
430128
298870
269359
296336
104518
439439
436826
264618
388492
215740
406831
296703
416928
348253
279535
392922
100948
361193
111565
248991
351208
201620
163576
227870
139381
186911
364502
330098
105929
357104
172809
323400
433818
441106
445149
300604
343747
244204
159616
216588
275147
132933
241757
191604
302844
376771
155360
177079
369857
163267
215970
436727
207735
390503
361176
193244
190746
319278
195446
167099
220359
414084
358055
135573
345894
133201
297196
343981
289433
403106
201376
305467
114063
294514
148066
260067
338929
324765
331658
302894
411867
323258
362886
411779
354876
166781
289398
332767
186866
133544
238108
103392
416372
224670
388576
194292
451223
151621
406219
231618
186248
453467
389653
295935
285983
255951
399913
247022
111814
395217
349769
188122
413788
273656
207438
379361
183460
358569
288412
376948
438716
425131
217502
192586
374077
243157
150334
449263
411547
239837
297655
168525
341225
289144
150811
380866
303160
291203
248480
450248
357900
168983
101734
226681
441254
135070
163770
250485
276773
388752
374739
236623
213956
449799
116186
324495
432803
438238
376944
423905
151444
242447
146145
188969
300062
402769
123152
352531
370449
348237
421463
367891
453344
455821
342122
365996
246184
233978
395293
391647
226915
450775
198081
314415
301702
371351
169881
268971
417052
135184
152177
252128
247130
157821
216730
310468
433517
242311
349223
210234
206469
329061
195850
252793
417872
418531
273915
343157
163104
370847
370774
303058
338264
300626
418833
393086
303844
292759
312966
377371
388602
270316
199806
102685
186068
380262
352603
407923
424406
275486
292489
368641
219634
401465
454839
423766
111823
161655
232782
311476
361991
438643
143584
194619
208145
148249
328293
413534
301159
120870
257144
114039
120079
454559
290019
297820
128073
347375
270344
144816
135370
305346
390100
192559
224741
128366
446462
234219
246194
347355
194139
112605
334472
365137
209703
258234
377690
435926
432160
125072
290992
252377
291138
213584
447545
354050
158497
132850
181888
380312
144167
412925
342712
163790
151814
376256
449676
206550
263308
168036
116049
374194
142174
453271
317474
253721
150841
264066
349429
192891
139247
224141
372261
340780
160746
255443
105044
400134
171680
221551
341506
324490
442126
440136
336440
357437
350592
184902
199849
262548
216599
419050
232991
262468
148775
276236
111162
107497
390964
421148
337879
167246
117488
165181
398440
228150
407415
174370
360753
393598
427837
280898
335920
258669
367261
259117
287010
426704
383143
130164
190665
443772
231898
424759
345899
297576
145030
375275
340632
430066
444011
193388
348763
253657
384016
241054
334170
198108
437289
209144
448354
450673
273302
415180
120295
282791
248588
455375
181938
374516
445722
376375
347515
378817
175224
411808
389660
236398
440285
259095
236149
372242
143899
363655
135558
357254
229948
386196
344074
125402
453983
229128
150244
175430
444903
440143
427827
228805
261254
329445
119178
454081
202798
164002
187675
239802
213784
269445
102637
225583
190527
400510
456073
390097
418701
217113
186284
340161
132890
331824
441585
178287
156634
177610
340059
266866
360604
252677
409929
441218
312111
189876
332492
393283
183632
254539
436016
347179
330206
221873
213229
423916
338688
237287
106092
240267
192189
355223
130074
276589
398877
386631
184649
128725
263844
416485
171050
126811
312394
266163
324191
279635
205639
249580
246055
305837
307750
292665
236320
381578
223917
349754
190596
317358
297819
438857
378572
193806
180999
175977
152853
206080
404547
319673
442835
240671
363883
270728
349389
279709
127530
302622
334564
192171
213405
216320
339539
244518
191650
378258
387685
269131
147351
409938
201129
203208
151755
216023
102085
194078
207150
238652
354610
162162
434650
198329
156759
292836
418816
257283
411468
285868
166189
159263
370951
318455
293237
449135
342588
260118
324691
400812
392004
298982
318848
322116
277414
258016
219921
433003
386154
430252
262992
259682
355583
267411
103675
273867
422609
107305
110214
420745
370016
119657
375585
135179
455679
343852
266776
169108
159102
160518
325266
284406
413385
324959
205465
450806
251394
263453
105523
139008
449618
277252
306915
182676
116868
256889
290774
212540
188846
429735
132354
315174
117092
347759
129078
356973
197385
287340
112208
305185
241351
364455
193763
242507
298254
240038
280008
191925
274478
364353
124408
273875
115550
170764
403621
366892
405458
411881
417596
329012
128083
235746
115772
366948
120795
279693
336928
122936
382479
143995
124902
451438
175655
377935
137240
329718
339554
372706
183751
393099
258870
422144
109631
212453
155884
261218
258972
186380
291467
247982
354829
116116
170609
306409
441983
271536
166237
418541
406202
368496
306160
131086
287660
286466
239533
276377
142338
315007
141566
126466
425555
445794
357675
392797
275890
241786
353684
199571
363110
373792
275662
449851
437362
323167
144627
127909
252613
128738
131408
142190
222784
380793
427529
135085
193203
230340
343651
222867
103294
447999
376896
195561
317351
295843
193419
320457
374863
368783
264758
137053
392573
436611
246428
122114
183281
330180
315073
152340
450648
161216
397285
243267
407430
151416
224278
350998
436208
252494
140617
207825
279501
401755
118470
254391
355450
422134
343884
288952
191348
373936
245907
315524
164839
424083
258000
385348
438119
450830
267256
108936
264500
127875
204999
372139
414630
144345
334281
348148
106486
147908
323233
424860
100827
219896
101394
227081
365943
443767
213339
114126
234549
169994
137856
248890
241576
174199
120887
429139
290141
195249
309621
173854
206327
392138
349475
370673
178034
231088
204938
151017
188699
226381
390255
451271
213331
109563
344195
103248
439052
118544
296669
200502
334421
310655
387735
252993
179250
183237
222684
243273
119770
453968
439833
312657
341986
380909
198469
391260
174095
186334
131982
441614
292796
414519
261851
301309
433900
168712
416710
339508
378508
258492
169612
160587
228724
272654
203597
119916
407296
428109
377143
388827
393552
252908
142928
244454
392827
342464
192193
118028
234842
451491
377929
287504
202190
249253
218001
133698
122040
307269
336458
411194
123535
346051
313821
325669
336554
440983
179105
397991
299699
311211
409166
130382
156767
277358
352475
374971
340677
176678
103606
149489
126503
451260
160597
263279
371172
114019
271690
116376
320150
391566
401130
252316
365409
222471
127736
449024
130918
101074
281926
147727
331663
407141
248536
258154
336469
303959
156489
321359
299259
386334
361368
441332
190120
370086
185469
285700
339004
405636
324536
215954
380957
448941
362379
386592
194751
222536
447224
341058
255094
126948
363723
160155
341422
374835
209213
162525
209322
413097
140587
178497
443874
173417
451566
405585
164541
184925
443937
417047
315724
380101
172028
400949
134222
180363
115062
420668
223494
168676
447578
154508
119940
417866
346426
345862
118421
234669
378832
323098
350719
394673
167072
153883
233535
123127
259617
275778
260445
334647
268137
305983
249685
122164
253310
377807
293053
372059
325054
245251
407937
344845
166630
184622
241688
111260
380362
355347
242284
136725
211248
172946
172174
197685
442730
179473
419101
172040
404005
102939
364376
270487
427253
163498
415609
112643
222812
225821
426104
350089
290662
244752
288861
240959
170889
303682
298308
450932
377740
298856
295371
188152
110239
299356
389148
156499
421517
303442
378954
258882
304333
202768
442095
377863
152495
272602
260141
307782
304902
228754
171222
339056
270318
433195
227082
346597
127216
232434
418180
108273
290575
146932
294525
204654
404022
382188
111589
105283
101086
209270
379769
379090
206994
113866
247264
361021
155441
236745
361467
434481
426954
217171
370290
268398
395841
385849
431279
147032
253640
195181
186383
241067
294591
143011
392702
364130
448643
123785
335438
214972
197647
397279
128414
223832
183821
201100
265688
196448
377801
148661
193170
246291
188861
406639
307021
336694
111508
271655
378739
445358
218222
438356
215413
436643
334508
350506
282299
211422
165007
355366
423423
416829
420536
310003
228486
373816
446819
407179
343089
377433
330020
122331
167606
231998
334682
311892
203311
242170
443252
285484
254491
337494
189369
135285
252720
141676
440187
399280
171740
172050
442537
343481
195872
285499
268575
296135
307619
386638
195142
307175
252359
348665
110423
184569
288795
407884
378707
409527
181174
287918
322400
357842
444309
349738
163099
226456
393301
441478
125168
435744
371035
386398
317136
239890
336543
338632
445221
158473
239291
222181
382695
287306
285710
171622
155282
260898
369154
398666
133263
143861
359127
414944
372140
454787
357248
105775
421231
291663
150622
228067
382548
279858
422753
378968
348235
127201
226173
132777
128818
116802
372272
219785
208857
406516
114534
414909
178243
281419
314426
344123
254704
336487
314318
238957
397749
139468
369061
148321
378451
330403
337256
119294
136028
169630
330104
395537
129189
247114
209487
359889
448318
364595
272434
394460
306721
233917
304546
404905
106501
113341
306946
258919
411966
260840
384678
114379
310051
206060
323633
268625
365062
111126
300425
202543
241115
299023
369243
431977
257057
280272
381954
177137
245325
143830
385100
186502
391718
162999
161385
441379
325072
354228
209228
407640
341121
266245
325736
434813
424966
142352
176476
105810
169588
296367
100365
212850
232957
310889
406287
370843
383599
313088
199591
227725
219748
107565
322606
328943
291210
122990
387563
211707
285989
224105
112996
123108
221146
342885
348213
153588
272842
378684
335509
262673
130945
423453
201013
443508
296447
128421
195732
425661
331649
258068
243281
451752
263286
244524
319449
355349
287694
115530
261420
178809
340143
162083
251126
247438
142164
309672
231834
246805
269967
148653
446978
311203
446106
231371
307779
249626
421492
247198
134532
348076
405151
129260
178378
294412
310394
189464
415164
122591
192760
442271
321781
262570
255986
200738
450567
224868
384258
163551
338963
342984
134927
291054
221308
289045
135322
453377
401672
402249
246412
354026
167425
444134
203317
366732
193683
217288
364440
428475
292353
195512
331228
400904
385775
408600
380044
357345
455625
217785
406845
104447
241989
212653
310625
286488
363772
308299
103912
169028
115143
182254
442281
212989
121054
240942
159514
316472
174224
319039
115816
175438
302351
204044
378569
156423
454154
218141
246195
451964
123568
152185
175235
138555
252614
150340
440817
382819
113310
302383
190637
249354
299244
112406
197139
183351
254208
341644
423925
327520
355179
209584
403250
333760
344270
103503
284178
209818
346908
207693
195824
203118
170739
137765
334546
253232
402748
380750
327108
215106
151908
275726
300924
217802
291195
364776
300465
299163
202141
201617
448418
294206
273866
270439
173076
188455
149685
290929
428203
373531
280046
257355
128879
160801
318059
373581
175621
419900
178979
218610
449777
351187
317753
222544
437574
217033
366743
146182
121834
170369
223251
289664
186417
353568
418825
221652
412501
432892
174533
191736
114812
152031
286409
290523
116056
103400
317812
125745
251471
299590
135023
171694
205622
436578
165059
454507
401141
382365
419527
113084
417979
125945
139700
409082
133837
336574
257032
136909
224698
325991
404782
105546
320751
128862
452696
398905
221730
229207
222427
389041
298229
153579
287198
209272
363358
396300
297627
274234
118936
225902
275725
116553
330347
428516
163373
211900
237992
395901
166802
345528
229448
241883
414967
212737
361187
130785
339356
423661
226754
293992
301765
378850
153927
111822
376846
178181
362472
453939
221424
360614
203942
129522
364132
371785
427240
251609
161868
206804
223399
241376
262273
259010
210705
339670
417694
221423
293086
156559
101293
386474
151612
400269
123665
251437
201805
165926
308003
242785
403792
308512
292284
226617
378931
169382
156604
376698
151823
152852
310640
438182
390317
192003
136718
322771
334726
297408
267250
356378
451159
110700
417335
296114
380960
124766
111023
392206
278735
243606
386658
432041
291211
289104
315978
447108
117516
455266
105842
417689
379771
363957
289149
213457
127944
176567
260292
219990
271425
141316
216838
173463
420318
255512
120871
420165
192280
105940
179112
266538
267613
398753
185130
149088
334194
206043
163461
407410
261856
155936
261549
338372
138213
147838
405764
400398
170011
108172
214330
209944
195600
108133
215387
211805
433460
428003
370402
344547
280307
435502
175073
450174
307472
256844
413139
343498
220153
394955
277498
168152
351576
116512
391747
130003
247514
146684
241610
436932
103399
355691
104418
294262
393797
364237
425181
409138
385777
323182
373254
358732
189834
303871
325556
298470
235558
184472
184952
243923
359288
123656
186766
168086
233158
172658
259225
225573
341206
186792
301569
153737
372519
428678
257840
439690
134144
305027
427206
131356
180175
138460
140092
105756
260932
141304
332097
169638
166909
295934
413189
229796
382175
389849
398824
393398
127109
234158
110699
335625
123719
226945
155819
250578
426540
235117
203308
121235
443720
275132
114729
330811
239231
241433
118924
359083
248507
301491
168385
412788
434960
182843
262876
196701
176081
155690
328135
272561
267666
134132
357823
270109
398981
138052
170218
350856
404822
424869
383696
441299
242695
142705
260115
389286
379611
302584
341688
455389
228688
108915
140002
133739
228184
397301
213315
214216
351940
222732
305321
199510
234472
149228
297223
171234
327172
301100
281476
324985
276916
134832
403133
419091
310322
385592
261511
417166
326025
289140
238342
238115
339053
239044
288214
287983
370360
391386
176598
193040
229939
225796
343940
452104
243049
215163
143531
335639
370628
215635
311967
398576
334583
443769
107772
389159
249679
213881
192553
423029
372135
409354
441527
235493
383774
309107
399193
363071
108432
255996
161095
452501
154300
176180
186143
250282
124944
421817
207850
263409
404593
355883
431552
181638
117220
411008
121721
185069
171476
178233
173292
103517
289994
168441
296102
105386
408381
317096
213257
330011
431486
278974
211367
128802
347576
437002
172792
264416
128646
416425
167633
220728
189364
329564
347895
277377
415883
416191
266038
270447
171342
344915
424941
342320
336934
128585
248885
297569
425043
225036
365039
165555
233609
297908
145535
306145
161345
108357
109213
431069
402785
429746
414589
179856
421698
402400
391303
170269
136906
307248
260420
220700
357478
157470
152262
304032
454727
193851
116062
357582
117337
300987
190763
139305
121073
202774
369900
147759
170771
127021
352237
393577
362193
150963
360234
228084
329538
241582
129206
400851
398892
437465
228911
266271
279126
305793
249273
405805
194328
343948
347976
104279
234877
289551
205985
406024
382014
246118
446384
118647
406930
378881
219081
194482
212243
447726
142415
162718
204718
258673
346925
131826
179598
405056
356298
407717
451120
405338
288346
411064
217414
253833
289212
331895
104894
107628
267893
254967
354957
156158
294872
246677
431353
222760
297581
284016
277321
370008
264048
163649
116963
222284
330832
116197
192989
240643
258812
427003
130820
207740
167684
423601
363865
400822
437681
191938
158108
330509
420472
319232
136708
417130
268756
342277
334324
153062
422030
391431
198228
319838
351654
185967
427393
349503
241742
201610
203474
166912
154023
402718
262267
271427
369723
183668
275281
222638
115016
127621
195275
277324
341897
387521
328941
257094
218090
160237
160913
417138
178964
237898
368156
158224
343269
186212
112878
248540
363005
348125
323551
144666
189950
237764
435070
251673
258032
398339
286235
270498
432277
198895
226692
381380
189011
382163
118347
281605
309243
292749
394827
360972
228627
223999
355683
158474
384706
198782
178572
430595
105585
363028
183913
400700
429731
174486
116763
220602
190437
248081
433743
244805
253602
107999
207228
273947
138356
357127
363049
285505
273948
305114
234534
360432
135433
264102
171630
234037
241075
409565
167609
232744
301172
187547
299529
405508
198166
442837
120002
243197
325037
440019
255262
423929
424515
400447
208885
314173
236020
309758
139359
445802
156229
193538
128559
359149
294369
235521
116556
229155
212031
375959
268784
402441
297613
445512
410747
211454
275093
105378
203079
314100
193443
215932
407604
402560
209421
136367
447109
341623
309002
169101
357847
113944
377142
293009
273908
173375
322781
431748
239475
319587
211630
200865
297550
328515
203532
455715
362473
161851
420461
179399
397853
114814
124532
100370
402520
283936
138808
329203
220000
428869
286134
374471
416445
415748
339451
338182
130569
445732
250666
115222
244888
434871
284197
160680
125497
384425
390751
109467
391774
341656
313742
208636
206671
238146
201614
174062
220306
414184
240692
448479
431800
159628
323267
132351
345859
136187
104010
154360
399083
249175
144458
284622
443993
103731
209220
152969
246883
211265
384932
343077
456190
125418
373077
398694
166735
276738
279288
138889
431883
140161
403751
123508
394353
218868
363463
355713
336509
293545
195525
268661
375138
426452
403039
278324
133210
215429
273446
420647
280847
115430
197374
266143
108477
380721
236582
265786
270244
158509
264032
157968
382825
448343
347069
183887
128372
156714
237763
426811
417315
442089
377183
267540
168424
331882
419745
136372
199059
109502
359498
109033
404600
427585
133397
320840
202831
259694
354004
126009
126552
408639
148372
454346
149605
284214
148509
332046
302703
373196
171759
212017
261750
257737
338651
179962
138736
136490
143631
338570
307989
100905
306760
343261
210724
238621
215622
232290
300504
446900
399723
310025
232446
228182
344574
406106
199910
336238
265151
373262
102621
311469
249090
208936
435000
411950
289809
185743
349264
298933
184147
186641
209264
154594
232246
394394
187086
156176
101835
155504
343489
306944
393524
270115
392799
229844
383417
118435
263455
332986
244361
143402
327913
421867
350132
287045
398876
165296
291612
330513
440677
303808
267174
445080
280796
224418
151798
249142
261404
410118
179352
365188
142720
440200
451316
164137
250316
398783
410371
440177
370762
412073
168626
320043
343350
251573
336560
315578
376174
149083
344972
231199
326499
178684
405434
265200
380610
143922
247915
110567
278686
112223
332889
243442
255165
253092
165176
246636
455406
188185
231047
235832
140887
131188
308183
288246
411471
370095
207005
158794
210251
379647
316747
143165
302935
450875
200368
310301
227956
166745
196318
451221
170268
404209
267959
362871
250231
240293
294933
454273
131313
365123
132370
289543
115288
439349
242275
439770
108730
359404
357882
117119
100557
141009
360879
244025
179496
166391
357455
421804
222243
175900
446225
147280
426637
106292
283671
186754
414847
297195
297799
267926
140685
210447
173746
177042
291776
244733
347946
453638
244132
151767
456209
426892
265920
207063
219224
103209
343962
447500
312478
340538
429475
351716
298922
227949
435210
315633
284564
334204
179154
196482
170045
357770
290810
385280
163076
286137
179723
152032
328170
455359
343268
158739
305725
300620
281265
227412
434246
341016
442795
426311
304429
228374
456060
231143
446972
394644
213072
134783
211050
145431
439321
133217
231770
195025
135620
212311
385797
120073
264067
416770
427934
354137
333835
246892
353932
100006
124448
293528
202925
416957
451097
117632
277640
346382
417042
295074
190616
221109
399588
329572
105130
377117
298075
418721
165232
144033
342902
323434
373660
285618
180654
161727
426114
372093
118159
198135
210124
291871
412323
280766
147799
120727
113621
154029
401031
447785
184300
289918
261582
448437
229724
330369
452872
216506
374995
206396
387609
426499
351391
158071
411048
243130
176625
109049
342668
418560
240785
240908
186899
418480
344490
285726
311014
168979
402706
447783
199767
443045
140952
305196
435449
400713
157250
130331
243627
103933
237580
251347
206353
444080
138569
220003
423545
361407
416715
129482
298687
325309
243085
258415
284619
351333
331866
276208
325500
112863
171672
138178
350691
333686
217985
103532
142690
178547
100087
209767
354579
384499
389528
216631
375348
271923
101838
174781
237867
431724
423382
135999
268249
113421
103093
138609
372369
346267
431363
414784
105380
262522
426472
179715
229764
178615
230395
190874
324384
335833
414249
115670
384748
115779
308367
403423
338740
337463
196331
120131
368259
349458
359566
336671
184830
322055
387534
166435
398277
390809
164465
312947
252956
347529
442424
156410
162723
402500
325829
338037
108458
249073
139784
328717
131622
274363
261002
133354
109913
333956
355512
349224
359054
426935
246893
185835
110886
309920
236864
434947
136627
130259
149625
120860
176139
217453
219372
227397
412747
316685
202042
419211
400025
403624
389911
115892
324917
370965
221103
336376
194551
286612
169344
232599
365609
105141
443493
220934
190519
143590
376747
358519
413945
395143
182251
353811
227149
410181
176834
356124
260701
419355
332869
411945
364201
205710
144088
376032
428005
407453
113774
262740
166118
399464
357763
199159
337384
259467
312055
212465
156647
212479
145453
294886
229676
285520
338678
147026
372661
101207
369073
267209
273506
346916
150456
294213
275346
133223
273612
218706
444202
352280
360703
430374
384750
230313
138257
160460
377791
437171
186972
144669
103732
213148
259530
426250
331987
207913
281676
396987
134833
292668
206452
405057
270081
274197
190731
256324
242139
428679
248508
121065
227156
129340
325853
141783
142766
247635
368122
132111
248260
272024
351559
279430
292440
358712
262289
338682
364921
101915
252519
166614
190165
132299
432761
262313
132559
307778
161888
415360
440600
173337
302242
247516
437214
340561
331975
310652
389944
129283
134897
298408
178865
153525
127475
442486
261861
155206
228790
348166
216628
150194
184604
402468
295829
234831
227147
305734
285856
154252
126710
418851
327963
243364
218952
394160
330461
184612
259370
304673
385195
180544
225930
423383
260568
311520
422335
239755
331840
364486
374976
391415
169300
299222
114004
334626
290160
117179
279188
353921
229058
105888
333402
353272
226812
198462
441744
352412
123326
167732
327023
302047
414976
263179
152804
182401
152610
136531
156058
367989
441587
223468
398210
357845
239169
286593
219215
436295
441511
349315
304319
378904
398491
107555
295322
293161
449653
449526
248553
206337
111390
301401
135690
364113
440620
100542
433858
354790
266840
430616
308830
365462
297459
211424
119350
363707
214340
273037
165675
223979
143072
200944
214260
143404
321391
374830
352246
404444
314126
107298
425790
186538
159692
193298
421174
203057
176910
233614
381844
115029
443921
123504
210450
151557
441823
104752
411780
332524
164928
256722
266967
240519
162553
114098
402689
444045
219751
404648
105150
121551
112528
293145
134319
353425
161717
204987
390610
210238
344537
329849
179680
429745
410635
117283
234252
148347
434718
389765
449057
143148
389750
129968
372815
261952
156472
442200
370215
343409
219512
319910
253087
249673
399164
367343
125187
147957
368350
404681
192754
238461
312419
223606
281667
230164
259389
191423
103520
199982
236161
201182
325943
146622
245154
381512
111145
396887
424054
148529
286290
239891
104377
313402
451991
108754
118207
425712
104812
119288
378610
217587
335212
433462
137945
258424
175475
113220
204376
161534
288153
314565
288379
357910
137174
272388
100667
138216
122085
414347
298938
425635
454500
175317
327699
137102
263717
168168
245020
195582
372065
119515
282966
184909
222346
340235
362421
214376
357702
314402
398459
292818
307272
166436
250250
323473
310431
360966
152952
134791
451140
454819
432372
254887
437470
246244
102636
195254
314604
352998
218640
128650
359917
335638
404170
293785
394611
325572
231238
299949
409588
419561
360689
324428
250510
456092
126363
190176
108022
290841
107374
266400
191329
253923
428588
306646
180371
190727
209800
303319
409583
204266
207983
172641
239838
243579
262781
119299
110945
168140
169582
300929
312369
160957
246785
235362
259351
231476
399118
273492
150487
333111
307770
177413
113271
181775
103927
182999
254666
290875
149452
431108
316690
447686
268512
232906
267422
186117
253561
429559
364573
405305
118987
226360
364004
191021
430854
115263
439379
409170
373579
178238
418382
175851
401853
375095
221038
399782
110715
181362
339165
321837
380674
352108
446917
270237
176424
128644
203267
127371
323908
360342
331986
236783
274036
174157
189469
194760
106588
166750
168984
260245
395549
290517
261147
284938
261807
441853
329424
231873
308433
303236
411328
340805
371952
301396
372107
106470
177548
107695
233035
102797
176200
305013
443470
276381
305100
381627
262723
223002
321734
104360
205846
327115
439815
226931
413049
226335
101288
327892
336505
426385
422450
346211
227209
345585
255277
272594
440570
413726
286574
139337
414479
130525
259984
239549
145955
155182
271653
292889
277464
273338
288606
342363
388869
128321
218646
211533
187567
213813
338834
214988
137152
361943
306331
403579
451687
357658
366253
274090
311863
370991
203673
362416
418755
320862
290562
116847
272185
320963
226897
380580
185185
306352
118500
272432
175152
433798
239383
214149
259618
141075
230058
225383
357205
371281
373687
107961
342300
350649
163247
109212
298291
309165
165257
446695
168888
368639
343097
281798
185159
401638
218506
311973
424371
310042
301119
242935
418033
409202
439469
157870
364617
281685
336166
304577
250936
147660
343814
369176
235554
375438
148788
204218
345180
328520
414238
236004
195778
139606
134991
148120
310911
451293
215035
239255
438138
359025
197126
353001
301729
172463
261372
230741
392279
440571
304705
143585
317529
199837
211851
321388
319812
218016
175872
430287
137100
447169
212512
320167
295177
336299
242754
195185
300108
380895
183509
372711
231918
451435
383117
289124
297895
213835
269742
285136
388447
104127
431351
272582
145185
209388
320505
448766
267956
103599
367566
277646
448090
146306
269130
301953
145436
203453
334059
204241
356252
246119
167353
289129
337839
390914
160216
350659
310087
385176
224108
161066
153650
250829
427455
382401
269414
267650
314637
248393
393561
141372
225682
443114
443876
116730
149979
126550
450631
166289
214227
442430
309679
410154
269849
303129
440664
395050
264509
353024
323083
252482
164260
189206
320111
191754
227294
312531
339886
291984
418092
436707
388314
377868
279013
446956
410348
274751
402567
216268
419078
187300
432101
221120
107912
379183
399380
431034
105108
297981
167678
214499
220326
194544
394907
237655
174373
366512
164462
127406
201667
206110
418911
222542
365224
280868
332840
136893
188519
340236
338234
436860
299142
343450
321756
121827
214001
293593
373376
293830
371954
280318
139538
134944
455542
112955
147609
226451
259735
137417
263549
136190
272865
240182
365140
254836
309230
322295
186464
127505
420038
379550
424454
414179
141252
362202
247673
172070
226298
377948
393058
172841
331989
325365
112369
394161
248974
100337
266985
175378
132557
389742
441532
162595
346470
310132
308129
281726
235290
346616
265358
270621
320232
130864
221930
395400
401214
160794
167954
151670
408331
309601
400317
182658
359966
144122
135306
111288
268812
363353
245861
381519
143246
134257
328083
438605
412096
131571
122270
338566
189906
362434
314136
317334
270534
103612
342937
214978
151271
107152
295853
270190
129306
194746
166676
328891
275951
356458
130462
422483
361136
362506
241046
170644
169640
249203
419414
104113
350795
153334
418179
160888
352253
405258
174778
364517
256143
165813
351542
296579
127457
419200
235735
243623
296798
303593
157768
349996
279751
436724
169502
303929
352332
233954
173409
290512
101481
175133
360980
136115
416169
271887
175791
332909
239244
342366
162386
199877
344384
364409
373250
218174
392863
420227
380914
173515
410280
121656
155911
216604
290864
184753
296401
107743
122692
381255
442885
300932
449927
424447
203027
130578
294779
418975
264392
443944
421577
273960
444493
251627
365038
347815
115769
228783
288885
100563
204406
311204
354517
236360
338419
110146
235338
406366
143751
362381
440060
223129
278824
341162
181899
398636
216983
380571
357447
224548
426395
166428
151369
220793
440070
428427
266925
412288
385344
383290
447234
382492
402405
136850
166462
431055
403382
377211
155837
237333
438099
434834
376889
341448
332414
322446
343429
178594
149560
436731
232258
256936
452140
223398
381260
304491
202152
230919
219948
271600
422995
313311
245066
378323
255961
331665
212322
239546
322126
269199
318507
123443
177135
243782
403557
299697
310029
391911
296687
323584
385681
309899
444205
456018
214388
388390
145487
129147
369102
166149
110418
441139
404265
396929
322890
206426
187869
315236
215800
159072
148927
264540
179478
285469
186378
233982
299899
212239
195530
250893
227547
279273
222208
102936
292134
214947
407929
380448
349843
395691
426559
207408
181061
409371
169319
367902
362511
316676
265471
421475
180932
235409
415391
346605
438150
412683
393897
236399
373100
131444
139632
110261
193537
115845
364736
295895
170767
294457
298482
118918
261168
162489
108422
399869
431133
292872
324623
278829
330739
453765
249515
384675
207114
189770
428036
108367
378527
220766
190658
403789
414825
262685
265260
185028
201269
157567
246433
228780
163896
206653
373459
114938
135384
356874
291938
369271
147412
288764
100035
449359
288095
182537
152792
145646
236409
235437
171926
175795
149886
338532
377369
377251
104137
214758
263771
367269
103009
419724
333976
357610
104178
206317
147540
193820
272466
371738
351583
277100
198355
183769
311250
230256
166522
183092
400985
110190
454966
129467
125603
107001
162743
190173
373538
411346
438370
182614
336607
415279
264528
297751
415634
390289
227677
361612
413161
276276
304849
201001
214515
273422
204135
139459
217166
452476
194631
335715
382783
212994
438063
150608
455926
178918
207859
268414
424525
167677
283496
117476
441193
294743
420257
298053
281174
210699
416955
314424
275775
274601
383651
417785
234254
370839
160787
236344
296184
349909
146218
230814
355096
217475
395019
305023
196027
351563
228221
111639
358596
239882
157295
138701
312507
164532
319260
374251
244244
311749
449283
302295
391153
356912
366423
205914
269600
368354
257104
284203
397579
215342
339164
149470
447260
124405
189637
135787
263110
306134
426768
332718
249675
212516
129518
341598
156134
364276
116075
176674
318291
361857
273791
244453
122685
440329
339511
192540
391355
401103
143284
117108
297921
177967
257668
381055
270268
393550
249002
108974
296249
133176
139953
134774
127096
258927
215912
336279
403693
259518
374658
142454
153347
420740
228559
185729
157266
243382
181331
373824
164160
193856
350921
238983
349252
209738
450340
310984
207451
154228
262956
291964
135508
101680
174894
330005
426681
370168
137105
281428
231190
324525
428381
440234
360034
166484
445115
454441
190862
147944
321846
251499
181779
342213
190398
205918
354686
298146
283352
244166
447509
277980
158654
239903
116315
233846
117068
377704
441063
366522
130132
339636
359413
245484
191638
281886
400549
252153
325545
310563
389445
420413
285460
337595
251649
141274
179611
424905
159492
238309
317880
227963
381785
307015
229908
288881
412138
120692
434821
320363
428129
148621
414417
115511
414695
447663
363567
330067
236949
118005
117683
338166
351440
178840
155851
346337
264603
363206
200798
427611
111625
190734
319190
426441
212037
159971
218213
239165
349157
123909
397557
404445
389044
424176
246846
363003
217410
361228
169573
352163
270052
221657
410550
242547
226305
352870
283727
449833
353321
222600
180483
228398
269531
237847
365174
216610
234452
440641
249813
337723
180366
434023
243418
411322
416384
337550
272495
386421
302602
357313
338890
406715
303747
258957
289228
248423
330434
220457
330728
230706
162643
117556
249862
259195
239679
177389
289360
135138
449940
199283
137128
361123
313158
305317
257874
207587
437398
189787
139394
418475
326156
251565
340732
200732
121462
201652
113348
327116
400248
414448
313653
208294
182096
107631
129760
270711
312210
386328
179770
247625
151268
440366
180292
132265
200775
329888
331136
438652
391102
229333
394020
289361
299970
276789
421233
451481
150977
386685
144905
228024
379670
372176
389922
362522
383455
209170
127107
397300
363885
111945
115280
121647
203794
132995
399956
239729
274494
429395
433199
435081
367978
342760
210854
290920
266936
408842
281511
394235
326492
351648
406312
175938
163863
422564
311546
192282
365260
198480
384068
349642
106912
420239
182206
216914
450014
404893
172331
108530
122810
211656
418966
116702
141421
448915
362941
243527
349106
314196
343453
374488
365114
144174
163009
306413
194199
313069
392602
236590
321356
164520
216064
182369
451431
207120
206432
190985
283403
218516
367801
456252
318327
156276
304113
205712
123962
345839
354682
350281
333087
198328
339965
255634
220601
256162
315539
415173
136155
158866
358174
122011
415485
230208
116318
334515
356950
403431
103686
320504
197860
363448
227662
410122
443809
119322
188996
208137
178403
271257
446784
286932
267400
111379
303486
297850
288439
365603
319629
375012
192706
423406
342437
143283
356829
450472
168931
134054
436618
372015
160018
243982
353426
119387
408258
171376
350183
216645
278963
103448
204272
338826
286317
255655
195678
157474
330370
111874
425243
416478
388331
314352
244987
120556
291208
322336
192539
155481
323316
241937
258389
222291
434785
153691
101469
425049
335277
223738
125699
115718
188249
350175
124713
147276
414925
410354
318696
230420
413742
286214
186963
260111
106667
131561
140610
324925
151054
453972
222565
216386
205097
250834
131867
192186
358317
301551
222903
272929
256259
233550
309586
333880
200640
243041
130147
294570
337334
228976
322713
150848
181016
251200
429486
228172
450739
337881
252107
296219
189349
116239
116541
335365
391246
294454
205271
302604
342040
283454
254536
387755
343973
193313
415898
148418
140897
238764
256627
282431
250699
274878
353978
400930
175538
416244
116092
244048
189763
428954
291503
152301
390612
264805
402908
327182
180258
125640
173593
401118
176436
144836
404661
183877
374747
419367
118389
204540
414743
228011
330036
211674
241136
403212
244224
330772
206117
356893
219131
213797
130979
152235
412414
247315
403652
376478
214994
185077
235471
173217
443917
112005
152677
188845
285776
202570
281484
183239
267494
318876
234145
106287
405236
125526
150391
415334
455784
294356
456061
144235
287799
241023
273222
263696
256360
287033
381132
144908
110596
109319
318741
314808
257842
293346
308526
308127
257185
186240
252735
112103
222657
208011
217875
409416
362542
167348
396686
439908
319817
221732
224054
165877
123492
101825
194285
331700
416680
177081
434111
108996
445306
206218
105893
114107
264677
340357
316819
403088
436132
192803
179432
301811
114766
148167
316016
262745
266397
314077
381594
171830
381960
126649
365162
448926
183170
151773
178764
200688
152734
314574
370298
418021
438805
107228
156300
349017
317171
215847
132281
260663
161908
367313
365124
441528
272431
183483
309229
374454
291707
422106
218792
402630
121069
223726
419066
422254
327032
430747
273413
206643
121141
109048
318353
141589
307074
129954
151198
304414
335206
205769
414104
339877
352550
148920
177248
262885
179074
255472
409562
416475
184306
320520
269907
435200
418903
368637
419493
125015
439772
228030
170397
251304
108118
354244
399026
377277
285185
225244
259516
370221
337440
452563
306610
213646
169574
361552
445768
404350
249850
250446
214174
388768
130377
139022
451968
274802
340645
327657
209358
359167
414159
231536
431859
169756
307723
264120
162366
402413
135376
342494
267528
128235
102691
198554
211201
392380
444193
147233
454655
305589
243955
288285
276765
401138
110274
107262
110864
290420
346689
374446
327346
271413
144313
216796
276786
356351
417105
431460
190708
407654
211798
284605
106220
427915
311150
294877
177012
225270
346715
123103
167469
102013
438104
378615
115895
378758
392222
369623
380958
152999
278022
354751
380813
265678
347055
325032
445922
266732
167874
141776
369924
350879
312475
207383
147285
127721
396901
218984
399484
242452
218821
285429
332878
386114
173359
429994
112986
377418
447442
191569
197209
222576
210773
295765
346507
182428
421786
147491
364191
116253
449019
349407
273485
267409
437325
309134
231097
117940
407066
224326
164576
411778
368410
309914
302421
109146
201831
420927
349587
262462
114157
158894
302939
417110
211830
274086
108250
284950
311791
273526
231396
224371
240621
156089
441005
443261
225929
335098
413991
104467
301444
280848
255141
328498
377466
404812
330723
412821
310590
201402
158275
417032
244804
160466
420896
204023
270342
150893
410075
330413
370778
310745
274341
413311
237783
268861
377645
304519
418198
370880
107168
319516
237953
190286
292855
123063
432543
246715
162683
411657
325543
190752
202032
413294
312600
258892
432833
248159
399609
154169
398550
337559
415344
387711
212200
226408
454916
237877
364148
341174
213296
241028
194926
152709
276954
386183
166557
186270
237331
398617
359976
288023
323862
398539
328648
373360
143577
311457
352086
252495
456236
167481
338970
156412
379292
401752
127715
236151
105870
192173
359190
441549
139976
335219
232789
156883
199558
390474
361373
388659
179989
289594
360804
360170
443157
166015
217996
106126
284314
302653
263238
345928
447405
208855
209058
365300
254617
401353
285003
161227
355674
368937
363093
357295
152318
218679
140775
228477
330615
234486
304049
417943
237922
318567
378657
357525
103052
337989
445571
306606
219034
443987
232209
414629
316878
161226
434483
258390
350710
185317
284690
262799
274307
147637
119686
389864
341781
202924
408814
355824
435673
381311
130500
339704
355065
250122
127795
297006
379217
434575
324047
447898
288308
421651
102101
133717
373904
230565
452659
445641
193002
428525
117818
219052
124538
239871
417339
347789
114537
133284
251461
300281
213867
339942
155457
291406
313615
240116
455195
348697
328021
113439
384195
156255
444735
364606
283777
301469
440833
199440
206055
421469
175497
405157
231270
325836
365684
420323
429674
199064
325322
386619
443258
171096
263034
110032
215600
130029
453823
144428
236546
314275
206178
280073
328085
441888
287100
227816
451114
207104
276808
455464
306835
442630
180567
279594
245064
269283
149798
243976
206088
339419
229328
303441
422720
208999
101605
224103
159143
327015
163510
337053
449452
242737
389547
229061
196810
389191
416470
115031
376975
405123
436820
168950
323239
105675
351963
385710
341364
118579
384161
216536
310140
256504
179797
149014
324769
138309
302796
126865
222090
283391
146213
210343
432355
354016
419647
238074
212684
414614
259292
285582
291801
338882
450235
116074
363737
103328
160431
288977
387388
216047
181894
425335
374634
296333
114701
412975
435218
264851
166668
219097
296091
135559
441488
294855
229727
202449
407014
243585
168612
275542
452859
390297
167432
182469
322301
346310
356692
290192
207647
380731
180334
188516
350113
124372
236814
288378
243238
307554
234488
104946
192040
437040
421034
417046
317068
398080
153314
152344
319797
429463
196207
431437
362398
408084
356065
391222
332888
180694
318965
358098
210403
358530
403075
141729
367156
331105
195290
283299
225864
411455
350956
192785
254796
307637
113343
193072
103729
311553
229389
184447
411327
421243
325673
391951
331660
204855
299921
253948
363273
314232
241004
354465
391749
272743
104900
155080
137026
158138
304287
190866
320229
396228
157440
258577
301245
102354
455817
230559
109885
158803
341041
299368
239831
415202
209798
317714
327659
182374
405478
303556
425226
450346
226126
230469
333217
395031
365548
348471
221871
236415
107457
344591
296389
419128
258819
306232
231605
120965
203776
421112
149227
276590
233863
214601
214245
392356
104239
262493
141816
437307
358622
345340
131699
111903
370357
161987
127962
138383
297930
236404
130512
349728
163589
363352
345488
369715
148693
241388
235385
133732
336384
315202
439596
191703
111529
382036
291875
366920
208768
414286
139301
188439
243811
171122
288196
186123
241915
405865
300899
135330
118480
156419
426500
408686
423561
187970
238226
269030
217521
226430
221705
449965
283207
332872
138451
110703
216193
243113
256580
142694
106901
121344
363841
149192
264670
408708
302030
190048
387062
367757
315471
136295
316335
393794
123437
352656
219974
336621
404668
377169
120920
136110
207990
141043
455637
254824
453342
447889
213985
270037
448065
384890
178767
449404
193397
245969
276995
303948
282525
111819
396467
289568
319786
254018
195313
176445
372919
193317
268352
401522
305032
288751
167143
148348
278144
106522
345486
189250
185726
259513
175970
292903
432465
119863
146583
173981
133376
132011
231893
223313
171629
439924
304005
364386
357078
210801
305664
206598
206530
163541
377246
338766
159584
190216
303425
448740
351931
396245
197272
231254
438828
409703
127224
454644
325410
397554
174991
300397
327058
339387
385581
363051
191229
329128
194715
115210
110397
222695
299630
143851
338376
118415
175306
415451
236542
128951
341395
251140
339420
103720
344679
386893
355297
209505
364947
221992
428512
415906
336191
288088
148001
143883
281994
310358
118835
157680
167201
162377
268116
145137
407372
284883
374998
333633
120783
424382
400595
449494
349903
268603
378990
268815
295824
243515
302886
157753
404078
241876
420009
145882
150799
145863
391952
291779
354418
294546
278278
376674
125372
336226
181646
291926
228750
317854
234377
129208
119571
418334
346500
352354
142192
125934
226366
281058
413131
100835
341576
103372
126841
368081
447170
443463
449123
147783
296295
200245
121779
358144
268748
370481
134750
167904
381621
387559
355009
157454
209507
420900
215943
334799
409457
147688
363081
201287
221932
443059
138211
262485
378632
360045
452783
164427
352902
390782
241412
298798
265317
168850
258976
243961
265889
202870
353081
422820
152660
309889
224257
403532
145031
114356
243938
230604
214280
330283
281598
159680
306517
354498
149739
323987
436517
114240
135338
140753
241847
105992
146102
158903
419198
188544
290738
298317
320557
144813
102794
287253
275366
455838
301068
249733
216499
448978
184529
185437
271212
446894
260588
302003
176261
277801
244002
122127
444075
333121
114559
315929
113770
362611
349266
115672
268864
386579
404141
377797
245401
285033
292059
248136
316292
125033
427265
339586
453832
119308
308773
191572
208142
269636
407971
400732
423393
200256
403121
154145
254859
389835
283221
317801
230061
332329
229681
213497
302199
276898
406462
429942
392051
353824
427260
118521
239121
208304
373351
422645
330267
359415
106121
155202
281728
188205
119584
434432
176032
116982
117094
308377
159536
137983
337045
386544
281472
341446
444439
225494
264327
308592
431822
187975
178841
442341
255604
255208
158846
152840
121965
274753
341617
413098
135056
311272
332695
448558
424188
359559
326331
430537
247742
434356
447932
163345
273795
193818
225218
172920
305708
175304
313032
371716
288015
421962
447940
110256
203783
439699
402453
446427
214072
393221
404701
190358
125377
274532
263444
312832
233105
342783
151613
391224
292761
305308
388403
277620
256862
170991
190719
361770
406800
282445
183524
360215
261515
109108
338170
345743
440780
129991
328838
414681
163460
418208
254561
406460
289224
235237
407149
103156
247667
277597
268241
224788
436858
215005
148008
131432
112075
418635
390309
191739
247230
166397
130197
245654
357297
383815
219452
369828
423809
244494
150581
211811
297439
135645
234138
201417
226598
373790
322158
345660
263432
436071
378534
220836
164775
178185
350178
101348
226666
107861
409465
414373
421723
329389
288110
314973
205062
117523
204225
123453
408232
301693
262641
418786
411001
268742
105338
218946
142980
227337
411646
116588
275649
389712
380131
390662
286540
211782
346874
410870
440189
322621
310004
442856
258498
288520
216258
352541
295091
405374
208945
271897
375640
124645
113916
348188
171016
421228
424523
261502
168570
405092
172453
124082
103064
317452
188362
271825
440530
109498
260183
414828
275896
367458
347566
228353
431901
258047
122938
132837
413705
434456
372653
381498
337689
444541
332403
309671
250959
296525
289240
395030
206003
322095
312602
257501
299483
431154
408267
392867
330753
374234
404185
183570
301564
129134
416124
442968
160495
129196
364106
426015
250505
352239
106829
360192
246179
418084
378151
401912
316347
122486
217003
133961
227900
165368
304399
176531
265650
220880
183143
359459
350532
186204
412904
447418
238416
333010
322283
199716
101652
101963
173223
359120
236613
429612
241787
312371
407859
118257
387028
107515
291407
339068
215501
410738
354300
351049
124203
315973
409182
450670
384022
185239
327885
190186
261631
446603
149034
319930
402107
191310
260735
266771
241045
410832
336088
434537
394540
448316
243028
227588
218659
117838
374842
386789
346197
449472
408151
390627
245879
286914
290511
253847
137998
298337
273528
138588
159351
340742
181370
110301
226216
228113
379905
164529
416913
163051
384487
451796
422092
366559
211911
374313
408973
333850
311620
434852
201366
207420
369707
242176
198535
425080
283649
304439
149706
106772
389564
429403
453646
187011
242008
385774
246875
244235
151693
437192
190923
196989
223648
135001
141509
425153
301184
306773
424330
412343
391328
440488
213642
413946
425474
412172
190446
268802
253483
156713
196742
196621
452255
428885
253290
373612
264374
353716
400717
256157
265902
107078
289185
190631
195202
338449
231251
262975
121338
161454
390543
246982
178129
391888
215039
444738
290987
407013
233084
288742
355189
284566
278430
415940
144996
190191
292366
331881
248629
404825
387038
116765
261131
432774
371928
252068
189243
446918
238546
455522
292815
240234
366683
314580
403126
379232
412937
393996
286941
122362
168231
318748
310873
162623
167473
119953
134374
337082
292783
410119
145804
120667
402464
374117
348415
209254
272660
124728
159765
266577
345061
274990
104192
446071
201507
214827
176776
208411
221634
322011
232421
271259
373715
111152
189167
289633
104030
376661
278177
368426
437172
164391
396736
320847
363570
161753
245189
127502
193255
316591
133186
193857
337148
368349
444922
146190
358725
408982
371460
303773
368339
378448
271457
144030
171976
246355
217370
399827
355271
378911
192748
440747
438770
102762
425247
113116
284998
358917
308102
270920
144642
268405
354632
382177
216672
427467
217004
406015
304075
227735
439709
364196
233332
328915
217899
382076
102819
236424
107172
198292
414962
405581
302354
166927
429615
380472
125179
442798
206360
202835
188246
381530
291778
293856
205473
217179
265947
288374
209044
299115
287802
268863
175446
414224
439870
356787
168705
127338
134373
175000
114556
312551
307714
164387
381963
378744
414789
205290
214973
212100
372938
429799
113550
103576
268649
301343
312143
132030
448860
380798
173424
179725
295579
239262
118998
350796
220554
212764
232805
241090
331904
241057
394439
385057
305043
293523
398894
393811
267498
319874
123770
173878
364144
316132
399964
384660
306807
227314
383817
398563
134001
206344
334155
262774
372078
225718
288020
275255
433950
346501
148438
206251
204832
167709
227197
345722
443497
454764
319533
209309
351406
248181
187613
429949
326698
389195
297046
104232
380091
358061
228836
439342
210300
197352
290125
425211
287171
407019
258635
219241
139472
243618
195706
331792
424893
238735
336454
374513
181178
449467
126545
294385
454773
271814
207057
207240
247975
101704
220240
352021
169801
187602
149874
352853
113592
132947
382701
444132
401943
254777
448750
266315
260695
324934
198908
181215
260395
276785
181975
347116
339032
229380
230426
321205
272576
312780
230039
257186
128252
232856
325314
147926
239896
281895
427787
263344
171616
302682
294259
241260
171531
286873
182158
307137
171022
325652
179195
324798
281377
383606
265826
358715
235188
165548
150614
456065
256747
290902
319300
385364
206674
400488
125048
189239
140097
363589
208285
340803
345276
428791
425975
263723
340893
201761
302348
301746
159144
226104
357405
208763
387785
455730
304297
181148
187003
421102
396696
330569
121248
391862
401550
378130
123284
295552
337002
251242
202199
358450
446547
387465
189434
452735
446680
387893
347522
187815
431502
387535
154034
251646
123317
423592
131801
387380
228143
377869
394763
334454
419780
250288
197961
135332
187858
256210
429608
287357
129002
306596
221510
269602
449774
130166
204018
336581
392362
261701
257357
384385
291224
413835
188163
199267
350173
438557
364824
227505
288091
150296
192256
291756
382102
165010
157609
264288
266912
401671
184534
142945
285313
321482
267456
277869
347488
403183
242494
336721
210107
213224
270053
387304
324417
271307
339394
309358
332713
211607
369778
446385
104387
208192
351522
401187
421713
431514
114491
300220
359747
361803
236912
288096
266017
416418
435500
317619
243188
107369
169827
368483
196335
287123
256358
236288
212991
212151
118550
374414
107687
447568
308798
271058
319761
133878
146505
237911
328309
254097
110810
251787
412072
101767
267963
183100
169776
385438
343113
302197
140906
346981
327205
187036
249989
379377
403196
292555
214106
455521
233880
188420
360341
176057
262453
200884
305659
319342
226857
250388
249019
408303
451064
291330
365270
290854
258401
324098
215853
444037
300782
272389
179778
308213
196567
337407
180752
311242
330503
335982
431328
404499
334653
104782
366641
258254
227126
120948
238788
414799
203689
449349
239327
238707
351492
270465
163512
338515
414723
374248
318729
125412
376396
380649
449161
374222
220589
435177
251674
239855
264266
153755
384910
368935
198671
284744
256485
273578
114183
449638
205568
303382
455861
367044
150875
193024
273055
299085
221761
379522
153907
161992
352426
175698
121635
443880
230839
240484
334551
390689
158152
319165
408159
251774
308682
137180
429124
175587
250941
185916
346710
294846
172930
141850
327912
416916
142957
387478
127959
356922
448463
341822
293702
174951
438073
339569
137016
182984
266290
180213
133261
202412
157633
438314
209442
314499
221682
103653
177399
341530
436491
416219
303126
398768
213694
102192
447338
296394
347500
420370
454994
221390
299917
156625
205114
346215
402750
207916
208690
174340
370705
206562
273759
407624
159501
333185
333979
366593
159647
266473
370094
213722
270422
321852
330790
373785
332591
226665
146013
446134
411003
322308
232798
351479
351060
249680
144594
455504
379347
413330
183702
270605
175221
118785
172495
441768
264796
153848
283863
195791
430308
183663
450760
400349
395403
312865
314979
106698
375787
190864
416568
143521
176187
431402
326687
401766
258783
387507
164862
275028
152450
130038
213134
336815
284086
254210
432637
119493
443370
162495
238828
223317
266061
276500
211002
429206
157914
227920
231358
357143
103846
319825
281398
218124
317335
174667
454993
151097
164389
223887
167991
140095
315297
209998
111718
130806
137636
355637
282329
370803
328447
138368
277246
364587
116944
227830
318893
330361
375416
188202
269824
354784
228549
137760
367364
272299
404947
171953
236675
116610
251108
295039
125591
174482
381863
429988
389306
104783
365753
149114
275644
267029
454873
304864
346820
123139
100908
449190
293821
409578
169256
268719
194573
395807
432735
121893
183120
163639
150467
174718
423166
105877
201202
158537
201905
417139
400671
190418
163865
292095
165102
148343
345982
410012
146668
229736
143632
267301
386889
171249
130459
166493
137854
381247
245613
393108
148218
131637
258466
205497
194799
258876
242767
135615
217405
386525
438964
228006
213238
401037
357208
324096
428532
227304
335930
126796
173519
256965
111546
225428
370648
107043
436163
138943
450970
256945
425072
268831
422818
302396
403409
181685
155411
392076
292640
161390
369805
348663
286275
276229
437953
380161
228254
150533
238339
130599
402229
439607
431344
248879
139922
446080
223177
124571
181449
279574
304525
120397
397665
225835
158941
244261
241335
387659
314824
160745
444248
132154
439044
423824
128027
296260
312006
379026
272822
396056
131510
397246
210162
133727
281939
246538
305731
337340
196856
432972
321675
223224
219762
318052
319680
129839
270523
378479
296754
173348
189365
338677
204765
299093
117159
170873
408066
407858
242757
342958
342800
438569
146368
100051
297721
225013
307389
188132
250255
313130
311360
389235
241512
168310
298772
315212
177458
119166
397125
344782
129684
214477
309145
184361
350700
403477
388353
189549
218608
197884
376931
317148
379344
417906
251988
136215
312047
332900
247570
163663
191254
162727
179667
251206
371874
176325
195920
254179
272922
199043
247127
264283
391467
403245
349182
289126
160604
138218
390244
250019
296634
353881
132670
342756
152283
432635
447802
133919
170126
371686
336459
248257
389026
158241
419217
115541
203194
256630
420479
257993
435952
436580
251560
442925
232359
129266
190508
181924
337163
274735
317711
111595
144111
434911
442934
304105
270434
159607
195735
387262
115839
132683
447548
122262
184877
100389
448936
388841
105628
307942
107108
196372
362240
322920
219649
413667
295355
363965
413266
241069
229976
114252
179771
279444
430270
271044
382937
281432
220962
249504
314321
186770
129635
341902
278660
420077
347924
361476
455130
163918
299491
268635
430791
443265
311537
452848
313913
264396
256696
179545
260338
207788
142135
386456
274939
366914
169418
441569
306337
303477
433167
341676
249031
412467
298438
248496
278961
171282
233300
195540
418397
375820
303579
436349
349869
141074
198371
422727
205748
175049
282315
344061
351534
241108
265224
419531
235517
325234
142994
317430
146161
192051
111244
161540
408413
435382
426301
124996
270314
268675
374859
409564
252719
137676
433049
185990
295531
316491
350634
398263
307179
337631
439578
255444
186432
439563
236199
403426
141113
323401
254323
447587
219497
429819
286390
364345
359790
247415
379139
448507
350426
394671
295617
195266
453252
196604
119163
308942
105453
381907
101593
324427
140960
401570
382789
392715
346168
301312
257868
185111
255743
243882
102270
309730
296201
275165
234639
163916
365983
193420
422985
276189
399137
409605
250468
219005
283956
109160
185381
244382
292192
401957
320748
105059
278644
304765
192524
425683
422094
399905
122139
380853
417802
312156
428246
352684
363828
300321
260504
289558
378655
375912
377917
266092
422297
372050
222337
105631
384427
433922
164174
343508
446097
390051
426543
335293
354821
316001
184791
324267
195009
131120
122195
140179
359717
270199
267769
171906
309278
256863
450547
180377
117649
289611
298104
193119
321994
399161
320389
454062
195993
210417
214160
236490
206261
362681
176855
371387
285067
128444
325812
354646
333359
449121
421404
185107
400045
408567
141839
319902
191539
447570
449304
415294
210206
180563
323322
220229
170561
273949
154285
236187
242485
377415
133036
265818
287467
184658
161313
311094
304647
246356
134291
246083
404935
133437
105680
357697
414677
117306
337710
133789
246494
284019
286170
296366
378312
450777
374783
172211
269460
447611
311432
375224
329852
342892
414989
140278
169176
293041
100794
456082
104219
299518
442379
356789
307053
278293
225105
137635
390988
299475
399368
267064
157561
238574
104099
396486
280833
354630
103573
273351
186138
223265
122007
208256
272919
426095
293460
189714
374991
235687
276498
313848
310073
353528
414018
272443
390318
416508
144833
304095
107756
282302
369794
124321
192042
219779
448645
388762
180705
276733
456076
311224
262905
122106
266164
175721
346442
447145
196772
219699
229897
340896
331004
114817
208452
305138
405945
363419
362518
369742
191779
405869
120883
132896
272539
408801
188422
140061
317319
204709
142205
104708
239815
257265
426276
120444
199503
413615
311992
388161
359449
304886
441817
188479
171268
203890
280977
330847
163735
246847
172281
432524
188359
123898
372150
334874
249860
446840
181959
248527
444210
174600
418508
409225
351006
433764
266540
109669
211990
377931
427950
236660
346448
400703
131773
275410
232210
357787
231173
259625
276314
126394
111902
253885
315479
188444
421175
403186
426238
196295
330068
150704
237999
142939
340934
117779
148192
179839
115692
372013
390394
186664
107813
255571
354951
339318
284993
349943
145697
316592
314516
273341
442822
369873
361791
418880
245959
450176
229009
129409
232206
108425
368693
433641
435586
310633
241167
316872
314527
366759
402679
427346
341752
220515
405045
132377
326002
305158
446128
291084
117121
316251
251812
373990
340927
432882
179929
298885
396050
264349
349138
406717
439316
447113
384717
100780
171533
309988
302557
420963
187855
123934
196713
456033
188637
293782
265721
359622
232243
255300
154235
180678
222676
163624
301384
180192
284188
250014
313223
234830
302258
117552
424490
230036
328658
413900
104603
317401
269621
413029
363978
173568
330646
258002
366718
143247
160020
436995
377745
369609
453512
372284
250583
364559
214332
443167
146141
159349
141779
216037
394479
209971
113812
229690
299553
435695
268858
154597
235210
108402
390533
108647
213617
158751
173995
450409
218394
348725
131708
360054
269530
374670
351806
384276
322164
144037
438188
419583
254443
435620
304281
275195
354867
374356
353841
320208
135576
327675
293586
214108
311413
264990
352339
298824
404503
229423
369646
178489
367552
127568
243413
391361
234441
139842
275695
321347
107407
181530
385262
177264
296547
256155
382614
115435
245196
372263
286607
436297
335985
214196
204951
451671
203186
113746
362553
197597
437297
286322
317009
157494
406257
189764
396289
379614
329091
261327
216394
416197
245283
140188
262759
267054
333051
322783
380525
196762
392803
141935
429543
351696
383164
399694
149931
106147
154349
312123
104902
266878
274418
433007
275793
301476
224726
179165
349219
105274
255392
196539
184090
141660
396675
173525
203013
138330
350189
245249
157797
318319
150967
251178
216243
195807
233134
111451
430788
187120
307726
182659
401591
447424
289130
429064
191828
315496
182246
299165
101845
107971
168445
332641
109189
204432
226033
360852
315219
407426
383289
219295
259828
335505
320906
202623
107876
238839
441812
179483
327965
247692
206475
173894
215541
287136
337064
449115
311318
431346
205763
447012
119658
418918
168247
316850
135340
310410
449303
168044
299910
334009
106983
394627
253947
421877
203329
429766
383517
226947
273182
303322
165162
164758
216067
235969
235455
366346
124388
205358
260829
377400
222378
147663
302420
332528
111540
317763
417195
287809
124805
275448
216453
208715
231553
441221
229763
163985
264429
193104
118174
423459
346086
398913
136208
408887
245621
145454
130728
341879
391958
219257
181908
170378
420074
163990
289755
132308
420060
106777
177741
291763
289041
321855
327329
243561
157193
264915
422135
265342
217332
204402
313288
182668
434364
369550
278267
114237
284488
175308
282320
302506
388476
151873
281241
327783
144874
201266
184928
348569
317415
395357
115644
312094
303001
379524
206558
348255
287134
266108
124258
222514
379584
155600
404440
217857
189502
180896
191865
119887
393888
241906
369409
163412
441409
215676
226798
199605
320161
110867
190172
349690
120875
356586
371026
254821
329783
237985
171665
368098
235704
211748
417659
177760
378210
353183
373663
130893
344048
148822
129293
282772
347659
164114
404407
357363
245366
199323
193379
177332
195264
219393
348735
266697
180469
319312
106339
317972
450576
453059
408557
429821
236961
232684
176465
378884
171858
417586
224294
112807
102728
262203
306053
234095
212671
419721
381242
122493
236346
278523
215809
337662
298335
411321
301353
438691
274907
133823
438456
447505
357922
307076
117212
422655
242789
319981
240022
265944
146599
414612
315918
135492
146253
113976
419027
355208
227453
447288
140515
186250
396058
381946
339679
294002
100390
398129
411822
277460
146961
230936
439198
287675
229824
444032
210296
435957
358644
452824
119665
330343
209346
145858
242778
104096
381836
103203
443586
154899
268531
448672
265737
297801
137112
424796
200313
380163
412406
208413
139966
317233
408121
287142
358630
409710
252957
265345
101964
316381
141795
325514
328403
138164
265363
328289
302614
387261
181604
118301
121611
225486
235096
358382
229558
416220
232037
359837
130396
339500
299884
281630
361435
416032
166034
413952
446671
385258
204725
418707
108546
266515
259514
171127
130386
136953
440631
133273
251973
309959
357276
132803
438209
140748
232984
345710
223159
418446
130460
303364
249934
260927
115551
412943
366642
387630
151064
248941
214600
289694
221421
447452
102544
248358
164115
280109
154595
114364
336514
199649
138911
250004
435312
428898
204705
348707
323037
284001
409625
388645
339273
402535
431379
284623
244301
397897
362313
175694
315283
114088
337368
271632
243092
241204
110882
455366
193596
176699
407005
277208
241743
244835
117364
309606
119040
121616
178010
395686
428014
269325
217972
425169
399500
407492
184495
210259
352327
137928
158626
161945
444812
225273
208519
223872
412056
442390
105411
218977
183777
336584
109948
275608
348608
216792
273555
235079
302192
320364
320788
209407
148608
420737
411350
449358
137123
182456
197888
261153
389806
108832
336050
359282
246385
199636
321189
155064
254856
173747
285262
178544
166102
347176
205342
330519
454064
320623
219436
436842
386146
111409
239340
284851
433616
165982
383088
435994
186721
362003
207936
102708
396728
328373
128079
248859
413546
288162
175163
390974
453769
264456
291647
193320
343841
248757
380199
109459
207357
191188
420529
357461
106632
191177
185896
241854
392945
392625
422143
312479
255414
106910
243321
346046
193583
328612
231975
203398
141928
392082
412696
307256
258367
240167
160712
195079
357654
260120
208759
201758
355974
298731
429603
394390
437481
347421
326583
379282
303349
419274
163409
164552
352211
284432
312830
423099
221812
190163
119377
108158
334696
403758
248102
284555
202857
220403
106962
421822
418813
431153
409004
215095
376781
334782
258683
101156
318898
186410
215914
328525
222502
433555
228604
291297
193304
292200
320060
133199
195301
401708
151084
273853
100471
368616
367078
403449
144000
202448
333732
140371
138056
257165
355794
266702
310265
359228
342674
397844
437758
410247
106125
433267
357518
447445
123416
133286
434318
125462
281196
184854
245666
304690
419995
259857
172580
348037
246434
316271
252061
212312
417244
445195
422224
352504
164662
296362
352071
224592
195084
396519
310355
378241
279330
270040
257100
369038
407472
128061
360976
202363
444407
290558
257852
451476
103649
227175
357596
415674
355101
325982
140471
288222
306317
181763
396711
174374
211432
386437
305492
333861
110394
120869
332726
309389
404363
408451
380371
276167
183987
202687
263130
437669
399740
206981
276501
204389
222345
172511
331498
274185
334826
313374
395931
397358
200300
348730
105341
420726
424706
435452
316003
230319
144959
411642
146939
325651
169971
377324
219030
155148
126557
116101
235101
252398
197094
205240
304396
219217
336221
331421
433761
121889
366766
139536
455593
377789
455435
160936
273093
188552
219900
337611
323066
450197
149961
315779
234098
119000
302931
273668
171517
221768
187812
215129
253548
390024
210055
189783
330359
398846
274701
282393
437274
360911
333773
284705
325463
153155
339550
433288
439262
229683
144980
408925
307601
243146
262698
244995
358741
354966
368726
161712
394387
357691
168233
454795
442474
429632
425596
325350
408323
274134
288807
395382
339881
161550
125840
413790
422281
221857
181115
175628
332733
294585
381965
207444
143811
165694
193656
393197
323024
190997
353382
162056
232602
359046
229524
338257
178644
325498
267634
157858
228603
233555
105127
354986
425264
430101
142565
211055
391081
285641
120351
236334
296804
400322
269860
156319
216164
295755
330290
388672
245163
341842
210172
375681
199118
283365
276929
326535
289010
388313
278391
344321
224789
405094
289749
296442
293602
140030
237141
405877
444794
415959
204324
366597
411889
390607
102222
224316
424980
381357
273426
278076
148939
397718
300018
311793
432393
334426
299179
111890
181400
443009
228709
216520
314663
177331
383006
218367
151031
122948
112004
403606
327733
406632
263256
368462
172836
439884
113764
429461
256040
106702
306914
413338
386162
300218
415448
273367
251107
301278
438879
135989
105956
262196
155669
156799
431953
240732
199915
317967
303765
169559
227863
420456
390480
173634
277981
394464
363436
393651
444848
387137
110884
136865
260271
394518
307293
392439
106198
380154
437132
230506
391150
448622
218454
162219
287832
422193
410592
104522
184410
284390
425826
176276
196727
213156
283449
116445
115487
196595
265499
303107
115270
398388
144165
454336
338647
417386
339664
204450
427479
170852
340673
117472
258057
204068
251492
141070
118851
217052
108864
251944
440243
271027
351150
173614
141570
116691
288326
362850
383892
428957
221134
390201
386320
436590
358641
273089
324312
455458
135135
336064
395664
371293
348894
230578
234257
289436
239351
246806
261995
437121
326814
237993
240734
254912
167106
418898
383733
411868
171397
420604
437578
442478
123626
397438
211394
107208
342063
423759
422441
211511
204032
315852
118545
444621
124609
329375
235000
205965
225670
309288
116405
421062
385415
340998
215745
451742
222849
217506
451479
439858
275450
378306
257733
431637
195008
199337
226834
446329
406949
345000
401085
439486
309009
351972
169602
324120
407321
228735
397951
276834
331864
414053
428300
194072
371278
435244
315190
105892
122713
367073
256605
398740
187246
411775
448999
208756
386452
156747
304821
179202
148817
289576
114407
314069
136767
111038
387184
112459
256068
421798
227474
390827
343032
141303
387880
398042
237706
390168
211793
185219
255183
323521
141594
102332
208731
278408
452102
349478
202640
291589
292958
386695
420497
350243
248248
353675
104784
159747
213429
227328
438012
243933
252954
104749
280586
406756
110750
180421
255683
449345
395673
206873
231204
314809
229054
441692
141338
346389
177093
173226
258933
170628
149912
192837
284224
331870
423805
171769
266011
232946
302135
415131
159267
218696
416597
147449
150571
262234
177238
453820
153568
396171
134815
109406
372545
421957
296104
152505
241051
355477
124973
424981
400409
429895
437278
160016
357797
416232
398278
425675
303842
181343
161132
196874
273529
255121
241384
203840
251881
224641
176593
157356
343152
346778
206278
294748
393255
354127
212408
439427
301037
112201
174899
210849
331858
447385
382731
375782
417321
399301
301896
347434
222279
404399
412529
379450
105258
315439
327339
223805
349759
118349
236440
214271
454073
312745
270649
318288
166652
195580
167003
138883
235518
197966
200601
448752
282789
176273
452834
260424
180282
439043
378912
416071
235748
124054
300304
263852
141563
240719
338036
357029
342088
338063
114588
419602
376939
322780
387246
394002
445635
228883
346200
241298
187887
123364
358913
192132
253560
369696
445341
105384
297638
212057
227319
452187
216738
122077
277540
161693
252120
300178
455078
232143
182910
221515
248397
218983
217681
300391
206848
208862
390354
232415
375792
306630
444656
126303
237427
387131
206969
178046
325946
377794
233149
335991
261409
134694
211745
331396
444928
352254
241462
300825
350224
115194
145938
404532
279555
358371
148280
376171
452796
209716
445886
418974
314520
322352
129878
200235
185173
147140
115923
357111
181497
359956
116958
334348
222317
255840
291165
157481
218571
253723
313571
326187
232509
300158
433187
137396
237575
395681
396389
144109
318402
416591
395806
401605
112548
298894
359076
141078
226481
238272
165777
142668
316969
132031
162443
389084
272600
160286
212801
310786
418688
206615
131020
113061
408835
454461
168989
195418
126875
365213
340412
293057
328506
444199
327517
369945
363917
452885
350653
404891
144814
338339
200759
314703
204040
445293
416644
259980
159534
253125
125426
380400
359286
287079
217558
109573
433525
100654
328999
198793
398914
157354
114323
429170
343749
115560
411458
173850
377906
101028
367378
338385
151647
355242
404940
379576
266398
360208
325886
344794
345597
256187
174553
241386
159450
239235
315415
333967
380110
277466
288760
345422
239382
295191
379525
283023
283373
260494
222421
140893
454350
317526
323667
240676
318178
261909
169335
322003
186108
404228
319663
351118
342339
224107
445289
401239
438288
254214
304305
346132
177813
286578
195226
223020
199098
289979
197599
171107
231382
330700
186681
354750
240479
316134
430402
425073
365093
334602
307118
431811
198565
310561
230752
448300
306613
204638
235550
415901
199338
214324
266325
378511
181007
444702
314393
235831
324069
436691
126809
195344
415786
248876
261288
194009
220698
368690
312170
181081
229011
250973
122722
400804
394802
250894
432573
205095
290653
292948
450295
260818
317387
278819
339730
255055
338445
335917
255062
295035
309219
227627
228844
341818
171428
216626
190849
233520
158264
264883
171797
358052
310255
123704
190258
175541
263048
101158
253413
224675
211023
154033
148637
224680
163733
424035
454485
325737
265668
200528
375053
281108
281040
181718
187761
340872
122773
423291
335576
107264
266743
322754
207795
216291
179757
123128
228211
333063
245591
281587
424614
454456
121252
155990
106365
419260
140467
376127
362436
198857
219607
364551
356467
191248
111314
359346
375470
189646
384665
288860
341488
162912
375715
264385
328932
219687
236403
380137
219827
107237
116540
272050
248581
152457
193872
120493
401131
130189
169878
236646
399980
265827
306797
190254
196611
435614
356396
274997
138441
392215
420148
230428
347334
432679
452961
294382
208301
236247
454362
416007
320523
262406
276307
331432
192977
329257
125154
200809
251406
162155
358299
259091
454093
127159
235151
216070
228981
443496
114955
141168
171317
425708
223509
302663
127186
448854
302366
258440
246970
398079
213379
427068
128603
147429
265999
144902
214597
241355
403492
364718
113045
134019
290392
407103
116470
384580
146816
143574
129912
265227
429320
295382
445958
188141
181145
279734
275773
221753
396073
178582
167781
178469
167743
133694
290640
418696
276224
170146
102603
342059
324828
454428
335899
286138
215323
125801
145059
247544
347672
290317
342936
222725
272772
404346
176951
113395
350861
163350
116418
124965
135869
207180
375546
419253
163726
139325
231518
436824
382995
385958
376592
102386
300885
437762
313151
107169
271189
168641
148275
452470
194303
290494
356026
441242
442336
178765
251894
405884
190110
205487
356216
193694
358188
167533
389674
225505
217015
256911
369162
160368
222464
103396
260049
447666
359815
269390
189696
204861
297244
319652
456095
288377
146474
189403
151707
293452
419730
411976
153376
331062
417318
285096
178932
225076
298733
296192
378791
249030
138394
191543
141033
269596
299299
147187
103155
183654
103360
433216
355969
172273
327467
300500
395979
403403
252950
278296
384728
362274
109727
441664
271525
341948
103215
437419
286599
379240
337529
179539
262469
104244
177615
394575
220345
135314
113693
224389
352773
123874
335666
234339
222688
409539
346512
257704
143093
305657
325870
237849
166888
365759
278674
351158
378816
367344
116291
396825
138942
182960
279047
218662
222175
262125
311693
114118
187337
239160
191874
147035
187999
441571
126771
240673
441658
201103
148833
201484
451273
350124
123740
420920
208593
331594
326189
247160
306050
157687
302974
129974
165062
422694
266901
171866
250782
165073
436161
351871
261467
424668
146837
201299
381996
361551
401262
174255
372014
161601
327682
413543
303726
217838
346415
319853
197880
261969
148432
293554
311745
409511
339446
250165
359407
381440
213216
140090
314159
410524
433248
216787
273224
105361
176151
321014
198483
385024
356442
358142
444957
305711
417498
280659
149287
168284
256064
307255
166094
110711
294234
325952
451425
391873
435176
282091
370390
374490
379302
419102
205483
141798
177848
258574
115920
131226
357884
451005
184135
366456
178252
152319
167728
169044
244615
375573
115546
329925
336325
255213
302010
396933
185300
106946
270736
363819
159061
324292
407723
135922
340166
241874
297735
204461
216683
414878
141584
113871
116890
398604
380491
177152
308344
118245
329794
379433
449478
136657
324948
326837
336037
351395
250987
359193
111365
115391
253899
108232
110680
185133
269509
327034
285093
201438
265699
267618
402831
194400
317223
321417
102834
219440
147574
177121
267356
219109
314450
237218
294180
244009
168535
184913
103701
245176
375617
343086
141726
281738
144736
253234
335302
425163
313588
243653
207773
158297
220504
438292
243624
373495
318188
391758
172428
399550
381719
260319
453794
333684
161703
290686
382341
436569
223857
109833
259155
304328
187322
351101
197837
449870
394968
363905
396811
451281
198705
409399
432536
309908
297177
339215
402713
305017
197305
378295
268810
297736
227882
398442
108114
103470
339927
363969
419615
385507
428545
164440
252241
304407
184247
336972
351420
282626
323680
173425
397753
308327
329206
396455
307303
140308
358314
140916
445683
149980
390178
348263
349776
167705
111268
353077
384002
451019
343817
336468
212470
281797
117153
161392
170124
297301
356297
429153
168259
379802
176185
300694
381509
403865
267138
365457
448623
198832
199171
193503
316145
119403
274937
368191
135039
181921
218290
428382
434171
185821
107091
159320
373082
348323
142063
146511
250033
230893
136947
302581
210136
420783
399825
404354
171651
266267
168987
306504
159532
282419
239118
324902
390188
340793
403401
174437
207241
314546
341463
190318
137258
371615
274012
145067
377802
448840
125150
172944
393742
183970
225863
164454
174298
304269
252591
251139
397369
412473
255722
360690
245035
219993
368817
408422
374457
417688
345504
405804
358470
333811
216959
275420
205321
345226
409032
447728
367908
224765
448260
366183
163342
296356
273218
367345
353613
189809
286657
194778
426762
384479
415477
319739
287597
261570
425147
261442
360790
437239
152945
294024
124991
114260
289621
287017
357450
278474
126532
196904
233056
321270
245733
360232
378272
232673
200334
318159
215878
415495
322312
153251
384853
306369
367356
262231
172011
440457
158383
107290
449960
156168
391317
408139
203664
190054
210808
158975
260999
397365
121331
317938
284029
208296
147825
100196
452924
214545
345744
181596
137664
134798
383856
356871
307265
182847
163679
287062
387116
140740
317044
144790
375873
365993
355128
345447
402232
368056
127190
238744
127225
428971
155025
217255
451195
405040
419855
175729
323126
208577
322715
331050
404082
344735
149870
383469
238551
153073
325867
133702
274340
150859
257728
172673
225952
402239
197957
271424
296899
200692
292979
395564
313838
124370
332436
266318
421016
278312
419878
321478
278173
134817
219066
103831
438485
110665
139123
341159
160554
187173
292306
237639
113200
152536
237420
426013
441069
159125
152911
273383
134830
288615
292391
176530
203287
304003
291609
221289
151909
433339
383487
232537
380546
124515
331007
213217
381791
346521
329178
332342
143054
169501
451561
313498
116696
190892
205742
385420
107537
441073
399629
339524
148830
413805
292829
195056
403176
196859
311379
201033
165116
386567
413169
445961
385685
300902
246235
314180
237908
368016
365598
310867
455292
187909
453996
363396
214590
425816
260565
414408
392816
136358
221748
247794
108342
408225
159642
226726
285949
284476
418784
118775
148170
428075
225133
255004
384014
315062
390692
182782
194997
370630
154956
335368
233529
253632
436585
170068
250923
269331
263376
263200
236971
336618
112912
251383
453002
291276
417284
427528
295600
280520
338689
130072
444006
201646
327291
300980
144204
272735
323950
225986
116975
257054
160403
309330
128281
217324
142925
351661
313584
348688
231623
151204
377232
251296
434068
233610
146424
365618
210848
298577
377544
288681
133545
370507
320697
336163
393166
396571
437705
321489
130617
304975
266957
157818
169097
311197
208363
172246
397015
296210
386169
259901
127540
311119
282526
393705
195437
404452
323867
379135
426625
296700
381775
390482
167570
306455
342569
226019
195638
445868
388943
318549
271899
303505
304896
347339
427547
185608
297961
416074
319438
194960
233053
365599
368054
399244
253756
187705
426719
395354
362057
389834
185887
371611
454148
153683
427613
349327
272876
104614
344236
161068
191183
436774
145145
444487
302399
189657
284004
195936
379961
154245
320938
323461
226429
385015
399995
241558
294749
298411
301926
328326
388485
248237
176737
137241
289657
113905
449705
366474
142362
229446
166268
362535
153655
217551
380953
271245
139257
127234
438835
119890
191808
266639
134088
217542
176508
210565
245519
155563
310024
401088
198286
129544
138259
294318
339698
187313
322813
117014
398931
443450
351518
253490
435987
452070
190842
139460
304912
335596
154576
110384
186442
202260
395437
395347
313546
120615
331544
183161
348278
129845
112440
205023
405986
408594
100377
402866
363664
378183
349027
226026
125897
134445
395878
357285
247187
447490
367705
162349
442535
246803
224411
344983
445817
253061
168035
311867
108459
235343
178685
449623
206833
288286
324273
400439
436760
260144
116199
329672
163982
167174
361620
418134
337356
348933
220251
392005
445296
434665
195410
284849
300326
405450
332336
383761
298559
219832
238823
188498
405186
198820
361714
101437
389397
166575
379255
247099
397392
257389
204620
432904
220849
260306
117899
128890
347383
320437
408002
127058
378598
192595
148963
160113
289151
407821
230282
375749
110562
296347
439972
295268
298935
101553
240007
352168
165688
184134
128488
310814
128265
142572
144330
143044
203046
340938
383512
315502
243516
364974
401325
254794
125935
172668
428650
211375
288418
380877
349547
101787
451298
249988
117846
442443
193239
416353
128336
332427
334976
417899
322559
417058
413959
200186
116326
215170
382368
211928
360271
431654
364169
280554
300780
300677
192077
285180
220839
329430
261008
224338
414437
451306
256488
361930
154874
249044
236526
146716
433687
388458
204156
425003
299385
332100
441693
400578
122600
363795
136671
425342
330773
335284
191340
440890
316967
173200
198301
254828
256778
274837
198357
166207
228924
296753
275189
445119
152021
109177
372553
198804
217960
357617
205936
327670
304571
365628
342565
141023
330534
372076
342263
447526
132710
251163
248205
411773
437837
374947
234787
116058
426607
171575
313876
369516
425930
407977
420933
342079
179324
361597
311857
129904
250944
426644
279224
386492
336612
109381
379060
448138
359767
316886
387218
227689
429214
171296
250763
269477
267267
334314
426097
348252
178905
348846
338021
114429
365165
218589
328380
166125
192306
449228
171604
416083
283394
113759
192197
289020
205955
171890
273442
398016
155644
306471
393004
439259
165952
186028
121777
209946
290311
123213
362592
352564
434529
251478
187992
431975
297071
211516
131638
225945
150188
260011
303934
321562
421022
382246
373391
404885
211245
399520
342101
115060
330172
198641
164998
170676
427868
401402
397529
304294
358825
439511
241186
130276
445519
241531
201964
347248
277083
426258
127942
235922
345176
276555
405474
401084
317361
374137
301223
145514
377407
222521
330407
296834
371420
427402
372515
100486
277707
342352
325707
278747
382427
396109
263842
253259
142082
253103
144433
377814
156135
116612
374839
148439
375963
335238
352470
148538
205089
321639
225429
118913
385554
332109
285958
188842
373865
244712
359398
336570
187227
392169
351960
384444
386019
376624
191972
172554
177151
264181
345920
355188
133821
212078
101706
330446
236450
397781
135417
387576
303519
259007
411684
216577
346724
438603
278383
443702
161566
159557
155516
366086
132930
193306
410631
370454
339189
326237
137659
205504
113792
181334
157102
220241
403904
391848
237808
337290
188038
281545
133813
173081
197523
245041
145742
113363
256233
362230
132198
435387
362241
416616
179254
428437
282759
399991
214203
209867
360810
285564
415661
264902
313890
279620
116111
377956
168674
274266
234146
414728
359930
203921
131751
332655
188916
325448
303608
293233
128168
442985
147302
360916
184717
275704
259055
146125
223087
389574
283761
114747
315463
247977
451416
396516
266963
296956
255095
353962
239813
346566
211401
450512
315205
428875
123872
148243
210463
297262
335702
251694
138981
332613
192664
188424
300636
363476
378976
454084
155300
111517
193052
406788
373728
401247
358743
310136
448293
423705
335721
298356
371213
260213
274838
256717
284274
296828
206022
281969
117210
388464
197031
182780
434908
290869
197046
130970
187471
216705
234921
134007
331367
169041
368624
276025
245859
445336
186551
221672
186752
357365
434066
450363
318010
313030
401146
189704
447370
105451
370423
333326
419287
197634
342275
438501
168804
248975
306157
436647
363486
191027
206844
207924
107967
236390
366713
418619
101326
213124
305817
409349
105256
125097
163334
157621
156838
322502
135342
215350
209629
243617
270714
160556
432456
270418
452996
171078
375704
390848
110778
178802
336851
406729
371661
328414
425029
203203
109304
144766
352031
142845
313094
127332
410253
366878
420938
289513
227128
124962
158743
140038
335066
384302
381266
207923
205180
101273
267317
190268
387309
380480
139664
157898
245695
281977
271468
277790
367690
164221
165680
306027
355827
180253
406821
285724
222790
197476
396697
143494
387150
239682
307807
399601
377501
198697
176976
101148
251726
349121
343405
376629
384432
352944
225127
312427
315510
296975
400612
100635
392043
120082
256390
448085
172871
359461
168945
402965
246447
337424
195231
278250
195223
362494
193361
313263
261780
137599
148201
139579
370281
438361
208555
248377
102283
344625
440368
433323
174557
180729
237510
436622
269099
419998
353964
123577
242074
249851
269021
119520
384152
277922
266209
325801
440469
146786
391440
422641
107411
304940
413302
274215
100022
388474
114744
364441
454101
351510
389990
406386
120406
275960
250043
192267
409824
245167
257529
184745
358442
306411
454389
437024
106433
412531
437418
229830
165502
301923
371056
334113
303123
362644
425561
207751
133963
147853
327124
264332
260807
338330
180996
103269
108512
299072
406542
297728
378781
216643
366126
148444
198732
280790
249069
366739
167990
145164
363662
400920
331910
374639
153576
371511
253058
280148
233321
351464
101536
345374
224875
358980
249517
312621
342112
113647
336785
218315
388027
238715
191575
425674
453723
340204
361909
242950
320962
130958
367925
344844
153917
375509
150797
309314
343629
374834
275264
121547
122433
375260
367328
253254
302615
286994
214580
451213
416727
430829
156591
402779
329761
437332
207335
236426
156169
243352
255767
371120
151128
281202
299120
411555
435340
193377
325401
250055
235246
452149
275636
233599
176819
182640
215479
224057
329362
215049
228926
223652
236534
112192
323357
254538
286619
295084
170187
453667
206400
153356
160171
255266
125609
252247
416343
269329
154619
269088
213861
329314
116169
323747
359097
357586
431300
422117
389513
242283
324671
259969
129249
115074
315264
376913
131212
273724
200191
395974
223622
220040
149112
453440
279552
180981
430904
367059
303008
408367
309940
347917
219418
230926
278034
164850
200452
154050
324057
264777
268959
112066
346642
387400
123036
397061
353544
336404
155859
271881
172393
137810
425160
307188
373693
309100
426513
408382
420099
362311
412254
292237
291378
204759
283735
247271
338782
449118
423049
225758
329496
356154
150840
398847
260686
294205
379918
182398
351301
148576
206182
200427
374973
345645
272368
300252
259252
314799
359667
260187
335607
218180
231824
375543
422986
319276
335584
319388
163108
350312
325956
320102
261071
296049
322694
213664
241248
196438
333737
226494
426397
340322
109311
195191
185877
213800
206823
451828
166540
144520
367714
147392
112058
228849
184467
214969
181264
390302
193548
278249
250584
175586
410194
417902
265360
294400
373705
156919
146123
170476
386735
150940
398286
143655
389247
228942
411244
125754
210340
326679
155459
205120
195082
155720
224885
303663
171125
200746
199630
131962
432006
408843
411880
224764
321938
408230
119523
230148
383013
377103
149696
116222
337829
451439
399302
139443
109684
155903
256636
147081
193378
171451
167043
257331
151986
130198
190149
133715
348843
254923
207667
125129
343633
425566
255742
100304
140043
387474
254113
340454
340187
203636
420742
223539
323413
264237
290689
235534
258822
336674
201788
268423
135346
278026
162396
305641
143189
105348
456046
372324
236165
320005
219563
126869
280933
349669
237560
121958
172938
194943
295578
368461
382256
138542
432582
396852
131760
154155
247623
429241
309057
135968
114089
258368
202849
278228
116808
160532
364977
416193
451332
362508
202817
192590
144951
267829
275505
355553
171663
215688
147096
225125
234737
431719
156051
174246
230890
114571
161292
155560
453316
232607
343322
329313
419475
247156
186550
237881
382090
342590
225643
379279
314074
226841
234714
334294
431113
431926
328411
445342
219841
162304
444701
228555
229512
197733
428541
358324
249183
355186
183326
360937
153205
158270
424648
390418
375537
253742
450052
311882
288675
205186
179002
344802
216278
240426
430834
132649
222911
379591
143827
149813
391394
164648
371634
190587
116776
406726
288025
165686
331916
108775
399033
196045
429270
416764
227517
388299
437207
218683
289636
350335
141967
118030
291912
396582
200498
141444
431743
260244
361649
327079
387177
372118
122100
318376
377647
250875
291068
404086
415832
133614
334847
149378
404928
147519
169947
199552
250084
116501
321423
393935
145191
235849
371187
270428
398495
282184
101978
444319
184196
148083
249635
398336
207618
383649
105866
321670
300463
340850
304109
198139
253491
391228
105566
416448
123748
108326
385637
200108
310694
224927
193481
264273
280154
280515
279714
417084
257459
342845
330698
110493
226287
182740
370335
274122
370176
230470
372857
134743
186475
215812
347417
373615
293152
359361
265311
316176
228173
361879
260685
360024
139042
102011
337987
225248
222791
287655
338744
385743
164778
185455
155587
295079
261613
114620
374219
364519
166419
113207
181363
361303
416490
319958
329640
171338
106393
135279
366870
129561
352325
133417
237840
421256
417867
396088
200175
112084
181020
358085
139388
408010
247473
392374
341375
163466
438291
262788
100623
344780
434016
187767
368573
363200
334187
418057
437033
151294
403588
168262
432122
265433
335563
268925
419351
252397
180129
410779
363875
340089
209997
291793
442352
439084
378753
403326
331567
135149
273636
379190
130672
301381
337607
451514
271377
156721
128405
208059
228545
128565
318772
257956
245240
346668
191780
382237
207398
270684
266612
139956
168236
283192
249094
182230
397792
183707
294600
187551
400298
130417
191204
345793
298871
180493
352367
283414
426925
133159
112097
315600
349076
256185
245034
368160
405519
385660
177955
310557
101909
280171
416626
304658
454420
103055
181408
156697
316449
204466
313293
382167
167795
174837
106799
128353
173093
404090
227537
446058
206445
278514
422347
326783
388740
432916
201978
282003
314330
291961
116864
316775
211074
342575
161828
255548
156392
298973
116078
131260
316238
215630
272132
229699
327179
174624
231171
172654
265494
261810
383413
131358
257139
176163
193314
385469
278688
125800
351261
117645
246610
196982
282720
238158
181740
247084
208917
287625
331632
448113
445386
180536
309808
403531
427967
145210
400692
258535
318639
455642
279312
307013
294913
168849
133125
424385
426817
227047
174479
316394
102827
203314
279308
385888
398314
168238
455541
131000
175481
229915
444739
296761
118800
168440
333787
115598
348691
373822
153637
266070
402486
276125
258418
249545
100380
254206
388853
439589
180788
183881
234241
144380
317528
143636
251942
303829
146851
129408
394737
347882
106655
371918
216127
387591
110353
203710
455883
304207
207011
161482
154174
447063
306485
384130
402580
129445
165331
126313
343851
167468
387939
178884
358813
328610
246241
411805
291193
269287
224618
320969
140465
137617
148799
411743
452120
377270
235241
155212
175652
423469
127745
276382
197508
349369
202246
324783
277424
310305
444267
137632
441923
335002
398816
423556
208666
357556
412329
193779
230603
188076
106388
260050
208916
257586
366488
248621
303374
236574
163841
433942
155367
123423
160248
233525
274021
166282
225080
405573
367659
251440
437118
359744
222308
313006
387060
331755
263502
358714
312526
308201
213919
169555
425285
251635
192385
452465
299812
214454
328848
401592
390040
344387
179300
397932
162272
361216
290338
361500
348199
234251
281323
420700
319286
193594
209724
405839
358772
104650
452611
238362
104141
164534
181985
422789
398041
185041
286903
395505
255779
167344
411824
355279
246579
352060
128981
252574
150063
253941
211436
231870
184201
293803
403197
354075
336429
116410
354881
348167
173682
217614
242739
419230
327668
401955
418823
184837
113317
367068
117830
406899
154373
214298
435603
326167
350738
327995
288338
331383
373289
112786
273223
124662
220044
157943
168295
100577
107825
402507
212518
270013
241707
292799
400461
443982
155852
167602
147922
183349
279884
305198
170697
181211
255036
119713
388005
424458
403710
107017
361333
251042
188429
337673
332605
398064
228739
157849
208510
122876
312340
388478
190366
136889
364991
176939
175485
232441
212488
109753
389180
129320
290959
399331
229936
103674
213304
244103
185092
441300
143007
300268
315224
446588
429572
220095
172596
377966
408307
126392
430414
378439
260623
307115
320885
148530
115540
280912
400570
212681
308144
324657
214021
355927
442053
318703
280545
162186
308568
145065
263630
385822
133446
259063
433928
189212
199916
349796
273608
275008
376831
413040
308811
440918
257716
143685
439622
119660
368220
137785
242293
155961
173608
319326
407817
200486
440116
123339
286398
374018
419655
345725
215709
391368
194111
168302
320727
126384
391422
353004
335789
379719
282874
222703
215626
148718
218059
377283
121126
203993
397153
427275
406615
309752
176469
355354
280485
304600
129076
217936
158543
166670
176498
247441
147205
253436
158360
174942
363755
180791
420964
412677
422022
243444
261805
413988
253019
109972
426671
378097
233820
437594
256263
249641
294060
228218
131676
218509
140428
349613
259539
439227
450954
342178
125159
142552
324334
435735
240680
395399
295052
112652
259556
208279
194517
340475
360577
374563
259275
365000
287063
426915
446414
361330
115039
248459
268622
243372
297253
270176
318490
175966
329907
225092
348580
199876
157483
176354
239720
318039
310708
184759
295439
413880
179481
191429
361207
332599
453376
411736
217991
275376
319152
229060
327752
293364
133466
243756
403555
300468
370617
193224
255221
419118
301887
277279
249631
167477
288266
115256
343041
400135
408683
378203
253749
376752
353810
385672
434315
106209
282734
277514
386733
294792
161997
110086
201427
165275
142915
269821
243885
273796
381148
447594
230818
443149
412105
377973
100565
417623
229591
290368
100703
105406
369100
272430
284528
298750
395046
138760
274799
334509
139904
255296
115061
441708
326172
111444
449553
231524
219441
156532
212920
262980
391827
207926
257432
436539
205887
223942
447660
425090
407584
322956
186805
208904
127516
313938
259221
341179
389656
386657
131766
184676
306838
384347
436407
351759
352781
359444
313401
234930
428491
102666
328699
375900
224615
170282
322421
452377
222549
205106
377891
203009
201464
231514
325727
106265
402834
333879
398477
104912
373430
439580
255176
402918
190894
133510
146637
355378
444619
137713
265638
182065
277718
132026
122400
392944
308275
275282
394694
189998
313671
138464
160454
247254
356286
422725
378238
211755
377366
333844
254531
245975
265029
160342
237400
134207
425562
340330
431410
154477
128059
345732
251981
245548
114927
218356
108679
396994
139633
348220
186691
148405
349054
293459
271520
134510
295654
391042
119721
328890
304026
448911
372068
296905
334996
191935
306377
370465
363571
404021
407863
172213
385657
186242
216616
234176
160846
360047
379624
117252
348804
312690
109920
117730
278702
260397
410905
348028
203893
212463
341097
181652
383746
375345
328799
101103
357640
371854
426527
284700
310447
209678
247477
206773
219157
227464
272447
196342
228450
315341
262442
234352
259301
135302
295201
444633
173021
318278
129292
223170
185334
206345
425290
328416
386669
184275
416664
369478
282055
159054
323349
306754
434388
247033
451545
449396
218071
454971
198008
341643
232218
187993
157258
249930
205427
406274
379902
129758
173600
430417
362184
183975
365214
343832
282351
268488
442228
186703
397678
437292
422425
295740
333287
227358
415700
277512
122438
113667
205516
130691
280077
302617
179005
407403
334003
291660
318881
226315
440295
439350
439091
286904
149645
417089
243915
404182
417469
236706
425047
449164
140130
342522
355053
431984
369213
238504
140391
388440
206889
265646
454328
388445
181592
401271
378072
358691
154097
215524
292654
359011
377877
214801
106665
399201
103411
192246
175126
223148
428568
418274
421893
162456
330116
417557
157167
265090
187669
187198
188071
373649
309596
145702
397059
237013
435907
317306
382799
211517
271223
359985
134042
409609
365710
409683
304989
145732
396717
402440
174646
378644
380292
269615
425978
141666
332341
333754
259196
209150
417239
190319
436571
410947
207421
191393
254546
264881
320770
432755
446734
397382
396272
346088
325957
381230
267120
221913
165629
242849
100310
268369
101558
188866
189680
124094
362176
164847
320524
346209
146578
270477
138909
161356
387837
245903
156013
179502
229265
114244
237130
259740
395906
194048
116701
245663
154693
328938
164679
334448
320497
427228
450256
262270
390716
278017
435339
110611
205891
310551
159871
309687
256857
286328
316655
199684
236791
440226
448134
449406
437378
187570
173479
303675
451396
146901
283644
235145
227064
298249
378378
157082
347251
336677
229654
107770
194020
256820
266485
385834
404978
404590
159826
305800
122097
171292
433436
120288
254292
105950
271146
397479
431740
400255
230462
183396
293164
414213
370042
150206
296602
294245
430658
369559
170685
151808
174548
199031
439183
164347
298206
133854
327848
140784
352356
350329
303896
234179
102229
131756
193953
393590
220671
171038
342734
171633
135769
201980
204820
295447
240037
154400
223522
309026
266691
429462
125862
247541
418230
183780
373860
121352
223500
346575
162773
188201
445718
110016
127212
245899
273471
193269
204041
326699
191583
130247
433587
158505
354255
324231
404258
452097
313255
379173
174770
401317
359759
415368
297904
437964
176581
125601
278634
215056
143746
247840
241646
223924
279255
438251
320935
130175
108062
173636
294329
165639
186050
377410
308273
158611
225577
107903
112666
351882
120906
373318
232932
154363
437501
302260
276588
366381
215585
392141
364246
447730
272510
101069
298732
342207
338115
271774
151886
192614
137648
254574
110165
454661
363383
328070
255402
274277
193221
302851
381384
254074
342268
220247
225181
166185
158749
135371
141059
112437
373675
130993
416142
107650
375946
280286
448836
247024
100923
164426
453647
393389
348347
373627
428296
195479
294901
416909
257612
267152
150778
366006
444142
312922
199718
212617
425929
136621
112668
179518
194006
363459
237644
354366
357580
231517
346604
390364
352900
273362
424178
406581
428356
228340
364281
340733
210603
306370
182288
150701
123149
208496
237802
244148
320320
407641
336369
410731
105718
322914
247470
370366
438021
212201
169071
231438
390536
318491
422942
104607
400808
414304
309110
160137
282137
179676
433161
123971
170604
323006
409915
192865
353187
401694
204234
346833
143989
101491
100284
363091
195853
191055
192813
169258
218778
408564
186015
104338
211841
183837
296126
111397
424622
400728
116293
130372
290102
392039
178490
384213
416836
268728
328977
249296
367825
217787
177609
292322
392483
341012
111875
246104
280002
204801
153212
428752
115498
171721
376943
176520
372066
357067
372010
352007
283626
280160
173261
331548
129344
273576
182442
406092
371214
261178
339732
289569
228462
445615
311944
271571
299409
378868
209668
199948
336145
145141
141722
129056
171794
234784
297864
143709
120739
347347
371749
142902
119476
297894
139793
134756
104889
438962
350485
209256
321386
170216
194830
286616
209642
232592
403308
323375
242577
364026
291704
397286
131532
218273
215372
377053
232499
261606
413840
382299
199390
386008
101463
312092
107995
185736
341930
365810
433178
326560
286872
390534
404960
113167
277030
160960
228817
297914
161004
319985
381313
447358
449885
367726
333717
391508
427366
334181
268492
123921
279360
400387
258288
374542
423317
443444
162926
136669
215795
369470
294533
326416
299350
414781
168099
387897
348966
439412
409530
125433
262476
182710
125700
106642
387885
143720
419413
268243
324019
128398
116566
336653
337081
452912
454803
201210
323762
196730
295556
310718
324835
414808
441583
172931
301225
177383
323277
142476
290421
407054
371653
153684
173674
454567
392332
329318
413003
183209
236322
138270
118286
153670
399704
405303
426558
144825
420023
392326
329868
185679
427445
248949
401675
326935
171696
302880
455534
334692
444961
254458
360820
438015
259104
232724
409893
154517
157865
188537
162713
156060
117785
356530
416670
378855
245021
361079
213899
195406
407195
149008
416132
211749
163792
309408
319187
267142
364487
129820
376997
237612
424565
291294
136728
288319
285775
403193
144043
108404
153285
313512
142494
258602
325434
301193
199918
161935
288563
103545
210561
392412
204124
195538
405115
208589
228111
199726
215798
215588
310008
147608
414766
146296
281523
100153
166061
340770
274552
256094
117099
321995
340997
178244
216328
421771
108471
313945
355130
309392
231695
248612
444775
151415
237975
265528
224210
304809
351690
411679
101586
452855
273590
411905
344810
360088
186872
221020
357911
257043
418201
266328
212559
334937
204932
370195
380251
396207
142133
255358
413507
337942
408941
184692
316899
398392
371659
266933
341270
116736
268806
445568
144961
318771
410589
238317
115737
207519
311286
406916
157932
171089
361479
126148
374342
341968
352110
282336
313626
112984
353656
227974
180522
383214
211692
127657
448992
362960
248657
397939
164097
266723
162270
110390
250012
329080
206434
348321
241826
400414
372253
277891
222126
210660
313092
200649
234790
374046
210266
134957
288981
408609
117885
107536
298592
442358
376453
401509
265236
227349
159935
109954
198005
318544
429441
342646
372233
296970
337036
381637
265725
177590
253877
379946
113249
316144
133303
368252
456214
340149
335876
322436
324234
279291
188963
202065
437901
378768
185426
365319
394710
446926
138740
152682
277434
297800
196184
187412
270849
343670
451291
436292
392155
387990
351449
375666
116528
435136
306952
155849
270559
255276
354034
332609
376408
383255
274264
208591
289134
368407
338081
412064
397906
277658
348668
414095
251637
156785
333440
191481
340040
114285
320350
244249
228407
175188
189817
128730
180952
153102
173619
178877
102140
213175
359792
409758
414546
251875
259233
259357
336475
124061
113157
117944
151307
270125
336556
377583
289337
150677
213601
128925
177165
236178
402716
246316
108119
229701
353678
270228
308728
266911
239901
365547
348120
143476
128035
190119
349008
381490
223043
450609
358661
440667
282082
174346
326733
215271
197846
122914
257040
192110
299625
238802
169466
316420
329785
152814
157336
195194
233753
283946
135385
354019
288180
162951
442760
222866
125751
263161
403736
301758
343057
226120
412002
233900
194614
275512
173174
119904
142461
423368
406102
375098
350476
324236
314655
255530
208574
331394
413307
139939
341907
183803
435991
184737
148225
255834
149530
372123
169713
140029
387622
356815
236015
233470
114770
236478
218703
199717
439406
208306
109641
376909
425676
161146
119941
318303
334478
249292
208640
212386
205737
213668
387427
367772
248450
133827
284302
238205
356532
417509
108859
316239
402550
258199
258831
416136
272977
452164
237912
199306
449898
290521
298655
447027
391379
350923
307898
167973
277249
323293
397841
290373
302240
167281
156347
250651
120384
392921
241589
206540
403166
269855
412934
434853
263487
429159
226964
345424
392226
442112
155102
159080
185836
391079
233971
303750
258618
235728
159956
411601
400402
303577
202212
444144
374686
122003
440325
397835
374645
335609
204122
177555
273878
301900
326637
102567
447871
153505
448449
310242
176307
143098
282684
270652
292243
151132
430557
339807
248008
195989
242988
428676
335858
363559
203432
337013
179297
301102
267871
135638
156668
386729
427286
126919
437747
416891
176228
339531
117355
380331
407630
124234
332478
399333
237242
302836
181301
213787
202453
262133
321384
304203
107123
105739
340141
304672
301187
244980
151093
317131
390353
277129
293831
282616
290501
239854
365779
341098
268350
128663
206202
246825
389866
366338
297926
414212
162214
144674
373509
322068
285646
205515
204488
406996
218197
112237
351044
107516
295323
234868
251016
201701
188476
246271
316291
247976
148523
421318
351481
309767
214002
141244
133639
325099
340493
236684
258436
202804
384468
336591
239272
370492
374948
163582
339568
208122
192325
420128
321593
276490
382130
409573
243174
218895
183171
376902
283010
395070
440742
393170
370851
288182
184514
400140
436952
232031
194655
252139
237681
146857
422657
101910
288140
279289
395226
146318
256289
337005
132067
253886
281119
320797
221650
455355
413171
366513
398073
339062
301276
207627
239503
110180
250452
372790
183408
452294
176443
391080
402324
453801
321604
452947
455921
231878
172222
163798
341945
280474
168200
333985
227717
444083
373718
396018
118141
102496
185652
259201
365233
280494
317016
442134
119561
303763
229994
152613
129662
430250
232808
167367
290551
266337
265073
365691
139798
332619
398168
370872
174647
213885
378433
173252
369347
251100
375078
106144
423862
114624
134030
166892
153572
362943
227793
326396
285540
370444
453049
420540
393023
278433
265713
122308
379796
370163
418715
432681
132363
281989
391002
129310
377131
184068
293230
256807
424295
442604
179107
260177
398072
142964
220576
235209
405021
404965
300785
390207
145029
191050
265444
198593
350967
112963
184577
445740
376930
443422
103466
372394
437557
248065
283814
370739
209632
161622
165897
279479
387842
156501
323876
268367
156510
397431
248907
206298
322778
366246
141630
151445
275733
364350
386997
318601
378159
148774
384595
342571
145928
250129
194097
392701
184383
346204
389649
370633
274330
105031
455657
265747
445835
250461
359841
413666
112382
206164
110836
167661
276770
294896
116635
290465
373013
159185
293536
102194
135505
110499
350151
408848
405277
433149
281390
364976
198016
298185
170649
445388
400254
155454
144923
360766
308787
273262
332474
245963
210456
352406
383498
222552
233573
292087
345219
191997
184429
370111
294098
362866
348250
273537
163695
227737
433265
173877
352422
371967
437242
252239
261682
229634
245409
379368
420818
387168
234323
232645
212435
239498
348607
205310
137039
343534
341619
311398
289377
238866
194159
243403
314966
311629
334885
340120
361846
397632
252812
188311
343101
172740
217655
365815
269969
116261
124873
306501
263068
129137
147440
214243
134101
209410
130591
434506
453166
233357
441001
206069
191861
238325
370141
174877
106447
346124
211675
174921
188494
288980
405426
343813
135395
115659
407853
213293
356195
254046
227275
224401
423654
416924
144463
417048
272073
223450
406042
371052
232944
106461
161246
153705
205296
313708
248615
208870
330598
225916
400396
382200
446021
264496
202567
373989
244317
202369
107069
211772
434043
412868
403987
289137
170053
170005
436453
325113
365105
255409
201564
385891
114233
409952
387620
225848
408644
340478
394226
362823
393593
321444
317583
310668
135599
411604
299781
179029
410056
323965
161988
429179
254258
200717
417377
322632
152800
255837
253547
162043
176333
285570
212095
336192
331583
341252
430648
354950
188146
202884
244113
157761
190335
402584
205573
392070
431076
444895
440260
107229
305877
434075
274135
372311
103505
180394
316852
363061
447306
281481
247669
284306
404052
418552
286071
406261
241911
446451
285791
334633
423554
164100
345161
251888
420932
309374
287596
226358
295771
348929
431098
120061
130391
151936
244309
367437
439577
437920
253199
434965
359501
247542
344610
137774
371153
174743
397572
227234
424662
265008
282085
410205
320370
284378
248709
340795
146827
101178
168045
180638
141559
174217
184460
127731
324570
292117
161772
238708
373234
363162
339365
249218
170528
209890
216848
126369
286282
229783
355728
236043
140368
417715
181070
321047
270927
234155
378886
142559
148399
159463
334337
151775
440914
306954
360808
109687
185596
383137
132380
317760
302636
390057
247770
294268
258183
368913
259107
315536
449849
448586
321752
373017
231035
139715
326883
165122
401523
136247
117338
213751
444638
144513
227612
341081
164393
227622
352502
369562
243800
195733
247050
346072
106100
332654
124468
343047
418407
455915
273188
280488
251755
202592
389425
191343
219901
340346
173165
272052
384265
253143
192986
146582
254438
384041
235387
107133
383652
443502
398474
381078
327332
131075
293879
312242
438411
375982
426773
193425
248117
334496
154422
161849
386653
384777
134686
406037
339150
435337
398939
152095
102168
257163
245015
374080
406582
292909
305147
124276
383995
334242
147674
408202
446864
297560
274007
446162
229646
336981
262871
185573
227244
345261
263075
196571
137096
265294
121257
112703
177613
120644
175949
155570
121221
127459
328569
324093
324336
346943
152781
153106
239230
343012
413512
105165
337065
395776
420139
201493
234593
207443
310803
209227
244725
446161
286709
164459
129228
442196
215888
355760
247822
273071
251614
194793
171692
385497
276510
181874
118798
344086
121507
258052
221334
415229
301046
257615
220575
417857
104967
271111
437384
339335
383482
266475
240674
441098
442006
341795
367756
142856
246685
299601
284083
185320
147685
161264
319620
397818
287147
116081
277123
201696
426536
231959
237548
262095
159637
379053
194074
293883
306246
261305
193698
110230
336018
198660
300344
342577
262505
253633
261127
319656
258913
453018
265163
211101
163548
195268
259643
318468
189737
294746
137088
285271
390393
229308
192248
283801
268560
101272
369680
186889
229483
444143
318087
442762
393153
123865
427788
319907
133581
188257
126942
356574
258294
211337
390110
332750
320803
187997
297610
248872
123946
312836
116841
147167
323092
225191
377613
399262
228026
107744
335556
366590
373314
297489
438321
130316
242157
114092
327143
266218
177256
338433
421719
292044
101473
349353
248969
275239
366137
137221
144415
398406
138997
393620
406564
192566
146608
310588
210720
310139
157404
244780
453444
447453
371479
306238
188049
261774
449666
108558
159561
246280
245109
149030
306539
393102
380426
123694
257319
135749
386360
127744
145114
232555
169090
134792
387517
190991
361332
115262
178017
391536
277433
288028
116442
219793
388814
289277
229030
262884
118132
310773
407252
203211
131207
444875
157552
215486
395461
200276
352727
421694
422704
158083
227288
115169
146238
242017
174102
163936
122927
276651
179467
279078
211123
362309
288667
153123
190018
103499
416330
423202
270156
426302
301462
240278
254332
385061
346939
154136
337468
133427
286662
371960
433624
209829
293199
168408
139969
218596
418130
145357
313790
282571
335462
146987
128010
422035
231071
416098
413846
403028
410000
372231
161508
172606
441907
176599
231218
455411
216967
387008
233232
266308
368755
430852
185015
131790
284156
189547
172766
174823
396568
297078
283910
238200
247948
262881
389998
388989
370485
120300
301535
129319
172339
455858
368096
361445
401965
242028
432732
346174
171235
414177
141879
206939
407237
310457
247769
362600
172885
151118
177641
308824
220455
339463
264358
385161
130816
432281
173234
428254
290425
287486
322933
207160
235162
416973
271277
234817
314816
222466
148752
100721
103926
266369
367948
309823
454814
334117
128192
453130
110008
213602
328501
233540
100890
380690
367985
293688
106229
254618
197684
113401
430734
152642
264994
359277
432634
100601
378140
450369
370669
238779
105398
192881
320570
325190
246790
455272
258714
377299
181272
365591
337811
316839
403071
146446
362566
145631
158134
381511
131407
421366
103602
363867
430063
421066
345586
240245
150133
407111
139682
169966
256176
368479
177487
412052
211730
422872
219763
434602
278349
297654
369199
451166
371022
405537
156677
389725
110044
172110
108443
149611
423163
111224
194459
202433
275812
228273
161754
316122
358460
126041
120957
413682
290226
152821
115289
290253
397380
439465
433673
385319
175339
230543
230808
238316
432142
251056
113154
352597
248133
276699
260258
174405
423379
245616
128543
359999
276058
418812
241062
425595
426443
136500
316926
454125
376899
392920
205394
223012
157739
445931
414765
217157
155670
312820
417396
381071
361940
405891
432404
157208
270841
179379
189831
373960
449934
223063
346296
349775
148959
365662
439107
406857
303280
389163
277455
214125
405275
276196
237030
369505
296665
242592
183510
309600
292093
295122
343425
103007
324977
304470
160951
176169
274873
196425
390281
166032
124403
180155
337040
252296
382820
355169
204548
173698
172734
228877
211110
422141
286990
308954
391560
112300
240385
224301
320583
129909
156370
318936
204391
277496
193087
143133
140000
256725
422503
428771
188247
232512
245317
404415
437946
103353
362677
354388
177941
455054
267955
182039
335205
258370
213923
364064
387437
169767
363602
100848
371264
211938
213079
269917
108913
377880
255544
413229
426022
360218
348434
252708
280604
178796
254981
135456
288899
337720
144046
247046
424572
195478
183835
391792
444109
156558
249012
372759
109509
363693
289025
167627
302340
300086
321499
126659
306024
104950
413120
119090
395255
336033
299047
163877
254117
237927
354462
287384
279928
416839
225615
293368
393050
367937
244405
331500
389724
233449
266429
264512
229568
117865
234324
124833
347968
289860
371683
384994
129873
412169
272407
317076
294334
300373
224433
288923
142410
117051
406906
363247
330834
124154
430531
276033
185146
229685
296513
201754
195347
128102
130936
136422
286259
221332
411211
443168
233956
290617
328392
117415
166726
348029
276278
385782
371658
392323
405553
204220
284672
376863
386953
191216
421046
455042
178930
154260
384290
151434
261625
370413
438451
355298
379859
122243
203210
369147
117481
237057
297454
287613
205052
302870
140853
171343
448023
154685
424788
455090
384454
343960
130059
352555
348719
273271
180446
148260
348044
395649
126278
137973
382962
345777
294621
352521
383271
304785
254721
321224
114937
355891
304621
257152
251661
400725
242978
378520
255987
375603
188298
341932
109354
142112
213939
201817
391360
418183
345898
306948
237956
117543
415805
365403
298706
417598
385975
344349
149772
441430
303279
447339
348289
265602
164796
281665
207010
289429
105193
260516
357150
243808
402146
149746
376262
254291
269535
231169
314662
365442
274867
311487
206463
157721
384395
282275
379991
133734
329818
251239
255346
413334
318449
239964
335172
277133
353315
212872
375419
305645
353244
427247
174542
368742
296717
263293
315158
243834
262631
440006
126034
451252
137388
298911
293840
253586
364040
130913
324489
255293
132449
336914
331126
195841
389780
243654
225051
340724
205154
283308
125480
376758
415825
266390
318629
408674
363732
209566
276192
324451
270055
263417
286130
170576
398926
451062
126692
447026
117997
172075
414852
293292
312849
297416
126154
438818
224189
245622
175567
209616
150303
133034
163067
163052
391028
276476
195473
360947
378207
180882
104640
340341
171991
384817
328581
256522
356565
300098
225491
153841
265867
169705
349280
143085
268662
338828
104100
155317
378694
123847
455480
385936
145738
287716
109522
453144
184538
176524
450333
451245
116961
159305
105126
194621
282175
396425
402999
386747
124757
278027
184572
320491
444043
311039
162129
137578
170436
411658
103650
100050
274739
235272
277352
223222
354874
292154
248808
103160
407580
368178
186209
381700
395234
290555
163603
274352
435877
346198
305762
145944
127359
336643
181153
236726
399931
117541
395573
164073
144724
363826
346335
145513
379849
406559
248238
210299
120398
298492
121955
315586
336336
128008
325200
387471
245100
168633
453928
170448
100033
443171
380662
174319
314117
319106
355089
416417
226535
374250
347615
287862
191031
126449
186342
184321
438566
241831
247629
279096
374273
275639
422739
185807
403658
363788
289365
438927
389121
294733
272968
169901
167150
386170
219711
357434
339850
138950
422173
130804
327233
447131
198800
344244
226086
180713
389479
121931
242246
379417
408285
175361
385309
230596
295563
441883
439806
200248
254607
354446
376563
325171
205770
238099
138846
199072
395160
121022
130418
149086
252464
312852
383105
312141
136202
435281
283052
161101
109521
276199
330825
363535
260553
140690
136482
177943
230713
315901
345712
299560
214798
267167
168523
246640
446758
106748
353772
117294
268005
214641
211578
192520
147968
291900
351272
357705
438928
234713
421832
340699
264947
420659
420489
293725
404976
247468
416236
383349
402313
439732
272653
115556
263413
111733
100055
119349
226684
309965
334493
338619
116477
259427
200661
300019
286622
348240
208872
425055
335280
136774
325653
280268
337242
453186
220549
251632
395060
393100
190246
403485
334890
378730
396003
193335
364610
358130
191486
221188
360075
452808
289524
223511
287846
274053
378388
409087
313388
412209
246900
364343
265998
284452
190803
149825
138143
337387
174511
311760
355830
430522
238519
446481
422434
329305
196902
331015
277141
429074
176444
432373
162920
269298
341854
142111
292845
414919
367171
144822
184380
140846
374418
108720
440809
164654
189814
424751
292722
256819
440005
369582
103165
127369
172216
150726
104299
154903
200539
421896
366468
394292
455094
306690
346494
283808
280368
415678
307805
320219
445678
324966
290752
450269
400615
439769
155325
349594
394734
224559
426467
429254
252960
421004
328249
208424
270033
207389
177328
200784
447019
110586
232533
106203
216385
259273
425644
199168
196537
254447
240703
107752
250735
245099
169919
100942
115091
137999
455289
214426
355556
430804
158193
412143
302492
136118
201576
427371
179802
201028
253897
242719
104665
369286
430436
106410
197546
214681
311618
262893
110738
220528
319327
393095
158865
254554
383252
447035
105430
397104
149431
418929
267943
270965
298437
339323
281350
302737
120118
402555
423997
261128
313586
279995
196593
161706
323038
180160
418223
330375
269470
372248
132403
297506
326387
240219
205173
112578
140431
187392
266952
229499
222805
198455
379016
340814
359008
273298
361985
375526
132181
392711
142213
144972
315582
379900
173700
270260
320899
176116
129155
379770
136132
369329
147544
351077
148086
218519
250803
259455
177898
128200
399051
354693
104537
154780
362694
370356
146741
238943
289233
115978
167499
408901
268723
124282
379684
371772
282655
121307
231607
114120
259510
397446
401916
296256
344261
167327
353866
204952
345907
225023
233967
102992
149072
335838
428277
413202
296248
398482
299323
331417
312867
248852
390385
387294
102497
436978
335030
118657
352189
177348
266257
152990
417320
288779
125593
293630
301940
154762
408127
160814
327358
151732
173739
328553
286503
381031
154864
221904
127092
379305
242806
330985
168264
303175
446435
233041
267277
275104
165299
272917
150351
319932
103727
311596
115086
230079
115603
402913
222592
367499
284828
275320
433925
137425
362307
443956
279582
255173
133949
214127
147767
388987
443902
247674
357852
295075
167092
411787
310494
416607
161941
278338
378909
120287
296197
141312
421677
196531
351212
355006
386164
306614
159559
396613
119367
417904
359329
207358
383210
439404
387407
101188
439873
446316
245023
385582
450504
108212
342459
396075
239623
259101
103363
334842
199859
343095
450327
307831
220532
177742
420419
365724
411670
126226
224307
245179
390759
354033
263537
387011
220604
216557
179196
220128
383873
355483
127913
224179
295695
340887
148355
210732
268334
204671
113028
394126
304251
411132
167199
175161
368310
381715
121967
276216
407688
451656
134826
171251
136876
255411
362414
153509
112141
224802
324922
343372
200183
309635
397159
362527
400019
256731
343441
143034
322051
258070
266929
372370
406406
155268
298958
410782
134643
313565
361961
116719
247110
227984
235513
198457
448161
351633
102464
248780
392798
151594
382626
107926
415638
173574
325471
306495
219973
240980
251332
408204
366982
249236
421167
384902
428788
426040
436862
331908
167541
421452
365668
342921
290012
212998
180569
275332
286984
296672
211734
282237
164630
184255
429867
354519
157186
323576
362595
153495
322790
246931
127293
251348
144718
256323
340815
431949
199863
129192
452769
322337
173145
391180
279785
300668
131142
222953
119747
355078
193866
137533
178883
434257
257065
173203
149032
297867
203608
240259
101581
265839
319525
112391
380440
192232
144818
272943
366875
132651
250610
243240
452350
146278
153411
318427
367764
234073
404181
196836
237843
178744
413344
228475
202869
441008
443292
109995
132387
436694
124730
357984
450625
252831
420747
226460
104296
406557
190648
366063
167472
145035
180437
220717
429613
451454
268129
342710
115351
371703
433448
329704
451522
194420
130838
260998
213062
131229
113345
130442
400599
409117
272300
146546
183922
452504
284885
439392
286482
365146
100988
198212
126463
201399
393670
417537
422690
388324
118645
231724
269857
127797
192260
430514
257886
356243
324982
338303
155747
113095
390856
168609
453630
451630
203443
396096
188953
238393
374898
286224
432359
403774
223827
160707
165405
235931
154114
379795
117401
435021
171227
183967
448258
200238
338736
420510
141112
296385
154801
406061
197848
429827
293719
149301
158647
262310
404425
365891
316840
312633
118475
260407
272239
423191
398843
337698
454252
393374
150991
321076
236406
156932
275279
105537
320257
335986
333962
454601
412537
210946
277754
118164
243926
384326
124304
132124
317885
317330
376240
246314
212727
435992
337742
332917
343159
104837
281517
291527
130143
447653
347222
135610
116451
339095
237264
279410
100812
430074
240808
116706
382575
239562
411536
184469
141145
259585
424303
455833
176640
206790
108054
382867
342518
292679
344418
121193
189285
168146
313180
358443
326362
400112
272320
223390
307959
320186
299256
372464
197797
111058
402011
293332
312729
137989
326958
127993
244895
230312
285146
277986
358643
137756
341139
449926
409497
132981
118656
350088
132529
266928
321213
216553
244711
304945
333128
116715
200553
233495
329731
228742
193640
162886
222071
192863
433507
359249
157289
130275
411068
381330
110819
202105
381919
185258
411829
209160
369486
232268
431608
143997
391708
241904
449197
334349
252749
312775
147959
214284
340531
175406
286009
106359
286573
336235
142328
272502
235376
421454
159979
434797
377618
204694
426457
290731
284339
170996
417480
379100
234701
235632
339669
186569
251799
432649
420016
187257
414667
169532
298388
192156
160642
182299
311445
163306
415084
399672
300261
216757
272544
424131
121163
313899
162416
105159
239523
109034
291562
291101
294240
430340
399970
340999
333783
104173
304868
117790
357191
200779
104229
199975
419026
168895
193650
343777
328120
303379
254129
449577
214278
180281
400391
425516
315488
188363
338266
254389
453955
251561
391032
135137
362102
198638
336201
235164
446036
254349
229209
187169
126667
260680
234100
362431
448980
295379
248318
353480
403179
287609
251642
246040
237375
452891
163033
181990
321534
134503
238036
333301
390142
412019
383340
441420
125883
379014
154225
344389
314839
176986
122632
382649
299738
251199
257382
112778
232704
279801
173564
251883
152429
419942
220368
374078
165976
392941
326874
150421
345045
264219
324249
402434
288850
415155
369525
455918
301361
297274
260713
416718
446389
438049
282424
303606
145567
196491
347537
288975
165464
452119
219597
295528
390721
142330
281083
274161
219749
311045
280886
163010
211273
413612
183208
279525
160476
263800
419503
360302
351597
183977
441347
454020
252185
143435
428961
117856
401011
367760
270431
206392
352191
119135
387171
170195
129145
391054
195095
411390
131372
110985
224180
428452
438162
227797
153011
381696
277840
111410
276397
217544
306762
260540
374365
149078
124446
212879
347514
227544
100701
364447
406574
436803
125307
236947
122890
155031
256092
197451
386887
149520
196980
126402
204605
454029
438666
245115
432885
327333
270682
306410
164707
338180
264766
417168
170054
307534
286144
357650
173946
423775
329013
241047
277685
294562
255744
219575
192901
265857
307599
148140
230065
218370
362997
104306
148784
445691
102468
422616
409934
112589
333491
121592
438947
269338
196382
124394
198002
449568
116301
396546
405686
285324
409237
167943
291992
102736
172240
178248
268589
175272
380648
252192
127202
302221
248000
340980
379857
158090
280585
299785
331838
127173
312634
196908
137616
304039
303116
110786
314545
257791
367412
136366
452038
316196
234717
245525
351404
118488
167919
323310
365671
333341
387165
389903
206492
297637
427746
428529
409270
109072
380888
391105
285811
361424
254388
157313
179362
253766
310838
344218
445892
393211
221353
378784
215680
147704
147316
381699
344049
406789
421732
386943
220245
329865
143621
206547
390901
448549
366322
420414
392828
418866
133421
155962
104093
434358
438535
364234
436892
402829
422997
315902
103467
408875
360925
238901
340362
193101
304125
243079
167247
322605
140447
405170
206310
280797
155830
445432
363054
437368
149885
210908
246402
409901
231329
124152
299513
175685
433315
224622
134998
109736
360615
211402
135708
288806
178681
145362
437205
339049
349154
222910
269930
307360
312734
290696
455834
438394
388830
275874
369196
148442
107102
366601
312468
259754
177761
136521
156764
289386
375867
372194
205912
265043
184420
153605
200592
442590
428966
424950
222943
336664
158272
166520
292652
280028
324422
336787
132170
154706
249929
315000
191410
404717
209473
383792
208448
429943
305496
437074
413058
394207
244314
234810
144502
139103
445038
452858
399961
417810
348758
185772
266852
178230
206054
219457
410233
316090
340251
347562
280643
251818
110657
326543
110309
382441
181305
375129
309931
300906
122103
368139
400561
403629
347832
206508
357436
383607
182569
186112
201742
354055
129751
163564
121072
135845
283038
200249
296583
253219
321651
101402
291377
104190
242954
452535
305925
217688
398130
377084
381640
379701
291608
404901
245558
164266
124443
434300
328573
107340
446554
181330
142808
145040
114131
115486
366416
171190
329510
310651
172703
145546
174219
263622
209004
309927
206983
116385
279845
280165
301271
431096
212308
398273
426481
260931
181325
154308
308143
252404
428795
312962
377254
406529
231572
423309
158030
344507
373658
147181
210624
195720
150766
107094
335211
303078
412926
407799
240390
292603
248120
165219
370539
334031
134722
131377
321165
276028
293857
235103
256728
276239
137320
331763
308653
188004
169927
333564
195263
102874
333106
245474
245216
331566
362983
326119
304471
122767
398127
155564
121346
140680
366434
410041
252384
344729
106818
121498
424703
411828
278446
144093
134237
442992
336202
408333
117114
376260
410083
393002
285796
317875
195145
277617
414478
292725
208161
214266
122401
310680
353325
222986
360428
392871
210198
234569
342698
161342
392096
196602
357139
138683
227661
401269
269302
139083
287577
257771
304911
253651
312321
334332
330986
403026
356061
208989
120140
189948
367250
239055
449795
171041
265710
358877
115698
167658
307624
214225
104911
116176
119954
335582
107706
396756
209864
434022
377234
164634
334860
440202
223927
107715
341829
292461
123480
202520
206754
152611
338809
303339
134417
314217
124886
415004
236763
410859
293099
384063
309890
172724
287276
267435
426582
423392
123961
271979
171054
364965
178206
369457
341578
233977
290807
331225
217668
210073
189118
331666
108475
147870
221469
160552
416962
419660
417050
314674
341209
294969
428110
255869
329834
154239
366662
429779
108756
443314
311603
393006
407670
345526
263073
313844
359540
269883
167978
245698
280231
427832
407182
276223
319960
191704
439030
307864
437329
345089
418328
227524
378584
120935
278532
380505
307970
140543
238752
355430
448307
310727
390086
346225
435178
252714
146686
445855
138436
256116
444117
167459
298908
145816
432700
177168
403257
259337
198138
398920
372709
193795
453920
385363
348576
314770
209375
270284
353894
160816
371290
214791
343761
340172
153864
415589
289968
350783
296652
361513
198682
268152
330326
276719
393366
355246
342054
328131
269654
362927
201623
406850
270975
140980
367520
268262
316283
452973
365924
390323
444720
355776
299855
423112
264747
129131
357116
154880
431472
147017
276593
433941
232490
310070
257316
383511
120964
338091
452520
398462
102086
213740
211729
433136
169487
287836
165295
161652
173426
187293
188702
363943
363600
441163
125363
377188
406763
282700
187032
119776
134659
187121
119031
324569
169391
416363
413663
405396
310960
239242
444588
311991
213285
455975
202046
206423
213049
177453
125997
323542
117378
328384
129679
238154
207116
115018
204462
171463
405651
423031
451297
222092
169321
249492
426981
218582
240922
337489
168710
203675
279920
118471
189424
295942
133118
182630
274152
135996
429726
312730
149259
364934
155492
256368
380613
210377
248840
264693
270030
333240
213011
411281
137129
451110
175921
208032
413072
443887
257407
212694
394465
176608
344166
393404
324761
448822
313075
185876
113634
198935
369677
177025
107953
166152
132269
273284
220046
104962
206472
192135
179322
184327
242124
424581
152136
176141
261046
371688
305477
338386
224648
119167
218881
241616
447574
369807
407659
411446
227681
154919
315881
306428
395909
151568
445240
192181
290237
209441
352214
207318
127979
168687
355139
385109
336794
155449
344139
432487
307083
220910
279361
270527
414632
392520
322577
221589
362109
268697
115411
272454
360423
177652
244349
432193
124382
209229
332554
240393
172402
377099
316795
400573
277475
259627
177554
105556
144763
222882
337047
387192
308602
452034
296658
169186
186042
352640
358865
342344
437353
261287
205679
104462
184286
183608
287157
214795
393397
244601
280302
353842
128075
387677
301935
259265
426277
431054
338008
413154
325521
253418
304763
441097
288841
180830
108002
418686
201892
110228
269115
119086
264635
211785
208219
129716
381348
429204
109728
356887
345719
245988
106369
198889
226028
455743
386661
339479
403672
271792
385408
110546
151952
233657
368293
281449
247961
445776
235716
124693
434757
190238
174120
381636
354213
106775
188829
353589
181777
192235
366890
184474
217258
190036
262219
181309
435035
118201
370089
423487
442169
223712
194592
452302
290543
338854
256173
345549
203989
136141
291506
308092
373733
122408
323998
378518
444031
365104
369451
158928
374360
270947
228837
225446
227631
111161
331578
321819
203074
417636
421679
138432
359265
309306
226725
382861
165491
356919
365381
149949
363829
420120
272621
345191
352673
387043
356104
346403
198893
177693
337436
208783
160229
364435
195401
328451
144643
290500
388601
238917
364803
120660
378529
146843
149851
189976
335480
329956
320152
161783
314146
144243
152070
337110
281596
179365
363771
283834
165044
333724
215347
313777
203683
124750
314193
340923
201636
296947
114043
112922
132507
245952
223891
427338
146935
281274
117316
239526
405952
402847
356633
217344
427294
127327
301477
169712
224434
234647
241219
428785
342387
440665
154328
411756
421608
330843
298748
360139
220488
247998
255112
147746
260930
154985
369534
199668
348270
419926
266376
386696
415694
303035
200160
111833
451365
293329
260450
360581
314737
206300
259640
433822
149359
317067
206957
113844
112558
424184
450040
332417
245061
213590
353360
229177
150994
304204
399864
356521
167832
352715
335757
267607
216222
248804
124672
258006
417011
364912
298443
293661
109963
127337
299178
179854
163017
244086
300793
250264
177096
386693
315926
437888
125693
167391
282558
113651
176972
120511
374674
182396
179764
174103
184278
453081
130645
300191
446461
261028
377598
257346
292614
295764
349499
317656
234052
435516
195475
292825
270837
145043
188062
454026
356218
117813
448095
446141
270470
414535
128218
425926
147311
325718
364423
429563
386599
181987
206732
329073
174709
189437
307938
302874
358175
444523
409890
430145
282927
180054
270345
346005
419925
236250
140399
204982
310337
436658
251382
176061
201783
160122
288533
276731
237649
354158
127251
114647
354797
164767
250344
164611
119343
388767
334134
115503
212169
338683
300035
233931
438918
432198
202084
396411
449863
297325
413791
353755
370505
178747
157874
345497
125638
148381
197885
186730
329835
207821
367175
127143
215894
268786
147842
151866
172759
377670
416749
123761
390891
122064
239448
394893
152341
362712
372229
403589
114462
415472
191978
102081
190097
416257
276200
276562
109879
234357
410288
163225
235280
205091
327718
191967
108899
340300
269083
226219
232766
281080
132876
196205
399045
333517
449724
229082
282298
407950
401471
269454
231310
180194
105883
342995
224938
401885
392024
354239
288609
289036
419089
343682
273565
229297
229868
125969
146137
223259
424411
142262
207507
153014
119814
279868
423847
435357
247702
202689
122605
154320
201080
426507
196356
291437
379699
225395
183946
368958
183953
322034
167534
174756
272255
218387
365079
285639
300237
301795
186184
130996
147361
300439
386132
372648
158430
249622
126042
141731
300540
348667
444500
453332
320528
453010
363245
150933
294238
315012
431274
366491
332953
112081
372951
164450
119684
253119
138345
372205
245457
415220
443480
174443
291934
168206
214398
100478
310210
389173
155871
151174
410239
266863
298144
187649
433428
115009
108766
410515
161981
264370
366623
228096
209129
329226
295827
336148
263605
312992
119137
455978
438116
369035
253850
175762
406259
301713
196941
177463
164027
200110
298689
212809
225620
440013
134191
369487
403055
102960
208028
292488
410164
416593
144306
159011
379062
227171
161985
270078
394302
372768
270620
248198
169245
319708
384180
446327
326529
231922
180723
198046
126803
232701
296815
104954
140498
426326
452509
333673
429458
203531
169667
405166
250731
400077
397966
195024
390156
434941
370836
113911
412133
433027
322091
171799
170058
241346
428796
204950
132312
252858
149830
349946
260274
275250
438584
380618
295445
325499
148696
133786
161912
224276
452150
125950
224869
141197
395998
138566
169247
265179
369858
250267
429309
208942
309746
130840
184768
372775
237954
329032
117016
106767
340410
107920
131850
212855
233198
318895
117254
413364
329734
316155
316989
217408
374043
160165
310333
106795
154247
225332
160684
394886
278695
148694
285977
272896
293331
447279
433321
304714
383639
403749
142732
143881
370066
221105
146285
422697
137403
277809
440634
215566
324375
127084
408453
341387
334278
310205
191781
199466
277365
188681
403361
395599
324466
215693
134859
305531
295253
205705
294490
287692
264291
261426
193984
227070
445973
198217
106872
180585
204299
155518
120836
287812
199047
120216
304289
304556
189582
125349
454319
455678
251004
454983
396909
317467
415306
409494
428900
151094
229548
170277
441210
396392
123488
211840
187368
107380
429697
195146
154183
331997
362446
396969
306603
198765
339299
180961
205162
115709
237316
276920
209710
447902
402048
410401
321698
139951
342072
265109
224086
282693
144793
346790
125233
268941
173791
447320
390649
179277
384941
385814
389253
228238
281143
283569
189226
178056
142473
361520
160197
268886
110323
400303
370509
411765
372374
317878
335128
356674
279284
414256
112784
175466
391191
268178
435236
353114
113205
445180
429722
450104
416248
343809
153859
440326
321055
170633
382588
383317
171062
340129
128395
127826
119282
240249
172244
330929
377006
330318
215720
141295
362746
372290
353092
410858
134606
178212
287282
420107
295738
242016
238119
313314
379891
415168
122427
241987
192736
157006
286135
176214
163522
141575
162176
123134
340589
128461
327479
439421
399532
149974
303966
451647
285285
416123
196485
224714
404552
278845
187272
194972
454689
300033
183546
323465
119306
271711
375277
367126
429658
431018
100995
323728
178600
321422
358099
129387
122737
129107
100874
179008
225757
165643
162590
155791
389900
116743
266962
300633
216595
159006
302597
207143
129721
398022
169435
367583
362299
315837
262523
375576
119827
110960
213057
407512
416238
108001
176977
450812
246575
289118
453669
101493
121658
390818
144234
256671
313910
312310
342813
327226
244208
404549
236779
244855
323703
273242
154603
139333
433412
174499
317471
273497
122096
120514
354621
242059
407029
101642
106481
132084
104091
163868
169394
190033
216789
416701
207920
201882
220011
139071
328267
349520
425743
218645
305689
250809
117296
285757
180315
173642
409528
106959
412189
119490
224568
397940
292774
101371
259987
387197
328094
411721
399019
373180
228404
292170
165593
236792
117766
232663
186299
304728
126119
111782
198375
158232
239916
366421
252563
278728
328161
451683
155661
320918
439648
305986
434824
103017
301279
258857
288188
223787
171995
365713
173945
177089
304964
265469
133177
261349
440268
262494
217282
193162
377038
110137
123479
422998
150183
378986
137834
136650
241628
227298
108379
111797
248532
184765
297233
188631
422465
139790
437260
376477
393782
169307
143734
140598
351938
180472
178758
358289
282627
217114
423243
362825
444331
416012
234565
345019
431698
325947
321973
130369
201406
420087
128512
172018
403919
252567
137062
301094
420525
283138
382240
237895
293810
336868
283570
240008
234640
159236
436646
139126
265276
280218
250678
115517
334225
263982
175283
238897
218259
307415
407789
287642
404572
184533
405832
349021
274670
172372
305995
113665
360730
155658
192846
287452
420516
146342
420503
125125
191047
449836
267642
384768
254096
341265
125760
157514
323438
204558
387732
231506
153524
315847
344604
435429
303467
264893
221122
399680
272470
392991
186604
157010
366392
131785
175952
373973
138329
269614
125797
445319
194288
142373
323727
179849
431233
223531
440583
234726
412130
224724
127519
284369
183923
375861
137693
408894
447684
174573
183328
191585
421249
287060
159226
412440
342823
316125
264827
429313
246198
308797
438563
115768
357089
441901
386850
198788
169644
413906
437290
205127
381536
225957
292644
244591
380302
426936
366024
225385
350449
405188
177108
350554
248740
367511
387839
101019
116938
395529
336188
380373
441564
172313
110002
153244
250644
446686
436985
210399
296254
231841
309352
237401
112939
314022
231360
417472
454311
315674
304235
296400
383358
200021
107699
147656
298098
148114
423535
281640
253907
338251
429690
356023
445254
288917
193242
453277
417829
348995
225597
413481
443192
288906
181984
327993
380008
153461
381014
187050
374362
104270
144925
224893
172106
137950
199375
350464
409627
184349
315890
345909
268451
105400
194025
293439
150843
451377
455014
329255
329486
389314
356622
201327
389281
134477
185234
426845
332499
343123
455491
120428
254623
418268
454263
274975
433102
102107
254802
356946
367456
294640
116294
411795
337083
431644
339198
293908
406393
223487
240092
122225
394908
139693
363544
448195
260279
332783
229008
398796
105199
405429
260024
257531
156339
434956
117474
455301
437644
431576
337089
422570
437872
226899
268006
249973
228068
258975
250297
127012
281379
183569
315427
152504
311266
310000
235942
337181
160408
188740
345975
323446
412953
295639
442417
196268
371260
333667
367307
121514
249799
448482
219040
239048
337902
209931
275427
276261
170387
123030
233674
259718
135846
123358
305095
384440
146240
103941
123493
298828
266048
252420
100960
102890
424206
424707
411839
163978
353013
114398
396534
334712
325012
436840
143458
276546
120517
269106
226796
135516
389129
197376
446402
182188
156442
455459
338819
361328
327469
238817
257775
171305
105861
352360
339549
169406
234004
297236
161011
189168
387016
296214
260199
232904
184080
200405
414975
407791
225345
249915
136481
312076
385009
344919
140367
212252
121704
195320
282517
149212
152665
447003
372750
225843
175505
300897
286179
285454
381474
369499
151202
454025
257657
107835
187643
184513
147578
354875
173653
374192
387156
237083
180034
351503
167386
382023
392336
119768
437010
155257
192501
145870
232868
406548
346626
442938
357129
326223
220870
409513
453565
411276
314474
380413
450828
314934
275222
274547
245976
436172
159890
269804
102743
392865
441934
146927
226064
424541
443680
156749
131856
333636
380694
434886
332990
257233
411319
231909
393929
297064
386739
136619
369736
333692
240425
358353
164490
394391
212469
122291
344474
338215
350223
352744
157593
120902
286084
298129
324554
270772
326934
221282
349390
335718
417664
240121
347464
441180
302817
119508
203864
217932
159070
294434
273295
316658
279127
168161
249869
221807
338034
356918
314226
173407
227548
441635
329281
175028
285607
403536
234045
444337
310944
423306
265500
121700
144555
120270
351121
346187
282159
413490
339475
412243
368869
275642
305912
202469
201286
285035
235483
100870
302726
286726
348779
425315
383494
412909
255256
386193
335706
248439
196952
148407
224416
231846
443909
319062
131087
378670
451988
196440
243040
153421
293341
307286
133144
330575
220212
434848
430812
168007
128717
402428
251867
408949
206913
454363
342116
216788
181151
393149
394698
201910
368525
352846
212624
278828
123017
183766
103186
137007
276024
406252
310524
127231
199596
129180
374957
158410
294264
110063
334645
321539
134853
309484
242593
241587
242624
196016
366017
110846
277589
366353
280876
147314
201400
273046
383623
138137
196761
283651
188252
398552
106483
362755
322922
277250
246066
193981
212043
217677
439110
356834
424747
393675
309858
152236
135892
316563
332951
137766
304140
153801
243571
346748
373168
281253
215962
116360
136715
383918
340599
161535
235515
247843
295053
110831
423204
424155
401631
382443
294569
310604
232489
167244
116290
255164
419570
293032
377480
297752
133629
260277
339332
424350
101647
222931
331515
223615
349917
398401
270530
141129
450774
454925
260555
148885
102228
397207
142942
232045
231165
297948
348651
255939
244838
297357
414778
105932
235205
164680
140969
121505
211464
119177
297347
244893
319803
356092
348045
197037
450105
221766
299397
225720
298516
363312
305612
401568
399835
191926
113618
185352
280284
293620
214916
199460
222811
189014
205024
386152
455370
358737
146057
306864
369372
441419
415984
103179
234457
418839
246651
242512
427348
408670
412054
274425
125970
373320
252156
452895
383646
211519
190440
121315
194559
421447
418586
242730
154209
427631
289985
431272
296002
356853
151060
168967
126164
397780
264537
304051
353770
105112
219298
248127
351467
277651
158682
330115
176350
411635
331524
448924
111455
161970
307713
427186
411849
410560
284931
294681
226867
106866
169371
120778
267850
212160
321193
378171
347385
434633
355601
109499
134901
156724
322550
200371
386931
192975
321931
360793
404515
418516
373741
399846
443201
368563
412526
237605
400563
124990
321653
360120
380387
244819
175669
433180
266481
330896
314999
375206
447393
317344
263262
389526
406560
260762
453680
448904
202663
206783
409880
193301
303615
151298
239780
161529
350337
287806
338862
123975
425529
161200
173083
433214
422443
380183
184284
124312
235898
166069
296361
126589
216581
118346
338043
387495
390996
105569
134982
183201
104072
300192
392516
437625
332350
181017
194113
112770
381102
129841
345760
259801
176752
270809
187363
136930
109817
105122
164329
103229
321680
304509
449700
360037
389138
364170
164809
224982
385352
407214
399951
384933
189805
424676
153331
158233
239824
366202
453911
359183
295640
313525
273847
113353
273401
293045
450246
360599
309715
332775
337705
156613
356800
291641
206336
422505
302112
156144
257892
106706
439369
445466
253680
413542
351890
289440
190724
224734
223837
333434
423372
221791
182392
347189
364579
293665
122884
269459
243732
379098
450232
333126
109708
109115
136666
252623
264380
162618
322773
358053
173679
404959
270528
167294
187758
316192
369818
426648
392691
151225
228425
133989
390336
127699
395469
106364
370631
105255
139374
165986
192896
241131
319868
190050
172620
205860
139591
328417
292822
153851
201840
274566
154088
172338
143235
428161
426546
179593
168076
250470
336144
423822
251752
323959
261504
332130
296313
365728
354907
436701
363301
189153
275471
187906
138514
132697
185371
167945
103738
253344
123291
276502
329760
253106
145576
227750
406984
347998
