428800
334683
412239
171418
131180
304551
301041
245008
242547
283025
448303
419376
391728
140623
443726
321585
125657
401696
418787
191408
423262
241506
343975
336262
271803
221393
254085
365192
190877
155961
178180
396870
126291
131558
180078
159062
151565
377959
201396
155222
350004
225076
334205
299636
367881
401328
210928
444477
177082
427696
331072
429167
194377
251736
251644
100908
238758
432287
316127
259642
439918
329581
273771
216151
179265
134326
264403
401735
436133
358567
152195
265455
394465
286845
197771
447942
152022
264067
320028
356018
163327
109863
393369
108745
350184
381679
146766
429140
388200
332015
417480
429572
421332
409502
308943
237172
400735
223225
134127
398627
223930
421157
110141
318302
447826
135913
242807
316969
307967
198517
443443
199709
173276
420675
318061
438956
174776
109562
151179
164208
142858
306871
225772
372840
338992
331635
177986
139115
402026
159316
247120
287657
441433
187203
303070
383258
278877
380504
357165
384112
418431
325891
333771
314179
280171
108627
288123
431814
175140
303665
373177
169411
261452
405304
400016
346563
297597
301666
395947
408680
241410
349321
273469
344578
259493
213809
157595
213324
437526
395878
147788
158967
431980
209558
426839
367978
361923
242289
350025
241617
372926
182055
428119
234541
408157
311221
150327
179893
212711
455142
301624
101488
341612
204924
184222
123939
149392
368540
280574
310564
221794
140897
301439
351264
426298
190148
265648
292415
395715
366831
445085
372063
388811
417800
413021
293194
396026
122958
382125
407160
386752
376846
219067
116760
288359
313388
161280
302839
307978
433693
282029
144470
399398
301359
371403
268598
454311
234679
259477
403670
432538
341853
418771
408521
337823
349990
303405
147735
379689
324673
323132
250219
296075
450739
290208
119789
381064
446628
158660
382921
446425
400068
343007
451692
431527
214684
432476
100294
260124
455238
413067
275176
123402
169992
423400
163388
290361
403710
288744
320877
300164
339782
418171
238208
316414
136886
272658
381036
120462
340878
258149
293082
149125
401206
128381
281918
347914
386725
426868
421805
235079
175607
309793
161624
344210
211830
177860
434634
143129
355323
114549
382995
250857
299776
437262
101809
297779
342022
222556
107663
141013
426579
322496
448078
118807
178163
414348
219082
325040
136930
370508
238046
248932
263407
112202
351229
146923
281825
147797
107322
201037
277058
353578
449324
228904
230866
130666
404701
430262
303131
274920
183983
351788
153575
137139
407979
288870
118566
386087
214744
267285
370942
171672
253014
328071
139880
373849
335584
367643
420664
418478
411005
259767
311777
438504
223233
323576
320127
255223
226568
280711
164937
419062
274560
272910
242010
194693
241508
437618
273906
125044
212526
260993
390433
391951
247338
298101
430712
100351
347504
420113
450011
399152
445960
251416
326321
300558
265536
422765
134259
303819
387486
272020
217190
358206
309534
103639
208875
286186
414303
210163
278466
317582
174659
290683
158156
184686
401484
262282
320000
390217
376667
443717
400200
206494
261696
207070
191997
245562
209267
228491
155370
450165
274773
122603
452973
194571
156833
393679
323642
254888
308669
370116
176386
193851
181903
295362
367022
241413
387921
133675
402750
290176
156724
135104
249908
274331
263986
293668
248292
183869
261527
330393
316731
195866
404219
317900
150039
174613
426345
138056
237133
257011
284607
285085
297671
403813
300956
270124
121410
274250
174907
427727
317669
340381
114617
245618
314174
102776
363071
444857
148251
213567
300656
120239
288113
290095
136400
280898
250441
409335
456018
223988
288702
300538
119856
303461
399237
196647
357224
195993
306674
148022
226242
317585
269225
378606
447767
295057
133267
120000
372008
163768
233081
201045
145651
230811
114251
312274
214148
324517
449834
336405
133482
426063
144489
170904
303743
246818
344924
101773
234120
315670
347984
295136
351010
367655
249828
198901
151174
232569
350369
237662
247653
354014
429785
326934
190083
327731
268145
291101
137636
232280
312700
198162
347322
217104
301141
206924
324870
431797
327182
148579
423296
339840
257038
191797
437907
344878
454281
184151
108914
301769
435530
367820
296501
223240
232135
402879
328322
198011
376392
453719
211376
187088
159000
299863
273562
193442
424686
106182
151841
145130
287312
211513
435401
146479
420582
226765
208190
264982
151738
396711
247569
286397
314447
285692
375298
222488
337255
138824
232513
371964
271710
440392
269876
288746
320210
369268
428216
393725
261706
325860
341757
260682
214142
258551
288076
433297
171634
295352
126160
427707
317472
299281
160830
275194
419080
417705
429953
415637
202263
307239
146667
387077
151170
272053
172840
378382
216101
379466
356287
330328
227513
130189
431242
122457
233103
369784
116504
337954
437124
405045
240872
318670
248913
201569
262764
328312
413669
319356
446966
433032
349826
277888
164596
297998
284980
325071
138244
335763
177276
351447
245203
217898
381815
195500
202745
183995
412576
190543
132734
192069
370381
186459
266192
175137
268743
410924
406016
113980
303603
258737
156510
420706
416374
190670
426028
296586
307391
121603
231706
144394
364965
181909
150510
128358
215849
226235
120175
354413
111477
281199
204637
302078
131822
218272
130496
333757
109862
120458
397273
280014
308441
134451
192984
262801
344695
237964
424584
223092
285092
273553
197949
271649
276032
154931
177302
365360
405254
264320
176373
367080
191913
248194
243213
224996
301077
287357
322094
292336
278406
196791
234213
428165
211222
114573
388163
343364
434867
124106
122613
375683
184287
380716
295550
340830
353142
304190
139577
150725
255295
298979
346084
415857
248872
362830
149953
176581
161081
238663
319667
308808
332421
209356
299153
413063
113478
209355
348628
258960
321023
186284
198382
240200
249249
337137
181070
342391
410267
402784
316412
356507
253123
224438
298263
148089
360614
412260
137377
214922
164645
173118
216210
424304
300505
286581
141380
151193
123057
145796
239528
315893
357028
327511
152828
426759
317405
144633
256440
221061
186627
223249
125485
397395
297980
131958
131332
320168
189497
142164
377893
168312
122879
430031
188869
412670
225084
376973
342968
447329
230165
178962
335806
118606
175331
233096
353813
141630
115981
178427
175635
299600
155707
144760
360053
428023
423474
296445
334418
355617
202192
398002
448269
166670
191091
431861
158117
323975
151091
205467
420968
400131
374538
134177
150805
439409
280564
222258
358940
248878
409930
156822
263687
338091
284377
357782
158253
115137
436382
330824
153984
345177
434877
164912
402612
409399
346318
154024
105181
272835
428694
189776
235439
102536
431798
207694
269597
144889
221701
409603
150346
367528
417587
264553
450992
356515
191185
231128
278757
268840
122595
230397
436130
328162
248233
262555
415484
246063
271476
225726
223364
314834
109492
341633
269492
132201
374007
265812
223203
147746
141314
275103
416395
257478
405657
454513
266048
322876
445089
182746
190596
394452
123686
411698
204345
416705
322904
405019
251111
109410
456083
409725
230570
278581
327281
450912
396788
444909
220675
322099
182861
182180
276950
402535
204362
448586
401653
131887
403180
176899
218337
184619
191418
249054
315898
128625
427261
264781
428076
455076
125625
329466
312508
421498
217327
218719
258888
330369
357625
309731
319807
359791
122442
449783
181334
283575
232079
190279
143580
114481
186217
243336
286437
174988
116517
179165
138729
427235
108776
376134
313594
120667
445081
207845
121042
113277
220234
215732
104657
244426
419871
400427
326139
216451
101505
248015
279151
228142
282360
212035
186274
446303
183608
284063
294334
181382
358713
281698
232611
282261
323531
410437
379218
389849
411251
449975
411199
208638
123627
136988
272900
406429
298449
255105
101620
442062
354707
232537
141714
408457
324084
450979
155914
234708
412316
193812
400907
105397
234551
126094
260353
448544
264806
340032
166080
271493
150739
125861
385722
128277
419619
298613
272807
371535
118196
364835
265500
310526
345286
360418
369683
320256
296511
450419
392347
409250
308458
383480
452300
125422
152009
354618
437387
389857
430307
320037
223976
142994
299030
280216
211763
393998
414427
195879
407077
183899
399118
398744
101782
388828
371147
144922
109758
429441
224424
394921
292440
393581
339031
158231
341290
251016
280874
336251
163576
122179
349105
429365
301964
174847
121715
365936
348167
281010
203188
137650
138268
215168
350719
419475
103793
193342
141296
368364
176224
342241
306301
245511
214908
390844
176535
370259
141720
404994
328106
333847
125751
380126
413861
290657
266265
437548
351278
205326
186200
291727
106508
179059
209840
310622
280619
158585
225957
338148
220711
412443
436258
338670
294117
385604
442367
100803
125724
431424
134487
221313
332257
354351
166157
131113
309394
328452
117067
249394
346732
381113
226553
231325
136301
430623
204700
422593
169795
139430
409841
141946
317983
204543
387253
206140
351399
107580
388319
422943
258740
384009
113456
170294
301678
423779
348507
404854
180134
280902
394646
231045
368105
356078
424701
259370
345506
163791
358665
201360
375891
444794
100540
129050
371196
177464
177774
208739
191867
444959
176305
223816
323673
280349
377984
166718
408645
101334
412438
163015
338408
290428
378631
334737
411085
311876
134719
166563
173698
408210
192428
375391
342445
377918
196983
228690
390698
152063
157404
412608
431901
342064
452770
312189
217787
207681
445069
269964
358561
247720
355480
150163
112002
450585
117385
273366
249680
287045
104020
263932
396671
390635
162342
417333
296551
369918
319201
216736
366087
117651
223886
108282
307543
182147
337235
185601
322862
214167
455353
365499
205253
327681
270088
452848
322560
282403
280316
341608
330508
140822
335989
373889
197237
428183
438374
360557
216817
170057
345440
288458
184201
383163
135703
210052
251009
300269
203406
225815
268154
153652
304661
447480
187392
187713
178027
416669
234585
437213
378931
362935
316311
106867
279066
132795
412818
295186
405301
311731
310927
168973
379446
136398
278819
334094
283287
236816
120776
452033
161429
384431
265401
252496
272002
443904
218504
385761
336625
169691
272797
282545
164828
384097
226292
232324
123997
424769
367985
296434
262295
329654
338299
441641
185355
205782
207954
319908
373593
383283
135324
268229
128437
328286
278878
152467
253276
277332
269688
289511
241948
224413
187835
251366
442841
318922
123286
163248
363758
148193
198217
293562
387877
428270
150234
382928
399669
109784
317289
105117
209627
452321
289678
445348
121036
134695
421503
150498
217186
193353
340355
218474
335270
429524
159574
384604
210301
266460
342063
255115
354244
351424
427792
391633
358628
345067
163850
383102
244704
231251
247464
391821
303991
416700
402964
192822
296900
260295
417307
158394
111769
237685
361818
288183
276144
179573
143696
185464
194829
333726
389209
379835
244331
305089
449445
299289
416560
222860
227619
203610
169086
353430
432220
394608
159031
241391
129549
138212
397981
153858
331471
286576
226793
187841
415282
161703
183196
281677
435618
397381
256997
428265
299328
198728
141822
138403
238426
281456
227676
252414
349711
122884
397437
116690
202677
145291
298289
336439
447623
302871
450895
157290
274667
368020
294797
239184
262536
284610
286413
421166
123703
293049
233648
315691
372600
333991
410415
232778
117905
174015
352896
258043
321274
161585
425157
382119
441529
340096
399792
238645
287797
425324
240152
132236
421389
347247
237856
392161
111426
126139
183369
387547
108477
357004
353321
312215
137176
167803
292596
442874
208284
134735
276110
172365
343955
315845
141463
296410
284009
234119
278617
372481
431572
336328
168888
420568
442918
285626
446234
390245
325327
446427
415796
438804
290498
454947
210932
196973
246288
246044
180772
335985
352131
201580
123536
189920
195393
265079
403870
237128
178156
201441
420399
295804
444539
430354
416011
284921
369892
428481
295115
281517
187969
193746
380777
374032
262378
200413
292024
414654
152001
348851
244777
276097
429675
254065
437063
114030
358168
309936
403096
283856
154835
250413
308297
257258
210544
151740
114050
218343
375840
291167
415512
284024
127023
361918
387313
329546
223804
399485
343819
209924
214089
268057
188858
238907
367956
244234
242838
235431
264064
238517
158846
225371
292453
425291
321157
124081
226215
285805
111099
215892
136012
373078
268663
303709
404007
245021
221102
341137
389864
204776
208338
428625
413598
365761
280608
132178
445878
442652
309668
234630
245816
159560
257085
363592
292636
269390
265459
339113
188535
372702
297619
310975
289433
225091
444850
134393
339394
380969
300677
338102
327037
455068
156135
167903
213339
375310
138822
352024
152396
369923
148366
187317
171715
334564
319668
452905
221087
353830
101872
259591
311311
164249
191611
384002
427492
157208
120929
343332
258711
158034
302951
369006
238211
209070
349833
155656
366381
435133
450363
448513
375671
435393
325920
331601
362939
356914
245912
447099
108841
357272
403580
227129
360276
251967
273984
135427
351851
446071
297310
449779
437348
246769
197515
435301
291043
446411
410214
438598
167809
446718
284775
446100
304422
188607
288285
198174
187071
378768
435201
311177
265779
138153
361968
369058
238385
136493
370795
384493
137427
442137
372868
185845
444208
157830
306125
181605
315455
343395
322755
363126
384911
415591
179754
120180
292526
414094
209247
146067
435297
294067
448377
386508
104665
300431
272074
456253
428957
417277
413859
174421
349169
439445
103799
183102
170744
252033
391044
424763
342365
127898
128058
180353
272102
359911
134229
307874
202893
437828
266277
123762
437456
385618
259462
138066
100563
422392
283119
454330
145330
211249
114110
342659
138603
302567
319029
136725
340659
314518
396363
117292
408224
116577
139171
409050
417117
360831
343305
411580
198995
401247
142490
378741
412933
399243
106930
224202
298361
371124
445932
325704
358468
163521
321079
247186
242425
179296
439428
220115
156237
187490
307999
328465
371221
184853
446338
421693
130697
268908
243356
450803
100992
169073
118999
134737
405223
170138
434683
129473
426350
221291
275004
432657
322452
204444
109271
194850
124209
184747
144012
333894
110129
233522
455298
226739
352874
399900
345035
453919
154146
332647
286217
433870
261692
374851
214642
183759
296142
394348
361516
356503
401762
114862
319652
390267
153726
373223
163221
365430
432754
273803
248598
405407
296792
155013
425873
389541
380291
424609
119005
311547
136812
398065
171174
380329
309066
376371
277579
111511
265078
144251
230385
109115
176294
335515
407187
195273
104688
431426
143587
343191
376621
453006
347406
188208
262638
147656
338043
189152
452183
257652
125475
264355
127934
176814
331737
128003
357521
299520
338776
209859
440598
214063
174191
258931
164733
392943
177757
424383
279204
410607
227915
383264
336656
296911
337313
197887
189290
226983
296502
374304
197809
103890
187528
372830
163622
325419
205675
254259
243119
238694
155668
236925
267741
119103
191007
142550
418007
261206
418320
159210
235009
334984
415259
166747
410844
330543
219141
103153
417027
359956
113691
204665
210971
155056
285421
158081
407805
427232
143123
402883
361711
447035
314900
392996
328779
385891
268534
142340
310541
329574
258050
423588
456087
394393
123066
193564
351927
295215
194184
420973
159485
215591
419761
290313
438241
260238
347996
134498
241742
355745
173681
289906
344922
173301
367562
437973
148926
300060
308479
191488
317021
346049
237968
109688
395460
328073
401250
416707
132398
238264
330802
237056
190597
396598
158743
362616
445136
238740
273834
372547
185925
163208
233355
436136
211756
367431
380551
175966
316187
391224
342965
229495
204031
341554
103491
271541
143852
335247
142100
135021
281813
257903
329628
382578
291305
382458
136961
287409
379419
365067
300127
390083
106326
433063
165206
257584
445167
397049
243362
215392
373557
135125
210154
198943
157122
368382
207087
368496
167424
275267
311383
370272
178474
443045
393835
129099
351233
268878
155085
177928
330648
415476
398532
184863
287652
369906
140000
396478
200519
308393
182338
141966
111086
229968
216831
231313
173591
115260
124911
208054
164027
417947
154247
206662
357154
438484
412320
201100
419743
157702
312993
236127
371418
378234
422685
288859
202123
288281
119178
330255
374924
455337
334574
427790
135630
279271
340193
203390
206835
334516
299598
323910
101832
235273
394007
174380
119714
108212
137953
251329
376265
196022
326765
346230
304882
386030
368308
380908
335629
243985
196677
152847
253504
128943
368642
367038
442960
142473
240361
234447
273620
410466
421368
150141
278490
145712
115148
264178
380110
381706
331740
202751
112509
219675
281553
146271
217122
170974
114441
250186
134392
225840
277250
244664
271404
277761
426392
367003
257991
425792
386197
400389
367561
193344
418530
144109
148923
369715
440676
262182
236343
103605
158022
431252
444925
312429
324972
382269
102518
293206
100547
126882
386778
274285
170127
304764
417671
385593
104046
309396
365017
244725
456000
158591
423122
437286
411683
229946
143655
194886
270258
124190
147493
348777
105714
260398
206525
135102
424553
332678
351209
180446
419536
155441
307522
447948
249034
301645
319746
132551
389869
208533
328805
432894
159543
445139
421631
171264
340848
165924
113339
383619
440556
209642
324162
157576
188912
170049
433506
401925
190651
198438
303609
410803
433146
353935
454937
439465
408542
160380
257202
169766
288626
169799
102930
231456
306837
155328
115321
179009
159448
159109
288727
208812
255595
170907
253994
207045
338876
122835
141010
281238
127824
290244
117534
398783
413822
261070
455159
394489
401645
347292
269870
196014
276388
438389
180892
189692
223323
208029
268924
249325
362911
312917
445681
325093
414978
213138
154996
182222
278780
163762
310980
430823
278769
360764
366472
428587
366721
374676
142000
244278
172177
366819
351481
349859
281706
434513
370293
194496
454229
454759
368521
365786
100722
419231
353875
369599
224054
236693
421935
180616
158378
176904
420713
431699
314289
251068
221844
145821
170010
135867
217785
381912
379950
126801
239185
427555
249815
428484
399278
289905
238140
403489
313024
258119
345842
130294
353213
160318
253739
136479
306724
292956
422741
249314
298314
148461
381491
201015
154463
154541
344144
231197
261135
452732
115330
122911
332448
286290
192044
441105
191239
341271
259029
292263
316149
206865
212421
194011
240734
322081
409051
324237
197817
202431
209418
160648
325324
225372
301143
292225
453520
310660
377947
386739
135620
440065
283048
209204
351639
448950
276404
257422
397351
425452
407473
258758
159550
137648
391228
308671
400826
222384
201017
236795
183236
217752
441712
295858
406543
339717
419419
143490
329556
347385
345955
172324
201476
192100
447580
132335
214453
178110
194118
127599
279432
321409
246235
291818
204319
179507
379974
365361
379326
366550
170829
145721
336699
444765
191457
153285
247457
140123
158961
163616
422079
436543
151805
131598
446368
106193
424665
426710
243705
157093
415879
298582
391217
136595
232688
371158
288959
387779
442938
445050
393301
115216
395935
119566
425803
138689
187174
262678
389629
198057
203704
380317
114236
355091
298738
422316
428750
342777
278716
109594
255710
284878
413786
322634
378665
205017
274705
119245
341090
165610
165926
173315
306526
441963
428410
213652
147983
311945
191763
348340
264093
104798
264322
417959
303647
296965
212857
157693
356415
320725
122836
341862
247094
134247
391303
116018
346139
175777
386216
243429
426607
335665
212005
427774
450078
360608
260030
373008
249819
111285
127667
156083
166413
154560
134316
372510
150787
421444
437104
270446
303134
415520
447604
227648
355053
167742
179401
289779
385632
386912
424680
344794
222808
291076
169798
104956
358141
240083
210167
447012
214852
136921
374625
213331
350801
128853
352359
392209
302538
388732
132224
359929
247508
282414
358390
159292
182270
101300
155271
291154
271692
218958
213728
296508
190433
182326
326125
394319
274752
359195
210600
380953
406728
324994
136696
370536
300541
259622
264616
366822
444414
271416
440115
445664
261289
244669
288943
348299
368718
162452
126316
317659
180628
395636
141859
356420
125248
440157
197280
223929
259566
181765
258796
243147
290345
319413
442432
348603
432294
354294
212098
387459
388105
418100
283773
262962
391281
392152
308930
377869
431612
296992
398489
406661
123029
269339
105318
261457
185426
137436
356600
391263
403871
315589
387894
147003
331950
239758
209043
172573
164432
319525
301620
263123
181993
317561
193732
277062
291841
414661
127543
326996
416152
362447
450084
100192
336032
355285
226658
421138
163069
385810
208207
435674
332946
340443
262311
297133
263790
166061
234359
249476
176870
378513
112996
253174
101420
336540
244804
154687
292915
431354
333068
425566
125391
136326
231091
366379
237370
172120
158886
111749
329995
238234
364899
100283
224541
242360
321826
300309
328335
328376
142632
125210
238271
387591
377535
305468
126397
212337
345644
196735
182286
145431
151885
115332
428134
406591
115502
100596
383627
236273
189617
212010
281129
418765
306937
153635
232520
358266
433683
329258
445902
197708
228377
373949
295245
191245
272215
336573
306496
442660
265984
441144
408910
414568
349183
285789
353196
364083
198875
231630
418605
157888
456206
448780
142899
224813
300964
413242
443191
118488
332391
342324
148020
342928
263343
188447
354621
282899
142658
140562
173592
303842
143989
127881
430848
170280
415647
179261
403156
243886
105719
122216
222679
167784
132844
320303
123932
153833
282567
240043
184592
272001
400890
406592
255222
338162
346289
378172
314953
217896
338080
432029
405717
128192
345439
324380
243373
380209
287753
349199
312424
294803
266067
100250
212580
206124
300669
208012
364005
101228
392687
141275
270960
427552
117014
140585
204028
119670
156113
272857
431602
124790
438639
293676
223825
449676
344616
283914
212220
163718
160090
360613
303052
212662
321777
137975
352929
164705
183183
179541
218436
332023
378865
419592
375422
328421
238481
145738
307211
242046
242901
219795
250870
268115
131127
309601
260570
398798
164246
411188
100332
126475
453688
181321
197035
215893
443328
365034
126875
306656
211886
272792
271072
449179
208446
263388
390806
328230
332898
108605
354283
435808
356089
340072
367612
436586
184219
436864
385753
203909
160154
425554
175716
282142
210745
224404
142257
225217
410051
349336
349900
391949
179523
194612
393616
454629
234218
148347
116509
233120
421212
326570
237191
431871
149458
178901
262992
150610
356511
299428
136553
324746
282610
421542
420084
125153
406771
246431
105987
400486
358207
298195
346703
277184
117962
152448
133035
310621
246036
317041
130005
158768
204640
354234
364609
126547
407311
190968
117964
156539
168821
161128
390898
416384
418307
326893
153791
364995
312248
425887
429884
124955
222186
383475
419884
330537
113516
397417
230345
419957
285621
319392
179360
110610
204952
378552
157299
397931
448997
303055
193051
202375
196453
319906
267956
402917
452683
223627
432774
260208
440462
120069
312780
324214
139368
360721
256413
211149
401557
279481
275953
239933
100976
357159
270267
171683
107533
212306
251103
353022
299579
269269
306825
260772
289485
121623
297996
232785
380684
385417
193524
290376
403341
188193
329967
363957
136805
122673
325383
147643
306542
359692
139165
294680
409146
247664
223548
392282
153700
172363
347177
248870
135353
171285
397521
122436
429711
355012
436238
450387
223790
440963
253859
148535
289756
139113
324918
145801
404745
375343
231173
373712
223766
274029
442812
286224
181504
181938
377414
142475
436703
359162
429192
301442
305747
428324
420907
107565
137848
128806
336769
443243
366812
121116
138903
169072
416953
173053
145723
109672
259639
291853
361230
106866
172782
174278
202833
449177
117689
387556
216939
105922
135682
205459
289337
264369
233707
247252
283279
369416
275215
275187
266758
214525
449786
179970
365258
187226
154797
214533
276614
310506
276438
167413
162751
140479
315925
293352
113969
420211
116520
238812
223164
342783
422235
424961
233737
398271
357903
397510
411213
330083
430505
186088
269164
164477
160435
377931
245538
344968
129901
137400
143519
377844
433980
449869
326963
314754
172707
410392
388533
391287
341499
102096
446163
129871
197494
438275
120615
224283
396808
176647
217521
209321
100408
293190
156288
135692
178889
365472
283810
328840
323608
101890
433559
387771
195660
108919
274114
293726
359698
378792
291906
143439
165793
434832
151192
329950
191134
198466
155408
223183
131678
221084
208556
133915
122321
233832
296162
161509
353516
184494
148151
310436
207397
306941
147555
280565
208594
228465
219025
208221
371605
148958
410903
128200
196556
405323
187359
144861
428178
310041
327585
110657
327667
418995
429940
218609
233206
130975
246827
103285
249239
218116
270408
273080
362757
359691
376610
127271
169343
267268
118095
411627
311616
233820
128950
314092
207911
385429
445154
303913
250755
129367
379018
346380
193825
126433
357339
364264
418357
381015
388450
301066
454450
326173
348133
337413
433927
104457
324250
174826
146036
117235
182560
129552
254019
217340
305779
107051
137140
386920
251178
315063
166119
357139
420752
166531
248780
168489
156615
396122
369553
386810
414904
248247
294932
429443
171430
421445
405142
231624
425063
426261
452258
163819
212428
385801
118718
383664
147872
296563
222358
188343
414078
348701
343336
355768
269074
210471
284426
332686
406880
147100
333308
357872
426069
144088
151636
375528
177176
188441
283375
221631
146403
401825
382491
222897
408851
146893
148168
110903
186715
400168
155960
361995
420669
310009
148962
224932
226925
265886
440830
188078
145437
223812
446727
453429
397158
125296
241092
200462
258855
439302
450367
394939
148312
221507
186201
128231
368357
267464
372054
125831
357316
152280
396635
433855
380138
433322
300819
303725
422327
297627
334348
131827
437700
117843
125736
208386
454744
409742
169951
129204
420451
404750
312237
430988
429319
176366
303674
331241
255190
150534
323625
390025
326192
224062
387024
349879
351132
168865
346961
296917
430809
278609
216850
259584
273897
215596
427999
429370
290865
192234
282540
157350
350793
365874
182850
285513
248119
110170
240980
318830
396203
201589
304141
276595
420012
194911
176855
269239
324568
378696
136119
374842
345369
454068
451973
247012
410349
201793
451750
246578
419356
443175
387889
299879
225437
412114
131760
131689
379399
170429
211975
419528
385232
152194
401212
356572
168693
276758
270029
322077
319447
218443
399656
430215
446672
264134
401611
109077
341402
387857
326331
351097
111961
222456
188338
189321
272488
257062
269891
307909
291631
151071
202839
354502
411409
243027
219777
237744
231435
186226
315922
112376
233739
328537
204699
353192
244036
265756
261899
328298
272556
409378
399907
193577
132731
453420
397823
376739
272041
313075
112812
163594
123198
171528
340373
270985
299651
175878
352086
233288
394545
392886
456052
302521
101843
236102
445387
431894
213380
211459
214373
352229
136584
308688
441542
193258
377261
418727
346159
417085
291869
397154
343832
275714
341104
344472
317029
242122
240699
219648
228475
266770
386118
184278
381681
155044
455141
291281
143752
315686
138780
316429
291865
405605
111064
424397
122112
290861
415584
187312
113026
325101
385570
154399
130647
431896
180669
245791
344082
251279
417774
307743
202094
187413
316830
119443
122134
183435
245683
153843
198879
281236
396755
441975
160352
138456
326032
317636
352414
115259
238344
294911
103819
184213
216760
347271
372807
312449
189358
362458
254776
237486
416424
182169
228005
133089
239095
112327
194801
194841
288409
269557
136896
447590
275510
370976
252328
291263
231799
171477
409457
138746
253963
403658
175719
419377
386375
174870
107579
315044
342444
241355
208285
289552
292318
196737
431180
359036
358620
193574
157963
244366
209331
171142
153324
198778
331019
128821
312066
336476
142307
227142
221639
200843
155964
209904
266923
370947
293131
167914
403335
350456
365681
422854
363273
112104
370129
330832
149353
141453
415175
104748
416549
297628
324819
268894
264817
238145
390848
426467
113195
141111
321030
263831
445362
342735
368759
412255
366227
291575
235867
343300
324207
404127
413023
105167
395109
210305
299770
141677
293952
379713
302053
419432
338739
277676
112262
442584
177239
331947
227265
191183
312287
234421
283878
241593
355542
109787
118494
410739
245302
425903
320918
445782
365285
125247
287047
226690
375852
168587
417351
334767
191922
254819
282180
244667
250406
205126
211259
335722
123771
240856
279768
371869
289934
182788
416747
254430
405373
345368
245518
118328
445802
323419
424458
195430
250646
447308
384917
439264
125428
374037
134680
358537
329953
228643
232437
251907
272841
335315
232548
449078
200736
219320
159395
261497
412222
391331
225421
397044
371372
182535
436941
391333
230261
172148
436766
314045
187844
410440
103838
169125
135564
311831
446107
372195
376843
197970
191179
255923
395196
182404
404300
430954
355799
213999
408571
349004
332250
252765
360854
413086
175841
391247
121634
183634
188753
173627
184246
153411
419695
442618
219008
413323
365719
162130
391818
118034
145837
156173
176152
387731
427356
179545
288329
188188
313687
280018
288979
182561
366391
134271
167177
241775
253659
362909
133754
102474
111788
104383
425108
206341
330404
282260
205702
184464
256170
239688
345226
440692
315071
319532
304817
296094
232508
148865
169578
205582
440206
445988
399557
331731
385415
375703
240244
255085
343784
137623
414526
395093
423502
251512
236725
436559
216237
213210
266586
186976
213222
377807
417601
401752
287937
276721
311640
136672
347072
445061
327128
188443
296793
184156
262184
218459
282716
440545
315544
436904
196396
382567
406641
393661
274589
359952
382721
108336
336171
136774
376105
230744
281380
340497
409311
333645
384769
438091
200330
314145
157464
309674
262050
117264
227373
223777
218827
225999
252534
269432
114133
405198
393178
221520
259034
325246
295819
155943
375782
325956
242205
174251
113567
343583
450821
408319
369284
348296
336541
362290
241289
324427
180095
132621
108567
290228
226657
358115
295490
332263
218520
271814
423131
273108
396500
410525
426461
189356
143462
168784
387458
102235
182307
449697
170260
438057
157026
216767
323752
416140
235250
298687
267053
382416
391420
321068
319312
426022
209427
448538
342755
304584
199315
308361
189095
343798
297493
264153
162099
150752
405645
412832
357331
329729
214739
367362
412471
256336
385226
335551
280094
286580
430036
215009
134343
122628
261602
271857
193465
363124
255994
199692
418341
150326
248543
157924
284437
321142
344536
168441
428630
413057
273720
299225
308843
293260
404658
227218
173900
299884
209170
361730
454978
221233
175410
355514
139150
264346
200148
284386
248550
141278
114542
289542
178641
227190
194501
144006
135798
194151
440043
239325
391100
320681
320531
214132
186262
443316
311212
291717
150756
355561
255042
396083
388798
220148
148880
424658
113637
123533
403711
162311
430872
285840
271139
245256
343150
324684
193653
207431
190236
310108
105482
232745
201896
440647
226845
395705
151701
152164
387533
423279
163257
323457
236566
435912
146309
332073
315825
364683
279101
171012
108072
284884
324455
431565
377198
238352
437323
327339
199859
210121
277960
235468
159368
183471
403143
255897
350012
228231
354278
365990
117184
350701
421429
384242
154667
254012
142567
442512
259169
228833
316143
277782
152692
354032
299130
167866
429599
142245
176136
264668
392476
265556
245312
426041
430579
283894
336398
306108
123248
231208
226132
284531
399789
107309
350842
359336
249725
213154
417773
292585
455754
435358
344800
265111
315265
165327
143939
209230
352141
127732
309381
108686
428173
192854
434444
392308
383229
159662
302463
107898
440272
325555
343835
246961
426281
250892
337372
369758
285655
233913
193073
354127
448568
161850
448281
114259
145082
276652
432731
108611
210461
157728
335813
189649
175163
218162
313007
296396
317971
239361
341881
276231
257955
149169
224707
391681
283524
293811
172548
280201
294659
175415
440812
453374
227960
135533
392522
301488
360651
170733
454002
389392
420517
345848
125192
226861
221491
381977
323384
364599
322949
293510
413178
181038
224957
296866
178912
243312
309824
331473
173908
329983
448004
401453
206957
113312
207409
245649
162479
290966
389149
118762
142677
120003
127822
422499
207741
389913
421125
186331
171974
195745
406733
143603
182620
239203
392930
365791
393044
266124
253094
212738
259183
178822
409245
198030
194890
121409
289419
327413
105545
265739
372802
244035
332634
329022
448104
138517
312982
259017
180237
381474
267465
306958
239061
406347
151842
173827
264778
164020
250609
417618
219732
243570
364059
406899
371377
130208
380739
393851
396680
265398
157056
403358
165999
122144
455004
299515
196142
390970
143908
138192
382711
367676
405013
375432
453800
408529
266838
251365
411724
449005
373525
281714
295123
395395
196087
422733
352128
136623
215327
104754
436650
448556
168896
169431
445070
292000
217607
244439
353678
289219
364277
402850
314204
273646
144732
199164
331497
303514
243749
202260
160081
391386
304553
318318
312869
236011
429065
344556
126624
410527
251652
324618
431737
388531
160652
169612
280782
214329
263852
386242
418844
349384
258936
382208
154793
232273
386161
116769
347906
312800
139318
403496
371438
314423
379192
170909
128716
334360
267988
291541
242049
307516
380320
115982
213945
311284
418775
299350
417262
266257
141009
118593
165798
248574
277513
196008
382932
281679
258440
156260
206733
434015
426040
210092
233530
421295
389891
255244
277586
291019
305659
227777
225703
383934
358090
127790
198791
431393
441537
191267
436077
365750
281630
269717
429087
120277
170788
448681
115787
154029
415917
200049
390881
409849
405256
314411
369026
347012
172404
304642
379528
440159
100454
236659
401228
333778
452055
260260
281778
198538
224754
183139
378694
363787
209796
263587
280098
250275
276610
369124
346913
157717
432317
453552
368450
261138
291394
314492
228454
154644
331752
158262
243596
224130
291968
282057
360665
354238
151815
364923
377928
397859
242600
211250
126482
261351
234875
342541
167235
294790
397774
450403
296359
429583
318876
281449
125660
104343
251781
355915
166677
203657
319073
133120
257531
330345
251903
298476
235582
211552
132909
386275
444184
289042
267832
352041
426232
377881
316804
421463
454630
448758
181222
189100
158065
140520
200406
393413
109049
363926
262166
245536
117855
150094
358954
453264
298672
230626
385862
229724
402015
384594
270043
293280
261562
445880
152087
348433
317893
143775
136395
366467
407002
156806
427361
321995
372178
299854
313108
120370
135429
157901
385054
294009
397525
202002
394253
393856
324638
327399
194286
158905
391159
393469
103094
354375
198107
152367
413883
264637
433558
244813
297225
304267
449251
455543
298545
143663
250192
386894
281560
210664
102121
418741
162050
287224
122756
419852
338440
276747
331318
108694
103684
175016
297449
442611
343976
134693
419625
154770
380000
397950
138027
251246
173135
276295
303897
209381
240708
217979
159003
424546
231180
209798
386713
280180
134013
248802
315909
387390
148231
231659
434908
239615
357919
305160
182783
140921
225511
103553
374019
280260
290864
138790
227001
109026
125350
294259
169746
209514
404602
140058
311019
288093
429480
177153
198656
152003
442982
216193
379077
390349
140776
332899
203488
416456
117792
287431
190843
180231
240840
279203
378213
215616
270995
430479
367291
335618
448289
270839
380027
454138
360849
455704
366609
387127
328046
118248
365029
423019
395094
435639
380430
195846
101511
293470
325349
188959
168860
158990
384511
383836
425821
155354
282894
242271
139800
280072
226426
193736
275738
428065
246892
347371
282430
338571
132715
105120
128612
283718
357303
139863
307185
304149
410692
318799
408939
449258
112160
331607
206276
371110
166278
195839
388579
248556
262812
101724
330455
265220
341425
414894
244001
160791
427859
285629
440515
231097
378132
163811
204146
240792
389624
261499
123440
437071
341119
234402
234363
215915
388975
240369
177821
404041
202505
202268
334523
133349
333567
168621
370289
388164
234078
273875
288624
258775
287668
219796
256212
178748
284470
126635
176516
126179
285488
399117
281983
390176
286308
383854
454650
121173
354189
449997
158474
450442
435555
436186
240247
254914
323257
260719
370430
435392
268931
312438
104564
296345
322636
215964
444679
165851
382261
260466
210188
320151
356656
186221
380850
186706
159324
220132
298846
114776
204144
173196
314831
325575
303025
400747
336290
129799
427438
143387
447465
127296
371990
414703
146275
288043
312515
247447
271605
349359
383840
422296
384042
370741
453712
236944
453189
260459
421014
379026
398833
335429
400060
159836
238000
227279
276073
454671
389713
451857
351776
412360
223848
359019
226822
123566
451671
418226
378166
118802
449244
251900
441262
346894
133100
286994
255681
369430
272563
138911
290309
377630
128412
404845
399441
435908
296078
320279
192648
327941
187316
234194
160956
142290
130484
382203
348539
190426
299377
298597
274017
131249
294226
382381
245419
170485
218727
397227
317350
241403
120722
398558
318767
315788
132958
200916
330500
442291
340230
127484
329162
132467
427256
149483
351918
395169
190113
364213
311347
394686
440326
328885
285602
171341
324122
348106
166672
386641
113493
260850
171380
151371
441967
402848
402299
169925
374581
213538
176425
176955
262389
454270
322890
243934
178581
443874
220713
171985
267213
382595
209102
167683
103422
420314
294694
326869
120886
390038
197068
422046
167244
215364
225100
265543
226873
234916
101360
259986
221634
427474
239373
400090
144007
261409
298555
371658
159684
237041
295308
242284
213553
405636
453982
299056
240316
198119
116714
164187
107832
175373
409716
104556
334804
190802
183927
333223
272545
444212
449709
305873
231979
124177
352352
204577
353310
440959
404799
112206
127010
245135
350557
132098
135627
438109
267861
267749
120033
445188
197159
260121
175084
395222
146739
274089
338425
402872
211366
389032
103858
249416
444107
120435
244502
182527
233455
272772
259404
299860
395759
221705
208797
340253
172291
218739
389930
121217
136391
246356
165852
280640
224552
194290
394418
176833
163482
223683
247398
251502
208562
217768
316739
348529
401349
238460
334218
132113
274033
252180
133239
209359
348352
416564
368093
151512
275131
155115
195256
198712
388936
329141
340309
117460
101525
337440
277843
436450
374259
245542
392542
121601
266167
227881
375920
379912
383117
119768
337365
235763
284572
402857
341697
380306
330051
138636
269689
313760
215213
433279
177356
415491
385489
127763
291385
285630
280030
299044
259763
350371
221743
374816
443586
123217
217256
342908
349138
239552
286693
145674
154461
199594
250856
111414
422263
136149
432867
319063
337730
152515
404627
384636
215130
373527
106145
441863
338820
217023
338718
157598
122251
195079
311386
187922
181065
450559
406432
375826
379705
411880
156488
103389
184884
231500
126580
160784
348916
122877
441480
352914
275140
378147
327810
154304
230352
267152
411131
271701
331527
163794
356518
204188
109807
421593
311862
146601
232903
191632
236422
168181
380359
315640
328680
140914
203256
142033
313227
177092
144500
302338
238116
120331
211593
177740
418300
318636
326806
203798
389106
326505
265946
163840
278488
129989
332584
191965
275881
155978
368007
435608
236817
423911
394464
192621
289471
442794
259114
333006
367226
444400
421930
222796
129803
273086
310500
102899
117630
243239
235917
295353
420503
235478
422361
283006
198396
222032
137470
230281
390469
207926
141900
454224
181269
167115
172335
217631
103732
282639
421655
354788
433105
428467
384755
207656
209517
232366
188968
456043
405935
295267
378082
310642
369729
119654
230021
421898
408904
242746
121251
212991
380280
380210
158120
279726
253656
404155
223832
353466
207640
405248
437232
391841
440214
146867
112298
357071
437135
317959
130087
294419
420443
260933
135049
208454
215612
353144
225558
133974
288426
180807
431946
124596
296619
288074
166141
284186
379586
212111
341043
241233
307596
195331
118950
443234
172290
152363
373975
222364
295450
290921
320696
134759
339853
237643
245056
332945
232418
217276
280221
284459
115525
404023
134232
386952
198343
116059
205308
320378
377191
241876
337948
427033
251035
277216
137365
245067
404350
325024
287077
322781
384924
130663
176808
239226
151034
209273
187241
298271
179063
378573
283186
145127
275709
139541
415330
166098
297471
166465
135000
420163
108737
214002
355671
344373
142743
239550
368604
126802
309709
288447
416776
140377
119486
156988
316588
452943
375564
330762
371336
190975
427953
382186
352191
135568
147337
146291
242051
245265
417654
190221
288521
434723
273722
234827
121336
389179
309176
447261
219108
144884
289630
315563
440964
317452
444692
201919
265899
328480
426087
295662
394658
164771
368734
380589
202789
170836
134047
104603
274561
453156
225845
366115
120688
254849
401066
436526
303623
131966
399570
442679
249475
144071
433720
434361
312913
175927
367988
174545
192546
312147
435932
320367
383756
186380
326490
409674
387074
193820
169443
134289
381375
259150
141281
114595
307591
368969
233205
284809
124159
425294
196988
210883
441415
130617
333243
149024
410453
330043
287064
102861
221834
365261
225149
315588
425892
423229
449159
273082
154256
174893
432290
297921
409467
110726
306477
216278
197553
276105
244600
421804
349523
384346
227253
227786
100199
217852
270227
156278
201874
261010
438426
406071
249231
413461
274973
181790
391101
363711
360466
242096
389734
193419
418622
283358
109761
133864
427255
225877
315960
237363
451375
157237
431631
380515
403904
355031
148199
229616
278256
406706
124222
362804
226832
164684
280790
317645
445443
115584
250905
256300
159069
324469
238158
131310
215626
152843
168189
265486
291645
111323
319913
125593
375830
122550
449544
410031
234877
115303
259940
426917
337382
113920
121324
374276
365098
193994
196839
390380
295991
388641
231357
371279
228701
318770
154921
380217
264888
326527
224530
263982
429918
228484
433873
337127
200439
139591
217598
105600
417055
279981
287160
125741
182891
452893
339816
323507
200569
111523
375725
134043
334624
281401
301959
250197
232911
444804
233073
228350
452958
229013
191168
222090
282584
289949
244091
368582
445311
455423
136969
371273
109028
428287
196626
226070
114571
354615
215005
291893
202512
405652
373186
354103
402161
381994
293096
245999
256935
362672
380565
269153
300688
288575
143898
208099
386064
125629
126145
195773
254103
205364
293085
129248
338481
270502
259926
127921
197810
203182
302855
359197
305242
387517
323262
334118
411905
412837
403272
347788
343716
116173
359132
224948
212119
363569
330613
176816
232162
420165
256361
167895
259298
420132
399151
242827
199363
275063
293050
330320
303389
151236
361306
338237
217799
391153
442253
394749
114725
384272
191448
119799
297661
381671
204205
101293
327061
129016
268766
256960
247373
327156
381553
440842
233208
103448
421659
224172
176215
233476
158427
380951
113845
351206
157735
275127
273800
158853
184454
377481
359769
219735
200940
180215
130918
351806
332295
255481
283320
261929
415160
407182
404358
291248
234933
128041
211700
239723
120682
383467
200361
310444
447636
249758
408480
101491
192949
378139
282673
415303
419087
440565
422087
245505
247187
236413
455122
302052
359861
202932
126207
135882
359947
154613
435050
159603
347974
348737
172305
185832
139851
147861
285263
331226
440865
147636
214594
349104
350914
274049
353065
166065
248234
115231
355523
131955
289283
248917
304337
443213
385306
293665
392388
423187
360111
390451
414605
439441
143488
138691
275398
190262
218635
145628
243328
452360
265053
234245
327217
327168
163153
159502
306975
119957
451953
160975
162042
131515
435565
119421
346706
311160
125273
252416
442955
395675
142011
219597
283815
316425
448575
401093
333081
301283
214567
266467
126504
404889
138120
265365
331941
130590
237169
287154
343433
397858
342349
151645
455177
152747
416546
240162
351105
347412
209421
194549
406716
213801
219093
263901
276992
114059
444180
398945
221431
203731
227795
444392
369521
410173
189510
453187
111915
359257
269308
217929
426795
215719
361844
252221
306909
362854
406000
319208
168910
237359
301659
341656
232601
189932
188494
301108
245429
226078
246888
373040
119413
171040
211806
252841
296223
439837
295647
184668
382030
420650
363471
296258
131265
261442
131262
401027
111087
109729
431567
186329
149055
224587
283543
435399
261063
452498
212979
162299
118200
175592
363357
309254
238048
451612
127502
182648
212732
335737
256343
447573
212975
196854
123170
197712
443950
286182
108532
429327
134184
272548
306381
224301
416927
200076
367819
114021
364946
192197
342465
422604
163876
241580
257643
356509
235140
430333
193621
339046
412722
124898
206771
410825
426525
425846
288561
169575
179378
231560
435240
389770
168351
251239
106263
157185
109865
151062
455683
433402
337681
341770
153444
383834
140437
154559
246522
398361
218040
453539
442995
222018
435447
450542
363488
398819
371582
324452
379092
355493
233144
127609
453225
348310
374476
203029
257105
396595
217879
444209
361634
346085
130433
239704
264477
296355
247948
348601
346055
287478
409071
242652
183624
185510
320024
141733
387250
147922
228717
194524
453307
356858
245390
349792
450574
400631
371033
128647
249524
378375
322908
338828
404656
183623
124377
325084
324370
126003
383031
299217
427564
328674
223362
198313
147175
288877
445711
405144
271765
259959
127414
125870
261214
236637
398670
334935
428798
273830
107090
135570
265768
248817
123339
407326
163495
254668
291668
238047
312702
343575
352054
390726
152224
395021
133433
193244
126670
437162
177494
411929
358385
449730
413540
148154
299916
307237
356622
341460
287013
345740
277568
362519
447079
228970
226009
356410
282842
125499
106201
262323
361191
351418
394029
444306
141749
148428
148988
430347
222108
433639
320006
116861
182230
359269
425153
455661
179230
190414
373522
283950
425897
146024
241045
266687
312896
296892
341012
228413
285837
344447
411980
442120
454748
349767
364022
169642
345526
107119
182415
454043
443801
388181
409196
276424
297601
363661
303311
416201
359631
184012
424687
175496
322329
444269
361365
164539
273203
148460
235610
126511
405072
332072
169820
383148
345667
161926
236584
417314
435451
329836
344919
391604
307695
156835
440718
194193
262436
105679
348674
326729
237633
403146
130171
115126
384999
141631
320513
103698
298396
202176
208474
174592
291507
366004
290458
126994
190506
148720
286154
454051
441112
122723
430592
435561
213548
265980
144684
330662
361721
353719
194113
309022
307567
220238
237664
256057
424349
314665
430517
241015
252684
429112
235406
453472
380998
339198
405471
154936
113768
168500
102478
300617
386958
422898
357871
365230
346151
433907
103439
190004
297288
128239
400637
379660
301234
147151
309686
118481
121573
331785
138571
422354
152836
285634
455552
380593
272007
148472
166712
285261
230013
194824
151406
283444
371699
352269
334543
179185
237121
124889
142526
150760
313876
164791
447093
256210
294689
412502
382388
169485
374592
121471
124491
264027
424944
456101
251183
288991
188288
126456
293404
265579
140319
352520
272436
321137
410486
445883
219080
239092
209433
124443
405782
236760
206244
156932
260138
150348
376014
194409
245493
179115
251618
229346
409576
154885
138261
373641
405961
284894
180334
406207
256508
302822
186744
148741
114811
288373
119373
246067
349569
291851
153985
326533
181852
141703
145731
258083
223557
304592
232349
269258
349111
235302
381705
324666
150379
248466
171267
169439
103346
375218
210002
287456
287612
176872
292594
374667
372259
252731
148301
268492
347795
424844
166826
324435
357511
446335
193604
111092
129938
234806
412295
175489
444188
324818
393032
186774
323414
395949
364453
170055
455037
306027
135240
107992
254086
197016
404809
206335
399405
220933
167864
213320
178082
382509
135131
193355
176909
166631
372260
412702
264731
426227
162904
391378
434257
266027
316774
190088
201513
136307
301191
270378
238901
264860
453132
171437
452839
406107
279773
394772
138412
277825
242422
335615
198998
299049
375459
388832
327085
131789
404691
209634
309080
118684
222286
121395
149311
296982
192552
428202
187747
236201
326108
307694
100788
103068
351586
108512
367781
159128
385247
234977
223705
310005
140907
196710
386949
390863
368366
165948
357284
305249
322910
363442
359217
453200
403055
419844
181339
372864
431216
141471
180863
220441
252510
337074
147028
275689
358306
445780
420199
324985
400851
252466
399662
123856
323442
307291
381633
282097
313997
302015
345131
233903
178463
451889
214274
352338
118240
222649
140695
175708
263923
394995
278001
139576
364852
322844
287516
204351
238130
267718
186481
208260
242348
339566
146439
149748
138704
249494
421945
119349
309233
100710
254533
173672
392257
340889
188596
176664
110402
275722
377324
180219
160240
142326
168617
384245
213277
348360
122395
406412
365610
192301
197128
371329
179579
107657
454529
189535
439189
287420
130223
433224
162942
322901
245602
422224
303785
327108
329174
182078
451963
398204
262035
419738
169574
150559
259641
262108
164440
212280
193062
286046
131472
194730
161377
382670
373066
260287
112557
387229
121231
196231
285064
381575
239827
332987
269332
203197
110062
355838
416189
369674
349907
283804
209666
324488
369093
295518
346285
225699
221803
301878
100131
256237
314116
217928
445889
118758
443374
205952
242929
382653
378149
338829
164337
164872
313500
218171
289407
348341
171896
156263
385458
204006
331973
440348
448804
338823
272989
110962
340898
297743
276266
416067
221512
434566
103207
242887
250228
359859
138949
425691
117883
278336
108046
411564
434622
334921
197849
155427
168689
379449
148173
195138
188526
291181
112064
195736
125630
102925
133913
444172
210852
432095
397264
293318
291037
419256
395599
228879
257959
372343
147501
347299
102945
394220
370106
202371
230061
330501
435731
113359
387217
280035
239970
384590
348110
432225
414121
263819
212719
227150
405604
128357
185271
434072
128969
318725
391115
426114
142873
130841
268922
349756
350870
268158
344607
340565
187533
306157
204899
354859
169445
267366
237542
232112
104107
455624
283299
405882
169029
167172
257067
360594
186639
448898
307905
295214
378646
405235
140281
191173
226118
228590
191657
255247
248456
134324
411356
409785
141108
120998
215833
339378
246083
242727
128553
266722
388402
439224
156684
102839
354373
302375
398674
250102
327801
410934
145488
338287
413585
186351
141770
452809
338827
119292
275885
197008
121755
410401
419187
103781
257741
338092
452461
169312
317886
315336
181840
372246
347941
305458
117975
262304
379645
373344
129199
413582
455653
139999
117866
362270
331721
291173
338163
418321
455499
450515
147393
329561
361944
168070
136804
442923
348279
149193
389410
417385
438024
183718
146238
452116
261177
168188
216843
218124
370060
330195
367078
371739
206553
333389
262176
439487
355555
383179
416261
442774
224857
198369
220074
423072
126466
430330
374645
198970
250368
431927
104224
141408
394997
148966
135101
287216
387063
355710
116617
138994
231596
129844
225724
210450
173577
205507
196313
324823
436688
359090
323217
364521
394400
231037
340648
320824
398815
384402
131587
308697
120223
326253
381225
215276
123040
231131
285073
441057
426163
123166
265773
154415
392596
386701
323868
143697
352513
184225
106773
345522
201117
289287
263885
434208
349173
305992
452354
392194
177953
236269
202308
237013
138464
211681
244454
127276
391616
232326
435735
281032
116088
185122
414853
410509
200471
389438
112229
377264
326935
159452
116518
345210
286731
397374
127713
358169
214675
337028
152957
391185
151197
208388
284994
149002
168867
356306
182413
226880
247579
182445
201934
424172
361219
347743
229183
110071
428535
405749
211367
347141
406687
189745
295805
353722
154540
312894
315752
203099
119271
380144
208255
398144
303128
244220
144679
395913
391348
323133
104523
210783
302353
308694
310488
320053
187644
139232
244645
311970
231929
300473
151418
309845
207861
159066
408366
453434
404284
417054
138567
278052
439179
114433
230456
112871
313962
258580
137404
152830
390280
324936
238342
154275
319936
169639
341385
144471
247144
305311
154526
179016
110574
372982
121179
313928
172235
321954
245179
135707
410993
112325
130904
283853
222899
454866
400265
403505
171746
393618
343536
400617
215619
420501
214799
418427
442523
123340
188190
118467
100236
288867
289834
341623
269570
225653
375261
269078
360980
205102
377914
394352
283607
178057
259051
326430
161842
209449
421149
400939
241873
452737
357367
302388
345169
318747
278590
299813
144994
197098
268915
136915
142522
120401
198745
394630
180375
115359
316526
393297
420551
337425
369417
349223
248963
398076
188608
262179
432874
132063
267980
255069
404167
180144
118895
354400
350975
214232
432583
380792
276038
285274
172837
257026
315991
266539
330109
173676
157238
269558
369288
386406
323932
231710
202171
286915
186107
120524
223623
165827
247045
203819
118096
337782
229513
424120
375282
157659
301748
131767
404412
321376
372288
289911
450972
381062
172283
263699
355965
434249
362093
150915
285814
363374
164178
102829
147185
137164
370940
244577
131059
445403
390557
334462
216484
440523
294219
290167
271057
270538
399513
299204
321010
390111
188189
230850
400273
120818
370756
344255
141769
360084
389283
115319
397196
323100
285661
208561
158210
247401
237289
168727
265087
193157
126079
452637
180538
370011
186828
398015
129996
315172
351162
193257
450217
422576
245117
444781
402157
228337
425874
220508
416838
422890
385697
442848
230270
370149
294597
120958
164144
262110
341779
225669
354535
327397
427544
127125
222879
217848
127869
306099
243463
252591
219617
201790
301190
292658
389647
268628
212762
447292
204469
123723
454616
421203
390809
196629
259978
229429
451921
391404
434003
197026
103917
132652
201892
167778
137850
230210
454420
319686
216923
439315
313296
155163
171122
377503
108007
250130
116962
100594
101864
431722
226603
427224
344281
436719
403381
378301
127800
349799
120582
134934
170899
445181
316562
310897
429543
265952
321285
455039
417231
129525
362999
114347
390729
134252
260363
106700
240379
163407
186387
153518
380894
345384
229841
147542
371670
350622
360867
128139
315904
422285
381893
437567
328010
448179
140931
262808
401729
159763
354420
243641
385051
135856
325530
408025
289859
281110
437817
441015
213678
354745
334950
295944
140069
448098
103652
408501
203626
362957
280172
323123
109655
450138
451312
453757
271405
185445
120267
210085
375503
325771
301966
274580
285136
353760
337794
379063
158039
342473
403740
380638
316174
222007
132710
445726
370883
239128
411602
364880
252101
377356
229633
309182
244139
266840
369875
314436
427242
190382
387791
439596
381524
319239
279660
146178
260706
376358
427167
395206
190107
205433
339732
394915
217837
248696
309961
399829
155103
389837
397038
339665
171854
447095
311991
230932
302710
371461
188548
161348
121484
106566
414933
344033
234445
448776
341389
380149
329276
126439
224725
182646
163919
404858
332937
260521
242977
259243
310747
367503
443764
104054
237589
432565
196108
222630
309115
385292
432963
303059
361789
389681
163454
411857
136527
407505
297846
158399
280917
210244
160073
248333
398459
200051
424607
218798
259213
128621
260532
153078
415627
333553
226963
412871
359009
219090
190149
239713
314302
303799
278538
427835
292576
305632
429417
345997
449373
337501
141956
282815
132051
247462
113150
234851
222849
298266
117296
171405
408034
175861
314222
258015
280792
209148
278404
171902
184585
401341
412864
209797
321581
414607
432013
407499
386340
163476
326456
245685
353673
451824
330797
188481
386174
180009
144892
238465
287226
341327
442166
351462
299195
441013
401623
426695
387991
208126
248430
406913
106422
230720
184436
250063
162064
306375
189654
169655
365884
391511
445468
357921
138990
247773
344112
282935
324085
362311
160315
133205
202788
393767
436950
275340
232039
283766
369232
441703
351745
308630
211766
362728
274697
216652
255307
276749
139261
320222
376123
386427
350513
345642
274778
103608
418068
143297
403243
307839
237295
296310
407009
270529
451517
378244
274782
138400
405180
292207
426570
443518
394637
151457
280280
334219
447400
270853
194593
308374
189727
241781
293398
245734
265755
451997
381378
276612
276894
372312
378177
443543
427981
347278
317689
172957
256566
239064
313610
302210
218004
140698
353839
287310
103841
120218
114042
172489
251683
261891
168839
158302
188419
450485
303853
324761
319548
266385
331503
434294
219190
360784
409675
208372
101954
341575
202828
170728
161855
414753
272318
370101
375288
259214
155521
311712
156776
218456
306584
292209
358333
185625
232158
416906
287191
224884
221385
197781
303555
178076
114239
325870
413405
208793
310812
289703
273862
165799
330302
122355
419718
259972
141883
437073
417816
165250
153294
399396
435854
433294
219956
319324
228987
268260
415367
399567
294077
131818
270501
339479
411351
108951
434825
408004
429478
213825
368175
394988
148133
205514
113434
142713
404966
215572
350486
107705
345003
215051
217839
282764
129749
285378
452175
124009
454289
434039
187471
316369
362195
144283
454585
171809
416465
184887
205979
435524
387516
222903
257072
416738
315422
170704
287107
452098
262975
375149
387838
369048
219759
267038
224703
119773
233644
325374
323556
342536
192975
158137
350996
154194
355777
345967
133312
410056
207199
363772
162267
289903
114950
305127
168391
233299
159954
373051
311210
169957
198129
442071
356131
321703
308282
347015
277094
127847
110982
341699
365138
288484
348532
189677
283357
195797
165882
449027
164313
260668
140393
435696
134933
126253
391721
105391
349825
351826
277809
349774
300564
291832
132536
226715
285576
297442
355060
107414
395154
221920
375065
336391
409307
132938
177365
375834
192784
239780
237764
166259
431840
381076
404568
247666
424308
184449
232406
284528
204477
128584
260559
374236
251811
176395
150244
348475
113539
232962
274640
304252
288238
364708
435859
189521
305454
156351
280829
282468
268319
209948
281510
224452
223653
124080
283514
220486
284480
433317
330224
170659
306882
427808
374511
286853
449315
160415
319293
189271
375786
401181
403123
329862
285884
342613
273132
294544
384074
376749
112635
398756
117083
147277
306456
110840
104033
207493
266423
455860
172412
331954
369645
242184
105711
446899
339235
213651
161357
404264
381297
255379
358004
406189
372061
111896
435934
193869
143756
372187
304541
336052
203225
419219
200235
296774
296353
370519
147228
186304
319508
454877
253131
171072
237877
346258
157907
365265
195283
431719
423885
432137
433426
365277
351645
230725
329092
206260
415026
433187
278221
365933
442023
328130
376164
121338
372372
254097
455588
415858
132999
163161
317113
199716
341225
197192
244344
364804
411297
274116
275877
313462
381302
240053
304458
112733
353575
196718
151439
315438
370695
282907
161735
384443
347965
192589
191125
242113
230223
384049
308720
140408
199407
147268
310438
402898
435797
222220
316716
267680
282467
100817
226144
271532
141272
390135
272125
184427
318836
179722
150026
359280
160161
221719
347202
172112
328961
277540
432397
310289
165839
117345
374046
444545
156059
365513
135968
125067
327123
300895
265127
426909
451254
362821
251528
429272
335389
329391
263927
174848
267414
209092
191323
298874
177432
417838
301264
407171
211821
100448
200020
342330
138291
182635
187693
294059
253370
113344
414158
267201
269687
234689
190521
212852
368675
241349
312492
357040
224318
441804
446006
285536
428082
183098
264353
108187
154145
299271
259510
293564
288655
332490
435871
337183
196403
192064
173256
228567
170798
229657
295654
368939
349502
250715
271051
352698
166780
243319
222003
109693
199944
380160
322155
116677
195692
316999
143096
385838
334266
277173
263555
418744
429867
244172
378424
291878
446723
393825
182595
418211
206501
147153
135881
194069
142015
293180
292595
391975
172165
378636
437416
219863
379997
371261
215034
160393
352167
318460
371601
284488
317775
201121
128564
218373
172236
196567
342009
382460
273435
194834
252202
182203
249787
359835
410790
385170
419390
390251
389639
352957
346885
253484
452100
425181
166491
177994
324557
320078
380461
187453
180166
296328
438576
398133
228571
204766
430515
248291
160299
312432
386776
131434
126323
302060
330341
285724
118396
130234
339765
445035
390737
324467
190373
405705
197815
428866
190469
334215
285256
423090
122155
125390
118984
432422
374603
182076
383589
115585
430725
351660
229333
432315
125583
160082
100767
137968
438824
408067
244486
375560
258416
384516
199939
415508
137841
114490
342106
437036
311096
154434
234859
126319
395928
262293
432025
252919
118306
148863
133096
267190
200128
184594
135454
404688
206594
396591
413329
263145
245415
120901
112465
225918
314113
307215
235981
420151
300589
129782
427608
447306
315646
402896
352796
259032
394725
383502
133542
421181
195413
152995
351990
168479
170313
430613
243063
225745
133109
283004
382029
268905
202601
252274
242223
157534
402620
323305
115353
423094
365567
254388
235159
208327
241021
447490
165444
121113
195913
372968
141153
397692
178198
109876
242463
226721
270835
275180
229372
131527
179270
438494
227896
364336
309338
347645
384945
394427
343509
158055
431157
216439
164763
144081
153238
225866
449197
347359
418362
381850
449542
445289
320272
381896
292384
343771
439715
121993
298472
309336
146302
118770
209215
414349
336144
438297
184244
115187
334076
125932
455323
357051
383281
405549
148008
353864
234860
170150
311207
389072
370466
258046
451117
229933
334841
403915
122428
351767
127551
416763
375572
137786
420367
210369
227289
261648
163606
444993
351238
168401
350209
450040
203094
199061
284485
354810
215613
310677
175521
152196
254101
242303
231069
172542
259815
136141
213721
453387
116049
144927
386227
287246
229213
155111
328119
227188
330849
368855
218304
426831
338925
129952
258217
303559
188960
346195
217421
408700
358063
160889
312575
240999
171925
362116
151334
153618
314859
134303
103510
349863
438533
234285
208964
407712
408891
288652
447132
366805
176012
122320
361506
434635
180584
261596
140969
189768
335186
291819
298695
156486
231095
252778
339956
366453
287364
206574
362077
401159
218241
377486
279588
124127
272542
251873
230168
327867
253309
197925
147180
150933
336212
272483
396785
206443
384778
385261
262483
114343
159712
308104
128444
196286
205249
173778
297890
394624
120639
219825
231797
129544
368442
398979
195264
345289
302027
275926
132478
142882
407571
113891
164457
365090
126149
131841
250628
239860
113815
294446
411410
298803
214664
319627
204724
148036
195757
405534
318102
134404
439001
113656
135544
210138
178999
394896
162478
404450
388956
331044
191886
375152
185016
328365
221607
118022
307087
400996
237011
119770
122737
221123
127302
182080
329208
290288
308484
228745
313491
126098
426757
304246
316415
296073
324786
350058
224903
411569
382776
297831
357972
400219
238741
170345
426457
130985
185289
375907
136556
173141
168058
246026
417164
320996
299287
148200
159794
115104
252648
285332
133740
436264
170956
318134
448644
443938
378155
416702
110796
177081
297766
186497
382420
159945
149543
445246
197319
378495
208953
105921
355164
318050
158040
252654
367282
266924
245847
288014
120001
425290
421053
300112
244120
187859
389031
410493
135668
369848
285312
442925
375766
370842
173025
164118
214890
208537
314559
425673
275794
352215
440200
196470
301484
281316
180274
154897
393289
248073
323807
318383
322349
423657
165848
270487
325489
406980
108160
318409
398158
257329
316271
159931
128954
311832
347982
264356
182606
213560
179835
427598
306684
195555
257247
397243
360041
378430
222385
196734
187458
152175
405596
139139
241418
337071
174408
438857
238193
403056
325382
115782
414405
189938
154910
274280
326883
398305
409106
410757
296165
205461
148304
276883
394392
272924
178732
245360
116603
420773
155058
432570
358019
448896
333235
412917
210545
162053
341062
428103
337175
267370
332434
126734
378940
319409
291219
207980
396923
441407
338941
267105
287691
139378
194365
378663
400586
219518
388638
214283
379460
134861
293517
207822
180204
296151
154696
256226
316401
212757
236021
181025
235616
279211
104739
407647
238515
295108
287243
450362
376842
441234
259270
257908
296256
220286
208697
426657
278524
251897
225635
197331
138760
356111
440454
367729
389664
439358
135686
280057
385322
180830
446595
116391
172014
443472
253393
430852
138234
249105
283396
272475
122498
420147
301155
247355
268640
161564
349119
265239
249288
132409
272348
264711
265864
185771
236963
189465
120471
319556
378782
323683
391423
208340
258940
211925
396356
398639
455258
331194
158648
300441
373941
260846
290685
237741
193215
291208
367501
141898
287991
450631
380911
305404
364480
101721
451334
185748
167218
386515
187672
109436
113981
339207
304253
156481
250372
207259
141926
284052
145506
217160
163468
388813
393914
198146
144731
166958
176788
139050
379151
280222
186000
240715
238008
317008
369206
303503
453164
300767
269999
445453
298706
171613
118329
246331
169337
241819
448980
302040
105543
170912
104821
296761
421214
354404
114226
322691
441111
186009
241295
448260
397404
401019
158319
381910
431218
382226
133885
344908
373395
131234
446646
375164
301827
387136
251187
442738
133491
275547
188874
453529
309519
326113
410193
265614
380927
450643
313667
376401
201899
432688
237204
321320
165425
273736
436473
455724
101693
184562
387881
249163
117213
427538
244908
373611
274474
156990
275277
210560
107872
191105
190773
114896
235653
403185
376587
439102
369395
102870
209145
451324
152209
218338
425218
208031
391987
322611
445603
116240
351540
313279
343866
167358
222445
133127
445610
257944
454408
290594
411490
105640
340437
235545
383026
378319
356859
417021
105116
131220
323700
258172
304183
297873
408323
292613
416259
317498
305685
127167
370930
192874
404517
167493
232770
358944
281429
377210
100401
447780
222917
156114
369242
223813
113461
105324
249937
148167
168942
305119
290623
215675
341998
220045
389231
380254
394196
378186
233162
109814
218277
107224
109194
338246
332034
388041
299915
317699
330128
280645
305911
171049
319888
434983
251887
304837
106160
117622
338156
263470
185253
366407
307025
134552
260019
236704
443846
323256
122878
311104
143230
152539
343017
223980
220461
313616
448729
141210
324542
401596
329920
387297
426758
315590
101425
298021
275317
318529
251554
161904
181315
130300
425617
288227
434115
341925
360220
361702
190363
129492
237472
440957
138904
377251
358353
430053
286805
295982
259495
260809
133157
170079
191000
160187
202097
341382
167873
303111
361039
202104
391959
368329
398906
388037
247893
236148
450746
352687
362037
209825
325996
290414
327481
153797
310543
257925
118743
302055
391340
398131
267140
214366
419902
151360
449007
167050
110562
302214
335571
183227
316800
142330
431154
219596
247810
133419
387013
219258
113932
154652
423198
316762
455343
286301
209975
440474
144362
308157
107629
173619
262863
344170
120915
175957
234248
454186
363052
239729
170625
399610
144323
132043
264974
300416
435670
182935
214064
161979
277879
450346
350578
202522
191442
276082
191842
218715
394402
401711
390872
330983
345950
226419
452902
301250
369557
446173
123017
385196
288894
116337
223280
354977
242071
308579
177497
232523
330557
289510
231816
230563
281663
187467
407590
376560
350181
136520
453263
404840
191723
426490
423265
252351
206568
379991
311560
338430
169916
288770
442193
198902
173090
193109
280200
110879
280306
205163
350447
166229
266439
229644
327440
216668
140048
411825
203194
306850
265292
429115
174464
154276
269574
444433
117877
134964
312079
395867
407013
131164
386211
392162
153370
230019
224602
199468
259939
180580
334799
301928
232568
269933
379724
212606
225506
386107
298209
153564
339312
430565
363800
200351
177620
255878
426588
138680
395321
444511
133215
224885
322958
114039
411726
154952
239423
289389
148132
202715
103994
452593
134357
139119
305741
357681
385547
295835
267273
241363
452703
123493
220570
226906
231158
198993
299164
357414
247389
234185
116339
337184
155057
426003
268946
312683
325346
314595
359313
108754
316068
118054
453245
287806
117268
193571
216959
386353
104163
402679
416525
114139
277789
271852
423378
273754
337918
278763
365812
395034
271291
248157
323031
309911
128697
212753
178653
291504
413228
336906
255150
293945
281625
140611
214637
292984
217540
266263
227548
394838
120373
359181
341978
230911
358687
418392
145528
330062
207675
176746
225543
406330
434227
301680
408623
361213
241719
438913
344193
340010
440182
451989
383476
406635
167927
209866
341706
244497
186694
346761
204947
239753
120932
348625
165691
218726
188652
337185
427572
273224
263334
216319
455815
374363
453219
152857
200004
443386
276058
291734
321284
450305
275698
110678
253351
149290
127859
179215
151243
427890
323730
240349
347375
244885
377277
358625
339127
285937
195605
233155
409134
367571
207183
295765
234982
363607
273980
379252
406339
438354
417621
268774
107157
436483
133440
408718
108300
308575
226128
162795
359194
139611
301616
435038
140726
258732
185959
183910
104177
403057
449588
402225
367832
258715
442675
237646
309460
394148
270814
277218
279740
285716
349766
138897
234957
139915
118754
277811
336770
409466
118554
256341
169133
384585
223751
117578
130480
288335
171332
143478
121092
173352
147137
337933
328226
332772
359746
424627
442456
282563
133568
360710
177553
284250
164525
299285
180798
337220
339962
311626
328917
347752
430705
374120
353315
171941
230823
135610
309135
443476
372283
427301
345178
337306
303022
376681
372121
284130
379593
313086
110775
148985
301418
223621
196295
301630
217877
344218
418102
193472
170204
361674
263557
455449
455622
237438
198494
404894
337535
232492
187362
147177
431676
424167
299736
243199
261817
202775
252874
347794
171194
211042
214736
366500
259046
408795
173689
189197
379260
293386
317096
218570
362497
399559
215219
194239
392782
137240
431137
328979
276864
118453
306141
381326
309487
392021
403446
291485
213592
366019
369370
161370
336078
290985
222963
334499
372306
281140
219789
253640
147799
363851
295319
131157
227180
139764
317731
355251
225684
386702
417707
191635
364595
432379
287469
241103
289544
299337
178546
295577
208335
224028
218216
211481
448943
191557
189050
283643
217718
355596
111372
159863
169408
348187
343882
405529
272873
315075
103549
103540
233533
296986
181384
133470
310840
202448
232730
446009
109029
403797
301565
367522
350696
116914
172578
217299
182317
174714
283070
308700
431119
263859
295014
447497
253161
428341
335982
357324
110654
419079
119543
433348
196009
251247
444377
164364
211506
136365
133188
435855
150309
343964
397511
285762
103635
137873
103593
308016
323000
115946
128614
338858
432012
294534
291288
381884
397321
354068
431891
400595
157622
413300
155430
111827
106847
200578
384399
402159
438400
285989
297726
242834
374861
163142
206057
252081
177389
405059
336542
447544
115664
360907
130883
122991
213841
371050
142547
344933
153402
421209
401556
400080
191095
420197
282094
223374
403622
445558
257111
152704
347725
147928
204114
195650
288388
284154
225169
272306
394897
386334
268339
348447
328296
209072
192521
226172
407282
280580
172762
311558
312038
447388
378914
431197
332556
155011
157259
368846
421662
253289
405874
383726
281249
348967
413253
159133
384015
262502
108434
282369
215806
312430
293747
196266
221301
432347
165741
296895
204738
410177
212646
101256
206399
412474
324099
454606
250314
293422
364420
278234
215513
415922
454993
190720
194311
444009
419858
129041
223269
343957
260049
138891
193626
359552
184132
398498
414317
419730
392040
125495
191087
182233
322923
181700
437606
293866
307035
413414
173267
428568
246869
163210
177608
366528
188821
146210
337144
296707
102668
368946
277110
324481
313803
397504
101559
302339
270791
329404
144123
106845
155476
148211
135501
226440
205530
261878
143919
297359
297620
380148
396225
188397
262064
375639
344664
161058
201973
188315
369517
190482
445056
126130
397018
204399
431982
266495
387259
319946
162552
261426
165942
212244
144749
306082
398474
148550
344946
251710
279665
311527
394812
144432
381788
374327
388722
107562
278900
116172
204538
336918
188058
243589
378556
101220
298828
412692
281186
417833
387949
146581
129714
340100
185400
114467
393546
351433
150930
313331
158110
391533
454894
351544
222208
392817
282652
249019
366687
185352
250172
383675
111666
269368
357966
428500
323749
428949
281533
231376
309458
166340
371655
147317
167939
218963
258633
383263
320007
366464
225263
364542
421251
336093
244733
198616
135918
197184
114437
140610
406997
366586
329756
318309
183380
165636
136853
395390
311276
441506
390772
287875
408589
128419
380392
285868
296444
352680
291564
403469
129548
336581
363224
351463
159576
195965
291691
294810
171586
187929
426162
418382
175856
231998
316982
286120
260014
307599
333582
183594
440358
297377
264150
451021
443473
438595
197844
187293
271551
268742
160546
452967
356109
229253
263884
382212
356394
443302
425190
241396
102873
258240
284827
318781
266922
214864
132479
194988
136082
332010
145235
264957
424915
111457
150546
413866
319359
212879
341275
288737
383799
447710
357817
211440
356685
412695
441775
366072
420950
234845
100693
311805
414899
297522
179575
244236
176933
448833
167304
385721
334314
195807
171874
258324
414390
333349
302441
330060
390623
107738
207904
311147
287343
281617
378766
128006
310314
173991
286442
389190
367051
263026
123949
193404
300036
439926
193591
346255
400754
315431
180175
275567
312087
289476
302872
133526
159580
337978
279616
207363
201312
336825
142324
206440
155055
431895
412789
202517
137461
313671
453203
353637
192633
144303
265505
148974
433761
153605
114821
367032
142810
285454
156323
402204
304509
309695
118362
232305
383643
226119
135829
185797
454731
418153
158510
212431
123309
418748
121643
312805
224299
204810
314990
416535
279995
353718
372369
256184
194394
352847
250705
187687
392976
210557
360529
164115
318920
272056
162198
436111
351415
317418
142062
400445
397411
453616
404271
443765
127760
326928
181610
255211
160743
252945
186288
369377
265668
219261
343512
221406
307454
188257
415136
233520
167130
433081
211913
346416
355742
317370
439176
304467
261042
357570
308765
226113
441445
188733
450486
156142
339863
109841
235376
339088
126519
390595
177197
199411
330667
294589
449352
368738
338252
110586
369094
274404
354250
182488
361120
139137
169434
211514
271113
430500
129361
165011
143243
219602
351050
231062
186626
439944
445944
253204
319616
405994
320629
284400
217081
232013
109170
343563
190571
316610
346558
437231
125034
184460
107393
203717
436561
276078
411235
190517
252259
190365
191877
378778
395794
353224
126962
258953
266217
346593
196837
454907
415704
177662
115225
261158
440097
329707
139346
359007
113737
433223
138011
272491
421771
456125
418082
294990
363504
222598
295877
227102
169700
154019
259875
374979
341991
380186
232232
182433
244477
256242
325334
445961
271690
136272
328996
122952
435028
129751
266225
330595
317164
246819
314466
421700
112476
160252
141051
283808
228838
221065
429978
445389
407195
174321
446719
353796
404769
289264
271335
364126
270168
256586
346050
431701
170193
133066
147898
282052
220233
362026
322776
140609
383424
438955
287829
156466
425184
182044
105623
152517
410957
155219
450100
218930
346776
243321
126935
292991
367700
376612
306559
240871
132836
436078
306911
198707
207608
342568
187778
416164
226916
264715
168514
406593
100640
445613
306667
363852
269937
218477
343128
361144
421270
332689
282943
450122
212814
395573
240241
119242
209616
344669
185222
171268
305327
156250
172491
436890
352887
187472
241089
142639
240728
350850
335464
368654
310188
115579
100214
451884
169643
242769
379522
382104
127931
215302
354066
174399
367660
374404
342471
323214
116350
328146
268102
239846
409755
384832
367951
228179
266981
369973
142027
275042
320211
130980
200733
157412
388603
238777
234457
106828
166574
310862
247362
313579
231724
126042
138331
133389
229525
114698
357074
412157
274060
398470
303053
219527
351875
394636
177486
392471
110509
241546
182319
421221
235707
287147
221143
248312
334264
295226
243171
202987
157021
421330
113024
204864
393899
251653
148407
315722
320676
282078
360827
401259
127324
364255
190815
336081
258472
310272
386407
212768
139460
420657
148195
327671
151886
229986
288806
414758
197417
253937
116516
146676
136998
400469
175772
392487
393409
407691
108725
238124
387195
299338
401893
221862
240988
294556
234058
242374
353668
124346
131714
446722
257438
391596
246121
398176
444930
431989
437164
323420
119826
340379
401638
441345
332313
290908
127945
415022
251231
164100
363014
439776
133438
210633
404669
245988
348711
310538
390329
167918
315074
346945
374474
374793
125613
430326
413705
116218
173820
252053
424972
308783
209179
145360
373973
264625
219009
235048
137965
412606
326363
378102
191829
447610
194086
115295
164250
192388
334761
389580
426439
192888
153015
210593
318648
285614
308343
129418
412725
336919
407010
282049
234597
414862
414914
258476
425145
377400
117673
124598
152099
455257
180440
431360
262127
382453
375717
445212
133517
128202
381313
251319
428186
218660
194466
206886
100816
244375
175693
113062
147051
183851
309389
169419
337297
211038
417613
371661
312873
256980
230493
250996
406932
235429
455466
113445
215118
220641
100018
421526
422735
262905
338588
325638
117806
273394
425065
196134
124694
184104
158334
389789
355641
136759
147679
382371
125148
386032
164965
226370
207274
448452
366102
383725
247726
128809
374966
207260
137986
141521
311586
108770
423603
401887
391579
375644
423814
180551
303657
304912
218566
388974
144743
201405
163893
130729
344668
412354
185507
409256
448180
109496
205742
156304
203385
355252
218526
172257
158279
200042
269739
299901
242199
120714
429029
303582
270963
222816
268410
101201
137102
110535
395199
159719
282163
199291
142769
268560
328250
422800
309661
442376
160624
360066
377244
106424
123272
399106
442759
448614
429211
289736
227563
362276
220164
240502
295785
182789
286687
292186
298602
451068
267034
286022
315340
304426
112489
426874
229992
102031
195422
171839
293461
331667
128365
343330
451949
237905
180084
359213
147049
108821
333963
184474
192167
108909
262843
373183
387762
269200
393018
145021
385672
280330
198407
406895
319757
175911
367280
309677
389769
241805
408756
116805
290240
359905
407263
335864
270825
167471
426079
225737
154838
287470
222210
302651
252745
184349
370394
245047
238397
371408
136697
295400
131413
335279
283228
434756
372206
311430
126691
289465
140116
327371
137568
206580
346800
189755
186531
257230
290429
174447
102250
222216
276396
424392
241081
109424
297753
221756
215659
341351
367728
140088
107316
429213
234042
122209
107150
126292
424377
395074
284956
150584
182971
127699
293268
426043
385373
360895
446701
308906
198196
143498
166695
195669
332210
250716
146835
410649
262422
431598
202794
325249
182395
119785
429965
282483
358787
254177
265235
450121
371622
193785
196318
372180
243016
406767
172477
347630
385826
283939
108357
164741
414294
319414
387912
380568
357950
163891
219318
226974
113214
396475
446072
378896
144839
225099
103811
234993
190203
156054
418961
399302
156866
119905
127452
211941
173742
254681
229995
173269
311782
124005
153265
413099
151462
247205
163957
150248
377154
196756
197337
161833
141633
390685
290011
454715
105503
236726
289888
324375
173406
341773
288942
323532
376514
225677
416668
371100
238503
274324
196921
274830
368403
366274
346486
116365
201901
453693
331369
168676
211173
173346
139033
229449
373571
303866
275346
146928
295726
233279
453031
107326
360690
130238
325037
134970
307541
325700
144713
123118
258646
117040
226919
366457
433054
438052
408823
269852
386448
149270
259604
138693
208580
399094
196438
174377
208883
140908
435369
321850
157322
245852
379138
372158
193747
343517
433698
429778
411071
330697
377270
447429
301505
308113
251818
268164
363477
297723
324321
422824
216771
263115
133686
228953
386462
344874
308172
419935
187038
165274
276480
145783
191871
336411
246679
180673
315407
223576
119140
406488
268614
387836
397929
202904
273753
250086
155251
145672
221555
133128
354782
158937
140211
414309
215306
310132
231242
289022
189708
438257
119687
301467
130688
233963
439670
359739
314008
312811
432050
315081
369924
148363
207093
330681
228267
160896
271748
254252
366768
427883
363033
418808
256757
135076
394219
181584
186291
281982
384050
312949
245938
263500
330434
171875
185422
306744
143358
360239
359936
334359
142876
389776
454344
417884
322501
109805
248523
292524
345115
254869
183871
214098
125581
353957
139905
240961
322912
103852
437874
221303
180351
154105
399335
435207
235316
385828
131312
443559
271044
122831
178824
109671
373969
355334
450713
150505
395363
440799
395658
395484
359472
369324
165883
157476
140641
311131
108201
153968
279313
311234
191594
325130
108942
213606
373252
396275
448874
173266
268639
159521
404865
358973
220810
178874
378632
227895
355050
383860
144847
445447
367092
309818
177648
219220
299116
358856
104638
127845
159219
259302
301110
308935
304447
116268
251616
380619
125440
126422
207175
152793
145260
248003
107718
358728
455880
378175
161539
339224
227063
184615
434495
139859
158353
332420
390142
318534
363188
239474
260311
208096
175908
453194
366456
358515
288956
199039
146425
279284
110902
273735
340795
276851
122093
106012
275732
328939
256004
285736
455497
431430
265836
291562
307297
153287
228950
354799
418352
235949
108078
276318
301385
285731
216613
178631
436507
105567
190963
146164
136156
116408
266973
422006
343933
188894
104661
332187
407507
160908
177063
337893
219255
287085
438046
153364
410432
400714
427846
342939
318132
178523
445224
263013
146896
420674
160314
221391
448496
336531
268727
187889
187735
376276
434761
115890
127566
312507
311282
305612
185864
395698
153982
305287
389886
394027
348128
442471
120247
134620
238050
246791
321791
267566
416487
146590
114035
315786
115483
116311
358899
241128
287404
265048
158974
430871
201739
320552
285765
213079
147965
381452
212458
102714
280721
344605
176041
435114
170460
384250
367840
192439
125730
190624
179070
222196
259417
151033
144950
387488
177563
150642
388305
224515
377770
390948
218182
156480
323180
394286
389146
119978
424935
319173
152162
415020
421740
236968
350811
113480
215270
160229
386036
342006
305061
347970
290897
162077
401518
229931
354040
313447
226902
102673
120793
137043
452425
153422
413133
211847
401900
255716
269471
243304
136313
125578
251166
455793
187551
217308
258170
342048
393716
213234
206609
250132
260761
305111
103355
185727
364818
223852
202675
404094
242102
317199
233153
118475
415735
100730
139169
128264
380678
357436
115936
408161
257253
417932
320607
128894
134491
425473
312056
431053
383331
423042
254081
409479
335925
252689
433472
399376
417858
118361
239589
171816
180279
292141
294642
175482
411779
298342
412288
107423
213433
414954
434895
291455
269994
105137
429804
451765
116053
240504
303444
304082
332538
105275
318593
182320
390015
302162
351974
119420
240070
434890
118896
115853
421525
360327
173063
431881
323131
254980
130522
162549
239283
438477
410805
270801
103638
391299
221728
419405
170759
445313
315301
174467
105191
413639
300822
132029
350982
240705
227178
393813
417340
193251
435444
137090
414653
377406
198344
322273
414177
323519
290590
103205
440033
196555
334436
240391
357210
167372
278137
314524
357766
190285
290394
380484
342542
292009
121928
454675
115755
312179
273453
228056
197094
364681
181407
222468
300911
194449
111247
125085
448280
437421
187098
241327
162933
139947
405804
303629
174910
271965
405766
406779
350164
102279
141742
303550
438392
295792
278407
336998
132215
139036
132347
431330
345414
439864
303506
139025
225591
296167
309951
204033
246311
357346
356478
252391
385642
206206
240926
224738
309510
171852
250317
346297
182810
185420
411747
163865
113603
348385
405239
129194
380673
429382
435853
412961
403497
104996
296461
299143
390520
214244
175062
232830
367034
339281
249894
186344
427372
318279
162149
274462
194316
335338
230375
214241
179406
367312
256476
207271
160705
370408
306797
157043
197264
146043
241802
174085
453574
407761
219955
179645
388301
227626
225714
124440
118654
279417
238459
132160
230600
375273
194253
260630
242634
239176
379803
268176
264651
406178
229365
328770
137014
284114
434162
179993
236520
262952
203147
275637
228746
437072
234019
451048
140552
211501
217344
446436
133432
416118
186313
342533
194709
215504
229854
440997
209737
390585
414817
267209
374636
265445
154477
363991
235409
200922
269494
211500
348432
164371
415015
244551
360709
316162
364724
175278
194631
446162
445430
224373
420715
226126
397882
393362
349673
109822
454177
387645
371284
381000
294981
152349
175148
421331
257400
306959
315669
105386
284245
358758
102644
230619
380452
338919
135362
340186
323067
136937
236868
167463
353272
339865
304126
199672
414796
413336
396945
371082
316212
233213
111393
434991
288623
110199
186883
126211
225017
366533
315482
134132
201166
384737
288932
270648
369867
428939
380923
169744
117241
267170
190056
365047
206259
151818
204378
279760
110795
141148
406075
334690
362708
309659
358006
208603
303219
403571
402943
350591
331687
338484
278579
359052
302535
377682
100583
245870
436954
351059
154794
217742
443022
162763
355941
367852
412550
298414
138912
257287
268881
122974
138031
394957
241088
268965
191467
417150
334024
173140
375988
269284
265021
201566
405557
409012
362218
330772
183914
354700
250002
452539
404080
224544
429954
144067
283508
420401
367747
116143
130907
326011
185225
106602
222931
240740
333656
355190
200680
256219
336503
300271
253601
455514
387641
397598
153197
447041
353964
415961
403113
297876
179085
330696
407071
320735
193411
300355
161488
229822
423432
439823
364608
425567
377895
289641
115911
444521
222132
171444
216651
262314
221478
397886
263272
351800
324094
115099
233616
229131
117671
448036
346678
359127
158096
113636
433864
295753
245087
168138
117049
389298
188742
280592
271422
406057
410858
193339
397742
374809
330403
449666
433626
338295
157302
375673
187934
444642
123708
123893
341151
158251
102334
363546
279278
191768
364288
102791
262831
152322
454949
305852
342376
407989
225997
200773
146483
107875
423409
296276
178157
170835
324322
399137
155084
454144
130857
109727
134359
165496
221281
165424
202590
214354
353284
317557
233909
298081
352449
267629
369292
110514
345246
314295
142961
406504
352866
214683
267340
384084
191760
442990
292786
289750
441854
440393
114417
199636
429180
351163
443511
402972
279362
415093
269472
312373
429660
328511
447049
368038
240641
296504
162520
433905
243149
426905
296535
447730
301326
454569
223305
383832
378277
282083
245480
407925
373287
386207
437902
306177
122684
106884
175696
351988
246867
397732
142780
277365
322436
288133
434587
338527
243885
261577
362414
100011
248155
288274
367795
188170
208699
399084
405310
322601
213286
348342
269364
122391
173358
191713
185315
450312
334073
119127
368476
403222
374317
326595
396618
301386
149054
407231
210542
435588
440527
145648
361270
329151
285772
203030
330077
331499
448164
225985
254385
382450
373536
316114
223803
116198
450300
150575
430909
127507
285087
191885
203478
171558
418117
396791
348525
283439
402537
207874
381502
192025
447018
209347
179954
115432
120112
168332
243729
307656
343766
179238
364816
287703
355410
154767
159854
124644
408959
361900
132950
113483
315080
326251
302243
371659
350649
321014
205136
417509
372630
139004
268071
249203
151296
351365
131221
165892
142240
311053
449140
328499
186509
266281
138421
123126
445890
420305
113926
287367
155070
320729
417464
433544
225783
235953
217678
428836
186455
354657
271672
208486
272109
436519
257228
404549
233607
342864
176396
258418
261014
134466
233346
158566
443342
282579
368527
223522
327453
315924
356119
138747
448065
429000
395827
427594
321846
250402
438340
170753
265310
301584
360210
382654
370133
432917
439269
106683
310987
311748
298238
103030
219334
115113
253847
427187
303194
124411
148469
106923
346943
303411
138848
391519
338979
182886
112513
220940
359520
289729
351395
262089
333955
289288
344833
250955
305335
294123
159231
451573
387562
303732
251163
281242
409901
187034
292958
342094
256573
143636
326244
394792
157152
272634
278859
204582
294354
174686
407261
372229
287628
437267
132599
369958
276500
428883
104396
127747
137422
359443
280284
371237
400143
187093
239621
258552
409685
177918
261215
221134
434719
310940
230530
239167
257157
157226
173440
281877
115881
375555
237572
195655
163180
260727
237104
282116
344745
186007
301884
379185
115641
390040
304620
402538
361646
133555
392120
148866
218752
141704
210408
315692
179891
438527
379054
372135
200062
364742
357932
433446
362355
194212
163735
117813
114628
157669
446779
363201
337861
194817
203019
216524
369314
199772
255258
129888
257420
113337
182099
191578
402008
243026
324539
216910
162460
119055
433163
114564
362527
321783
124323
201637
289820
361769
381810
343112
342558
129397
375753
125254
178755
246463
235060
247754
204982
321261
126656
249709
137609
184907
231207
135907
133493
157224
337012
412743
214201
137418
199603
431458
398913
100219
303372
346917
149309
229440
201060
400954
112390
442945
326916
370397
353849
259074
405431
339611
415902
454953
377841
292934
448625
307715
272312
164772
324410
312689
263939
281415
214515
235872
104141
215277
197783
274602
113120
445276
356809
202399
394216
205053
289091
173871
155071
360135
187972
392770
103458
141905
434638
368963
236596
148790
286686
123392
169879
445088
299477
253714
427251
451891
178597
313556
227175
342603
213713
429671
118712
109750
144243
150912
369533
251865
176932
237132
269615
270975
153900
205034
179831
389314
229361
114779
406836
187937
176568
223054
256682
135586
275240
292027
143590
349364
268937
398831
377904
279491
337459
317352
235195
252886
333294
325776
130103
323490
375340
197238
362340
147915
184188
181121
401996
216022
227277
206690
145038
187354
134279
111470
207424
257990
304948
353513
280713
327477
153417
339834
360192
161016
132341
288434
313247
248654
178587
227716
424749
330747
214441
273611
265104
444235
408881
138653
429685
129232
262682
119552
361555
432314
221874
211172
245064
148693
259000
330739
193743
373386
111090
108925
445422
296131
105281
159826
435699
242120
235350
399708
206383
413689
303578
204763
146194
288712
406495
228434
412144
115315
128271
428503
195402
241621
204815
381635
335378
265720
296977
113956
394379
261130
254340
229985
334377
192479
155447
162329
165395
133142
247318
223312
133602
344591
256756
318092
284041
325826
177674
283744
432672
207479
292565
155437
429789
128382
109027
425635
421071
103310
360752
330962
432546
447399
176445
427923
367059
211952
395333
421408
423654
343329
453615
270968
278411
439526
436996
393176
222686
144676
421532
203246
364868
373421
160852
207692
344024
124478
327791
292875
225305
389329
244877
280044
176495
157971
300513
178551
410749
287871
172379
191120
381398
253305
174194
319564
454601
353118
391216
371968
402713
274853
388101
135313
138626
301736
193887
412158
126878
181653
156590
207745
177717
206671
415216
135354
377017
308183
322387
224677
183022
142731
209768
242624
342575
233459
103159
356316
241884
375372
170622
179393
117477
392756
402226
265416
140133
435131
255082
230632
376056
208242
397430
303557
110256
312462
418227
307385
208998
362492
303040
449528
407148
319632
344054
325668
198652
169599
165147
168002
355926
226422
176106
247631
419191
440962
414053
324480
346625
182680
101611
337466
264115
437489
327821
293335
445434
402490
288232
342725
365223
318500
223433
175041
286475
444044
238942
249755
332629
218027
352924
206607
268650
302695
130112
140896
414523
224609
129922
344655
308978
266939
383705
378743
218932
207292
121195
363986
451103
312323
275449
370078
309613
196456
250428
201335
154068
166821
388807
220519
264645
149907
115292
341106
238760
236041
413404
436905
186399
246156
409052
148234
433436
242559
210336
275264
106435
316965
209036
307319
244761
328648
409583
283629
384605
340131
323282
417031
293132
321244
335274
193607
302975
131517
305382
161899
393780
283496
216769
451062
186183
427719
341483
374540
408145
413525
267111
241634
244569
250288
300068
137611
347659
254052
295379
410490
172276
169690
252485
123525
237367
279368
280231
292217
139423
383336
103256
371694
271588
440546
376219
431367
418751
102507
387623
351124
257994
321069
109823
127965
389110
399248
123093
145818
379231
299820
128963
402211
292981
405062
275371
217603
123083
412227
407116
342187
245768
120412
376866
233488
262048
114587
300896
261391
445413
119309
106167
303414
351403
308092
398320
112248
297445
249977
443287
217570
307741
327320
174448
310851
274898
154281
436705
267360
140302
393772
309630
341263
448193
387606
130938
374093
221178
330623
333591
218535
383862
402778
269303
277744
329158
164012
141128
175430
143942
333511
123422
153850
175145
298923
255870
449656
201959
176331
456024
277850
361410
224254
140667
128933
215461
372324
181984
325538
290999
421677
266292
110653
237573
346869
425752
210495
436466
313698
293472
184052
220974
221108
337008
235615
313979
123455
373346
369888
255376
424692
400885
218722
405015
121521
159838
132817
285362
378476
405113
132258
296121
403199
350257
452782
179041
308710
239396
341025
177478
440686
194565
300731
375145
299741
339961
357335
210583
308202
119627
138812
293089
193482
371538
224227
399113
341019
116540
174119
173483
277142
219387
176651
372341
164857
153271
379244
239057
407404
220627
323991
452211
209771
290663
271242
202643
233412
428768
121998
419309
225790
303172
149571
344600
351677
399868
452032
356091
421683
162521
215265
306465
249533
328253
346398
274007
189411
350567
195859
417112
428562
192380
203578
318917
209225
132639
270437
224108
370992
439388
221351
142613
151114
118737
347831
103913
222301
318768
109225
265288
448831
379889
439903
215126
329255
272460
433338
297355
381291
144208
317274
351020
326075
296373
186763
355803
450989
215184
123278
377670
371083
288839
225147
111166
363276
394782
265562
184245
146628
255667
134768
429620
281355
206599
215420
196636
211698
115558
143699
160183
369000
360586
207221
333820
430846
332919
443220
440619
356107
200074
288584
271243
225634
436155
332750
210687
346075
106330
242480
337791
295665
124458
378608
319737
313451
301305
188560
394479
204705
453722
305355
301626
441930
453222
414080
175709
158103
269579
137806
144089
144568
236410
299060
243064
317923
225463
122151
179488
260855
119016
293753
116429
130153
128636
169314
185073
318853
380639
319225
162527
428412
282799
198355
218943
145631
139574
365094
252058
405488
137237
294603
208352
201975
208615
342837
181711
418477
259517
276836
234893
396429
314998
421045
101567
230745
152371
315085
418557
260805
198709
187810
257350
395866
240612
207679
316434
225932
111868
195396
100682
261572
436110
402587
149828
126216
367948
230867
222140
152868
406528
137107
422606
397943
136786
112299
260457
262532
212858
297027
143986
147989
104097
302299
371070
206720
236705
440417
455185
358989
107292
303445
342671
210612
288878
102508
331123
150372
393748
383123
255161
306592
360986
362401
298270
455736
435777
363522
335661
114041
237096
405617
337712
284679
203107
296426
434347
153967
177352
118551
108708
322922
172560
122607
282203
367451
265686
175322
413750
438342
200986
247053
293168
414286
435193
295039
278580
241895
301629
146446
363786
113928
333229
158732
214806
199217
360543
292962
336048
286054
208449
404202
452606
308143
226510
224595
451819
237659
223321
312977
343757
419914
344287
224662
231465
431361
236678
300890
448686
426734
239811
420222
135997
196559
262220
372573
374233
204758
115083
161011
140730
408444
428340
146753
431362
355759
176523
213562
236381
154771
110715
294686
278145
395709
385401
147413
110842
205704
447053
304117
147165
435236
288751
258191
320520
451125
163292
108959
169141
153622
124712
446033
123561
102580
143689
183960
351724
442101
249892
445994
334432
241328
106837
249488
353260
423033
144968
328676
387702
436449
392203
374491
154859
270193
192457
354812
352147
277898
400674
330995
111209
236778
126709
400231
302959
388297
423967
192683
407824
250193
113275
299087
199439
312891
433111
227580
189869
107940
274737
389215
451108
435395
216567
315530
192335
260345
412597
266181
131817
395791
363198
228587
157591
431691
445263
392748
144130
265466
289152
172240
369549
243953
421412
381982
233325
359325
237331
347758
380888
120367
203900
401356
289006
119416
420009
420904
221925
395596
382894
229484
365691
455828
130165
328982
376662
425991
170109
204142
159934
298373
279927
134166
228625
125976
370734
350092
253256
120366
368116
443601
210919
316074
365662
197523
306585
298699
117259
168991
390811
334586
177926
349438
247197
247550
193509
171025
394245
384727
399224
228316
122171
454140
351913
239197
225256
170346
438734
350624
288714
293750
116591
161933
103434
308904
147132
277619
306146
250751
292014
124360
395823
283829
340423
143902
139918
131860
409897
358086
126848
310155
314835
221662
279050
332078
375320
298324
404965
243653
309305
203151
215684
220978
394116
324278
149804
343890
158600
252012
205990
433613
132122
204516
390049
105936
165753
157236
197671
172897
339648
110084
234293
232052
119971
439485
358469
298114
357551
130314
106921
455530
131038
182036
416022
263350
138632
163927
433030
181244
429073
270959
109457
194993
304601
402910
381560
186698
240434
154830
435102
152779
214803
128593
251847
348191
368208
386068
257538
329563
270714
173819
403635
227605
297416
295849
400354
181710
248242
283764
299886
444587
436555
318079
212992
152408
333725
347856
304186
421907
128975
341858
122620
439279
423161
133993
435450
262301
267028
331626
290241
259711
243087
304920
252808
120789
411019
302784
125985
355543
173922
163628
164329
312885
182111
191583
433285
449531
339428
434017
377954
343001
345964
229666
235184
148229
125287
444884
179179
418259
255048
325065
179415
446444
159592
446364
214996
202476
317537
364526
417687
422637
277696
435651
290170
290869
101761
447330
446554
403898
176740
295381
256895
380760
444295
209279
110855
196666
222211
163588
117674
164870
151367
120253
295157
189195
290026
224570
226672
225420
228120
335225
213197
196267
366129
209163
346037
422968
118282
439007
139101
322378
399518
454475
319296
292103
387867
327110
121252
277779
167764
393905
195568
279091
147536
230596
147941
140948
385811
193576
300236
312630
324117
157899
394910
384667
330254
189596
204241
295081
183882
312669
284048
270334
254380
423778
304611
210381
153948
105874
192554
205173
239821
384005
442008
256844
378686
214428
113185
103080
156734
405558
423217
196320
185200
159158
387148
153143
117331
343833
354685
445120
377404
233661
106722
440538
360495
186146
389140
321044
443047
111613
151709
208275
196843
111399
187391
336973
381370
398203
126628
212419
179708
319069
403150
220011
340461
100610
232368
102133
183111
250461
214873
158447
190399
191725
226429
404737
417633
422956
190468
406866
352408
178264
265548
450681
312854
295277
305893
385084
430016
261890
376727
110368
397608
169454
286238
395782
334682
357291
259903
228361
109487
196970
274692
398212
293440
456137
180395
305514
375309
204717
349747
276036
213879
272765
424579
383566
116738
196537
338781
388947
162213
453492
441678
432882
122446
147131
371902
116839
313414
271121
145669
252080
179901
101607
346569
429207
116243
170683
255935
279260
432276
127119
394958
215104
150832
259957
195602
270675
208597
157076
442521
108033
201108
264871
128682
324105
157068
151205
241209
286647
274472
342416
309947
288050
239638
352570
325090
296080
137905
320834
280961
256891
187579
331574
279249
226112
226140
134075
314130
294052
241538
321268
306329
216419
250081
433241
338699
246596
291827
420442
338772
249939
329212
213149
109441
275087
293062
450849
224973
319068
425282
250561
163974
123571
231210
122717
427189
383917
274419
387683
120848
178696
242147
143210
313074
456228
245122
306492
297325
216654
275662
114539
180102
203526
124314
437513
351931
412028
175950
412400
111585
415009
252953
363200
199132
341215
224940
268003
421676
231719
426493
140771
271169
275068
286435
185823
325402
111731
229902
100452
435743
209623
362761
453271
169298
191258
115668
424946
252047
224793
447711
342849
157834
251403
162631
140834
332481
226971
272999
431217
280063
227444
398865
141115
402097
198322
277495
271851
315899
272988
148992
384941
280933
272284
223035
365062
130168
359594
250999
377973
160005
294605
203890
109826
440899
180982
380327
295302
248500
140322
342408
148156
164507
303460
167181
366342
414400
392370
180548
376604
233042
301967
195400
127091
244993
388803
346093
388003
105790
282504
227871
389701
112446
256420
189280
287890
348752
342745
340299
136667
108513
271884
410384
168863
290514
315983
127867
131261
366350
188889
192208
196539
236837
127092
185384
349090
408628
342294
226389
171564
326914
402182
305378
245825
291652
410851
244757
258275
371711
108886
199510
192446
409592
238495
319019
251974
290185
391368
417883
332355
312348
380469
192215
432650
269311
334604
100267
267375
446827
453329
103337
313163
227499
190854
270802
174519
345748
161915
425561
239965
258230
427762
437821
149363
278440
344646
130566
286084
387622
344842
105664
453678
396628
124371
289369
320893
372219
138270
420148
253185
182499
436481
369143
414260
102149
390860
164987
405336
237323
449966
401226
366252
345203
205476
403390
215462
177673
274328
332803
104975
436012
201303
300365
210348
197893
239857
352452
445479
371388
195416
269843
296503
148921
192185
431952
416238
129336
273064
284235
355168
262413
292898
399886
362418
294420
205603
164500
286912
109686
340313
125565
351564
272982
154937
368010
187680
272513
379536
140876
433636
211212
209014
296455
343084
167193
214341
219020
313836
125498
384108
239073
143148
222416
220558
380691
424956
132220
127190
355802
331896
327053
296572
407995
430811
270119
138247
131699
334147
454986
253178
296423
359812
211747
383220
135869
121467
424649
337592
164593
270276
304320
134561
249060
147217
154960
443691
346013
127266
429522
336662
152158
399943
338623
436614
317072
226725
369851
411631
303948
106019
208758
144020
215314
321238
440655
447779
144296
236300
359483
143974
401715
254013
299395
120043
359587
353166
117566
323709
440464
205098
115267
295989
189386
433753
396521
345462
244161
324434
149286
437399
448712
311809
156651
417194
177230
242984
433433
230733
266101
209411
260769
365535
258681
127221
282883
126272
120663
188517
311120
223324
217583
171415
297580
142349
205444
133694
153080
229022
400380
302132
292529
399331
299380
138673
445017
253334
145194
295706
285026
209844
157431
199927
161335
277527
233053
267419
160346
254006
413162
412689
118263
393518
325560
272679
451459
329669
250880
141694
404228
147992
257376
271425
130291
331021
195431
251199
221028
126808
362991
118068
426992
404886
366196
179462
350798
270077
284912
445187
255209
231508
303809
101598
362786
375587
222139
328156
143262
427965
339630
226192
445723
359957
102085
337111
190944
402628
184634
333931
388484
396151
192113
365393
136943
414361
267909
191879
325897
199842
316137
173813
141479
131469
267571
125947
359366
253414
341680
280472
363638
434654
302990
158801
303958
437878
237863
321297
275399
419639
231315
231896
441431
141579
131117
446397
372339
276409
231667
121900
113974
172614
115719
428430
118866
323265
299747
295158
250410
159169
182659
375230
266477
312238
133644
264017
331963
436831
318204
231666
203826
154637
429406
341218
340976
224383
180838
186552
362836
325081
198314
383788
106883
379004
365274
191728
264141
419608
283823
241093
202887
381879
214234
349556
231304
349205
399522
172231
149395
118246
137195
293706
137665
271194
214145
243972
111353
286795
117556
268182
131478
452268
275619
234487
192895
176417
296692
426696
433199
249672
300064
353425
110781
103101
292537
266122
162441
282397
338062
410530
331354
328504
344649
173271
394017
159554
111455
218828
407689
214445
325203
102357
166919
423960
441616
116821
300121
164620
445561
210981
198027
145293
379914
434934
233099
244060
191365
177390
219292
117966
385639
374477
216457
320934
235858
368546
157850
178663
290573
197391
420075
162152
246306
426552
244333
419604
408817
419889
325485
417830
456159
349790
351411
133707
184241
293094
391730
392681
200942
342914
261793
363712
343023
313862
389661
393838
161109
116619
427682
224316
252066
215158
258856
196699
197216
175735
340382
184727
100472
425734
411036
122813
342664
443852
355224
423792
236840
291462
194912
165745
418625
154543
160808
117839
381271
272839
245337
152431
333132
349295
220185
103357
442000
450679
208911
330601
162405
103060
396120
109294
181390
432079
259531
144042
394271
436164
440925
347038
395563
108131
253062
127476
108674
299701
190955
120650
145408
160423
152249
191391
160225
286781
139621
310377
265578
261794
245114
413370
218811
250795
391621
322050
305247
232298
157113
259120
210614
254084
201361
323865
329828
225477
142607
352019
362042
278576
208037
314100
120629
112273
150572
361911
434438
420341
182138
379669
438269
111924
397601
309265
331870
248098
343447
308428
328229
366188
213077
186844
441582
448136
246839
385002
146319
376077
198944
387347
303317
103601
104360
277895
190265
172851
173914
141050
248875
250682
392615
132867
101168
303898
235994
409774
115240
362588
382965
418553
152712
372111
344776
409775
234049
347275
443944
364777
370706
225967
373575
289558
372991
245070
235770
146308
206005
323650
102299
364623
199900
434123
231373
162443
252637
116965
340271
391965
216341
121728
213002
288605
290347
149374
439359
295018
186965
446244
355227
374292
125447
360747
186389
208465
206486
313076
339826
299760
209702
408970
303093
240375
156607
129457
302790
110897
274522
218817
395298
438945
100919
234179
161715
398517
172721
351903
432093
151773
309041
290601
290100
230366
143261
107012
145616
373257
212365
348658
388138
122942
407657
137118
389821
188883
201380
336523
189254
198238
371499
342630
174233
293235
144097
166698
134608
119598
154189
198906
181731
278269
426585
370268
421141
228911
384612
435752
180432
339582
123452
376032
100134
363312
273419
263249
296028
426075
196020
447227
355343
267820
188873
178710
323829
411312
386386
262238
200893
254831
121234
266704
442487
139305
227967
122507
444353
392197
446898
407937
112952
155334
300134
361459
421507
174339
379156
122954
141318
251220
196349
186408
393803
216498
358200
149746
241175
112892
416941
387321
348001
313198
324905
318069
136222
126870
189616
129809
304503
388294
277781
417898
428151
145145
233130
455526
181812
158316
389812
383815
133135
345013
416817
443774
398883
431493
243917
327127
399723
455049
380534
395910
239437
428001
158686
236376
433372
223138
156188
441560
418745
103222
281467
320449
341712
397475
372329
380346
283587
289188
265652
283165
180397
161505
413542
163238
422581
247062
226400
162000
223278
149839
133023
451923
125493
150109
171498
144924
419778
228733
235531
355220
173772
125760
204821
138594
121595
281534
237842
379166
376994
412796
225409
189554
401189
206369
347380
176533
131124
328687
255184
191705
323115
283655
197911
191759
313349
206415
215060
386212
347116
169203
350785
129567
297592
376588
123509
422924
319928
407996
254298
378485
370004
269333
254822
146269
181647
323166
195168
258042
290385
366786
357330
239637
122800
456063
196389
417229
442388
113224
258942
136502
268340
318202
224448
443967
130245
358890
378981
203302
184270
125383
247519
201521
288534
137155
247965
380546
124073
387515
216669
363887
207410
328258
298107
404363
201759
191155
104321
316601
431628
430120
195403
376160
171897
307586
188367
426005
294943
237285
355618
141475
299312
297064
374637
240797
240694
411241
289427
263167
373245
272238
213760
381958
410732
253900
398808
208864
149208
233351
325075
170021
439369
157842
108041
252373
400608
270514
264065
220720
383482
168673
234050
223510
455303
239160
212108
410229
105940
454609
258762
339067
317435
430497
110028
350942
174019
241896
119968
427178
274915
406094
303418
421341
342582
421504
330033
279518
368660
168036
144594
315720
236146
427252
234260
263206
329722
133991
117282
357115
270454
277582
195514
372554
180199
313335
454815
321789
289444
237740
116601
440557
363064
273676
409626
119455
229303
163318
326003
272713
113078
363066
148883
200154
377162
178560
199794
109131
358349
383369
316878
393657
139078
363691
289890
113268
187648
353600
402199
175717
394793
327513
299051
151273
182283
303959
327611
359916
148331
425114
419581
322434
432658
220317
361444
369793
208598
439215
353112
131369
395033
205032
427172
265327
231762
202651
258946
401606
368237
100411
265968
401058
280901
304715
249065
213981
164160
263202
291458
134979
242957
301416
323559
339942
383388
218915
448910
351295
445528
134900
156616
286716
378385
143316
334864
435645
417132
111081
125186
155962
220155
187081
409211
274133
142923
140964
267153
111734
148308
405918
434281
373822
255793
378288
126117
286159
421289
118472
133851
235976
365403
273311
281252
440911
357815
422445
275555
264393
451550
201535
157656
113726
205829
330150
145865
111892
252581
235733
320718
203425
175232
232993
344727
228144
283854
238122
399114
168655
444386
177351
231032
204160
319345
401285
390331
185871
254570
274879
425933
253792
147645
446965
119398
213861
445817
361536
156394
346762
354064
244747
412071
454064
361692
252834
224837
322699
365269
112011
288768
446859
437716
360390
404521
360647
427524
312927
347496
255523
139600
152251
249947
211109
160649
369365
289738
242912
285693
239585
123068
379444
166152
394441
290608
397498
426578
276202
180236
339040
339261
281616
228784
196176
436277
381569
167525
314424
382372
226659
256514
248551
138135
347270
127710
113301
225290
162150
255582
399105
381563
122009
375153
320292
380294
259238
262507
436112
113732
248399
357070
110822
296164
334709
210354
325989
383819
167691
446739
118493
417814
273544
376235
440510
298752
225668
161156
448740
325733
155333
128980
161475
172057
170086
364672
237541
367221
271827
214075
387708
255961
170401
455314
259930
397999
132681
143464
446874
342929
372822
201740
157946
407208
258156
177949
189502
113328
133446
128707
381308
435036
185324
256176
115975
213049
326006
311482
151025
100375
119460
179761
449550
175188
452724
219872
391985
140775
147090
432502
236554
273907
210214
136766
342923
417582
110004
411355
159437
270128
428011
408670
161188
272952
173527
436834
199947
308763
217834
355847
139585
174253
420086
327864
199035
424811
249229
275478
215690
119961
115528
114848
134675
159371
105523
326548
300826
228225
371008
437415
451956
281775
321311
308759
410402
124011
244003
217306
313528
374384
316518
109112
273711
319430
177395
287248
254264
323895
222608
112768
172585
159431
137282
386993
295408
217694
182691
426667
228427
328110
319820
248175
242905
371821
252925
129434
211411
441553
337471
306277
254137
171473
241994
144932
445648
123733
265890
242019
424281
289306
376189
269161
129726
310390
191460
316440
393280
211734
326425
434057
375299
379700
169288
447030
195781
247096
224774
298902
187228
144430
303985
242396
123102
332097
406896
394058
185396
386470
108594
444349
149086
106251
449714
321776
195730
297427
396095
127200
418740
259561
217077
307208
253872
202756
173705
357740
154801
356949
229857
130768
259976
337724
118119
121676
195046
135191
418831
441507
166666
382652
372522
189717
334500
375019
449437
167625
288937
103965
446950
291801
158928
304328
142438
135786
263370
350418
453886
202338
184938
158416
381935
116129
284356
151700
294824
134333
129467
197689
425422
444728
161087
344341
145895
156080
303402
189470
438958
183391
433422
269216
267481
232638
201944
444351
303969
327116
412477
333014
315043
155720
152233
251717
378760
416143
134182
103835
249104
227720
276463
280146
162608
295950
244282
370925
288387
396717
450518
416085
346834
441310
421426
161026
189246
449328
455231
120282
218398
332633
434951
451152
273245
214846
172266
289267
264319
257999
126337
362913
328860
173533
122827
406054
323241
192551
417495
417489
282079
319614
375155
356221
316090
347171
330249
343937
183250
163377
424175
349117
418273
451177
294002
194264
281466
417191
164860
212155
159577
129564
194489
150716
162219
263434
288222
221110
218129
315583
374668
293350
306790
415192
264488
288491
128391
437351
159022
298985
328924
186086
419122
280627
326317
263100
425980
335626
454273
329100
397114
403018
121448
362577
448234
453546
246658
296160
269374
190063
395970
203651
262447
271316
365864
173429
113115
187147
345386
413446
416519
334313
252691
448854
347992
226804
407851
286367
420945
215089
146695
449918
347294
115179
204234
202364
108783
259083
253490
292876
384682
370654
141784
207498
280402
346007
452744
378140
320932
100462
410475
200101
237852
148367
230479
371126
380704
402289
234076
389407
210021
341981
267814
206128
286543
412294
357132
231855
295686
420519
147006
212141
375380
300579
112828
337268
401456
138648
168787
121810
324013
369849
314582
260637
351435
269198
128001
293731
117840
274338
412821
125808
125160
322300
233713
274428
441299
302325
318045
454881
429655
405577
401260
204546
152910
318659
414378
292250
157699
160571
321394
101471
119015
418348
296832
280102
265727
280476
127766
282202
128290
355655
148705
275723
118280
375031
209079
332951
376199
351886
211064
228275
226644
349305
444565
196327
171104
313921
109508
130036
137296
168248
251472
208722
375306
391968
343782
135740
295931
150833
386408
385061
177626
155129
179704
128828
328936
225343
268618
341707
367106
289836
360304
386957
152512
208906
108557
155156
399132
300023
378930
174027
253230
403845
140094
142072
133573
128929
417941
107354
399575
154513
112777
198719
320099
244411
326724
422097
290962
404299
288989
432586
128453
341974
175740
232247
162336
160234
382585
224075
122105
414692
350319
146083
233906
117945
451621
136264
366653
267114
302453
147238
228562
394255
217020
123925
138928
371997
447368
352917
249127
293076
402550
108705
174461
203635
426706
226106
169783
195294
239864
388770
216055
367796
203903
148998
371717
307841
309257
302452
206008
116550
126573
240660
104178
278783
110647
182429
294676
285795
312620
407809
349360
370693
139610
118073
381146
413643
233328
451652
287134
143739
322523
106975
226063
428419
455668
397207
237830
385665
262335
190615
370787
207914
294152
342133
350678
233353
301951
411769
427832
185156
105502
304673
299469
136900
298240
338880
449147
109071
294066
392208
432593
433498
394329
377446
162531
310678
192153
269391
384149
368397
157720
316061
198337
308418
243784
153123
117618
111945
304218
229753
130508
197688
141729
124650
256788
111214
248147
142668
350973
342579
321444
410599
246645
393471
374122
109248
298471
252314
186017
337990
348038
439754
286659
295167
106478
247329
215573
225219
193102
390626
167686
233253
320443
108709
420423
108084
451289
305316
141758
104265
221821
292552
350918
285696
334068
127026
342098
291981
198955
157439
202535
247152
413421
295461
398111
210885
454957
402203
241629
247874
421190
390694
413900
122042
444608
331096
367949
397961
101506
414234
363060
384122
351947
325703
174111
298437
174917
257814
150383
286219
443740
241969
140607
113321
164703
188649
372078
171250
346789
266055
447735
309764
299563
364638
147332
391419
337906
238993
101144
426782
105044
186817
402674
351159
358259
189269
225033
219211
110510
131511
189614
168737
245160
264878
221369
128662
141170
219942
136688
391294
139754
414428
269858
218463
155003
208298
214351
327944
290842
150033
191277
183210
360470
329290
240782
197296
161194
266790
392860
140953
307570
224261
111625
169318
217810
116470
305979
212924
110569
215187
233940
402723
203375
368586
395868
306250
342606
222635
252700
365736
262288
172594
309086
226926
187946
292298
426356
116050
223885
317634
282001
241772
255707
402441
332560
249003
410503
360716
372362
431062
450561
122924
415293
397540
164312
234381
202909
225856
441806
294342
167146
188462
393047
313193
172407
108889
177400
292183
289029
401032
367768
278917
150308
319594
290435
161734
416748
239776
253480
175632
146141
131037
189175
389650
224826
128758
384828
290832
408652
168225
168989
436475
120986
337883
138158
451499
359893
103070
255708
114759
393805
168458
433328
399873
374106
429232
176070
375731
379560
332863
250619
189390
382357
419462
437126
323219
157748
436008
368661
274748
416281
220876
350769
218561
173863
333128
171105
330788
116159
331067
262231
211579
356116
420289
428266
187668
410238
354794
125834
165699
114365
109869
292161
160502
329395
149400
360704
143864
193144
357220
419019
343498
135010
293575
223990
185764
242407
199863
440713
452847
111155
306826
187424
307245
386577
255462
230202
377856
170989
163029
121931
224672
334778
448214
431158
296457
397105
192609
101826
266342
168704
422763
356123
232076
439742
304762
430236
209371
316292
324641
332407
391183
453695
248868
438387
104324
412081
427962
426749
282767
251875
432032
264810
210331
362331
147612
422497
286121
329195
353969
185138
397837
397373
303019
272456
375259
205536
430689
414236
396733
144885
202471
369027
161560
268244
418856
325315
183212
327347
315834
176280
422503
303326
416854
235414
200369
101746
414291
300450
247635
377102
436084
185983
118927
198824
113778
147790
350329
238891
345459
329488
200808
249737
298247
414018
418191
188437
297241
414470
358508
240939
239156
220697
249125
365123
312839
259945
118250
211137
250118
422566
116501
390102
399618
328361
201775
289815
183067
228281
153282
266247
282756
148412
115488
357975
268494
333562
426816
322892
371453
186525
239664
231187
189162
449343
259565
282455
442498
258883
211650
147904
448437
367404
418336
358143
382961
403004
155275
347723
107008
225221
403563
145136
311490
119347
250747
322247
355379
294371
436572
449557
194050
348463
356907
125136
238768
378692
299407
188251
435096
161325
455317
172145
333236
422101
232019
348805
156245
290682
257819
267449
110727
255039
130523
109023
435370
413293
153613
250136
208765
275779
411322
244469
390077
200617
389949
226461
334012
415715
110039
280553
302036
332307
107979
289727
108057
224915
227375
424357
193081
324351
189685
329437
274074
239689
237897
360221
149633
370119
127124
342589
146157
213621
121650
214788
207072
247412
443026
144459
271330
356992
100273
251975
432135
320183
228085
185895
381939
349282
208934
451591
250527
216052
137449
147545
201913
202149
395266
229091
293074
303573
153442
226074
210711
137861
368236
108277
420477
422151
419759
140559
187141
455369
337014
198207
288901
156976
369381
316026
101388
137669
338393
366208
189964
199142
350406
260453
395812
350390
357319
166168
435180
337344
301011
198065
404913
186905
422877
374077
290629
234625
101882
114321
438287
298978
395944
143220
165695
206652
427755
407181
109229
333070
294238
202905
307791
404640
114211
437738
230195
351944
321766
424525
105308
408190
155546
252566
366347
103602
223663
128049
189330
119730
400709
384488
274273
164874
431855
179774
145764
160602
333327
124086
140082
104507
358203
321280
210421
425356
240269
216183
170289
122115
395048
221580
107800
153945
365821
363446
155406
103649
296304
162585
356062
105806
373652
430305
150175
124757
321673
380733
207111
223650
406856
348769
419631
300990
447549
186318
161718
293825
374522
279195
141552
421527
417363
441716
305354
221367
308145
309424
355139
258896
346708
407279
253518
379228
314239
149449
219938
149818
373325
452245
237205
339481
442038
353704
168408
452978
261145
436035
358912
378715
410769
331178
313668
225358
121153
143212
248348
254067
280192
451788
305731
363049
312786
307719
441540
192708
150682
446933
185091
445239
368890
357935
369796
193448
311670
159007
117035
145047
276618
139904
382191
303143
161760
419959
169000
339612
388380
279267
428868
181791
321076
350815
386259
243516
356668
241300
361898
190987
249960
147365
268960
286907
315152
270491
310572
398108
138918
155909
450732
206940
392148
250618
249793
221341
253664
139875
368145
334093
246340
122491
160523
437342
186396
217058
360228
151007
368400
172076
154040
337094
107835
372351
157004
176149
307492
432484
187449
152929
139473
349894
344491
289821
337653
375104
105562
332129
149974
431506
200118
405528
455307
405212
448906
389695
376713
251471
350747
364578
127735
346241
427994
111486
372689
126930
286644
119136
360120
213157
247093
428016
150294
447870
225293
407201
358570
294321
409257
118501
391095
160535
309883
356033
135187
314861
145345
161582
332106
310898
138222
378911
444954
375778
260107
442283
429238
414572
136541
232014
434301
210524
137794
143829
207966
220825
116510
445921
429267
152604
305930
163656
212281
115754
252385
436575
384597
446921
426487
190241
116014
371747
219019
332179
159030
395309
125269
231978
404793
425148
414210
325696
385282
271848
357917
222458
254877
331366
331355
401394
143935
215125
299816
402755
240873
164487
395885
146348
314675
185896
395523
182772
308221
453744
330087
421084
413251
166882
195221
124428
206705
420198
138042
380499
435496
247488
306258
249794
297590
328702
136107
321881
213663
182641
165579
109366
324073
249466
284709
132923
200484
159617
301383
409586
232445
394380
222680
141873
118653
187936
403474
144801
136679
337006
278689
345084
443140
456225
157742
316041
231282
385797
320880
417170
148729
130560
106945
135433
299467
223987
429439
105267
310398
185930
446955
111427
314902
285720
282997
267938
193298
285920
416892
228073
450730
169952
356805
217630
159646
254156
369388
368169
310689
107160
258536
243751
215593
267413
214112
169265
168714
274205
324443
292518
195170
402752
150213
221374
341353
250994
237546
454740
212726
450019
123414
331856
162255
193494
239987
428433
205934
226866
142400
436218
367186
238139
133085
115814
423677
382434
151248
105577
271235
256863
127795
233968
408509
416173
412503
148555
265032
381999
245982
279882
245845
428894
217826
133391
365960
110676
373178
361384
321759
213986
174011
303092
181497
221181
264110
265631
233047
290891
326600
450349
161211
304045
182059
404695
208717
145774
449340
115032
317373
381874
224484
269384
360507
217388
358097
418063
411729
189813
121274
107587
374224
231092
113725
216649
283028
256841
435302
392313
332219
279790
131408
304961
178245
244654
451060
421301
379752
120147
382683
411244
150098
231967
376719
368318
121827
220815
162698
132252
271602
214725
122046
306453
382631
253721
412002
335998
341711
204684
153280
199236
197326
225556
387532
103156
232721
360824
232632
210245
264284
436730
255869
308562
404211
379892
255139
439024
161091
100144
160145
397353
240687
260243
126890
231340
318118
456124
406998
355964
108756
309664
386690
356681
381685
302409
225725
386796
349412
433103
148719
404057
404436
341969
283772
302925
333244
143104
367967
323286
176317
121922
400322
135815
235112
232512
113266
327212
196035
274999
218434
169263
445041
402588
135318
297016
251164
379604
336402
237481
190099
426048
102365
431040
191993
437826
197019
355692
401021
250065
319379
351596
217139
213744
135538
205385
349194
309477
149699
242582
325060
138646
416957
249396
130101
337723
124012
277206
218525
356437
371578
166791
241851
383735
303438
134510
373954
190800
238831
451449
346322
281496
192571
190538
197256
450533
197749
261928
326470
347329
264239
179048
215568
178963
227948
382933
329214
252790
418335
426319
387918
214417
261267
190567
426653
222497
265339
418527
242016
164678
165178
284253
319080
198831
439277
276544
211785
219157
414343
398685
356366
148284
114707
434550
285543
238178
278030
120656
321619
133478
383185
195808
102400
396576
364893
453954
390603
352396
442585
384117
225298
115559
277878
221560
280114
217057
273449
144411
122290
423179
429733
214950
156780
253259
328249
287223
320060
107315
355018
194012
230627
278654
305586
124551
385945
335872
401657
361967
158101
199286
271577
449868
305755
417381
111115
237251
174094
441113
125444
175711
216404
111531
213847
173479
186252
448655
286605
251757
202233
101734
222455
128903
269233
149020
120648
374644
448178
288292
442714
389928
207781
330007
294174
129436
244762
243868
185852
202256
394434
164813
423397
453149
450333
372660
125968
303279
211087
262519
123988
412279
432694
169390
106170
335306
257807
227836
441399
207378
327993
273396
384115
283734
140537
302848
357486
370112
221622
245169
418840
300389
193146
416054
132361
320308
334452
148052
341405
374127
136056
303999
443044
424123
236348
101348
150285
159004
433891
429934
131588
203338
434232
428049
175297
404955
336030
233714
174169
331004
281718
233402
170840
172789
271642
438910
435423
281149
279662
219142
280068
454120
242106
263419
188882
249980
229522
343838
182011
345342
302946
287249
135446
445987
327112
194317
352979
278518
293720
354866
106670
203699
287647
414360
182267
422340
241250
264958
289252
110505
303617
405560
310422
359045
416867
155338
103077
440391
370737
455836
410720
324362
232479
413514
298268
147447
134382
404547
342472
230995
407578
199821
434449
193470
408716
204743
413723
270194
194287
178764
346622
204418
299489
401627
228002
137448
114568
307337
144911
339507
196416
185698
116122
240793
452111
183911
408228
108037
438710
377580
419911
246687
407748
246581
328741
372396
260358
209272
145564
368252
145519
335152
204009
363993
448742
210328
198705
439150
263666
369493
370162
368078
190559
265765
309897
158900
400682
108553
353116
416752
404616
334069
445846
130865
139234
440146
307375
279938
373261
101495
324251
134607
275981
390506
335444
358386
316360
232254
375606
118893
363927
295695
282866
364452
297032
