187536
415446
395441
222151
400479
450851
291156
224866
291168
306466
371938
143512
252172
192961
395497
226194
384824
104205
291915
401355
313624
112014
252871
178287
268022
129800
176462
336332
132798
119453
257901
430880
356461
413224
447309
183125
409830
305973
228998
130172
144274
275363
102606
404931
450322
387867
266335
207133
209195
111598
331136
341157
196749
122842
447447
433456
115138
417070
169100
283183
139630
126904
255735
218751
212588
260329
100795
154878
322095
313036
130642
431505
119985
320544
166554
158962
335528
241906
363697
431855
362950
172487
232654
402560
111065
273307
430287
122489
320515
254374
108259
193650
362699
451511
328594
390215
111878
216440
348758
269866
190820
199252
206816
108038
155157
155036
392887
398518
353669
175517
363148
168441
169162
112088
284365
102666
316533
159636
271482
357693
244553
222520
206676
114427
318552
297817
190629
232458
313921
146150
433249
381100
270447
374289
263596
430118
190527
263921
255121
427685
429030
408279
326439
176176
438827
210421
387573
105527
209570
183962
200645
308869
317084
171037
229733
369885
335137
412112
103775
309810
150336
100255
134275
424167
191863
318826
112980
387540
301974
240453
423000
210233
171847
112268
278669
225071
303481
132277
241993
288695
271519
261112
214552
447438
212418
274400
326816
438312
219533
337111
126412
430373
278337
124917
264119
294605
425157
290422
336998
178072
175929
309363
376466
108124
426655
324667
332177
194531
276480
128894
418024
162307
370645
185284
454083
123620
351285
304848
216595
289297
139587
275214
157584
383922
387278
445218
118118
110241
318049
450701
448893
239564
164425
427343
142567
444820
308908
319550
390571
397282
416348
159892
194763
135873
377572
381792
303241
357471
110558
284334
425258
259296
158669
299580
173404
323212
450252
421973
437252
131755
167147
250802
411887
282825
184417
343209
286567
260798
203260
336611
356738
124350
311126
442470
312867
247626
173943
126229
310799
350163
158647
318441
123739
191007
318141
197444
245086
128821
183849
325276
309920
377850
303156
397286
381960
359501
369771
416725
153580
389291
175125
413055
221600
245758
153931
276330
252853
248661
405046
382678
414537
440494
367719
386256
434709
223563
406521
299249
430091
268278
236188
309980
132187
296955
429867
136258
288845
168772
321189
166835
358675
298483
131119
361926
193842
194825
342336
307647
324468
158657
352806
211186
170555
145501
189246
446531
113769
240354
421138
149543
425521
326136
367676
158238
161646
139480
280396
165527
404671
392698
183090
216613
132043
432358
348461
171084
115627
217899
133937
211895
227888
197561
327114
367311
183167
259346
283968
167362
391424
242953
297637
384833
421951
306694
168308
416863
201899
324470
298244
157733
298209
354965
441810
270652
455685
348421
177516
261065
396767
101910
210515
160910
228565
190594
232046
308960
377963
129167
385382
298674
437673
113376
194067
394094
195373
328567
426764
403227
426564
382227
397858
101361
119183
233974
121690
261238
246952
250254
175627
351721
433230
440142
455497
381431
206011
321968
439886
369142
151959
202475
145786
380475
190616
374722
339631
435612
305068
401910
359109
302617
376204
238179
169098
309119
296188
312681
401898
196642
233174
252587
424020
347907
453391
388557
231613
446405
324444
406246
112297
279669
229575
174268
387098
312270
141566
431231
172824
189592
252122
338493
430843
328324
260813
426094
336337
159952
379368
189588
322708
393498
319179
378444
312341
201147
226278
272742
204545
271356
292369
201788
198769
124977
318249
159077
212355
211890
142556
443741
451075
348467
244939
398745
231576
303157
175717
300410
430791
146328
312279
181762
155176
349469
247691
240181
177276
431728
455402
220698
155622
414395
233703
350721
130929
293323
277687
125297
318950
341746
225152
158322
109734
246251
383391
154689
194790
406339
424595
231436
416094
279429
265092
409067
238459
122245
389800
316927
238185
393596
163606
400205
278233
286246
169337
210043
143858
277906
300278
106668
349338
224409
196761
134285
451885
440763
139818
397006
116564
184092
321177
132851
439547
128743
252305
216619
180798
179189
102879
148909
395431
203912
255157
317706
391225
455114
375028
351716
203639
135083
273644
411589
345241
144915
369558
110972
419434
344664
310235
444059
302177
380288
246924
417716
341703
127360
137225
391174
405982
290992
174352
243422
389961
388071
396987
361094
395684
137980
386095
309541
270214
443267
431188
221742
122532
169501
333830
375914
358812
353196
363915
122214
428278
364620
277464
260028
387422
264311
300778
276293
199688
186725
203920
408397
312462
340359
413139
286532
320092
452046
452886
111171
155717
147218
340242
173406
195775
362473
440933
380309
181642
149494
399735
282496
140939
440937
114220
210921
285386
305806
431229
232209
167500
249327
214225
148062
441107
149182
200675
356773
233207
159042
109885
316994
440658
416241
153762
140848
401676
246738
145696
284686
422325
435537
162374
278488
125175
251626
405711
168862
141778
289428
365246
295416
367480
143280
130981
198039
285767
392790
325415
196665
315978
416482
248980
327905
249461
193312
354840
134093
306257
156659
317212
314225
450248
434137
276026
167514
397917
149001
209114
336031
246674
239608
133926
169768
251630
191827
264852
426221
371273
358297
192091
268662
203629
410126
226811
311248
178366
134866
221766
299244
244581
431157
290274
385460
327595
189191
292543
312854
344269
160100
186871
195265
258404
151436
164068
388244
448315
155913
141549
281200
391816
411662
231639
137027
346319
275919
449206
374584
100328
197635
439574
215591
256635
216490
117586
189339
251748
287229
280050
284673
334473
421406
290018
275676
263399
325219
208169
339707
354318
239060
101556
159688
130701
404790
375689
249937
341985
310661
194256
202187
171805
349255
138901
270273
101022
355505
139244
343325
452812
208652
282745
282711
364550
218678
328366
117248
182505
353242
102091
293129
347007
328275
135085
134244
110990
387069
128287
290778
303310
159283
274997
316178
200110
441530
413140
186925
283168
250097
270900
109629
217483
134439
158924
101934
171656
394643
208747
106679
157600
334615
115313
242940
198939
284580
293320
200294
417102
330697
244407
234600
269850
365646
123514
102431
153528
164965
218382
239311
371318
276075
208669
112353
330109
352872
219611
430557
253082
373982
289546
347731
234606
371048
133882
422403
213064
382727
385016
156020
326432
164405
277461
157523
311306
157224
107375
375222
259104
309914
428173
178276
384975
307256
214080
223650
403127
145464
363293
413587
199857
202362
347995
266660
194301
239950
236166
379415
199032
390409
234662
101455
260666
235581
222543
245439
138422
235747
176947
367536
147236
161716
108115
199370
326800
295702
440225
121885
205250
242376
221365
296936
284779
435297
257424
223894
415502
338398
301152
440591
248232
430012
161973
365097
111336
316720
450062
279222
289388
186597
354732
346699
257373
358672
287425
255912
270530
350359
270377
193134
429381
288119
416070
378948
421463
319811
235045
285166
257795
220305
212387
180901
377019
367398
159529
346241
147058
418940
193205
180512
260822
398768
400541
426813
304417
356203
265202
399118
387231
319016
132416
316134
415501
375091
452363
188444
394727
321267
222241
428974
421493
272724
283048
242726
390482
145097
256148
442160
402146
339661
257122
235354
149812
372226
166490
243113
317081
106867
130963
345322
110763
158654
454652
175757
109343
220268
253597
375444
155990
254574
451493
401658
170791
326007
131044
269790
408218
131217
222756
189825
116733
144264
279438
349681
349594
270269
384093
182091
208676
413163
100865
211335
395201
358048
286974
229529
395310
303981
189316
446994
404101
188480
323926
277266
184857
328500
150468
353360
297386
448329
376625
287554
280138
169699
127355
311101
212942
365995
427608
413537
398162
378595
381125
420684
168017
317199
454721
356991
364592
330683
227897
168388
279578
428056
301896
378978
415447
200319
348282
105828
108527
406647
388323
277990
240743
424796
195527
160569
430926
273596
290239
176132
274299
322629
241011
148287
140080
276081
260346
167678
261995
285567
346322
329715
131050
133984
243956
434063
117592
451795
266950
357654
362050
223511
396504
115414
264561
305528
391252
226004
253927
264298
106935
279224
265694
425259
453824
392827
333279
228235
175243
223896
300705
444464
323274
329279
157900
271120
390050
382246
100956
243261
109719
144998
334731
395991
437113
309192
409898
364788
321215
383212
275568
224172
393137
396072
383978
342780
288644
372279
119288
122726
104396
103949
234665
231769
376990
113580
441924
108588
266042
221408
263144
336505
139270
292418
350428
434854
291101
320190
274436
414103
113757
147400
276477
427781
217518
188847
400486
177908
283003
121678
322750
330373
185892
253941
107857
153709
207485
187533
312267
334203
365747
446524
408283
413291
431513
111362
125460
165933
153253
304502
131407
199253
406946
222130
213288
138822
250941
179466
166037
121697
220929
117337
186870
370963
110054
180057
331503
205947
440940
180528
363826
358724
366392
284108
393583
215902
152489
377433
223168
448313
125733
392321
163790
441419
415568
134466
453380
127853
305139
244953
182559
214169
215048
221735
448544
123066
332688
443181
320617
183611
168674
449585
342105
301986
152474
179057
343751
237034
157350
415400
103227
245407
176476
390216
434287
126061
348286
156388
395007
267086
282728
436220
234161
318323
415591
347064
392465
181369
456004
320896
194824
232697
146920
392264
444218
212850
421306
217491
441934
105609
325885
371205
435644
245608
436780
103128
447453
298383
285295
297492
430861
126390
286179
409335
352652
259081
247327
282370
108885
351531
321781
156110
137975
261445
264474
106899
114775
218999
237824
445171
330341
418182
258999
175783
305884
372323
327176
413435
120971
316381
154251
380362
127422
168266
272619
355658
386652
449512
353093
406662
347098
199355
178966
259726
321616
398034
306176
133438
365251
281469
232957
290373
174679
440400
454201
329349
370321
182417
214821
196203
184131
262551
214041
129467
415780
203855
410702
274625
259862
244888
354353
436575
115626
385692
272792
258540
117716
343907
123822
338034
280683
249981
450607
278290
334155
308966
437204
379810
291880
283031
351692
192616
366500
162251
200296
403430
344777
440197
240386
207208
288991
350115
293359
258426
318620
295289
248758
244819
200938
186849
290844
115794
107057
404191
146443
253132
302518
228406
434903
340797
121518
174856
386906
190495
304677
162739
159520
384487
199412
229648
339264
424972
243451
276528
252251
322902
123138
362137
445630
345274
257845
294820
444047
407200
167778
242864
386062
340846
393784
243763
132394
353604
185318
138049
425393
377012
159343
101238
119663
195438
355695
219759
151346
100034
429205
431421
224602
378952
351534
315245
239417
405940
364798
331249
374522
451102
356566
450829
151901
355787
365121
417083
125050
188219
140211
198831
312284
263817
314361
202479
145840
137017
443291
216750
392074
265019
105815
390441
287602
224736
171818
357966
303023
366046
229957
238990
241703
349701
224341
209189
169924
421809
223316
451535
310103
428400
133649
420401
421563
432057
151915
105773
111324
282339
400201
171595
194125
240647
364902
438520
363346
231195
196387
416634
251155
123703
230966
296609
393041
421104
328337
334641
262361
171009
447045
385850
447725
337503
427099
373739
300886
318045
160018
404188
116522
322772
329032
376813
153586
210329
239987
375766
259380
188251
113940
261584
124245
177941
251694
426908
189028
197071
140079
203882
105193
257905
333214
411929
360017
136732
242747
344794
187764
306278
389686
243675
236676
450435
439438
144166
269644
242600
148470
311217
441221
282727
204745
105382
103995
366387
300861
336252
156242
105925
232138
264430
319450
302258
235723
162743
198646
452531
420174
428144
372359
250611
113519
288173
153346
155880
178477
202759
152764
427710
413134
451154
427630
190068
215878
424698
290952
340798
425842
206599
245476
122056
358238
309618
282845
140531
328611
416681
434701
369298
127444
364226
201565
268191
294462
280751
177759
171798
228048
191528
282340
310438
193392
121248
192360
129934
354292
200298
359097
417289
392657
121267
353653
103959
439302
403075
235632
156865
139337
305155
136793
296130
285201
332172
432038
208192
265018
182784
328100
205062
121442
230886
451134
345407
162561
292263
285425
312355
228093
107970
249444
374792
306428
407116
246118
196284
303796
432143
171961
337389
377415
422588
380245
300567
357459
438928
288537
219257
436785
146969
182435
359221
145600
289144
410772
231916
264075
389447
203239
330927
177788
125282
421822
455183
359361
223376
102436
146703
402608
212752
133498
135262
229917
359636
404935
196724
356850
133575
187555
219510
434592
371912
145136
407017
107911
155524
244577
153053
210197
171776
339829
329465
303744
351299
419408
383015
226774
244188
445499
396701
105608
416252
415084
387677
325168
170757
292256
273203
249433
156332
148270
114848
426397
121666
411322
329522
255019
389096
287550
181962
210990
410191
411242
374126
387381
298913
350607
295242
290391
329373
362942
370409
340937
333319
226203
327329
197130
223656
175331
432403
276369
214747
208721
236536
164656
262800
376018
222960
241443
385321
125754
389289
288106
376188
356394
291698
129638
427221
425768
434873
252848
215310
183823
107172
404356
324896
138014
360985
263624
216474
213197
170837
281662
138218
347553
347377
128916
134682
308518
375045
259615
107197
367576
113884
102350
277948
439315
429176
178784
229762
159725
339022
312130
434227
318240
440138
253085
244121
162686
320244
323097
312232
156767
357570
183146
131383
441718
110079
232584
184350
384593
177961
384954
295402
137910
404113
173307
200957
282219
123732
141836
454059
343301
209075
412268
450776
242595
381039
452130
133307
431671
154691
429635
151269
330182
241753
315798
202404
272351
275222
145700
218736
176653
443145
101133
235250
194992
325006
247219
438616
438413
288867
218296
404045
182374
430456
331829
378266
369440
131827
333985
343860
437410
324630
195470
163994
295990
400241
200272
125614
194784
235879
184110
196934
315655
174874
160535
340191
424737
436716
298758
360209
394827
184314
271047
202503
142816
287568
396773
308448
251060
412106
107868
235481
163274
261169
316450
164930
157528
350287
448719
134363
330091
304418
153963
125389
400964
416285
357620
268819
137829
123710
137283
179059
129056
386329
420690
341243
209134
408075
182719
137844
128386
373968
264765
117338
424719
231180
343665
178679
447284
246876
106072
312124
401503
117283
365848
200021
400677
110848
102041
221840
339878
166731
374681
408789
273718
320523
308847
251027
258119
301663
342161
233375
173473
412869
274637
269382
270907
416591
449381
130711
278133
398353
426074
324791
155215
127020
178901
273232
308702
109559
303146
409137
211725
193102
371756
294457
169052
315100
124346
430994
436214
445711
174504
451969
265029
450092
228518
134388
123772
340435
118579
141575
141653
394057
123272
223834
210187
307142
376932
189600
318556
436819
133735
349423
116538
228750
316975
251495
228210
102021
353614
400500
441043
451961
327814
318687
260787
311048
455601
158287
140814
129603
193586
183599
446648
420477
398134
274100
368603
177716
445791
398719
370703
245785
187551
100407
173507
141328
157384
323850
390879
344058
113801
231569
348627
352090
249992
335216
270508
417637
224316
182811
360584
317522
277905
373814
309655
347786
293349
237367
422563
140222
450350
281255
198832
449653
114495
249065
262595
175851
447392
126338
353344
414202
242949
194608
411008
168283
454966
356546
222944
124372
140650
279829
367187
421491
310575
392700
444741
239925
186145
126747
269019
319366
109554
105024
420705
346786
449072
143218
275941
324973
190560
346738
292469
400391
238506
207388
101255
229238
246172
218836
187029
182838
447393
117867
219323
394965
335545
202770
137953
190087
150275
390002
196389
220365
315386
103950
356351
387614
369571
379524
370424
159202
150825
454039
203551
161285
255856
388883
207197
276068
226574
213962
452223
361908
355900
240158
207067
317265
445697
441103
166440
390260
345891
335763
190036
177986
195107
200865
324638
283910
451860
438931
106379
447292
183888
128663
332038
396069
430963
110388
226747
357594
224804
281726
144521
304379
366984
316866
259220
318143
130919
184156
221577
131277
427835
450185
453234
453381
231673
239125
259210
197920
211030
370785
317882
208404
374242
295615
130515
248748
329552
359744
318729
342914
299653
387859
325279
221817
370348
428369
277781
130794
230829
196278
407010
141041
314450
447669
288749
416608
321812
377813
382720
238079
270421
127186
144509
332260
244213
108049
137886
254291
440290
108792
127147
372032
124996
366857
346812
309968
403469
306281
203916
195160
129393
406337
340371
370252
249349
321379
306060
382417
439924
379217
268401
423101
163400
286170
151646
120077
309232
170160
175262
406325
292486
360179
392660
331501
149149
419383
190307
152235
209949
223024
160424
423292
454686
423919
232723
323853
175721
299851
182829
285111
220396
158635
305041
142516
375750
188589
437140
431626
288746
315374
156957
302239
244380
290968
145091
356030
345525
246241
133365
127086
200279
265752
163822
288566
285010
371562
113713
233252
453236
221093
269482
435635
192136
219045
203172
390811
157311
433191
205379
137035
428994
246249
347925
215254
388152
107332
137838
410599
299186
338968
100146
207586
181601
442472
124105
399852
309640
186530
274718
339612
418465
144545
451072
318697
377909
317961
406450
397807
188627
371497
343714
354207
244587
318029
353353
426080
365720
270932
116527
301881
120772
333134
331889
271899
295469
438648
169575
365294
353747
244097
157721
173784
133380
259688
137250
329809
264098
134247
345528
274610
154358
420462
281267
175266
192148
120604
217345
239037
387395
410236
391560
175470
390345
190302
295618
130222
369720
134053
365620
198277
220515
445482
103659
343174
391262
202483
282388
212184
222879
400197
318960
221751
380552
102072
347721
444583
287902
142058
338008
198438
294068
135936
272158
442518
326925
344289
353224
230025
337871
232336
114206
267554
441219
291553
383881
193029
430683
287919
300862
250119
192049
301831
338967
430417
256870
390118
432563
132957
102824
287303
356006
379522
455929
243819
188197
295187
405091
450037
263651
408823
281903
183568
242039
209301
453231
319339
360852
380868
402880
346691
230559
425890
427877
378809
204718
271467
101218
409483
373679
179800
194637
420128
105212
195749
196177
379169
127569
101741
269604
442154
340809
448851
165021
168399
343457
112661
215680
113949
319434
327672
287990
124946
305430
213918
315588
244041
404904
310551
132554
243088
430911
380001
349751
190602
137488
334318
261639
401205
100538
445509
253692
263129
282868
423772
157110
384995
328971
238177
390643
227798
308628
376446
317885
248079
359684
213992
127078
195475
285823
408916
175107
269906
230063
100655
158861
368541
407148
173717
399977
384844
241223
258816
153975
383980
412647
219585
359271
351483
310901
281411
271627
396708
330248
397489
147431
207202
135840
235333
346411
151976
258291
438085
174787
238932
417646
136975
124469
319548
433874
416090
123834
146154
215686
388299
223801
277705
229819
350696
142954
295422
446951
224571
214796
211521
219666
226430
181681
364370
172567
239270
220068
323917
415399
122929
417654
360465
315646
384992
420123
120720
354789
170081
370564
370171
360599
357105
336618
126433
257336
195445
127969
406224
372211
239911
337781
430798
341224
396613
272939
372642
408715
428549
206224
446836
223516
329660
438326
122939
152830
338656
397382
448505
260898
256156
112919
229263
359991
111280
141522
430555
335364
224045
133622
283682
307172
434318
385276
216263
118395
148634
196090
445351
133599
261137
124889
379939
111234
349996
148879
323178
368670
225786
170743
442486
280699
216126
390353
254339
262545
220258
318084
453106
153998
271524
376010
198456
382715
417599
386044
434022
112045
160803
149234
228601
397305
112206
331685
180396
203234
211382
165261
439262
405799
271490
284942
353689
155499
442884
431223
428857
426541
422615
445793
259113
434240
332499
327269
238714
179522
172534
151282
204476
408834
259711
453368
174565
330592
243051
173501
445973
354262
424897
138333
112340
300234
273550
141274
415016
143022
378471
169756
301885
395260
164523
217717
360104
391981
255909
140186
420371
239410
131818
370774
117514
398530
263666
200726
436072
237533
397123
296405
378747
436559
405255
324083
398463
411756
382028
137885
277955
298667
274530
280331
396223
424864
432246
202103
150013
159556
142643
176528
142618
411848
417632
125123
126925
190225
197360
276663
342595
206242
154343
177300
424731
263346
102866
418321
381102
264806
443948
108097
361735
338020
275478
246368
124080
437870
290933
272783
243854
451060
126517
240460
351512
152471
349476
159044
363680
369907
455421
123511
400568
133400
352172
235011
351776
147173
170086
313892
318537
274454
364297
133208
312353
285491
191295
102888
296192
390714
179389
156240
428406
124778
372808
205574
447302
377360
422359
300492
338366
330998
405975
113085
250338
107717
200806
411421
319587
303874
410823
415421
386351
355778
315964
373717
162890
399649
305668
417217
412200
209145
132765
178259
335051
122727
359519
410490
129496
447435
424306
299230
315182
216542
433171
107007
229720
413129
305167
111940
151028
350701
125367
335844
269917
392768
450183
238061
229772
142137
450825
345763
371706
259021
177025
247640
216983
271160
158150
212090
251877
235911
307354
313187
227284
181881
196047
166565
434495
215137
336463
311119
188613
157275
433886
258089
447277
292117
200714
142329
205607
184217
338141
309392
158729
286172
223663
157457
369563
391939
348809
313868
408292
316668
375541
362752
343838
351693
325166
239772
230529
256482
399359
212552
422844
455240
267989
383537
269131
405286
340427
369280
253241
377514
410796
110033
172935
305980
309107
340634
142682
290748
102685
306341
355077
151984
419050
357011
385375
182766
265841
438051
341493
211712
285053
180442
182996
358821
221734
152253
408440
441790
110509
303368
256238
363497
447441
339706
456229
155760
423934
222925
408111
450732
274230
434792
226885
415510
179862
273869
321512
425025
442996
167219
280437
180361
277083
297267
227988
252528
271508
244602
360035
178246
102011
332342
421593
253858
420084
193007
255203
361043
410210
393898
374776
240934
271416
349139
277440
115536
229436
227748
300841
395319
383421
248621
122040
455684
171700
343975
437388
411578
141066
145184
103827
202334
169943
170156
300760
323060
377305
147422
351426
228468
263226
189489
309595
289013
234800
241861
123886
232449
335623
146271
390001
405160
125590
188709
422292
199895
183552
447388
336702
348254
259200
256070
435223
158318
367253
381555
112615
168546
187485
418982
186825
124992
101998
433955
358682
238486
177884
399010
113096
153077
382717
104517
326515
290091
410502
263169
159714
171529
103696
274128
270662
190377
150800
241371
269203
262803
226423
251357
256615
137078
139846
161802
219996
404086
245842
213642
414459
214626
380432
338372
295716
407932
420442
119728
377334
220658
417127
142386
366552
220888
253608
360335
177441
271398
390670
409200
310847
362785
113883
193751
222559
110922
316606
190014
288144
455039
392712
430723
403018
391349
138878
137358
438246
261392
322783
293657
211086
211734
248811
282051
318807
256486
405928
229841
112542
422579
335139
432874
423068
447938
442877
427772
115037
237920
170978
196692
361827
306263
453482
151642
228859
271882
333081
449862
431005
387297
104240
316255
327328
313844
403616
409466
336145
440069
291769
333002
277120
270192
439191
447131
366237
301314
432881
339134
184179
395960
400734
135164
391536
431826
250704
309091
309545
345167
342258
183382
112605
222266
381516
222332
147746
284484
163358
206923
301924
212549
432451
266887
303338
423528
358864
453005
444812
213416
239931
332830
247697
453621
256252
304430
425265
129745
302471
217315
407199
184690
391647
190218
274861
139815
359638
284443
195149
154009
345706
262722
179509
379602
256383
207110
145858
398316
202424
386021
261362
228444
144307
402225
213498
389404
344018
101966
452405
430007
428466
366016
170545
326640
139022
284624
221448
376882
433503
179436
201113
357144
275219
127447
396721
311606
112496
454168
368546
260094
101452
207813
308640
179659
320809
234356
195942
187712
119033
257456
119576
394320
157870
266755
203683
268733
181900
185310
453222
104125
106323
263103
435045
387172
197737
125115
280012
442820
214210
292574
350563
103466
256869
414446
260975
298422
346698
144748
148516
404512
172603
211658
433493
235209
448733
226452
417695
365838
305580
350080
436551
204851
184235
357304
147479
418361
157137
209679
246372
286100
293765
219982
286012
241092
354221
115097
242104
343739
290380
180642
305769
272339
446377
238911
283347
427944
223902
233524
384255
356986
351145
159389
442646
305727
325612
355178
437119
300734
375445
258242
163824
317985
204456
356298
211919
108366
164671
212163
416455
321654
402018
119210
122199
403311
111109
398824
433733
180023
378218
422719
366348
359269
325843
404232
355629
326721
120850
183254
412349
351934
339071
182886
118844
337799
193851
103493
149868
223414
225252
239039
449695
134757
455133
393323
401518
115942
418496
318083
406524
395008
315434
309488
106588
156611
406479
119066
307499
443207
447077
337547
287159
352891
241304
229154
108053
411047
211327
280585
128037
194197
129132
162256
334602
317248
257075
175910
152840
122350
128506
311907
344782
401987
338072
212403
178294
261049
305389
141196
107435
139171
385404
245816
356376
140933
208280
406736
355066
336486
386733
203742
248178
274843
387865
137968
121240
202367
291983
260783
155006
176298
136511
248152
423366
138582
344288
164872
400276
106997
122434
220906
416575
448498
286875
310275
301633
359845
192109
341248
275174
435000
389232
415813
152421
239871
412977
219014
225453
352760
342085
314369
328206
166425
447838
211137
323823
421709
264753
365530
410921
181172
178875
304583
130720
399907
155602
135225
225548
248190
208107
423161
409091
385453
419371
311200
169816
201394
100557
442501
108898
234808
266672
134996
109673
151078
333190
177555
384133
448439
311097
448170
287711
316198
113381
280480
331211
342150
104692
153954
349891
238564
260648
278394
229652
241387
274194
456069
392570
126927
218496
314481
191017
313599
309427
263268
107919
420604
166151
369084
419893
329495
149808
289065
311275
443128
127475
419530
391611
392352
390580
404975
160794
405226
141936
313525
186981
376907
289646
428571
306646
241063
377482
243312
220232
162925
437964
107003
313367
227016
133202
280666
245867
316988
320018
341060
137728
207227
171552
286068
367225
191770
455672
317990
317313
114343
345828
186903
396882
427496
212502
333906
138420
401881
234930
195229
367222
419160
239874
277732
122737
448900
391082
137289
329734
402295
178073
294235
315479
377823
130105
417077
388482
424601
406914
245193
393451
131060
300195
369072
380691
155941
307941
225549
164973
450540
249434
231271
434683
410537
378990
439024
206172
450082
164627
138785
142554
215317
269996
364488
115486
419008
134912
138808
327465
163124
280099
265289
302662
220194
244730
187161
268284
183523
336545
227294
270701
403613
172651
263901
108484
383254
288340
398317
432650
189033
112960
414637
398917
338951
125977
444022
454766
430705
315683
391688
434780
353679
201990
287381
234549
400002
135317
134739
456076
236466
387200
182089
142857
397889
388815
348127
317172
313913
429361
213606
422028
370306
172502
253586
128701
106835
363185
278468
402442
352108
140366
195679
252489
428634
327889
133865
337739
113920
430505
296555
225279
355949
115961
334987
243793
373741
162062
145945
273702
278370
204218
220991
238380
114448
402409
124004
175867
339365
330688
360655
395950
358106
122892
183000
121610
229304
264141
315879
441096
245198
242592
180911
287423
229854
383771
309589
343464
403522
113344
248979
291692
396230
378563
255904
131545
452479
227182
207679
118609
370257
364825
400312
222827
242282
226529
119071
383256
392347
107270
380217
150638
419439
228740
321964
304818
375662
331898
200596
312397
155552
114801
201240
376739
184953
220722
125509
302048
282385
275960
388283
359123
412394
177910
437545
305893
245859
285710
190685
381823
382766
100288
203194
260912
209734
384322
404676
308500
379628
371600
367596
106039
349366
389322
227408
216090
170850
324360
216395
313008
314047
115993
128837
425178
442994
292909
427590
207154
124592
390984
422595
307517
161543
177768
440256
374085
272239
287041
145614
320535
279380
286783
248885
336119
433669
454827
381119
400231
280616
295718
437549
356912
111643
245209
285790
447331
442591
260125
297353
377278
144459
352930
183044
175236
162244
333973
141676
218745
300897
170111
450704
144628
260927
236763
366376
114074
394608
406396
222091
414781
142261
367500
316956
116197
263912
451030
147649
451122
248814
114682
393240
163150
168122
337886
144492
285541
129651
384694
333809
283700
249850
355423
350185
411818
115989
103962
425682
193528
439000
281826
302836
180167
412995
243380
343498
185933
429605
136468
106057
213846
297245
415300
429619
175944
322943
234555
411148
453393
408140
214011
143107
440022
168010
224340
372160
126684
449093
357400
100040
326969
415377
332744
387485
133574
173449
301017
396559
194236
150540
292365
240830
154354
372164
137237
415291
168879
138979
180569
119254
236493
316783
373957
129054
259295
208987
403604
262099
443366
103678
286740
189198
391345
206492
284940
436907
191985
197527
129233
260711
298438
236384
208387
156379
145770
324403
236277
217152
443105
147864
359106
446005
435771
354574
281079
309491
154832
337096
203279
444981
261054
355352
393618
377111
366337
323748
297991
154467
412215
323226
219548
279444
254108
337701
435988
286870
209655
365138
305520
294721
203432
140805
273812
202843
436998
143665
169619
188393
379949
313112
386376
221914
234420
331823
122715
189580
395025
123618
261129
432657
386903
216616
384905
186647
319537
156181
208315
259337
186999
453077
135744
339543
213467
351128
417800
146423
449242
295709
117022
251817
439284
224800
335858
278744
297764
161667
285218
278127
306395
328243
238888
223223
129917
184219
252403
446921
329407
234630
178140
206862
118224
358974
283145
434725
380594
289113
159313
322100
341471
120126
368059
327474
454325
196679
122686
321284
239622
144554
222791
224727
163169
268812
172156
197732
296715
378017
361464
223226
133384
329818
214464
386328
126027
255710
368916
374365
372917
210557
271438
288213
104400
267064
302713
145073
336030
394363
353512
297634
110161
405210
366660
129922
451501
451815
142527
209942
417278
184824
409951
127032
366070
318444
426585
333903
441570
125721
251098
420377
107192
378269
318185
268389
288103
184288
213919
347029
439237
121397
170073
383252
244869
232333
454082
152929
340024
214543
307298
172766
308544
436957
266998
190751
401884
415073
324003
247195
349270
400599
108096
131662
101957
258102
191586
331671
136891
328212
136323
339047
289490
283403
105520
390239
231860
182914
318186
254583
413116
336864
130128
150640
276935
314936
245508
121705
441008
423625
438221
227655
414101
369397
346146
287123
382537
300811
235319
366035
281049
352315
157706
340628
365314
109111
141103
371959
125829
341164
253213
139523
253039
249971
384043
152969
308336
114990
257925
116540
155300
217389
102277
453444
364097
274008
208355
347165
122830
442214
108364
186760
390049
243853
312347
167490
157468
356398
365852
354545
392009
119000
106507
226355
279042
229521
340808
293886
155536
188076
371230
269719
214396
367680
421504
105124
104195
206474
334456
367749
241859
186214
297520
392557
408491
226210
232626
300933
292906
382788
357142
343010
366863
229678
380466
248316
387692
193550
327277
415277
357282
369969
305307
369728
273752
322535
407668
265078
395527
331665
209319
278991
261311
411612
231850
102333
364263
338138
367786
197676
419768
435367
239338
375816
122761
426323
102726
396706
117214
314122
391017
342501
212791
178870
419973
155578
350806
369749
207738
263570
250793
117532
286072
158475
381579
157133
451944
155131
141021
440878
394497
270878
127648
388340
350084
443978
282258
241091
154434
247870
403289
356355
347741
231063
272831
331642
426485
403538
446484
341555
235983
187589
266803
331410
262450
310959
189141
341530
111275
125229
368724
163348
211976
227777
277814
413794
256057
129465
426926
363511
406454
227004
309017
296397
444061
411760
169011
125723
418823
135555
193960
301583
270751
433219
196832
452030
241086
120222
196240
294260
285021
437583
297914
146348
325356
152878
378574
229339
285172
253431
175329
162600
328992
355961
123711
306294
116523
417598
436649
115239
421035
375727
300213
167459
350735
264984
372860
338624
387903
350914
121869
365957
110000
155816
336972
193795
231814
445732
207904
227464
267543
313089
202224
133354
375868
174214
452688
251393
263207
331105
187053
230099
133525
388951
343119
365601
194420
211400
286866
329797
337705
350962
292473
230818
159890
237074
222125
284793
410954
277017
269671
344803
185055
384189
243260
144152
202738
338972
277452
440036
358159
167786
418268
105522
421172
285714
137355
295771
173225
447081
393823
314925
351270
120330
285648
232166
289067
185969
242020
106316
284739
264351
396896
293633
269324
101184
325335
343758
266346
376146
288727
421623
237544
351120
123901
339746
146646
313542
224862
134627
267563
346337
393123
366773
330693
340886
289946
312923
138306
109817
430700
111565
385776
286623
331397
166412
427422
218674
434246
429724
386527
182859
186030
451048
135841
233789
342197
102258
119408
371434
240429
352431
401242
342261
231812
169451
250491
329752
114383
324785
340981
181909
274074
104220
235702
152519
358120
114140
382020
250143
407383
197455
288242
452848
143524
383777
237259
407272
158578
388609
427631
202420
366352
314579
376139
279058
277623
391193
200854
322941
310814
267997
407701
355411
275454
250200
153848
104330
370357
359745
303894
439178
282780
336901
441193
445869
192498
307628
392621
414491
396665
311010
438815
367732
158553
169545
357604
234462
316418
430230
223658
254139
102762
399424
284555
192517
454121
120366
337259
153562
231199
212576
157679
399405
102585
316470
266676
443419
184481
249813
279655
431761
336401
269720
158964
243220
154105
290547
423243
240745
296422
309856
115082
407785
211878
166295
177738
403794
169828
146589
191879
253234
297950
305253
435039
392378
148793
270620
357611
237514
200566
266949
272789
267721
401874
273320
229783
365407
235370
117814
316897
174253
287565
100550
121426
115767
336261
233415
247893
266376
339535
104919
275641
186287
395549
434768
119039
237360
290207
424861
420939
298360
396382
424321
275935
411213
431218
164341
222418
313151
430916
122141
129066
391149
220475
194518
179979
348749
221773
102843
418438
285901
135964
138575
349474
311486
229161
234643
245699
441224
342296
415428
355591
190103
349678
417137
116998
234858
264813
259134
322163
174405
202685
200109
249924
447408
167655
111789
183170
188374
301458
333094
359694
336828
356674
265721
143986
119248
351349
188680
368075
351197
132669
144982
125606
151383
390938
374657
164195
279943
430823
133427
250296
418816
212383
223832
228722
164380
180447
146372
379752
323903
101785
314221
364254
299988
326918
434891
139241
205842
123536
412926
306675
352710
238781
230106
445063
102489
307897
308830
443493
215286
241283
261575
132411
123220
338286
282952
315156
358158
312312
292658
190074
151003
244701
145268
301443
145367
100297
166547
403048
344591
168295
411493
154502
114727
272487
324769
336768
155971
297522
222688
203886
274919
295851
190234
205845
154110
234911
381677
420759
339296
178462
328302
113666
123084
162126
310960
347644
367845
434651
435008
418484
179836
128733
308651
432723
307621
438121
133648
399805
324959
419803
155839
233078
130309
231917
365581
353022
406366
172845
380849
344038
290420
104701
230923
301477
130306
431977
129137
266664
333674
258396
239242
405376
225705
354028
452939
340788
154476
220967
382466
271133
175686
344498
364737
410688
379353
349514
416362
218308
437634
145321
304065
192039
361567
154952
230362
262946
334990
261733
140930
288947
306889
226326
200583
379918
455519
166185
193564
105645
181725
431006
122219
151611
251329
351222
418908
201429
438760
416085
415855
389759
239047
173208
360910
345898
241329
422306
421620
256333
388478
222201
454562
397272
410984
185437
259176
246532
277733
102305
160957
197085
382830
148215
329689
179208
127506
179718
446053
454890
292186
272370
184255
314301
163461
294972
405730
398716
391924
426722
273049
265011
429932
424050
419654
432293
199461
286989
416282
302848
146204
140788
434294
340137
150234
362665
330835
201925
168885
343069
283956
207262
391789
164335
245529
195844
125580
401248
167262
100406
364610
442043
122931
242512
343612
314319
349493
332480
120308
425169
175924
327911
148675
302099
198443
426016
420058
137239
325542
316716
168148
414218
226518
393920
205339
117696
174448
218301
422797
328642
137839
141553
164223
366551
151334
118419
197497
431194
199223
129286
350227
258469
285577
127009
296665
240913
423683
120661
215754
427872
252590
152669
189529
247670
433821
379900
270964
106197
242243
440563
175014
167458
196368
380715
322619
223788
226595
429402
259085
195346
336102
285216
229644
253558
311993
150398
327003
282224
317745
380953
120623
365104
178089
223985
161850
219500
163381
318755
220762
135446
100379
183773
338319
309852
126257
318756
300328
419339
333261
139100
100684
211375
302295
145128
180346
245384
124601
112143
263176
236247
358531
150196
420566
384538
156836
187169
425565
257623
199579
136452
298630
451382
234378
440546
134157
267299
191810
280026
291184
282163
236415
283680
156162
366959
381652
421046
143480
339439
246063
226997
388626
263625
165312
136933
141898
224102
177926
357106
265163
127465
238915
176506
377341
247819
261618
190338
256949
303243
432911
161068
180155
369019
391441
129145
130269
270911
120544
265975
316215
199474
306140
438251
304843
240104
264650
292704
121125
291808
256287
126662
196516
284509
245397
362506
450354
357650
221149
295855
120776
247991
314336
335671
400369
269805
136602
274941
412514
423322
143830
407495
170834
228451
242470
393396
346625
180931
309139
288738
428972
449445
389177
424191
418196
431620
307169
187083
450652
390252
311118
266289
288799
176872
165431
399111
245404
391833
282341
219792
432748
256527
210032
138353
399437
105878
326371
296564
388388
445837
267397
173270
366822
264741
343626
452766
117230
130169
223866
367803
125950
409290
228336
376717
330667
405842
201750
138482
156921
372526
194520
302351
400140
174813
408034
259119
166262
316461
412190
239234
188736
263465
454724
269983
185611
314054
169916
366338
337490
392080
306321
224648
448706
332125
372607
204711
291828
186614
115573
142753
286853
356704
352448
273525
371524
301736
154474
231980
229440
297018
155663
432647
164978
392292
373136
304714
149747
329336
412652
431272
374216
315421
365193
427336
446110
176110
198651
416115
455396
328229
361361
220218
376189
352998
142434
432792
260086
288962
347114
224792
168268
275887
266631
121526
278551
285272
151014
247398
205746
455292
306507
305176
189714
187333
289301
222037
413462
252895
237864
199488
436234
381572
216246
336126
347533
429854
132351
352370
241994
256643
280613
336508
226097
188068
294766
268035
418883
271818
381653
285758
116038
112816
156939
213736
446417
165269
221192
313039
381615
367109
149382
277352
338198
131845
156034
344717
151731
184925
175040
141748
209663
281706
169649
150581
287727
136368
228600
388295
126041
302015
455333
121005
450506
221830
150486
284883
261372
156702
232806
245448
170920
191940
429362
189110
449261
390538
216062
117929
442240
230830
200673
123118
149473
409486
409099
370129
312633
263365
218676
156131
146446
233523
221732
362125
201140
424040
146641
135938
245715
338838
138845
180846
440173
312443
338054
104592
168701
442105
375057
426073
259959
271090
441566
293848
148502
309700
147267
188932
125045
207584
127051
194891
429227
315242
148925
235539
441303
384164
275944
163843
451750
172561
422034
127587
270877
262771
266810
441390
359914
220723
395059
297615
164024
337015
346460
399136
114204
127522
420805
351931
121724
207462
164404
291865
395651
452433
185724
271257
360266
109183
156002
361798
226564
296840
249654
414725
434697
151202
183566
156304
109283
440421
417661
167541
390039
315131
455821
375881
264837
249049
331916
159210
400602
421613
364846
381977
221668
112180
316563
233867
440123
188710
437052
192608
272671
372988
207200
266412
391228
389430
451194
318678
387617
178862
302084
405006
149595
435663
230019
374499
269609
113910
439280
216204
203024
327248
437308
272873
325243
344068
234276
196824
238302
170274
390464
404347
407465
171982
339378
261604
100372
140258
388825
131432
224387
331342
421939
417757
331810
341175
448191
164479
350972
347449
373059
320104
426083
285574
103069
126989
413807
202729
219748
405314
437509
289659
253229
246675
180996
238289
373529
331042
440326
313273
294772
408105
273735
308877
381685
153242
191612
404230
275084
259893
141733
254064
334083
232886
286394
292785
249283
347292
143161
455660
455020
208895
414332
158448
364627
135112
391484
380055
430665
239132
305212
252486
187855
438711
117911
288196
364808
176749
112859
385594
286495
230081
435956
400743
311833
351485
328778
218324
219642
373558
143668
171054
207820
185241
134074
430350
196102
434267
294742
217750
446470
236615
302913
391693
448764
252681
234954
392615
385323
193615
143069
434158
264160
383034
362821
167926
352489
295759
130397
283134
432017
153588
142623
206069
314880
197923
182229
131371
113216
104251
377943
121714
303858
375971
185610
142763
431393
273456
152380
389444
401938
449443
447403
270880
336682
158092
289560
317779
400336
292091
100612
305834
297769
346882
341473
268415
353948
445348
273351
135536
267074
341468
132367
137328
333682
424642
190107
195961
251287
277979
101860
410383
252304
223113
411294
237655
269142
379389
108575
309114
311349
342422
168120
249849
172074
429937
360198
146521
233782
122413
292998
446639
159923
339843
207582
377228
135015
145188
225133
333645
423927
114544
330422
256323
109838
292967
293529
248933
377086
309582
293970
160947
316530
454896
271648
131695
446736
417694
273749
290781
203125
435563
371201
301163
167399
151641
325493
351597
157607
141906
182613
182212
321072
429961
282475
104200
192952
313419
113111
271538
398755
250535
279200
327605
386151
155373
191477
304345
228525
224585
298534
265136
227934
359031
318493
365652
382514
349086
134112
222734
217120
187972
171688
412357
426589
131899
105280
367353
421338
387548
398680
232576
378654
116630
413154
195820
279308
141346
282556
454573
189889
271146
373203
160438
266404
315929
279476
159129
197388
231235
283297
159627
416010
281064
351736
127462
350838
245400
294307
339377
128995
123610
104966
275779
262428
230784
272506
361925
442225
273096
341958
291460
148884
346230
327899
252542
212745
400116
201551
136673
449241
272925
193621
215334
455525
413226
105392
284180
270816
118581
131161
231064
375173
242160
164849
413602
344993
204931
134062
390416
434023
453815
408134
237209
428524
229076
157047
291278
148966
303668
369333
256006
285458
226566
364691
205030
385109
311485
223773
433947
298260
395019
261752
153486
147414
239122
190367
221837
343293
202814
353792
281083
149380
408919
238974
192671
175021
208413
360909
121433
243225
442106
442645
136896
208540
166100
277393
209398
291960
196771
128129
280273
372372
412774
318125
225648
166311
201031
399926
358487
364635
340865
248216
304657
403854
231083
408321
265794
290443
366440
455512
341269
139351
389008
357739
390067
342573
206929
122200
151536
157762
341448
297879
298741
198249
216919
240971
454096
381718
183812
156415
121496
211619
369136
441163
419558
365289
397151
270414
393715
255790
124838
287647
285584
403905
206282
124388
329681
267556
275014
414908
219488
366481
259947
267045
226936
372426
241660
133112
200237
331435
424609
381300
203940
304126
286604
210517
250126
212412
288000
361353
392831
320313
388357
293755
146188
185652
105318
225630
420525
372255
239500
367769
274876
278877
427901
286748
125430
259519
401617
383719
266033
428543
259017
206887
187308
430779
118625
289033
229434
415007
374092
244222
384438
324367
399419
190097
279361
230298
210051
398889
336883
413998
213333
204397
179324
195916
409596
368582
267328
387310
431066
384331
166314
377509
223910
359550
169291
173544
129020
115735
376271
393837
271504
275808
320045
177445
344449
293808
369672
419887
296157
246036
397632
198757
102540
355513
378691
201862
297948
261024
440461
191348
259767
364325
233153
138095
233320
137266
430749
285946
387499
139329
264509
183870
442071
404849
373597
335232
436940
206017
304303
128824
197986
101722
294827
183191
448709
159519
115449
276849
365702
245248
307613
418516
398990
189146
135109
248602
141926
406560
404398
435973
148085
192231
146575
346083
246051
113504
345116
132855
123267
156303
314578
177119
180102
306473
333707
305498
202853
452973
149275
344208
114713
159885
445062
305135
334438
363008
388138
200677
111929
251637
158682
333526
445024
234493
206560
213122
174163
421226
247097
416982
120899
339012
114756
287465
312872
426360
153445
379314
414717
340633
426381
285542
139400
206668
209026
171999
225754
351829
172872
306020
168049
445189
359301
387041
437724
138462
319787
453455
275602
276749
371432
157093
344989
288384
370425
108272
293419
156959
322951
432537
259675
423342
188420
372295
266277
336069
362520
254665
399542
262988
118563
135961
281291
189036
289811
113965
262932
258132
396080
277000
338797
142744
289331
425977
316643
283854
267445
235144
115250
356448
352360
111533
303450
342265
453221
297698
332883
415318
355074
246672
189805
364208
320350
136770
415149
215349
257417
107966
364631
254427
235249
448658
152959
435697
357971
106108
373962
112141
394318
448173
348134
173078
246854
108191
433590
449482
305114
121222
406876
284705
455196
102926
331111
127635
152391
129244
261381
367448
179353
226123
254509
422935
247674
366034
279627
136433
238213
138603
145049
116110
245432
156328
187974
123259
227185
319493
351513
303406
317519
324030
303521
320546
201288
257012
275419
236494
393667
361401
206544
346172
187386
395934
200474
446155
451166
172187
166013
144021
139212
186375
245917
251319
187165
172429
201233
200321
145790
358533
128520
269354
425888
404185
218465
394544
110475
190889
323314
132698
328839
348279
294795
265671
160860
336047
293440
340988
266879
207549
107665
167356
164715
360051
397529
109938
202233
126207
427769
286526
173698
171727
115244
369051
233246
320600
251641
368903
125808
130379
388580
288023
222999
206983
430409
179491
284510
244664
169671
322342
398943
249150
412567
219162
187306
454775
432033
450648
396071
114629
396515
350268
387601
101706
112484
398973
190863
422313
250759
398507
134101
189721
421464
215401
177124
278623
377833
136976
239284
230943
285413
192842
139027
296911
305228
420963
377053
263731
178110
254985
214795
352537
376843
316674
106535
171784
189064
240730
396405
394090
161270
168892
350118
444827
429973
403383
251342
353975
112740
407114
317391
168233
157372
258296
106495
344976
131212
186844
185788
327331
116959
343001
224375
450320
306755
385593
312709
444223
425602
314093
346630
148931
111738
429891
309001
118023
398155
161045
371208
301039
292056
188916
266715
238190
216752
318034
149756
134506
226360
125146
278339
141373
336100
231972
350156
263752
445006
448460
153912
380938
375790
177452
370131
154372
202934
428301
147641
406312
267932
413585
220968
399772
393785
312828
230200
403336
421327
106232
420479
450470
449418
412265
153308
202348
368860
389078
264693
287991
126900
340710
135252
145465
169709
359882
348982
115363
283915
226197
288287
234515
302659
322281
349605
311715
170424
311876
145027
158944
315872
191423
434734
443594
237794
278029
224600
427705
321994
285786
371597
121860
312615
296095
318720
310427
200399
288315
301519
434605
390554
317983
100078
445287
221824
341144
290265
154459
288646
423179
299263
396133
443159
324576
136206
260878
148190
452306
429436
302240
405423
129468
437385
367833
367340
447237
107207
350879
186641
293099
376590
221055
369081
310439
155186
246011
364435
396059
362371
411875
421415
327872
437925
393147
130384
189025
225746
280508
305968
135162
186142
410454
203156
203149
181275
282517
171586
146295
202394
273003
434021
177407
266877
339308
306371
241570
424124
409693
373158
136480
337078
133750
454356
284569
186414
334065
285955
302245
217418
133971
105033
201068
194701
317907
199452
231577
227656
435273
314508
201464
134419
195153
105047
283645
261884
302552
142559
408326
200791
385668
235946
190869
441231
272421
308997
144039
264278
305419
319413
129452
372645
211299
272796
440580
378859
171246
186837
273104
446058
257935
341895
299744
285722
406532
338446
375905
192330
190705
379961
278652
361670
436438
420120
311742
182297
393960
286004
174234
331433
126315
371345
290485
435986
180491
325577
330167
296614
112478
347066
442475
297347
122362
177380
105985
249454
106359
302939
356637
230611
396608
213034
251328
360932
423628
312820
445738
130978
120110
113152
445298
173533
207326
201587
335264
226227
308658
153742
143467
379709
216538
230909
198517
304465
184075
406903
306380
248810
109856
397142
128039
398996
110779
426288
211975
229527
234437
428008
296759
198705
340497
362859
124131
192022
426524
411054
316165
185035
162483
265999
358018
308062
118679
115946
114626
208799
127434
132685
216559
229398
360250
313896
223755
435977
334194
135135
107473
344617
371751
454963
271512
101820
167700
426859
404789
229490
396976
287059
344948
408153
347403
399875
396526
322843
411601
133283
311832
197835
437322
427521
279710
109991
375392
155856
364618
223229
133425
246533
324517
203345
150062
123774
138208
223958
198067
373574
109036
165053
390756
330917
250726
410074
310386
253222
434810
309931
374902
126436
100292
299864
270005
153533
246308
252857
309917
106112
222499
407076
394729
189277
185235
305248
119777
310515
165891
182030
122981
288264
411707
249464
145211
392761
225821
139179
263986
299967
309461
108652
197961
143325
358485
449697
294226
230812
202223
240056
443349
157006
204245
190403
456071
173572
339538
120472
287829
247102
199900
337094
416777
347262
199520
214550
358317
383078
357216
321863
121221
133257
432392
297272
151925
409831
407603
118632
261052
258696
238738
127633
281487
418511
420376
179171
306362
315728
306553
324251
183921
336054
270828
124171
310473
405882
228253
431937
409365
252689
188321
319567
393402
316304
218601
393026
379254
192479
446517
407255
328880
346538
379258
347664
419382
425354
291233
345304
266663
153719
245880
154781
435116
220350
438360
125383
142889
428130
152731
379970
279730
375539
392432
433714
368791
433330
362691
238895
210626
383551
421639
448912
249624
343002
288560
149943
126523
143315
446661
313369
409783
322483
359098
294043
410243
242199
165210
367569
139210
142963
213933
388109
106224
136153
180128
230598
378651
263723
151711
305067
191391
197366
346785
351118
285619
288198
154006
119354
434035
123472
199614
157086
275507
221778
275073
283610
417207
210410
239611
294273
216735
433942
408982
287161
235334
173624
446409
218031
108043
285865
426685
361657
228449
257496
124227
341093
113600
342781
162445
234750
271935
290613
313919
415462
166006
442878
252800
315350
298943
262366
294590
349689
372087
242347
134124
359321
299364
161424
109842
340304
237687
400625
186854
420521
310797
173827
155864
114570
379773
219393
331103
406606
330534
442752
245726
349359
425931
349137
199142
364639
123348
271561
368198
254227
432691
389129
408203
261029
295988
147528
243982
247066
440719
360525
308365
115264
406307
399346
297872
380463
187431
328625
245469
231695
328411
115641
189875
156852
377062
158487
190450
266662
432208
103803
183268
278861
425899
235269
388578
141124
413979
422267
266906
320734
250465
143560
122625
344237
432978
300288
298075
218367
201196
409526
435580
159030
399794
361555
408145
334948
326817
345959
409159
281489
213011
303968
278006
153113
194352
145642
138503
248223
279682
155325
307125
353119
115882
291137
132267
225816
351438
432800
416833
144466
173224
255295
362887
428329
109982
142161
355474
113481
176121
189351
264641
116952
138069
106228
388619
194368
122534
388697
206758
359918
203703
178319
446708
211715
426067
169976
414734
188833
413202
231315
171363
151485
372334
274659
170135
254723
205521
273872
165468
157969
293828
224943
216574
232811
133786
383747
288724
420630
442152
203456
251009
445594
414330
359895
320781
427938
450756
237212
427857
305966
358760
355574
181024
352823
267613
168153
264543
336482
327266
306222
272993
442203
163294
281059
387161
335043
438372
321365
440803
102496
395329
148180
104651
147231
158637
321700
416827
426905
137804
310923
297323
454014
279418
257783
380566
239272
203457
436212
103552
414806
304518
256637
220591
207309
189543
453263
137713
404319
223065
376220
278093
404642
316283
138697
282012
365499
443769
387930
327734
410130
413211
451352
234376
224146
368291
342037
115696
148256
340553
279612
449826
111827
382366
147044
171234
101904
239266
281720
204388
443660
130476
132041
407504
278020
355685
426786
242278
407670
407309
218380
283540
170437
215067
407928
354587
316452
376656
141060
279427
321796
217694
208122
448187
432870
142566
249916
141442
134194
207550
138040
437528
404786
373026
352582
405080
351924
284461
237859
400206
169894
201163
245645
380619
421734
226568
276501
231701
144954
126110
450181
451188
195192
178411
159072
313006
351573
236354
204063
283579
353307
173483
289693
327332
241656
332711
241790
249282
336676
109416
371272
414238
199430
213748
100395
293054
180883
283082
314686
202530
214183
316302
148745
442837
302406
144211
261722
264107
324753
267150
451324
432764
272073
261614
307772
322539
194219
318202
395130
169891
358190
420402
402581
325666
449136
155756
111721
446490
358443
101770
252766
214820
302572
386012
156506
437990
180391
122504
342959
107999
299924
221001
136308
158587
344153
243800
341976
449282
449708
159789
187545
247589
424130
315355
330677
112639
264459
273071
438883
320105
422094
428068
178122
265633
123497
407777
251975
115714
107726
370635
261282
413270
209931
382411
297562
346430
398882
444064
191129
440008
207748
227537
226158
155026
193026
410820
254768
244029
402622
149489
167891
162540
419015
238123
377115
249890
294197
148416
369311
148728
420940
439543
171565
139802
107060
121831
183854
434805
391071
250129
180238
330190
444608
301147
438910
379519
360714
118770
142774
204741
328908
323952
341058
293003
170593
309316
319660
241722
182343
242399
271309
206932
355962
367859
367336
209670
162892
103960
315249
198096
217647
384175
434911
230470
131574
294998
432533
218529
405243
158819
219083
373459
442462
349387
438894
326331
226634
262125
173042
209900
283802
259831
441205
453823
313660
378360
138851
349091
123587
254039
111770
133506
377310
160480
412165
352675
105348
240330
225447
237586
189407
214702
414185
145905
291002
305937
294714
304330
215745
423268
135747
372785
125129
222474
395745
296125
310056
259942
394350
434733
329076
235789
384701
440412
225523
295510
171821
330082
244801
405586
442838
422363
439380
431190
142784
294051
412219
232044
442326
132247
154616
174278
270423
252642
133895
421280
326294
419949
451689
312739
361061
229552
147662
296893
432144
207657
340051
148355
222284
148174
365231
430530
163677
256444
252577
377015
240960
374708
126296
363526
440893
337993
100769
271824
400738
192567
133773
394025
189896
217839
161176
237930
333047
309683
390015
134960
296366
441670
361166
133778
291750
212543
224517
226269
433644
155309
189926
120197
234169
146909
173204
449434
105430
152613
454224
441461
267025
306136
149241
421255
454632
369430
328077
205015
201529
164974
394641
342016
136547
351044
286376
349179
276514
272711
216215
137132
152839
301301
358392
321858
268502
358881
115848
160855
428249
358299
396058
427397
144299
159825
294392
252597
195692
407865
408027
433265
328756
322995
316534
393413
113498
307091
387055
177863
403211
227706
108017
149520
406019
110426
451589
306130
146523
373452
228773
403475
122505
112079
168463
352259
128503
135547
144532
373439
376764
451170
165415
234596
401864
268528
218106
118613
118776
433805
225679
342941
221874
209044
157284
445951
212857
331899
326596
164908
340997
363892
244048
401399
442706
240029
452388
446737
329566
353831
234701
386185
443578
397754
234722
156289
429170
138899
178859
322183
407764
240311
285406
200746
212988
114677
107525
351764
264665
389543
334207
200589
180644
351179
418206
179797
413880
315088
373306
299368
358643
388954
423016
277827
117827
268586
447189
328322
383556
389596
398897
130106
455868
352898
311161
435503
131280
267901
283649
180860
332662
276301
192875
372977
263608
246855
321902
263889
401768
104585
328030
270703
419779
212879
172255
392858
182182
454458
447485
410252
218373
189098
312776
317314
267001
114066
381556
400471
387385
382170
345398
259271
320872
359693
444499
303067
207729
215007
309339
230293
107151
283834
112544
210754
327965
402990
291959
266555
326092
171372
406256
377069
201582
307862
428645
375538
126758
362966
367575
219991
233235
274547
135247
228124
299327
378876
268000
422176
220696
266744
300239
413045
243211
303714
146283
443980
455801
282791
316706
395765
427935
151672
371598
175366
280834
214564
250482
423466
254780
218928
443028
370958
395071
215949
343667
123392
321728
291403
239805
304815
399199
166385
246604
390459
240132
343353
437929
149087
228172
209756
262937
184657
198508
415684
212647
121465
120823
452428
267694
433603
346308
260893
286919
145570
236211
418332
145301
236013
443727
358101
420135
384044
351455
132788
155888
330521
236475
334361
136046
267202
134752
436790
435774
229693
349651
157424
178538
398816
258445
164440
398248
383288
448633
299392
403222
260037
316545
336008
261394
340295
106186
384471
180031
356721
142900
224115
139148
228241
211213
316129
353163
377008
140469
134027
312769
137769
230188
454971
277132
299498
292745
221664
302747
352437
356614
180515
165832
241074
426734
324989
264589
140797
378050
239570
170586
304841
214952
122793
183485
152304
408704
320220
278809
242702
274963
206138
347320
401317
127074
202531
377946
295906
431658
383872
144578
288689
289124
219218
293877
139860
278965
231398
156706
331327
328224
181096
363150
347333
215170
276463
257886
304445
384630
236640
327156
406956
205108
380893
215704
304608
324935
256130
211819
208371
283111
393300
264245
436367
213956
195675
223148
341027
319865
269594
429425
441406
360870
181786
342073
443484
273896
395451
244061
227094
337401
404053
449321
435769
272364
129033
408147
182891
184537
100337
159567
155564
334858
369168
406197
154321
244491
196548
205709
197890
102156
262417
284717
420237
188649
383524
144908
346343
157793
243974
363177
398941
120199
434210
201170
228082
297053
104439
160047
313990
229570
222376
347105
154387
368524
129269
395914
207638
154242
282603
372298
270475
320868
430519
147338
102541
431794
361879
241243
379398
187670
174972
193096
356340
235180
160647
192446
108764
181487
234438
248746
329056
404500
203022
313668
404869
175904
107224
399961
315352
197213
438458
298357
219444
116273
155689
385878
161180
320002
260781
343767
136690
442184
251323
261501
166900
323910
190077
397067
104514
298492
380755
316358
174269
252906
184298
440587
399504
358785
438079
438522
238589
255796
316926
298545
217321
328158
400583
319738
112034
402307
181028
114503
100114
351792
118193
430606
159119
109759
266912
301036
240449
146484
212827
148733
368371
130935
209359
110538
199315
403116
118601
204595
312960
261006
141999
218701
227410
108142
163767
299284
118024
372780
199769
423206
200559
247276
418552
169774
179362
344062
296146
256922
398014
248065
161587
206635
401654
130161
177636
348199
284774
291078
216029
454512
354522
390246
385011
139320
175582
156587
189909
248386
410334
129078
223062
293966
436446
117772
267616
225163
240533
325595
182938
261183
296235
403302
349318
222551
197539
382991
436231
174280
185844
222725
349612
277547
231990
135896
300285
179139
342765
155265
177005
221321
401301
214086
450064
243146
419459
164545
327719
349456
188824
439796
195344
286613
158000
267479
229207
229999
344678
277912
170157
265906
353556
286846
161124
177786
115069
450582
431533
418792
445019
285605
138872
149693
314993
427494
363858
335045
201620
173396
316045
334268
395987
205390
370298
329263
129578
440407
391240
379719
174864
418918
312392
333198
193100
304972
412179
350741
195121
102319
447336
388358
445049
347183
396481
319397
178603
367570
142145
326226
405172
204488
177243
246284
225651
250160
407123
352135
312001
290150
315089
118540
375932
250209
425669
273996
323941
418338
321175
134122
158027
402119
442129
293818
145040
117017
441831
406563
356192
198567
441484
379478
328566
238246
171538
288414
317723
315049
202117
128672
437081
204625
136816
213613
109944
152194
440261
412143
253294
111025
166478
432801
413295
319942
177734
378936
323026
311805
399062
123432
175917
145725
223623
247424
180772
157792
148785
327693
259386
353384
436981
120806
269450
171512
328915
366739
427446
394883
434552
405853
147091
154382
320445
374272
341044
304666
216354
423799
147246
400381
182656
306220
436065
199293
245656
207768
268939
138206
148387
367762
408566
248362
170886
276786
138259
165102
113057
406498
243817
209941
414387
366885
182898
401418
387090
271744
316208
400712
344452
423426
231642
452669
101206
184507
379981
135854
159736
333641
327623
361750
124912
422960
212628
323385
152024
401214
205517
247907
204607
327145
248793
135781
125323
396806
362871
100375
186978
103449
234261
132256
297544
390089
165206
328825
418101
419308
312099
321211
389519
188163
141709
189900
305099
441932
252360
113237
449937
137954
341610
251315
228550
192426
315643
335238
382522
140866
332419
395325
121119
314370
282431
175966
229924
370854
284728
390856
349045
447852
109417
180340
349300
105294
202144
243231
218655
110256
311464
165785
158769
439168
297407
414605
175152
428079
132389
270401
110822
259233
256104
387347
397469
112640
299063
228313
385664
251352
449103
239974
210685
268637
431742
331839
283625
180437
318421
111428
414530
304011
439655
119380
304434
181994
323565
129680
311238
342663
318383
178480
122732
424087
226949
124343
321144
371858
439692
142003
451520
271695
378225
179279
286964
282207
353411
286612
156465
295413
153005
167144
115800
389987
182562
287340
177758
433718
187866
398346
210849
398761
329808
159838
423200
207294
453939
244808
378086
107388
264982
324205
159976
254987
292444
226316
144728
334149
149547
418201
320529
146802
382614
150048
277537
292047
165037
144503
270656
381223
433835
189942
299270
150274
211991
309342
320055
376476
336766
122343
370451
439022
410609
100425
371586
452756
435451
122952
453224
434278
219705
305143
372332
110101
156735
124240
426666
210976
249420
399143
306361
357104
288631
454339
350727
366701
307745
167474
317921
356574
228739
205570
245916
140796
137613
411473
245928
286142
328269
316424
306002
241088
128626
138993
279731
157365
286586
106043
375867
453966
330959
252292
150984
228762
433630
294438
166376
177244
281635
366499
244637
288185
453278
354700
243463
321662
145635
287790
314358
183993
389820
382233
207579
318965
257460
182951
184749
336863
186380
358188
131571
195179
127728
208011
258258
316853
421773
206371
144436
262987
366160
257842
326507
337134
171932
449693
388020
193373
195428
226733
116844
320863
284247
275491
166557
348239
270077
422357
250466
257421
318119
143969
124323
450003
147749
383835
119416
179329
421232
374243
158581
318890
165941
430281
332186
447269
112814
423437
274065
305552
233979
348219
247652
316101
250593
135106
145179
149663
403983
194744
326302
321295
294312
319064
261257
354163
275656
164072
339567
363115
230310
443402
240905
209394
112110
207705
150016
248832
164831
438775
447974
269825
267189
147062
316852
239946
150235
292214
173887
336577
381797
111289
322294
429843
374842
362259
377208
170009
163144
224231
166777
318047
163736
294644
352016
291141
159575
239928
227384
227754
443378
340476
376572
438948
330872
194814
427381
245623
203058
240031
320351
334828
370671
105775
132363
243657
170962
291462
277427
353733
370781
396802
444777
231062
117419
387648
379187
238002
136479
188803
144932
117462
423918
208224
447119
181595
117939
395466
256956
213826
369172
229396
210402
283147
111410
141786
428458
209372
201967
123560
330937
341349
132138
393469
453436
318478
140417
349840
335588
424415
239906
123310
381310
329085
191111
156435
132273
379952
154111
377085
325740
304590
192432
280915
333436
372418
141595
354255
216731
353057
203830
195009
189130
147986
263167
200893
165835
218593
401598
402693
447908
197398
156518
265260
283366
192157
223544
271694
120314
397184
384196
396563
137058
335320
355889
150422
167259
356751
305257
371721
375963
337122
215964
236098
143927
341439
263734
385532
203739
384631
378192
417046
230992
147244
402611
309340
416336
137491
441758
201503
162769
200679
119703
166217
211811
344771
215802
167971
324782
393922
343450
434855
417347
260196
368027
424411
370361
303366
115072
217292
308935
191577
121873
371635
201136
378244
364760
435847
145559
126930
358597
290747
309571
322700
266588
290825
278062
180070
291649
325681
446522
410318
245654
309594
337747
306903
413361
439273
439754
438484
380920
129843
239167
403906
416606
296414
161826
266577
222616
382585
190135
390012
213525
240761
449703
413231
225715
200008
288543
452458
411089
291968
180302
161049
131518
189781
424301
386054
269298
123740
268058
441514
371232
117089
308795
345292
297847
395845
137935
245499
324086
257243
228150
174728
138118
193641
234121
281259
208087
226225
388227
309754
292064
107196
235790
287713
237508
104649
131377
291173
346478
107730
289763
318899
142855
199434
228244
109209
299884
384004
283154
210085
326121
258998
163173
233731
227642
426185
312065
139489
272694
298017
445684
335240
332490
255593
232762
273176
153741
160062
213746
288319
310073
138898
398422
431330
264720
269627
288789
415228
139141
412572
157743
383947
146995
218029
440914
416363
156273
162168
243721
112443
244561
215342
424901
196762
318373
226946
454575
285888
177762
334561
290344
362968
282117
410894
292875
124282
137481
102596
421413
454853
177927
343521
376602
171840
424655
145855
168925
201579
223646
305456
254004
182876
424217
424892
278147
140291
159302
349391
344251
313148
335016
412102
171351
426431
216901
381209
104938
127750
216071
116722
356148
218616
171599
446359
138347
353918
227052
265306
447026
447448
208080
381163
351574
179675
283280
247916
118168
393547
185494
171365
153164
384333
406850
176317
163740
208822
381776
215818
206785
240627
207063
130202
419557
326744
203144
422946
192691
283970
140104
386580
272673
330410
411807
414396
344886
372139
228364
349382
178507
213110
214650
314195
231846
273394
262543
399448
411319
431670
325311
118447
345912
315394
331375
347743
250803
262728
170672
343761
426783
135055
235881
258634
327561
223666
261861
107773
314559
178394
350211
228409
323861
346109
426919
351477
111580
188426
157083
184180
269534
375899
397667
234441
313969
371107
113343
314831
180933
312660
396705
258531
395753
139038
375521
337720
423233
338991
217399
201352
266658
195029
409838
141550
421529
334137
431240
450166
150988
141211
439835
433593
272748
356073
417025
180628
205383
351871
435638
371257
365146
365108
173515
412781
418642
239807
407067
121285
262085
437881
307268
321378
174646
122662
429024
213937
152603
372725
183574
120035
250812
355850
331537
264871
258985
237273
398794
337558
417358
119134
435257
417581
161941
320860
162426
416413
343288
427636
329861
392535
314255
186992
359006
318166
198017
216481
326928
438140
156818
339885
208872
123544
206967
191777
119130
358962
105732
188075
420641
162615
413416
387308
124121
233584
426307
359461
340280
138120
273088
447759
210340
438023
329651
350639
441983
178631
187954
111922
326728
404342
373726
302949
382482
248099
280853
236206
250861
399615
185357
108128
295423
423815
338544
374743
392942
193743
173858
374954
180135
292479
167435
367120
287881
280649
133607
362837
144903
316277
273275
253114
198755
422944
348925
232991
173888
197783
316622
330461
120066
235458
335920
238708
352019
400447
416380
184252
264104
108489
452979
382982
140946
195412
218140
428649
447615
318226
369645
454259
405559
363004
118890
191067
426177
289947
206767
380860
386911
158430
217914
290047
257208
103076
204311
234430
270321
150930
408346
349630
143529
146749
183339
449617
212349
229484
270675
284859
431048
415831
301612
311093
329897
199568
142113
442028
109858
388613
277454
325728
316925
255385
396869
300878
359037
246068
113079
136664
238931
376661
438529
288126
246115
443595
156474
297766
394315
267811
335557
174833
425630
120011
303135
415367
409385
159795
438137
204638
226873
264775
406833
364104
192834
135895
153618
118140
177701
331786
322221
207636
213662
423637
351412
134239
105539
186721
293998
337224
258935
151569
236760
171385
419106
200651
112658
159545
330804
393334
347591
331349
232707
259670
370119
166735
394300
408445
196980
227620
285742
285979
419899
197204
387611
426977
322302
133234
188871
156164
267147
167879
197772
133523
141309
205016
178458
229699
312073
192204
346642
419885
440623
193357
389832
193649
312750
168697
107964
174047
293682
222875
144424
366586
151465
455641
150151
426262
146216
368204
259315
106227
265773
152611
349453
168278
194631
187459
414934
371447
172383
387067
265350
385298
226494
221037
202696
211056
177503
330055
442406
255342
273868
313436
368967
126161
143403
153716
271959
317185
143669
243964
449832
179991
168978
427743
378512
202249
150788
187394
408904
151233
378631
244548
158343
333749
354724
182351
103910
125319
217879
254302
257207
231781
402164
147769
196531
141022
195924
147326
334689
299734
278453
181506
278019
133954
281922
325828
244438
165127
247577
415899
265584
382161
256781
294316
273541
406464
235109
314702
226153
267452
223137
113063
102417
285604
420185
189737
375218
300534
163663
454491
187587
168033
344746
307380
202968
207272
299739
326357
291332
281449
310494
446473
138200
102351
376112
360756
139531
357484
320865
321626
169765
278258
242100
391378
147505
208510
393897
403207
422601
360847
220868
135207
430829
416009
301827
452893
215444
243595
328979
189764
330112
145217
368868
417900
177225
158889
115623
404131
163646
104859
379344
286352
427371
237482
178315
272536
109770
362478
329448
101837
406274
345831
179457
348613
411928
320671
365941
328007
201377
170275
408363
300711
423654
331906
290194
420744
358130
385377
356791
149719
418666
285740
286180
183436
271800
442986
341505
294785
187951
308351
195655
396214
244538
103468
451618
362620
292629
419134
330484
444491
118417
404549
172068
405741
380136
446658
378980
342342
313480
271403
411056
168737
288466
155293
405556
269472
383783
410865
240713
139762
279662
270044
375700
428508
305462
121270
201810
241289
225411
169430
417645
192415
160296
177158
375451
113138
352345
306158
288262
452800
440218
178382
135082
272494
386153
450593
280083
265563
455947
250654
143883
352154
163138
132537
213286
331918
376255
124069
148137
306859
448334
365071
100453
127088
280389
455622
284618
169176
164735
258130
329647
393181
256806
277303
187109
402752
122627
379853
324063
428854
126391
206353
312962
171714
391414
274691
192332
360657
169051
237323
423291
397011
276381
430303
242988
403111
452559
420654
113743
136958
401787
134294
338980
366137
175207
191229
406733
400803
305910
188422
373580
343028
162886
268138
117154
303537
322180
324585
436967
170931
308163
190517
136701
365176
302413
159877
175411
218705
265541
249834
406188
159871
363556
240288
274826
417191
120657
180347
199640
257349
211274
162533
402717
186779
270633
426692
247877
384664
287856
273961
241564
103786
455679
245125
373712
337020
153257
129451
110901
362134
176182
371636
434099
424715
427307
328283
226172
417220
211566
403463
299349
344841
429909
200591
158341
403537
212025
309606
217768
329695
418210
276797
118200
435383
109674
283300
136358
275066
221532
395733
360185
209020
165316
318978
108717
161032
226833
253115
338892
360130
394895
168379
387154
409037
177436
311326
379887
279393
258117
321180
179637
117966
367518
263583
401962
165928
205402
185289
280676
152196
338909
287566
401522
202406
429023
157146
177367
234259
236368
183598
335021
330213
424374
429334
417301
279705
337570
137635
141969
383465
131240
454543
222820
183038
263978
270129
340383
447410
328039
228263
244788
350365
245216
439208
170711
440655
168329
284290
350074
244064
388157
108341
325165
322992
202132
436776
164835
268034
401221
116387
424688
218046
349199
134390
180820
184906
404175
107230
228708
444154
390825
248875
252954
231052
206995
120383
408620
352413
196124
443653
234180
326992
269419
328065
195771
311381
264042
417328
179322
280003
139470
224873
397432
281403
415144
152849
320762
252993
445737
314328
273029
182603
221543
366802
419495
372581
108328
308668
154396
435810
132893
199196
278761
230639
426103
172366
288145
186337
255126
228653
207320
251979
378788
392197
207730
219677
378486
321489
276996
353926
284981
431273
430421
133054
300674
112102
190642
172794
384663
444407
169751
291021
445317
372600
310777
306861
273386
227149
289218
312692
375098
444106
315619
261864
127971
297034
430814
138529
303175
180650
203523
156171
367809
383086
368422
409249
178914
397207
126659
290791
311133
351335
181113
121372
330003
308009
203676
221620
431969
287482
308927
387545
417194
150371
426594
375174
326517
371359
137308
301484
331648
149801
134924
316800
274923
319381
333463
297858
403346
164476
331378
360699
431034
224725
119298
107658
223099
278059
430940
208326
423338
284701
424583
195279
219652
442330
393820
454510
106285
144626
326165
237321
344932
340467
135977
436419
433706
196285
328759
279665
394612
113723
445624
366310
369795
240772
377705
100174
135868
448698
332429
223033
125069
347988
415176
227179
121226
142192
278502
216894
180183
239945
441595
277965
168292
284892
286533
255456
404574
406107
153043
440550
268902
282460
445434
296409
373641
188450
445514
403021
164994
331573
199762
309762
272094
256872
232032
125591
293483
376909
343494
266935
160766
232704
342798
110621
238301
110655
100283
250251
185211
193521
121114
337450
391739
402428
352809
197035
125665
425305
381788
111937
249539
357300
156720
310671
204565
271684
192063
371213
115218
411167
100027
373941
256892
167606
344216
333164
345435
313035
410211
272990
173640
321399
180884
426015
363998
287018
348757
118877
316480
123927
290446
322921
218088
158350
356954
376939
157386
202485
295338
225638
414766
377732
394540
433468
112011
342616
270766
194056
413986
413811
342419
447039
241084
175694
253729
189809
297403
299790
287841
210232
238030
281784
135776
360193
428037
348447
101906
451940
160069
297037
188371
384440
427822
138065
164802
366656
455565
155500
315360
149215
301960
253571
383163
353366
410407
379232
371589
227547
144916
286214
385178
122983
373642
388874
108945
349008
141101
282641
417812
158314
258328
263684
386242
151972
280367
325548
286269
208795
178951
134630
187414
192787
411059
373001
246034
138343
231047
208214
323610
164253
150647
240617
423294
372925
364573
440249
439636
308898
359725
290197
438129
348945
393421
260642
365686
275959
236850
106566
158956
417293
221491
318638
338316
242737
257377
308893
116363
293575
243454
120407
137146
120877
222583
372140
120328
346582
219827
307244
403301
325958
149830
242899
363847
331603
222656
159271
107689
198391
319989
213519
153622
195178
153262
378188
121674
143099
444947
356810
346820
330510
186251
315992
446838
144683
198765
453334
250775
244945
125242
430470
221890
152834
175417
456046
331731
311372
296367
242535
207762
339339
385937
384996
250794
321679
255416
396386
196910
404089
306941
343905
151241
293329
192270
204650
434171
291554
338422
280604
303259
314988
450136
438350
432389
136136
241470
354092
405547
126103
356467
403812
430046
136404
189769
248930
273036
395075
313917
269968
344277
207903
438010
153804
415274
250702
428338
143746
218726
419207
440633
307707
311905
188766
347352
269412
215696
289103
114338
398637
288099
305859
183301
250921
262317
116563
328964
279744
120828
165619
355080
266689
140647
179005
346233
244527
385828
440295
205935
418467
184017
333302
351321
169063
326484
129848
253530
171819
416080
352695
292952
429416
108843
217254
146051
232434
245380
390758
265087
243316
329995
203661
191149
222715
396941
429572
212658
254282
121251
238366
336656
307625
137699
212206
296297
167736
361767
155814
194947
329744
180273
118126
186217
163060
385074
163577
277441
182061
332109
196223
252832
192194
334860
449810
399430
413240
142228
145499
283927
185763
153430
404772
324019
134479
368380
447426
438041
149745
409682
181794
241057
306832
212077
190125
279261
419674
151138
143498
106886
200672
200770
137897
291721
450254
409683
356541
211042
154695
338378
115859
302338
364181
271686
163097
211016
150121
156778
238995
171254
115300
386734
391264
147361
372494
313265
247817
125313
169024
333395
222029
203515
385367
253050
187774
152339
106498
409336
296178
302073
224915
353421
301366
442771
198296
380167
343493
151601
225358
367764
116868
366480
239436
452447
361139
254404
315825
159722
123107
133304
297513
307393
310279
275227
332553
258838
144052
278201
345631
128276
306627
230446
128927
230530
100895
130180
422040
276611
364813
364594
393060
154262
341760
173090
439469
173880
362471
407719
235517
264124
298432
119854
433993
266183
190101
290337
218770
188027
252009
352663
235591
189171
434382
419896
314811
298207
386191
328117
394434
211676
381260
352133
177815
169494
389329
111186
254123
168649
354306
436710
243784
309597
414099
202663
350795
172669
212923
391395
211159
336143
332379
432440
122157
131982
329919
338212
163541
363482
300780
279475
432224
178649
307915
310412
286096
333617
397479
384014
266507
248398
345459
126256
322837
292357
164382
311479
174940
247855
227720
265875
362862
314216
170202
120569
314384
104390
421573
397644
347881
408201
174508
157373
277287
133845
131853
270975
358007
120987
456206
231518
222676
153694
303210
252154
260118
187398
168553
217392
446810
265082
119791
101385
271161
297207
181056
449672
336455
130023
266044
403395
272323
224588
261757
122066
343927
451663
290176
287893
355691
156867
424410
252876
302900
102119
112266
107912
314446
279989
234111
181927
357297
229102
301376
115907
100195
445513
405898
165857
120533
264832
181274
304366
296187
249469
281715
343733
411865
136648
222523
373887
244927
387944
397125
369716
419192
426040
345644
274462
359916
384354
204419
202651
376780
414668
331869
399761
122890
219619
240879
359181
126875
287087
131725
163104
303748
115129
356853
288421
344327
117759
282393
212505
315255
242291
354291
108312
222916
255384
350975
324891
188168
372703
429300
441447
105665
300174
338952
451312
247820
385676
243780
214782
203688
265090
307763
296400
251698
153818
176689
440753
314236
100189
234029
312893
216522
210623
380287
233873
295521
426413
288753
346485
439918
401523
282632
111157
364580
289216
176829
400561
272603
223321
359724
451560
225860
372482
298437
323947
410204
127208
114759
179788
217757
115026
406685
153193
240163
215948
180014
339003
284824
335130
341543
183395
162842
407954
181959
154175
103051
152856
164386
411962
408410
261186
386516
235847
302324
231172
100031
241528
301577
403153
311803
334317
451252
358708
395505
410931
448167
372949
345606
453923
386384
249183
208903
174135
222396
285031
113345
108026
236978
212970
106021
377714
314959
203707
270924
172931
448492
299645
130605
452533
338902
133120
157899
318207
128691
432519
400699
402794
148529
136032
177739
272727
223282
444117
425992
204167
102082
396644
133028
124221
133458
211697
336300
422336
419520
200775
172542
248550
334682
120778
319558
388967
208853
385412
260657
281681
373880
355882
147852
377935
271441
373345
134158
341219
196860
251120
303907
423906
180354
294215
331994
196589
269459
155155
209484
429542
217544
230976
411815
342998
447564
339713
430076
320286
399591
214572
296652
144195
347596
450268
316291
448311
221947
334954
206450
389353
158989
148160
272472
364184
311887
432816
113776
123493
229520
353956
249046
377040
302876
402680
356599
172102
200100
373711
446052
152859
103499
156384
409712
185113
100343
226049
112508
237564
313610
132143
121849
349643
228217
240259
176750
441601
192731
132457
444794
361847
393389
156397
296227
204018
241240
454163
349499
435803
432342
210932
105262
384005
121813
444890
383741
285384
361810
433282
425599
376073
309095
324238
393369
404716
170644
334957
163498
433349
321967
135417
347515
174320
357000
342250
165453
323027
283518
344737
222244
184581
313033
330250
275577
323898
183914
317454
337403
252960
336773
452697
394811
354967
327572
280824
151633
135086
229264
378090
226769
124067
288389
278215
217456
396177
143662
180623
103333
356425
146501
118653
435525
448749
180282
338309
445190
149759
234526
367717
156973
241016
270193
367123
304975
118909
387750
217604
423212
418788
237737
446558
274962
298877
335784
242266
232002
245553
314339
345233
146110
149755
229167
310576
240691
348171
366842
328175
357274
237881
452335
165280
334791
255924
391251
354728
139969
390032
399201
288148
232931
440213
404128
121004
280412
398044
343386
294760
183402
122304
410108
172263
105867
455507
410592
279311
159944
122384
337768
210006
402826
282999
378473
153699
350302
245019
262528
374028
403016
139902
308037
385234
175241
399271
430935
270471
344255
384180
123225
147084
328010
160453
137468
288156
196636
406626
175503
163379
272685
310914
408795
429309
404743
299159
429298
425982
302737
317052
240384
337184
100527
263340
419451
205287
253432
210236
175429
288428
217650
340177
385420
451705
140765
400399
349022
313549
210393
214351
449413
348788
299672
172803
403098
154791
445262
187936
311027
146566
280087
140644
334283
328906
349312
388974
369101
407258
220780
305967
318058
252952
225395
348013
330503
138099
304887
140543
112616
340073
162018
275241
388371
180362
177790
249854
257983
237499
381688
325488
103583
174868
414514
359761
143105
345047
300546
162267
232272
140029
184451
152337
284593
421957
143423
337031
209603
281109
345879
382969
272063
106649
414507
161601
338046
291393
126258
344565
210366
422772
115674
325492
390725
369297
162046
176515
305567
315746
349997
358369
112349
365906
291413
307248
304165
370154
286286
374908
123704
285560
311281
300579
366171
451084
227682
409012
137271
268510
406558
427283
172082
305393
343180
258029
283407
253059
305904
322634
166285
363747
176208
403201
447558
145736
405786
378677
120363
284663
415211
196018
108110
162225
325076
362963
254315
282262
127964
301286
103768
223541
188353
276494
211845
201770
284451
176186
446916
211541
451924
256248
384792
200444
326349
273831
154798
392475
223498
299304
375281
445008
246345
331422
114243
262978
424179
347657
129234
429233
340705
377434
371424
145216
387654
411828
428184
131623
182890
129261
169972
167216
335521
355895
270927
284097
338535
228992
233841
198318
170182
444197
336116
422792
272210
271331
133915
266027
104763
438614
445134
127250
259217
428186
421310
331692
183112
381603
368643
413603
329324
295646
251666
141341
238838
219117
261323
175748
205330
383480
113028
185030
275002
276626
251326
277387
338518
220483
166456
202277
161521
380227
413006
301584
245070
139005
406258
268556
343065
288127
108582
310579
272626
143733
326234
428793
281047
438370
152615
391420
173303
352140
180930
266550
226617
395896
169471
223944
177917
325148
134169
135438
254043
314087
124527
304869
147279
340023
226211
421178
153684
112589
257556
364299
338158
408545
423027
174709
142114
319652
220659
450157
220092
239069
422951
129447
353491
372284
210371
198499
447922
210320
403425
149507
176188
118427
228980
181127
119142
396524
165379
105144
329265
404715
336962
357819
329201
280312
264828
429410
377934
288812
193203
253343
238284
165999
206649
399687
269573
289081
402189
266552
273431
456037
436255
113683
214216
226800
319309
435680
189079
339781
432845
433533
338136
161561
393664
404632
127890
200309
241455
246893
176123
129435
316445
270416
263010
227283
409491
183771
404879
157320
311321
363540
396560
194208
444564
311361
151582
114536
450564
264966
337332
106493
293392
414555
125136
399692
172088
326038
416494
378180
386750
187980
422963
198167
185880
278572
230228
379200
251334
160784
370679
202042
428491
238771
221013
196655
149765
419918
383064
280159
337537
374030
408855
443332
206151
113565
441227
213817
167279
366267
247176
368499
290737
149019
171723
405476
181899
199284
401049
404561
294212
434070
207870
271757
250848
165534
114814
129958
407604
335916
235527
116171
389564
454832
447630
335831
383972
278676
244231
446669
121966
346879
300622
425203
218278
301598
355825
137252
425861
279080
441184
378933
450388
185039
333829
330084
318461
412911
254792
338601
260208
285976
405337
178762
445146
277492
232268
283473
304785
339910
256961
138197
391985
409288
133831
299187
418859
176699
118211
123911
401892
143958
203443
134947
258867
170566
342558
418224
384291
146436
262207
174785
288776
339094
274560
382970
163457
137074
161337
225744
354404
320411
346108
228637
356122
422355
400329
349507
256832
431828
220998
344924
411562
455317
144825
141711
220550
434635
432860
281723
394578
134578
283291
205166
272171
255131
279786
369174
189604
271055
356061
355469
188166
140863
440815
135311
138491
294234
314273
252244
123372
346404
261142
370211
153648
436841
372857
444940
236789
328116
118954
347293
209396
122410
189054
172247
338284
171459
429223
419706
329146
145506
286935
224936
149964
429526
336860
346251
134642
187681
402503
384767
324540
315685
349972
400783
387858
172946
455235
124585
374816
119432
240694
196657
184274
261932
255656
392638
112370
277149
154260
197708
378806
392033
244717
343086
349367
140929
443936
230678
425080
188497
180511
230921
140213
128755
328738
347425
178818
409663
392387
208926
352236
437006
199199
137933
378935
175852
157357
311589
246498
338590
286876
433025
117413
102505
219134
314058
240121
358402
389720
260182
412087
235261
206638
235898
392626
329220
324488
426953
108334
234639
231196
376946
183722
123357
141189
384923
293648
222980
428693
373836
447394
379770
259410
116123
214251
277714
191178
314419
187714
270158
355281
168893
365884
117990
201279
376196
379626
382748
313694
372447
122388
203188
210143
291490
176958
318340
215291
190060
374768
190075
424377
353227
354455
306824
322715
123989
240524
160360
415974
335067
324956
421058
211026
134384
149637
442469
160636
171885
240420
114797
248370
197803
389899
143721
372750
454113
437745
177368
138902
455745
312690
131901
424739
173335
155690
427562
433726
171857
336929
246126
320885
409619
302803
228145
347436
361732
349459
158175
404117
437684
409529
240947
438240
320117
358787
375901
246709
396700
386367
174585
405545
353284
268423
298947
181180
452743
213664
258247
225968
350405
297665
424607
391087
253784
349881
429714
241098
263457
430228
328177
306597
240869
129414
260594
160102
440374
173457
425206
245582
447924
101876
175389
325278
295193
194644
204969
270896
273396
333920
303754
235937
168852
260231
451108
173267
224307
367462
102968
122934
402199
355231
182977
264998
217711
251822
425710
327162
289449
320184
178835
110670
141848
438266
137867
116090
431471
225794
406547
110218
258959
278507
404383
152478
329044
257751
137377
409919
133769
180994
259120
270672
169361
103288
191495
357499
276143
251873
153168
266269
119588
426842
247019
246599
450050
263274
373776
299405
338714
378091
229152
434850
450063
351432
453267
306758
148579
375259
329111
123270
371839
261696
421955
227661
317220
215050
432486
247610
117748
131347
418569
394250
340034
265263
258382
173673
367844
376130
311759
327171
325444
187664
104816
230322
236784
272904
438112
440712
317010
176979
133714
269074
208283
261539
439136
379033
398952
139166
210464
413298
329285
186379
312320
173755
239674
397988
362776
286682
226084
293891
380248
234160
223852
201646
164991
337095
437007
174274
450816
126389
182186
134656
339480
222299
152156
172526
194519
183822
114440
387156
416338
305432
439740
449846
448904
368454
141627
409160
455867
134785
205031
291235
245071
142043
145264
168381
328377
154844
109026
105261
316553
442409
208779
174544
118257
186117
173840
320044
260472
230849
353824
303683
103423
227519
381232
338075
362955
354565
180721
273452
331796
388372
378321
201445
304726
301557
308693
258865
368567
419732
159216
159799
188901
453075
356595
217958
389044
220103
341006
193015
242958
223714
290937
104075
159777
428829
243867
135631
144756
161508
335148
419193
389672
140418
130717
102253
151702
108974
200850
254735
320661
188137
312831
280568
283219
421042
424430
223827
132640
259758
388284
337897
244109
421743
398193
284201
436889
102086
367403
331071
266030
198732
293700
106487
232571
293591
318243
271600
229481
226834
292346
370335
108239
267384
104218
360216
431356
209350
186245
264213
412365
375674
451533
262739
207985
452755
144897
210602
137260
227354
162158
253377
444759
397686
204514
429126
347334
170832
185588
401118
184216
406095
434913
242774
346267
418881
197549
224927
260832
160210
176393
307999
437372
183169
188587
330168
298000
218110
353728
434418
333441
407586
142923
247624
312501
335551
263571
340439
251798
202942
417459
128838
300095
172018
282356
342506
219091
424096
256311
284063
161084
216239
148207
205981
218341
369411
179647
431740
443503
384485
408165
241361
288622
343939
284133
217156
326695
137645
149174
330442
374691
336347
113371
216784
439665
455910
208077
343980
244549
198992
305436
158435
173314
158698
161262
317615
405014
208226
383019
296552
351202
150284
146079
204045
246989
156632
145003
432959
187808
439023
151192
445771
423460
448634
420137
200338
124537
444603
436259
203619
301792
140470
208185
419037
122911
112981
231898
266035
130868
308367
161634
442169
318150
152888
147554
279993
423390
366033
397848
265796
220490
134779
364707
365060
439443
314152
180052
182017
397356
439532
184048
197109
413966
429073
171522
303129
190714
237752
271712
142758
124927
220132
329312
438859
340962
186378
199583
299341
169428
356348
408977
320333
264193
197242
400016
109797
293050
118595
448149
353478
289372
288279
244782
347457
447754
227425
133456
392419
186814
186471
377708
282506
107129
231566
302934
217035
448376
397731
319619
303237
222790
429747
144736
406182
429366
417682
181841
176913
165260
379269
352316
416666
120120
201412
417283
108247
130192
228274
138466
319291
189123
366753
410957
342218
435678
214171
140016
437316
345203
203513
298037
350233
190129
422406
141784
252992
420387
182981
170795
441144
399309
177070
231540
208572
149687
201982
302593
209617
164658
267598
229618
273652
437717
126777
398638
449491
221447
390291
209590
410049
136285
296629
213632
403413
367387
334540
435925
137634
411685
236516
426403
211465
315416
368821
227716
423345
397831
141391
111809
355559
139666
196947
335283
179476
164351
160868
261577
149729
235103
258460
433647
353254
362780
186236
427191
272089
393297
134120
363009
156451
423393
293411
334117
387634
157071
280868
421351
444373
367327
429279
372553
366345
325259
376414
400208
289613
256196
195059
150536
148569
224373
341625
302568
454874
383693
197599
179400
135968
362796
157415
434056
427571
116797
129394
316966
257321
363501
408282
442917
295895
146688
136481
417919
439330
227555
129931
111046
435876
300433
350525
115054
289901
131568
331075
315043
290090
216031
342253
450197
295160
122782
314494
269518
311924
183430
270507
264194
270628
415598
154809
326876
315381
404785
371371
208811
257750
307802
183437
350736
316387
355326
402832
207649
130787
146213
281870
404434
172814
369497
265817
191020
430517
320800
428995
345972
248027
179914
256013
368872
327993
252860
393763
358594
398458
113034
169393
260771
123801
138124
346177
199197
302782
165172
105516
277270
209939
296596
304373
253472
190724
120061
176400
269155
357972
104002
216917
140256
236049
364784
281682
380867
346783
242584
146180
418025
408746
163193
421888
331387
411585
417294
189310
431504
367593
207778
440122
378500
405643
187562
380390
227367
226666
238357
297770
312689
419391
148222
346869
379731
401258
143521
244277
403083
117243
125756
100015
399755
175384
148563
400032
306974
386563
441270
117878
171076
140633
364167
291781
101167
404742
382309
262421
314313
131852
344732
178786
446595
138657
434877
145831
312187
330705
277632
371216
426906
392300
393520
290875
379987
371915
316709
338574
185325
366596
241112
250450
390884
426452
203728
156458
332995
276209
277199
309454
226113
441055
335381
100586
138967
213365
454420
393042
276281
194871
247938
310543
186293
378144
252469
303296
211061
248741
437474
176202
174969
451399
134013
321677
353450
248283
102170
345106
202445
282377
159728
315732
182669
258769
121494
438214
342839
270316
268129
267428
319015
241904
260067
134663
357575
365722
455349
303912
388102
257522
140630
218370
136238
113010
136061
330169
295062
249329
405913
221042
375303
391046
169054
124445
288028
363218
142517
277077
198213
289626
328365
211662
337172
257427
393317
414505
315665
194973
356021
257420
393033
137042
415357
395632
332333
427217
240783
401374
234217
351579
153437
422419
324799
447762
152648
168618
444204
312093
357945
253852
449109
382913
352197
432923
454233
382580
268408
417071
165205
105274
215442
392426
140206
141051
385165
300793
418408
364245
278158
419127
144070
308882
333140
440755
456185
118680
348963
449619
254401
189576
425513
278438
422495
375407
294911
102805
161511
208724
242991
113927
314389
365009
133291
346685
169624
403097
341624
114899
117247
247461
335917
160326
134060
444433
240343
235379
143131
202976
277175
249315
251424
427880
392756
150144
371372
303631
199254
284185
355720
183977
272329
326791
210939
357030
427939
445412
421107
183289
194515
246749
309217
210826
142677
414504
389850
440849
339950
253946
240825
149911
452093
451032
271998
194340
171416
178363
178519
183321
345231
108009
251597
362249
299703
266400
236538
428894
303152
296202
103155
385256
174807
187643
418531
407220
422148
432805
390888
196558
102875
396568
419101
142483
273374
424985
279313
318784
396056
278170
252752
173055
169592
257098
351591
408353
319714
326511
174681
292090
318066
303652
428251
153962
196508
200788
151677
178815
102325
167599
138247
180725
431199
112382
317932
269599
123661
159517
350981
410621
190251
445548
199022
422942
289080
332437
113978
218326
200584
116889
374383
391610
376977
315522
300268
256823
399104
232895
118030
100164
317394
203269
342965
261208
263621
208829
437182
267370
170840
155702
264827
288509
287943
133784
271939
250427
173143
216381
138001
423922
272616
386747
132337
181860
153455
151401
274734
170572
235925
320848
298229
109098
224619
108093
402373
276433
375448
247016
194628
374325
152402
229368
424890
354169
354675
359530
207613
213558
295225
361584
395754
365010
102196
100697
287903
351092
291440
288381
282770
223992
105356
430898
255757
423019
113259
329281
125686
193925
268979
195417
403655
257401
180104
307878
104498
436583
114704
327612
133595
396197
293719
295706
394143
401838
139729
259312
200394
237160
391135
447348
361215
440694
353518
405126
257914
395626
408297
375728
174430
449640
296085
405382
131469
163373
227624
412434
201212
414729
334197
226076
196438
455311
157770
108348
436332
360296
336471
288496
445687
312123
174217
318840
127604
153418
211007
119170
339819
271784
173025
108138
377256
229969
373869
425152
203438
214053
388197
160539
188308
249627
173767
414898
317130
415999
285811
428352
391083
362650
444721
374761
170195
392883
382632
307383
299538
200724
363835
429687
297045
134496
194993
137659
165146
383113
261823
348542
162815
248982
110131
406715
179147
244805
160395
444203
145445
121920
189001
369035
359281
175714
132471
126890
417794
278030
160575
256304
294037
106442
301961
320870
312061
249524
404797
362786
152292
151459
420006
321800
353499
439561
453172
361928
189561
450594
437608
170454
193129
349690
125654
333424
202640
426741
242957
361269
199380
152465
430475
313717
343127
237988
100055
355079
452908
297081
436969
430391
438824
157080
124331
308378
426284
211215
137374
451609
323148
110754
386702
247954
291347
140102
430043
259616
135458
198260
239731
318242
138559
390373
400435
322830
157219
261167
215702
429503
126585
405848
199394
443846
359274
189335
426408
388940
400804
288957
327647
327694
304006
170271
422216
168763
323924
356710
346517
278544
101370
343262
363552
213961
240863
394580
198527
275990
183081
448288
370464
128643
434162
152378
414914
154082
184734
269716
212694
188395
197501
212534
433437
368948
449890
422262
200102
276464
229756
206189
450018
426661
347299
222743
154406
239751
256741
126073
433866
406981
209321
326668
319148
241666
351730
393409
106118
320253
115461
352224
219468
157718
308878
345572
369626
455191
428656
445767
181436
296136
384967
169334
173957
242700
172287
431930
427871
263525
356886
396894
333823
330471
270109
169643
315472
287171
410737
314114
204845
171496
426259
387190
120339
413267
265712
150706
217874
303919
154336
182443
250106
205504
100903
295903
332142
181173
321834
317721
200875
317038
119691
229585
368789
187814
406656
115817
298641
398145
182249
195287
316778
316818
382808
128038
131587
326767
306616
307552
240876
356294
123139
102543
114257
367525
437364
293567
147263
259162
110310
411380
286635
186862
280125
205243
130716
438557
308522
424389
364315
377368
369496
368693
133223
377273
139224
254281
404833
337222
214963
402711
325026
231483
419862
101491
433212
102513
193305
378685
132051
380395
287716
227702
196105
396400
254223
300625
262761
186484
296030
274423
213592
309958
263216
296522
405359
183508
335716
136601
356319
105746
293490
104737
206074
235410
319187
304724
376663
289890
124774
111906
186283
242283
307593
362892
390806
368033
222250
357531
318229
330675
155158
294398
341892
287058
428172
367953
424658
454254
351052
256785
266415
182276
217566
390106
165712
151111
196158
244318
156210
275175
237986
262926
133265
439383
269150
363280
168423
180111
422146
108186
157483
227805
278739
198192
276978
251568
323832
358177
119449
322401
134806
453051
269335
182515
227198
397043
436930
308411
360121
234452
110897
420139
281091
214389
210125
180764
382791
302731
256020
111710
214684
308766
314882
156193
263911
440310
256929
307321
352458
408408
268006
308052
197954
113198
216332
430988
353586
197684
270141
143430
278720
118848
111284
298230
309792
132113
439357
254504
310750
385832
182709
211252
213378
400463
390059
362627
338780
197139
432847
195324
140795
294456
414986
233088
271098
404214
152481
409701
100060
268312
265341
257436
133285
238417
438202
214877
168568
265836
159352
277312
236126
287614
154427
108551
299702
313885
216321
379554
196893
319732
323409
240699
388722
376121
298938
363443
331254
233730
284091
411499
453277
320189
236848
348074
214740
237627
149183
396396
414136
103346
166429
339070
301481
277480
395195
342249
313251
352324
337150
231109
211119
223434
452202
425500
408555
434234
423196
236145
285692
176882
376055
288503
320631
209034
101049
129493
446332
262564
160553
209413
325608
387616
385291
251531
144214
416188
263753
450278
264355
160486
426157
409855
329575
223786
371719
411710
260752
301880
198375
343731
253732
145777
213257
284523
439130
374097
138222
120118
360381
363029
407518
312936
452167
388638
357526
347309
157645
360783
329738
235474
367312
281352
367178
282297
264276
274669
215003
168589
206228
186987
440761
210198
331992
432059
176770
328348
349256
397312
358802
168712
104724
112387
340240
101072
219187
439575
121449
244328
430793
100448
162626
421516
397037
290214
395635
400195
340656
414300
307331
206921
421739
445228
136903
373426
314433
132540
322881
118183
233774
293833
173500
175382
393415
388950
321047
154312
324856
362792
160485
302355
130862
119113
413817
136833
140649
107511
275748
417743
151197
108048
161302
204942
449367
247792
169336
454740
162700
434039
380929
339956
214648
318288
412673
377590
161445
211848
280111
167515
117476
226560
280511
272373
202632
279277
418983
263485
236318
180380
399307
377059
452719
309631
434069
296336
244035
436872
145906
354495
211387
316278
254724
112647
155796
169207
315957
125219
180213
154495
198220
311658
266372
336081
425052
415572
160646
217133
327934
130444
454215
455095
260043
264366
280911
429869
415404
268368
153241
222331
208299
302611
351982
378391
334443
306178
325445
222215
301263
287932
218240
438488
101600
279453
183732
331840
164647
287060
209037
393049
414191
206024
202120
337110
383903
201739
126745
201521
164518
293503
323672
401757
378718
296820
290319
114081
253961
317589
329017
134491
167895
107734
374767
380624
316397
134846
167326
337342
110589
394047
435559
231705
450840
437737
168572
151062
162588
181609
138715
182283
115691
363875
261801
268677
365998
369281
321656
251601
257164
171425
110739
141205
309845
138240
245220
375955
333851
360799
108964
155108
311274
141327
238153
125020
151124
453756
149685
384590
132174
385175
444948
321078
139282
431346
396532
324868
192795
422910
407275
226287
273919
101821
410106
213343
276018
258072
187272
202887
276731
156061
159331
106996
412479
135846
203874
441518
173754
142773
293909
434534
397733
174900
375740
447857
288268
360420
317956
203922
137162
101560
101267
204293
329240
425133
247145
197315
336965
398089
121854
271336
170004
173147
154938
409956
399304
436899
245771
210168
418631
383928
200077
120018
413173
236499
447693
368320
349219
347508
158104
252070
410558
134471
262985
113529
356263
300395
342814
316290
163301
338619
446220
237380
287005
251480
351378
159814
440832
385459
371701
386049
304627
281767
339801
144902
226295
116687
200179
354945
455667
127651
394985
396427
171321
252703
306968
121561
169637
347630
224455
220026
192419
212613
325074
171334
137335
158863
199036
421523
445516
342384
126670
238241
441751
334256
249732
198590
287385
246181
411188
262781
165285
208034
444186
237263
430236
175020
119053
405056
308774
135403
101913
164312
262890
195406
344133
408587
344928
248340
257104
240048
373955
262318
281190
342346
183500
110611
253060
299976
187026
146892
348836
159862
358837
321031
355072
307701
326850
383967
182357
114725
404284
136142
243274
396758
127406
158011
158476
418170
175142
329164
213630
222090
287198
379828
206051
102639
241342
230287
276155
297050
193636
333659
420130
413125
247061
119770
300997
404836
332562
325938
332732
295287
400096
425089
315390
216664
391119
141772
100959
289852
323037
104965
197012
114487
415439
366329
176582
393963
238304
153078
304010
185238
404618
277299
281296
230248
362896
129346
104570
199403
439521
272166
215761
108576
175476
370623
346028
315163
433937
149960
314322
180417
175766
290135
150294
358171
367351
251994
153281
222222
117895
418347
162461
197389
394941
364795
253911
105924
244026
444459
307126
172178
321561
382169
451655
367548
138456
349680
325490
214031
202772
120897
440624
373736
446347
311817
403370
228149
210271
403627
290039
301901
310040
382833
268548
317004
212997
316017
366865
393332
383297
201919
114934
409950
389417
427101
404644
206972
184277
296290
209317
139064
108665
223633
408567
440241
128050
419074
299555
230105
337409
353155
424905
328977
194440
171679
412692
137978
294261
329286
390767
447921
302847
293062
415141
345665
176781
102284
224486
147170
333550
334896
255454
236704
294901
393065
417701
387158
162271
144531
264637
289621
137474
110019
368510
455182
110909
428368
235853
132132
263392
217431
228431
321006
224294
108155
450271
356208
329701
414011
144562
414244
130901
328814
276719
189567
149567
312882
249810
140747
446567
376691
385763
108997
295159
450393
445816
294171
442243
277238
404059
275978
396304
365839
310355
293148
174263
272156
420488
424435
205085
424659
452280
392394
257344
393289
406472
448744
436073
106554
354205
381996
370870
136738
372534
354678
346500
447386
450627
210634
368458
372420
171468
130800
136187
188978
220674
391730
290738
335418
224870
214874
262500
404719
232381
261147
361720
381161
331475
299476
366770
264965
363876
317987
389256
126993
310330
429301
313096
399216
128718
135049
185810
119213
398186
151262
237697
104004
137742
173281
297239
287527
412702
106370
227461
437294
426130
446858
187248
302920
222811
260757
240249
322551
334690
322552
157454
344094
208194
400247
223795
130267
397055
110850
299447
143429
283616
178563
208086
123005
119166
262328
119943
388172
409375
452651
270578
363720
388475
335542
396599
115019
161183
363596
409379
155983
285712
263500
402885
123646
387710
273827
204663
376910
300280
113985
396091
426341
451987
351441
262790
401027
229171
147477
215176
380280
177847
451927
117946
307571
434184
383751
349305
333132
271622
106866
184344
389782
266485
209476
413680
404360
300679
417334
424740
147916
352429
264719
366410
179872
180358
200133
417575
409775
248540
276471
376405
132037
332797
444995
301897
415774
403635
225923
291780
194876
393250
269647
121316
442324
394333
305163
127538
328651
255683
442358
416130
203107
161339
159192
146431
417093
215399
268786
391146
245374
138196
386480
245600
202794
180912
182242
116307
322784
349496
435743
453710
233502
408589
176267
403711
364474
351487
269205
120360
200153
246605
141979
390060
202824
382301
342158
212108
157383
430223
169804
160551
328747
288284
450407
145472
290362
116973
216488
105038
407873
255300
124532
291818
232135
218795
139229
317225
373903
411001
371996
200263
121798
440025
184614
149742
436362
385421
257652
167124
135874
243079
275294
164101
131649
149041
262893
125096
272838
127115
150582
398291
112132
186261
342577
409031
124902
230925
383637
407937
363956
148399
208329
368462
221526
111349
102970
307137
334294
203278
157433
143026
415178
367937
326687
165705
185419
372904
142532
334327
306115
448723
121101
408365
404286
376834
422635
124284
133995
180880
100526
386322
401223
328870
401940
346762
116405
251593
175789
262868
329496
349907
352099
391204
276144
216513
343616
318180
425300
257898
186752
133097
134038
157181
103396
138943
266066
308302
102306
283955
436663
442621
268479
365510
246784
220032
379922
338370
295642
416256
187676
103354
179617
158062
331625
399955
110178
407971
363478
401373
179552
125005
425995
114422
236409
142138
137630
142024
311225
245163
271205
367820
265137
218521
168552
386905
421801
321049
163638
336920
321506
168360
304484
261011
203486
440959
224498
176552
362417
225678
315019
123164
363077
240307
197134
418628
358127
439871
308081
452125
417518
280110
279377
360319
386896
107471
328573
241609
380004
131387
194078
144666
391090
134570
419509
327119
444247
231859
281952
183988
332944
215804
130562
438411
439568
296064
440452
106834
318273
396714
104890
217932
241541
403693
254442
292461
271068
208553
351847
183415
378571
343773
407211
384294
303030
245207
166252
286571
194151
124701
337377
141210
318258
295862
158139
271006
147796
423477
182792
303110
228293
170796
382397
424139
309706
120824
134789
216152
160721
421207
128448
312737
375565
178512
391535
282073
223531
449297
349420
145286
293105
108254
141202
281436
143658
141393
123521
338990
173975
278757
253018
109713
218646
210272
452329
453634
218237
266517
257992
199772
415181
432713
122108
138297
213460
221877
347519
234357
365774
392411
232442
221855
434193
403572
299956
122579
265543
125293
441185
444051
103456
406811
353655
216175
103571
395386
191754
176039
300989
390769
315085
390523
429265
452037
443645
250239
123967
181243
447186
319106
427728
241637
374067
156615
133364
392958
309900
327368
219699
216478
346718
184233
282978
202952
409049
204056
160631
151644
154559
364568
319981
226472
429188
134253
306818
243298
145773
363283
248264
319388
362189
437900
453237
424964
394934
201295
434172
283305
387084
401872
170755
179227
222214
213661
232284
225853
441938
135343
447455
434649
249976
194940
122597
366032
282595
196096
393191
451900
334809
164000
442889
266727
173808
217196
162112
394335
352867
134755
166730
449692
318272
245975
333561
290554
415929
145046
260730
442592
136675
114446
217063
342774
280176
415202
135929
252734
360913
383914
116547
105313
275141
376377
365769
318004
243902
153645
135736
160383
300836
348231
117749
332442
297938
434339
113319
157426
162728
143377
350306
325795
202566
298682
337349
248191
167243
406594
180394
364726
143973
235524
221078
192570
449269
135436
180204
372663
147146
333494
121303
237469
382802
438248
238339
327869
280172
428117
322962
241425
265329
187473
364442
220796
158058
423256
156893
109697
168061
215409
271819
302210
226542
155242
273471
378155
345653
354866
435356
439394
440870
440019
428886
419109
390393
302497
372156
149392
128899
183290
320293
324422
363934
305807
109685
333656
436251
152313
122134
449982
333781
368540
363652
201425
167448
120628
102464
233538
331585
322518
177166
188628
401011
273501
358353
423094
280362
316429
353178
148757
405856
309524
329302
277041
241731
267132
252421
333267
261008
151643
393846
190625
454585
174458
271480
245046
154647
203896
449360
327606
264951
126825
271752
372824
322709
153878
440330
413364
281163
168058
138904
116285
334388
383621
206999
314540
112393
453754
217397
128535
330655
173990
337831
436272
284945
276458
100086
183847
366465
294275
336678
252379
218271
222411
150621
335953
144136
372080
256232
101189
327568
234108
419116
150654
136781
359093
148756
334349
390954
346380
260693
129721
136553
425753
346503
233134
262356
429097
449121
389704
369414
379603
273690
142696
279215
325978
137753
435097
271132
440981
210524
308865
328145
244310
388696
211501
335205
177287
327165
356065
281820
426494
273076
249871
264622
426827
146953
337266
105063
249702
153826
406429
167053
293756
444706
119382
159505
182372
165141
294245
293586
195787
421167
110628
282516
254260
238777
236282
341969
263745
434438
181946
187823
143649
345206
451563
166210
368902
120033
120170
131894
159066
191262
134412
455128
414838
158293
244297
452525
183675
382939
241109
330721
146366
375722
280344
414589
438765
107538
433873
240846
129874
231018
208714
100686
432822
357209
238248
353127
433640
142538
395453
424940
346205
439896
349190
318106
277337
202751
164345
329597
363420
290501
223612
281816
208581
165650
110093
161163
380246
224257
318970
197416
152307
351770
318035
316516
256039
354074
259619
240329
237955
373983
275728
371304
243428
309120
348016
111631
241291
146606
306815
109640
445270
442208
275850
191636
193531
114730
242967
354951
101310
180418
313288
249602
125380
115894
356500
199471
138490
350232
161008
226864
200564
371752
198484
141135
166661
337357
426735
384770
329156
296310
181536
437383
289439
272390
226381
176113
360605
441377
243926
325821
279979
264916
149091
435388
112364
358913
451073
442046
409570
323361
451744
365642
138281
252613
182758
406413
294223
336874
349095
323342
380240
241411
108130
245471
224573
254695
406382
452774
344171
394887
274964
436586
124194
256011
254095
256054
304024
105583
183828
311561
229090
318618
311655
257780
310221
131902
175915
296439
196100
337285
307158
333323
298730
113850
422348
237335
121057
186739
269474
264945
397895
162194
163691
177458
244506
311452
147971
316246
293014
366723
154150
121113
130328
214881
268024
339813
189906
147426
372849
148201
410077
115543
169791
254303
223338
268117
426789
124443
184167
446480
151433
316584
202541
412481
215087
331115
307733
402158
317575
276016
419523
391064
147070
147825
116934
147828
305098
266206
278095
317773
109526
452149
389882
374480
211464
445219
267797
379781
131189
252664
316120
426056
281021
332208
278964
151204
321283
195482
222108
215844
356458
260663
384110
430333
262697
148983
268820
357813
139833
149652
277561
158074
383984
438631
448743
298801
188678
127927
140214
334009
426325
285760
259656
409182
294527
451440
439699
154822
355044
294884
391322
184212
371675
347564
128064
170604
213981
101080
411375
392136
334738
131659
299240
441191
229063
410724
176135
211332
359263
144796
386443
310637
352914
107450
203993
115131
139276
282839
406806
386496
134068
375258
140287
344254
376823
330136
113125
120025
376475
244733
117834
434617
218056
399392
344435
346315
320010
228790
260191
307932
449913
310003
214479
229466
316344
382864
216790
260834
289708
381660
241624
244250
251390
402920
399032
142330
100147
435051
276225
278094
309230
157593
247362
350929
407529
225620
377638
159959
145474
406415
111571
118206
444900
188271
171698
323576
304433
238750
242841
160475
230671
119312
242069
191805
115484
354605
254605
261925
445307
181066
117846
159457
183045
197867
270716
291890
343367
128616
230970
264120
321777
147489
292937
198202
357083
241473
106171
352906
287304
111722
336046
384359
191580
344360
182429
401941
211600
132864
403148
407868
248757
438971
103316
443540
293604
274976
270640
382016
299499
311174
388824
375733
416590
132713
195173
125616
340573
322534
234629
201124
362634
148182
194550
401732
405188
267081
216227
128352
122632
419398
410451
311414
223532
366889
296975
215853
444470
287925
228864
186762
313237
320394
253789
245338
391506
163326
131782
401297
234572
210974
150859
314807
374301
215904
351289
288236
127722
259602
272700
384911
162576
125343
348514
205915
178348
450033
214842
319356
238815
407217
414009
216370
351330
144775
260623
367627
411279
158502
112363
248686
335624
215615
398899
249294
384498
392625
382900
264726
153789
254814
264431
452373
448602
441153
308667
388451
127443
281385
446264
452738
331791
208314
338457
392948
278692
190127
330656
185330
360551
210765
356866
115322
290434
122190
141977
240522
195753
205860
204619
169157
154664
320871
209674
361310
179018
328822
120648
284536
224982
101635
263830
355696
144516
230155
126308
386010
313821
282273
212831
320583
451677
138210
307179
180386
156238
216566
281900
299629
298764
179864
195154
401678
106633
343524
245315
160811
273949
383742
205684
338852
190410
451581
303065
367640
261035
215309
385365
305345
431569
276053
267825
455138
422390
219693
315470
277712
326539
255816
338120
193847
323305
353536
207245
401476
253389
201573
120906
243829
118279
265746
285336
187121
396158
316954
452605
375093
369658
185718
325515
429761
429554
296886
390745
250504
311816
209011
385792
452926
132040
421071
379191
372887
167885
275346
240802
354899
167367
399975
389842
238779
376402
388855
367839
101157
185813
384580
183708
258115
190915
168084
208081
107983
296160
112827
305785
335822
450086
103114
131356
339481
339219
166377
376386
245235
389308
214712
172377
297622
314410
308022
270489
305979
170063
209754
262742
304380
407434
326676
348439
244746
364476
139360
225919
352338
430082
354799
125538
252750
398312
351883
254794
259476
211639
373031
413450
430748
123112
424068
447146
183678
394364
244817
224670
155271
315456
360822
316099
444730
366185
322272
360365
271295
447620
187636
112431
436252
121931
248144
306858
203453
132618
252697
287392
273545
134908
413077
346235
250896
111273
334625
277637
189810
453305
428000
440853
305021
149788
191235
188912
330885
415169
311697
325359
254798
147978
234060
345181
373316
226530
262144
331725
443500
415325
359526
358791
346244
321173
453028
138436
143911
249429
170801
360435
181966
312070
114473
307605
435146
430507
238149
212703
416642
389983
102391
104629
128414
164043
160409
454472
220185
101442
196109
390308
285019
260966
111782
152917
241992
418145
190849
114187
263841
130749
267383
119743
133398
415203
344659
114865
132561
351868
379460
336852
146217
302444
201334
361119
329416
196184
385274
433011
324707
218642
412677
357593
110938
154835
184278
215298
318191
456092
157223
243281
263627
395794
170999
228614
248723
349482
382664
359896
438146
322932
198706
145697
112714
206941
274603
341240
342126
406951
166389
144877
182702
129296
255681
415977
161130
403547
430073
382384
362408
446907
161000
233295
161628
143345
313886
284078
199365
345834
124426
214530
414131
245188
178985
304789
112018
192487
413183
251612
295203
309140
268432
435867
454375
226243
434120
355820
265813
252231
397736
453357
416043
233229
329622
371479
283797
304875
182406
226975
419016
239368
180002
395725
327304
115438
132687
337362
129969
161410
388517
188174
152801
213384
347092
259673
155448
308773
229727
165717
265845
168573
181669
274991
155409
435325
351499
316390
452154
437135
246610
185443
250225
184697
224877
177794
447530
409645
122204
317451
359790
211961
331473
345820
285780
151553
431997
404228
102776
345535
440152
192970
230932
153521
134550
364143
150160
311789
290525
198973
350196
197953
419580
329173
428247
191166
180467
340389
438993
317715
368060
239763
443125
311371
405531
130617
125846
155050
119544
332540
157908
179843
179596
190766
294620
266036
250563
216813
196639
197189
292336
316486
211339
207893
282982
210889
323844
145310
330954
247633
247531
368354
452944
398202
297124
142898
121575
143727
155102
162270
160523
163756
213737
298689
269614
360940
204975
391659
198108
193352
251781
119150
273769
241864
280514
401786
245345
448792
303832
169759
311282
385501
311269
366492
355133
398039
190092
398821
189014
172327
199910
259845
407899
449162
329227
199799
159021
168161
260273
315214
304669
307923
455220
130958
313507
404416
327627
408749
201670
249278
170270
157030
189411
409915
254415
381915
418192
377254
439640
344149
232768
440837
345877
417828
400940
297102
183100
287355
169969
188225
248942
160546
174708
222155
141188
124148
283207
110893
436480
453672
364007
360971
431029
295086
254644
354066
329863
107580
233836
435872
194341
374725
281044
312021
122700
262113
385079
442751
344724
194004
286787
293536
116301
225628
294507
328346
219416
343634
167481
283307
356096
191271
430282
411779
354452
286335
137766
340716
193708
287235
305850
450214
410645
214279
199129
358494
113851
204953
231019
302976
144448
287849
364763
143759
408975
209361
214048
434435
274275
283152
320069
165937
204291
447502
175034
228991
419320
361294
267601
307797
353904
389990
122092
168886
222846
445551
401604
178111
240677
418236
455400
349430
135489
414303
178418
274857
327545
438451
322522
299539
145955
186027
319031
432903
415003
426445
141324
308520
347879
122837
342206
185909
283782
376465
125600
109121
113540
206177
411344
417160
402601
134715
418776
140438
337919
149421
281207
134189
250353
115227
308194
187885
187837
253949
191197
337043
216945
131779
394553
219228
162146
363398
308042
374004
315881
379848
392548
326848
379955
406632
260122
425541
335766
436629
400481
316543
445313
199049
335438
219961
373303
252579
389200
241128
140460
166823
248478
284022
249247
312979
194049
423392
313851
332555
255594
158749
244904
294640
360689
432541
113571
241907
340687
239473
246921
299557
406150
396837
443064
430363
290462
407124
402718
362233
100108
292771
451138
215070
382502
308992
278184
105070
411016
268879
344262
396239
202319
364107
418084
248715
232126
405872
177370
114742
430867
143387
108577
333997
414426
287965
452097
406615
250128
298133
177196
307057
270516
174246
221533
167634
180690
269632
354224
379912
171126
157117
403719
310389
370885
425214
104378
361629
446116
335886
234702
424798
303460
117032
202189
203860
380418
225459
336345
218416
269798
305410
271557
447351
306526
332873
394595
428568
115678
118122
376214
385064
269511
442661
276009
317509
106408
146426
326281
399642
325535
320214
288461
403290
200124
274094
307479
363124
251205
418571
369778
291501
275621
250307
374456
132930
399386
350495
401034
290372
138869
443224
358213
435104
257640
276375
435002
162362
348047
441132
344789
230406
283450
286297
163434
275464
416462
295570
320534
268050
356456
431531
258353
420798
213199
253072
433528
343101
279567
327675
124986
156259
154921
203133
387387
372958
258248
408421
348568
160928
222116
222784
195414
218731
165639
201547
163552
271174
371178
275727
314829
409521
430285
435128
353657
158621
449477
368367
196323
253063
319553
155013
260403
455704
414380
241263
385618
349788
193364
358776
322590
264614
322109
145151
229350
108842
347593
433607
219813
343150
183323
381899
334308
400827
198336
388766
295313
446461
338745
314598
268529
326169
181102
238044
279900
273841
101806
166531
389819
440731
301275
387607
307348
334653
394545
147238
282158
379026
338289
344065
358351
163475
431708
428050
103409
339437
335245
337786
372602
208003
331931
225997
173430
375771
195350
377242
180476
224036
394690
287016
291451
343231
383543
211836
144715
163076
265398
449388
269396
292050
442611
346148
386165
149832
250365
329352
326612
376742
249968
134258
454738
423021
450262
255938
455218
291351
411163
167683
267722
241224
143239
169599
280345
393241
275847
332773
133289
234944
429107
420732
341268
177332
440966
194278
274338
177491
188573
107810
206783
145669
212212
374196
191710
322732
285802
161779
204077
215450
390779
196677
454595
341673
288822
419460
373997
180360
396975
125689
409281
246611
330572
437473
103626
355463
124631
204803
393293
382338
237443
177427
143252
148049
115880
249522
179345
399746
262735
278975
291212
132309
119157
293275
341964
351152
251548
229335
362481
374753
380597
266274
280070
114421
173751
368642
204032
138614
225469
158386
150297
301997
215105
379623
450553
345980
353038
151447
394412
261369
264646
317550
158140
342418
352272
412504
288960
327825
339448
381183
144693
350713
373424
291961
113027
313553
158971
262161
198502
285956
390977
140091
430599
105423
414168
312057
345512
330206
211924
191275
163343
338350
198025
199541
166709
414703
315669
118065
124670
305485
132854
253515
389578
383002
390845
130212
177782
275020
321754
326686
447333
216328
294791
214989
107578
130181
240334
220638
178303
231608
207815
443726
186118
101694
434642
294611
319145
185907
434005
311592
214841
322125
109265
200721
211795
153994
210678
418371
175091
142270
419053
130275
195590
103127
160940
261164
164347
285749
103082
383739
374904
290324
439184
400057
314502
450011
110499
223313
215083
104252
348931
179129
312387
318588
154109
126411
313278
175632
423397
352406
120316
240511
100247
363766
288338
114166
380146
434998
293627
109577
193417
338564
394263
149864
388709
158348
198510
381272
295395
234644
248867
337045
227422
439453
336644
223604
193719
450754
326034
403916
340056
421337
270102
423803
420846
396226
104450
208511
172681
422655
161861
412023
165562
277871
219664
280078
436701
182453
114696
332587
149452
200459
132470
385477
210387
227161
135889
270195
385562
382127
386765
149806
257774
100820
428542
383372
225276
370813
126830
423099
271668
236628
290424
287220
267133
298104
334754
312783
428505
221539
218850
353815
164499
277325
220876
140396
387340
343229
228767
346883
120286
177234
206678
162603
244520
251802
399166
311400
379397
209633
199981
266046
164217
409177
377517
382684
292781
278307
207680
214628
441668
449646
100571
105037
245678
303073
251976
441950
299391
348775
100676
382571
281770
357393
173071
265814
154163
270257
297092
407608
128461
404069
178838
125915
212118
354621
411791
136499
281970
198275
101348
248818
213237
277707
345640
183819
440093
331545
303519
348307
371103
177195
433833
155269
227428
359225
156381
111923
137506
300147
141275
346215
450578
166328
350090
101476
214232
440155
129089
192521
241147
199658
177348
406360
174454
104277
308759
220360
131930
123258
377628
234203
327458
124491
187126
382063
250649
393859
293491
413853
338139
424624
152928
368806
181491
385580
345023
412912
263840
360744
317415
199581
191664
193218
441321
326664
148365
422395
209425
215473
451701
434424
333223
359646
211906
171543
169115
206168
265472
422240
221423
223003
359551
367359
179785
161939
231491
119200
428482
427529
116044
235433
102806
176087
453987
315581
188819
148479
284760
221383
449268
206363
273833
364115
391210
171122
248625
186396
269153
250193
185405
299713
319899
188661
252781
167062
428811
442196
181934
431175
326846
420753
126291
222532
189170
158501
202440
385990
322287
325295
338718
335417
341455
203157
177603
305005
340580
194621
421897
159466
179281
323183
226276
301080
426573
183609
451721
366915
339096
384134
377788
124861
189162
108761
443630
249950
161997
263180
206288
192449
369699
101720
141156
158916
439570
394007
135482
425990
413781
294172
142213
114648
172215
132635
168981
433695
249268
367176
296318
318872
332902
355986
377906
185871
441883
385771
396654
292171
267599
119954
436688
132803
215031
307240
138987
228417
203729
336431
377486
139217
251273
373601
114379
236947
157266
268136
335470
455890
224487
377593
312260
344034
152092
336468
429685
139920
106121
145087
227724
366470
231944
286108
425046
111304
192462
454737
186481
303828
394762
440726
175190
113299
239226
304862
410832
124017
134368
438845
421581
405013
361112
177390
225466
383714
437851
311352
313361
300347
314296
383976
174170
378851
154113
199867
311450
242070
402697
251905
346575
159118
315811
314155
242643
367078
173255
120017
418524
189736
205319
152189
218001
356020
292302
116103
417229
248097
168582
125247
107701
293857
442632
263076
157471
178137
258458
442717
162676
328249
138767
160056
427786
151294
104509
352289
114918
345164
100768
448797
393807
285554
275354
297402
451538
387883
330464
153260
160491
399203
145108
112986
280296
131494
159932
189010
451144
101689
189947
237839
399208
137500
455399
298125
432161
321297
246737
239231
309954
176234
423981
206122
363257
271926
402487
286504
395070
118439
352443
427389
240129
106226
282461
256446
227809
455365
406807
418188
435305
280431
220029
273484
364045
374312
412840
387032
370686
256206
241308
383251
289168
204180
418853
120620
159506
178952
169010
345724
335706
375583
242933
338218
174645
275650
304346
201649
143330
346583
276175
306363
214590
323267
303172
338085
411067
356943
250862
288146
283721
365895
390892
242009
234323
318689
300979
367435
363336
368342
315659
336182
262119
415792
125760
257706
349354
159586
301042
150460
348516
124911
171482
198071
159694
418245
269464
196217
192428
265359
101224
315633
440293
223203
295617
298790
124283
337308
