398626
390553
401908
302392
181961
356269
119092
280812
325664
163393
390345
193025
426826
100165
230533
307719
137422
178861
217468
304325
372539
191204
346726
156106
416061
291069
380577
221606
359166
120594
213607
172980
230265
240815
150325
284306
397731
455351
262452
310056
203509
114354
412650
310270
257024
455792
140912
368687
298029
269140
325898
276579
216972
213382
326223
103457
433237
254484
211521
134693
358375
146902
257582
253309
403677
346650
280269
381066
424907
161940
142374
435266
437857
413507
394552
360839
334467
142471
314059
145614
261822
124083
347211
263173
380746
257658
166431
113735
119372
238829
232036
238504
100734
263128
431959
246119
312736
266744
143416
161265
384383
293760
446376
337156
448101
172901
156229
441654
432580
335494
161731
394500
235755
276529
399250
120870
394187
292441
322165
156375
153608
239099
161692
425273
159264
115015
346992
402084
434975
330204
143071
122719
413319
330247
110524
374192
394031
386506
303809
184718
208036
316316
384587
150891
344458
440778
307873
222633
350559
234981
323200
392125
298415
379244
269908
368625
162317
407066
119818
266297
133535
367948
144058
101007
204543
324847
333387
423490
298008
242736
279048
274588
160004
328839
354712
415405
288984
187887
396486
186958
244285
219685
412109
219602
438530
387247
156250
225290
235646
276774
254129
237734
454248
287798
412514
426001
218741
446871
350726
355510
377294
313552
402468
404201
188200
234108
321339
122187
178776
159934
112613
232816
370357
173635
309051
210177
255136
352663
280718
137791
215675
218728
434627
262476
262897
258509
263055
171174
347836
238451
339368
392009
140181
348160
418207
412046
420604
415449
230975
229006
437845
393462
319587
421462
276899
309995
236603
272582
209276
220015
361718
193152
109546
139308
217802
425097
402666
251891
294442
158607
230565
193164
382581
401153
268986
293650
386525
256393
343545
278406
219404
140958
274589
184714
132261
117758
193526
169357
356574
360121
391837
248862
112694
325732
174882
247203
257164
122865
201383
152935
257822
205400
362299
318681
368671
255180
209681
451588
171336
426344
113355
337336
269690
398551
192881
345926
122928
346172
282022
271424
177209
183267
204649
242918
211543
286174
428226
142523
173660
262688
164522
368512
447503
188412
274907
287132
377665
214645
149737
311858
246379
429859
169498
261212
266243
425470
397062
263505
206021
119038
179421
213939
156337
453979
259706
315737
291219
264480
146130
337331
272764
445413
224527
308567
431800
123407
227737
141117
416322
354240
384755
369237
400959
397429
299186
328321
236996
221164
398820
442287
446473
183978
436716
294771
397670
312171
117700
446835
367772
300353
147503
127503
121357
357813
143022
412812
419721
178163
114696
453745
142326
411546
154734
105397
415667
216534
311056
415621
181810
254451
144217
379749
285706
315828
441469
373957
241546
362792
197575
410515
198355
273714
227694
264473
420951
173441
117930
382549
452881
398354
111080
380813
340493
446381
109613
207295
332514
382106
311871
436303
315852
312628
209124
294740
113722
420418
245379
350030
202297
240270
395721
165231
235018
199236
247247
378696
134589
171356
310978
426751
387975
429580
111001
420182
187324
349317
383742
450730
125545
216502
261369
409911
331760
205198
174477
331458
143311
167093
161446
440613
366647
277719
162366
148620
266311
423891
325182
209248
217120
105707
441393
277471
335150
146585
149645
124098
238962
156263
424824
220224
389765
324684
436568
100021
303452
323769
232546
130448
386684
411249
445430
220366
235131
385014
115797
398001
289077
117914
416128
161867
113386
219163
269876
207803
305739
326996
169274
329314
421522
367009
256856
186332
418052
321200
406303
445191
278131
345232
263255
404629
207022
310164
408842
237028
440830
295447
233608
220532
125726
388515
417158
408566
140358
315881
196988
299873
270927
121892
275487
378822
388407
363844
394257
423892
268910
119760
256261
257383
368130
156380
395749
455298
160669
415249
368768
194834
266733
362573
199875
374676
340615
376996
370178
395601
202980
228873
123278
389119
268571
344180
135912
125285
273338
248553
378126
367717
289887
194232
211821
254535
210117
225083
395184
397041
386084
138145
283320
376183
298486
108117
211251
401998
287037
105045
421653
262447
265846
288081
144989
376661
200513
187853
444381
330752
401812
437022
365835
154210
396003
138685
151037
109708
119143
271264
220430
265876
213894
424902
423899
450942
356040
104468
124624
154565
335691
243724
203802
442152
440282
313889
378593
407079
343851
109617
223627
387203
329911
399789
199656
333361
290934
451763
389373
432651
264221
387149
449375
419923
196803
422487
257457
177953
403522
116611
229991
212715
150237
452213
432326
160042
167117
166991
149839
106304
424141
394246
185218
451303
194203
354593
122582
103834
153506
265584
282040
165989
274937
310890
169551
443182
422403
311726
423183
171254
348269
160275
249028
204245
102314
405808
109556
118373
286637
264718
349464
253074
358437
409634
202925
351918
390789
201441
357193
337515
368055
408073
166892
161109
279394
369170
217593
152577
340190
418683
323046
127760
247255
211030
331812
215712
328855
215780
145823
208971
277519
364672
101881
154262
206556
228317
363836
448927
255626
164593
422853
157978
221115
283441
437103
344743
188304
320932
145622
445967
181003
356643
449047
261370
264328
344188
317413
176697
398237
257555
160207
135908
162834
289251
258867
230068
437873
428788
359445
454572
314547
290802
415976
190471
126930
360167
176122
144813
236471
229804
218011
385071
190771
415862
206172
222844
427968
182362
307477
300827
189703
314834
432644
273928
298897
352716
180506
420091
173584
131212
325207
262570
430822
228658
444805
275175
282640
244651
268644
133196
117120
147454
433917
338811
379030
350305
273070
145319
414556
360062
301744
350835
291081
153711
118330
353624
376792
144693
338345
391566
449226
228832
152418
282107
371853
105435
390580
251500
169778
392790
317088
270445
377777
208910
130294
340438
349377
328432
149438
237795
342975
155685
140025
130915
283646
382343
204719
417474
312954
200167
384580
375025
369232
228026
334528
225790
305431
400984
286764
409848
408610
347230
301409
426912
135355
355609
271084
404594
383754
398633
149556
445870
355979
315773
422917
189131
420563
309142
306201
111720
217100
150658
100119
310157
218774
202157
300088
434303
129564
108340
193048
414157
119795
137386
285439
115892
435093
123392
374678
453081
283156
309188
326426
227820
128663
123377
247773
311075
422975
324343
135120
290443
132131
399515
200360
417078
242100
412431
157811
319413
423744
106890
337762
186727
430848
338760
256720
368825
216347
140511
220669
265541
267915
294412
202353
152691
122428
211226
413639
411870
252884
212111
405386
193116
448774
335576
405603
132752
125806
375838
130480
383937
124909
320950
447459
396244
207186
360661
104229
265256
208444
149706
323366
333454
380936
168050
113524
392941
369950
412445
418829
134753
250753
420405
241441
296840
122171
191172
312500
177521
244775
143163
436129
363362
153550
229917
137153
408978
431986
387323
432199
270860
392279
136164
330958
441596
366397
397313
311778
196246
136316
237039
452080
139148
341377
237586
391474
377139
328719
289782
423207
441076
353746
332336
401416
221612
250803
430273
253281
254851
283567
454251
200302
147481
445723
312438
221520
314937
118129
346268
270517
199103
140022
432506
262718
307613
202284
346177
306393
321067
225432
260392
400349
390320
394312
200553
259080
331039
305891
189630
202918
411625
218922
396783
396840
366076
319398
282725
293000
437289
238111
422490
393732
310269
166866
335759
232345
253987
348889
171045
121713
302874
287268
426256
392291
208029
266410
179940
240313
369804
101407
426237
268260
455518
371212
350091
391824
339532
286672
198620
191340
313706
181037
121653
433758
165673
131535
126970
114295
355430
363507
140532
259294
264794
322029
261503
199551
101899
167620
365003
109774
398059
373633
192577
167243
391739
427339
311095
197392
292846
356293
113927
151937
362856
232147
353065
352891
169922
383278
307209
386962
101771
289638
274104
346331
293197
451780
177789
226825
107480
292145
362863
312150
332672
363536
284447
263336
358807
164663
310993
374849
279548
365884
314784
191695
195197
337679
134250
296646
331560
132782
226453
193391
233519
398972
285054
210780
304681
287565
219375
221695
133989
426972
189903
362105
414491
132190
385467
338683
297980
102240
198964
363883
273533
244784
363349
314844
133955
288723
206333
355242
208762
303143
117409
345327
242937
367036
223619
283533
296929
298727
254254
148921
380193
446785
318290
298935
360173
102176
168659
357803
250275
340779
131875
421131
324196
300980
103109
229134
440225
146926
394209
238275
434842
452184
381009
417086
327902
210902
365736
237737
428427
292979
357962
140571
278109
153149
104433
180950
229126
287134
149132
304632
183605
114044
453497
418662
170510
365418
130000
100971
105830
293875
410100
452944
218492
444945
218683
244182
296389
402023
151271
314080
170754
359400
162806
413773
169011
327374
277384
394659
230850
154275
397254
189584
120766
414188
156475
359798
391692
198139
301172
389038
237861
154461
119156
365920
119307
362263
351776
238559
403147
293468
304195
213396
228434
182346
398749
327205
184895
369880
104805
372530
238380
198944
274616
337902
170047
271981
382376
154674
176542
236029
129980
291611
150344
274259
397443
427499
107685
200579
227135
266025
391116
312020
167540
251304
247887
386720
238606
281040
372277
351043
308238
245231
391897
260852
335864
401895
243771
166267
192078
273936
304787
311422
424678
105492
367992
298615
444134
167023
120283
320666
152850
435680
149433
363203
300183
103431
448031
300261
124487
370584
104185
131523
101699
161249
373855
400681
313594
269909
400305
170619
292455
127487
295864
221009
214843
426346
211530
170583
223401
178075
161717
373785
382816
176846
444587
191694
103921
222031
405531
307214
319004
302482
272885
360214
139033
245252
341698
403171
437279
303908
275746
451796
432295
437767
421451
394992
188218
441379
242872
310630
137983
440959
147917
304683
360416
216973
271176
364395
100026
318724
440090
428601
206217
115908
117200
224624
171534
279785
333856
447631
435674
449497
437389
406478
446339
366179
414302
378382
383495
180642
218526
381445
271692
130345
105465
313962
140219
267962
116178
313124
262235
313858
345101
453812
264939
280985
289695
300492
364919
292791
131726
138355
197225
186032
386887
363742
448831
160475
255991
257923
246949
310585
141505
111780
309220
109982
423692
209038
303591
127515
311677
362837
285313
287060
266520
392663
255375
245283
212746
391540
113955
405064
157317
259093
280637
412106
107632
113526
290518
351811
104427
210914
103973
284019
217193
108687
442349
345568
122082
387211
338858
102487
387855
249813
413180
305030
288439
216157
397192
415404
218764
210453
318713
233949
428102
117412
119035
244159
356300
177465
336508
419025
128732
155788
235679
268755
412254
380001
170182
273236
138713
352253
323293
308405
317948
123405
178475
268650
298797
402861
259493
261616
216945
269457
290417
331301
376723
255655
272189
126465
257804
129912
135367
342867
115186
247518
214368
372859
378964
226013
331053
444905
281555
215673
254103
276821
237179
370617
437850
186396
300733
128837
185679
399471
126877
344922
108736
238048
351051
103739
227797
216879
271589
236971
125291
175712
323642
451642
329307
153552
230999
218754
228270
140956
439282
153158
244564
327586
316227
187642
144428
114194
249413
102442
162603
164380
109868
110215
240759
404688
327151
226996
159715
349871
172985
209771
114053
416654
420181
448745
334588
279818
318425
448066
354318
165958
256979
337497
427754
119370
329374
381026
197462
215568
314431
228068
103829
239605
139388
272793
273878
317670
224334
275263
278876
366943
395891
221543
215902
199722
286359
409400
395938
231748
356464
439284
246959
448520
123901
289877
405082
445414
299147
115870
342592
372518
155409
130038
138950
397485
181705
416636
251994
220214
320604
309306
183146
238184
431907
326267
232092
361700
395230
455195
151120
237767
270703
357695
110146
246428
321996
156305
140732
454610
322600
148138
413229
454879
301300
247714
201330
373344
404649
450204
285426
313095
177299
223947
416602
291714
301696
154576
338045
358506
437659
329410
438433
156458
185395
107551
192249
111418
119015
231426
166078
421000
210561
442329
128118
335806
380803
164697
408909
390097
103148
305486
400703
215038
104102
225718
275787
107998
441195
365502
299303
443568
225022
294470
335345
145612
409877
215866
166242
133212
307389
277350
289264
106265
370398
283675
143668
371141
228244
312592
224903
264630
312347
385082
287907
430918
254259
144027
239510
322014
200820
438028
108747
307665
280119
443250
345040
184659
261897
122605
279349
254719
208536
255914
424140
342725
118896
146325
300749
179042
442291
358498
455924
434025
389210
170099
365137
118577
270728
423506
122490
257889
269598
356358
208306
138712
151200
100412
221971
330663
322607
260107
393390
363886
117892
267504
227349
131201
329748
413422
224295
335838
193693
340944
209558
367156
394483
120492
175104
439329
429470
388772
255019
167214
300135
328983
395563
342169
423422
441590
152793
241703
196599
361973
435779
273771
344474
321308
163387
143075
338820
444580
163198
401392
104301
396675
360968
406427
303209
225343
184682
376683
298772
301280
412102
124701
303527
173813
387388
271171
349890
294267
206487
130103
455612
359640
370093
101585
394053
267720
191690
301736
452469
296401
451887
204957
179096
356645
386604
233933
101445
316799
289739
417948
170785
287827
359504
451219
236051
385980
209676
171982
446097
266864
300242
319618
338429
351751
347417
454996
239524
377864
424445
400793
398419
369175
401200
349321
376797
163788
320574
449938
244638
212035
304127
298847
311103
441140
234315
138512
293953
217306
160661
405189
256747
417207
171836
318566
339981
316596
221842
367973
161862
337456
291454
285854
391580
243612
143774
334227
252957
196727
330138
381251
172889
255972
392416
122729
455523
372901
384967
100775
367824
429044
107612
417505
286571
307598
332308
359942
448854
181456
182029
446178
403296
176508
165472
118356
274677
312307
130461
178206
128742
301767
439359
233408
108904
390292
243622
398990
332774
399822
257175
414799
343544
288665
153331
274513
161294
389111
309119
341860
254971
162667
235144
378824
107263
252399
341393
258769
400607
233628
206893
151420
403489
353507
278429
321984
120299
192893
304285
182915
440931
193130
195143
400029
393760
336028
360928
136790
367205
135876
357224
162382
438690
352597
352590
138671
320491
429240
104708
387675
114884
183914
429186
341098
354642
165418
256456
265484
452606
258429
189973
135055
275374
250602
383609
267185
148024
353802
348038
296891
107162
223674
103003
372005
345446
120883
407972
201958
207804
221331
241051
320052
229321
201869
143150
295142
201607
237523
407626
265810
338939
245123
380413
281335
322873
420222
391104
332309
156318
280336
438536
125222
295310
135045
396241
160486
268889
275233
421956
126129
420803
385602
101577
364409
265639
349902
281827
179895
399978
118346
211493
164085
355830
229563
429434
401149
380330
134309
265550
176832
310347
401357
410241
290931
128832
228218
429574
343478
377847
140156
121769
417334
243956
142888
141416
195925
399356
141299
155612
205717
195237
119034
237137
437670
201514
381638
107333
377549
443314
236542
147908
166119
135135
259300
240508
317883
399749
334087
162444
355249
267668
378029
102040
200371
244088
411992
284162
282404
212436
412701
418641
219204
164437
155854
278839
304785
108627
205387
126115
350187
184050
231515
439151
341001
146851
233786
106333
111755
379570
234900
288640
212802
439145
180451
271502
338002
154271
134276
332843
124152
300326
256679
281498
327234
283890
209996
119258
159947
364591
179712
111785
229306
158548
226945
393070
215847
294787
111324
198737
380548
185266
404010
170443
438371
108384
252803
266148
212403
245474
409452
347687
254809
259060
370691
388098
384249
283160
351199
137270
133322
185921
143376
241765
268719
445854
233907
246897
417036
283257
434389
238200
374966
183880
446039
281090
145795
258084
295015
217368
447179
123767
395920
294242
279864
378319
197407
428442
121060
429962
234081
307450
446400
254716
401399
272477
362513
146978
216834
172530
246035
303079
250816
293242
326178
335861
342631
255508
256845
135870
196541
381293
214940
394730
426282
410290
209589
411441
231276
386680
378829
216933
351378
450423
396997
259883
288320
446500
302485
117051
339394
103893
380199
247837
199806
127500
225744
344265
261303
149162
289994
333662
115752
159331
172142
250265
126164
348969
415992
328095
363843
388934
347194
356417
145342
401405
206653
345115
420462
239267
186298
348867
426147
242128
421643
155093
386354
417050
345809
125044
156662
278022
266981
289284
361197
247467
113118
385429
195684
297748
113748
153453
113770
402683
414964
255241
274491
237435
386595
317345
281478
115710
352944
416098
415435
115760
400895
302262
170732
121421
330505
212498
322255
433244
235212
304865
407423
402055
133327
445689
306446
184397
366122
294188
109838
391055
178793
220218
120371
272869
207474
100448
185817
313260
360172
384285
148839
435358
292608
211116
327066
117834
242127
453271
187656
343501
275676
323054
267692
125516
322945
361563
250642
394410
432275
297893
207297
195537
107094
375866
246743
264076
360969
224185
203786
414763
121335
337645
157326
307358
429917
325837
269526
395676
176807
295192
118438
279447
385781
298920
385194
450401
353181
354433
360460
245619
365572
342029
306844
271789
266389
258355
132280
167538
189628
416385
296110
212273
127414
336357
449056
220330
350001
309615
134526
228151
389053
356435
359503
301610
185400
285968
184677
430725
361247
432552
294751
309318
448537
155319
126471
147310
401471
146018
347585
127825
244367
135722
285429
191363
224042
342694
396289
175658
148349
258972
404080
455130
137709
386024
433086
451913
124601
394499
186068
377103
221882
387202
235127
450447
212995
391018
355824
358250
377484
316130
128279
275398
349215
263706
375575
311258
219605
262893
138478
435224
341142
257799
424025
436694
317274
347965
189658
332850
404990
251635
343847
443811
448540
195698
139331
360853
438379
258745
277429
170054
376919
328387
372492
454106
361817
192132
174328
263975
265045
360632
182234
193227
349677
211898
180301
369907
393639
259185
439769
336700
219737
439648
299466
218402
143123
138607
183851
393147
364161
142388
151552
335812
327365
433775
316331
133312
347094
116386
246375
311689
180927
357269
275447
229135
297337
213510
321604
452405
189350
240734
357074
245394
358355
375072
368091
333888
428992
183234
102355
369048
225940
106165
371873
274506
198765
244270
101885
252517
288761
413819
448542
127853
106768
371719
362904
304599
175943
336244
172789
220925
422714
306866
365724
167391
131447
361020
397556
181684
218882
376215
139025
262511
352109
109142
351030
110205
219138
239495
294301
408584
284985
343360
239386
446224
195411
346590
440400
401016
301207
337015
297321
299563
384257
311598
107213
125468
319945
132745
244974
160090
272955
264930
148919
415372
241633
343328
140901
235831
118995
206767
213813
188132
431306
280835
450859
268537
208555
249651
146003
426802
231827
245770
249872
227119
367425
204269
374475
208221
283321
263238
351782
393792
154936
208957
306365
404561
163675
155516
419755
128532
395055
171557
356946
439967
109050
128420
437092
405939
126271
439890
292765
404409
106371
438385
419731
197303
348076
434933
297503
308318
206036
385556
101561
432734
372737
207145
251392
320143
415204
251450
290718
320435
289222
115292
220713
380433
114156
441008
250281
150301
234324
400156
144457
248372
338026
260401
315552
449854
454026
113679
405341
134341
417290
318495
207089
229090
302347
325771
360755
188484
126391
158457
214094
109214
455469
362712
285335
412311
247408
317932
233953
414384
264271
158456
181974
314809
423914
197253
134317
367800
100839
157514
400997
406538
442963
217476
234994
350265
166100
214762
435312
426642
398047
420987
210596
339657
275452
219810
431303
240557
142147
287128
319281
430379
372886
118703
371877
238002
204875
410230
134142
105554
145222
275580
161788
293538
100022
309332
325913
366626
389326
171112
451428
193559
272917
441245
451021
444975
316204
206746
234895
413246
149093
244385
346053
309133
246159
179766
153745
200602
199428
165059
222456
352773
312357
154714
336514
161615
288937
106110
126024
370658
189029
202876
272735
338261
427261
247961
303404
171669
234448
133262
325542
311260
399057
149088
292175
415760
251670
123820
265271
390538
395051
108994
162496
171275
235160
129215
328635
108160
262466
103087
372305
197835
170667
179312
404570
198623
370137
260776
257922
278961
122673
137388
424860
204143
393978
427415
161814
155649
313852
220873
366201
317768
286054
136220
241277
326042
288856
210473
216292
354429
310814
243576
381579
164736
373104
302236
355433
445091
353916
179451
206111
317447
273152
199244
395332
154226
280133
190279
250222
280983
299948
126838
182229
275935
129783
330700
242818
118207
204265
147335
215575
451367
227805
150959
318664
382097
166225
108233
428011
419475
349944
418369
447449
281898
360401
214723
177121
169012
140121
335050
443450
421496
423304
226957
387991
125107
274434
347944
116486
130327
257516
169748
236881
340175
347929
225845
294248
255043
153812
183404
122071
364713
359870
190958
338815
288849
163336
182459
360422
226335
316483
140852
100199
182498
353295
268748
357808
255798
146555
448607
134999
362935
304724
142732
223993
452826
342486
312775
239964
337558
202984
401554
421904
228704
179854
444724
273395
426663
416431
383327
193570
257630
401263
368987
401806
391393
250163
113991
205143
153934
331613
443234
311411
188860
232786
108989
241611
245058
281193
388003
364637
253248
278343
253949
118986
313129
224702
162053
109326
166963
296352
155784
424176
415699
314083
257065
353213
423404
170414
146082
140116
404822
325243
393676
401918
276351
296598
151192
118040
252013
292445
259458
111576
184842
355916
359194
265089
105310
379227
382770
325646
105459
406354
211168
431409
183461
102356
379795
228615
367420
137717
377317
185402
179098
431272
394644
329446
443488
138468
143345
236304
362696
235882
156787
345794
268007
369805
273039
449328
376130
439732
201241
116203
294063
141800
436992
442568
206088
435522
116588
435744
175804
105440
232532
192845
409248
361160
426063
148754
254516
137970
294349
302791
443944
150081
451336
407988
404005
162619
206389
329948
104043
419476
230208
391390
312609
404701
115398
351727
179353
410233
215576
309680
308246
453174
194295
414483
382791
318114
239425
271349
415765
119368
141561
191622
372755
153773
223942
383148
372801
114028
288581
132565
453045
173994
253029
267106
102033
293262
163751
116674
376596
314665
254611
282817
279130
370800
280702
316346
160098
104471
222353
346235
448984
223196
191612
179286
401588
454459
280103
289615
308859
246063
306009
361223
162670
315697
186114
453858
216958
357423
359483
271521
377343
214714
364202
119620
178219
226614
378177
369427
214239
341385
263627
230210
121050
282684
419372
250864
160752
453112
259476
209868
192306
209567
143154
205108
143408
375815
165898
326123
249042
378383
272584
254264
314161
212804
358849
172313
414946
393924
159184
198325
278143
443594
316566
292394
189682
202881
387403
336581
150160
348618
274061
221353
389961
255005
405887
358851
450958
224229
425997
111553
318273
354163
363287
353521
110101
218928
268023
363919
141626
391914
177942
148930
298814
324173
326878
154755
179011
405072
218082
414295
112915
208600
163593
112778
206804
418677
228350
312522
303973
196921
288594
335208
137044
432561
380756
342864
243949
446687
240592
250173
404527
415802
418682
256211
175444
380260
347457
205801
279089
304713
338480
109264
215347
161792
253288
135316
147407
266124
261570
270600
194233
250994
321891
350808
310789
331059
441325
303748
404495
441895
367175
124764
453122
439267
117871
279807
438051
448797
388229
100375
423082
260552
366718
223759
145229
418241
435255
100287
246367
151909
174556
152886
156327
292951
447144
204375
381702
292260
122404
102251
275561
129747
380821
422342
109533
152525
228333
352314
291190
324132
227301
267511
331414
356047
241066
249717
416190
306721
180705
136913
393280
258343
234484
260196
236449
287595
124236
279524
345592
272220
112823
144059
390811
386469
270301
294035
134960
150294
429941
131588
120167
143560
345197
174386
364459
196490
110162
353902
225903
160439
154302
103249
158157
136841
391161
367585
409991
287780
385423
414449
104285
378738
187885
402755
217520
210588
164050
391978
176905
137817
196737
352754
148551
395981
328145
140998
376525
347995
373763
360537
297198
330435
126276
373151
447215
135043
119086
261789
335556
167362
180979
407984
402595
132677
170049
408104
230713
315841
106309
141861
371300
179166
316499
452306
139824
102709
151085
197012
223562
398123
367161
155871
179039
111619
306931
203486
349293
400554
128550
127298
258130
217687
389077
232619
291490
158062
285674
365912
134388
113497
282390
131205
384116
364407
288550
251032
174949
167556
115507
146823
443332
145088
377526
193784
186401
268157
238019
324950
219003
166809
399878
257841
453166
331779
386464
301434
428733
323828
432684
191560
143684
115975
358064
285272
427474
102940
398503
263903
310915
240626
256835
289708
279374
264396
218980
365468
270891
188534
253623
434352
178038
214927
157041
217475
286016
212384
381388
169042
200918
288298
326537
360900
345898
173973
399984
148612
434629
149264
244007
217188
315185
438319
350122
164273
350364
318895
234865
372742
315581
161087
392805
210976
365240
256202
294939
277840
286246
260639
317651
444174
412300
254404
276237
320829
340863
142113
224556
312669
361378
220898
287551
194206
361173
145903
105398
219832
278396
217480
110246
252217
425252
378967
385266
366564
312564
407527
196245
161750
405502
373765
264091
126691
285765
441270
255128
107705
398585
200443
388122
367738
425119
157001
201416
438225
294466
203192
237316
343822
193332
270857
455166
169764
405842
329283
165744
448097
435620
125620
267068
228747
310716
277809
353256
312021
419436
273617
351318
228345
266893
253019
334310
316061
306782
337452
351464
247322
169837
334066
420422
249880
108681
325952
218175
192967
227771
429307
374220
109034
170081
285924
112888
304749
111333
183443
422161
233997
396495
415260
427107
176942
284125
136019
263595
342677
279941
277113
313083
105480
267173
206200
380471
265102
333800
345133
272825
238639
217030
239440
218698
299855
240488
113804
416417
450695
296375
100415
453330
294461
433822
123465
273293
231511
245558
167632
175981
358815
147409
280488
354474
184010
352319
235550
289019
105318
369378
159270
233767
284322
124254
321020
179818
230138
311530
347024
238350
301027
110486
252622
424699
223119
225000
121449
407488
164725
353715
350573
404703
215980
110678
368973
417644
229368
108791
172238
435725
249744
441553
414572
241346
310524
393832
362053
353685
205500
311823
226360
420508
109127
297545
337938
231756
100236
130961
397032
439987
379431
137302
328956
400020
175280
260335
309658
399182
341120
225442
242955
127031
291562
257348
383149
208928
296904
365246
181787
263813
333328
327801
437943
252204
383150
160256
290302
197899
330128
287410
229386
109644
255653
160523
158268
289852
210544
243328
246802
136651
138167
441507
331256
405242
296198
429021
340635
373447
380215
218375
231401
266475
259203
124409
347086
371144
337373
407897
150384
107433
107301
331734
235920
420507
338219
356787
170641
154756
104161
279119
161118
299276
355199
270931
328586
440413
358555
178966
138995
432328
439760
234243
164545
427216
167161
291015
216652
391426
231566
216006
171449
118098
190885
385607
399588
171796
340980
402194
295636
101677
360657
293671
333920
260641
229676
243436
143183
134544
148731
437721
368749
190362
394182
340110
250791
166605
206206
173672
379040
405888
364241
240639
308425
110684
248052
341121
101396
307312
353336
245318
179989
381921
282392
322747
216555
100004
282623
230807
448223
221541
281263
251375
311416
175874
197334
260916
103456
362417
203181
147814
234634
244308
267252
416049
170513
154228
221878
172193
107827
406370
145327
233510
323408
234685
395901
340695
227107
268365
435157
106487
116073
317832
349794
194200
219818
279657
340028
229240
373532
384589
315807
450088
390646
431070
150345
320390
381300
374932
295381
412572
316539
264797
194451
112238
299206
187174
243336
224361
251086
182959
437247
334759
128899
109763
446591
129302
312559
104292
216784
235608
295733
168081
314884
262884
394204
431581
160169
116691
449058
245710
138151
102658
145787
179066
214710
404711
125188
112422
284788
274579
419864
365509
210628
448828
224335
132176
159391
118635
455392
265249
403754
364287
200621
103303
121485
314814
453455
128665
216487
250504
210520
331286
418379
122080
416429
187746
333405
162611
205729
128868
140029
318871
423165
302113
422349
367254
349865
121214
218988
133724
382867
411704
336918
105664
433137
271744
393875
196660
361513
248258
412312
396890
288695
259497
293736
212319
263014
383751
426335
344620
202367
273690
291203
130935
243602
188251
419526
266019
306550
268557
256597
317484
288374
337903
372514
449515
332567
350067
309049
312948
136722
315963
311394
124062
277570
132041
382514
135675
311521
276385
174635
135934
145859
218060
130191
146608
414986
216360
193996
189665
129641
183577
444728
355027
449868
388770
225491
406337
133801
420765
100486
263957
455407
415553
100854
166557
394609
295413
392476
400390
196817
435679
366177
176816
370382
363375
292442
228250
355441
425675
445767
444784
181607
226101
291216
268203
267288
444336
121068
156022
304033
268633
393127
164162
314726
137209
344625
319276
325216
342756
122542
259980
212301
162950
175343
306986
180481
272330
228376
112864
411868
442327
195971
105368
340199
226339
265508
383564
137161
434357
351502
143258
366614
172451
140506
140379
374794
431141
417500
214626
181133
261712
404694
322804
399134
179964
379918
125056
371597
436461
162607
237989
115754
424505
116918
210323
388318
239348
182286
426293
374658
270540
215138
453015
405176
216628
187757
282770
107745
313935
387582
393353
180484
373617
205660
159554
167604
207327
101725
237253
372770
217268
340025
243175
278886
212542
389870
216616
334676
289494
424024
280641
126826
179047
109674
152824
380861
240354
188432
108210
185323
132196
453703
317096
214496
364789
188682
227928
280275
321068
273611
402403
107649
176234
132509
334914
404365
400993
206008
254557
444561
236349
168717
361234
319980
314589
147067
251412
193213
180207
241351
127342
174295
318552
420062
409937
420676
112138
295395
345569
267954
181056
268265
443292
188559
122979
162587
373236
449257
450292
281802
230463
332871
107453
297979
314907
411085
175433
232326
297770
296421
434681
161833
335509
261419
309938
142545
325434
215148
191297
322423
332506
406234
231655
306238
364089
282297
349410
443518
303405
315351
235314
210815
134384
362746
131735
334879
190228
434398
320389
280782
333962
125639
386632
295157
247856
440716
279982
338486
101032
140304
340978
408404
287362
228649
376970
386885
364718
269994
166090
423171
280508
326495
237443
392322
383981
455942
413114
253887
104157
429060
259259
308945
236530
386667
450261
379317
137988
352914
415950
254981
275704
115268
168880
153083
245350
355603
219837
203515
321700
206691
206585
205004
438581
220059
283214
178236
300840
248867
111797
382900
147778
312204
444749
145680
252093
232795
231349
293836
232475
131237
168808
120601
411362
260369
372921
212025
157056
203665
231607
346865
404383
141517
345418
266047
299309
376148
358562
121688
341861
102966
235710
347284
350783
336314
203424
257030
342655
200074
186434
306208
259108
149114
163006
410766
443972
437744
294357
243027
183896
431011
335584
169882
378539
209526
321495
123721
394900
396417
308348
357205
325490
208795
190582
169422
107598
447806
362264
312160
108424
314688
299520
212679
399391
250582
221826
330060
246373
108022
282081
454562
117108
241846
339876
162411
232364
128523
329677
228720
129104
136359
406542
199093
211050
253173
333578
258082
186441
377795
444034
209033
422486
437565
223200
157035
135311
340322
313053
365342
274543
441013
230441
439655
362862
221310
263757
241180
226156
134313
122088
214717
147455
306295
113257
262491
362407
444634
251323
188448
365096
389771
121774
326990
366223
308448
284829
177985
405309
344074
278710
138726
278008
305296
107473
310074
420406
452779
100829
132908
424723
377486
140274
150056
374172
338186
103697
193017
248543
226676
342994
124198
440390
193742
104786
434457
189548
363383
350493
255627
356309
172010
229726
178874
125193
359951
384804
256760
412303
382406
345169
315760
342131
271767
284245
158567
374505
211010
119396
243243
332617
328618
275679
250815
347237
422778
221742
189906
401132
195028
254607
390969
292301
436996
147023
412481
425327
440433
268409
201550
265363
281003
186954
286393
146222
372429
420411
277397
327837
149824
256118
177232
105032
453302
218116
220092
310724
169925
192473
284741
355762
263293
255420
247398
178187
415689
413251
323170
106394
144994
295004
104597
423549
159486
123283
358127
153042
227543
284400
286026
263691
331009
223713
335082
264524
202011
243662
129435
350245
106889
372237
242889
160164
397449
232740
248847
254232
115020
366100
439445
424623
266907
432182
154437
199752
388074
173449
148041
146963
229683
413888
453201
168099
252281
147179
196704
201239
183153
342174
358167
287698
110259
121533
328105
227419
136137
386557
289448
264523
173738
293997
209487
322927
166117
195761
171961
275405
156917
270551
314587
285080
388663
392188
379881
235581
447944
319935
325472
167390
306740
144696
316436
353423
439133
155807
238243
345132
346999
163167
304313
425605
276401
234537
374718
249960
168569
158971
128891
216765
143064
363723
160138
363096
263406
332755
438127
401109
346616
369541
354468
105632
453027
237959
267358
285294
347710
123911
423068
120506
341625
109020
327728
379755
445957
199502
314590
234022
224069
169649
368611
196709
374885
275388
266945
363125
391419
397970
112839
140183
222740
218144
335440
289405
444927
386069
229673
126163
393249
409447
209646
367682
200454
341457
134382
107241
152360
246523
418066
288427
255970
298119
294329
286628
129109
127577
440272
242478
327558
289247
201073
393231
272187
182755
379968
348208
160345
450879
431089
281266
411431
218916
214848
247687
405187
443726
320130
134837
148942
316013
292587
396040
119981
179831
118255
286634
346827
362396
190403
253162
292414
135569
198789
163298
407686
430025
239351
141768
397737
106435
100755
203317
312039
259491
324333
277052
441295
431059
368554
234649
135158
369631
401034
272110
281710
180231
442938
114963
156097
363148
256300
165518
350492
330274
307468
341843
224933
397636
426697
449974
415453
119699
252572
326839
436591
195914
373028
399619
373162
307234
318692
223647
171805
399098
332874
317302
143689
286103
310411
351815
125899
409131
325616
419002
335194
303885
115040
222772
370458
330398
155613
126008
277149
349876
412673
394984
335020
376881
455359
394932
236231
133325
325321
129370
156617
262250
358401
128436
431486
157630
405746
297206
116308
252656
339990
102905
419502
303690
297072
451657
271394
198657
225821
264734
133709
451808
375897
119513
378855
452765
388365
445056
449544
151986
162314
396813
395755
350537
297461
165368
294962
132790
172262
315236
283044
127658
363483
208771
376956
255584
242702
381148
160963
184407
218307
166190
258409
397502
224458
185636
111237
371200
230290
399078
151215
114468
393817
198201
392821
427252
299595
223569
160709
242683
297044
189883
303108
382573
136629
128688
108488
157269
402798
447637
209756
116889
360451
297645
184422
285648
366373
305758
160296
418321
101814
347320
422030
169762
301200
250652
371621
257316
232658
135184
131174
116113
146442
160100
175410
133757
229492
222517
116259
142640
221324
295204
253020
359791
315824
188796
348938
272923
268266
185580
234246
396272
370885
341890
330133
407285
114073
120135
434869
316138
305016
385250
435511
208013
445313
391001
103187
136901
213068
349549
320159
307720
435024
110278
189524
335660
400346
287971
312349
181946
112123
444464
195667
215365
308491
248340
374251
271647
326011
109621
386971
307218
189745
182741
413220
434909
373398
112865
129186
387452
310373
212864
156488
138971
418347
232674
265803
229215
340982
386123
301400
351224
109726
347360
402383
397634
152608
379420
287668
234521
187751
152488
430068
309026
244550
312485
165733
135468
241805
305971
239240
301441
339933
206158
246878
311698
120069
109611
393490
276588
330885
217679
375773
195965
317553
314692
430236
320659
380766
208804
138574
428503
127986
206048
346930
281167
358972
361644
456118
289337
248904
190422
397835
144987
348431
276891
119676
340759
248432
154026
255355
351215
440055
246856
198654
290858
110738
294967
399805
360297
294073
202488
318229
398891
426357
146594
145137
350735
254166
225841
392107
320282
333717
282296
171659
446492
227836
347551
340903
175559
267517
297330
115118
198587
126095
278548
450783
411616
274806
206576
349152
265489
108039
414238
303119
219149
344408
277690
201188
401784
289752
216083
133224
337411
154393
225711
398095
369020
446113
324673
454149
272290
278027
438254
138078
283072
343219
323786
414555
388064
184242
268054
447071
228596
373211
294707
280282
433901
202230
171930
437331
128401
339280
395231
208683
178885
391801
447677
332108
376228
195618
405569
424593
325107
441945
269715
282414
326665
291999
174616
135486
453547
209490
363794
311008
110841
132975
350485
254391
115011
307692
121025
386129
363115
238346
358661
411825
290759
319546
263461
153216
401284
225077
143121
253821
181512
138218
254878
365172
308316
326164
443919
373789
340303
382634
425689
334725
380105
173134
131077
172694
230406
449495
214981
421277
114870
181081
441570
157994
242806
380131
322436
246727
205653
244993
425257
426232
183435
285909
382898
356005
234683
259803
381296
369618
341254
140076
390077
182349
432363
415044
445167
279220
324970
182581
343135
222909
359087
255452
297662
192460
122128
291808
304523
205253
175438
274615
263993
366804
293829
382081
197345
446989
260468
180260
326121
226697
412319
116221
455578
225040
285529
360558
193873
214635
374248
199767
244454
355208
354936
123495
418925
440288
239797
454806
183830
175020
449300
432484
445096
231857
284817
245295
322894
145729
153521
169383
376672
386345
268312
363868
381863
248796
404840
368948
201428
248447
194565
365732
340661
374520
292918
201048
185071
359003
416984
306696
285637
205639
256447
136630
245814
332411
335344
170765
152231
337208
367609
280776
189161
379097
255615
219291
196199
194428
443037
280482
321586
280763
309172
176608
352981
236742
112279
212618
290371
127324
221378
450902
175517
364801
417003
275597
137398
324039
283762
351715
401896
337553
445648
101145
391069
434195
220273
265275
191485
163925
408424
446337
449049
386348
253911
387038
236050
270597
334214
417281
447447
387704
391189
252489
262028
386239
105438
444742
214258
455150
141040
173136
134733
123242
382027
438178
388374
319466
382988
286765
324993
366182
292793
275606
393307
408222
100929
104111
358339
441558
413413
338372
378127
282781
430692
344994
375592
111509
211478
291010
443428
452440
121573
345715
172608
116622
124984
394622
129318
370028
304372
180366
344665
230937
259793
177493
451848
112009
134895
341147
383029
410517
143049
254053
295895
156513
136350
144833
355677
291479
427587
281382
437634
393090
248795
151248
386228
212158
288028
440921
202952
363100
296217
296873
119279
350384
338538
410365
215709
319190
145828
405376
308207
269356
303439
195188
347192
129704
251649
383782
153262
321248
214203
213065
362957
329131
130410
440261
318553
241309
217015
255985
218199
203840
243852
310881
127712
409604
412808
222699
310131
202315
397711
209436
164567
170568
167290
100863
216037
352348
276992
154253
191110
379643
283863
117548
156315
318719
316174
429817
363318
406265
325805
422902
106375
162665
110537
390980
207253
378820
276915
254336
106602
381929
227388
126518
233971
274901
291478
326331
309472
189693
359928
205012
211647
279815
334789
378868
386518
381977
451937
232501
278958
267200
279934
247694
434617
136546
125295
107687
293319
225507
416223
169578
440839
345419
221126
412653
427747
185077
212333
224119
395259
331858
309748
206102
297851
178590
186971
396901
298202
448382
216396
117716
436282
411483
181508
146445
244120
182777
434724
128032
134642
336582
219343
157766
266507
215411
453810
102036
433339
133805
193913
232065
159413
234001
427051
371004
347590
230000
446990
388281
147813
257021
391404
110788
221086
333933
180884
396333
308127
331176
238975
376235
132862
187754
104439
137682
418645
156868
104629
275014
451952
178801
390427
112008
153035
177539
137027
331321
355864
232444
181252
344808
101633
204056
180721
433924
257081
348602
251395
345910
449799
160584
151615
261595
120533
202384
349472
409603
300864
172839
164516
330785
269364
302222
380510
206856
147741
223435
235249
126807
268920
422376
214092
435595
152028
309163
287499
312636
291931
282269
214405
269127
402706
213644
268658
246597
305184
264129
300578
375624
244614
169147
185208
450424
220509
154499
216766
100329
164260
150902
369167
336643
204779
263264
205845
340467
390488
309931
316341
133814
295559
379092
377490
270744
380386
171969
274234
453335
174176
269291
232837
149595
247831
168745
424986
411886
195487
300133
190014
228664
287305
282546
430516
404299
183926
127078
274245
387768
216988
303487
168173
379777
237343
228707
316997
260674
184601
245100
421222
279444
250235
200063
441705
225762
343605
411006
321623
226549
130220
121424
449654
380288
357079
379684
233186
362985
318856
266512
399905
296160
234370
339161
119568
425146
163891
438793
150061
193911
419596
200717
245377
198097
118179
124320
398190
216748
128681
352090
158876
267654
239663
215032
407245
124743
230348
321951
387921
233082
135648
326115
217187
396430
276407
292351
438236
251572
392312
270715
135576
193236
137760
346450
222664
424519
193919
290947
342395
197078
210210
345162
245362
218869
321707
357330
220558
311538
125981
453472
309504
452231
430888
217421
273446
112299
196836
147136
335121
447311
266265
415349
449978
110201
361336
179638
227294
220825
108756
385725
212331
106220
102077
118463
426656
264098
278929
195718
345440
407728
112478
231348
375106
426369
352276
342370
270808
323430
311543
378580
347339
104002
184932
294875
149826
273243
203208
198525
369086
173375
390897
206241
208862
158204
293344
273512
437437
345748
167303
124926
425576
318960
359346
225277
229161
418880
360057
347265
282273
288501
168620
432413
203940
442838
289545
241506
388372
186622
187900
327580
394914
266061
355308
426502
424351
362554
255812
293110
431762
169798
338942
276851
220434
448631
352510
142951
444976
302979
285937
230770
348480
124151
281175
253016
324326
333201
377973
234496
246314
152043
214288
187105
228452
237243
411258
225353
322963
363646
284975
327034
264393
184545
259567
368957
445434
302637
291091
265552
282947
249073
174856
428935
308801
134491
342400
147731
274332
194807
319035
345410
430912
298951
180681
336590
109659
236301
228938
351797
212726
157053
231008
200394
121817
283455
165834
128337
218562
447473
139525
324911
433975
279525
335126
167646
383083
285616
428543
201892
323910
163536
196699
355566
338391
241831
134781
214930
350343
113858
204447
160628
212225
320053
179558
266627
450241
321581
443318
195334
331885
162657
285299
215216
454623
385294
208332
191293
337575
362394
118037
299731
374030
227911
165224
171526
169354
135927
428367
391637
307251
401992
118197
369662
336377
219435
273554
332026
163436
260481
288502
427209
153968
380153
353217
272557
271929
115944
104232
126799
256467
241189
171417
378595
319134
207036
440676
103708
261085
216841
405562
343091
416749
321679
268726
291791
426815
238132
318225
259731
383919
419660
125078
399674
214532
178333
443096
238518
185052
427473
326628
375484
361131
354150
344143
145549
340776
428880
190913
429233
303518
234364
366447
141761
173008
422735
161561
135878
143211
240150
261028
367538
340797
220441
417681
145266
113217
395111
443529
136710
304659
141357
198159
167106
300739
193542
399985
108977
273103
317352
346193
101595
242418
287359
165178
379915
226354
140526
147616
440065
330213
434155
316779
142711
383698
381931
291774
334844
341661
408242
106888
289387
108421
212595
227604
419666
250516
220447
105728
293340
124618
103261
257797
288224
199521
352707
269447
279295
292841
351439
354113
317100
454670
204133
439159
160725
126790
240420
449021
264126
447012
446497
434834
141178
136301
392630
114006
178035
439951
428943
260398
183029
366723
271721
410936
194027
163358
451300
268304
252234
256569
278784
198933
430282
436402
136006
345490
168068
226026
323715
167548
453265
351856
180427
135711
365434
186565
421005
341748
227812
393176
446669
148374
410325
417763
174518
241727
132961
304640
294705
374208
296731
155280
326548
445478
251609
272263
323726
452461
174842
276620
276951
162724
445364
261411
449317
237920
151135
406720
130443
374206
400805
208386
318382
410836
175110
335002
348376
363832
371606
215606
427693
129679
299274
180384
421575
101036
431063
411873
160216
306099
173749
249180
150507
425953
405545
222477
179465
292865
274977
228471
145197
372768
380251
303086
456198
140411
287955
125897
190077
436999
203750
408817
124207
202880
442014
158025
370984
388297
397390
377202
409766
308172
328306
311938
350258
187837
275913
361759
198584
136961
324890
126452
172728
244320
397079
302405
254892
116779
326271
342700
115159
243917
308745
346483
362497
347518
353921
447170
356393
328744
415017
183032
164653
377901
455348
281910
299503
103928
307928
420100
213428
136770
142586
321603
438025
306877
351895
413808
280798
123176
417585
307082
307382
252161
418865
420252
399771
242631
205388
329160
372796
439793
330825
339122
382727
452795
133265
399201
151999
234121
425220
395651
310392
188762
163587
110386
130990
321094
334301
354965
206590
424644
381905
419239
316123
416174
403659
420643
357882
217002
274388
363605
144006
171556
438670
233078
134969
334347
139410
221721
185202
275523
132255
217402
165475
266162
364298
153338
421088
223296
260921
257052
410851
149922
161785
183467
244567
337964
273067
377117
287655
440578
276855
427751
196943
423607
330221
107469
126730
199763
212427
231913
294542
311450
289532
127714
277818
224880
219786
188556
156796
251037
369023
204264
265224
232681
117782
327359
322319
408263
197197
391921
132390
122326
181860
253656
172126
165226
118165
370025
170721
128000
216819
334507
278217
169962
314529
240886
428863
236260
331978
355271
423352
145794
238386
224449
300553
284869
334724
311085
323143
385059
231055
262625
347185
229309
273064
292434
213168
428513
205875
260394
435488
263119
169656
328725
308562
383272
242845
333145
360522
246784
285087
122667
141468
367182
369864
105115
400154
354847
172792
407453
201764
326257
151370
265767
413775
400999
116898
209493
171302
328135
203830
178302
445947
345261
361534
231369
140447
198471
358867
447205
418102
342612
431604
347816
344190
138913
236724
182561
323846
165028
147540
298906
406435
198052
366792
281061
370436
146702
442395
448505
281479
310051
358732
119027
181120
130970
273346
224768
289365
176244
342850
162642
201307
238898
454460
222097
267159
434039
403930
156913
276018
161912
400399
418681
238022
381385
186092
161162
101402
280083
177674
383474
220055
237122
296980
397435
441863
323256
109459
435309
120434
199217
185583
425843
356717
342507
245672
239009
258491
189245
332799
310830
412878
303115
267354
149714
333321
260595
115829
430356
219834
286993
226126
368945
450099
414334
217554
245414
305528
387087
284263
369841
118116
310929
192742
334442
136530
214740
390281
442169
190621
310243
163543
377572
446695
262077
126990
379785
147656
172685
414499
443615
270884
313916
216418
175072
100095
205767
207285
455671
217163
307059
259261
136279
379461
250435
157542
120271
189150
106682
381618
341387
433284
235285
412866
193536
290582
277685
330326
150948
287284
354633
297466
236573
437249
221188
400658
182087
166370
318747
196046
203146
341885
171036
329651
447875
136797
356875
164753
429026
216678
260211
260708
371628
218765
254162
159304
136552
119836
412135
254139
121848
426022
402203
122746
409829
420923
227101
339333
369510
345679
271033
231033
348594
202929
245855
298647
100951
176915
297875
129551
219491
328585
390741
250720
361941
224192
375862
191917
346042
304380
351173
380321
329216
357825
149303
140644
252086
204862
116396
295248
217469
396876
199362
152501
227124
361123
201252
162302
172102
298448
268727
106395
453849
439200
128886
251221
281166
443689
409246
185012
384705
275045
427877
149530
276116
323835
145460
212305
374945
186364
303346
201504
103297
178197
276465
279319
100027
439652
335232
189289
197353
103030
218282
417842
334450
181130
395101
211584
181965
390679
437139
363811
389421
428147
181921
242476
282387
230176
261498
135790
306039
174475
412048
437148
449648
351963
230162
268327
364204
322483
191998
114085
292675
173454
416702
111281
321494
390352
403082
320584
155714
316363
255670
220745
186163
391584
118032
391938
117328
251265
256637
245896
315624
268564
188894
344688
164079
129399
380211
254830
378251
229840
329144
197847
440361
315363
132055
187398
360046
232322
280279
236524
305685
384899
430783
102541
285416
394681
101507
174716
303680
177340
365839
359968
290109
174148
243034
257934
247391
272809
150804
296120
221419
288620
382917
231512
332190
428522
379977
209087
358755
348796
415892
395833
381932
334263
291620
263177
323520
253244
230913
231985
218496
351145
390460
364510
282793
369169
440193
368181
245794
270825
370313
103926
153026
269416
298374
179984
430342
142231
299224
108706
184276
252756
248817
290107
374915
271445
306020
184778
356915
421276
425687
355302
335051
359699
429420
254256
185704
153386
151000
158428
295744
370085
395433
325741
136864
100260
287834
182251
122098
236532
217828
410614
156146
192828
328010
173691
233881
189804
134901
326727
180314
340817
384733
164525
116911
326587
261851
115475
364782
365541
254154
409788
309870
224318
310394
101207
388642
452051
132931
439376
391391
221175
266005
153921
386063
274149
338651
107151
406016
184830
341963
208010
271887
251020
183741
262713
211953
300383
261275
209704
416234
270994
145273
373870
236386
285644
311749
439499
445244
303210
125735
147220
418134
209285
107230
308480
184743
421136
139630
148125
324910
183055
167519
334509
115538
339912
313517
340266
202726
178139
201007
259713
125307
243361
187073
103567
223261
169312
200993
330158
200929
226794
272245
338701
452683
340174
184406
136931
385219
229875
152966
323460
191870
138049
117385
329715
345376
196597
219855
262317
233532
408306
162419
308604
377464
313254
186005
259289
403096
250883
387714
395834
235883
272701
354022
288837
412037
117640
342718
388758
382869
192342
324223
448804
300044
293324
318784
383209
405795
112933
132972
158635
454515
246103
122356
247565
272769
343427
204500
295062
416238
448576
235479
345721
102209
160192
334814
275155
280476
192527
182942
171678
121890
252581
129787
323531
194971
252017
200227
107878
376821
344161
381275
395605
238001
438522
235024
328903
313262
158294
243234
226782
409501
331956
419642
109961
418339
366243
337708
163023
283840
278660
129028
449626
298551
438016
263930
284568
303445
197589
126278
296293
332762
311549
313507
404333
377064
143805
273297
178747
211284
132492
412649
287229
320718
104853
199270
349154
417137
454683
348073
214292
409042
226266
232904
248486
375105
381595
225570
451879
149203
452174
403538
286776
196548
329506
142697
383965
439457
266804
311967
216374
105164
447755
179045
235205
305256
453562
252690
312323
266500
105932
367876
254223
227933
234862
422378
204981
358530
393277
126828
218644
289144
221000
252716
409795
105457
156173
106340
218022
440300
282722
153099
427848
152269
222470
118736
316639
269063
429524
399519
291649
135310
180899
109095
241778
284097
388096
357380
116727
245580
239918
218024
326780
156444
193945
168724
363214
281146
176948
352529
114204
161633
383345
446615
192808
256556
350992
281602
365491
185429
179903
287669
411179
178494
235441
424102
245869
193798
399021
435696
132436
195445
259360
395654
392075
170682
402897
305424
225527
454553
351072
135205
326742
159945
338277
448246
377326
187848
174639
315420
388086
201910
101464
131614
145663
239895
278133
411057
271294
451540
259983
367842
218504
314567
302817
395281
436717
115650
316773
183195
306223
124518
366713
137053
207362
142034
248765
373964
268492
123815
419527
422120
285105
225773
165626
315618
377193
291635
418747
295602
116232
436055
236246
112134
127637
361692
393371
207902
123466
126815
447465
389794
302067
336105
363282
417934
348205
126660
177332
455547
313828
231781
203467
350690
243472
216056
327185
434934
447861
275744
378843
179476
392014
217318
148983
394924
338692
181046
255858
248837
426536
218886
275145
455100
103347
368799
102288
180284
252109
234458
101579
404829
351745
300677
244411
402992
122357
271591
191887
116709
166227
425760
316790
406363
286771
307331
123035
355717
256782
148765
239410
415887
190031
434785
122798
225024
191666
299560
253116
125510
112321
436429
129263
319210
264871
111745
422691
278581
205659
353265
126010
118376
426204
231479
209946
147117
381656
114939
208413
131601
391647
397859
147965
225700
296384
185123
184622
283721
264753
168140
298247
112233
152958
389788
201866
440802
108974
152586
111947
325620
134937
370413
150807
289830
197511
237295
153721
153256
404076
411484
439016
160848
339109
226272
231964
298987
140848
345423
253255
425627
287209
139990
351411
172730
113442
228011
216842
338659
155611
319750
241568
381091
428664
419853
255931
102803
179116
137007
151365
348782
327412
264914
436245
175030
342720
338960
245705
160319
432097
263741
352715
186653
243038
325733
224945
436919
259003
180831
159952
444670
267618
253333
137981
337385
266504
392842
117615
279475
297476
259036
243939
222487
218170
271307
107985
303382
373920
413858
203616
342067
112532
197985
137089
374574
232189
247691
210425
446425
306617
251653
438499
141586
193117
207131
366994
269025
221440
122327
358565
117513
225552
367416
161257
234672
266851
377304
378253
124824
149898
439427
180688
375308
356843
453203
242687
245760
290921
244344
217296
342951
190147
414944
211517
425530
291660
116021
141296
298117
110456
428748
118472
334942
210891
435105
248443
106545
311082
217595
300930
410840
365058
327279
279535
302658
240686
352753
425699
387033
242359
241410
157427
252279
197732
431124
373689
137584
453118
399864
316859
240988
456038
391520
150706
314818
253358
178682
141509
146248
154136
293499
239689
396055
309667
283056
292611
266505
156363
377663
250467
400734
430388
190034
168998
383076
387775
396356
313255
401177
444388
153056
314321
172184
310731
207454
391304
234579
303888
420752
292110
137021
338909
419280
373702
163774
347369
355913
294748
339654
273295
135332
265486
449612
408714
104091
421936
321607
283398
214096
222077
223846
357477
105062
196120
210252
335866
315276
453281
354045
106926
436466
449746
205495
323371
261988
126281
261701
353623
265704
128717
228985
117880
268003
355909
352941
358761
442705
293533
429806
309812
319619
217494
340144
451810
248399
274861
323399
390590
348475
190437
273076
225785
211757
165086
293936
122694
256874
243010
124604
393670
182416
252962
350894
112923
146174
180147
229114
184499
385076
407987
246942
104494
441689
234800
296898
100313
353651
139621
279792
239329
315140
305021
142843
391324
209747
195196
261724
446739
363381
388804
259585
309271
137221
403028
408051
352280
171501
203149
404844
131377
221752
108453
453315
374333
113456
385274
250940
320030
353938
101260
356426
399931
370106
313232
451911
193872
218712
183608
282033
444052
159374
246800
208648
447853
380371
261631
433563
314728
357434
402001
110804
368057
367013
240010
380255
213995
153113
330788
291249
104692
312524
227240
370875
171525
310054
234479
438708
262545
255407
265368
233781
435026
215613
180212
194564
452878
424691
409785
136926
325961
329736
157828
348320
136108
402905
162787
427464
441971
239142
400200
158571
338944
344539
143930
241012
383387
144576
232418
262812
276458
147477
225931
413021
229773
330513
276004
409858
435757
202285
124998
422410
256382
330746
345034
366102
262333
179977
286493
203996
273448
411001
104436
265853
244575
338514
166559
244684
196032
355907
178752
370422
303153
164051
450980
156900
214171
178707
436067
282738
233799
284198
317773
148728
348990
294489
249731
434582
271302
232913
164024
254450
252851
301372
254290
295710
427180
369738
410417
416220
415910
161196
375864
219604
110008
408252
454816
146723
132837
358100
303063
296096
169812
173435
216930
211057
351212
249536
324735
414968
388416
431043
174448
400083
143447
263827
344774
123533
454180
247554
292002
306236
313385
334599
139102
207892
455315
326245
419248
261511
265047
320501
205412
251772
377043
414777
286521
392722
322885
272595
369216
450575
216177
215798
416692
267428
251932
416728
199112
117197
295054
181866
310302
322363
451027
359894
341290
404880
302201
305611
113600
193883
295817
344877
204401
283015
409929
193288
375346
224385
337355
386031
224071
126956
329889
121823
195333
443058
394996
225369
247588
180818
420140
139142
260062
142924
217442
198873
393107
307619
380955
422576
293662
321539
192908
239431
425203
441733
278324
422418
398330
255459
298077
253785
247871
352526
255635
394889
402428
172154
385253
135564
240440
223370
204012
304914
148785
276767
323237
419462
157635
209654
229934
277748
188005
293619
207970
280856
397753
197162
284363
204451
335078
436498
369640
273450
438640
332376
439269
129026
130229
171809
132446
365124
402570
174100
274726
155757
240811
103778
120015
163306
168070
168440
330298
141083
278575
145960
358535
375391
183694
399364
258694
418741
426625
130615
410215
179300
177418
158292
269886
325729
103255
134198
306687
106635
189657
355647
328793
112419
266180
179151
410204
139330
395295
187234
420848
136673
276561
361313
192130
277264
236923
374655
439692
334279
443537
386676
445184
447614
159772
272646
351681
117416
373718
430237
156487
233686
213486
398453
198449
393152
432499
290072
287500
127644
170886
200647
307316
366208
292809
426125
111325
175338
256667
258626
199744
334295
277892
431344
299846
256932
351757
160218
304690
193166
434254
358995
366997
424406
152252
349455
382659
398806
166933
198895
108175
367331
389489
278678
453252
351196
139228
382077
189591
265770
100179
451973
345836
444455
408159
296044
401121
409288
318979
196011
253100
261199
200678
293895
447481
284675
138723
312745
195847
124449
405101
425223
126890
343230
287413
447962
253736
121684
345849
244565
265446
357545
190208
303232
286125
269639
293591
367612
421478
149346
132608
422786
119119
285536
431116
235818
167220
232155
185036
324630
208527
141967
331010
277768
423847
425323
133438
377974
441834
275328
254938
281310
127173
198189
171952
168360
337929
118976
133803
439674
184182
221026
214362
333301
339405
377268
243258
276989
373540
227115
309828
192817
167088
353075
126661
213177
323613
220271
335311
389877
353783
307128
353862
266860
298780
284180
251087
202850
267181
416267
133686
227951
352115
141746
225690
298623
154075
325133
397134
107984
101876
336085
430757
111301
301395
408571
404872
370910
444166
195987
378188
140470
343930
103797
155111
100255
343790
298036
138761
403758
318818
406578
416371
209478
265822
169734
444428
294476
257637
200997
201868
378643
180111
381703
341223
339360
344879
261305
113548
343332
421492
172253
236889
447951
355671
378050
386708
422914
284425
147627
415809
213367
290671
263647
319527
239706
417754
443135
116283
280427
251591
127977
158730
369396
413854
357046
281994
170397
330675
228842
437567
334929
173429
203836
154474
422267
117074
400386
397721
242270
281673
187320
346294
265530
271213
268010
333101
273815
279769
381958
223454
208949
405136
337361
195714
385771
164973
222361
315640
371949
283807
163939
256401
297455
305203
307677
233845
236023
281839
455576
129216
396176
423008
371620
261033
356700
155058
346308
241104
364843
165941
112706
241694
163445
104710
362411
209273
400924
214450
224645
147692
369765
434315
155344
106160
390456
256914
251438
204320
388936
219937
396353
197298
156303
346640
279008
364652
290728
329953
219222
334636
270981
244556
122564
195001
166165
125218
114851
199602
207631
303418
214946
104440
114938
358797
355968
450974
112103
184511
354352
161763
122779
268033
101831
139960
214385
281104
163495
139624
441191
119887
402590
432337
105542
268352
161042
265518
153014
438712
179190
377662
382345
446865
177394
281663
455670
101799
189898
304331
160845
326739
347353
222289
126461
139048
163009
182000
372774
192701
265151
123898
281149
405157
170157
201472
105304
100014
221722
280898
335721
342625
325983
188857
144938
103227
346371
306780
204443
260952
311657
305427
122626
245521
234955
169351
353769
325267
312571
133029
107761
400266
201452
247996
141539
244571
415319
327093
199593
449065
221246
212819
253102
267723
110546
184908
166913
311633
281178
250172
224002
353717
286303
394313
248746
291265
256314
281874
148936
231829
160240
348691
207119
118807
231318
380531
198210
193989
428858
162161
278940
347099
421527
135289
341554
220794
227644
128258
366888
255265
294388
265909
183651
300567
299889
349493
296103
130292
370574
395689
351582
240398
193795
129711
159916
419383
409888
268050
104960
318256
285898
199968
258537
112226
136259
281214
130601
116744
175524
312986
154618
357621
311059
195377
219394
320496
228840
449568
445418
234293
270476
245831
451641
396233
308080
406717
238045
358043
322658
229129
180615
253147
414023
169908
308413
214223
426285
335363
419036
235661
425505
428554
388489
368969
120462
206000
370960
118224
415018
311955
298644
304136
290505
111653
124615
273599
270570
272179
428958
136133
302563
381648
186395
303782
205733
229244
250615
100794
405450
200985
214969
382908
351449
128862
123636
234084
351276
229433
241786
373358
186277
138889
202378
321112
447925
170190
148493
403069
160646
318710
246013
136178
374908
118309
287199
385981
384497
139849
170794
219310
300106
207478
105177
328314
389607
445473
349928
385029
335675
343053
298801
226004
305605
229961
251799
208063
187298
243329
384119
424467
226843
208766
274133
268362
344289
155448
295978
306031
182148
275526
452754
172295
197030
164926
153114
307054
173682
413486
245493
142362
126498
172862
191381
320493
234834
255498
363533
381996
341513
238280
432697
455873
386182
292733
195059
186079
370438
402289
305769
414761
293826
312335
371654
115784
303098
279714
265053
437401
117990
170786
235178
414693
280087
174016
152942
417685
331304
409697
442960
139574
246124
161543
262723
330201
197492
280485
212678
348798
346893
442061
214462
291026
133043
164038
195179
248233
434660
420469
327785
447776
143295
142117
219953
234796
215165
257217
418426
105154
445709
103888
326554
325647
263152
336179
204009
401048
135081
304405
375247
444382
257162
148176
248769
132415
106589
238633
339825
223493
164161
340600
343355
455776
373178
378961
422181
323924
416186
392226
281532
121216
307497
394543
424618
346432
107072
368864
229031
235880
436916
303451
251583
347992
172171
146370
360523
354475
175885
176922
295412
415033
354138
373345
256756
262941
251113
239483
123084
176836
150677
366504
230950
318117
135534
268754
162437
144974
220684
225238
135206
125697
285384
170170
388789
395031
244779
388551
427173
379020
200888
302683
144946
381639
111778
152917
449948
194910
377398
447301
133057
331316
134371
132537
324588
378602
378254
401191
150489
319538
252698
195532
242682
428991
225622
421709
323390
115482
410059
119443
156057
373547
293265
219113
246989
178815
382585
436657
173972
318773
186575
342877
230199
263023
240697
259665
251623
118261
367219
238398
283071
112994
130033
357064
333359
145608
220237
302685
327992
158793
376194
314745
141780
264772
239854
101821
316570
154367
422991
290048
381208
221821
284330
306521
206490
248146
207157
386495
330256
411407
135295
299248
320779
114092
437316
248471
321188
156539
412904
428029
236883
453962
143411
224822
114891
135115
111854
221557
303212
306289
352427
427925
207110
259709
200663
240430
114800
271262
217258
422405
410021
336461
298911
278085
168600
251209
243054
455620
343001
141291
428932
193900
440290
376117
176921
261224
421124
281108
423725
174783
441853
244546
370427
129518
186334
369934
350398
318041
156719
391131
264803
253473
320148
450489
213790
355345
297041
191734
324613
122881
311616
368551
117116
185144
139149
188073
239942
327571
139359
130209
149621
413845
412024
380448
148134
339785
410362
205126
455499
248830
232524
355047
269657
391955
210217
333022
416715
140206
251099
418296
368614
212482
357412
334281
354484
240053
119165
418419
342346
399113
222290
105393
342264
244615
177856
267277
293061
409318
149712
245220
193443
160921
370125
339214
332459
297289
437930
153690
195403
193557
388829
262032
237979
148153
155289
332894
184395
371006
216506
295765
143181
221496
418187
432329
374050
330419
429546
255487
441467
340941
321104
106302
145840
270735
317656
328648
249027
344585
325621
205696
141272
136834
256025
334390
404204
180325
202248
267147
145186
313925
202173
166962
413205
211054
157338
368373
180728
262889
381989
125535
422483
163702
397571
161448
193137
326420
440388
456232
385004
414212
366644
164598
375178
110464
429125
262404
223097
140209
398766
268503
430188
226775
211570
105114
140377
301671
283149
309236
237431
386179
266684
390112
407506
337997
229739
177113
187551
392903
396649
225964
365037
283492
445825
174771
349893
379546
413961
116037
209250
276551
447319
401718
127598
253838
434424
319881
119053
191087
417603
242632
239043
378875
218733
295001
117278
265638
353050
218823
365286
431876
162158
186199
377076
330515
388474
436221
270681
398315
242299
438450
333883
239599
129076
372000
389005
425329
201761
252703
215727
449627
236834
444782
260300
386650
104854
405476
274986
124361
385105
242648
291731
430753
356459
220726
209266
233205
173341
117663
208841
237750
178318
211569
147143
307285
133883
391489
146316
198740
119328
130980
332294
367228
413434
219718
367095
192120
244939
314461
365278
174344
303559
129407
123063
431505
161959
237894
269157
195878
357729
259647
380492
134172
416597
116481
204186
267459
283042
321993
214111
386052
155770
165994
164174
287402
233166
354902
175538
166516
198025
401781
140649
454116
427451
398278
443330
146329
214070
160960
119052
391446
315504
150197
330912
159477
439683
355648
406245
217897
259753
237494
454225
302413
399596
106792
281200
426150
196367
153922
189936
122963
396706
274564
435865
417659
264606
303307
349413
346906
420017
417899
160497
308119
212721
136352
251400
143138
147890
418476
278189
129110
275512
347389
212140
414613
183622
329855
263999
440207
108416
352786
335124
376823
246449
161049
111226
299441
170467
405128
444314
196159
397003
236614
370515
387784
388630
319885
221156
260470
235691
416150
236813
139856
299250
412209
354426
174319
437413
101070
285459
203353
455860
121093
404645
391415
419638
364656
307289
440775
126308
169379
417834
196798
365449
280425
361763
115926
243981
392736
262256
432530
414533
294438
137463
234327
354652
420802
291839
130831
436522
454867
386338
247466
269129
342785
282842
168481
305804
150897
113681
427248
337947
187525
237981
285348
149407
309082
159077
408846
349619
230557
234828
171535
215790
440340
159737
423626
393629
409024
364426
180446
301448
240608
405618
304990
452512
441718
413144
418960
171741
323239
323979
223350
134177
186705
227716
361921
100624
135396
361797
316724
280486
431631
421859
228621
362260
233105
171339
276581
135674
259009
438775
171591
166580
390013
307407
443321
158990
400601
367796
288173
153222
219784
447887
170820
166167
245043
139328
220701
373994
394691
248604
434418
209537
257132
179606
116616
342262
382292
116447
144607
311130
307887
447329
380234
178401
334887
205341
159630
177016
309408
164592
240190
324886
185302
273298
140567
430044
427342
177444
123525
154608
348921
241046
287095
249509
377917
219954
238291
453320
411124
196030
204137
112754
241662
199359
219652
320977
101782
282543
451205
399318
264371
318841
297088
200706
271419
238264
314136
346399
450017
415881
126755
128786
455137
106449
355737
392388
187961
321271
290752
283316
165617
225761
397349
115845
338396
155118
333906
443636
294484
270087
278830
196139
221265
103978
338200
192889
433568
442999
290320
286569
225560
135821
302593
245504
417048
265338
124639
219362
365604
451498
271265
385380
126591
296406
297961
265719
347011
455655
357345
209759
308905
202298
386988
141325
435095
193217
165881
204760
157619
116958
168318
267691
163697
188766
175733
180588
260029
253789
254282
405525
164124
124467
256052
272826
449357
381654
372717
110886
357671
195515
446334
126750
155349
224766
381849
263207
269700
441164
187040
439758
361013
180217
273351
216354
384926
110398
219414
126492
312917
333493
410158
154279
146637
378036
389943
320221
296745
147548
270160
411831
209698
385462
386368
185934
410629
288767
271456
127093
235001
114714
140858
103936
273918
336933
313678
337148
411322
201463
360511
416837
138010
338353
208605
123458
373188
428322
229039
404956
378909
312578
370377
382443
160816
225842
449996
257709
283058
346148
316658
133961
259754
406733
143434
207810
349667
349690
344667
281500
179409
161460
296257
344071
120880
231505
189274
303186
410957
263570
273341
432349
453036
151946
410646
240365
284753
120383
194842
251973
180214
152318
281353
427277
244931
124029
319740
316820
282125
230089
303014
363873
303747
139205
454308
325672
430552
317901
205026
242212
431421
431661
292859
294104
169924
114408
316885
386108
250019
336350
114549
385935
161245
231280
340029
385840
166048
352918
451193
107425
222590
408827
309608
201209
316533
291436
243596
233890
238533
286614
218062
159037
431748
284896
321540
256632
149221
288131
385855
320000
129291
449459
213108
282368
313476
422794
100268
391911
268542
124283
454477
453929
186313
260569
105984
277486
240434
278563
276298
104096
286555
396753
407794
109755
235886
286029
411043
150421
236746
432731
427597
205637
219083
317376
290577
140012
351983
439979
215757
361884
375035
125162
444852
161918
190095
107007
350153
303735
117709
351221
343518
192316
238909
104954
275475
381839
345241
158170
402524
187349
134617
191582
198208
394610
143612
126870
399430
224001
240945
203888
306638
408029
309339
218659
239271
100703
208688
172909
173024
211626
255840
245734
170247
218422
214089
211803
210986
136962
384551
113347
405355
262473
284122
329609
451735
333846
416939
179787
431210
405800
426583
216754
423863
246911
324982
101164
291612
317839
440136
132935
334849
246486
299021
166151
202935
137232
376049
335935
215734
309491
336967
194126
130951
319728
364370
422922
379005
345388
250700
134010
273179
347779
177194
380722
278371
312340
319509
304415
283945
152655
106632
394820
455251
408669
176144
273209
289216
360170
297783
324796
391678
443765
405096
158822
123939
366902
119835
317719
255687
211855
255042
306781
367943
306045
238536
341710
205901
326353
308628
305085
321782
229449
211916
186562
229699
407007
317790
152852
182945
149821
386128
228560
308816
257885
267087
174101
375536
225262
348773
323022
371404
402253
125980
207270
278119
150567
196891
133429
141236
338799
198398
113819
205195
204077
175241
365477
421466
173448
141383
289391
348846
374787
445855
331275
153102
454221
132282
281180
166224
235922
453398
280292
443793
267907
135178
244479
347029
264870
143928
265023
207567
420312
358234
134996
176053
184951
419014
179161
431292
435796
103301
156336
254726
170201
131515
145978
376159
125214
412373
398199
184512
372383
345236
161413
248383
165118
301911
155332
253272
216474
103843
146826
249194
393713
325567
183120
408709
343626
432505
444828
443288
186993
336320
285670
396903
254647
284050
101779
435753
195112
298674
180009
138270
368656
417713
151244
111824
300906
313354
190065
139439
127694
452066
409198
140481
307375
447498
174988
109385
132637
395954
165116
116914
208644
312398
316240
228176
164937
204463
416522
443649
364032
226642
296058
268006
411500
353168
196008
264832
348620
137959
443621
329214
294846
209346
307580
128829
116941
430716
263281
431721
210510
202565
245147
240692
177738
162447
336863
380327
417320
159388
207416
257370
236147
272449
430088
307946
131782
117046
277793
236679
366557
226718
379704
367561
246217
282809
309809
267030
227330
314062
229598
138878
353890
320933
258159
430029
387451
224505
372632
240367
134194
285388
211409
316482
294268
428075
436360
403779
450136
208426
410642
203734
227898
373096
375443
142214
208485
439789
383276
384046
299111
426450
273032
277411
133313
246184
283113
271642
380466
339383
142774
423431
442753
377944
424972
384032
394551
295738
317494
353361
317663
121834
272562
428330
386709
403987
409309
278894
341988
399756
136386
373064
178420
254127
424286
447923
300423
332447
116199
351004
210490
315978
297564
183706
177950
353954
423393
286783
405063
103858
121293
162638
333279
184765
303448
307167
143114
118941
232525
290795
282138
341275
317749
367430
306321
146833
243977
230053
110728
114765
118418
137669
217281
156793
288658
118616
410707
266436
144754
307747
250257
178066
449098
333975
416621
186225
396324
192515
423172
172034
325958
327572
342577
436106
265726
138768
179992
443737
113060
214867
139353
317414
289685
110059
115174
261099
451702
135599
100374
269766
301466
172912
335700
112928
384263
198708
256280
212270
374161
397930
213846
264790
349470
111251
382196
214779
107142
348367
154917
256552
306991
324906
328597
161348
313904
398932
175149
340008
242891
293121
167482
320900
200909
209139
236964
222670
384820
334404
338767
121600
374542
452122
295810
408543
267502
142466
290669
223140
444608
293672
433506
140328
306353
320298
351698
134952
326015
345971
317904
317330
410844
337631
186119
209219
295110
184826
318102
310444
222113
359515
133151
183460
313885
266118
318972
206483
122497
269787
133189
369262
386019
420429
383456
337510
453517
301028
392796
284121
113255
125490
302796
357635
185271
183408
191527
147422
257595
345009
444320
241650
431032
330934
172195
239988
354492
136596
257419
346196
105226
144415
110254
418206
270443
135403
447725
404101
328001
378663
316573
240152
263058
240534
267943
456023
225928
366195
427581
200238
315790
364078
105095
244661
443799
202369
305724
296772
205196
392647
116916
437668
237545
288512
201082
260230
117884
340212
226868
226935
358868
219331
328908
155853
341133
323433
429038
356221
173640
237699
340490
224253
269863
189192
196790
337091
445701
299786
327923
262682
298733
206688
102171
215879
144003
446646
279154
455193
315238
176005
191605
175803
179820
152434
248076
242507
137650
234665
282447
168627
445463
358501
441676
348541
302576
158969
455941
318302
387436
140199
327036
427934
350600
355476
123974
374242
284929
129213
300884
384222
313892
106424
154494
322672
411316
103859
242341
156424
339524
349700
201004
129581
142490
353778
241011
438877
211001
184370
394075
342004
381054
230205
423768
348207
396173
431879
410000
393225
214696
182909
421640
401764
190131
124333
405967
377241
225593
129617
256329
400176
405416
230724
306810
390695
180558
212364
322175
255299
403621
176524
323490
175301
180761
258373
235489
181498
332304
441532
251928
287031
302234
379213
241354
375814
137168
369479
275267
164315
266962
435341
265125
208724
250882
297471
293817
411326
321718
172709
168586
133788
188752
331341
281034
136547
125289
317892
314311
365395
159519
172296
302823
326167
111246
229057
375721
289084
139586
321489
370681
180528
288317
416113
425648
382085
207469
276125
387677
209304
317961
371282
243020
114318
195316
111951
199872
430505
307219
245699
437579
294733
418571
446041
196846
272323
187104
332218
370799
339568
363918
387749
101662
134410
254236
260495
208693
251175
350416
137303
372897
236448
274249
275530
425780
101341
382101
119537
268523
155212
394454
346899
359767
321987
344893
296245
335592
418480
309268
247270
392968
352806
370605
230269
321024
112570
251559
200449
238839
374263
412446
442396
127457
304267
377301
212505
286872
176666
300082
101314
160242
437021
342035
319808
437774
254839
112729
306997
366474
317872
192205
204178
243971
238006
128520
394637
152136
140659
203117
241044
232295
218941
257452
107600
397683
232731
155618
447832
327491
303676
415447
402716
318973
345591
238628
448482
400039
409851
255113
293771
386685
131309
124301
207661
110291
311079
398476
425170
367597
219048
318241
389906
366242
336803
423184
160112
254538
298719
356424
264140
321241
179794
114993
422647
244940
383519
118333
126904
409825
434359
267963
235158
158591
413533
328653
153534
126958
184559
202336
116951
392618
388285
111221
107889
427433
101069
147226
361403
317751
212118
214126
430910
442887
386930
122596
371112
144433
344246
390643
302516
292075
168727
371559
146099
443786
412731
249281
136110
386979
104279
123661
194481
306954
431774
160899
308570
323943
428848
420028
315317
213187
105725
246733
427840
378737
293362
290755
401765
322434
372701
103743
408577
224411
138155
281583
289916
451495
430041
358249
402763
383092
159541
207614
255292
428346
155199
291736
204029
246852
338305
386997
391202
248759
330333
312753
173119
102586
249949
331312
446527
158192
142830
220251
241794
330460
180956
396508
329591
285046
113092
142996
220007
369159
160704
191164
205846
134722
394038
293489
103740
173638
359918
430569
189558
107440
309129
263639
126063
448934
446938
121270
159557
273108
113273
140148
195976
150903
112424
273146
115589
227365
331967
276667
271059
129245
219560
218874
339885
262155
236711
115764
323500
214040
421708
430051
333552
250992
120317
370339
246424
412782
262782
305469
325035
215839
279888
392664
107466
268522
136437
156495
193698
415201
262130
412014
133644
118441
283095
391627
410105
385097
335086
278998
182582
360737
261522
197326
222607
320029
296080
425686
170959
167188
263928
342961
142891
258678
212663
356019
326441
374000
249115
354557
107858
217557
107458
453833
256233
187616
140060
196733
328838
138965
204650
315650
392361
409405
453026
154330
322668
343437
173425
215935
276178
352262
235041
402881
281458
103693
373822
238843
440948
363588
101684
171575
405812
206816
320100
293859
264850
391364
424829
178222
163768
130536
420938
205779
369865
177663
229936
304546
341327
206159
208076
213025
305386
369093
313241
126012
300692
417042
438318
398809
288970
331367
178418
353116
259821
352832
213672
374331
295762
393402
223523
103412
418494
134966
279839
208799
422933
311345
410052
298634
254022
412190
276773
215745
366864
304096
169790
101229
258709
195728
292323
392284
326724
216960
316894
423202
279490
290815
304401
253685
191369
375407
378284
320337
385852
157320
433676
407777
115644
255428
351663
269545
397697
396002
360938
435188
220761
125019
196300
399148
240798
362927
227147
165559
137763
344547
231040
178895
339402
147368
273065
183807
144680
404536
170318
398062
391761
451297
349307
257396
441231
324663
415353
242748
105526
448956
452121
302106
245146
437197
162492
179991
272397
211664
150251
346056
367305
220117
229566
363710
370186
314685
442957
133979
104124
166375
369399
278099
333153
168494
447820
350098
330560
167959
332531
152751
222095
197583
447269
340169
254360
364661
105756
408953
346831
217712
347796
112883
162937
316045
385077
404447
442208
230952
256252
243366
223247
432665
422869
340601
257552
155936
190788
106359
323221
108503
359513
263316
319506
326173
223125
275718
409818
410611
417667
131082
302471
112512
230564
227206
229871
288912
238324
406124
451306
331768
320603
223029
237542
130155
369689
191611
293945
248841
125437
338350
157986
322251
260035
164602
408498
331776
431076
440370
251430
320102
433786
291350
216478
410802
215303
136361
286040
237622
308695
322466
135182
223387
326629
261208
419823
302126
331430
127170
106748
429395
379477
454425
109183
212045
113910
187487
176381
147516
249882
240219
263032
337824
268083
395466
195612
276196
124729
413825
389547
147034
211932
439355
386678
152382
309687
285255
350617
109398
371310
323702
258809
218682
277518
190501
394074
388073
162518
190118
197227
166538
202053
443422
246169
117869
142973
353780
226093
354049
240112
456039
425351
243326
416413
121998
294892
452886
250865
141337
310815
134022
296722
282901
210166
121002
166189
366014
220112
433693
356238
204658
155941
373201
167186
265753
283346
142942
220599
301590
213558
312367
189690
182713
260212
229522
140407
139790
408500
356582
446282
261414
159479
199677
144507
400367
229010
232138
152617
290060
426395
434761
358463
133619
403105
204378
163338
101185
183250
277005
345113
271204
286878
425718
301188
391219
104144
319976
258848
257319
261774
355582
406642
242595
159859
264853
443516
204495
317329
215778
321830
202802
118679
224594
195301
199901
107958
296298
335260
232468
380795
205782
407820
373346
223274
378521
107934
445602
372057
340646
277395
190969
381979
113443
146750
220766
289950
191229
449161
309767
380645
348403
289359
232617
116547
124419
120795
162224
401887
120937
363502
284213
288161
404698
213895
222688
434857
282163
297946
239297
428138
361159
223881
223265
385881
282320
153917
145190
444806
176874
353304
207845
275863
147553
448756
388876
439934
153516
322532
232384
118763
133383
436616
314122
356738
312404
307616
368947
148822
150528
404292
454582
300896
426636
104338
270617
221238
300760
114045
382116
237763
311585
183962
290373
420317
261336
239002
317202
433919
297986
385042
350758
327388
255951
428348
167624
396551
260232
207743
137249
444739
385256
400906
214123
433329
374135
315805
335455
428744
443502
327862
183780
246031
450016
263615
298292
168367
391389
149505
222846
407140
403797
172343
305845
334910
330057
412459
306898
171590
170381
235973
422028
126609
211619
305709
336064
118663
314163
102279
235866
455707
248280
434706
270197
176930
323198
100392
229142
194825
156379
174166
206948
196721
292568
329498
354721
317403
184132
266226
143895
187160
116876
105870
291226
431936
404589
200153
337585
192060
240370
431656
347886
243211
306537
108652
355508
135320
383163
409720
147879
344266
250728
140423
233754
276583
184970
289050
122186
281013
324134
343082
429279
448705
301074
140410
200166
204706
163347
132487
197164
444022
330422
201108
354040
427984
276616
444642
159868
312831
313561
415305
306352
215697
286216
171012
106771
358332
391328
293064
384097
231195
109234
370558
419442
418469
140152
266944
119558
219479
383779
357659
223022
284912
442623
245868
312380
145516
155844
114118
206623
203990
254281
194446
124537
348129
239500
106912
384819
289021
385396
154663
449830
420459
205516
438833
432159
421655
191781
349130
156856
182403
167443
442990
333126
404843
112129
290435
282845
125404
449210
185035
113237
205124
184507
290464
113750
346643
253458
290631
191618
258018
119876
168211
259034
375732
161405
254864
328740
137416
127796
447525
293024
436525
183011
355118
141131
218790
180160
300415
127512
115689
392108
234080
277714
363011
301282
170518
202066
226607
455656
160357
288134
176224
361277
450782
385489
213678
432439
411129
383389
258071
287640
270610
164773
229355
166915
210949
252498
288232
404252
422459
174558
308288
366799
341770
141757
374402
275552
276799
200772
203202
424055
261253
250369
203156
186184
298469
279229
202933
110675
422247
233876
155091
288347
356839
358307
179359
368833
442572
355630
141216
309413
109508
316841
100455
266357
376638
418802
201488
173367
266058
273084
285243
202853
398075
437833
445253
319947
186821
132516
411311
262289
131232
335038
319151
310174
429900
200845
100227
171758
229754
229915
260331
354845
294226
350269
426746
242123
383565
123623
419972
175941
101671
133306
354236
428715
295439
120196
139379
184973
121434
103365
397557
455110
184062
271770
293188
247810
294444
453160
170609
231034
323708
436268
197274
259005
367002
245149
392278
116507
440898
234868
225828
113994
421216
307243
116130
213180
200273
113172
291976
121643
328848
433878
413568
108918
342044
452363
194821
431097
293647
352242
137853
453307
441430
444212
100966
310015
403068
302949
412067
289800
103140
240621
103141
247641
120344
426560
142734
289233
342972
159712
393039
290930
385985
375573
272458
426456
104790
418911
173479
327318
302161
121063
207572
419942
250869
319373
146389
375955
374862
368752
451927
153726
285911
356237
281095
274696
283755
425741
194409
219060
155918
285869
366343
406767
455775
287160
197006
454685
161970
454630
389586
397528
360686
208287
293292
201860
197696
347688
236938
453487
352196
316514
218979
147189
405790
189243
288880
181482
379629
382687
389683
207584
189810
316937
384799
341143
122093
420185
451611
214095
213007
381035
125263
105698
391829
208403
262804
333781
354951
411117
190079
132556
452757
374078
276072
187176
224579
371617
306164
143247
368328
220258
342428
145081
298265
337163
265182
372782
199916
176523
196438
241500
104928
209228
455182
156296
428182
431516
443676
280306
239974
384522
298821
207657
372577
106695
301967
111374
107171
404384
230363
253927
372588
124627
449987
205125
203450
244988
194580
141583
393135
267232
174963
313463
165409
433023
416583
420142
196482
270701
388329
275833
174223
384893
382337
149123
397066
157990
243856
380306
400531
319831
428547
170015
424810
408945
211980
195827
270541
333467
423590
325468
425114
414633
202570
112953
258330
293856
263057
101162
421580
307188
231941
441238
390813
295350
185734
205422
337993
336294
389429
341213
387023
283232
126176
214246
441144
245782
280246
264713
106855
364293
287566
347871
127666
234466
446202
107448
334297
264443
387060
278126
349002
155095
109109
361029
439944
245399
211601
307435
213539
146269
259595
421426
284286
326185
424485
379388
187078
322437
426808
130188
290397
215582
204452
203116
243308
434903
234111
344878
381122
229226
273733
417468
193011
110507
167216
155655
388912
174881
382308
350530
154381
127212
362139
229681
187841
216005
395163
401374
101104
395851
110467
434700
283571
388563
390641
376133
407805
300721
124856
203535
163471
451054
266450
210958
259579
370623
275490
438842
429237
377303
140599
214820
408899
249501
200414
273706
352900
339104
249591
213105
363486
186357
190389
187886
195213
176099
124025
206890
164872
188467
325877
196556
145513
309973
213083
237719
291601
208709
270620
351684
239391
258061
426623
101540
189277
287773
337860
433369
358778
230766
289557
138683
382889
420329
218732
336646
452084
343886
307204
315074
407889
188784
334302
228687
405065
154545
348377
336696
446105
341647
304845
119254
367314
189680
185431
275421
216265
191800
105429
114619
316630
343118
103707
442868
114969
359407
400839
225143
311913
317442
142192
387170
420677
149133
313168
257831
148856
404492
127240
244603
112894
357904
259167
309186
276101
434557
105751
242875
240083
405479
309230
452375
311568
451453
120687
351929
416746
455621
162405
379149
100424
311596
317798
125259
112133
299003
383872
325793
149059
133395
173945
434845
413105
112411
268423
384317
388823
160304
264330
368426
165008
282599
239362
379283
236240
383185
154458
338433
125293
323487
306249
234321
300521
189386
107022
254989
268916
144066
108828
451375
137121
353060
151439
425204
286709
130566
128548
374259
418479
142094
309288
332685
201126
107949
137500
284611
128693
419101
343032
351995
426577
133400
340865
287071
200465
158309
295285
249639
323075
430628
256593
412357
208528
202282
313450
375183
356734
169913
213930
396156
301368
112629
166793
410425
114330
442551
271075
266164
229498
404499
226488
294805
177098
413448
297031
370944
114331
149999
197864
223218
312548
159975
282780
337844
364997
154157
210042
114232
365610
380074
344837
336472
177549
351066
353777
252914
431620
350930
397243
179074
299082
151257
272881
103550
414678
384953
353196
293634
394197
343872
235150
230248
119298
144708
149968
134804
203086
316426
131067
343834
443508
356949
167661
365674
322050
406589
179450
351521
317698
138779
126073
271588
423449
245513
132514
270858
455454
417682
239451
327614
258053
130359
207914
294385
308201
216328
290029
346502
331173
334739
308206
107373
162488
157424
337065
306343
312766
196916
318538
226755
272958
134426
278399
253855
276689
283700
451863
354450
349166
205889
102526
223252
157094
158175
187605
295759
451591
365964
169044
455743
409554
261353
445456
213221
162795
385546
170087
114391
360494
200195
327065
373755
114693
141706
175434
106606
252185
368319
289043
412647
368199
238341
102508
455210
160378
388885
302719
349499
199684
214784
420890
129984
184768
115161
161307
404519
413649
350105
121471
283587
108942
372509
205598
239187
134854
203952
263150
226571
181407
364756
243945
311504
204173
206165
364719
291258
115979
283921
221709
165875
130181
452154
294719
186959
377253
452238
195960
356210
221875
332037
112026
192135
117556
179593
322184
386232
229078
189976
346474
440972
297983
288222
332951
403867
424649
376054
354628
168464
116848
294893
336914
346801
253303
195655
283097
212095
320523
273147
380079
426832
344471
335567
101828
140717
452979
220148
105752
147326
162774
237636
333936
157319
161326
334941
403653
219041
437601
167200
284094
244524
440785
230562
418932
252789
157632
338257
281132
368304
366461
253941
155780
128396
210981
428505
344177
260943
121510
333627
150797
205844
367771
281066
200107
179913
372351
184390
241561
432536
171323
277119
355961
128296
112266
357846
372696
304492
398385
364093
346116
338378
176097
264419
353530
409270
173963
136027
231016
445528
238731
100258
301238
124265
150348
107292
260775
315305
367743
298042
207344
305902
192123
289512
300807
114552
257642
330622
365393
236353
319902
397346
213695
289032
128444
135613
413343
221328
452392
277800
308706
158999
293585
201327
344270
209667
197703
344854
115008
367172
133558
313166
341303
299609
178270
299639
404425
370430
334274
210856
421785
438917
419809
421414
162285
408816
147821
229605
417581
264006
296474
276215
435458
163757
227781
117016
176308
369861
321636
296947
214361
429375
123996
247361
233269
445220
111892
217438
353467
381433
283803
346921
374215
378038
249973
238459
201415
445342
191928
423674
346872
355675
279474
191906
329019
115883
313527
144772
350164
128501
455225
455570
123957
198674
330477
358861
409951
195483
128292
125034
294590
438245
337796
434271
332472
251907
250345
327033
211724
434475
188879
374198
225318
309176
295591
354069
390714
412249
421772
105065
126230
324999
342922
344657
193631
146989
299928
269743
374490
416330
243840
396217
347619
372417
271612
104015
222474
106904
390572
204302
408043
396191
394152
270769
303811
378369
382262
313466
395127
289597
207340
163000
297903
343895
258375
285986
294899
325087
408415
288406
113596
180791
118665
358569
137599
394362
174335
206502
112407
304069
349524
425198
130525
106614
223092
395966
202147
406787
156373
172118
381845
397543
433258
117063
214827
207632
398258
109394
368008
441038
187233
336923
342819
224460
226573
216722
281622
167340
183899
271133
197698
275657
111528
101462
396062
170914
354275
147095
190097
404910
171334
389558
222206
455125
410665
247667
296388
110498
180957
261098
378616
382761
388798
336298
154612
217483
349776
141135
219705
190071
193607
439202
391093
337184
264386
285891
410947
139509
366287
103632
251708
339215
424668
381416
249099
187203
133885
239651
132237
272872
295305
239205
345590
347070
402914
436453
367100
199250
371970
129278
339773
137184
135260
306675
264364
320242
211352
164088
126805
168544
130979
156000
448793
265811
390200
406000
135981
133463
386683
309219
231012
118857
345998
284825
191585
115824
285543
137836
373721
308337
203516
322157
116564
241682
450288
337095
252456
125985
220987
371644
148329
200248
214301
396228
398928
244625
277353
260441
408801
266691
285920
171844
138254
139799
356428
178071
147798
293457
372231
106887
103391
269252
273855
378904
169018
370158
246542
191102
452769
399634
308451
100818
438930
355010
450250
325788
269608
279432
449010
318611
305217
166209
306635
209034
150279
451252
349148
442490
220445
197805
403447
184746
430898
145926
140285
397001
425143
175681
106476
303987
138809
175067
114224
126503
415301
265132
264356
179885
166220
166222
343989
125693
341800
140881
402425
173027
121051
306685
274026
187433
383277
170712
287262
206044
356931
225208
429935
114497
168821
196264
392096
189103
144261
443795
416437
287022
213245
115395
327715
248949
200609
186547
146998
235665
393145
207646
221776
408230
450337
244969
250651
264843
259417
267310
304890
380978
107478
404902
221819
275725
346125
272920
234858
119460
155524
378439
392053
109163
247736
320470
417327
450905
136318
181496
355267
182314
374383
171398
134793
424328
359255
156571
303674
174205
329572
379771
203931
406945
261125
186549
308371
431945
387035
405214
310333
249814
322312
423480
405091
269752
390831
219088
259658
335435
306743
192168
282575
280043
171865
414884
119883
145807
221715
231599
388422
302741
398952
359832
324115
288532
444326
189948
100406
157400
172838
434310
167280
177020
297060
253519
198727
244507
404155
349190
245213
419766
176401
212954
171867
221532
392755
429536
318077
208626
147950
310617
446203
205950
289904
390818
273312
267680
354789
307330
223021
131707
419751
326641
429231
374570
367820
436296
361319
257507
433747
356349
311297
150969
124146
262408
399303
173601
343127
357924
425347
102625
385763
389679
344992
338129
251749
112909
228623
118394
215506
295489
433696
346499
312496
110453
218316
116204
406035
167997
126034
438508
171199
423025
142212
144392
106098
147190
345566
383544
254036
133364
269448
259374
296901
214601
207115
252015
179921
377007
356239
387204
296345
256615
282755
211322
121815
352442
279938
379969
358546
269925
135776
374959
352862
193341
204915
311953
212378
159323
162808
115816
339506
255362
182685
330967
159463
380183
426299
377063
203360
307770
412272
377514
160316
415307
239275
260109
282371
246811
302933
213413
150443
421937
360188
385035
398021
279452
456242
228272
435877
165889
399948
346752
207770
266427
262993
300785
245003
212966
194101
185279
366109
295197
243712
391260
368294
231888
108166
406834
317229
247512
367974
265080
438354
260328
181620
283778
301932
282405
190463
156870
354730
243220
129260
202959
116374
358027
115994
339024
224550
201466
107773
288507
284608
360521
368779
217266
154485
201171
341715
171605
325278
230151
306418
290487
173612
369171
252933
305912
442728
188760
101458
281992
148081
222612
215381
449157
306427
377333
454773
449608
182273
411376
162246
387672
131986
234630
294794
439926
382186
211700
175725
347232
204909
129360
156636
107203
353107
420191
242746
153192
178800
337278
260598
449295
221314
346223
359528
276015
440922
150103
411018
356119
223818
288559
200526
175031
223391
433178
193500
175079
230087
377351
390318
405978
383644
417668
357058
177100
218985
137478
264847
213898
272919
225513
186089
267759
283833
322058
179570
362161
148753
208847
444029
365526
115840
344298
192937
304214
272056
181642
347776
387939
341956
359644
418855
336788
437194
358521
381771
179608
413050
252967
305428
269458
362442
161207
388411
289058
302484
446456
134188
238399
352577
286887
254682
293946
239289
138097
411568
365542
244602
272755
284566
162057
161004
305585
406669
180225
427854
447438
236913
442694
393105
291083
151549
366186
445677
195170
113415
266687
441694
391243
279547
311720
413792
331202
144303
204995
140650
144424
245384
398826
208912
128363
221872
439314
287081
421981
167710
292180
384214
184306
373853
429203
137678
335182
316094
148262
259236
233484
202332
279225
103970
432459
219534
366499
158085
434663
363130
228865
119216
352110
402833
334894
447483
182522
168306
260427
228175
425887
289791
293408
307566
415608
332788
317555
313599
173908
270582
226478
260730
361512
358223
407852
154528
348341
186754
271540
286702
432173
420665
351029
301298
241289
197170
435659
426504
311572
128092
450574
419398
145706
428535
225356
114374
188799
121709
209315
204217
293470
120143
395655
157870
225981
306709
244288
206886
236443
389913
388153
409678
273558
236032
377283
393495
298461
367773
296484
168865
422411
448860
396537
195060
336913
115366
157142
211071
360848
164867
413890
365355
113354
119905
378736
446927
270088
242620
376457
329394
329227
240217
213754
235731
246361
259976
271538
257764
172752
437217
224128
196853
380325
154989
422709
134007
164935
133093
298112
345523
321023
438018
406666
105198
218379
322268
217276
397504
282294
314609
200472
123188
346685
124540
122024
403786
415422
111278
394965
116004
278532
416518
353991
444600
384611
277233
213887
293737
219932
405594
402394
238801
367870
340085
417582
116694
311131
107015
143331
253180
235190
408487
318499
376389
213057
197927
366070
363882
406339
262780
362391
271932
406793
373444
363042
152104
268344
410688
426458
361141
215710
212873
145340
167457
127445
349395
332120
445388
313554
319379
151831
178072
141077
229648
184933
110022
333150
337725
368555
158623
163363
348311
230773
172413
443980
411040
263422
372977
230065
192400
219836
326168
322762
368992
445572
451322
122498
158272
393109
172503
146892
269582
122599
368626
438445
403321
146716
332324
142892
241151
182941
336485
348817
452527
297928
294387
122968
211662
203613
376662
251204
251480
428974
281901
154511
103751
455451
186329
402048
156978
305197
312888
270594
414641
455302
223366
231826
329584
307386
378195
178743
152550
211870
289749
421724
181794
274516
432954
239491
377413
266286
240538
317778
347487
108961
129011
272951
232825
342501
225712
288293
362728
255384
358976
183005
247113
411543
111009
164660
252945
119838
438919
147055
449017
371305
200196
106142
249091
171727
264940
342988
259631
386760
348393
427183
431786
326225
239408
257493
146035
322071
201261
426263
286270
433630
281890
428454
118729
135084
427365
265670
194328
110890
310199
333176
364330
174241
377848
409935
119476
380208
218267
262045
164579
445636
130987
308478
193376
421051
433295
306851
404021
454955
365404
337906
292127
120084
394468
157064
250087
253194
268923
255014
166471
443732
318353
254255
255580
250538
215429
186818
194109
275228
117086
428768
209323
159069
430159
202151
396827
271224
300558
291992
345961
117766
146952
159651
351874
362919
259265
186342
186008
200349
247976
381794
347025
327897
241158
448200
284998
283474
181052
146665
108751
431403
406513
452870
347178
304447
347896
371036
292904
453650
388969
277759
367155
423666
208405
277462
422272
319110
308994
140253
252062
311664
139675
169946
398508
312809
256570
412846
287145
323087
139736
401947
436345
165406
252901
387874
321781
369100
286607
236675
303957
438703
380621
176220
146113
376566
448803
220490
396838
189267
427441
308219
432104
264167
359476
386866
447626
393608
357213
395486
273105
383146
139851
331764
317481
322882
302871
281074
215133
200123
312233
200317
339046
277817
428458
126705
405539
369878
331441
351553
201432
179800
143078
407451
295252
329039
126142
117569
225662
338218
223982
357987
424596
305588
175413
372976
378399
321069
255028
289134
428929
114771
313215
440782
353939
242481
299830
218213
213634
380042
401449
138027
176617
260754
104283
437747
349852
352740
444310
268957
261247
361025
145291
377578
161385
353080
224471
113455
182633
230785
369405
440023
151739
177957
115995
237867
108871
303580
424939
103363
234616
345741
133421
229228
281959
146150
407958
447550
395172
126927
180708
410578
418567
264336
229454
388620
229723
187138
253456
258008
307969
323302
184609
183894
432916
308546
338714
444809
277132
312332
223921
371129
254511
396106
359277
319739
376853
119895
421402
177152
455543
263685
422754
357772
116559
401596
168558
427602
342514
363718
446951
118449
199765
389757
105409
122713
206975
117037
336602
333934
137734
155427
185967
434803
223913
181447
407385
340191
295482
162390
323079
194138
409116
124090
301542
298164
160862
232959
387659
172120
352491
131624
161665
385945
266974
101817
142264
283241
355828
231442
203013
139914
157176
115677
191407
315495
245098
245469
126516
131406
235965
317122
418192
154929
456151
194169
315005
115578
323771
249407
314054
371941
177434
119892
213497
391467
353848
176600
256279
389677
423096
156640
297071
450563
134320
379792
426906
363697
181816
387126
341453
442301
119886
322909
244544
367778
428625
254142
126417
172727
239829
242584
142743
137724
260503
346800
243487
316193
285703
200389
255088
192372
120528
225064
195895
451056
215055
129047
311318
303052
252105
183295
411389
213331
172438
210276
436744
268408
162271
154509
317926
139855
232447
332925
246495
213098
217972
228363
339091
175278
170576
104707
410633
337537
208128
318588
126811
395300
433316
353382
146343
362069
122897
115951
325166
189081
162735
117945
366699
121830
150872
433209
113444
405943
325016
430261
413071
407103
215842
176112
384182
417740
294887
269763
289328
333897
284053
180230
135649
111936
158418
231739
209348
144362
331429
185387
223842
357975
104925
382797
123782
262529
371733
398026
276769
131265
307295
111130
268576
226707
373696
440081
245499
269982
157156
126085
117862
393465
236329
434976
277553
376849
305564
316208
249449
453086
361240
221925
340445
416543
269520
195846
296705
369073
187342
335639
115817
151325
174318
188093
239861
359068
248388
148894
103681
149683
157022
275758
452778
382529
217257
413701
295127
306789
227494
233974
255094
205650
299114
304941
420804
297251
383011
342804
264556
128461
350579
324217
305970
423936
350681
220033
184259
349426
394397
308580
387756
251903
206488
133052
148529
351160
196955
236486
367685
276815
365311
342070
288057
178660
245083
436546
101127
280258
288009
172502
336029
237313
414442
159332
377145
105058
247252
387888
180466
277617
331493
257884
367953
427388
449778
229620
358069
170901
352802
117902
321862
195861
442024
156985
399809
377563
274187
362217
229901
164214
274874
433839
421819
273397
162784
411007
143011
252692
167863
304075
279421
375317
400021
377925
446630
263156
257800
254409
251902
111131
240179
203907
361868
313544
146139
380820
148408
324856
233185
171675
120496
113469
267377
322813
263817
222384
194509
400013
228525
233756
135167
354353
250898
332773
161490
108209
442202
202569
276523
317935
239450
264623
149339
377273
332929
105001
160533
192827
103997
349420
269288
267222
455309
390106
130585
433938
261650
195258
353338
115390
373775
270346
190211
141191
375047
213893
148809
316742
376240
227180
238482
118008
218556
346310
410781
105637
309937
230821
352470
192561
121652
270673
247985
227261
105821
228202
182420
447393
308296
412972
210392
288629
358004
216191
110121
187777
287470
376466
413929
334031
330137
324188
238590
189361
133072
454850
395154
396371
249340
112187
279099
358586
221140
415679
139953
177142
306065
307184
309085
129877
450806
295740
303481
315948
111748
129208
357576
446021
321374
245905
211317
256358
236550
386060
230036
265084
319380
313002
357296
156357
325847
324936
421825
186464
406220
167725
299513
223707
171756
339217
251125
244780
265152
438121
272281
367484
342315
199554
145770
206192
179680
335456
389401
184672
131674
380576
441012
207228
321418
161688
197877
429874
324036
233136
200165
336452
413938
289446
374056
107365
394955
401562
331230
293479
353171
329404
218588
230156
300823
256017
424689
356267
307726
191610
455416
240628
381609
207070
287720
295492
361009
207615
246107
394327
270217
361902
428727
395734
366199
189341
149256
308490
417777
291205
162965
285650
277769
265762
371658
415590
372310
357060
102907
381699
421877
376016
318308
201027
412198
226714
195642
321022
445599
210925
103610
450413
380442
319520
100682
216448
220792
151425
133314
381175
109480
172739
301031
110700
163430
197223
270973
409726
276738
345829
250383
265929
193943
159495
298336
355276
455047
298023
330660
276908
286693
182428
284090
248502
244408
100560
167417
213738
267626
430462
376901
433502
311517
426681
290263
100683
441560
365028
191634
220052
313204
289360
416907
135829
321290
173464
455858
191948
316796
366437
426551
430668
120976
293269
298725
265447
419774
109671
240895
255418
356294
261323
144021
369806
391675
349606
294642
107712
418076
387575
371050
343347
371872
449448
176944
143756
230538
270907
351690
194422
209339
162126
177167
228115
337921
153278
416661
165691
137336
133778
167097
339636
193715
237045
131880
268837
256722
257879
348080
336380
203673
194351
170306
223845
167685
443006
240905
282909
223480
301355
310374
286361
420037
419190
379583
448975
171635
140666
368978
220194
100516
402562
153463
360213
157505
390936
445597
111927
356120
304843
242704
226566
302529
263622
363581
149906
379945
146935
174717
450660
358461
272041
330518
356633
445951
238856
120560
425802
407789
268622
201994
201352
120078
441862
214106
299347
409577
451047
120640
319381
317248
144088
423391
265742
299254
341311
340775
214156
453965
107545
162653
221464
113937
187617
435853
120804
211058
149383
303856
209858
180765
144908
163315
180110
214127
283359
448493
233288
197708
171428
352921
185887
124758
275698
158231
355054
158273
125122
236783
339531
447582
234276
377957
434113
329104
373277
130669
317679
273693
398985
327075
106030
195758
104887
334116
131710
425420
235819
255334
382134
277095
116239
447386
154699
389538
426429
107217
325669
314392
314696
285345
236043
442608
423292
293870
104256
106930
329015
147046
445046
317135
286730
117879
259874
327012
359422
379964
435186
303512
371400
169334
360444
228748
199595
258665
172698
143170
219168
351018
292179
272650
327382
199366
104871
323529
157445
425719
242568
312026
184085
238599
436070
434971
337959
253598
453423
195266
422395
376813
405854
315846
450014
235320
226667
429357
206295
330408
359689
439082
411394
342715
356378
417358
180073
202755
221015
165393
103445
192766
177827
233718
181444
136497
442165
158259
364191
324513
261093
183809
153063
140229
275969
214124
240509
343850
233462
172365
304821
132084
118501
155635
204733
225398
100499
260231
133317
331952
376787
451975
369613
441977
341490
412392
272879
135896
309433
233114
325655
128052
122003
438070
178068
132526
189444
166028
330689
194288
394792
433250
388467
126132
295574
391589
374415
211223
312258
181495
452279
430420
145108
427996
255728
138483
242588
305772
324945
111387
233280
406078
154439
196939
311333
334181
392795
156836
146812
450001
298263
422435
323429
216103
261642
453134
375728
275010
370947
324794
158595
241672
383641
118749
233394
369963
226756
277711
409669
142839
182180
215486
293017
223048
347906
439301
371958
239458
348109
318935
172160
379302
284777
136168
107887
288485
324806
416680
398162
156239
439088
355732
119799
309395
223852
244222
322326
325042
127288
337243
122972
199444
109559
324110
197936
143316
148353
131760
324782
365158
427966
396115
338156
105986
183808
449151
445684
454452
322306
120087
350987
254759
250989
172392
266823
385709
312755
250138
427762
418495
192871
250751
258164
428604
195812
161219
210109
159649
197176
346305
317288
430638
298698
103489
197325
439534
414745
345075
207616
339057
219132
278537
393935
330532
364458
196968
421183
394067
321730
151317
323885
416960
446280
364874
158945
298964
167826
200928
276707
168931
259915
224782
330936
342293
371968
225186
415853
216630
342342
230489
257819
411821
424622
309851
411096
120411
116387
454364
443259
127506
119269
455784
414444
108925
253200
173163
201326
174399
313644
243694
379416
263925
393756
159513
431919
217619
318846
360038
144267
183028
376700
220201
431125
317703
373955
383516
182262
347488
131790
272453
214996
182598
192959
206053
227055
170596
259806
135293
108915
379439
449913
234964
430821
206002
138484
140618
411000
277624
268939
214995
201339
263231
260088
443903
424054
338983
286458
158601
342997
418196
361455
347673
347371
344766
131052
146141
262486
218951
133716
346082
411353
380395
393082
133851
141176
225213
414197
201846
412471
401601
139428
115735
245856
376916
378841
211082
350252
183070
426407
116635
244339
240479
188483
302122
257824
330081
181696
405094
349593
319830
281988
404193
186373
270205
136040
391111
124598
286407
223037
389533
258273
317395
142581
237982
454206
260115
349687
297819
453980
325169
290615
285446
342384
367199
308084
286007
418266
395183
449156
377530
250370
177132
446219
205149
114559
187780
165582
280171
217380
399782
155290
343445
355423
336310
304720
345314
307941
190492
382236
406989
436691
353226
433052
365919
353193
400798
242004
385764
298934
245061
196678
286786
316447
150859
299672
385157
131934
378833
338061
121367
248506
194760
427366
205765
211154
249985
142751
140873
225898
393429
324447
164076
272200
232754
398512
264074
136111
389059
380420
319269
314233
365076
201493
284085
371557
247587
156499
229076
114507
295494
200921
131900
328131
194168
188061
322944
389559
114115
443257
126588
204066
371147
190256
210347
424606
201803
406445
363471
353353
280878
210088
105108
395602
243705
269461
127716
157650
438037
336886
346512
319239
311332
129356
185619
413930
261941
452227
110321
165457
431942
428716
394404
215674
388846
275728
447125
289442
334340
118568
430131
124170
131756
306982
357195
102747
193644
165479
258799
114663
323755
283423
106815
213812
335737
270015
275821
213881
403555
100651
309979
149581
443333
172528
225780
368148
324101
433191
310827
285535
125128
426592
172624
232395
427101
191535
335385
151247
367586
136738
244952
272704
403637
357318
135405
396791
162969
177012
229808
166101
400352
257031
131845
286349
249550
205861
113666
350736
210475
177765
315334
387442
287062
112087
281780
401495
251024
140495
146688
309228
109224
143186
219915
312111
134822
331264
155513
438188
181218
227580
228140
163309
191014
422239
347730
103866
147246
261598
303316
224502
312774
422563
163242
434120
354705
292974
442523
433003
339323
133960
285758
387190
194349
106934
382251
266318
402678
192445
207187
104459
297996
356071
409942
352612
201063
146762
398341
317543
323327
112962
295065
238158
318233
230601
151767
272954
185819
158540
342832
228690
206974
391228
299430
238468
422790
440372
193473
282326
199489
101062
392059
192989
388014
104363
416970
160516
351269
162602
234957
381821
362213
114535
328722
268548
113430
152353
456134
190805
125470
352833
244886
230070
425292
435844
375608
328665
272279
260897
332344
159195
403003
217099
381110
439960
321593
436216
288294
367099
431258
155815
258628
180013
352239
127287
432633
373488
353495
282130
254564
299642
365635
116185
435195
147933
188494
300575
235063
185550
201743
454646
264568
400986
311106
174625
191281
262127
142438
244310
282143
252209
297816
409974
182914
425498
221564
284783
142831
291807
138514
447585
342959
274494
377523
446641
238917
302493
444837
239406
234978
193939
405549
147705
141166
283129
237117
210756
353679
181700
255082
173287
124562
400265
124445
387923
320773
114503
108516
418625
100831
358107
233814
313994
376560
406740
424086
257534
170907
387499
129276
389162
327658
166064
324525
409106
298646
252311
338312
405273
205980
249239
275874
329759
361619
420425
297241
258604
287800
268627
173912
449929
115328
194693
155370
199214
178797
140591
432717
235789
406438
367816
149450
449173
343181
451434
398322
342844
170836
296622
307488
397756
130356
264622
351802
208345
137851
139583
243598
175395
438279
146684
300008
312705
381564
357785
194763
258147
420048
163616
158376
412964
313960
293835
381933
350940
377976
271684
317171
109216
201905
271687
405473
438789
303274
243506
234450
210072
342909
120835
359850
354811
243132
315113
208429
286227
249121
439362
361004
131957
336941
304389
361443
306123
423351
401129
307237
443398
241661
357030
113856
170220
374706
429167
238494
197127
212642
110872
401468
317583
305264
126043
232884
165220
338236
309672
336201
354713
133264
364153
400120
236025
361329
273886
210433
157073
319204
197659
197139
455928
281725
394367
108785
197105
192462
325990
390118
355568
373340
313659
402895
156280
189920
234839
208976
344567
108949
111191
415198
244017
228433
309273
193532
249602
348435
218184
305402
137421
350197
417592
272349
415787
236247
336459
300829
152829
179667
451968
289892
414971
217448
254006
450362
222063
231711
204172
190369
204295
254509
247528
290785
244463
215930
365019
285281
111284
177221
172596
195310
303140
387162
251835
420502
157670
365883
158964
265361
186816
450746
412697
266084
192813
317495
397157
259829
393288
110672
354967
317037
221563
197359
256349
136679
203473
291681
396874
235669
340908
215053
162239
385729
212809
342410
264730
204134
250476
158570
361112
439842
222719
139399
136623
403161
406036
444346
332964
293071
425809
394709
179152
158743
455738
436684
390401
430457
281270
214134
443954
343204
431127
148182
429155
378205
272724
233867
221968
400293
435532
296475
266405
281933
259142
425847
326152
178715
368051
221418
289336
312329
245763
366377
418518
411917
303574
201434
148412
227497
387594
252097
407016
266794
220286
154382
347089
120267
108797
311966
379710
130837
353929
202708
122364
306105
298503
236956
213259
141334
353958
146568
172585
257347
270832
440203
415436
229047
369053
453622
106029
448296
417922
145010
155601
188822
133015
359249
252893
141257
216829
396669
436939
360108
282554
342242
123731
430901
437822
186892
132308
366658
343574
103160
176223
408562
411643
375679
326151
438982
140811
349200
184454
418801
143583
377985
333474
116063
217720
160159
204441
249754
284725
188584
423920
444194
416601
173000
138875
352183
400288
211818
256696
433667
224351
198816
174476
240522
403745
366012
245539
416479
407430
166026
387383
208388
129420
136284
358187
294260
156666
449350
128561
283562
228540
450760
297818
229001
438731
127778
379609
436860
204386
287930
337020
385598
263719
263713
453495
257598
249420
357931
310273
432762
151431
194805
372330
381725
365720
163753
281102
351156
315316
381943
106012
424379
378231
345785
246534
434794
211084
414264
174018
110426
344245
205305
111023
342632
212139
270672
425242
290382
175643
453060
202358
182177
214718
448517
175243
307847
308515
109274
400297
181241
442514
362427
202082
129624
272333
303289
336811
204324
173792
250666
149578
281698
195180
416625
341331
299369
402374
214605
247864
435831
392733
232305
106246
357354
178328
154344
343894
299373
138272
324037
233903
278005
257042
121315
372470
346102
407963
133746
250916
290239
110155
289977
304371
355635
421406
149408
349292
427832
295994
257619
443493
204610
200607
266980
150276
259730
335219
311796
439517
452120
111632
316260
146132
300390
377799
228585
227432
434388
122982
129599
291285
220540
276937
260240
236316
344495
312403
197784
361818
173627
350967
130190
195556
120531
113821
138885
211951
222232
177949
404540
432784
289219
219557
356810
285619
346068
369395
239208
211386
189271
406398
189003
433545
315128
223827
415060
177994
397312
265847
189724
381552
440769
306887
250333
325160
383032
289620
193153
304772
401300
251319
128765
183834
275711
354051
313370
255748
108888
386185
398686
297325
374663
327424
202650
188312
239114
190821
227899
290604
301022
355061
126644
195493
406493
402539
189057
451217
303107
271335
131051
168259
256298
451419
380459
423599
430605
409107
343796
223872
332013
385803
288744
313623
198129
109323
175141
165512
229957
166462
422684
247585
407153
265127
282672
175368
316219
150701
417470
400922
450546
165595
294761
157984
400222
243883
112220
363398
303693
173991
368565
132249
295302
257012
123776
265308
448552
178249
158496
406847
153622
215484
231639
409973
123779
333296
334409
324306
157718
258121
215592
409706
203050
266709
328466
107089
232406
249766
150375
337542
347235
316965
109068
117965
453417
397404
118573
310947
436997
186583
319369
440419
316398
255787
218039
384936
144997
308406
199373
324428
152645
451044
201305
191633
364833
265252
411340
191645
261350
106003
440173
128110
172964
249085
243086
401371
109575
351084
315142
228195
363692
110422
352505
426486
266608
307431
128206
387670
167945
136693
143830
144221
290051
446672
373771
450754
235145
296351
302868
174406
179271
224173
228418
212321
263168
171347
283826
450812
207760
417178
451793
194530
345752
366246
121193
135222
111190
246163
337728
180104
420221
435847
110152
189265
447906
402190
234449
381132
187134
348486
100315
399314
352305
329486
218553
453828
206960
242700
155430
135869
233387
219726
205176
443668
448196
384817
229616
225896
389611
278105
336420
321712
126441
328773
263386
426239
356769
427560
376475
200090
355289
413969
127254
315353
443180
151048
104115
109302
288047
206755
101489
183046
316196
247573
368499
266772
191368
289029
125406
245051
333492
304818
411281
294014
162707
115981
302789
190023
381884
118329
281600
228828
261114
155957
376954
144562
108071
131511
362050
354911
103922
398747
278441
323159
336429
207668
160559
147379
103587
241134
232936
325786
201917
226736
208565
415582
171066
211061
189046
297254
108508
403175
413569
244264
436271
172840
339854
223795
448731
225288
100728
132631
320351
446705
262294
162897
299473
253452
413226
269496
224052
228542
238081
100898
388345
404820
199928
262890
329663
189636
123603
448156
119814
221083
157325
238296
293787
299713
289555
368165
143307
127552
279538
283513
280302
456135
384894
325440
159888
286070
430935
396050
101542
353581
312250
124218
249884
437568
157250
160787
116439
385651
171063
401994
307559
417239
306028
147970
361078
360226
321371
102626
309128
450998
104240
439650
391895
131371
313423
311038
277480
218299
449703
336875
176707
206942
374396
213175
223084
272506
321002
377742
332189
246016
189060
108158
377825
205667
360639
287415
348701
199555
347640
353191
159038
432074
144672
291148
206376
406533
284139
213981
290878
298726
287999
115939
182482
351022
165303
181948
157009
427872
273263
452206
167017
273911
392902
364208
275743
324534
409062
390502
292994
399587
148280
357042
178161
302416
224835
203649
449054
152896
349498
354259
182083
140193
311097
242545
383712
308237
213560
242437
273971
258716
319599
150682
281596
185217
416340
188489
167082
173986
155414
438347
109512
132518
227984
239545
435554
429635
284955
292873
249204
250801
343131
442077
111105
419458
313601
431802
218642
105190
229110
326073
454018
303440
309117
418367
228057
276638
331557
391029
298868
400397
375529
134204
332430
380710
138188
274128
139424
300127
375466
253062
126835
338956
378699
201265
299210
419136
413388
311479
416259
253700
311217
232427
225632
310896
327212
135308
111520
290181
184967
403480
184719
361671
418569
211858
104099
407734
178474
439552
135559
145718
137716
304315
379541
188408
432856
237088
200816
442304
319518
316834
228031
436317
118551
293929
353430
214557
314039
196177
238900
385386
395550
152114
396581
373470
244639
234377
304579
152844
421354
171208
264959
272162
265226
227296
208895
216898
420605
366387
103209
216610
219615
109227
321748
186645
131238
209062
253195
327782
374925
156552
250995
444922
239383
388808
367703
364070
281687
342152
132840
233769
340560
297142
213309
253404
398965
180153
450153
347375
372827
222011
184713
343673
198489
418910
316558
328279
128014
105972
344637
331155
179141
112518
169238
102901
188368
266917
248864
112599
355969
352724
191239
442244
302079
187020
131339
240210
284585
115911
230851
260330
170062
132247
104600
162408
281407
261693
303099
343529
275284
344321
388971
360325
289651
426708
378874
131667
105005
447495
280281
209419
312170
101250
133521
249102
172194
329910
316140
176570
341299
294986
204605
323023
129784
310183
205900
357394
347006
159423
382418
380688
273640
451425
184724
334832
352726
363051
302656
274799
454863
235419
228410
335393
277616
199294
141294
118404
452755
453298
253436
197403
164600
404345
244369
111522
355321
160187
195535
155422
342735
216959
156912
220391
375958
401143
218653
161153
422450
178091
256521
101227
173897
438617
455199
350546
387432
347305
454548
185539
358652
219256
188351
353415
198362
438362
357494
162452
448608
191016
146282
272370
127329
397933
384468
206923
270772
276883
440822
197702
237718
322702
159800
275875
303913
105545
246608
126297
328877
345576
275796
303863
378716
158704
132123
112633
235404
256352
131414
184602
256038
337427
202495
385641
195383
127161
315576
348863
137155
227849
190936
142705
242187
319480
251915
415507
166628
319101
119851
160391
166894
105723
177737
308877
256839
352134
453536
288657
237376
104905
167614
409265
125198
443209
268665
436670
268575
273839
162789
277982
167435
339133
268188
292502
291908
135509
236115
318154
105867
199245
408656
358566
165631
439802
328140
440639
300569
111686
431111
384368
406676
359530
390395
407531
395928
358509
231652
274455
237890
306451
384852
131967
309277
236210
154908
432427
271046
283651
358814
400040
323397
234157
257282
164657
178437
411553
140516
334157
258251
294516
436938
413906
437056
291690
192459
380377
152521
308077
421995
343826
415250
155092
449138
233547
161720
171696
165974
348111
301452
141785
191047
179911
111382
395329
306312
131560
158358
113698
332432
113227
128324
429106
404457
145310
188616
439922
405998
377123
151553
312074
355103
422297
210056
186381
173257
429507
204680
264561
129296
156039
156096
256522
438128
359323
254847
154538
126934
245417
125860
272688
175920
250987
210920
348757
206967
227877
415990
299518
253758
226657
441421
163686
142116
350185
209252
456255
172280
415047
160005
401460
307725
270230
358522
417011
171454
260313
154900
225178
316719
410676
278962
215283
420246
329492
273055
209812
148797
390163
456201
106483
171878
269597
218470
277476
243405
140558
129234
149638
160925
215841
368516
439283
318459
220723
117729
171207
107504
183334
164220
278842
260718
145116
280942
134190
242780
269929
416028
327591
355804
315401
151368
426938
305239
281293
118244
172654
111047
212309
447109
103344
199500
220905
277636
377745
425799
294307
327143
403513
121457
302118
230304
128174
377877
449782
180133
173051
256305
227584
235070
229345
234538
107595
403887
324359
128128
375947
155178
191930
433610
166223
274407
201312
438454
195284
352377
275700
415088
366097
287828
339309
293089
413591
161123
182902
114412
272831
138012
251610
103501
454632
434343
183775
165370
370241
424388
277369
114995
376567
342839
214571
274395
300036
118201
276965
124967
107499
400772
361389
101590
163767
386914
417132
261262
185107
312343
238841
179516
110831
432044
357491
124056
427975
341905
314399
404366
421042
217916
284589
139549
188967
383292
368069
352480
437897
245465
386453
289263
130639
438179
302451
411595
432531
174494
384566
134848
301153
439452
141451
291329
264447
398489
250034
248749
343417
118320
379334
313770
440029
128802
337478
390218
432261
118229
245419
237077
304135
223992
262192
303985
385748
175833
268723
278230
287797
210068
255743
305714
343951
203504
418391
395606
270707
194773
130643
157388
331111
109198
274002
433110
382019
308073
438240
443299
202711
196933
451409
179308
134863
193537
385822
115780
174157
207080
212550
146250
110785
360441
383625
306734
355587
363664
337801
334988
129293
363767
416836
333818
368900
241907
202362
181719
200500
141736
424017
390165
349659
219813
314984
370501
378362
145046
251247
252969
346434
403871
349103
265479
145776
187904
291289
209114
365094
305093
192286
143002
250417
110885
435900
396935
451523
381262
453491
277093
247937
289139
227280
320942
146217
257756
228118
363430
390995
424535
264305
208164
116887
260011
272832
309893
286323
373835
454384
254369
400756
246334
184481
125155
424925
107396
330011
262738
405300
354471
121983
263511
357028
236762
118410
163407
221232
441301
312492
363083
265114
122933
271896
200804
168160
367517
324619
245620
108580
178256
389752
304191
124576
450168
137385
160473
359491
322906
165194
242971
214673
236659
386718
190487
411325
129516
242489
213885
308797
412848
302652
326154
376455
183703
244193
431085
340466
123625
304187
350561
439260
295072
406771
243107
214350
314656
236368
292292
161377
371751
265648
372524
217409
442782
117314
354082
306424
171954
181129
243285
172344
170269
224900
293360
231613
435605
447872
431696
323274
372327
433659
154383
265786
312182
329778
416613
218157
425284
432636
256619
382399
310506
130247
114373
247423
326936
119390
162809
184504
364100
384031
332918
406745
232136
392215
379743
246238
102899
119435
137766
241840
359317
184495
337687
155734
132464
216514
216291
243885
345485
142146
258607
120392
437349
359129
246528
275227
385375
124158
195661
318457
386541
366385
446793
328357
100731
233043
240656
122777
120412
131043
437707
355694
453512
352915
297228
436905
248895
234178
106640
167344
413861
334716
438671
168843
335437
102972
416786
281038
243911
309631
311978
277915
239583
227216
342492
122915
162771
331266
195694
222065
202874
341979
110418
261030
376419
360391
359269
370502
332488
224125
143225
399552
116690
304947
123866
158749
432825
179892
345361
126273
297059
138709
276017
360127
290374
158449
256120
129997
155881
353425
389344
154331
178877
198968
124932
446729
242333
189462
442397
394773
390618
349534
246000
418921
129504
440742
362218
254001
366746
376696
219044
151458
233915
328841
356276
364449
107831
334370
443831
337960
193973
366600
442806
210097
228883
164415
137479
184396
218346
265117
207658
278195
406001
370200
427721
105855
394044
400731
208343
243425
109679
442239
198107
451139
129836
420427
200146
272268
268698
253174
327500
152487
107756
418165
327146
435797
453080
308741
179428
390341
105951
435986
398411
185248
334361
348142
366456
244247
275316
125936
378655
363245
443736
252950
417851
340222
207220
408300
413419
205214
130493
180135
303275
117226
439568
195388
421137
431455
337250
218894
179626
239990
160633
403947
405358
215943
246434
228850
279638
430036
100344
203826
427829
410695
111147
176133
196215
181210
127305
304346
271876
446654
213828
166486
353126
116838
121982
439895
149304
145126
369388
351047
188219
274601
271972
105866
403088
212388
183198
289362
260813
279415
177006
430670
146321
448154
203645
198016
371443
135777
396576
433790
414220
380491
235996
361156
101926
113646
214558
158441
361840
114901
407847
257489
347392
136157
230911
348287
