224660
390553
245277
302392
181961
356269
291912
119092
297788
280812
283037
325664
163393
257851
390345
193025
426826
230533
307719
178861
160875
245084
304325
372539
191204
346726
156106
416061
380577
359166
120594
113825
213607
172980
230265
240815
284306
397731
310056
203509
114354
257024
209070
455792
140912
368687
298029
121532
330610
325898
276579
262899
216972
213382
326223
429776
374961
265189
254484
134693
358375
146902
257582
253309
403677
346650
322708
381066
424907
142374
413507
394552
454402
360839
334467
142471
237922
388268
314059
145614
170485
124083
172988
116542
263173
257658
166431
198684
119372
238829
232036
187562
100734
263128
431959
246119
312736
266744
143416
161265
384383
293760
442756
337156
317199
172901
279440
156229
441654
335494
161731
269898
274447
394500
235755
399250
394187
292441
156375
153608
161692
425273
159264
165349
340268
402084
434975
143071
122719
413319
330247
110524
374192
394031
123864
303809
184718
208036
413909
150891
248178
440778
307873
222633
294563
234981
323200
119589
392125
298415
379244
269908
185078
407066
133535
367948
207582
144058
101007
204543
324847
333387
423490
298008
242736
279048
274588
247095
160004
328839
305680
415405
288984
187887
396486
186958
219685
412109
219602
333880
438530
130679
157478
387247
358975
156250
422442
225290
235646
237734
287798
290654
412514
400068
446871
350726
355510
377294
149745
313552
404201
188200
446470
414100
234108
321925
321339
122187
159934
112613
232816
173635
309051
210177
255136
352663
260980
280718
137791
215675
262476
262897
258509
263055
171174
347836
339368
392009
188363
259888
348160
418207
412046
365229
420604
230975
229006
437845
393462
319587
421462
276899
309995
236603
272582
209276
220015
159745
193152
404420
109546
139308
217802
425097
402666
294442
158607
230565
193164
382581
152987
222273
419686
305458
293650
356608
278406
308352
140958
184714
132261
385890
169357
356574
360121
391837
112694
174882
247203
122865
201383
152935
205400
362299
318681
255180
168565
333890
451588
171336
359525
398551
192881
345926
122928
346172
282022
271424
177209
192604
183267
242918
448394
211543
124748
260794
326153
286174
192321
428226
142523
173660
262688
227788
164522
368512
352419
335387
447503
188412
287132
377665
214645
149737
153899
246379
429859
137118
266243
425470
397062
310108
179421
213939
156337
453979
315737
291219
264480
424288
146130
272764
445413
272222
196722
308567
300547
431800
123407
275143
141117
416322
354240
299538
143827
384755
369237
400959
180851
397429
328321
398820
442287
446473
183978
227451
397670
312171
117971
117700
446835
300353
299801
147503
360113
121357
357813
143022
419721
333828
178163
114696
453745
142326
411546
154734
415667
216534
275814
180091
255446
204345
415621
254451
144217
285706
315828
336358
120364
441469
373957
362792
410515
198355
424425
385875
227694
264473
420951
105566
173441
351266
117930
416607
452881
276766
111080
380813
340493
446381
207295
332514
382106
311871
312628
313234
209124
113722
420418
245379
350030
202297
395721
199236
247247
378696
134589
171356
310978
387975
429580
111001
115532
349317
383742
218084
312000
450730
125545
261369
409911
331760
205198
433858
310748
143311
161446
329549
454254
366647
277719
148620
266311
370633
325182
209248
440961
217120
105707
298720
441393
277471
335150
146585
149645
119670
124098
290481
238962
206611
156263
424824
382614
324684
436568
303452
323769
232546
130448
386684
411249
445430
160676
172920
235131
115797
398001
289077
117914
416128
161867
113386
219163
269876
207803
305739
326996
169274
421522
367009
415915
186332
405588
197599
321200
322897
406303
445191
278131
263255
404629
394504
310164
166659
408842
237028
444918
295447
233608
125726
417158
408566
313988
315881
299803
270927
121892
275487
388407
235007
394257
243188
268910
257383
156380
395749
455298
456072
278479
415249
368768
194834
266733
362573
199875
374676
340615
291001
110887
376996
370178
202980
228873
389119
413332
410255
268571
200022
453671
344180
219839
125285
248553
378126
419432
289887
211821
353337
153629
225083
395184
397041
386084
138145
283320
376183
298486
108117
211251
277574
401998
287037
290037
421653
262447
265846
288081
442150
144989
200513
361535
444381
330752
229393
309656
437022
330956
154210
396003
138685
104795
325431
187821
151037
109708
119143
419091
261861
220430
213894
424902
450942
356040
332211
104468
124624
335691
243724
203802
442152
440282
179847
313889
185729
378593
407079
343851
223627
163718
387203
329911
399789
333361
290934
451763
389373
432651
153978
264221
357587
289591
387149
419923
196803
422487
257457
177953
196050
403522
116611
229991
212715
150237
186253
452213
432326
167117
166991
106304
219617
179232
424141
394246
451303
455595
194203
354593
152528
103834
153506
265584
282040
304107
274937
310890
169551
283758
443182
422403
311726
423183
171254
348269
160275
194378
102314
109556
118373
442415
264718
253074
338191
358437
409634
202925
130298
351918
392452
390789
201441
212157
337515
368055
408073
161109
279394
113232
217593
152577
340190
127760
211030
331812
215712
328855
215780
145823
208971
364672
101881
154262
206556
228317
255626
164593
422853
221115
283441
437103
344743
188304
320932
145622
445967
181003
357754
333026
356643
447162
344188
317413
188717
396619
350873
176697
398237
257555
160207
289251
230068
437873
408166
428788
359445
145092
454572
290802
190471
203338
126930
360167
176122
144813
236471
218011
385071
190771
206172
427968
182362
261341
307477
300827
189703
434397
314834
432644
273928
367371
298897
352716
180506
173584
131212
325207
262570
119871
430822
444805
422973
129027
268644
319202
147454
433917
379030
350305
273070
145319
414556
360062
301744
350835
291081
303460
153711
353624
436728
428847
376792
144693
417703
391566
228832
152418
282107
279668
371853
390580
199977
399442
392790
317088
214580
377777
130294
340438
349377
328432
149438
237795
155685
140025
130915
358114
417474
147025
312954
200167
402538
384580
375025
228026
133503
260951
115104
334528
360671
225790
305431
400984
286764
409848
408610
347230
150833
426912
355609
271084
398633
149556
445870
355979
315773
189131
420563
309142
306201
217100
150658
100119
310157
218774
202157
434303
129564
108340
117441
193048
414157
119795
137386
115892
435093
123392
374678
453081
309188
236761
227820
128663
123377
442610
247773
311075
324343
135120
290443
132131
200360
417078
270368
174436
412431
157811
423744
337762
186727
378775
430848
338760
256720
368825
216347
140511
220669
265541
267915
294412
152691
211841
122428
232394
211226
413639
252884
212111
178880
405386
193116
448774
358796
130480
383937
256867
320950
137283
447459
396244
360661
104229
162925
265256
109122
323366
209325
168050
113524
262642
253582
412445
134753
250753
420405
418707
296840
122171
191172
312500
249196
426211
177521
244775
247124
143163
436129
363362
153550
229917
137153
408978
431986
141567
432199
270860
269049
392279
136164
225653
330958
441596
103510
136316
237039
452080
139148
341377
237586
443208
377139
328719
289782
423207
443713
441076
353746
319816
404782
332336
207890
221612
250803
430273
253281
254851
187661
282362
283567
454251
200302
147481
318658
368361
445723
143185
312438
314937
118129
346268
270517
430250
210849
199103
390409
252395
269032
262718
202284
346177
306393
321067
225432
260392
400349
346788
394312
438503
285481
126917
259080
331039
305891
189630
411625
396783
396840
427251
319398
104189
282725
428066
293000
437289
328916
238111
393732
310269
335759
232345
433422
253987
348889
171045
302874
410747
184381
287268
426256
392291
208029
169889
452372
369804
426237
268260
455518
371212
350091
391824
339532
191340
301533
179007
453123
181037
121653
433758
165673
131535
240986
126970
355430
363507
338413
134298
140532
259294
264794
322029
199551
101899
167620
402651
376034
109774
413505
192577
337939
411685
391739
427339
311095
197392
292846
356293
355562
113927
151937
320804
232147
353065
204030
352891
169922
292504
315008
101771
289638
274104
346331
293197
451780
198594
226825
107480
292145
362863
312150
332672
284447
358807
312050
404584
420375
447156
310993
268810
279548
314784
313302
295621
337679
134250
296646
362586
331560
289218
132782
226453
193391
233519
398972
285054
210780
304681
287565
221695
133989
426972
101263
189903
328087
362105
414491
132190
385467
338683
297980
363883
273533
244784
363349
288723
206333
355242
208762
316284
434186
117409
345327
242937
260777
122657
223619
283533
296929
298727
254254
149511
380193
446785
239723
318290
102176
168659
296462
421131
300980
103109
440225
146926
394209
238275
452184
315845
381009
417086
397855
327902
210902
390153
267118
237737
388740
267834
292979
357962
140571
278109
180950
202312
229126
287134
340148
149132
304632
335988
114044
453497
418662
438164
414019
170510
365418
130000
105830
421748
452944
218683
244182
296389
282978
402023
151271
314080
293389
162806
413773
169011
235975
327374
277384
402704
394659
154275
397254
189584
120766
414188
156475
361898
198139
301172
416817
154461
119156
365920
362263
110802
351776
103777
238559
293468
195279
304195
213396
228434
182346
327205
184895
369880
372530
238380
274616
137517
337902
338929
251887
170047
418992
271981
382376
154674
436215
176542
236029
177958
438583
177439
129980
291611
228903
150344
274259
397443
107442
200579
169784
227135
266025
391116
312020
102109
251304
247887
386720
238606
366648
281040
372277
351043
167456
308238
245231
391897
260852
401895
243771
166267
192078
316921
273936
304787
144114
327643
105492
367992
298615
167023
120283
152850
435680
149433
363203
300183
103431
448031
124487
283944
370584
104185
131523
101699
373855
351210
400681
313594
269909
114728
400305
170619
292455
127487
331486
295864
133207
221009
214843
169308
444077
170583
223401
178075
161717
373785
382816
141827
176846
335030
201012
410056
444587
191694
103921
307214
319004
302482
272885
360214
339388
208481
321485
403171
437279
303908
275746
340914
451796
432295
117121
394104
437767
421451
188218
441379
339815
257274
242872
310630
137983
323449
440959
453173
147917
304683
360416
216973
271176
364395
100026
318724
440090
155299
428601
215919
206217
115908
408114
454999
117200
224624
171534
279785
333856
447631
435674
449497
437389
406478
366179
378382
383495
180642
218526
381445
271692
130345
105465
313962
440274
140219
292535
269959
267962
116178
313124
453812
264939
280985
289695
453787
300492
292791
287614
131726
205376
186032
386887
172564
363742
448831
160475
204546
246949
310585
141505
309220
109982
423692
209038
303591
172414
153389
127515
311677
285313
266520
392663
255375
322027
245283
212746
391540
113955
157317
113526
395054
290518
205377
219894
351811
104427
103973
322981
341719
214133
284019
217193
108687
121141
442349
345568
122082
421769
387211
338858
102487
387855
377440
249813
296733
413180
305030
288439
362285
141223
216157
397192
415404
187860
218764
353276
210453
318713
233949
117412
119035
411097
356300
352527
293732
177465
405504
336508
419025
201127
155788
418808
235679
278598
268755
442659
275247
412254
380001
100529
170182
138713
352253
138939
417951
323293
308405
317948
123405
178475
260653
268650
298797
402861
259493
261616
216945
269457
331301
376723
255655
272189
126465
310740
257804
129912
360084
342867
214368
334662
372859
226013
206896
348944
444905
281555
215673
254103
237179
370617
437850
122840
186396
300733
439785
128837
185679
126877
344922
108736
238048
351051
103739
254963
227797
216879
271589
236971
330947
352882
125291
323642
451642
329307
153552
435672
218754
140956
439282
153158
244564
327586
316227
187642
284935
144428
114194
249413
430165
270433
164380
110215
414325
404688
405777
188819
327151
226996
159715
349871
172985
209771
114053
416654
206822
420181
448745
334588
279818
109693
448066
354318
165958
256979
171202
233693
311428
337497
427754
119370
329374
235845
197462
215568
314431
228068
103829
349932
139388
273878
224334
275263
278876
428033
366943
395891
221543
281767
215902
199722
286359
409400
395938
439284
246959
448520
123901
194654
268358
430840
190391
299147
115870
342592
372518
155409
130038
138950
397485
220214
320604
420391
260239
405264
194102
232092
361700
363112
455195
237767
280753
270703
357695
110146
246428
321996
156305
140732
454610
322600
235365
343966
278183
148138
239469
413229
117334
247714
132177
201330
373344
450204
434551
313095
416602
291714
301696
154576
338045
358506
156458
107551
192249
111418
119015
231426
452911
421000
210561
442329
128118
380803
164697
408909
390097
103148
305486
400703
215038
104102
353559
225718
441195
365502
443568
294470
422348
335345
145612
166242
340496
133212
307389
382664
277350
289264
322956
291816
370398
283675
143668
145544
272396
228244
422817
209866
264630
312347
385082
287907
430918
187068
144027
320921
237579
322014
200820
438028
108747
392952
273909
218559
307665
280119
345040
184659
122605
279349
232896
254719
437049
424140
146325
388442
179042
442291
358498
434025
389210
170099
137024
118577
270728
122490
257889
347601
269598
356358
208306
315930
120622
138712
151200
100412
221971
100736
176113
330663
386697
322607
308568
324004
260107
393390
117892
267504
329748
413422
224295
373206
335838
193693
367156
189717
120492
175104
263320
439329
429470
386111
413500
255019
167214
300135
395563
342169
423422
454133
441590
247410
147896
152793
241703
196599
361973
435779
273771
344474
321308
143075
338820
444580
163198
401392
109684
193737
310889
406981
110947
396675
360968
303209
258557
184682
376683
104142
298772
301280
124701
424426
173813
262474
387388
271171
170031
152540
294267
386875
206487
130103
455612
359640
370093
101585
301100
394053
267720
191690
301736
452469
425315
296401
451887
382313
179096
356645
315141
386604
435813
333663
351600
233933
101445
316799
216237
417948
170785
287827
190598
385980
209676
446097
393425
319618
351751
347417
454996
239524
295481
424445
400793
398419
369175
229265
376797
244638
234315
293953
160661
405189
256747
270687
318566
316596
221842
367973
161862
390185
309876
291454
285854
391580
243612
147321
383370
334227
196727
330138
172889
145765
255972
122729
455523
429514
372901
301708
367824
429044
303651
107612
417505
286571
307598
224597
359942
181456
391877
182029
446178
403296
165472
118356
274677
312307
366710
130461
439359
304723
189421
233408
135800
108904
168122
243622
398990
399822
356992
264149
343544
288665
153331
274513
161294
389111
309119
411390
254971
166257
162667
235144
107263
341393
258769
400607
233628
206893
151420
403489
353507
321984
120299
182915
289241
400029
393760
301382
336028
360928
136790
367205
412323
357224
162382
438690
352597
138671
320491
429240
104708
387675
114884
183914
429186
455206
165418
256456
265484
299498
452606
170368
287616
189973
275374
250602
267185
353802
223674
399804
103003
284748
372005
345446
201958
453239
229321
201869
143150
371105
151921
295142
201607
407626
288795
225241
265810
201042
338939
245123
380413
281335
343663
322873
420222
391104
156318
438536
455605
125222
295310
135045
396241
160486
268889
275233
421956
126129
420803
114529
385602
101577
364409
265639
332245
281827
179895
399978
211493
164085
355830
123054
157346
380330
134309
176832
310347
401357
128832
228218
343478
377847
140156
142608
417334
150847
243956
141416
195925
399356
259376
141299
205717
284130
119034
214703
237137
437670
190041
201514
381638
377549
239675
443314
167030
236542
147908
166119
259300
240508
338422
317883
343778
342401
399749
162444
355249
239684
267668
378029
102040
200371
244088
426634
411992
189944
284162
165694
212436
412701
358845
147241
159047
418641
219204
175092
155854
278839
304785
108627
205387
287916
126115
350187
184050
170153
231515
439151
341001
254675
146851
162769
149552
233786
106333
111755
379570
234900
288640
212802
139604
180451
235875
271502
241173
338002
296978
374920
332843
124152
212546
300326
256679
327234
283890
244592
209996
173551
119258
159947
195894
111785
229306
294787
111324
198737
380548
185266
404010
438371
206594
266148
212403
245474
409452
392683
347687
254809
262224
259060
180279
345594
388098
384249
364922
101524
283160
450330
435050
351199
332195
137270
185921
143376
241765
268719
353677
183039
233907
246897
417036
245110
434389
374966
349898
183880
446039
281090
145795
217368
447179
362522
395920
294242
128011
197407
428442
429962
234081
446400
362513
146978
172530
246035
303079
250816
369275
256845
326314
135870
443563
196541
381293
394730
426282
410290
209589
311650
411441
378829
351378
450423
396997
259883
288320
446500
412828
380199
199806
288569
127500
225744
340282
296577
261303
352085
149162
333662
290343
159331
250265
190143
237810
126164
145886
348969
415992
363843
337425
145342
401405
263448
119352
206653
345115
420462
239267
186298
176235
164987
348867
346787
426147
242128
421643
386354
417050
345809
125044
156662
278022
266981
289284
247467
372900
385429
297748
113748
153453
315564
240816
255241
435253
274491
237435
386595
317345
115710
321234
352944
416098
415435
302262
401938
121421
212498
433244
235212
147594
304865
402055
133327
306446
184397
366122
294188
326615
398069
109838
391055
178793
220218
120371
272869
100448
167818
381135
313260
360172
234156
384285
148839
435358
292608
211116
327066
117834
406653
242127
453271
187656
343501
275676
323054
296342
267692
125516
322945
361563
250642
432275
297893
411319
195537
375866
195589
360969
175426
224185
337645
157326
307358
429917
325837
410335
269526
295192
118438
279447
385781
385194
353181
354433
360460
245619
365572
306844
166410
266389
132280
167538
296110
212273
127414
449056
220330
350001
350961
307347
309615
134526
228151
356435
185400
285968
361247
385892
432552
215565
448537
155319
354356
126471
147310
424607
401471
146018
347585
355229
244367
369779
135722
285429
191363
239849
342694
396289
148349
258972
137709
386024
433086
252150
156632
333029
133248
124601
394499
186068
122969
221882
387202
294166
235127
246365
212995
415391
391018
355824
214260
358250
377484
189301
316130
128279
275398
349215
448145
375575
311258
200911
219605
138478
435224
341142
257799
373443
424025
436694
347965
189658
332850
410288
404990
343847
443811
448540
394521
195698
214100
360853
438379
277429
230245
220413
376919
328387
419343
361817
192132
174328
263975
265045
421635
360632
182234
349677
211898
386088
180301
369907
169115
393639
259185
424670
336700
219737
312083
398180
299466
218402
143123
138607
183851
393147
142388
151552
295926
327365
154446
433775
316331
371466
163166
246646
116386
311689
180927
357269
275447
229135
237320
213510
321604
452405
189350
358355
368091
168813
333888
428992
183234
102355
369048
225940
354654
106165
371873
274506
428194
198765
244270
101885
252517
413819
277463
127853
106768
371719
251065
362904
304599
220925
422714
306866
365724
361020
181684
376215
352109
109142
351030
344764
219138
254429
239495
222146
294301
145767
408584
284985
343360
387553
446224
433802
195411
166459
346590
440400
401016
301207
337015
373233
299563
311598
210698
107213
226342
190268
132745
244974
160090
272955
264930
148919
415372
180266
241633
343328
140901
235831
118995
206767
431306
280835
450859
268537
288976
208555
262419
426802
245770
249872
413993
227119
208221
283321
359162
393792
440816
404561
267234
419755
407252
395055
160985
171557
356946
369890
439967
109050
128420
437092
417200
450824
405939
126271
342254
404409
106371
233696
438385
419731
197303
348076
434933
229807
297503
183989
206036
385556
206398
432734
207145
251392
320143
333236
251450
320435
289222
220713
380433
441008
316485
418075
150301
234324
400156
144457
251590
159793
338026
315552
449854
454026
113679
213284
405341
134341
346433
228314
417290
207089
212373
229090
302347
325771
232739
174694
188484
196604
214094
109214
362712
385645
296740
412311
378866
317932
233953
337356
264271
158456
256220
181974
314809
423914
197253
186588
367800
100839
157514
400997
141452
442963
217476
307783
297365
353904
234994
181745
350265
166100
214762
435312
316624
426642
398047
156721
258865
431513
210596
339657
275452
219810
431303
142147
287128
430379
299782
118703
188439
302390
410230
134142
105554
275580
161788
293538
100022
309332
349140
325913
366626
389326
171112
451428
272917
451021
444975
316204
206746
413246
251145
346130
149093
135822
244385
219618
179766
274763
153745
200602
199428
165059
439776
154714
218637
301598
326534
126024
370658
229729
189029
272735
338261
427261
260549
171669
389179
234448
133262
311260
415760
421007
251670
123820
390538
395051
108994
162496
171275
122094
129215
370722
328635
108160
262466
103087
197835
170667
404570
131598
370137
260776
257922
122673
424860
204143
276844
393978
427415
161814
313852
366201
317768
286054
241277
326042
288856
354429
368234
310814
417809
288262
440842
202828
346205
381579
373104
302236
355433
445091
412700
290338
317447
391815
273152
199244
395332
154226
429017
280133
190279
372879
250222
299948
126838
182229
275935
242818
118207
215575
227805
318664
382097
166225
432462
108233
419475
418369
281898
360401
140121
421496
226957
274434
347944
228654
116486
133919
257516
417105
236881
340175
347929
210504
294248
153812
183404
364713
359870
190958
288849
163336
182459
360422
226335
140852
100199
353295
303134
281026
268748
357808
200511
146555
141341
448607
134999
362935
304724
142732
452826
234848
342486
148302
239964
337558
202984
401554
421904
228704
273395
374616
193570
257630
401263
418827
401806
250163
240677
113991
205143
153934
331613
443234
311411
428579
108989
241611
245058
281193
438185
388003
364637
253248
253949
115909
124985
118986
313129
224702
162053
109326
166963
296352
155784
424176
415699
314083
353213
170414
454803
140116
404822
325243
393676
401918
276351
296598
219339
151192
239696
252013
292445
259458
355386
184842
231672
359194
379227
382770
325646
105459
406354
431409
152397
183461
102356
379795
122407
338379
228615
367420
265928
137717
185402
179098
394644
329446
138468
143345
236304
362696
195168
156787
191420
178313
345794
268007
185365
391368
369805
273039
449328
376130
341768
439732
201241
116203
103177
141800
435168
436992
266248
216581
206088
279921
231710
435744
175804
283120
105440
232532
329970
361160
426063
379084
148754
254516
137970
294349
448877
302791
150081
451336
407988
404005
329948
104043
110581
230208
391390
312609
404701
115398
351727
410233
215576
309680
308246
227194
402853
142926
448191
382791
296353
239425
359717
227743
141561
191622
372755
383148
372801
334835
114028
288581
132565
173994
267106
166451
293262
163751
259072
376596
314665
254611
282817
279130
370800
280702
160098
104471
333981
346235
448984
223196
191612
401588
329753
454459
280103
289615
308859
205465
306009
251563
361223
162670
315697
216958
225586
271521
200208
214714
364202
119620
178219
226614
369427
214239
341385
263627
230210
121050
282684
419372
250864
263214
259476
209868
192306
209567
205108
143408
375815
165898
326123
249042
272584
254264
314161
212804
358849
172313
399575
414946
111066
159184
198325
134225
278143
316566
292394
189682
202881
178912
336581
150160
206390
348618
328625
255005
405887
178635
358851
450958
224229
425997
363287
353521
110101
363919
376184
391914
177942
148930
324173
262053
451423
154755
179011
405072
414295
112915
208600
163593
246904
418677
312522
303973
196921
288594
355060
137044
258046
369713
432561
243525
342864
154270
243949
446687
240592
250173
404527
415802
280499
256211
346312
398516
347457
205801
279089
286583
304713
338480
109264
215347
351909
161792
440098
135316
266124
160622
252952
250994
321891
140403
350808
331059
441325
303748
404495
441895
367175
124764
453122
439267
329412
285193
117871
279807
448797
388229
100375
423082
104678
260552
366718
327099
223759
418241
435255
235533
100287
246367
151909
152886
156327
447144
204375
381702
292260
102251
425255
275561
129747
380821
422342
139309
109533
152525
228333
257830
324132
227301
356047
241066
249717
416190
280465
306721
180705
136913
393280
290552
260196
236449
287595
384133
366043
124236
279524
272220
144059
390811
386469
270301
294035
134960
150294
429941
131588
120167
396203
143560
345197
174386
401423
364459
196490
110162
353902
338464
409408
160439
154302
113158
158157
136841
391161
367585
409991
287780
385423
414449
187885
402755
217520
210588
164050
374209
391978
176905
137817
196737
352754
148551
395981
328145
399411
140998
376525
347995
373763
360537
297198
330435
126276
373151
447215
135043
119086
261789
335556
167362
180979
242135
407984
402595
132677
170049
230713
315841
414205
141861
134543
179166
223381
316499
452306
139824
102709
197012
223562
398123
356599
155871
179039
111619
203486
349293
400554
128550
127298
258130
389077
291490
285674
365912
134388
113497
282390
131205
384116
364407
288550
126076
251032
330493
183810
315872
160451
115507
146823
429322
443332
186740
145088
400270
377526
193784
331120
294753
268157
238019
261808
324950
421257
219003
310995
166809
422864
201878
263684
399878
257841
453166
238733
301434
428733
335420
323828
191560
143684
115975
203111
358064
285272
365032
427474
102940
263903
310915
447926
240626
256835
207649
289708
424482
218980
365468
165711
270891
453499
117849
188534
253623
434352
178038
157041
217475
286016
212384
381388
169042
421300
200918
288298
360900
345898
173973
399984
160980
394188
316113
434629
238358
244007
373753
217188
315185
438319
358429
350122
164273
350364
318895
234865
161087
392805
210976
365240
256202
294939
443840
277840
286246
260639
317651
189449
322974
444174
412300
254404
320829
254495
340863
142113
318404
312669
126275
361378
287551
194206
145903
105398
219832
278396
217480
110246
252217
372604
243950
425252
378967
406850
385266
366564
366712
312564
235912
407527
196245
161750
405502
285765
255128
107705
146658
200443
388122
367738
425119
157001
438225
275425
294466
203192
183468
259737
343822
270857
169764
405842
337805
353202
329283
435620
125620
228747
310716
216804
277809
353256
125536
427435
419436
273617
351318
228345
397036
434277
253019
334310
316061
269387
243372
351464
247322
125862
334066
420422
332179
249880
108681
218175
192967
227771
374220
170081
319186
285924
258072
112888
111333
183443
422161
233997
406485
415260
277487
427107
453735
284125
136019
263595
251678
425708
313083
105480
158916
206200
380471
265102
333800
345133
272825
144816
239440
218698
299855
240488
113804
375416
416417
302671
296375
100415
453330
294461
312864
123465
273293
231511
245558
167632
229491
329212
175981
358815
354346
100242
280488
354474
235550
289019
105318
369378
159270
233767
284322
124254
321020
418474
179818
230138
311530
347024
168642
238350
301027
110486
424699
291087
109412
225000
121449
407488
353715
257054
223201
110678
368973
417644
365147
229368
435725
414572
241346
310524
393832
353685
218649
450442
311823
226360
420508
417147
109127
337938
231756
100236
130961
397032
439987
303270
379431
137302
328956
175280
260335
423956
399182
225442
242955
442605
324573
127031
291562
257348
218308
296904
365246
181787
333328
327801
437943
383150
369238
160256
290302
330128
229386
255653
160523
158268
210544
243328
246802
311464
138167
348897
331256
405242
296198
429021
340635
380215
439759
218375
424736
231401
323657
259203
124409
226058
347086
371144
337373
407897
107433
107301
331734
235920
420507
338219
170641
154756
104161
279119
161118
299276
440413
259534
138995
432328
439760
305066
210581
234243
164545
167161
222814
278963
291015
216652
167713
171449
118098
190885
385607
399588
221596
340980
329642
402194
295636
257342
352481
101677
333920
260641
229676
143183
134544
148731
437721
368749
394182
340110
250791
166605
206206
173672
117279
379040
405888
364241
198551
308425
124622
248052
341121
101396
307312
353336
245318
381921
322747
216555
100004
406362
282623
230807
429913
247675
448223
197334
260916
103456
305157
362417
102990
203181
147814
113375
234634
244308
310873
267252
416049
199577
221878
172193
107827
406370
145327
233510
234685
381559
304952
395901
424587
340695
268365
386428
106487
116073
339750
439418
317832
349794
194200
181480
430951
219818
428640
340028
128675
373532
315807
450088
390646
431070
437082
320390
381300
374932
295381
412572
316539
264797
400228
194451
112238
299206
187174
243336
224361
251086
437247
334759
128899
109763
129302
312559
104292
216784
235608
240966
295733
314884
394204
431581
288202
228126
160169
116691
245710
138151
102658
179066
395700
214710
125188
112422
284788
274579
419864
233264
210628
447321
448828
224335
132176
118635
455392
168671
265249
390205
403754
200621
103303
121485
342265
314814
128665
216487
230616
210520
441002
352460
331286
418379
122080
187746
356637
205729
128868
140029
363596
423165
302113
349865
121214
147277
351959
218988
382867
411704
336918
105664
228446
393875
196660
350798
274928
361513
412312
330927
420103
144695
396890
288695
259497
212319
263014
383751
426335
202367
273690
291203
130935
243602
252792
104160
188251
419526
434601
266019
422844
185984
256597
288374
337903
372514
449515
332567
309049
217011
312948
136722
161198
290395
118488
315963
132347
311394
124062
277570
132041
265036
382514
135675
311521
360128
121856
174635
135934
218060
130191
226913
414986
267631
216360
193996
189665
129641
183577
355027
449868
225491
406337
100486
306741
263957
455407
415553
100854
166557
394609
295413
127408
400390
196817
435679
366177
176816
370382
363375
292442
228250
445767
219796
444784
303506
130192
181607
226101
291216
268203
121068
277506
304033
268633
393127
164162
388152
314726
137209
344625
319276
325216
261178
122542
212301
162950
175343
306986
272330
228376
237515
112864
411868
300470
442327
220838
195971
340199
265508
320222
137161
434357
351502
172451
439481
140506
140379
310766
374794
431141
417500
181133
261712
404694
279322
322804
232654
309958
125056
371597
436461
247334
116918
210323
388318
239348
182286
426293
270540
215138
453015
249301
405176
130395
216628
252996
282770
105277
387582
393353
376543
180484
373617
205660
159554
434664
122760
227868
207327
291675
101725
237253
372770
217268
340025
243175
278886
216616
207192
334676
289494
364896
126826
425251
179047
152824
122739
380861
138093
188432
108210
185323
304479
412188
132196
453703
317096
187212
280683
364789
188682
321068
273611
402403
107649
174774
172346
254557
141247
347257
444561
236349
168717
400746
314589
381118
147067
251412
193213
241351
127342
318552
420062
145344
420676
112138
295395
339866
345569
267954
181056
285115
122979
162587
373236
449257
153413
281802
193326
230463
107453
297979
184245
314907
450882
411085
175433
232326
300778
297770
296421
434681
161833
335509
261419
309938
142545
325434
446181
215148
219345
191297
202175
231655
306238
364089
282297
349410
443518
257814
390848
315351
235314
210815
163730
362746
434398
320389
280782
333962
125639
386632
295157
247856
180188
144118
440716
140304
340978
408404
418269
287362
228649
376970
386885
364718
269994
166090
423171
280508
326495
237443
392322
143143
383981
413114
253887
156181
429060
259259
440709
236530
339627
386667
450261
379317
137988
415950
254981
275704
168880
153083
355603
196338
219837
203515
321700
206691
241341
206585
205004
438581
220059
283214
178236
300840
248867
255295
111797
382900
312204
145680
252093
232795
231349
418547
293836
232475
131237
120601
411362
260369
372921
316417
385304
346865
404383
141517
345418
266047
224375
102966
235710
350783
336314
203424
271572
257030
342655
104446
200074
186434
306208
149114
163006
299421
437744
166381
294357
243027
431011
378539
209526
321495
123721
150306
394900
396417
308348
325490
208795
190582
169422
395475
107598
447806
276872
312160
108424
178932
399391
260968
250582
130739
221826
330060
114182
108022
282081
454562
117108
334468
339876
181176
232364
185334
344407
362828
128523
329677
381114
129104
136359
348678
406542
199093
211050
253173
269297
333578
258082
186441
109360
377795
444034
209033
422486
437565
157035
135311
313053
274543
222534
441013
101772
230441
439655
362862
417175
241180
226156
134313
214717
147455
306295
192422
113257
362407
444634
251323
188448
365096
389771
121774
326990
308448
396587
269405
284829
177985
130085
193343
405309
278710
138726
278008
305296
107473
310074
420406
452779
352157
132908
424723
377486
140274
150056
380981
174589
374172
338186
101282
103697
131915
193017
248543
226676
342994
281351
166182
124198
193742
155164
104786
434457
189548
363383
255627
356309
172010
229726
414695
362887
125193
359951
207451
384804
256760
382406
315760
342131
271767
320147
158567
374505
211010
243243
332617
328618
250815
347237
221742
177598
189906
401132
195028
254607
151723
390969
436996
147023
412481
425327
440433
364046
338356
201550
106444
271013
170040
281003
129991
186954
286393
146222
372429
141917
277397
379943
327837
256118
177232
421329
105032
361239
453302
180224
276028
359370
314973
218116
220092
371268
310724
284741
355762
247398
140959
174667
413251
323170
106394
144994
253807
295004
104597
423549
159486
358127
153042
284400
286026
263691
223713
256827
202011
243662
350245
372237
160164
228964
397449
232740
254232
366100
129072
266907
432182
388074
173449
146963
229683
413888
453201
168099
252281
147179
428603
105693
201239
183153
342174
358167
287698
110259
175126
367334
121533
136137
356127
145029
289448
425666
210064
173738
293997
209487
322927
166117
195761
296614
171961
275405
156917
270551
285080
388663
392188
235581
319935
325472
167390
306740
144696
316436
353423
439133
252042
155807
283939
238243
218554
375827
153008
367083
345132
346999
304313
425605
276401
234537
249960
364784
158971
158834
156866
438257
128891
216765
143064
363723
160138
363096
160852
263406
302878
332755
438127
421160
111321
401109
346616
369541
354468
105632
453027
237959
267358
347710
423068
120506
109020
327728
340676
379755
278705
199502
314590
234022
224069
368611
196709
275388
266945
363125
391419
397970
112839
140183
151575
180879
341658
244130
218144
376450
335440
289405
424321
444927
386069
229673
112197
151855
126163
278495
393249
409447
424896
367682
200454
341457
107241
152360
418066
288427
298119
216863
129109
127577
440272
242478
347347
323686
201073
393231
272187
182755
138648
328068
379968
160345
450879
144917
431089
281266
411431
253381
214848
248768
320130
134837
280643
122237
148942
292587
396040
179831
345081
118255
362532
286634
346827
362396
190403
253162
292414
135569
198789
407686
430025
141768
397737
169821
106435
312039
259491
324333
166980
313596
441295
431059
368554
234649
135158
369631
156665
272110
281710
451704
114963
156097
363148
234402
111759
350492
336486
341843
184809
224933
397636
170401
410668
114013
415453
119699
436591
273332
195914
321874
399619
373162
307234
318692
171805
211201
143689
286103
300885
351815
125899
325616
419002
335194
303885
115040
222772
370458
177812
131779
330398
155613
126008
277149
349876
412673
394984
335020
430015
415210
147135
376881
347739
455359
394932
236231
354033
133325
325321
129370
156617
358401
128436
431486
271723
157630
405746
116308
252656
339990
102905
335969
419502
367286
303690
297072
451657
150692
271394
198657
225821
264734
133709
306222
423586
451808
375897
119513
378855
452765
287084
388365
445056
449544
151986
162314
396813
395755
350537
145702
297461
165368
294962
315236
439406
283044
208771
376956
255584
242702
160963
337185
184407
218307
166190
258409
397502
224458
185636
371200
399078
114468
393817
198201
392821
427252
299595
327313
242683
297044
189883
303108
195108
235841
382573
335578
185768
136629
213298
157269
447637
267273
209412
116889
297645
184422
296196
285648
366373
305758
160296
418321
101814
347320
422030
169762
301200
250652
371621
257316
232658
135184
131174
116113
146442
138162
133757
373639
222517
116259
142640
221324
453334
253020
359791
315824
188796
383967
348938
268266
185580
234246
396272
341890
397764
330133
407285
120135
362737
434869
316138
305016
385250
435511
233020
336617
265558
136901
453051
213068
184788
320159
307720
309393
110278
189524
335660
410393
400346
312349
181946
159900
444464
195667
308491
248340
374251
271647
326011
386971
165949
160408
307218
189745
182741
413220
434909
335916
112865
129186
387452
425701
156488
127751
138971
232674
265803
419571
129954
419696
386123
301400
351224
109726
324261
347360
261702
402383
152608
246682
379420
287668
234521
187751
133222
152488
430068
309026
244550
312485
165733
135468
241805
301441
339933
206158
246878
311698
120069
109611
394587
393490
151122
330885
244358
176879
375773
452001
258333
195965
430236
320659
380766
411726
229832
208804
138574
206048
346930
281167
358972
361644
456118
248904
190422
397835
144987
454542
276891
119676
319874
340759
154026
433530
351215
440055
106500
407975
198654
387004
110738
294967
399805
360297
304338
294073
245671
318229
169994
398891
426357
146594
145137
305067
350735
254166
225841
333717
120349
332226
171659
322510
446492
227836
340903
267517
232311
297330
198587
126095
411616
274806
206576
349152
108039
168280
219149
344408
277690
201188
401784
289752
216083
133224
337411
124234
154393
398095
446113
454149
272290
278027
438254
283072
343219
212823
414555
309778
388064
351509
268054
235933
447071
373211
294707
280282
433901
124182
171930
437331
128401
339280
208683
436373
178885
447677
332108
376228
195618
405569
424593
325107
441945
269715
282414
326665
316931
291999
174616
135486
453547
209490
363794
311008
110841
132975
350485
254391
428302
121025
386129
363115
420121
238346
358661
218858
411825
285320
400212
290759
263461
153216
401284
225077
143121
253821
181512
138218
365172
357735
326164
107763
443919
373789
340303
135454
425689
380105
173134
131077
172694
449495
214981
421277
194191
208705
181081
157994
380131
200941
284918
322436
246727
431586
244993
425257
426232
285909
382898
356005
234683
352168
369618
341254
140076
390077
265841
450661
182349
445167
369478
279220
182581
343135
222909
359087
382591
192460
187687
291808
205253
175438
263993
166670
366804
293829
382081
197345
446989
180260
326121
226697
412319
116221
455685
272298
455578
360558
193873
396523
199767
244454
354936
418925
349526
239797
454806
183830
445096
284817
245295
322894
145729
169383
354605
376672
386345
257544
363868
381863
248796
404840
161976
368948
201428
294360
248447
282625
452444
340661
374520
120498
292918
185071
336158
359003
145596
416984
142129
306696
389735
256447
261420
209784
136630
438638
245814
332411
335344
170765
152231
337208
290659
230490
367609
280776
189161
379097
255615
219291
196199
194428
250396
423065
443037
280482
321586
280763
277358
309172
176608
338987
391777
236742
194298
212618
290371
127324
221378
450902
175517
364801
417003
275597
137398
324039
283762
418521
401896
337553
445648
101145
391069
434195
220273
265275
191485
123488
408424
446337
386348
253911
236050
270597
334214
417281
447447
387704
391189
146993
223568
262028
323631
105438
444742
214258
373092
455150
206304
134733
254882
341376
438178
176870
388374
286765
324993
366182
275606
405261
393307
325371
408222
100929
104111
358339
413413
338372
282781
430692
375592
111509
211478
220354
291010
443428
452440
121573
345715
172608
226829
116622
124984
229920
383290
129318
370028
180366
344665
230937
177493
296693
451848
112009
134895
341147
383029
410517
143049
229232
411795
254053
178951
156513
221088
136350
258257
191526
291479
281382
437634
204960
248795
151248
386228
212158
288028
202952
363100
105257
163097
119279
131933
350384
338538
410365
215709
319190
396100
308207
303439
347192
124828
129704
251649
153262
321248
213065
362957
130410
318553
241309
217015
236363
255985
218199
203840
291024
243852
127712
412808
222699
202315
397711
269176
323456
209436
170568
167290
216037
352348
154253
191110
322376
379643
283863
117548
156315
318719
316174
363318
141034
406265
325805
436212
422902
106375
162665
172495
110537
390980
207253
282568
378820
448048
128114
276915
254336
106602
381929
131248
162050
126518
274901
326331
309472
189693
275859
359928
205012
279815
334789
379007
378868
386518
287445
442594
381977
451937
232501
278958
267200
279934
136546
125295
293319
225507
452140
411365
440839
289176
293961
424957
345419
221126
412653
427747
185077
212333
224119
331858
309748
297851
396901
279022
298202
448382
216396
117716
436282
395367
411483
244120
434724
128032
134642
336582
219343
157766
266507
453810
102036
133805
193913
232065
159413
234001
427051
177874
371004
115431
347590
446990
368623
257021
391404
110788
221086
327731
333933
396333
182410
308127
376235
132862
187754
276784
104439
137682
418645
406274
408450
104629
177687
451952
256239
269103
178801
361864
390427
112008
331706
249107
153035
413589
198593
137027
355864
232444
181252
117622
357070
101633
204056
165526
180721
365697
386149
257081
402713
422445
345910
449799
160584
151615
261595
120533
202384
107574
349472
300864
172839
385982
164516
269364
249600
302222
380510
206856
147741
223435
126807
268920
171925
214092
435595
424761
225755
227560
309163
287499
291931
282269
214405
269127
314249
402706
175594
213644
268658
246597
264129
300578
119037
375624
185208
220509
154499
216766
100329
454718
164260
150902
204779
263264
411533
340467
390488
309931
316341
360895
133814
295559
379092
279422
319449
242465
270744
380386
274234
453335
174176
269291
104542
232837
149595
247831
168745
424986
411886
195487
300133
190014
228664
282546
365112
394103
404299
183926
127078
274245
387768
318349
216988
168173
145971
228707
181002
316997
245100
350957
279444
250235
200063
441705
225762
343605
411006
321623
113624
226549
121424
306109
380288
362985
318856
266512
399905
271514
296160
119568
163891
438793
150061
193911
419596
200717
236151
245377
198097
127964
324441
308042
124320
398190
128681
352090
158876
310633
267654
239663
286875
215032
407245
124743
321951
387921
233082
326115
217187
276407
438236
251572
135576
330786
193236
186481
137760
346450
222664
382109
193919
290947
342395
197078
210210
345162
245362
194642
321707
357330
220558
125981
453472
309504
332043
112299
196836
147136
335121
447311
266265
213397
144241
415349
449978
110201
179638
227294
259275
108756
106220
102077
118463
426656
110153
264098
278929
206690
195718
446769
345440
407728
112478
231348
352276
270808
323430
311543
378580
104002
294875
149826
273243
203208
198525
369086
173375
206241
158204
293344
273512
437437
345748
281064
167303
425576
120838
185239
318960
359346
225277
229161
418880
360057
347265
282273
168620
447254
295996
203940
154645
241506
388372
186622
187679
327580
266061
426502
281995
327548
311164
362554
255812
371289
293110
431762
169798
338942
276851
220434
448631
142951
444976
302979
142069
186692
201031
285937
230770
348480
124151
281175
325650
253016
324326
333201
377973
234496
246314
152043
214288
305057
187105
228452
126425
237243
225353
322963
334722
363646
284975
327034
302199
184545
259567
368957
445434
291091
265552
282947
249073
174856
428935
206113
134491
392468
342400
320316
319035
345410
430912
298951
180681
336590
327503
137506
236301
228938
351797
439024
289649
212726
157053
231008
200394
454342
283455
165834
273723
128337
218562
185142
442914
139525
433975
335126
167646
330015
285616
428543
201892
323910
163536
355566
134781
214930
350343
113858
160628
212225
320053
179558
321581
443318
195334
331885
162657
274522
285299
215216
446111
385294
191293
337575
362394
118037
299731
374030
208399
227911
165224
169354
428367
307251
118197
369662
336377
273554
332026
260481
288502
427209
153968
380153
353217
202631
272557
271929
115944
126799
256467
323050
317867
171417
378595
417649
319134
207036
440676
261085
216841
405562
245743
100291
416749
321679
447365
426815
238132
264965
318225
259731
383919
419660
125078
399674
192949
332858
205133
214532
178333
443096
238518
427473
326628
361131
354150
344143
340776
428880
190913
293229
429233
303518
430491
366447
141761
173008
422735
161561
135878
143211
331284
240150
261028
340797
220441
145266
113217
395111
443529
445068
304659
301702
141357
167106
368827
399985
108977
273103
101595
287359
447902
165178
132995
140526
147616
440065
330213
449783
434155
316779
142711
379616
381931
291774
155845
334844
341661
179275
108421
212595
227604
419666
220447
105728
261194
121433
124618
103261
257797
199521
352707
269447
292841
351439
354113
454670
285167
439159
160725
126790
208295
447012
434834
141178
314720
197563
136301
392630
159757
114006
137084
178035
439951
428943
260398
183029
366723
256609
271721
410936
194027
306502
385295
268304
252234
256569
353718
278784
198933
404630
430282
436402
136006
252306
168068
226026
323715
167548
351856
180427
135711
365434
186565
421005
341748
227812
135443
393176
446669
148374
410325
130841
149646
283963
174518
241727
285217
132961
304640
404500
294705
374208
155280
326548
251609
272263
323726
452461
276620
276951
181760
162724
445364
261411
237920
151135
130443
374206
400805
208386
335002
229818
363832
371606
427693
129679
126500
299620
299274
173749
150507
425953
405545
448743
222477
179465
274977
228471
100668
145197
177225
372768
380251
261990
303086
237385
140411
287955
190077
454960
203750
408817
404081
124207
442014
158025
348167
370984
377202
426879
409766
328306
238036
187837
275913
361759
198584
136961
324890
126452
172728
244320
397079
302405
254892
124107
116779
115159
243917
308745
406908
353921
447170
356393
328744
415017
183032
127599
164653
377901
455348
281910
299503
297069
354072
307928
372935
136770
142586
438174
321603
438025
306877
351895
413808
273189
280798
123176
417585
307082
307382
252161
452937
418865
435323
420252
399771
418038
329160
100925
253422
372796
439793
166760
330825
339122
382727
133265
399201
151999
218899
395651
188762
140579
163587
110386
200013
379427
130990
206590
419239
316123
416174
403659
420643
357882
217002
363605
171556
438670
250297
430247
233078
134969
221721
275523
217402
165475
266162
394717
364298
229797
153338
421088
223296
260921
257052
410851
167601
183467
337964
377117
287655
440578
276855
196943
423607
330221
107469
126730
199763
212427
231913
311450
289532
394236
277818
224880
219786
188556
156796
251037
204264
232681
117782
181888
305445
322319
408263
197197
122326
181860
165226
370025
170721
351476
326933
128000
429238
334507
278217
169962
240886
428863
236260
268689
355271
423352
145794
224449
300553
284869
334724
323143
266935
385059
144370
231055
186017
262625
229309
273064
440009
213168
205875
271939
435488
390154
263119
169656
328725
442844
360522
132259
246784
122667
141468
367182
394072
342420
398865
369864
400154
322761
354847
172792
407453
201764
326257
265767
413775
209493
380648
291138
203830
178302
306529
445947
345261
361534
231369
140447
358867
418102
342612
431604
347816
344190
126197
138913
236724
385811
182561
323846
147540
237876
198052
377339
281061
370436
146702
442395
281479
310051
358732
181120
289365
342850
162642
201307
454460
267159
171574
156913
355612
276018
187372
400399
192795
238022
381385
186092
280083
177674
383474
237122
296980
397435
441863
411260
323256
109459
251345
435309
120434
290043
199217
395414
425843
356717
399507
342507
245672
189245
243928
332799
310830
412878
303115
115829
430356
275548
219834
286993
226126
368945
322084
414334
217554
284009
305528
275908
387087
284263
369841
118116
366851
192742
153290
334442
373221
280537
214740
113734
390281
190621
163543
377572
454906
446695
379785
141489
147656
268276
414499
443615
270884
313916
216418
100095
370046
207285
455671
217163
259261
136279
157542
120271
189150
106682
381618
341387
298554
235285
290582
354633
297466
437249
279032
166370
318747
196046
203146
341885
447875
136797
164753
429026
216678
260211
260708
371628
302169
218765
254162
159304
136552
146705
412135
254139
239242
426022
122746
397650
409829
420923
227101
339333
369510
345679
271033
269932
270022
348594
202929
245855
298647
100951
176915
112001
129551
219491
328585
390741
358158
361941
224192
191917
346042
424697
304380
351173
161926
106734
327685
380321
329216
149303
140644
448356
204862
116396
217469
199362
152501
184938
227124
367443
184273
361123
201252
162302
298448
268727
106395
439200
428044
251221
370870
281166
441409
443689
409246
185012
275045
427877
149530
276116
145460
212305
374945
186364
303346
272520
309314
201504
103297
101424
276465
279319
100027
335232
189289
197353
334526
103030
218282
417842
418840
334450
395101
211584
181965
390679
437139
363811
344721
242476
282387
230176
261498
135790
422626
306039
174475
412048
108109
351963
230162
268327
248671
364204
191998
114085
292675
173454
416702
321494
102539
390352
403082
145294
180611
155714
316363
255670
220745
186163
201930
391584
391938
251265
256637
245896
268564
344688
164079
129399
380211
254830
378251
290292
212797
229840
329144
415805
197847
440361
403158
360046
232322
280279
236524
305685
430783
102541
285416
394681
101507
174716
165930
234734
325120
259643
303680
177340
365839
280709
359968
290109
113345
243034
403589
247391
272809
296120
320908
302998
113683
221419
277141
170838
153636
231512
268171
102540
428522
379977
209087
358755
348796
396623
395833
291620
223473
253244
230913
231985
351145
390460
364510
369169
125818
440193
438838
368181
245794
370313
366424
103926
269416
156113
145417
298374
179984
102690
430342
142231
108706
252756
290107
271445
366376
306020
184778
421276
425687
335051
359699
254256
153386
151000
119193
158428
126781
295744
370085
395433
136864
100260
122098
236532
217828
410614
192828
328010
407551
233881
189804
134901
326727
279033
180314
340817
164525
368609
116911
261851
364782
196456
365541
254154
369031
409788
309870
224318
310394
101207
335251
452051
132931
439376
391391
221175
231329
266005
108187
153921
386063
274149
338651
291422
107151
406016
184830
341963
208010
271887
251020
183741
187146
262713
211953
300383
261275
270994
373870
350500
356042
236386
259380
302321
285644
311749
439499
234615
445244
303210
125735
147220
418134
209285
107230
449710
253853
184743
116412
421136
139630
290555
206186
348982
324910
167519
261692
421734
339912
173621
340266
319865
178139
201007
259713
125307
247424
125129
243361
103567
223261
327730
169312
200929
226794
272245
338701
244619
325508
452683
353568
340174
184406
136931
229875
152966
323460
309531
191870
348495
117385
329715
345376
322152
219855
262317
233532
144253
408306
162419
377464
313254
259289
438157
403096
387714
272701
354022
227400
288837
412037
342718
388758
382869
192342
324223
448804
293324
318784
245103
383209
405795
331142
132972
304048
158635
207771
454515
246103
122356
247565
105944
272769
343427
295062
416238
448576
235479
345721
102209
160192
280476
207410
188217
192527
269380
171678
121890
293329
252581
129787
323531
436030
194971
252017
107878
407646
376821
344161
381275
395605
206181
238001
438522
235024
126589
313262
158294
110926
243234
226782
410466
116623
331956
309373
109961
418339
266368
366243
163023
249992
439450
129028
449626
298551
438016
263930
284568
303445
134027
197589
126278
332762
455057
313507
404333
289067
143805
178747
320718
104853
330171
199270
349154
417137
342668
454683
214292
207756
409042
226266
232904
381595
407864
225570
129418
451879
452174
403538
286776
196548
329506
142697
383965
106946
439457
266804
311967
216374
127570
105164
447755
179045
235205
453562
312323
266500
105932
140887
367876
227933
234862
422378
204981
393277
126828
218644
289144
221000
252716
123116
409795
106637
156173
410921
106340
347228
218022
440300
153099
427848
152269
128790
118736
316639
269063
429524
399519
291649
135310
180899
109095
115920
241778
284097
388096
357380
347117
116727
325103
257455
245580
218024
326780
156444
193945
139347
363214
281146
176948
236563
352529
131362
116931
412918
161633
446615
192808
281602
365491
185429
287669
178494
245869
193798
296896
435696
132436
234219
422095
395654
392075
170682
444121
144085
124651
402897
389314
305424
225527
271306
454553
135205
326742
366403
448246
320392
377326
187848
174639
315420
391704
201910
101464
102628
131614
199164
145663
239895
369858
297877
278133
411057
349346
237003
451540
259983
367842
160774
395281
326830
436717
115650
127925
316773
283823
183195
369250
306223
197614
207362
142034
248765
373964
357567
453035
268492
311094
162508
123815
419527
422120
165626
315618
186084
377193
291635
166546
396807
295602
116232
330796
112134
127637
361692
393371
207902
377971
357112
126815
447465
389794
302067
336105
363282
348205
250794
260778
177332
124798
203467
350690
423906
243472
216056
327185
378915
375503
434934
275744
378843
179476
135203
217318
148983
394924
255858
426536
218886
275145
455100
103347
303596
368799
102288
252109
234458
101579
212439
404829
351745
300677
244411
402992
271591
191887
116709
425760
316790
406363
286771
307331
123035
148387
315521
239410
434785
122798
225024
185517
191666
299560
253116
125510
112321
436429
129263
319210
302944
264871
111745
121879
278581
299331
205659
336705
353265
126010
269244
426204
231479
147117
405304
381656
114939
179058
208413
171562
391647
147965
225700
104013
296384
185123
140202
264753
298247
152958
389788
201866
440802
108974
116957
152586
111947
325620
260625
134937
411941
370413
150807
289830
197511
153721
153256
411484
160848
339109
231964
298987
217110
425627
287209
139990
351411
172730
113442
216842
338659
155611
319750
241568
128922
381091
428664
419853
127587
102803
179116
137007
443897
151365
348782
327412
296246
333823
436245
175030
342720
338960
187766
245705
160319
432097
263741
352715
186653
243038
325733
224945
436919
152618
180831
159952
267618
141772
137981
337385
266504
392842
253874
279475
297476
244132
286650
243939
222487
218170
339132
271307
107985
280918
303382
373920
342067
112532
197985
137089
330157
374574
232189
333400
247691
446425
438499
141586
332395
269025
122327
358565
377228
367416
234672
203018
266851
377304
154076
124824
149898
180688
356843
242687
290921
244344
217296
190147
211517
425530
168027
291660
146043
141296
298117
110456
428748
118472
334942
210891
435105
248443
311082
217595
410840
365058
327279
279535
240686
409885
224980
350566
352753
425699
387033
233521
242359
241410
157427
252279
298087
197732
431124
373689
137584
453118
399864
316859
439132
240988
391520
150706
314818
253358
178682
141509
213544
154136
239689
396055
309667
283056
292611
266505
377663
250467
400734
430388
190034
383183
387775
313255
401177
444388
153056
363986
314321
172184
310731
207454
391304
303888
420752
292110
165882
338909
419280
373702
163774
347369
294748
339654
273295
226950
135332
265486
346105
408714
421936
321607
214096
105062
196120
314037
237252
210252
335866
453281
354045
379686
106926
436466
449746
205495
125391
303412
323371
261988
126281
261701
353623
265704
128717
228985
268003
352941
442705
293533
429806
309812
319619
217494
345783
340144
250198
451810
248399
274861
323399
364503
390590
348475
190437
273076
225785
211757
367720
165086
293936
122694
256874
124604
393670
182416
252962
350894
112923
180147
229114
175009
184499
385076
227158
104494
441689
234800
100313
198707
353651
433443
223695
315140
142843
391324
209747
195196
261724
446739
363381
388804
259585
309271
137221
403028
408051
352280
171501
203149
300730
131377
221752
108453
194286
453315
374333
113456
320030
353938
101260
356426
399931
315921
451911
218712
183608
282033
444052
159374
246800
208648
206971
433563
314728
402001
403169
368057
367013
240010
380255
336134
153113
330788
291249
104692
312524
227240
370875
171525
310054
234479
271660
438708
262545
255407
265368
233781
215613
194564
424691
174647
448193
409785
136926
325961
329736
157828
348320
358553
370153
239142
158571
368183
241012
383387
155704
129761
232418
389309
229530
276458
147477
413021
229773
330513
276004
311905
409704
409858
435757
202285
426728
124998
399329
422410
330746
345034
366102
179977
286493
203996
273448
411001
104436
254393
244575
180701
195826
166559
244684
355907
370422
303153
449267
214171
178707
194332
436067
282738
233799
317773
320303
148728
348990
294489
232913
164024
254450
252851
301372
254290
427180
369738
410417
416220
161196
375864
264111
219604
110008
408252
454816
132837
358100
303063
296096
169812
173435
132414
211057
197109
144340
297275
351212
249536
231317
414968
431043
174448
321091
301720
426443
143447
376223
263827
344774
454180
247554
306236
313385
409112
334599
147312
455315
326245
428831
261511
320501
251772
377043
359036
286521
322885
369216
128658
450575
216177
215798
416692
267428
144936
251932
416728
199112
117197
328928
123745
295054
426632
310916
181866
310302
444601
277646
451027
359894
413291
197410
404880
302201
113600
193883
295817
344877
204401
283015
409929
193288
375346
224385
386031
126956
329889
121823
195333
443058
394996
247588
180818
420140
139142
335166
260062
142924
352182
434302
198873
393107
175918
380955
422576
293662
321539
192908
239431
434285
249283
425203
441733
278324
275220
422418
398330
255459
298077
253785
247871
352526
255635
394889
402428
172154
385253
365163
257750
135564
204012
304914
148785
276767
323237
419462
209654
348608
229934
295538
277748
159088
140765
188005
293619
144395
221928
397753
284363
201562
204451
335078
436498
360912
369640
273450
438640
332376
439269
400891
129026
130229
304300
132446
365124
402570
174100
274726
339336
155757
240811
120015
163306
168070
423841
168440
300564
330298
174851
114570
141083
415902
278575
145960
203049
375391
183694
399364
258694
418741
426625
222009
410215
179300
177418
158292
401409
269886
325729
103255
134198
270424
306687
357568
383359
203855
106635
189657
355647
328793
213127
112419
266180
139330
395295
187234
136673
431101
164426
361313
167255
192130
236923
374655
439692
328412
443537
327377
386676
447614
373575
272646
250300
351681
117416
373718
156487
233686
213486
237885
256442
398453
198449
393152
432499
127644
170886
366208
292809
340669
111325
175338
256667
258626
434187
199744
334295
277892
431344
256932
351757
193166
115031
434254
358995
366997
424406
152252
382659
336951
443548
398806
215979
108175
367331
278678
453252
227080
382077
189591
265770
100179
444455
296044
296579
401121
409288
318979
293669
196011
253100
363474
200678
293895
447481
194207
138723
312745
195847
428800
124449
236405
405101
126890
343230
443772
447962
345849
244565
350034
265446
357545
190208
286125
269639
421478
149346
422786
285536
353815
235818
148313
407571
297024
353558
331829
407139
185036
208527
357248
331010
277768
425323
133438
436065
377974
441834
275328
254938
320844
340185
376937
171952
337929
118976
334877
439674
184182
221026
103275
333301
339405
377268
373540
227115
192817
167088
353075
334652
441283
323613
106321
335311
389877
353783
353862
266860
284180
251087
133697
202850
236238
267181
309371
416267
133686
227951
352115
141746
225690
364221
154075
210499
325133
397134
312326
101876
336085
430757
111301
408571
426009
404872
370910
444166
195987
378188
140470
233502
273588
138761
403758
402826
136452
318818
406578
209478
265822
294476
307300
257637
200997
378643
131229
180111
381703
339360
344879
373250
261305
113548
343332
172253
236889
355671
443417
198514
378050
392676
422914
284425
147627
415809
213367
290671
263647
319527
246868
239706
443135
116283
440415
251591
158730
369396
369557
413854
357046
281994
330675
228842
427857
437567
408795
334929
173429
203836
154474
422267
400386
397721
242270
281673
187320
346294
271213
333101
273815
333082
279769
223454
268458
208949
405136
337361
385771
315640
350624
163939
305203
307677
280040
233845
236023
281839
215384
455576
129216
423008
371620
261033
356700
155058
346308
241104
364843
425207
112706
241694
163445
442243
104710
362411
216875
280330
400924
214450
369765
434315
235960
106160
251438
204320
219937
400030
282736
396353
156303
346640
395294
290728
329953
219222
334636
244556
195001
166165
125218
407260
114851
199602
150838
303418
325575
402230
214946
348296
380284
114938
358797
355968
450974
414465
112103
184511
354352
161763
122779
268033
101831
139960
214385
281104
441191
247878
312783
119887
402590
432337
268352
265518
438712
389151
186197
446865
441631
281663
101799
339086
189898
304331
326739
347353
222289
239264
163009
255604
182000
372774
192701
370105
265151
281149
405157
425075
309420
107118
444564
220328
201472
105304
100014
221722
335721
175508
342625
325983
188857
234424
144938
299304
103227
311657
122626
104190
245521
234955
387922
169351
199224
353769
325267
312571
223044
133029
107761
201452
141539
415319
324515
327093
221246
350876
212819
267723
184908
166913
243644
311633
281178
146341
439214
224002
394313
248746
291265
157736
409823
148936
348691
207119
118807
231318
380531
198210
193989
122788
428858
132635
278940
347099
421527
135289
341554
220794
227644
366888
306938
255265
294388
265909
183651
300567
299889
349493
296103
130292
370574
395689
152491
351582
240398
140250
129711
159916
168042
295695
409888
268050
104960
318256
285898
199968
258537
112226
136259
281214
126997
130601
116744
175524
312986
154618
357621
311059
219394
320496
228840
449568
445418
330716
270476
105522
396233
308080
271524
210230
238045
229129
353445
164330
180615
125631
185406
164548
105727
186856
285945
356910
121255
253147
414023
169908
308413
214223
438554
419036
425505
428554
254587
388489
308090
368969
181606
206000
370960
118224
415018
183931
298644
304136
173716
290505
273599
357526
335946
270570
272179
428958
332725
339359
203851
305080
205733
229244
352975
293866
100794
405450
200985
214969
300973
123636
220864
229433
241786
381577
141562
202378
321112
447925
170190
285523
148493
403069
160646
318710
226633
246013
289439
168477
136178
118309
287199
385981
238593
139849
286586
191314
170794
300106
207478
105177
328314
272272
389607
349928
385029
222304
335675
343053
298801
226004
405145
229961
251799
187298
243329
384119
204287
333822
208766
274133
268362
344289
155448
295978
200822
306031
182148
275526
380085
172295
197030
164926
153114
307054
173682
413486
245493
142362
126498
172862
112980
255498
177927
107969
172208
363533
381996
299450
408609
432697
386182
292733
195059
186079
370438
292941
293826
312335
371654
303098
160464
279714
437401
117990
152759
280087
174016
152942
100372
417685
331304
409697
319405
139574
161543
262723
267585
197492
280485
452879
348798
346893
442061
435600
291026
173865
438320
190715
133043
134643
434660
420469
327785
447776
143295
142117
289020
215165
257217
418426
105154
445709
103888
326554
325647
263152
336179
204009
401048
135081
304405
375247
444382
246950
257162
300683
148176
248769
281136
106589
238633
128656
339825
223493
164161
340600
343355
455776
373178
378961
422181
152062
323924
416186
392226
121216
307497
394543
424618
346432
107072
416816
368864
229031
235880
436916
311325
303451
251583
347992
187345
172171
360523
354475
175885
176922
295412
415033
288174
354138
373345
383016
256756
262941
251113
239483
123084
176836
150677
366504
230950
318117
268754
162437
276370
220684
225238
135206
305049
296507
125697
285384
174054
298045
170170
388789
395031
244779
388551
209569
379020
200888
201522
144946
117114
381639
111778
152917
433597
282024
449948
194910
377398
447301
133057
331316
134371
132537
324588
378602
378254
401191
150489
252698
195532
242682
255269
225622
108711
410059
181625
267733
260563
156057
373547
293265
219113
175226
246989
388689
178815
376602
382585
173972
318773
186575
342877
405336
263023
312784
240697
251623
118261
367219
151140
112994
357064
333359
145608
220237
105928
442874
302685
327992
158793
156885
310681
376194
141780
264772
239854
101821
316570
154367
290048
171508
381208
350251
284330
306521
206490
271613
316327
213327
207157
189204
182059
259363
386495
191497
135295
320779
437316
248471
321188
412904
428029
352880
271380
236883
143411
224822
114891
135115
111854
103161
221557
303212
306289
352427
298778
427925
403483
207110
274840
401987
259709
240430
290504
271262
422405
410021
196333
336461
278085
168600
251209
455620
343001
141291
142725
245473
376117
176921
405172
421124
423725
174783
171650
441853
244546
370427
186334
369934
350398
318041
156719
391131
264803
253473
320148
450489
213790
355345
297041
191734
363748
368551
117116
139149
188073
239942
327571
139359
130209
413845
345215
339785
410362
205126
164136
455499
248830
359300
277931
355047
412104
361121
391955
210217
333022
416715
140206
251099
126800
418296
174149
368614
357412
240053
119165
397591
418419
399113
222290
105393
416318
244615
267277
293061
419415
149712
193443
106983
437647
160921
370125
339214
332459
297289
245322
437930
153690
396958
195403
274974
208764
193557
388829
262032
237979
332894
184395
371006
216506
143181
221496
185419
418187
432329
293805
374050
330419
255487
449019
441467
284508
442475
366923
340941
106302
145840
270735
317656
328648
249027
344585
325621
246266
205696
334390
202248
313925
443019
202173
166962
413205
211054
157338
240225
368373
180728
262889
381989
405204
125535
208521
422483
141891
163702
397571
161448
426255
193137
326420
456232
385004
414212
428527
366644
164598
110464
429125
262404
313829
346944
223097
398766
285726
226775
211570
105114
140377
301671
179665
309236
237431
407506
337997
229739
222507
177113
187551
392903
396649
284693
225964
365037
445825
211216
324920
349893
439058
379546
200375
413961
202258
116037
209250
276551
401718
127598
215812
253838
160758
434424
381247
113567
249538
417603
242632
239043
333485
199499
378875
295001
117278
353050
242084
218823
365286
431876
162158
377076
281850
330515
260360
131075
388474
261317
436221
155392
242299
438450
239599
372000
369511
425329
252703
235786
287545
326398
215727
449627
236834
444782
260300
118784
104854
143990
405476
274986
385105
242648
291731
424228
439852
430753
127785
220726
209266
173341
117663
208841
237750
211569
133883
391489
146316
198740
119328
130980
332294
367228
413434
367095
192120
244939
138810
314461
447317
365278
174344
303559
129407
123063
431505
161959
100727
368221
269157
195878
357729
259647
112719
134172
416597
116481
285530
321993
214111
386052
155770
360008
165994
164174
192162
287402
233166
100629
391972
146349
175538
217555
166516
198025
260787
140649
454116
427451
398278
280431
443330
146329
214070
160960
119052
265935
301605
330912
159477
341435
355648
375173
406245
361189
217897
259753
237494
454225
182569
399596
106792
281200
101257
426150
153922
189936
122963
396706
417659
264606
303307
134620
343944
349413
346906
420017
417899
160497
308119
212721
136352
363071
251400
143138
147890
446119
328977
425348
278189
275512
344095
347389
212140
414613
183622
329855
440207
108416
352786
335124
376823
246449
161049
149822
111226
299441
170467
405128
328530
444314
293456
412877
196159
397003
236614
370515
388630
319885
260470
235691
416150
139856
354426
281868
174319
108899
255132
285459
203353
455860
173937
121093
404645
391415
419638
364656
169379
417834
431151
196798
365449
280425
361763
115926
262256
432530
294438
137463
354652
420802
291839
189562
130831
272021
454867
259134
386338
247466
269129
342785
373131
154390
168481
305804
260332
150897
113681
427248
410435
337947
285348
149407
309082
159077
408846
448384
349619
234828
185195
171535
215790
440340
159737
423626
393629
409024
359498
364426
191179
180446
100691
301448
240608
405618
304990
452512
441718
413144
418960
171741
323239
323979
134177
186705
227716
245210
361921
100624
361797
316724
280486
431631
421859
362260
233105
175740
276581
135674
259009
438775
166580
390013
307407
443321
158990
400601
367796
288173
153222
363927
219784
447887
170820
166167
245043
301443
139328
373994
394691
248604
434418
209537
179606
116616
342262
382292
116447
264339
311130
380529
149939
447329
380234
438131
178401
334887
159630
177016
309408
164592
137891
240190
336279
430230
324886
185302
273298
140567
430044
312035
427342
177444
123525
303654
154608
348921
241046
287095
249509
377917
219954
166767
453320
411124
196030
299872
204137
112754
241662
219652
271344
318421
412182
320977
101782
282543
315584
318841
297088
222080
182626
200706
355949
238264
314136
346399
450017
415881
126755
455137
276665
392388
187961
321271
290752
182075
283316
165617
225761
397349
115845
416346
155118
333906
443636
294484
270087
173471
278830
196139
221265
338200
192889
442999
290320
286569
135821
144275
302593
455678
417048
220153
265338
100756
123979
219362
365604
271265
354822
385380
126591
296406
297961
265719
347011
209759
308905
193848
202298
386988
141325
251183
193217
165881
204760
157619
449104
116958
168318
220784
267691
163697
188766
175733
180588
260029
229072
368647
253789
254282
405525
256052
449357
381654
372717
110886
357671
382405
446334
126750
155349
105844
381849
263207
380299
283539
441164
187040
180217
273351
426047
419962
216354
384926
110398
219414
126492
199620
312917
333493
410158
378036
389943
320221
296745
147548
270160
329653
411831
209698
385462
386368
171579
185934
410629
288767
271456
397372
127093
235001
114714
140858
103936
336933
411322
201463
360511
216127
416837
138010
123458
373188
425782
378909
312578
382443
308126
225842
449996
257709
346148
316658
133961
259754
406733
143434
349667
344667
274681
179409
161460
278566
296257
142241
344071
120880
231505
189274
303186
410957
263570
273341
432349
217762
151946
410646
284753
341821
120383
194842
422982
440821
251973
152318
427277
241122
244931
319740
316820
282125
230089
303747
106168
308984
309152
139205
325672
205026
430519
193618
242212
431421
431661
292859
294104
169924
107729
114408
316885
178450
114549
341329
385935
330793
385681
385840
166048
289161
352918
217738
107425
110790
408827
443350
201209
291436
243596
233890
238533
184349
286614
218062
426860
431748
256632
380569
149221
288131
247082
320000
129291
449459
213108
282368
313476
100268
391911
268542
124283
454477
453929
186313
140508
260569
105984
306692
277486
240434
396753
407794
109755
235886
411043
150421
432731
427597
219083
317376
140012
351983
408646
439979
153297
163607
359071
376710
361884
375035
125162
383304
444852
190095
218318
107007
350153
303735
117709
351221
343518
192316
263410
238909
275475
381839
345241
138215
402524
187349
191582
198208
394610
375761
453793
224001
248875
224017
306237
240945
351865
203888
306638
408029
309339
239271
100703
208688
288506
245734
218422
214089
123645
211803
446389
387558
384551
263805
113347
262473
284122
316973
416939
179787
431210
405800
216754
423863
446335
232977
246911
449651
101164
302816
440136
132935
334849
299021
166151
444574
313303
448843
202935
137232
376049
443312
335935
151923
215734
309491
226588
336967
194126
130951
319728
364370
422922
379005
250700
273179
347779
228015
380722
278371
312340
453537
277436
304415
283945
106632
394820
418152
455251
408669
258328
176144
273209
144818
360170
225555
420472
237778
324796
391678
443765
158822
123939
366902
119835
317719
333783
255687
211855
306781
334852
367943
238536
341710
326353
121767
308628
305085
302999
321782
179622
211916
186562
112779
407007
279354
152852
182945
406929
416819
228560
403533
444990
187916
203639
257885
267087
174101
296262
375536
139833
225262
348773
323022
371404
125980
378633
218071
196891
106891
133429
141236
429672
338799
198398
113819
205195
204077
175241
421466
173448
141383
289391
145764
374787
445855
126950
331275
212487
153102
132282
155830
281180
334150
453398
280292
443793
267907
411551
244479
347029
265023
420312
358234
179676
134996
286372
419014
179161
431292
126797
306544
254726
170201
145978
376159
125214
412373
398199
184512
372383
161413
248383
165118
301911
155332
103843
146826
249194
325567
183120
408709
343626
432505
443288
336320
285670
396903
254647
284050
101779
377220
327903
435753
298674
178007
180009
138270
417713
243070
151244
111824
300906
313354
190065
139439
127694
452066
140481
356265
307375
447498
174988
132637
173589
208644
316240
344472
271182
228176
116963
262165
204463
416522
443649
322916
364032
296058
268006
411500
353168
196008
348620
137959
329214
209346
307580
116941
430716
263281
210510
202565
130485
245147
240692
177738
230167
162447
136601
336863
380327
417320
159388
207416
155416
430088
307946
131782
117046
277793
236679
366557
226718
379704
367561
290324
282809
441999
309809
267030
227330
314062
229598
138878
237473
353890
258159
411778
202494
430029
387451
224505
213288
372632
285388
146536
316482
426641
428075
403779
208426
410642
203734
373096
340311
375443
208485
288056
439789
383276
384046
299111
426450
273032
277411
246184
395439
283113
271642
406652
380466
339383
423431
377944
424972
196069
170038
394551
369688
317494
353361
317663
121834
428330
386709
403987
409309
442193
301614
278894
341988
399756
136386
373064
178420
254127
155208
116199
308572
351004
332187
210490
315978
297564
183706
177950
317796
230891
286783
377471
405063
370157
103858
121293
162638
350630
406349
333279
184765
420647
303448
143114
118941
232525
290795
282138
367430
306321
146833
243977
190553
230053
110728
328449
114765
118418
137669
217281
156793
336747
288658
310918
118616
266436
144754
307747
258134
250257
178066
449098
333975
416621
186225
337381
396324
423172
172034
325958
433666
327572
342577
436106
265726
138768
179992
443737
113060
214867
139353
317414
289685
451702
135599
100374
269766
301466
172912
335700
112928
384263
198708
256280
212270
364732
397930
264790
349470
273982
111251
348367
154917
256552
324906
328597
161348
121884
406212
398932
175149
340008
242891
293121
167482
104289
188033
247695
320900
200909
209139
236964
372368
222670
334404
338767
130816
374542
452122
295810
408543
267502
142466
290669
223140
203436
444608
433506
138802
140328
306353
424349
249809
320298
351698
134952
326015
317851
152448
317904
317330
263938
410844
209219
295110
310444
222113
359515
133151
183460
313885
266118
318972
206483
122497
269787
260099
369262
386019
420429
403442
453517
392796
113255
125490
147385
185271
201104
191527
147422
257595
345009
444320
110230
241650
431032
234093
172195
239988
257419
346196
353329
110254
418206
135403
447725
404101
355937
451727
378663
323634
316573
240152
263058
240534
267943
456023
366195
397706
427581
200238
321525
364078
105095
156758
244661
202369
305724
296772
205196
392647
116916
437668
227311
288512
417357
201082
260230
117884
340212
226868
226935
219331
191774
266316
155853
323433
262532
429038
416345
173640
237699
340490
224253
269863
276496
196790
445701
262682
298733
285756
102171
215879
144003
446646
363291
455193
176005
191605
175803
147215
392892
152434
324939
282447
437799
168627
445463
332242
348541
455941
377935
387436
143252
140199
327036
427934
350600
123974
134927
374242
295158
284929
170961
129213
300884
163792
384222
313892
106424
154494
322672
354292
411316
103859
242341
137847
156424
290017
349700
201004
129581
142490
211001
184370
342004
381054
230205
423768
431879
410000
393225
214696
182909
127023
421640
401764
190131
215049
124333
405967
225593
129617
236693
405416
230724
306810
180558
322175
255299
403621
176524
163522
175301
180761
258373
311971
304282
235489
332304
441532
251928
208548
287031
302234
137436
379213
241354
375814
221215
137168
369479
275267
164315
266962
435341
265125
208724
360524
250882
297471
293817
411326
321718
172709
168586
133788
365762
314185
188752
234785
108410
281034
136547
276954
359252
125289
317892
365395
172296
302823
326167
111246
229057
375721
139586
317264
180528
288317
416113
164622
313475
425648
382085
275387
207469
276125
387677
433248
197011
105729
209304
317961
371282
317440
243020
114318
199872
430505
307219
161571
285163
418571
446041
196846
272323
370799
339568
363918
387749
101662
134410
254236
315102
208693
156765
203877
146240
251175
350416
137303
372897
275530
425780
101341
382101
119537
268523
155212
394454
219600
346899
359767
344893
296245
168658
418480
309268
247270
392968
370605
141429
321024
251559
200449
238839
374263
412446
454297
400743
321089
377301
212505
286872
362636
268959
176666
300082
160242
437021
342035
319808
437774
254839
130867
306997
366474
317872
192205
417063
243971
238006
394637
140659
203117
241044
321917
232295
104845
160657
125305
392886
257452
397683
155618
327491
101797
303676
415447
258145
444793
402716
318973
345591
238628
167571
448482
400039
409851
255113
356021
293771
131309
124301
110291
311079
243009
398476
425170
146775
406662
367597
219048
318241
389906
400312
100160
366242
336803
160112
298719
356424
264140
321241
179794
114993
421711
244940
383519
118333
126904
409825
434359
235158
158591
210094
436752
413533
153534
126958
245027
184559
116951
392618
107889
331744
289397
144094
147226
322814
330109
212118
214126
430910
115289
442887
386930
122596
371112
108530
144433
438845
390643
302516
292075
299844
371559
443786
235849
412731
337638
249281
136110
386979
123661
271498
414768
194481
285149
306954
431774
408147
308570
299408
323943
428848
315317
213187
105725
246733
427840
378737
293362
290755
401765
192385
372701
408577
224411
138155
108108
281583
441581
289916
451495
430041
340861
358249
200696
113103
402763
383092
207614
255292
422155
428346
343452
155199
204029
246852
338305
386997
391202
248759
330333
312753
419200
377907
102586
249949
119796
158192
142830
220251
241794
330460
147716
180956
165413
396508
329591
285046
113092
142996
220007
259700
304488
160704
191164
394038
391876
103740
173638
359918
430569
278433
310621
189558
107440
263639
448934
446938
121270
159557
151613
273108
113273
140148
195976
112424
115589
227365
250413
379152
276667
271059
219560
218874
339885
126183
262155
185094
323500
214040
430051
333552
250992
120317
370339
246424
123320
412782
262782
187089
315187
325035
215839
279888
394737
107466
268522
136437
156495
395691
415201
262130
133644
118441
283095
391627
410105
385097
335086
278998
182582
261522
197326
320029
425686
167188
263928
342961
224787
142891
258678
239633
356019
326441
414580
249115
354557
217557
191176
256233
187616
204650
315650
392361
386257
409405
453026
164172
154330
322668
343437
237270
173425
116432
276178
352262
402881
281458
103693
373822
196480
238843
440948
363588
101684
171575
405812
206816
320100
293859
264850
424829
178222
163768
420938
330084
205779
369865
174964
177663
229936
341327
206159
305386
369093
313241
317301
452442
300692
424652
417042
438318
398809
288970
185899
331367
247767
178418
353116
352832
213672
206841
223523
103412
134966
449787
345258
208799
422933
311345
410052
298634
254022
412190
304096
169790
232618
258709
195728
392284
326724
423202
279490
290815
304401
253685
191369
375407
236699
419496
378284
320337
332451
385852
157320
433676
407777
115644
255428
351663
269545
396002
324121
327505
219860
360938
435188
220761
196300
240798
362927
227147
165559
333391
137763
344547
178895
177086
339402
147368
273065
183807
144680
293281
404536
133257
170318
398062
391761
451297
349307
257396
383379
441231
324663
383917
415353
105526
198864
321767
388752
348459
452121
302106
247045
245146
437197
149390
162492
179991
272397
357894
150251
346056
367305
220117
321698
229566
363710
442957
366433
408536
104124
166375
369399
254752
278099
398205
333153
168494
447820
350098
330560
167959
152751
222095
197583
447269
340169
366449
193758
389451
105756
408953
346831
217712
347796
162937
316045
332933
385077
404447
442208
230952
256252
376403
243366
223247
373990
432665
422869
127610
340601
257552
155936
291639
190788
323221
318091
263316
319506
223125
275718
410611
417667
131082
302471
230564
227206
229871
288912
333484
238324
406124
451306
408718
320603
130155
191611
293945
451177
253988
250461
157986
260035
164602
408498
331776
146783
440370
251430
320102
404349
262729
433786
291350
216478
410802
136361
286040
237622
153939
308695
322466
223387
261208
419823
302126
127170
106748
429395
379477
233182
454425
109183
379001
113910
187487
176381
147516
249882
263032
337824
268083
395466
276196
413825
147034
124047
211932
439355
122592
386678
309687
285255
350617
109398
371310
323702
258809
218682
316198
394074
388073
310664
162518
190118
166538
202053
443422
246169
117869
142973
353780
226093
354049
240112
198252
425351
243326
416413
378256
121998
294892
391185
301495
452886
455380
250865
141337
310815
217126
134022
296722
282901
210166
121002
166189
275018
366014
283739
220112
234040
433693
356238
204658
341643
142942
301590
338081
213558
312367
114701
189690
182713
140407
139790
214417
408500
356582
446282
261414
159479
199677
386321
229010
232138
152617
290060
426395
428852
434761
358463
133619
332906
403105
448120
204378
163338
260357
217042
183250
345113
440099
325246
271204
286878
425718
391219
104144
319976
258848
455459
136638
257319
355582
406642
377266
264853
238044
443516
204495
317329
215778
321830
287770
426580
329435
202802
118679
139625
224594
215212
195301
199901
107958
209460
296298
335260
232468
116688
380795
205782
407820
373346
223274
190251
336379
372221
169431
135341
409407
372057
340646
277395
190969
113443
146750
289950
191229
309767
380645
289359
232617
124419
120795
289383
162224
238562
401887
120937
363502
404698
198005
213895
222688
344600
434857
282163
297946
239297
428138
361159
388967
165361
170520
223881
223265
385881
282320
153917
444806
423646
353304
236387
207845
275863
167185
147553
448756
388876
153516
232384
133383
436616
314122
356738
307616
368947
282700
176048
148822
150528
454582
300896
426636
104338
385498
270617
221238
273158
114045
382116
237763
311585
183962
290373
420317
102360
307978
140260
261336
239002
317202
433919
350758
327388
193534
429053
396551
260232
207743
205615
137249
385256
400906
374135
315805
335455
428744
183780
246031
263615
127574
173849
168367
149505
407140
334910
306898
171590
170381
235973
422028
126609
211619
291935
338434
103769
336064
118663
368563
314163
102279
235866
455707
434706
270197
176930
323198
100392
194825
156379
174166
414065
206948
209025
196721
425915
329498
354721
184132
266226
143895
187160
116876
115743
185102
291226
431936
404589
327228
200153
337585
192060
240370
431656
267001
435178
347886
306537
284450
355508
135320
383163
409720
147879
151211
230554
344266
140423
233754
276583
184970
289050
122186
324134
369397
263412
343082
429279
448705
301074
140410
355713
204706
163347
197164
444022
330422
253097
354040
276616
444642
388368
159868
120987
308593
312831
313561
306352
215697
375159
286216
171012
106771
358332
391328
373802
381292
384097
231195
370558
246789
419442
418469
419037
266944
119558
219479
383779
388337
357659
303291
284912
442623
245868
312380
314517
145516
292848
155844
189871
114118
203990
254281
327079
194446
319205
124537
348129
357099
239500
106912
384819
289021
150934
385396
154663
449830
420459
144596
293178
432159
421655
315718
349130
182403
167443
442990
333126
404843
392045
112129
290435
125404
304190
185035
341725
113237
205124
113750
288733
320519
160965
321295
346643
191618
119876
168211
259034
402101
375732
161405
254864
329192
227551
328740
309444
137416
239419
127796
173198
293024
432423
183011
313286
355118
218790
412378
300415
127512
115689
285027
392108
234080
277714
425879
363011
301282
170518
226607
455656
176224
326139
274246
450782
388942
213678
432439
411129
416409
383389
258071
394604
395293
164773
284836
229355
447397
200209
166915
210949
269632
252498
288232
404252
422459
174558
217311
362520
308288
366799
341770
141757
374402
275552
200772
203202
424055
261253
250369
203156
441062
186184
298469
279229
110675
422247
155091
146518
288347
356839
179228
365017
179359
368833
442572
141216
236366
309413
316841
100455
266357
376638
418802
387742
266058
285243
114865
202853
398075
116895
437833
445253
319947
186821
132516
411311
262289
131232
335038
166522
310174
429900
200845
100227
171758
452960
229754
229915
354845
294226
350269
426746
242123
383565
123623
277557
297090
419972
175941
101671
354236
428715
441950
295439
373317
184973
121434
103365
397557
238621
271770
293188
294444
170609
269080
259005
367002
245149
145431
392278
116507
440898
234868
225828
292977
116130
213180
154885
204385
120625
113172
291976
121643
328848
153351
413568
108918
342044
452363
194821
431097
293647
352242
453307
441430
444212
100966
403068
412067
103140
247641
120344
426560
142734
289233
342972
258594
450430
393039
290930
247364
385985
375573
272458
196055
426456
418911
256142
181995
267186
173479
302161
121063
408087
207572
250869
236174
319373
375955
374862
368752
432125
451927
153726
285911
356237
281095
274696
283755
425741
194409
219060
259506
155918
285869
366343
406767
455775
435361
287160
221118
197006
223266
454685
161970
454630
389586
208287
293292
201860
197696
338533
347688
193638
236938
453487
352196
437119
218979
147189
405790
361303
241290
288880
181482
382687
389683
361412
207584
300388
346232
189810
384799
341143
122093
420185
269678
451611
381035
424027
125263
105698
391829
423573
335603
262804
394167
333781
246201
354951
411117
190079
178917
132556
168617
374078
276072
187176
224579
306164
143247
441096
368328
220258
223665
342428
145081
305370
438462
298265
338109
165902
265182
372782
215893
196438
237924
119538
241500
104928
209228
455182
156296
431516
443676
322034
280306
239974
384522
336890
207657
138635
372577
301967
447284
111374
107171
404384
128797
253927
372588
124627
449987
244988
141583
267232
174963
358872
165409
433023
416583
420142
196482
270701
131724
141850
275833
384893
416499
382337
228739
157990
243856
380306
400531
319831
428547
170015
424810
185065
408945
195827
270541
333467
423590
280150
325468
414633
202570
258330
293856
263057
101162
421580
330802
307188
231941
441238
390813
406248
295350
156401
205422
337993
336294
389429
218417
341213
387023
232927
435065
126176
441144
112825
350777
245782
280246
264713
254550
364293
347871
127666
234466
159575
177895
446202
140360
107448
334297
264443
387060
278126
155095
109109
349631
361029
245399
389974
222608
307435
213539
146269
177083
259595
421426
284286
279920
326185
427265
424485
290397
215582
204452
454654
203116
243308
234111
344878
359339
381122
135732
229226
346578
417468
130522
277864
167216
388912
350530
256692
154381
229681
187841
216005
395163
401374
101104
395851
434700
390641
376133
407805
140835
124856
203535
163471
266450
315379
370623
275490
438842
429237
186003
140599
249501
200414
447974
273706
339104
249591
213105
363486
186357
187886
195213
176099
124025
164872
359164
188467
325877
196556
309973
213083
237719
208709
351684
211622
239391
258061
426623
218001
391625
287773
337860
433369
289557
138683
382889
420329
218732
336646
218460
381888
452084
407889
188784
334302
228687
318562
154545
336696
446105
304845
119254
367314
189680
185431
151602
275421
191800
105429
114619
316630
206305
103707
442868
390475
114969
169200
359407
176127
303203
120490
225143
311913
122940
142192
358057
387170
420677
313168
257831
329791
148856
226776
127240
244603
370209
323812
447995
112894
337251
259167
309186
177500
105751
242875
240083
405479
452375
311568
222585
451453
120687
351929
374091
179672
455621
261160
203121
162405
379149
223115
169879
100424
252008
311596
125259
112133
439576
299003
383872
271580
133395
426491
173945
413105
268423
384317
388823
160304
264330
371478
368426
165008
282599
379283
236240
154458
338433
281190
142322
323487
306249
234321
300521
107022
380565
123293
342355
254989
268916
144066
108828
451375
129667
216164
137121
353060
425204
286709
130566
186760
128548
374259
142094
309288
384000
332685
201126
290897
107949
303338
137500
438274
128693
419101
343032
351995
426577
287071
200465
158309
295285
323075
430628
157034
256593
412357
420124
208528
126304
202282
313450
216481
169913
213930
396156
112629
166793
135609
114330
442551
261347
266164
404499
226488
294805
232030
177098
413448
297031
440938
370944
114331
149999
215223
289404
197864
245613
312548
119825
262634
282780
337844
301672
364997
269734
327464
210042
365610
380074
344837
177549
351066
229717
353777
252914
431620
350930
397243
179074
345698
425040
151257
103550
294620
414678
384953
198778
326651
353196
293634
394197
253839
235150
230248
144708
264910
316426
131067
425484
177336
356949
167661
365674
322050
406589
373137
179450
351521
317698
138779
126073
271588
423449
245513
359465
132514
270858
455454
417682
239451
310922
327614
258053
130359
408923
195619
298490
294385
308201
429765
334739
319104
358175
162488
166015
157424
401211
306343
312766
443301
196916
325403
318538
226755
272958
278399
253855
276689
415941
139528
104580
283700
354450
386733
364323
286536
205889
102526
223252
157094
158175
451591
365964
249483
169044
455743
409554
347363
261353
213221
162795
130431
170087
360494
297182
366185
302521
327065
373755
114693
213807
141706
175434
106606
252185
289043
368199
238341
102508
455210
174187
160378
245223
388885
302719
199684
214784
129984
184768
115161
161307
404519
350105
195678
437760
337240
372509
205598
239187
203952
221533
181407
364756
243945
131086
311504
136943
204173
206165
364719
291258
115979
221709
165875
186959
377253
452238
356210
221875
118567
192135
453167
117556
179593
322184
161614
189976
346474
365753
184702
297983
332951
200807
403867
424649
168464
419782
294893
336914
444889
346801
374928
430553
320523
255102
273147
344471
335567
101828
140717
452979
189593
389945
182188
220148
445262
105752
147326
162774
237636
333936
157319
161326
118571
334941
369270
219041
437601
167200
244524
440785
230562
418932
252789
157632
187132
338257
281132
368304
366461
253941
128396
210981
428505
344177
260943
333627
154263
378297
150797
367771
200107
114874
179913
372351
280370
132705
241561
432536
171323
277119
355961
112266
357846
372696
149651
117777
304492
398385
364093
346116
135702
176097
353530
409270
354744
173963
365959
136027
444323
231016
238731
356396
301238
150348
107292
260775
211345
284832
367743
298042
207344
305902
254349
300807
114552
330622
236353
319902
329943
339620
213695
406855
193744
289032
117993
135613
452392
277800
104875
239360
158999
277406
293585
209667
344854
283506
115008
133558
341303
299609
178270
113457
299639
404425
206825
334274
210856
421785
328020
438917
419809
421414
162285
320928
408816
315475
147821
208926
401317
297756
146675
372300
264006
385934
296474
276215
435458
163757
227781
117016
176308
369861
214361
429375
250628
123996
233269
445220
111892
415219
381433
283803
346921
374215
378038
238459
445342
191928
423674
346872
348841
410227
279474
173179
191906
329019
115883
313527
277238
144772
128501
158278
455225
455570
123957
198674
330477
358861
409951
195483
125034
438245
337796
434271
332472
117295
251907
401905
205027
250345
327033
211724
188879
374198
295591
354069
250534
390714
412249
417573
421772
399161
105065
126230
324999
342922
193631
146989
347560
299928
374490
416330
396217
347619
372417
390572
204302
396191
394152
270769
303811
378369
382262
136639
313466
233026
289597
207340
163000
297903
343895
285986
325087
408415
297936
384666
288406
113596
180791
394362
174335
206502
304069
121999
349524
425198
349000
223092
378764
395966
402307
202147
406787
156373
381845
433258
214827
398258
109394
368008
441038
187233
163942
336923
161911
224460
180421
226573
216722
281622
377300
183899
271133
197698
275657
111528
101462
148331
396062
170914
354275
299097
285156
212686
147095
351019
171334
389558
222206
192229
419965
410665
247667
110498
180957
378616
382761
388798
336298
252645
316486
349776
141135
219705
190071
391093
337184
264386
285891
410947
119986
139509
366287
103632
251708
339215
424668
381416
316795
324861
249099
133885
393123
325305
132237
272872
295305
239205
347070
402914
436453
226016
367100
371970
129278
137184
107771
289868
320242
211352
164088
168544
130979
441361
156000
448793
265811
390200
135981
133463
253212
386683
309219
231012
118857
345998
108771
166477
395681
284825
191585
115824
285543
137836
399875
233067
188382
203516
322157
241682
450288
337095
220987
317968
371644
200248
396228
398928
244625
277353
260441
408801
266691
171844
138254
303915
139799
178071
147798
293457
307116
372231
106887
103391
269252
169018
255757
246542
352843
452769
399634
100818
303974
438930
355010
380102
325788
269608
279432
449010
318611
255537
305217
166209
306635
209034
451252
349148
271844
442490
220445
317408
197805
184746
430898
178047
145926
140285
438916
397001
318441
172492
175681
106476
303987
138809
199720
413830
334562
126503
415301
265132
264356
179885
166220
166222
343989
125693
341800
431797
402425
192136
121051
306685
200906
187433
383277
170712
193639
287262
206044
225208
429935
114497
168821
144261
416437
287022
213245
186547
146998
235665
207646
381529
221776
313282
408230
234487
450337
250651
264843
259417
169803
304890
380978
140051
373024
404902
221819
275725
346125
296481
234858
119460
378439
392053
417327
450905
136318
181496
355267
182314
374383
171398
376785
134793
359255
156571
303674
174205
257561
329572
379771
343896
262394
203931
406945
261125
186549
431945
178103
405214
218641
310333
175611
249814
322312
423480
405091
301006
269752
219088
335435
372072
306743
282575
271426
272731
280043
445121
171865
348928
145807
221715
388422
398952
359832
365458
335862
288532
391942
444326
189948
100406
172838
417092
167280
177020
198727
448534
244507
178394
349190
245213
427168
132151
419766
176401
212954
171867
443907
221532
392755
318077
208626
147950
310617
446203
205950
351119
289904
390818
425120
273312
267680
354789
424884
384579
419751
429231
374570
436296
128172
257507
433747
356349
370610
150969
358171
124146
262408
399303
249227
343127
357924
425347
385763
162742
344992
251749
286982
147036
112909
228623
118394
215506
295489
433696
346499
312496
110453
381004
126034
171199
423025
142212
279623
144392
106098
147190
345566
383544
133364
269448
259374
118455
214601
252015
377007
356239
387204
296345
256615
123214
282755
211322
121815
379969
399863
352862
442852
193341
204915
311953
212378
159323
187736
162808
115816
182685
330967
159463
380183
426299
203360
307770
412272
377514
295060
160316
123618
260109
282371
300907
213413
150443
421937
360188
385035
279452
456242
228272
382934
333050
435877
165889
423764
399948
346752
266427
300785
245003
212966
166337
403356
185279
366109
197943
243712
391260
354408
368294
324158
231888
108166
162388
406834
317229
247512
195283
367974
230340
260328
282405
354730
316408
243220
358027
403468
115994
339024
224550
201466
288507
284608
368779
217266
154485
201171
341715
171605
325278
230151
455299
306418
137562
245865
336160
173612
304841
364939
252933
327477
442728
188760
281992
148081
222612
215381
449157
306427
411708
454773
182273
411376
234630
294794
439926
382186
211700
175725
347232
204909
129360
189771
156636
107203
420191
242746
153192
178800
337278
449295
221314
376599
346223
180651
149615
197089
359528
327011
442380
276015
440922
150103
223818
288559
175031
223391
193500
191975
405978
338157
179852
245696
356834
417668
357058
177100
218985
137478
264847
213898
175373
272919
225513
186089
267759
322058
179570
362161
450852
208847
281670
444029
365526
115840
344298
192937
304214
249081
272056
181642
347776
387939
341956
252155
418855
220084
253291
437194
358521
216486
381771
252967
362442
416712
388411
289058
302484
426922
446456
134188
238399
352577
254682
339283
293946
239289
138097
245769
411568
365542
171251
272755
284566
162057
161004
305585
247676
406669
204125
239900
180225
427854
447438
236913
442694
393105
291083
445677
195170
113415
266687
391243
311720
438277
413792
331202
144303
204995
140650
190280
144424
173625
245384
398826
208912
324990
128363
221872
439314
287081
421981
387133
167710
384214
184306
373853
429203
335182
316094
148262
233484
403448
202332
279225
207203
103970
441664
432459
366499
158085
434663
357643
119216
352110
188572
447483
408382
432925
182522
451922
260427
228175
425887
289791
252530
373888
283460
415608
332788
152339
317555
425256
313599
173908
270582
226478
349122
260730
361512
407852
154528
209218
271540
286702
432173
420665
351029
301298
241289
295349
435659
128092
446866
419398
428535
225356
188799
121709
204217
372814
184358
157870
225981
160072
389913
388153
409678
273558
236032
377283
116531
393495
298461
367773
296484
436025
168865
422411
313150
396537
412172
133457
115366
157142
238851
369933
382360
164867
413890
365355
119905
378736
446927
242620
175393
270404
239325
329227
240217
213754
328331
235731
103990
259976
288613
257764
437217
371895
224128
196853
154989
422709
364351
134007
164935
298112
345523
321023
438018
105198
218379
217276
282294
314609
200472
140953
123188
346685
124540
403786
415422
416285
111278
405210
116004
416518
444600
222735
237148
384611
277233
213887
405594
402394
238801
367870
340085
417582
116694
429615
143331
253180
235190
376389
213057
197927
366070
198305
363882
156024
262780
349926
287384
271932
373444
152104
268344
410688
426458
361141
215710
421142
107392
145340
376324
167457
127445
349395
332120
445388
313554
319379
151831
274096
178072
141077
229648
396983
184933
434513
251317
110022
333150
163363
348311
230773
251622
443980
411040
263422
230065
349754
192400
219836
326168
322762
445572
122498
158272
393109
172503
146892
368626
438445
146716
332324
157214
143097
142892
336485
348817
452527
122968
211662
203613
376662
251204
125964
428974
281901
154511
103751
395370
186329
402048
156978
305197
312888
223366
231826
307386
195045
178743
152550
211870
134600
289749
432954
239491
377413
423836
146447
266286
240538
341517
110023
108961
272951
232825
274085
288293
362728
358976
183005
247113
411543
111009
164660
252945
419876
147055
225259
449017
200196
106142
200542
249091
171727
264940
342988
259631
243080
386760
348393
427183
431786
326225
239408
257493
146035
322071
286270
433630
281890
428454
118729
405404
135084
427365
265670
194328
110890
310701
400447
333176
377848
180526
409935
119476
380208
218267
164579
445636
130987
308478
197783
193376
421051
339476
306851
119215
262931
454955
365404
337906
292127
120084
394468
157064
184585
344073
267109
253194
268923
255014
166471
443732
147603
135741
384023
332619
254255
209825
250538
215429
186818
194109
275228
117086
428768
209323
388499
159069
430159
412263
300558
442286
291992
345961
117766
356454
398523
351874
363552
252453
362919
259265
200349
371101
381794
347025
327897
241158
448200
284998
283474
146665
108751
431403
452870
347178
347896
371036
292904
453650
388969
277759
450989
367155
253061
208405
277462
319110
308994
153723
252062
311664
173254
139675
398508
333423
256570
287145
139736
401947
360908
253574
375100
281797
252901
369100
333866
286607
236675
303957
128240
292884
145373
176220
448803
396838
189267
427441
308219
432104
449645
264167
386866
393608
357213
245188
395486
203636
378226
273105
271944
383146
139851
317481
322882
302871
281074
215133
200123
312233
200317
339046
277817
428458
126705
405539
399249
319539
369878
356416
331441
351553
201432
179800
144838
143078
407451
295252
329039
117569
223982
357987
445201
305588
175413
378399
255028
289134
428929
114771
313215
175040
103897
353939
242481
218213
380042
401449
138027
176617
260754
104283
437747
349852
352740
444310
213952
268957
261247
361025
104449
145291
306387
447664
161385
277285
353080
224471
230785
369405
440023
382598
151739
177957
115995
232623
108871
303580
455569
424939
103363
234616
133421
281959
146150
190996
447550
395172
126927
180708
410578
418567
264336
229454
388620
187138
253456
258008
323302
183894
209477
246037
432916
250842
199312
308546
338714
444809
223921
396106
359277
319739
421402
211133
177152
307417
286749
161542
263685
357772
116559
401596
342514
112527
446951
199765
389757
335199
328411
122713
117037
278853
336602
333934
137734
155427
185967
434803
223913
181447
407385
340191
265258
295482
162390
323079
194138
409116
120986
124090
301542
298164
185957
363268
232959
387659
172120
420679
278719
148561
131624
161665
385945
266974
101817
140868
142264
283241
355828
231442
139914
315495
245469
118761
131406
401231
235965
408762
418192
340142
154929
456151
194169
315005
115578
323771
249407
385594
314054
371941
119892
149804
391467
211627
176600
369332
389677
423096
156640
418263
450563
134320
379792
426906
363697
225789
181816
387126
442301
322283
119886
322909
367778
428625
114830
126417
172727
348140
142743
191404
137724
260503
307968
346800
243487
316193
190494
160229
144223
200389
269431
255088
192372
355399
120528
225064
195895
451056
215055
129047
421294
303052
306423
252105
183295
411389
210276
436744
268408
375803
162271
139855
433603
232447
332925
394352
226852
246495
213098
228363
339091
175278
170576
104707
337537
405375
208128
408190
395300
222587
433316
353382
146343
362069
122897
115951
325166
189081
162735
117945
121830
150872
433209
113444
325016
379594
430261
413071
407103
215842
176112
384182
417740
383878
269763
289328
333897
284053
345782
383794
158418
231739
209348
317988
144362
331429
220174
223842
162310
170690
357975
104925
439888
164115
104008
106677
262529
351662
371733
398026
276769
131265
197414
307295
111130
268576
226707
373696
269982
157156
126085
117862
250139
146626
393465
434976
376849
305564
303383
316208
361240
189702
340445
416543
269520
195846
160363
204659
296705
318954
264512
369073
187342
335639
115817
151325
174318
239861
359068
102494
248388
378430
158797
103681
149683
157022
275758
382529
217257
413701
203294
451400
295127
306789
227494
233974
255094
205650
299114
304941
301322
420804
297251
383011
342804
264556
128461
350579
357684
324217
423936
350681
163831
245803
413056
214917
349426
394397
308580
387756
206488
133052
148529
351160
157921
411385
236486
367685
171040
319944
276815
267196
177211
386972
178660
245083
436546
280258
288009
316944
172502
336029
258601
237313
180015
414442
159332
377145
105058
247252
387888
180466
331493
257884
367953
160618
119622
449778
229620
358069
304831
195861
442024
156985
165678
399809
377563
274187
362217
229901
164214
274874
433839
421819
273397
418123
249696
104817
143011
252692
425693
167863
304075
279421
150248
351144
400021
239299
254011
446630
263156
406299
257800
254409
111131
240179
203907
146139
173234
380820
148408
324856
171675
113469
372086
263817
303160
222384
279646
194509
400013
155745
228525
233756
287784
351752
147300
135167
398302
354353
250898
332773
161490
180356
202569
276523
317935
239450
264623
160380
149339
377273
332929
105001
160533
303839
192827
103997
349420
269288
455309
390106
103863
130585
433938
261650
195258
353338
395253
115390
373775
270346
141191
375047
213893
116300
148809
316742
110086
109235
376240
238482
118008
218556
346310
105637
217539
309937
230821
121652
270673
247985
227261
105821
182420
308296
412972
119475
288629
358004
287470
404892
376466
334031
330137
324188
337107
133072
454850
396371
249340
112187
228678
279099
358586
139953
177142
306065
307184
340956
287659
309085
198446
450806
265417
315948
111748
129208
237204
321374
245905
247727
236550
386060
230036
265084
305705
319380
313002
221147
156357
325847
324936
212985
100390
186464
406220
167725
223707
171756
339217
251125
180717
265152
272281
150067
342315
199554
206192
179680
335456
389401
184672
131674
380576
220219
441012
207228
321418
161688
275197
197877
324036
427911
233136
200165
216015
413938
289446
374056
275819
405287
394955
127971
401562
331230
260317
326689
319884
353171
329404
218588
230156
256017
133505
424689
356267
191610
240628
381609
245976
287720
295492
361009
246107
374603
394327
270217
395734
366199
149256
308490
417777
291205
162965
197517
321115
185058
365961
285650
277769
209462
265762
371658
415590
357060
102907
381699
421877
376016
318308
295297
201027
412198
226714
195642
321022
210994
445599
210925
103610
450413
266898
336050
380442
319520
216448
220792
151425
444679
381175
109480
172739
301031
110700
163430
197223
154912
409726
276738
216944
229501
345829
250383
246255
193943
334741
159495
355276
455047
298023
330660
288392
134715
276908
286693
248502
100560
167417
213738
430462
376901
433502
311517
177879
426681
100683
441560
365028
191634
220052
416907
321290
173464
455858
191948
397087
316796
426551
120976
265447
324179
419774
109671
240895
355691
255418
359031
356294
102189
144021
391675
349606
335010
294642
109334
387575
343347
418471
371872
449448
176944
143756
148501
230538
270907
164341
198900
351690
402395
194422
177167
228115
218045
102410
337921
153278
441915
416661
164111
165691
133778
167097
339636
129085
193715
316556
268837
406770
257879
401813
383019
348080
218408
336380
194351
320598
170306
223845
443006
240905
158011
282909
223480
310374
286361
118923
420037
419190
379583
448975
171635
140666
368978
220194
100516
402562
153463
360213
157505
390936
445597
356120
304843
226566
299706
302529
363581
100619
146935
450660
358461
330518
445951
144801
120560
425802
407789
439899
290356
201994
201352
441862
299347
409577
451047
120640
319381
317248
144088
423391
265742
299254
341311
340775
214156
453965
113937
187617
435853
120804
364834
433703
149383
303856
168488
163315
180110
214127
283359
448493
233288
197708
171428
352921
185887
124758
275698
158231
173591
184496
329707
125122
339531
377957
434113
127707
329104
373277
317679
273693
398985
327075
328654
104887
334116
131710
425420
235819
344925
255334
382134
159122
190819
277095
116239
391047
447386
154699
389538
426429
107217
429330
407110
325669
314392
314696
285345
236043
442608
343224
423292
293870
104256
403749
445046
286730
117879
259874
327012
379964
435186
303512
211396
371400
443740
360444
228748
199595
258665
404205
172698
351018
292179
272650
327382
157445
425719
242568
312026
184085
371779
436070
408698
337959
253598
149828
195266
422395
400946
376813
405854
377036
450014
235320
149299
226667
429357
206295
359689
439082
411394
128772
356378
452893
384745
202755
416778
109491
103445
192766
275754
177827
158259
320027
270012
364191
182418
261093
183809
153063
140229
275969
214124
240509
343850
233462
172365
132084
118501
155635
204733
225398
100499
290535
260231
331952
376787
451975
369613
441977
436929
412392
272879
135896
309433
233114
325655
128052
333489
370154
122003
430123
366651
201940
438070
132526
306080
189444
166028
318002
330689
158478
394792
384035
388467
126132
295574
391589
374415
211223
312258
181495
145108
427996
341430
255728
185906
138483
242588
244797
324945
446511
422946
233280
154439
187489
196939
368339
205996
311333
334181
392795
156836
146812
450001
298263
422435
323429
225847
216103
261642
453134
375728
275010
324794
158595
182526
383641
118749
362533
226756
302628
409669
410251
142839
215486
293017
111611
383688
223048
347906
439301
371958
239458
348109
318935
172160
379302
284777
136168
107887
372586
313183
416680
164952
156239
439088
314111
372079
355732
271735
119799
309395
223852
168936
127288
337243
122972
183929
109559
197936
143316
148353
131760
426589
386943
324782
427966
396115
338156
105986
183808
449151
445684
277878
425519
120087
350987
254759
250989
116250
154051
440079
241767
385709
312755
427762
418495
192871
250751
258164
428604
195812
161219
159649
197176
346305
110606
317288
103489
197325
370766
391002
382403
429778
414745
345075
207616
339057
278537
393935
330532
364458
340744
421183
394067
321730
151317
323885
416960
446280
364874
158945
167826
200928
276707
168931
259915
174374
224782
342293
225186
220706
131652
415853
216630
342342
230489
257819
411821
312721
424622
412200
120411
116387
402111
454364
443259
127506
119269
455784
414444
243486
174756
108925
253200
173163
174399
205362
243694
379416
393756
159513
431919
217619
318846
360038
389136
144267
341264
183028
376700
220201
431125
317703
373955
155559
383516
347488
201178
102039
272453
214996
119497
182598
192959
206053
227055
170596
259806
325539
108915
349318
379439
343853
234964
430821
206002
138484
350925
343530
140618
411000
277624
268939
214995
201339
263231
260088
426514
424054
342997
418196
361455
393445
347673
149039
131052
146141
218951
133716
346082
411353
380395
393082
141176
389834
225213
100907
101228
201846
412471
220303
139428
349558
115735
245856
376916
244339
213758
240479
188483
302122
257824
330081
199919
421750
181696
405094
349593
281988
404193
186373
389228
136040
391111
286407
258273
317395
142581
237982
278265
260115
297819
453980
325169
290615
285446
157184
308084
286007
418266
395183
449156
377530
250370
406811
177132
275508
446219
205149
114559
350055
280171
217380
399782
227838
157917
155290
336310
345314
403706
307941
353226
433052
365919
353193
226924
291619
400798
340024
385764
298934
245061
229217
286786
391302
322545
299672
385157
131934
378833
338061
121367
248506
194760
427366
108927
205765
211154
249985
142751
140873
216619
362676
393429
324447
164076
160492
232754
115247
398512
264074
136111
380420
319269
314233
365076
201493
247587
156499
229076
114507
295494
439878
203903
200921
131900
328131
194168
355401
322944
296422
183567
389559
317195
126588
371147
190256
201803
406445
323391
363471
353353
280878
210088
395602
243705
269461
127716
157650
438037
298393
295432
346512
319239
311332
129356
185619
261941
452227
110321
165457
431942
147812
428716
215674
388846
275728
447125
289442
118568
430131
124170
108770
355255
306982
357195
109356
102747
258799
114663
323755
283423
106815
213812
335737
270015
230499
275821
213881
403555
309979
388168
443333
438886
397889
368148
174846
324101
433191
310827
397598
426592
232395
191535
335385
306185
102965
151247
350308
136738
379024
244952
272704
403637
244917
357318
135405
273363
396791
162969
177012
229808
112685
336132
166101
272127
257031
357442
327935
201527
286349
249550
113666
199794
350736
210475
421705
177765
148028
315234
315334
387442
287062
225069
112087
234146
400515
323296
401495
251024
140495
146688
309228
278411
109224
143186
407793
219915
312111
134822
435442
236718
181218
227580
163309
242317
422239
347730
103866
147246
224502
312774
422563
168741
163242
292974
433003
339323
133960
285758
387190
194349
266318
198152
402678
192445
294009
207187
104459
297996
414983
356071
453834
314735
352612
201063
146762
237575
398341
317543
323327
365394
295065
238158
143513
318233
418976
439475
388339
230601
151767
272954
185819
342832
249092
228690
206974
391228
197286
238468
422790
440372
193473
282326
199489
101062
343389
192989
332346
416970
160516
275917
227924
351269
177063
234957
400140
152026
114535
435194
456134
190805
125470
352833
244886
435844
328665
260897
429474
332344
118486
266308
159195
403003
217099
423278
381110
439960
321593
436216
157853
131241
288294
310501
367099
431258
155815
183277
258628
180013
127287
373488
353495
282130
254564
299642
365635
246131
435195
188494
235063
185550
201743
139979
454646
264568
400986
311106
174625
191281
396290
142438
244310
361886
125319
252209
297816
238730
154703
409974
182914
332875
443696
221564
284783
142831
157114
138514
208599
447585
342959
274494
377523
238917
302493
239406
102943
234978
266789
327539
193939
405549
147705
232867
141166
109987
283129
353679
181700
255082
173287
124562
400265
387923
226115
313955
286751
114503
153660
108516
175641
418625
100831
233814
258544
409453
313994
424086
257534
170907
387499
129276
451157
271719
162301
166064
324525
409106
179024
252311
338312
405273
249239
310146
217664
329759
361619
420425
255556
258604
268627
449929
115328
425930
194693
426471
155370
199214
171979
178797
140591
432717
235789
190864
406438
399368
367816
149450
449173
343181
451434
398322
342844
170836
296622
307488
397756
130356
358933
217384
264622
208345
185046
137851
435200
139583
243598
438279
278439
146684
312705
357785
194763
258147
420048
163616
412964
313960
293835
381933
350940
377976
260747
317171
109216
271687
405473
303274
160880
210072
342909
206383
120835
354811
208429
378845
105478
442000
286227
313219
249121
439362
361004
405542
275132
312859
304389
361443
240648
306123
307237
443398
241661
143443
153947
357030
170220
291482
374706
429167
238494
110872
401468
317583
305264
126043
232884
165220
338236
309672
432674
336201
354713
133264
364153
144515
349162
400120
236025
361329
178971
450507
157073
319204
315209
197659
197139
144621
394367
163985
324236
108785
436700
192462
271311
248919
325990
403913
419302
390118
122287
355568
373340
295852
365857
205455
343013
402895
156280
282241
454942
368814
120445
208976
108949
111191
415198
228433
309273
159126
193532
348435
218184
244580
137421
417592
272349
415787
236247
336459
275626
179667
289892
414971
217448
254006
450362
222063
231711
148243
204172
190369
204295
254509
247528
290785
427492
311991
436269
365019
435850
285281
177221
172596
195310
303140
251835
420502
157670
365883
158964
133387
148055
265361
382201
178600
186816
450746
412697
266084
192813
317495
397157
421077
259829
177556
393288
110672
354967
317037
256349
136679
203473
141711
291681
335996
235669
340908
215053
162239
187252
385729
212809
342410
264730
204134
250476
158570
180921
361112
439842
222719
139399
403161
406036
444346
345824
332964
293071
297197
394709
158743
455738
436684
195628
377532
430457
281270
214134
389054
443954
431127
148182
429155
378205
373947
272724
221968
117855
400293
408063
435532
266405
203334
141806
317232
156143
281933
259142
363614
326152
178715
368051
221418
312329
245763
366377
418518
411917
303574
222628
148412
227497
387594
159801
407016
343550
154382
421110
281330
347089
120267
108797
311966
379710
130837
197688
353929
202708
332955
122364
306105
298503
236956
213259
141334
353958
368915
146568
172585
385731
270832
348104
415436
242808
229047
369053
154152
453622
106029
238370
448296
417922
145010
155601
133015
141257
216829
396669
437171
436939
360108
342242
123731
430901
186892
132308
102521
377051
406620
366658
365310
103160
176223
390012
408562
375679
225099
326151
318363
140811
184454
297355
333474
116063
217720
160159
204441
249754
325618
284725
450671
423920
416601
349539
173000
400288
319446
309323
331262
358261
211818
433667
224351
174476
240522
403745
406292
108404
321042
245539
166026
289705
208388
136284
358187
294260
156666
449350
331290
128561
283562
297818
185969
436860
204386
337020
385598
263719
426328
263713
257598
422598
357931
331296
140163
310273
432762
151431
194805
372330
381725
365720
163753
351156
307332
381943
424379
378231
345785
434794
211084
393524
344245
286289
198278
268361
205305
320714
111023
342632
212139
270672
425242
453060
400466
405175
182177
214718
448517
303185
175243
170417
202193
109274
400297
224489
181241
118038
303289
372096
375660
250666
378446
416625
341331
299369
402374
214605
247864
435831
106246
157334
127592
167988
178328
333761
230550
154344
343894
299373
419559
324037
158326
233903
278005
228510
120133
329774
146213
121315
372470
129210
407963
290239
110155
387078
289977
355635
421406
149408
349292
414776
427832
369437
320069
295994
257619
443493
204610
200607
139351
266980
150276
410986
439517
293757
282398
111632
316260
146132
415825
300390
377799
400753
228585
302188
434388
298416
147487
129599
291285
276937
260240
236316
423608
312403
197784
340690
285813
141221
361818
173627
130190
248569
381911
455993
113821
211951
222232
177949
404540
432784
289219
219557
356810
318211
192326
285619
346068
369395
239208
382725
189271
189003
315128
223827
415060
180324
277545
177994
265847
189724
194116
306766
440769
306887
455820
250333
325160
289620
193153
304772
401300
251319
183834
275711
333980
354051
255748
108888
386185
398686
297325
374663
327424
202650
188312
239114
190821
290604
301022
347497
195493
406493
189057
451217
303107
271335
131051
168259
120685
380459
437466
423599
430605
343796
223872
332013
385803
288744
313623
198129
175141
165512
229957
422684
247585
407153
299591
265127
282672
316219
150701
417470
400922
269600
425568
450546
165595
294761
157984
421364
400222
333562
243883
112220
303693
173991
246128
132249
295302
123776
265308
448552
178249
158496
338796
406847
414125
277841
153622
295882
333296
387116
324306
258121
215592
409706
356500
203050
266709
328466
304900
232406
378609
429111
157017
456077
249766
150375
347235
316965
257207
109068
324046
117965
397404
118573
310947
436997
259533
319369
440419
437346
316398
384936
144997
199373
324428
201305
191633
364833
411340
357452
261350
106003
241787
128110
172964
401371
109575
315142
228195
363692
110422
352505
426486
188143
142492
266608
355733
307431
268425
330527
128206
387670
167945
136693
355661
144221
271536
290051
373771
450754
235145
149259
296351
174406
179271
224173
212321
263168
171347
283826
434536
207760
417178
451793
194530
345752
366246
121193
135222
246163
337728
180104
435847
110152
220368
189265
402190
234449
109935
381132
187134
348486
100315
399314
210027
352305
329486
218553
453828
111591
206960
242700
155430
135869
148708
233387
443668
332368
448196
247899
384817
225896
389611
278105
321712
126441
328773
263386
356769
427560
376475
355289
413969
127254
357027
315353
443180
104115
109302
206755
101489
316196
247573
120719
293280
199459
117290
368499
266772
191368
289029
245051
333492
304818
411281
294014
162707
302789
378012
190023
381884
118329
186193
281600
228828
261114
155957
376954
144562
174746
455737
131511
362050
194335
344792
422422
103922
398747
278441
323159
180837
336429
207668
160559
147379
442725
442130
103587
436331
241134
232936
201917
226736
208565
415582
171066
211061
189046
297254
414406
313853
188517
108508
403175
413569
244264
436271
172840
427297
208115
339854
266036
225288
100728
317128
132631
144101
272098
446705
262294
354594
162897
299473
253452
413226
269496
224052
228542
310156
238081
388345
232762
262890
255193
329663
189636
123603
448156
270437
157325
277000
419232
154626
238296
293787
299713
322698
289555
368165
143307
197018
369505
127552
279538
456135
384894
325440
286070
430935
396050
403429
101542
353581
360720
312250
249884
317108
219663
437568
157250
160787
116439
385651
401994
307559
417239
306028
147970
361078
300568
321371
102626
309128
104240
439650
391895
237536
131371
311038
182132
313694
274486
218299
173678
336875
176707
374396
213175
223084
272506
321002
377742
332189
246016
108158
205667
360639
348701
199555
347640
353191
159038
432074
433401
144672
291148
206376
406533
284139
435625
213981
290878
298726
287999
115939
182482
351022
165303
181948
157009
427872
282416
452206
455131
273911
392902
217079
142696
275743
409062
390502
249964
426987
292994
399587
148280
357042
178161
241795
224835
203649
449054
349498
354259
140193
311097
242545
383712
213560
228561
242437
273971
183192
285146
319599
150682
202663
370871
281596
335481
185217
188489
167082
438347
368045
132518
378606
227984
239545
384845
429635
206525
249204
250801
343131
346537
138210
442077
419458
313601
431802
218642
135831
229110
326073
454018
303440
309117
228057
197474
331557
107282
382415
391029
298868
400397
134204
332430
138188
274128
139424
300127
375466
253062
388423
126835
338956
378699
300031
419136
426200
170067
413388
311479
416259
377385
311217
201406
232427
271024
225632
310896
327212
135308
290181
260397
403480
184719
360958
361671
418569
211858
328468
407734
178474
145718
137716
304315
379541
188408
260581
432856
237088
265163
405067
440371
221594
442304
316834
228031
422739
310235
436317
118551
293929
353430
314039
196177
156260
238900
415269
152114
396581
373470
304579
152844
421354
186698
171208
218547
264959
272162
265226
227296
208895
216898
420605
103209
216610
160260
351083
219615
104208
321748
186645
393707
279570
131238
209062
253195
374925
156552
250995
444922
388808
367703
364070
342152
132840
233769
340560
297142
213309
253404
450153
438079
347375
400143
222011
184713
341511
249440
279848
198489
418910
346266
316558
328279
128014
105972
344637
379418
331155
179141
112518
169238
183938
188368
248864
112599
355969
442244
302079
187020
131339
448783
421841
349257
240210
115911
230851
260330
170062
132247
104600
262313
281407
261693
311034
303099
343529
340673
174041
344321
388971
289651
426708
378874
154624
131667
181858
447495
294732
209419
312170
335581
101250
133521
249102
189534
172194
329910
341299
450018
294986
204605
129784
219241
310183
205900
173614
397350
357394
347006
287170
380688
240706
451425
184724
334832
352726
363051
302656
274799
440919
213666
235419
228410
419056
335393
277616
118404
452755
253436
408160
164600
244369
355321
195535
155422
230767
249869
216959
156912
220391
375958
401143
218653
161153
422450
101604
178091
256521
427361
101227
147096
455199
350546
377256
454548
359414
185539
219256
188351
353415
250587
198362
107630
357494
448608
216503
127329
397933
384468
270772
276883
187332
197702
237718
322702
134806
303913
105545
138198
129552
246608
126297
328877
345576
275796
303863
378716
158704
132123
112633
235404
131414
184602
318312
256038
295365
202495
385641
447694
315576
185651
455325
348863
227849
287326
190936
142705
242187
319480
251915
415507
173787
360071
166628
319101
160391
166894
105723
308877
256839
352134
453536
288657
444339
237376
373644
104905
128981
125198
443209
247039
268665
145637
268575
162789
202749
277982
167435
339133
268188
144280
292502
291908
135509
236115
199245
272626
358566
165631
439802
328140
350483
213729
440639
300569
111686
431111
353234
384368
260827
395928
231652
274455
237890
442512
268133
306451
384852
309277
102389
236210
154908
283651
358814
202132
388036
257282
178437
415716
411553
140516
293476
258251
294516
436938
307756
453339
106415
413906
437056
249022
192459
174621
308077
421995
343826
330306
415250
375966
155092
411540
379349
233547
161720
171696
165974
348111
203911
191047
179911
111382
395329
131560
158358
113698
332432
113227
429106
404457
424574
145310
188616
439922
405998
377123
151553
355103
422297
130520
186381
173257
214328
429507
204680
446133
264561
156096
400504
171306
256522
438128
387533
359323
254847
154538
126934
349127
245417
125860
175920
250987
348757
206967
265445
415990
226657
163686
142116
456255
172280
148951
224659
383496
160005
203435
401460
358522
417011
171454
307664
306054
233258
148861
380254
215283
329492
148797
390163
456201
106483
269597
218470
277476
243405
140558
155885
129234
149638
165722
422237
223193
215841
368516
439283
220723
117729
171207
107504
317336
154094
183334
260718
145116
252759
280942
134190
242780
269929
416028
327591
355804
306520
151368
426938
305239
172654
212309
362060
103344
199500
220905
377745
294307
403513
110670
333221
426622
121457
141330
128174
446881
180133
426935
289348
173051
235070
107595
253480
403887
128128
155178
191930
433610
375427
160751
166223
201312
259171
352377
271749
415088
366097
287828
339309
293089
161123
182902
114412
248479
251610
103501
454632
183775
165370
199161
424388
277369
215389
114995
376567
214571
258122
274395
300036
276965
124967
107499
361389
344396
440989
101590
135805
417132
194107
261262
312343
238841
282829
110831
432044
105922
124056
341905
126491
314399
102937
404366
421042
139549
365816
352480
199273
245465
386453
289263
253649
130639
438179
302451
411595
432531
384566
321327
134848
439452
141451
243951
316272
166394
248818
398489
250034
248749
118320
360831
313770
440029
278042
128802
337478
390218
113511
118229
245419
237077
304135
223992
262192
448449
385748
175833
268723
278230
302769
341233
210068
255743
363305
394421
203504
358747
418391
395606
130643
157388
267172
331111
109198
253496
214880
113639
433110
382019
308073
438240
202711
232939
196933
385822
174157
212550
160493
146250
110785
353621
383625
235502
337801
334988
363767
148751
416836
333818
368900
202362
409336
187884
234275
181719
200500
141736
424017
390165
349659
219813
314984
318045
145046
251247
346434
352095
267498
314868
265479
438553
145776
187904
320091
209114
305093
250417
110885
396935
451523
258900
381262
453491
277093
247937
289139
227280
320942
146217
257756
341197
363430
401889
141142
390995
424535
272832
286323
373835
454384
240783
400756
246334
310596
424925
107396
330011
262738
405300
354471
263511
357028
163407
221232
441301
312492
274467
363083
265114
122933
102908
200804
168160
367517
351042
291940
245620
108580
178256
389752
342399
304191
124576
450168
137385
160473
269203
359491
242971
214673
236659
129170
386718
190487
411325
118680
213885
302652
326154
147866
453053
272745
183703
350561
439260
295072
406771
243107
214350
307907
314656
236368
292292
161377
239415
265648
372524
279589
217409
203983
121924
442782
117314
354082
306424
171954
224900
293360
435605
134836
447872
431696
232014
372327
119586
312182
218157
425284
432636
256619
382399
310506
413014
130247
114373
326936
119390
266237
162809
364100
384031
165096
425065
326927
327540
406745
435245
232136
392215
379743
246238
413621
102899
119435
137766
241840
110959
359317
184495
337687
155734
217212
132464
108709
243885
142146
258607
359129
275227
385375
265494
195661
318457
386541
366385
446793
399713
398980
108113
100731
240656
120412
316690
437707
355694
453512
318119
297228
348348
436905
248895
183798
234178
106640
167344
413861
334716
168843
335437
102972
401418
416786
110039
243911
309631
239583
227216
375036
342492
122915
260008
331266
103312
173155
222065
341979
110418
261030
376419
360391
359269
370502
138269
332488
224125
304947
158749
432825
358780
430101
345361
266971
126273
297059
138709
276017
290374
256120
129997
155881
353425
175071
389344
297857
154331
178877
198968
124932
446729
187823
442397
390618
184141
349534
246000
450622
395201
440742
366746
376696
188966
219044
416528
233915
105059
328841
356276
126909
382710
107831
273284
271247
334370
443831
288713
193973
366600
442806
210097
303852
137479
218346
265117
207658
278195
174900
406001
370200
427721
105855
364742
394044
400731
208343
109679
442239
198107
451139
322833
129836
420427
200146
376431
368101
272268
253174
152487
378547
107756
418165
434699
273085
327146
421639
435797
256212
453080
179428
390341
388231
144484
105951
398411
334361
348142
387187
366456
244247
275316
306704
125936
378655
142692
252950
340222
207220
408300
130493
180135
303275
117226
195388
421137
350725
218894
390223
160633
343543
403947
225652
215943
228850
279638
430036
100344
410695
111147
176133
187077
181210
127305
304346
271876
354853
446654
213828
166486
353126
121982
439895
149304
145126
369388
351047
274601
271972
105866
403088
212388
183198
289362
260813
279415
379579
177006
430670
323468
146321
419110
448154
203645
399523
114684
198016
236059
382637
451566
414220
380491
235996
101926
113646
214558
361840
114901
257489
347392
230911
348287
